guid,make,model,vehicle-type,seller-type,price,zip-code,fuel-type,mileage,year,distance,age,img-url
e0ced3c6-2517-43d0-9e46-894c08f32b36,mercedes-benz,c 220,c,d,13400,1000,d,94281,05-2014,69.17270624549755,3133,https://prod.pictures.autoscout24.net/listing-images/e0ced3c6-2517-43d0-9e46-894c08f32b36_915583cc-9b4a-4965-b1ba-97173b4ac080.jpg/480x360.jpg
a80473bb-7ac1-457e-86d2-2667df780e3b,mercedes-benz,c 200,c,d,12000,1000,d,111265,07-2011,69.17270624549755,4168,https://prod.pictures.autoscout24.net/listing-images/a80473bb-7ac1-457e-86d2-2667df780e3b_48515463-74aa-46c5-af1c-93cd136c48a2.jpg/480x360.jpg
dec0a178-2597-44aa-be88-3480bb24f59b,mercedes-benz,a 160,c,d,13999,3500,d,128644,03-2014,86.84432103923942,3194,https://prod.pictures.autoscout24.net/listing-images/dec0a178-2597-44aa-be88-3480bb24f59b_9ec85f2d-d7ee-4b30-a50b-2205df604689.jpg/480x360.jpg
7b9a48dd-a31f-4f0f-ad68-2ec5d6998659,mercedes-benz,a 180,c,d,13200,1000,d,118059,05-2014,69.17270624549755,3133,https://prod.pictures.autoscout24.net/listing-images/7b9a48dd-a31f-4f0f-ad68-2ec5d6998659_0d1392a4-3ad2-4210-9ba5-6797eb5570e6.jpg/480x360.jpg
6cd5cfec-5e12-4592-a570-69ed4c7801ab,mercedes-benz,b 180,c,d,13490,1000,d,92177,01-2013,69.17270624549755,3618,https://prod.pictures.autoscout24.net/listing-images/6cd5cfec-5e12-4592-a570-69ed4c7801ab_f10620d5-84a4-40cd-8825-1ed0be91fb7f.jpg/480x360.jpg
2412df9c-575b-42c1-a14d-f735a548e8fb,mercedes-benz,slk 200,c,d,7950,9250,b,124500,12-2000,48.29700857036449,8032,https://prod.pictures.autoscout24.net/listing-images/2412df9c-575b-42c1-a14d-f735a548e8fb_6bef0f2a-a61a-4f4c-b393-f68ce59a53aa.jpg/480x360.jpg
626017f8-a949-4ee2-b250-b99a91444022,mercedes-benz,citan,c,d,11790,1000,d,68898,01-2013,69.17270624549755,3618,https://prod.pictures.autoscout24.net/listing-images/626017f8-a949-4ee2-b250-b99a91444022_8f66ad9b-5d31-4b55-b462-a52edec52105.jpg/480x360.jpg
ed4ed359-3694-4d20-9593-8ce75a0600e9,mercedes-benz,e 220,c,d,2499,1651,d,450000,01-2004,78.98056604317188,6906,https://prod.pictures.autoscout24.net/listing-images/ed4ed359-3694-4d20-9593-8ce75a0600e9_b0e8358d-3b03-4e20-b53b-9698c35ab6b6.jpg/480x360.jpg
d23c23e1-b6b5-4a47-821c-d00ad58a8ce9,mercedes-benz,c 200,c,d,11990,4040,d,164000,12-2011,120.39133917274062,4015,https://prod.pictures.autoscout24.net/listing-images/d23c23e1-b6b5-4a47-821c-d00ad58a8ce9_633a0fb5-5175-4884-ae16-8c370aa1f666.jpg/480x360.jpg
6dcce5bd-03c7-435d-b109-33aebf278660,mercedes-benz,slk 250,c,d,14950,6180,d,253000,07-2013,111.8460773215552,3437,https://prod.pictures.autoscout24.net/listing-images/6dcce5bd-03c7-435d-b109-33aebf278660_7c443fe2-a4ea-4ae2-98e1-95a4a0f49f65.jpg/480x360.jpg
4a3e5114-687b-4ef5-9219-6c6a2f3087cd,mercedes-benz,citan,c,d,14995,8610,d,80533,04-2019,114.33371950925998,1337,https://prod.pictures.autoscout24.net/listing-images/4a3e5114-687b-4ef5-9219-6c6a2f3087cd_9319d686-6ed4-44bf-ba8a-543be3c63e14.jpg/480x360.jpg
fb39a810-a14b-4b23-a437-efc6419f21b8,mercedes-benz,vito,c,d,9500,2110,d,458082,02-2014,26.910904850539477,3222,https://prod.pictures.autoscout24.net/listing-images/fb39a810-a14b-4b23-a437-efc6419f21b8_d13d563f-ea7a-43cd-8608-c36968c65638.jpg/480x360.jpg
f808ab71-ea1a-4b39-a8a7-c4cbb63fd010,mercedes-benz,vito,c,d,14990,6200,d,63985,04-2013,119.77990387531518,3528,https://prod.pictures.autoscout24.net/listing-images/f808ab71-ea1a-4b39-a8a7-c4cbb63fd010_4f2e7e80-868d-4a67-8309-fdbd35a32011.jpg/480x360.jpg
00cf0c92-cd1e-4711-a308-25331ed4f420,mercedes-benz,slk 200,c,d,6950,6250,b,97644,05-2001,115.60596353389253,7881,https://prod.pictures.autoscout24.net/listing-images/00cf0c92-cd1e-4711-a308-25331ed4f420_a1f28b65-cd97-4139-8fa5-c04fa28610a8.jpg/480x360.jpg
2604eabe-6a57-4e71-8a3b-5157efe9d931,mercedes-benz,slk 200,c,d,5950,8480,b,127798,02-1999,108.37030503019517,8701,https://prod.pictures.autoscout24.net/listing-images/2604eabe-6a57-4e71-8a3b-5157efe9d931_6b075c26-9750-48bd-9282-8a3d56d8ebb9.jpg/480x360.jpg
1f44cf9c-b3d1-4cd1-9d4c-c510340651d0,mercedes-benz,b 200,c,d,9200,9050,d,115350,04-2011,69.04356445356942,4259,https://prod.pictures.autoscout24.net/listing-images/1f44cf9c-b3d1-4cd1-9d4c-c510340651d0_566751e8-b8fa-48cb-bbd4-c5965bf8ea13.jpg/480x360.jpg
9e8bea5f-8ee1-4c54-b5eb-cea1c1b57991,mercedes-benz,200,c,d,12800,7011,b,68420,10-1967,117.50379775240164,20147,https://prod.pictures.autoscout24.net/listing-images/9e8bea5f-8ee1-4c54-b5eb-cea1c1b57991_c3d32b53-b8e2-47b1-ace4-fab6632cec1b.jpg/480x360.jpg
99b8e046-4657-4bd7-ba68-799df06b7c0b,mercedes-benz,c 200,c,d,5450,6250,b,122031,09-2001,115.60596353389253,7758,https://prod.pictures.autoscout24.net/listing-images/99b8e046-4657-4bd7-ba68-799df06b7c0b_799fcfb9-18f4-4a76-b6a1-983a0d765a2b.jpg/480x360.jpg
340a92e8-f4d8-424e-bf3d-48f0ee7b0571,mercedes-benz,190,c,p,7490,7190,d,173500,01-1990,103.3603873434195,12019,https://prod.pictures.autoscout24.net/listing-images/340a92e8-f4d8-424e-bf3d-48f0ee7b0571_05b9c6b3-be4d-4c21-8c85-fcdbaff25d33.jpg/480x360.jpg
9db6e458-ac28-489f-9ea3-9ce2eceb47b8,mercedes-benz,e 220,c,d,2000,5020,d,349917,10-2001,112.56317852994579,7728,https://prod.pictures.autoscout24.net/listing-images/9db6e458-ac28-489f-9ea3-9ce2eceb47b8_5967d9c4-939f-49b9-8ade-75836c8fe94e.jpg/480x360.jpg
4cbb7de2-8b3a-439c-9748-50f46f7ba68b,mercedes-benz,sprinter,c,d,14800,3500,d,153428,12-2010,86.84432103923942,4380,https://prod.pictures.autoscout24.net/listing-images/4cbb7de2-8b3a-439c-9748-50f46f7ba68b_0f17ca9b-0440-4c40-9635-41478c7b626f.jpg/480x360.jpg
6599c2de-f588-44a0-8661-41be120d8b05,mercedes-benz,a 200,c,d,4490,2830,b,157478,08-2004,45.04397020411872,6693,https://prod.pictures.autoscout24.net/listing-images/6599c2de-f588-44a0-8661-41be120d8b05_e1db8b08-dd5a-44e6-adad-4c3a3a81243d.jpg/480x360.jpg
1a0a5f0f-24e7-4080-94de-72c1370c2585,mercedes-benz,citan,c,d,14399,4432,d,98766,01-2018,111.15678224769336,1792,https://prod.pictures.autoscout24.net/listing-images/1a0a5f0f-24e7-4080-94de-72c1370c2585_ad7f2082-d3df-40b1-9f06-53401a6aab73.jpg/480x360.jpg
64330f39-c3ab-4f85-9a49-4913c01208cd,mercedes-benz,e 200,c,p,3600,3790,d,260500,01-2004,121.02505306118728,6906,https://prod.pictures.autoscout24.net/listing-images/64330f39-c3ab-4f85-9a49-4913c01208cd_630c8f84-298f-47e7-9784-e9df05e2e475.jpg/480x360.jpg
eefeb07d-bd5a-48f6-9c12-71a08aa79984,mercedes-benz,vito,c,d,6850,2560,d,365000,05-2006,39.033349455690825,6055,https://prod.pictures.autoscout24.net/listing-images/eefeb07d-bd5a-48f6-9c12-71a08aa79984_608a3a96-329a-40e5-86f1-05cfc5e74053.jpg/480x360.jpg
d39de46c-2a22-4605-b3ba-a8446d24ccff,mercedes-benz,e 250,c,d,12500,8800,d,199000,06-2011,107.24415982689398,4198,https://prod.pictures.autoscout24.net/listing-images/d39de46c-2a22-4605-b3ba-a8446d24ccff_61b65b51-0d25-49aa-a0cb-5ecd0793aad8.jpg/480x360.jpg
7f410508-66cb-44e5-abdf-bf0c931ce867,mercedes-benz,sprinter,c,d,14800,3500,d,137000,12-2008,86.84432103923942,5110,https://prod.pictures.autoscout24.net/listing-images/7f410508-66cb-44e5-abdf-bf0c931ce867_ff8a42fb-59d6-40d7-9f86-3266d79d3300.jpg/480x360.jpg
ca00fcd5-10b5-47c8-91c0-51a0c8e3d7de,mercedes-benz,sprinter,c,d,14800,3500,d,148000,11-2003,86.84432103923942,6967,https://prod.pictures.autoscout24.net/listing-images/ca00fcd5-10b5-47c8-91c0-51a0c8e3d7de_9e61d5f1-245e-455d-a734-2ab4b0dd9f22.jpg/480x360.jpg
99d8e107-1023-4753-9d42-2ae277a8ddea,mercedes-benz,b 180,c,p,12299,4540,d,156000,10-2013,117.22161404327316,3345,https://prod.pictures.autoscout24.net/listing-images/99d8e107-1023-4753-9d42-2ae277a8ddea_9016ec0e-c143-4cd0-baf7-633daf61c980.jpg/480x360.jpg
65edc436-6b95-4be4-b1f7-fa01ad7178b7,mercedes-benz,a 180,c,d,9950,1300,d,200000,02-2014,83.88957347991013,3222,https://prod.pictures.autoscout24.net/listing-images/65edc436-6b95-4be4-b1f7-fa01ad7178b7_0094351c-047d-44e0-bd39-59a66b9bb394.jpg/480x360.jpg
e750dbbd-2384-44ed-b558-979f57d30b18,mercedes-benz,c 220,c,p,4950,4020,d,125500,05-2003,121.60247278825214,7151,https://prod.pictures.autoscout24.net/listing-images/e750dbbd-2384-44ed-b558-979f57d30b18_960825a6-6426-49e1-ac3a-ddd2c13e2c82.jpg/480x360.jpg
b6036c17-7bd0-469f-b602-7d2e3b80d318,mercedes-benz,glk 220,c,p,12250,1300,d,161500,10-2010,83.88957347991013,4441,https://prod.pictures.autoscout24.net/listing-images/b6036c17-7bd0-469f-b602-7d2e3b80d318_47bf8a31-5736-4ee7-854f-94d5a998ca42.jpg/480x360.jpg
2470281a-a3d0-4c2b-9edf-be8167b3c93c,mercedes-benz,280,c,d,12500,4600,b,150000,01-1967,117.87746038285867,20420,https://prod.pictures.autoscout24.net/listing-images/2470281a-a3d0-4c2b-9edf-be8167b3c93c_c31ff546-1f28-44fb-8bd4-51e411aaad05.jpg/480x360.jpg
97dc2404-7e2f-47b4-99ce-3b20e1d7a6de,mercedes-benz,e 220,c,d,13990,6041,d,163500,02-2012,111.05658463532626,3953,https://prod.pictures.autoscout24.net/listing-images/97dc2404-7e2f-47b4-99ce-3b20e1d7a6de_48340ec7-1f3c-42af-a5f1-30d5e5842f50.jpg/480x360.jpg
236968e6-bb82-4870-85c3-c96ac0151170,mercedes-benz,c 220,c,d,13400,4000,d,94281,05-2014,118.53949006185148,3133,https://prod.pictures.autoscout24.net/listing-images/236968e6-bb82-4870-85c3-c96ac0151170_91258ca2-0f54-413b-843d-7a12e45b0f2c.jpg/480x360.jpg
09dbd226-b7ec-48af-bb6e-004b06f9eebd,mercedes-benz,a 180,c,d,14950,1850,b,74000,05-2014,59.738651260413086,3133,https://prod.pictures.autoscout24.net/listing-images/09dbd226-b7ec-48af-bb6e-004b06f9eebd_90b510a5-f3b4-4a7e-84c1-8bf9328e42d0.jpg/480x360.jpg
788ac5a8-79f2-441b-ae8b-41842c011d92,mercedes-benz,c 230,c,d,11950,6950,b,32000,09-2008,161.16047264566197,5201,https://prod.pictures.autoscout24.net/listing-images/788ac5a8-79f2-441b-ae8b-41842c011d92_e132612e-8c3b-40b3-a178-52a13c188179.jpg/480x360.jpg
42f3659d-c410-4750-9f0c-c14e33efd084,mercedes-benz,e 200,c,d,11999,9280,d,123979,08-2011,57.52425726435139,4137,https://prod.pictures.autoscout24.net/listing-images/42f3659d-c410-4750-9f0c-c14e33efd084_de514efa-c12d-4252-96aa-9a200f4b1ce8.jpg/480x360.jpg
a817105d-7498-415d-9ed3-0047f302edc9,mercedes-benz,a 180,c,d,13900,8480,b,61000,09-2013,108.37030503019517,3375,https://prod.pictures.autoscout24.net/listing-images/a817105d-7498-415d-9ed3-0047f302edc9_6f5ac05a-17b9-4684-bfbd-cb083184e6b7.jpg/480x360.jpg
21aec888-3ea5-41ea-ae9b-63a44b69dc28,mercedes-benz,c 200,c,d,11990,3600,d,173000,06-2013,91.05707630102727,3467,https://prod.pictures.autoscout24.net/listing-images/21aec888-3ea5-41ea-ae9b-63a44b69dc28_9510c59c-214b-49f5-b203-a40d1b5365fa.jpg/480x360.jpg
1d821bb3-41e7-471d-bd61-805773c821bc,mercedes-benz,190,c,d,12000,7334,d,90000,11-1965,119.8412190961509,20846,https://prod.pictures.autoscout24.net/listing-images/1d821bb3-41e7-471d-bd61-805773c821bc_f4addf70-9fb6-4660-9e4f-091114569b5b.jpg/480x360.jpg
17c9bf6e-6be0-4917-b8b0-ad326331838f,mercedes-benz,b 180,c,d,14990,2320,d,93502,12-2016,21.546747860266535,2188,https://prod.pictures.autoscout24.net/listing-images/17c9bf6e-6be0-4917-b8b0-ad326331838f_062277a3-d869-40b3-80c7-d2801f5b3c25.jpg/480x360.jpg
62f1a35e-eead-4d69-8e98-a0a38eaa4ea4,mercedes-benz,clk 320,c,d,5950,6043,b,144479,04-1999,111.88562923228113,8642,https://prod.pictures.autoscout24.net/listing-images/62f1a35e-eead-4d69-8e98-a0a38eaa4ea4_d2c85849-2c70-475d-b1a3-af4a00a7e0cc.jpg/480x360.jpg
ff00b90a-070f-40cb-979d-95c94ba40f6d,mercedes-benz,clk 320,c,d,6950,6043,b,134655,05-2000,111.88562923228113,8246,https://prod.pictures.autoscout24.net/listing-images/ff00b90a-070f-40cb-979d-95c94ba40f6d_525140d1-223b-47f5-b5a5-df1b47ebfb00.jpg/480x360.jpg
fe0fadc1-e390-43a2-99c8-2a068f85fa87,mercedes-benz,a 170,c,d,6700,7110,b,91000,03-2005,114.70139141445502,6481,https://prod.pictures.autoscout24.net/listing-images/fe0fadc1-e390-43a2-99c8-2a068f85fa87_2379fc51-3437-492e-9b08-f33739d21dc8.jpg/480x360.jpg
0a11351b-7204-4083-b3a3-e599abe31b34,mercedes-benz,190,c,d,4750,1370,d,330000,07-1989,89.26135356419556,12203,https://prod.pictures.autoscout24.net/listing-images/0a11351b-7204-4083-b3a3-e599abe31b34_a49507e6-f7d7-4ad2-aa1e-de4cac7350ba.jpg/480x360.jpg
0a4359b6-d9df-4956-9087-da7fe00af73d,mercedes-benz,viano,c,d,6500,2870,d,260000,12-2006,48.59068591419226,5841,https://prod.pictures.autoscout24.net/listing-images/0a4359b6-d9df-4956-9087-da7fe00af73d_b7dc9180-010c-461c-a7ae-0d0302caaeec.jpg/480x360.jpg
5bf2ba70-1845-4d0e-8d21-0ba9ac9b2042,mercedes-benz,a 160,c,d,4950,2100,d,203209,08-2011,27.421552979694752,4137,https://prod.pictures.autoscout24.net/listing-images/5bf2ba70-1845-4d0e-8d21-0ba9ac9b2042_ee4d15b0-0092-4376-948f-ced0bd3e291e.jpg/480x360.jpg
3bc7ac56-ddba-4ba0-9106-ecea9cb70f15,mercedes-benz,c 220,c,d,3950,1600,d,253000,05-2005,78.61296004280759,6420,https://prod.pictures.autoscout24.net/listing-images/3bc7ac56-ddba-4ba0-9106-ecea9cb70f15_4ad5aa93-98a7-4c0a-b54c-4190d9e45a35.jpg/480x360.jpg
0af937f9-027d-4ec6-8eeb-27a501f2f4c5,mercedes-benz,a 180,c,d,3490,7080,d,197000,11-2009,124.84754400917438,4775,https://prod.pictures.autoscout24.net/listing-images/0af937f9-027d-4ec6-8eeb-27a501f2f4c5_a1ac6eea-b29e-4e5c-bcbc-32ce3b11de99.jpg/480x360.jpg
5e7c4e5b-ba79-4dfd-b0d5-f13e3b320fbb,mercedes-benz,a 170,c,d,900,3600,d,160000,10-2003,91.05707630102727,6998,https://prod.pictures.autoscout24.net/listing-images/5e7c4e5b-ba79-4dfd-b0d5-f13e3b320fbb_36f5149a-1f7d-477f-9e7f-065387a81276.jpg/480x360.jpg
7a540c22-f7d1-43b3-99ab-7d1f0d4d130c,mercedes-benz,c 200,c,d,5950,1070,d,349000,06-2010,71.06367211068877,4563,https://prod.pictures.autoscout24.net/listing-images/7a540c22-f7d1-43b3-99ab-7d1f0d4d130c_b3d5c0c8-fe52-4918-9e4f-34ed9fcb6128.jpg/480x360.jpg
1f8fdc19-349c-4d63-9217-ff5be7cdf7fe,mercedes-benz,vito,c,d,7490,2520,d,344000,10-2009,32.09318592689817,4806,https://prod.pictures.autoscout24.net/listing-images/1f8fdc19-349c-4d63-9217-ff5be7cdf7fe_1da701d4-27ad-4add-be4b-fbae6eac4f05.jpg/480x360.jpg
b0177196-01a1-4f7e-bf69-9cd6cc8f11a4,mercedes-benz,vito,c,d,14900,9100,d,246000,08-2011,39.90739495574749,4137,https://prod.pictures.autoscout24.net/listing-images/b0177196-01a1-4f7e-bf69-9cd6cc8f11a4_cea44989-1d33-4bae-bf57-47276a173c8f.jpg/480x360.jpg
df1fce47-eda5-496f-a46e-6b3365b07136,mercedes-benz,vito,c,d,10000,8570,d,147000,06-2011,100.49126072839948,4198,https://prod.pictures.autoscout24.net/listing-images/df1fce47-eda5-496f-a46e-6b3365b07136_e972cef4-5681-4dd1-82ad-49351a6d4bd9.jpg/480x360.jpg
8cfed79c-722b-45a2-84f4-3361500037ee,mercedes-benz,citan,c,d,12790,9250,d,127990,02-2019,48.29700857036449,1396,https://prod.pictures.autoscout24.net/listing-images/8cfed79c-722b-45a2-84f4-3361500037ee_fb6f9489-d8cc-41a5-a5c6-17173abe5338.jpg/480x360.jpg
6b8f130b-8c20-4342-a77f-db8dc53cddbd,mercedes-benz,sprinter,c,d,10900,2920,d,393978,01-2017,9.296058813361997,2157,https://prod.pictures.autoscout24.net/listing-images/6b8f130b-8c20-4342-a77f-db8dc53cddbd_19101c97-7a3f-4035-9ea8-9325f9693b48.jpg/480x360.jpg
638ee462-e482-4c02-a070-21f3238a5e63,mercedes-benz,sprinter,c,d,9500,1390,d,216000,03-2012,80.41314824962016,3924,https://prod.pictures.autoscout24.net/listing-images/638ee462-e482-4c02-a070-21f3238a5e63_40ed3daa-71dc-4920-b658-f004b475c5bc.jpg/480x360.jpg
c00f32e9-c7f3-4c41-a175-d30d55e082ac,mercedes-benz,sprinter,c,d,6500,3080,d,290000,10-2000,71.81912493945508,8093,https://prod.pictures.autoscout24.net/listing-images/c00f32e9-c7f3-4c41-a175-d30d55e082ac_8a9d0531-78b9-445b-8891-1c429b4c8971.jpg/480x360.jpg
6b8beb34-9fd3-4946-87d0-09e35f0c942d,mercedes-benz,e 200,c,d,14750,3520,b,158268,08-2011,82.07861349342659,4137,https://prod.pictures.autoscout24.net/listing-images/6b8beb34-9fd3-4946-87d0-09e35f0c942d_459c8bc2-d19d-4862-b867-5d134add8792.jpg/480x360.jpg
e164b38f-2305-42a2-8e11-11a9ccf9f188,mercedes-benz,cla 180,c,d,14300,9860,b,99456,03-2014,75.70525305366282,3194,https://prod.pictures.autoscout24.net/listing-images/e164b38f-2305-42a2-8e11-11a9ccf9f188_fdf1983f-4299-497f-9015-612632c4e383.jpg/480x360.jpg
32c83fc1-33ae-4a29-bb69-816bc6472ded,mercedes-benz,c 180,c,p,11500,2610,b,93000,11-2012,33.817501233272104,3679,https://prod.pictures.autoscout24.net/listing-images/32c83fc1-33ae-4a29-bb69-816bc6472ded_5f18992f-dcaa-496a-835b-fcc106ef7d2c.jpg/480x360.jpg
1e8953b6-d1cc-4d31-baaf-05e68632fbf7,mercedes-benz,c 220,c,d,12250,7030,d,179000,04-2014,118.89116604941746,3163,https://prod.pictures.autoscout24.net/listing-images/1e8953b6-d1cc-4d31-baaf-05e68632fbf7_e81c9acd-78e8-4d87-93f7-44b779dd4200.jpg/480x360.jpg
6ab882f3-4851-4001-b288-da578e1a84fe,mercedes-benz,e 220,c,p,14999,9140,d,78000,11-2011,42.211874657394915,4045,https://prod.pictures.autoscout24.net/listing-images/6ab882f3-4851-4001-b288-da578e1a84fe_bfc1e90f-ced0-4c26-b9d3-a9a24dd6c6c3.jpg/480x360.jpg
00ac442d-4ae5-49c8-b65c-7e4734bf514b,mercedes-benz,e 220,c,p,15000,1731,d,181684,02-2013,64.67551938133373,3587,https://prod.pictures.autoscout24.net/listing-images/00ac442d-4ae5-49c8-b65c-7e4734bf514b_d9ac93cf-af11-4673-9ef5-ee543372db55.jpg/480x360.jpg
b4902e20-7330-441e-b6d9-e4349bfa1313,mercedes-benz,e 200,c,d,11950,1070,d,109000,09-2011,71.06367211068877,4106,https://prod.pictures.autoscout24.net/listing-images/b4902e20-7330-441e-b6d9-e4349bfa1313_fe071916-6a78-4199-9dd6-fa2fc2265dee.jpg/480x360.jpg
a573cab1-96f5-4a05-a4e1-6b6f24bba1d2,mercedes-benz,slk 250,c,d,14950,8800,d,190213,02-2012,107.24415982689398,3953,https://prod.pictures.autoscout24.net/listing-images/a573cab1-96f5-4a05-a4e1-6b6f24bba1d2_c1719b56-59b1-476b-afb7-e33f6ab3d890.jpg/480x360.jpg
b43e8619-c53d-48bd-949a-4991729e2b5d,mercedes-benz,c 180,c,d,14999,2930,b,17500,01-2011,19.7117884178022,4349,https://prod.pictures.autoscout24.net/listing-images/b43e8619-c53d-48bd-949a-4991729e2b5d_793c030b-33e9-4907-9543-fb18ac393da8.jpg/480x360.jpg
3f996f93-aa4a-486e-b59a-857a2eefb476,mercedes-benz,c 200,c,p,14000,3520,d,150000,11-2012,82.07861349342659,3679,https://prod.pictures.autoscout24.net/listing-images/3f996f93-aa4a-486e-b59a-857a2eefb476_2ce6e3a5-0008-4d7d-ba93-e4e91446299a.jpg/480x360.jpg
1c651b87-0977-4c7b-9a7d-8bd9d253f4d8,mercedes-benz,c 200,c,d,12999,3530,d,107725,04-2014,79.7065029526959,3163,https://prod.pictures.autoscout24.net/listing-images/1c651b87-0977-4c7b-9a7d-8bd9d253f4d8_de023355-8c1a-4ecc-ad41-e7a234806dc6.jpg/480x360.jpg
45874a0e-1811-4ed2-9e88-aabeaf8f3cbf,mercedes-benz,e 250,c,d,13950,6250,d,123037,05-2009,115.60596353389253,4959,https://prod.pictures.autoscout24.net/listing-images/45874a0e-1811-4ed2-9e88-aabeaf8f3cbf_eccb7b5c-9af4-4c84-8ea8-2cba4f96285f.jpg/480x360.jpg
69a37b04-8f5a-4702-85c8-64e5cffe4da1,mercedes-benz,e 300,c,p,13500,9100,d,172000,04-2012,39.90739495574749,3893,https://prod.pictures.autoscout24.net/listing-images/69a37b04-8f5a-4702-85c8-64e5cffe4da1_e7960db5-73b7-4d1d-b0f8-8a61e5e826cb.jpg/480x360.jpg
dfaafac5-ecff-4c70-a734-456f996903a4,mercedes-benz,c 200,c,p,12500,4452,d,129751,03-2013,109.87362611892874,3559,https://prod.pictures.autoscout24.net/listing-images/dfaafac5-ecff-4c70-a734-456f996903a4_b501ecec-1bf0-4e2d-a4f1-96b08b58f4a4.jpg/480x360.jpg
4bc1c068-baa9-41c3-b10b-3971ab49eaaf,mercedes-benz,cl 500,c,d,14500,3960,b,92390,09-2001,88.39034768583157,7758,https://prod.pictures.autoscout24.net/listing-images/4bc1c068-baa9-41c3-b10b-3971ab49eaaf_91fd437b-fd05-4ac7-8447-3a26a411a29a.jpg/480x360.jpg
ebb4739d-27b8-4926-9b54-e3a863af5890,mercedes-benz,c 200,c,d,13950,6061,d,136000,09-2013,117.55452099458994,3375,https://prod.pictures.autoscout24.net/listing-images/ebb4739d-27b8-4926-9b54-e3a863af5890_ca74cdab-9023-49dc-b99c-d6ad3e0114e7.jpg/480x360.jpg
e62e88a0-8cc6-4c3c-b702-f5c82a21bf9f,mercedes-benz,clk 350,c,p,12900,7350,b,168000,10-2010,126.64469659762254,4441,https://prod.pictures.autoscout24.net/listing-images/e62e88a0-8cc6-4c3c-b702-f5c82a21bf9f_e7d284aa-d078-48d9-84b4-796a72002b2a.jpg/480x360.jpg
aef809a1-40a7-40b7-bcd3-53a37c7407e7,mercedes-benz,a 180,c,d,12900,3630,d,194000,02-2015,102.97605198560623,2857,https://prod.pictures.autoscout24.net/listing-images/aef809a1-40a7-40b7-bcd3-53a37c7407e7_895b1978-40ab-44a0-bede-78ce5a9de4af.jpg/480x360.jpg
0038ea89-50ce-4455-9b54-2203359af315,mercedes-benz,e 200,c,d,13490,6200,d,117669,05-2010,119.77990387531518,4594,https://prod.pictures.autoscout24.net/listing-images/0038ea89-50ce-4455-9b54-2203359af315_083741b1-d2a5-4da2-8e15-2c85d7a9c206.jpg/480x360.jpg
329d1ae0-7717-4dba-833e-a702cb95e4b8,mercedes-benz,slk 200,c,p,14000,7130,b,45000,03-2005,117.49117131592739,6481,https://prod.pictures.autoscout24.net/listing-images/329d1ae0-7717-4dba-833e-a702cb95e4b8_eb8c2622-5521-4ae1-b29e-d47932f7c353.jpg/480x360.jpg
272a0491-7ec0-495e-bc05-757ce71f5b59,mercedes-benz,a 180,c,d,12990,7712,d,141552,05-2014,120.93531966597502,3133,https://prod.pictures.autoscout24.net/listing-images/272a0491-7ec0-495e-bc05-757ce71f5b59_5842f1fb-0860-4c36-814a-a2871775d2eb.jpg/480x360.jpg
41a40dc4-4aeb-46c7-9a97-d3f2c501c8d8,mercedes-benz,glk 220,c,d,12990,1840,d,162370,07-2011,54.29299877782283,4168,https://prod.pictures.autoscout24.net/listing-images/41a40dc4-4aeb-46c7-9a97-d3f2c501c8d8_866cc830-f3e4-402d-a713-e0986ec8a9d5.jpg/480x360.jpg
b237fdb6-7d1b-41b8-910b-b6111d55302f,mercedes-benz,c 180,c,d,14499,1600,b,89000,04-2010,78.61296004280759,4624,https://prod.pictures.autoscout24.net/listing-images/b237fdb6-7d1b-41b8-910b-b6111d55302f_65b96058-ccfa-47c6-b684-5617ee57a7cd.jpg/480x360.jpg
1f7cb5f2-935e-43f5-b25a-d050a38e9e17,mercedes-benz,c 200,c,p,13500,1770,b,90000,07-2007,71.72306486218548,5629,https://prod.pictures.autoscout24.net/listing-images/1f7cb5f2-935e-43f5-b25a-d050a38e9e17_56d02be2-b3cc-4d56-a075-6feecdf4508d.jpg/480x360.jpg
c98ac58b-9c34-4316-979e-385c9467533f,mercedes-benz,c 180,c,d,12950,6030,d,178000,02-2015,118.28038734858286,2857,https://prod.pictures.autoscout24.net/listing-images/c98ac58b-9c34-4316-979e-385c9467533f_1b0c6515-75b4-497d-a37e-5c097f4618dc.jpg/480x360.jpg
b516f8dd-10bf-4f35-bef9-380f5d17be8d,mercedes-benz,cla 200,c,d,13950,6040,d,216500,01-2016,114.0742701643821,2523,https://prod.pictures.autoscout24.net/listing-images/b516f8dd-10bf-4f35-bef9-380f5d17be8d_c80d8323-1d6a-411e-963e-89db96eeb58a.jpg/480x360.jpg
7ee1ed35-0daa-4038-940c-21e9bcaf2240,mercedes-benz,e 200,c,d,13950,5140,d,139333,04-2011,104.85389989976589,4259,https://prod.pictures.autoscout24.net/listing-images/7ee1ed35-0daa-4038-940c-21e9bcaf2240_27c1b98f-5152-4c20-ae6b-df810ade77eb.jpg/480x360.jpg
d46d8afd-ea79-4353-8ce7-d161e8d41d24,mercedes-benz,clk 200,c,p,13500,8710,b,62000,08-2009,99.69669111251099,4867,https://prod.pictures.autoscout24.net/listing-images/d46d8afd-ea79-4353-8ce7-d161e8d41d24_50abb2e3-776f-4f3b-bb11-6f25a1ff5075.jpg/480x360.jpg
11143b91-fcd6-4750-b003-09754a5cce61,mercedes-benz,c 200,c,p,14500,9100,b,56000,09-2009,39.90739495574749,4836,https://prod.pictures.autoscout24.net/listing-images/11143b91-fcd6-4750-b003-09754a5cce61_7855c30d-c00f-42e7-9a21-e63c36656023.jpg/480x360.jpg
3b506197-7e56-41fa-a5b5-7dfbef611326,mercedes-benz,c 220,c,p,13000,8400,d,117000,07-2012,110.03239888716801,3802,https://prod.pictures.autoscout24.net/listing-images/3b506197-7e56-41fa-a5b5-7dfbef611326_d8dbb72d-0d31-4ce9-b6d3-3e7af0d6e185.jpg/480x360.jpg
f7b0e7e0-2906-4b33-9852-7d30cca2bc8c,mercedes-benz,cla 200,c,d,14499,8000,d,168562,08-2013,90.37195651627515,3406,https://prod.pictures.autoscout24.net/listing-images/f7b0e7e0-2906-4b33-9852-7d30cca2bc8c_abaaadd0-204f-4dc2-89d5-abb6b839732b.jpg/480x360.jpg
04375b55-e41d-4178-965f-48b0c67437ab,mercedes-benz,250,c,d,12999,3550,b,100000,08-1970,75.75580829789837,19112,https://prod.pictures.autoscout24.net/listing-images/04375b55-e41d-4178-965f-48b0c67437ab_f7fa965f-6082-419c-b7b7-3c74c49562a4.jpg/480x360.jpg
8b9e2974-b5b8-4540-b795-ac8b0a8a2a4e,mercedes-benz,c 200,c,d,11490,7333,d,89932,09-2010,120.19113271072128,4471,https://prod.pictures.autoscout24.net/listing-images/8b9e2974-b5b8-4540-b795-ac8b0a8a2a4e_3af3c844-2163-4580-bd7a-ec19af0e1f58.jpg/480x360.jpg
06c3b21d-888f-470f-8b71-085fff735df3,mercedes-benz,a 160,c,d,15000,5520,d,122000,08-2017,138.3504314812869,1945,https://prod.pictures.autoscout24.net/listing-images/06c3b21d-888f-470f-8b71-085fff735df3_b116e382-d453-48e2-a83b-33635492ff95.jpg/480x360.jpg
e4d421fa-1efa-49d2-abe9-d3bde593245f,mercedes-benz,clc,c,d,10950,4000,b,61000,07-2010,118.53949006185148,4533,https://prod.pictures.autoscout24.net/listing-images/e4d421fa-1efa-49d2-abe9-d3bde593245f_d589b31f-0b95-45eb-9391-0b71ae82a2b1.jpg/480x360.jpg
f852a83c-db59-42e9-9935-b4eb734c6be5,mercedes-benz,e 250,c,d,13990,6061,d,143186,08-2009,117.55452099458994,4867,https://prod.pictures.autoscout24.net/listing-images/f852a83c-db59-42e9-9935-b4eb734c6be5_1ddc63a0-b30d-4545-bcc6-d6f58ee6577a.jpg/480x360.jpg
1bdd6a8f-134c-4c4d-9d94-98c3b3cb5a38,mercedes-benz,c 200,c,p,13700,3600,d,74420,04-2008,91.05707630102727,5354,https://prod.pictures.autoscout24.net/listing-images/1bdd6a8f-134c-4c4d-9d94-98c3b3cb5a38_27bff77a-a57e-49aa-ac05-7b7187560fd1.jpg/480x360.jpg
a17c4591-a8bf-46f3-9b3e-4753d640699d,mercedes-benz,e 220,c,p,12400,1040,d,154550,06-2012,70.85448790939559,3832,https://prod.pictures.autoscout24.net/listing-images/a17c4591-a8bf-46f3-9b3e-4753d640699d_f33b224e-fa62-4301-b990-0861895499a2.jpg/480x360.jpg
484a85ad-b89a-4b88-9fe8-871d57a97c8e,mercedes-benz,e 200,c,d,14750,9100,d,163000,11-2013,39.90739495574749,3314,https://prod.pictures.autoscout24.net/listing-images/484a85ad-b89a-4b88-9fe8-871d57a97c8e_3835e803-c338-48d7-b548-00e0016460e4.jpg/480x360.jpg
452c3f7f-4244-4bea-9434-a7a5d8828c60,mercedes-benz,c 200,c,d,10700,8700,d,136541,04-2013,90.43310642675891,3528,https://prod.pictures.autoscout24.net/listing-images/452c3f7f-4244-4bea-9434-a7a5d8828c60_2cc3ad88-08a1-4e52-8d88-56db1bf54cda.jpg/480x360.jpg
67f9e61f-7303-4318-81c9-8026f1be2618,mercedes-benz,e 250,c,p,15000,1050,d,142000,06-2010,70.92422613330518,4563,https://prod.pictures.autoscout24.net/listing-images/67f9e61f-7303-4318-81c9-8026f1be2618_2bb93cc8-ccba-4037-9b79-c77f2aa4a37b.jpg/480x360.jpg
33481d23-d271-44d6-86a2-edd4f604c3d4,mercedes-benz,cla 180,c,d,12990,5140,d,220598,09-2014,104.85389989976589,3010,https://prod.pictures.autoscout24.net/listing-images/33481d23-d271-44d6-86a2-edd4f604c3d4_b40c0710-8a1e-4a31-972a-4cb5a6088b94.jpg/480x360.jpg
a3184bfb-9205-4df7-ab7c-6890a11e8b9e,mercedes-benz,e 300,c,d,14800,1700,d,195000,02-2013,70.90697373704198,3587,https://prod.pictures.autoscout24.net/listing-images/a3184bfb-9205-4df7-ab7c-6890a11e8b9e_cdef7e87-02c9-4173-b38a-2087952e16c1.jpg/480x360.jpg
201bdbd3-1460-4c9e-850b-4b4e0b1ba91b,mercedes-benz,ml 350,c,d,11500,1070,d,145000,12-2011,71.06367211068877,4015,https://prod.pictures.autoscout24.net/listing-images/201bdbd3-1460-4c9e-850b-4b4e0b1ba91b_a8d48006-00d2-479f-acce-887de6d4913b.jpg/480x360.jpg
0ac72c21-7d09-407f-8fb7-2d0f6cc39512,mercedes-benz,c 180,c,d,9499,3530,d,138145,03-2011,79.7065029526959,4290,https://prod.pictures.autoscout24.net/listing-images/0ac72c21-7d09-407f-8fb7-2d0f6cc39512_0c4d1ac9-9ca5-444e-b413-1a779364c74d.jpg/480x360.jpg
8eb125f7-b57b-4ff6-9074-b85abab2447e,mercedes-benz,glk 200,c,p,13900,9500,d,147000,12-2012,88.55487491294804,3649,https://prod.pictures.autoscout24.net/listing-images/8eb125f7-b57b-4ff6-9074-b85abab2447e_c3dcc1dc-b857-4659-9381-e3f1c5ffd44e.jpg/480x360.jpg
f47704ec-a9dd-4fb0-8b06-01ad844b4334,mercedes-benz,e 200,c,d,14450,9402,d,129295,06-2012,77.6485465586824,3832,https://prod.pictures.autoscout24.net/listing-images/f47704ec-a9dd-4fb0-8b06-01ad844b4334_9ab93502-117e-4b24-a2de-8203f347a357.jpg/480x360.jpg
fb2178ec-fdea-42b8-b165-a3f7611d045e,mercedes-benz,e 220,c,d,9700,2960,d,144753,06-2010,17.223668147311386,4563,https://prod.pictures.autoscout24.net/listing-images/fb2178ec-fdea-42b8-b165-a3f7611d045e_6fad0cef-e1a1-40b6-9edb-6031277b5cf6.jpg/480x360.jpg
abebf348-0511-4328-b18b-4ca990e281e9,mercedes-benz,c 220,c,d,13990,7904,d,154536,09-2012,118.30704816178381,3740,https://prod.pictures.autoscout24.net/listing-images/abebf348-0511-4328-b18b-4ca990e281e9_524dd1cd-5814-4d8f-8fad-aaebc33b747f.jpg/480x360.jpg
59d509ea-2da3-48dd-b4fc-8197d83da9f4,mercedes-benz,c 220,c,p,12500,4430,d,135000,08-2011,115.84778684140608,4137,https://prod.pictures.autoscout24.net/listing-images/59d509ea-2da3-48dd-b4fc-8197d83da9f4_12cdbf3b-33d7-47b9-bc60-3e9705ec7069.jpg/480x360.jpg
453e9208-7872-43fb-8ebc-dc2956684b5a,mercedes-benz,e 200,c,p,13200,1702,d,188500,01-2011,68.0347546976377,4349,https://prod.pictures.autoscout24.net/listing-images/453e9208-7872-43fb-8ebc-dc2956684b5a_0214dc86-f0c1-498b-a22d-cfb2a126f7bf.jpg/480x360.jpg
40ab7367-947e-4a61-9326-1dc5505328db,mercedes-benz,e 220,c,d,12950,6220,d,77000,07-2006,109.54249226439103,5994,https://prod.pictures.autoscout24.net/listing-images/40ab7367-947e-4a61-9326-1dc5505328db_d7c625ff-1d9b-4ec4-be48-47f20785df8b.jpg/480x360.jpg
c2331e9b-0b4a-4f13-8869-84a2d1702bda,mercedes-benz,clk 280,c,d,14890,5030,b,83000,09-2005,102.63381600593108,6297,https://prod.pictures.autoscout24.net/listing-images/c2331e9b-0b4a-4f13-8869-84a2d1702bda_da4c3746-a4a8-4d11-be7d-1c70b1feb72c.jpg/480x360.jpg
7c9faa85-64c7-4de0-afb1-7cc05d7c57d2,mercedes-benz,b 180,c,d,14900,2300,d,70234,01-2014,36.751136569594,3253,https://prod.pictures.autoscout24.net/listing-images/7c9faa85-64c7-4de0-afb1-7cc05d7c57d2_285fd62e-3b22-4542-8bcc-b92a7174147a.jpg/480x360.jpg
19244ce2-505a-4a99-97d1-bb5669375c07,mercedes-benz,cla 180,c,d,14950,3630,d,150000,09-2014,102.97605198560623,3010,https://prod.pictures.autoscout24.net/listing-images/19244ce2-505a-4a99-97d1-bb5669375c07_6c36506a-95e9-4f56-9999-98e2926e1ed6.jpg/480x360.jpg
bc6b08bf-be14-4977-a00a-b896e7047f27,mercedes-benz,ml 320,c,d,13950,4000,d,155000,06-2008,118.53949006185148,5293,https://prod.pictures.autoscout24.net/listing-images/bc6b08bf-be14-4977-a00a-b896e7047f27_c698fbaf-1c8f-4543-ae16-33fb7688bba0.jpg/480x360.jpg
52130cb5-c8c3-4b4f-8107-76c4aad53c94,mercedes-benz,a 180,c,d,14250,3830,b,100847,05-2013,93.62411558341314,3498,https://prod.pictures.autoscout24.net/listing-images/52130cb5-c8c3-4b4f-8107-76c4aad53c94_d6ccbb02-abb4-4962-9e6e-cf7e049412fe.jpg/480x360.jpg
ecbffa2d-b7ba-48f8-aee6-d6be6cca8ad4,mercedes-benz,slk 200,c,d,9990,3545,b,179185,04-2007,69.86186323279148,5720,https://prod.pictures.autoscout24.net/listing-images/ecbffa2d-b7ba-48f8-aee6-d6be6cca8ad4_64d090b5-9a46-4c53-adcd-bfb3687ee109.jpg/480x360.jpg
4f02a44a-1fcf-4aea-b448-901503ced06f,mercedes-benz,a 180,c,p,14400,1490,d,102000,10-2013,93.00820810919008,3345,https://prod.pictures.autoscout24.net/listing-images/4f02a44a-1fcf-4aea-b448-901503ced06f_4c10916b-6f6b-438a-aa6d-a2a1740ac2fc.jpg/480x360.jpg
29ec659c-28c9-40fe-b4e2-a92172c35901,mercedes-benz,slk 200,c,d,5990,4432,b,136000,06-2001,111.15678224769336,7850,https://prod.pictures.autoscout24.net/listing-images/29ec659c-28c9-40fe-b4e2-a92172c35901_1b282917-e1e4-4b68-b20d-8e25e974d154.jpg/480x360.jpg
2884781c-3414-4cb3-adfd-7909c1cde70d,mercedes-benz,a 180,c,d,14999,1600,b,93800,07-2013,78.61296004280759,3437,https://prod.pictures.autoscout24.net/listing-images/2884781c-3414-4cb3-adfd-7909c1cde70d_02b66599-6abf-4cd1-bff3-6106711e796d.jpg/480x360.jpg
07f8acd6-81a4-4acd-80bd-6e1754a08e0a,mercedes-benz,e 200,c,p,13900,1730,d,290000,07-2016,61.98157406185932,2341,https://prod.pictures.autoscout24.net/listing-images/07f8acd6-81a4-4acd-80bd-6e1754a08e0a_1ea1109b-b982-4d0f-ad09-d372083129b2.jpg/480x360.jpg
5e4dac52-6539-4819-8b40-0ac2082ed2c3,mercedes-benz,cla 200,c,p,14900,7141,d,187000,04-2014,116.47101900243793,3163,https://prod.pictures.autoscout24.net/listing-images/5e4dac52-6539-4819-8b40-0ac2082ed2c3_dbe40ef5-9c88-40d6-9763-ab0ee53892e6.jpg/480x360.jpg
ddde9528-b801-4543-9174-24cb381904ab,mercedes-benz,e 220,c,d,13395,8840,d,130000,06-2012,116.35276756135268,3832,https://prod.pictures.autoscout24.net/listing-images/ddde9528-b801-4543-9174-24cb381904ab_5406ee5b-7788-4837-8888-328167529554.jpg/480x360.jpg
cb994a37-b8dc-492f-894d-1e6243b230a0,mercedes-benz,cls 320,c,p,11000,6250,d,182000,10-2008,115.60596353389253,5171,https://prod.pictures.autoscout24.net/listing-images/cb994a37-b8dc-492f-894d-1e6243b230a0_2b4a5699-cdcf-49fb-808a-964e782745a7.jpg/480x360.jpg
f0f02a8a-f4e3-4cb1-8773-ed670d9bbe66,mercedes-benz,e 250,c,p,14500,3582,d,134000,06-2011,71.98377970991602,4198,https://prod.pictures.autoscout24.net/listing-images/f0f02a8a-f4e3-4cb1-8773-ed670d9bbe66_df9ed0a4-3cdd-444d-99ed-d21eead1adeb.jpg/480x360.jpg
5514cee4-0a67-446f-8af3-fba9a647a565,mercedes-benz,slk 200,c,d,11900,5060,b,129000,09-2004,116.00750129472273,6662,https://prod.pictures.autoscout24.net/listing-images/5514cee4-0a67-446f-8af3-fba9a647a565_068bc095-7c6e-48e1-ad43-0d987c3ea5f6.jpg/480x360.jpg
b20cf4b0-7199-415d-83f8-3cf207ff0ad1,mercedes-benz,c 220,c,d,12300,8791,d,102000,05-2012,102.62748120507626,3863,https://prod.pictures.autoscout24.net/listing-images/b20cf4b0-7199-415d-83f8-3cf207ff0ad1_39b36def-dd67-476f-bdf9-9e273fda820a.jpg/480x360.jpg
f9b7a816-867f-43a8-ace4-763f0c0af320,mercedes-benz,glk 200,c,p,13900,9500,d,147000,12-2012,88.55487491294804,3649,https://prod.pictures.autoscout24.net/listing-images/f9b7a816-867f-43a8-ace4-763f0c0af320_0c4b7a1f-efcc-4444-b1cb-a88ce4c422e1.jpg/480x360.jpg
9d19a5b6-ef7f-4e87-a709-d5f413a5ae6d,mercedes-benz,ml 350,c,d,8800,1080,b,119045,11-2008,69.57979227671277,5140,https://prod.pictures.autoscout24.net/listing-images/9d19a5b6-ef7f-4e87-a709-d5f413a5ae6d_af9b8533-5120-48a6-80df-41025faaf7ba.jpg/480x360.jpg
fe7e29bd-b9e5-4228-b2f2-435dce6f1aaf,mercedes-benz,cls 320,c,d,12000,8520,d,191000,03-2007,107.45339579517565,5751,https://prod.pictures.autoscout24.net/listing-images/fe7e29bd-b9e5-4228-b2f2-435dce6f1aaf_b14538b6-6bca-4503-a7b9-f73d9a22afe3.jpg/480x360.jpg
12e9102e-a84f-4915-851d-c87ad641cf69,mercedes-benz,c 200,c,d,12950,3900,d,120000,11-2012,71.7180365522782,3679,https://prod.pictures.autoscout24.net/listing-images/12e9102e-a84f-4915-851d-c87ad641cf69_8046859a-012b-42e6-800f-3acd60a546d2.jpg/480x360.jpg
60bf73e9-872b-43d3-8ff3-ed2ed4bbb8f9,mercedes-benz,b 200,c,d,14990,1410,d,126000,10-2016,83.89428081314767,2249,https://prod.pictures.autoscout24.net/listing-images/60bf73e9-872b-43d3-8ff3-ed2ed4bbb8f9_5a42459a-bfb6-4ea4-bf1c-1a65d3a39177.jpg/480x360.jpg
7e67b114-d004-41dd-b027-650a36592b50,mercedes-benz,230,c,d,11500,5020,b,200000,03-1991,112.56317852994579,11595,https://prod.pictures.autoscout24.net/listing-images/7e67b114-d004-41dd-b027-650a36592b50_d4d2cbbf-a88b-427c-938d-2e15d06e8d04.jpg/480x360.jpg
89ab9ebe-af3c-4e78-bee2-5983bb345076,mercedes-benz,a 180,c,d,12990,4040,d,99388,06-2015,120.39133917274062,2737,https://prod.pictures.autoscout24.net/listing-images/89ab9ebe-af3c-4e78-bee2-5983bb345076_38d06e08-e331-4f3f-943b-6a42bb07910e.jpg/480x360.jpg
102cb91d-12c8-405b-8ea1-1e834aa9dbb0,mercedes-benz,c 200,c,d,8550,1070,d,160000,01-2011,71.06367211068877,4349,https://prod.pictures.autoscout24.net/listing-images/102cb91d-12c8-405b-8ea1-1e834aa9dbb0_e2b3a862-6682-4986-a2ee-2bff73453a91.jpg/480x360.jpg
c64c489f-5a96-45b1-923e-61ee8a88330b,mercedes-benz,slk 200,c,d,14990,8300,b,75977,08-2007,83.12124171830764,5598,https://prod.pictures.autoscout24.net/listing-images/c64c489f-5a96-45b1-923e-61ee8a88330b_01546a95-73b3-4056-a73a-a59385e88aaa.jpg/480x360.jpg
90dce729-d47b-4ecb-b830-2715e6382c70,mercedes-benz,e 220,c,p,14000,2400,d,150000,09-2010,54.46395713654512,4471,https://prod.pictures.autoscout24.net/listing-images/90dce729-d47b-4ecb-b830-2715e6382c70_1cd3f507-b1ab-41a4-95a4-c03649be9a1d.jpg/480x360.jpg
38ab063e-a8b3-4883-b2a7-cda6926e8cf1,mercedes-benz,e 220,c,p,12750,4032,d,185000,11-2012,124.36566499817849,3679,https://prod.pictures.autoscout24.net/listing-images/38ab063e-a8b3-4883-b2a7-cda6926e8cf1_0952a9b6-c27e-429b-a4ec-9df119df9c05.jpg/480x360.jpg
75a86dce-42bc-455a-9c5a-6f64fe6ad8a4,mercedes-benz,a 180,c,d,14900,3061,b,96200,12-2014,69.48348283820793,2919,https://prod.pictures.autoscout24.net/listing-images/75a86dce-42bc-455a-9c5a-6f64fe6ad8a4_72df5545-7b94-456e-9d9e-a09c759261f7.jpg/480x360.jpg
41646853-cef7-4999-a77d-f2a9933ec290,mercedes-benz,sl 350,c,d,14500,1420,b,153000,04-2003,87.49639779077864,7181,https://prod.pictures.autoscout24.net/listing-images/41646853-cef7-4999-a77d-f2a9933ec290_9eebb426-d398-49d0-9e68-8d41ed89a5c2.jpg/480x360.jpg
1dc80ea8-38ff-405d-bd39-6a6d391949e4,mercedes-benz,c 220,c,p,12000,8370,d,108000,09-2012,94.16785723715297,3740,https://prod.pictures.autoscout24.net/listing-images/1dc80ea8-38ff-405d-bd39-6a6d391949e4_0d419bb9-7c65-4351-bbe0-09b8f2581cc3.jpg/480x360.jpg
3dfa04e2-a793-43a3-876d-514607dedd92,mercedes-benz,c 180,c,p,12500,9150,d,116000,06-2012,35.01618584808545,3832,https://prod.pictures.autoscout24.net/listing-images/3dfa04e2-a793-43a3-876d-514607dedd92_83eaf5ac-c46a-47bf-80e0-50cb797d44bb.jpg/480x360.jpg
df9bbef9-7d36-4b32-b306-7a8e3efc7d28,mercedes-benz,e 220,c,d,12490,4684,d,195000,03-2011,117.23259981512291,4290,https://prod.pictures.autoscout24.net/listing-images/df9bbef9-7d36-4b32-b306-7a8e3efc7d28_d0e180d1-33cd-4ece-bc87-a1a0b857034f.jpg/480x360.jpg
dab8ee36-5e43-4766-84f6-5176e2af40f1,mercedes-benz,cla 180,c,p,12500,9000,b,189000,05-2013,69.99787275902874,3498,https://prod.pictures.autoscout24.net/listing-images/dab8ee36-5e43-4766-84f6-5176e2af40f1_ddd0fc6c-da66-4041-8c56-df033448dcd5.jpg/480x360.jpg
8a5c8422-d0e3-430e-a1d4-cbb33b5d00d5,mercedes-benz,e 220,c,d,11900,3550,d,151000,11-2009,75.75580829789837,4775,https://prod.pictures.autoscout24.net/listing-images/8a5c8422-d0e3-430e-a1d4-cbb33b5d00d5_50a2b682-2c20-4f4d-be02-49d25671a5ab.jpg/480x360.jpg
5317d5a6-08de-477e-9e06-1580a0fd6d73,mercedes-benz,e 220,c,d,12800,3630,d,117000,12-2009,102.97605198560623,4745,https://prod.pictures.autoscout24.net/listing-images/5317d5a6-08de-477e-9e06-1580a0fd6d73_2e59ec23-9b25-4eaa-bfda-ce93df8bf440.jpg/480x360.jpg
e370306f-a14c-4554-8eeb-8aac625e0df5,mercedes-benz,slk 200,c,d,12990,6061,b,138994,08-2006,117.55452099458994,5963,https://prod.pictures.autoscout24.net/listing-images/e370306f-a14c-4554-8eeb-8aac625e0df5_628aed14-edac-4c2b-b56a-e5f30292cf78.jpg/480x360.jpg
e8631811-442f-402c-b7a9-9d8cf1b253b0,mercedes-benz,b 180,c,d,13650,1820,b,104972,02-2012,61.11806276432271,3953,https://prod.pictures.autoscout24.net/listing-images/e8631811-442f-402c-b7a9-9d8cf1b253b0_093130db-a6cd-4c93-bece-2efa80690d00.jpg/480x360.jpg
c08ba162-3bce-4da0-8589-36de0ad9c4b5,mercedes-benz,e 200,c,d,14900,3500,d,165543,06-2014,86.84432103923942,3102,https://prod.pictures.autoscout24.net/listing-images/c08ba162-3bce-4da0-8589-36de0ad9c4b5_3062af81-3d2a-4741-b892-ff36e8280c98.jpg/480x360.jpg
4c94d12f-319b-4634-8965-00c79bde6f78,mercedes-benz,clk 200,c,p,12500,1000,b,88000,10-2007,69.17270624549755,5537,https://prod.pictures.autoscout24.net/listing-images/4c94d12f-319b-4634-8965-00c79bde6f78_2c1b1839-aa26-48b5-a1e5-3e1747baeef6.jpg/480x360.jpg
53a9ff4b-539e-4db7-b564-70bc505d9476,mercedes-benz,b 180,c,d,13490,7100,d,78353,03-2014,111.04432979756132,3194,https://prod.pictures.autoscout24.net/listing-images/53a9ff4b-539e-4db7-b564-70bc505d9476_6072698d-87a4-4ac8-8d41-7f706019b321.jpg/480x360.jpg
027c2cca-118b-47b5-a420-c130afc59ce6,mercedes-benz,b 200,c,d,12999,3630,b,148000,08-2017,102.97605198560623,1945,https://prod.pictures.autoscout24.net/listing-images/027c2cca-118b-47b5-a420-c130afc59ce6_2f19d8a1-3402-4341-9d12-79a28c2e7e86.jpg/480x360.jpg
a0005b3c-ccc6-4a93-9565-878f7b890cd3,mercedes-benz,a 180,c,d,14999,4000,d,160000,08-2014,118.53949006185148,3041,https://prod.pictures.autoscout24.net/listing-images/a0005b3c-ccc6-4a93-9565-878f7b890cd3_e3d818ec-24ef-489f-9872-adca7bd6a7da.jpg/480x360.jpg
41232e71-42d0-4b5c-9934-72bf89c0c068,mercedes-benz,e 220,c,p,11500,9900,d,180200,08-2011,70.67815356163106,4137,https://prod.pictures.autoscout24.net/listing-images/41232e71-42d0-4b5c-9934-72bf89c0c068_c965d4bd-14c3-4054-8c90-d07516bdb7f8.jpg/480x360.jpg
00d8b9a7-ec96-44b7-a5bb-30436f43b9d7,mercedes-benz,c 200,c,d,13500,1350,d,191300,03-2014,95.96766048140154,3194,https://prod.pictures.autoscout24.net/listing-images/00d8b9a7-ec96-44b7-a5bb-30436f43b9d7_169cb33e-daf6-4db0-b4bb-c50ec2da919b.jpg/480x360.jpg
43aa581e-1f04-4d05-b61d-3743d3c45578,mercedes-benz,cls 350,c,p,13500,4000,d,165000,06-2010,118.53949006185148,4563,https://prod.pictures.autoscout24.net/listing-images/43aa581e-1f04-4d05-b61d-3743d3c45578_51dbbf0d-6dce-431b-8ba8-43b18af8637f.jpg/480x360.jpg
82fd7df1-0b3a-46f2-8d5a-878628c7fd5a,mercedes-benz,e 200,c,p,13900,4700,d,157200,08-2011,143.97766881241236,4137,https://prod.pictures.autoscout24.net/listing-images/82fd7df1-0b3a-46f2-8d5a-878628c7fd5a_2c56b611-c044-4e46-8b8b-597d98fa53a8.jpg/480x360.jpg
b8c072d0-3cb5-4c63-8503-8572238e298d,mercedes-benz,c 200,c,p,10000,7890,d,147000,01-2013,98.53040663988133,3618,https://prod.pictures.autoscout24.net/listing-images/b8c072d0-3cb5-4c63-8503-8572238e298d_63bae905-3947-4c15-8953-ede42d7733c9.jpg/480x360.jpg
2e92da4d-87a3-4220-89cd-87dbc1b08eed,mercedes-benz,c 220,c,p,15000,8470,d,145000,10-2012,112.13867186558144,3710,https://prod.pictures.autoscout24.net/listing-images/2e92da4d-87a3-4220-89cd-87dbc1b08eed_495650eb-600e-4a10-bfe9-dbd2391d24cc.jpg/480x360.jpg
e6501e2f-47d9-4bd6-944a-384cb75201a4,mercedes-benz,c 200,c,d,8999,3020,d,135579,12-2011,64.4845066062384,4015,https://prod.pictures.autoscout24.net/listing-images/e6501e2f-47d9-4bd6-944a-384cb75201a4_cfe6a32a-2244-4d67-99b8-c46d6efd1119.jpg/480x360.jpg
970d19bd-fa67-4e4c-b3ec-53786fc27c0b,mercedes-benz,b 180,c,d,13950,2812,b,105268,06-2014,50.89171354630399,3102,https://prod.pictures.autoscout24.net/listing-images/970d19bd-fa67-4e4c-b3ec-53786fc27c0b_1a0c6ed6-b8e3-4cb5-b105-1ca269cc516b.jpg/480x360.jpg
a24f6c1f-6dc0-4198-88c6-0133c0f563bd,mercedes-benz,e 220,c,d,11900,9140,d,189000,11-2010,42.211874657394915,4410,https://prod.pictures.autoscout24.net/listing-images/a24f6c1f-6dc0-4198-88c6-0133c0f563bd_997a9912-68fa-415e-9f8d-4aac404df7d6.jpg/480x360.jpg
232857c5-42f8-4d65-bfef-2e02925e3168,mercedes-benz,a 180,c,p,15000,2830,b,139790,04-2013,45.04397020411872,3528,https://prod.pictures.autoscout24.net/listing-images/232857c5-42f8-4d65-bfef-2e02925e3168_a59fe150-6c4f-4a7a-8709-0f2dae76f4d4.jpg/480x360.jpg
85e40dc4-7196-4c95-9e0b-6f595125aeb2,mercedes-benz,a 180,c,d,13900,6200,d,116000,02-2014,119.77990387531518,3222,https://prod.pictures.autoscout24.net/listing-images/85e40dc4-7196-4c95-9e0b-6f595125aeb2_24d09008-ae4f-4ff7-8416-d2fd8fe42ac8.jpg/480x360.jpg
f414765e-a7d3-420a-a98b-46cacb7237e9,mercedes-benz,clk 200,c,p,15000,8980,b,70000,08-2000,124.20295196159874,8154,https://prod.pictures.autoscout24.net/listing-images/f414765e-a7d3-420a-a98b-46cacb7237e9_44bce78b-9aae-4579-a342-da7d1f3b87a9.jpg/480x360.jpg
f79a9004-9985-4d29-ad62-328bc3b4b513,mercedes-benz,e 220,c,p,13700,7080,d,132080,09-2011,124.84754400917438,4106,https://prod.pictures.autoscout24.net/listing-images/f79a9004-9985-4d29-ad62-328bc3b4b513_82832290-9bf8-4775-ad4e-a11396c38026.jpg/480x360.jpg
b5d7ef64-27e8-4d22-893c-ed5136ee1a25,mercedes-benz,ml 280,c,p,14000,9100,d,116864,05-2008,39.90739495574749,5324,https://prod.pictures.autoscout24.net/listing-images/b5d7ef64-27e8-4d22-893c-ed5136ee1a25_fcaa3cb3-4722-4e0e-b16f-775debc9d0cf.jpg/480x360.jpg
fd516b46-f6dc-4558-bc61-0ae83adecd9d,mercedes-benz,c 180,c,d,8990,7390,d,164000,06-2010,121.56764290915724,4563,https://prod.pictures.autoscout24.net/listing-images/fd516b46-f6dc-4558-bc61-0ae83adecd9d_d19d9f7a-9644-4384-a6ea-92f88e5139ed.jpg/480x360.jpg
20d0a76d-51d4-4d16-b8b3-c2c8a1b6681a,mercedes-benz,slk 200,c,d,13950,5032,b,137242,04-2008,104.3607303656295,5354,https://prod.pictures.autoscout24.net/listing-images/20d0a76d-51d4-4d16-b8b3-c2c8a1b6681a_cbfaa20e-fded-4aa4-9e69-7b6b2dfd9412.jpg/480x360.jpg
b8b3c2fd-fef3-4bd2-bdf0-eecf68975963,mercedes-benz,c 200,c,d,9999,3600,d,145456,12-2011,91.05707630102727,4015,https://prod.pictures.autoscout24.net/listing-images/b8b3c2fd-fef3-4bd2-bdf0-eecf68975963_9d1a6966-1e3e-49ee-8883-bd628f774171.jpg/480x360.jpg
5b56db50-0551-42d2-b679-fbf0ff0c9f39,mercedes-benz,slk 200,c,d,14900,6200,b,112000,05-2008,119.77990387531518,5324,https://prod.pictures.autoscout24.net/listing-images/5b56db50-0551-42d2-b679-fbf0ff0c9f39_231efdd1-2a1f-4402-88e2-e90ca1b9d5c5.jpg/480x360.jpg
0e2918fa-c090-470a-a7ed-ed36073f1ec2,mercedes-benz,clk 200,c,p,13750,3500,b,137000,12-2008,86.84432103923942,5110,https://prod.pictures.autoscout24.net/listing-images/0e2918fa-c090-470a-a7ed-ed36073f1ec2_90b4f49a-3ab3-4d06-8956-f6b86acd5b7a.jpg/480x360.jpg
51647c41-9135-42a1-b429-0dbd86e2dc8a,mercedes-benz,e 200,c,p,13500,7000,d,162000,03-2013,118.39471915054493,3559,https://prod.pictures.autoscout24.net/listing-images/51647c41-9135-42a1-b429-0dbd86e2dc8a_bb63ce37-1ad0-426c-9170-aadb9e8f7915.jpg/480x360.jpg
97525344-8f2c-4b76-aaea-995b5b76faf3,mercedes-benz,c 200,c,p,12000,2100,d,118900,11-2011,27.421552979694752,4045,https://prod.pictures.autoscout24.net/listing-images/97525344-8f2c-4b76-aaea-995b5b76faf3_2076fa05-f22d-47d9-96b7-6373376c0bf0.jpg/480x360.jpg
a8d6d9f7-a269-4ea4-97d3-5d8bc5994848,mercedes-benz,a 180,c,d,14600,8860,d,99500,09-2015,107.47860619254739,2645,https://prod.pictures.autoscout24.net/listing-images/a8d6d9f7-a269-4ea4-97d3-5d8bc5994848_cd73a3fc-021c-45e4-b8d1-e566c5a0be45.jpg/480x360.jpg
fb7620c3-11f9-4c65-8d7a-f30aa289be4b,mercedes-benz,c 220,c,p,13500,4450,d,180769,11-2012,114.45150919355073,3679,https://prod.pictures.autoscout24.net/listing-images/fb7620c3-11f9-4c65-8d7a-f30aa289be4b_4934bf25-8ee4-4093-827e-bbf84b28add6.jpg/480x360.jpg
316653ad-808f-4d9b-8447-264423b7a319,mercedes-benz,e 200,c,p,14000,3770,d,157000,07-2013,107.37770611416195,3437,https://prod.pictures.autoscout24.net/listing-images/316653ad-808f-4d9b-8447-264423b7a319_83b34a47-6ed1-45f0-ab22-0c0c2ee3c68e.jpg/480x360.jpg
908c729c-79fe-4ddf-8aa2-da5089a384b6,mercedes-benz,e 220,c,d,10500,1800,d,195000,11-2012,60.05560122441548,3679,https://prod.pictures.autoscout24.net/listing-images/908c729c-79fe-4ddf-8aa2-da5089a384b6_0cd5c11e-1af4-426b-a08f-6dcccc360e56.jpg/480x360.jpg
1f3da6f0-4139-4529-ba2a-0659f5d52396,mercedes-benz,e 350,c,d,11900,2100,d,258980,06-2009,27.421552979694752,4928,https://prod.pictures.autoscout24.net/listing-images/1f3da6f0-4139-4529-ba2a-0659f5d52396_acb0f844-29b4-4912-9a40-dd60de079a23.jpg/480x360.jpg
44a2ab6d-750a-429e-ada2-c0aaaa7c08ac,mercedes-benz,e 220,c,d,11900,9140,d,181000,01-2013,42.211874657394915,3618,https://prod.pictures.autoscout24.net/listing-images/44a2ab6d-750a-429e-ada2-c0aaaa7c08ac_ac2b7b9c-8f3a-457d-a810-6e83a3a769c0.jpg/480x360.jpg
8e332044-c9a9-4df9-815b-a9269b58b1b4,mercedes-benz,s 320,c,d,14900,5060,d,100000,06-2004,116.00750129472273,6754,https://prod.pictures.autoscout24.net/listing-images/8e332044-c9a9-4df9-815b-a9269b58b1b4_3383e616-83c9-4e77-808f-9da0edc358b2.jpg/480x360.jpg
113be97a-47c4-4f4b-b811-615a29116fd8,mercedes-benz,e 220,c,d,13990,6200,d,114000,10-2010,119.77990387531518,4441,https://prod.pictures.autoscout24.net/listing-images/113be97a-47c4-4f4b-b811-615a29116fd8_74b9288b-3cc9-49da-a81a-8492396f4d13.jpg/480x360.jpg
c7d99d78-25d7-4771-9c2c-6b6dd4e36c04,mercedes-benz,c 180,c,d,10400,2660,d,100000,07-2012,33.51153490320288,3802,https://prod.pictures.autoscout24.net/listing-images/c7d99d78-25d7-4771-9c2c-6b6dd4e36c04_aa6d1cad-eaef-4147-9578-95db3f04c683.jpg/480x360.jpg
59a06887-1d15-4d0c-9fea-207bc8b60a65,mercedes-benz,clk 55 amg,c,p,11000,6900,b,125000,06-2003,152.64983349574425,7120,https://prod.pictures.autoscout24.net/listing-images/59a06887-1d15-4d0c-9fea-207bc8b60a65_7f46d498-6be0-4de0-877c-319d43e0c28e.jpg/480x360.jpg
f961551e-f96a-4c2a-9577-7cfab9e2dfcb,mercedes-benz,c 200,c,p,13450,9280,d,190000,04-2017,57.52425726435139,2067,https://prod.pictures.autoscout24.net/listing-images/f961551e-f96a-4c2a-9577-7cfab9e2dfcb_c7a95d4f-9cb2-441b-ba49-c2b09c3d7c30.jpg/480x360.jpg
f018524e-2428-4f0a-b620-812202e8607d,mercedes-benz,e 220,c,d,10500,2550,d,175000,02-2010,37.36039038956695,4683,https://prod.pictures.autoscout24.net/listing-images/f018524e-2428-4f0a-b620-812202e8607d_1ae1129c-db10-40aa-bf1a-f9ecbd3ba825.jpg/480x360.jpg
7652e287-c89a-4653-86da-772a6551b110,mercedes-benz,e 200,c,d,10500,4000,d,175000,07-2010,118.53949006185148,4533,https://prod.pictures.autoscout24.net/listing-images/7652e287-c89a-4653-86da-772a6551b110_e587a414-5b06-4193-94e6-9d69bf2e9973.jpg/480x360.jpg
dec8590e-f7f8-4558-920e-d17becf8a6d4,mercedes-benz,c 180,c,d,9490,6061,d,133112,12-2012,117.55452099458994,3649,https://prod.pictures.autoscout24.net/listing-images/dec8590e-f7f8-4558-920e-d17becf8a6d4_19508199-ec92-4fd7-a290-af5a07d580f1.jpg/480x360.jpg
72642d03-ad12-4bd2-b16c-1b3d82fd37ae,mercedes-benz,e 200,c,p,13000,4000,d,129000,01-2012,118.53949006185148,3984,https://prod.pictures.autoscout24.net/listing-images/72642d03-ad12-4bd2-b16c-1b3d82fd37ae_a01374c3-6c3c-4386-baca-9d56796ed95c.jpg/480x360.jpg
5f9d080b-6e74-45fc-b978-c0d6140237d8,mercedes-benz,c 200,c,d,12900,4840,b,132914,10-2011,138.07709145022378,4076,https://prod.pictures.autoscout24.net/listing-images/5f9d080b-6e74-45fc-b978-c0d6140237d8_835a0ef8-9574-4844-a5b0-654dfdb09d52.jpg/480x360.jpg
84966df4-60a2-4cbc-83c6-436977fa6d01,mercedes-benz,a 160,c,p,15000,1140,d,63850,04-2014,66.17447866127165,3163,https://prod.pictures.autoscout24.net/listing-images/84966df4-60a2-4cbc-83c6-436977fa6d01_cf0a36aa-f84a-493f-920d-8c19f67040ba.jpg/480x360.jpg
180ede10-72d5-48a4-95e6-8e8efdae9734,mercedes-benz,c 180,c,d,13990,7131,d,209000,04-2016,119.34870957431832,2432,https://prod.pictures.autoscout24.net/listing-images/180ede10-72d5-48a4-95e6-8e8efdae9734_67a534ee-eb41-4a4a-b9b6-b10ffbb1ff3d.jpg/480x360.jpg
fda96418-68a2-4ec1-adcd-1b279696f251,mercedes-benz,slk 200,c,d,13900,6220,b,71000,10-2005,109.54249226439103,6267,https://prod.pictures.autoscout24.net/listing-images/fda96418-68a2-4ec1-adcd-1b279696f251_ae03174d-cc04-4529-8e76-af0ac259224c.jpg/480x360.jpg
ce048d49-2a9d-4bcd-b270-e98f82920f41,mercedes-benz,c 220,c,p,13000,8370,d,108000,09-2012,94.16785723715297,3740,https://prod.pictures.autoscout24.net/listing-images/ce048d49-2a9d-4bcd-b270-e98f82920f41_b0e93e83-74da-4604-af47-c1c93888c743.jpg/480x360.jpg
2fd00337-3bf3-4c92-b01e-f5a6ccde68ea,mercedes-benz,b 180,c,d,13490,7033,d,103519,07-2014,120.92234590410432,3072,https://prod.pictures.autoscout24.net/listing-images/2fd00337-3bf3-4c92-b01e-f5a6ccde68ea_cf9e0308-aac0-4138-96d9-97215545797c.jpg/480x360.jpg
a9a75cfe-1395-4eee-87d1-f8c6dbd7a7f5,mercedes-benz,slk 200,c,d,11450,6200,b,125000,10-2005,119.77990387531518,6267,https://prod.pictures.autoscout24.net/listing-images/a9a75cfe-1395-4eee-87d1-f8c6dbd7a7f5_59ccbaae-d1ed-4bc7-a4e5-f54c5499b8a7.jpg/480x360.jpg
98f0af35-e51c-4a97-a06f-fc2f7bd173f5,mercedes-benz,clk 320,c,p,8250,4000,b,140000,05-2004,118.53949006185148,6785,https://prod.pictures.autoscout24.net/listing-images/98f0af35-e51c-4a97-a06f-fc2f7bd173f5_cf840623-18d9-423c-8d2a-5deacfd90015.jpg/480x360.jpg
e4b12030-3290-487a-b8d7-c85d00b49710,mercedes-benz,a 180,c,p,13800,8200,b,96000,01-2013,93.81651363169982,3618,https://prod.pictures.autoscout24.net/listing-images/e4b12030-3290-487a-b8d7-c85d00b49710_1c411982-7d5e-4a6f-b0b4-d558d6fb10e7.jpg/480x360.jpg
c4fa0343-080b-4a75-a34b-0c41e30c2c12,mercedes-benz,c 180,c,p,9900,4800,d,125000,12-2011,137.3735948615729,4015,https://prod.pictures.autoscout24.net/listing-images/c4fa0343-080b-4a75-a34b-0c41e30c2c12_15e3b81a-e8e4-4cd6-884e-bd7926ff4d4f.jpg/480x360.jpg
08d62331-7087-4971-ba45-c78e38b713f9,mercedes-benz,glk 200,c,d,11990,5600,d,218000,11-2014,141.55185821596254,2949,https://prod.pictures.autoscout24.net/listing-images/08d62331-7087-4971-ba45-c78e38b713f9_86a44aca-d043-4c80-b206-fc2446d866c7.jpg/480x360.jpg
faea1dc4-1aaa-4571-8b12-e9516695b888,mercedes-benz,clc,c,d,9500,7120,b,119000,09-2008,126.85657914067737,5201,https://prod.pictures.autoscout24.net/listing-images/faea1dc4-1aaa-4571-8b12-e9516695b888_79e3599c-7e6d-49d9-a1c5-a6b01f8d320f.jpg/480x360.jpg
82c002e4-656e-4112-aba4-fa2c8de44cda,mercedes-benz,a 180,c,d,14950,9402,d,116356,06-2015,77.6485465586824,2737,https://prod.pictures.autoscout24.net/listing-images/82c002e4-656e-4112-aba4-fa2c8de44cda_aae8ff11-980b-4c09-b790-e056f41ad5f0.jpg/480x360.jpg
8a71eb08-2051-4a59-9c66-eec790b61692,mercedes-benz,e 200,c,p,10000,2600,d,187500,01-2010,30.98226947130947,4714,https://prod.pictures.autoscout24.net/listing-images/8a71eb08-2051-4a59-9c66-eec790b61692_4703c71e-d26e-4ccd-89bd-556f6f728572.jpg/480x360.jpg
024ba40d-2869-45ce-a9e2-4747455edf2a,mercedes-benz,glk 320,c,p,13999,2310,d,142827,03-2009,24.21853136100992,5020,https://prod.pictures.autoscout24.net/listing-images/024ba40d-2869-45ce-a9e2-4747455edf2a_87526c96-6d72-4b29-9f1a-f30e18655bff.jpg/480x360.jpg
7cbbd032-3dc7-40b9-848a-1075bc7468a5,mercedes-benz,a 180,c,d,14999,8000,b,122000,02-2015,90.37195651627515,2857,https://prod.pictures.autoscout24.net/listing-images/7cbbd032-3dc7-40b9-848a-1075bc7468a5_982da7f4-627d-4b48-acb9-ca9b0233eb51.jpg/480x360.jpg
a1a274f9-5a6a-42da-bc18-03d1988f4be8,mercedes-benz,e 500,c,d,11990,3960,b,91699,05-2006,88.39034768583157,6055,https://prod.pictures.autoscout24.net/listing-images/a1a274f9-5a6a-42da-bc18-03d1988f4be8_9a608d67-43f0-469d-a6ef-e2d04b2aa897.jpg/480x360.jpg
633177cf-fd8a-41cc-ba67-d677568f2981,mercedes-benz,200,c,p,8500,3580,b,49300,03-1965,70.28501501852342,21091,https://prod.pictures.autoscout24.net/listing-images/633177cf-fd8a-41cc-ba67-d677568f2981_4efe2360-b640-4d9f-a4ef-4d968b2ecc9d.jpg/480x360.jpg
70e400a7-4fbb-4860-96e2-ebc37f492deb,mercedes-benz,a 180,c,d,14520,3840,d,157732,03-2017,95.80189373827943,2098,https://prod.pictures.autoscout24.net/listing-images/70e400a7-4fbb-4860-96e2-ebc37f492deb_11e8a8e0-6786-46a9-b07c-68d77ffbe29e.jpg/480x360.jpg
cf423b5c-5ec5-41af-af75-f940b6429c63,mercedes-benz,slk 200,c,p,11000,8720,b,105000,03-2006,94.6941763038807,6116,https://prod.pictures.autoscout24.net/listing-images/cf423b5c-5ec5-41af-af75-f940b6429c63_9a49a562-9b71-4b2c-a9d9-c426a9d5aad7.jpg/480x360.jpg
2f64df76-3a99-421d-9124-fbe3e7e191f8,mercedes-benz,c 220,c,d,14500,6200,d,180000,06-2015,119.77990387531518,2737,https://prod.pictures.autoscout24.net/listing-images/2f64df76-3a99-421d-9124-fbe3e7e191f8_762dabb9-cdd1-4a1d-9d03-d62664776391.jpg/480x360.jpg
a5f81e7b-2921-464a-a1cd-f7b9375561b2,mercedes-benz,s 320,c,d,9990,3545,d,207494,01-2009,69.86186323279148,5079,https://prod.pictures.autoscout24.net/listing-images/a5f81e7b-2921-464a-a1cd-f7b9375561b2_72f5e25a-c633-4ab4-ae0f-6a56175cce5e.jpg/480x360.jpg
e453a1b9-9ab2-46b4-92be-1ce403839967,mercedes-benz,a 160,c,d,12800,4000,d,99016,04-2015,118.53949006185148,2798,https://prod.pictures.autoscout24.net/listing-images/e453a1b9-9ab2-46b4-92be-1ce403839967_64d0f4df-63f6-46d5-924c-acd4fe852c4b.jpg/480x360.jpg
6a114d1b-1501-4680-b928-c9bc1740930f,mercedes-benz,a 180,c,p,13950,3620,b,98000,11-2013,104.36478822085542,3314,https://prod.pictures.autoscout24.net/listing-images/6a114d1b-1501-4680-b928-c9bc1740930f_cc418e87-6b9d-4377-bb67-afda3d9026b1.jpg/480x360.jpg
9ef1ca09-9660-4eb6-9753-1f22b7f6b721,mercedes-benz,c 220,c,p,14999,3891,d,157000,12-2013,93.68585311287457,3284,https://prod.pictures.autoscout24.net/listing-images/9ef1ca09-9660-4eb6-9753-1f22b7f6b721_da548910-d5f2-4cec-9b0d-a343bd53b89a.jpg/480x360.jpg
05475b95-08a6-48b2-a5b7-d9d33c0ed021,mercedes-benz,e 220,c,p,12500,1410,d,170873,02-2011,83.89428081314767,4318,https://prod.pictures.autoscout24.net/listing-images/05475b95-08a6-48b2-a5b7-d9d33c0ed021_0f737dcd-6cb2-40a7-9421-cec34ee36703.jpg/480x360.jpg
95674063-b4da-49fd-ade1-a5c448af56dd,mercedes-benz,b 180,c,d,13990,6200,d,79000,02-2014,119.77990387531518,3222,https://prod.pictures.autoscout24.net/listing-images/95674063-b4da-49fd-ade1-a5c448af56dd_eaa69b67-1bf2-4d3e-b914-42f803ae5fbf.jpg/480x360.jpg
5a86e3a8-37e9-42d1-9c6a-a39126d6c78f,mercedes-benz,e 250,c,d,10999,3630,d,208000,11-2009,102.97605198560623,4775,https://prod.pictures.autoscout24.net/listing-images/5a86e3a8-37e9-42d1-9c6a-a39126d6c78f_14befd95-9774-471d-a5d7-7951434687f7.jpg/480x360.jpg
83bf1f18-a00e-448c-a8d2-2e20685aef71,mercedes-benz,e 200,c,d,6900,1600,d,165000,02-2008,78.61296004280759,5414,https://prod.pictures.autoscout24.net/listing-images/83bf1f18-a00e-448c-a8d2-2e20685aef71_d0ff8390-1b37-4d6f-aab4-52743fc9d46a.jpg/480x360.jpg
db472e70-b8a3-498a-97d0-6781dd30fd44,mercedes-benz,a 180,c,d,13990,6200,d,139088,06-2013,119.77990387531518,3467,https://prod.pictures.autoscout24.net/listing-images/db472e70-b8a3-498a-97d0-6781dd30fd44_cf2a2a5d-117a-4e6a-8fb8-29c33150ffe7.jpg/480x360.jpg
8d6289c7-66b0-493e-a7df-95c3942a479f,mercedes-benz,380,c,d,7990,4600,b,139256,06-1985,117.87746038285867,13694,https://prod.pictures.autoscout24.net/listing-images/8d6289c7-66b0-493e-a7df-95c3942a479f_71671c8d-1084-4d7c-a46e-4a799f413146.jpg/480x360.jpg
f14c502e-5d2a-42d5-a2b6-aa5a813f8e1a,mercedes-benz,e 200,c,p,14950,1731,d,171000,09-2014,64.67551938133373,3010,https://prod.pictures.autoscout24.net/listing-images/f14c502e-5d2a-42d5-a2b6-aa5a813f8e1a_6c0ac96d-b3f5-4abb-9734-7f9d45a6cebe.jpg/480x360.jpg
abaf95f8-d949-4227-9c8e-76392e93a283,mercedes-benz,200,c,p,9450,8720,d,155000,09-2012,94.6941763038807,3740,https://prod.pictures.autoscout24.net/listing-images/abaf95f8-d949-4227-9c8e-76392e93a283_d4859207-69ed-48ae-b788-4c5fe8772cf1.jpg/480x360.jpg
2b9574d5-0741-4695-b7b7-e3f3d7f6c8af,mercedes-benz,ce 230,c,d,14990,4710,b,170000,07-1992,138.55074659169972,11107,https://prod.pictures.autoscout24.net/listing-images/2b9574d5-0741-4695-b7b7-e3f3d7f6c8af_e46d08a9-b959-4e4b-80b3-27d754955a2f.jpg/480x360.jpg
c1161703-4ea1-4ad9-9993-22b9162c5d7d,mercedes-benz,e 220,c,p,10500,8300,d,181000,01-2013,83.12124171830764,3618,https://prod.pictures.autoscout24.net/listing-images/c1161703-4ea1-4ad9-9993-22b9162c5d7d_187e4a56-4927-42dc-8070-47e37610e2d1.jpg/480x360.jpg
19e43ec0-de39-4ff9-85e1-fca265f154f7,mercedes-benz,e 200,c,d,11950,6220,d,105000,10-2007,109.54249226439103,5537,https://prod.pictures.autoscout24.net/listing-images/19e43ec0-de39-4ff9-85e1-fca265f154f7_57ea6747-5daa-43ed-8df7-ba1602cd18e9.jpg/480x360.jpg
4da3f885-e865-463b-9115-54f602b4fc8d,mercedes-benz,c 200,c,p,10500,1800,d,140999,04-2012,60.05560122441548,3893,https://prod.pictures.autoscout24.net/listing-images/4da3f885-e865-463b-9115-54f602b4fc8d_5a44b4a3-ef54-4762-a46d-88a630eb74c6.jpg/480x360.jpg
74df09b0-47e6-47fc-903a-a41d2e3ac0f7,mercedes-benz,slk 200,c,p,14950,8710,b,94600,05-2008,99.69669111251099,5324,https://prod.pictures.autoscout24.net/listing-images/74df09b0-47e6-47fc-903a-a41d2e3ac0f7_ddf7d95f-5bfa-4252-a494-5d2d01affaf9.jpg/480x360.jpg
2489473c-74c8-45ff-9e4d-fe316e79b03d,mercedes-benz,clk 200,c,d,10450,5580,b,71000,02-2005,153.28424572738868,6509,https://prod.pictures.autoscout24.net/listing-images/2489473c-74c8-45ff-9e4d-fe316e79b03d_f13fa133-416b-4ba1-aefb-10f26ffc5216.jpg/480x360.jpg
7548b2d8-8a48-46fd-8910-e1b302249a21,mercedes-benz,b 180,c,d,14490,7390,d,152000,10-2015,121.56764290915724,2615,https://prod.pictures.autoscout24.net/listing-images/7548b2d8-8a48-46fd-8910-e1b302249a21_f2230c8a-69aa-4b58-b108-d88ce9921296.jpg/480x360.jpg
cdb5e73e-85f5-4104-abb9-ceef735bbcb9,mercedes-benz,c 200,c,p,8250,4800,d,180000,11-2010,137.3735948615729,4410,https://prod.pictures.autoscout24.net/listing-images/cdb5e73e-85f5-4104-abb9-ceef735bbcb9_028b4094-24e4-491c-b4cc-91f42a7ad5dd.jpg/480x360.jpg
af917673-0351-40af-9286-b6f287f67875,mercedes-benz,clc,c,d,7999,1820,d,138925,02-2011,61.11806276432271,4318,https://prod.pictures.autoscout24.net/listing-images/af917673-0351-40af-9286-b6f287f67875_d9f4f2ce-2b84-41c6-af2c-8d3efce43531.jpg/480x360.jpg
b0f6adf0-2f6b-410b-bf21-95d63e095e21,mercedes-benz,b 200,c,d,13900,6061,d,85000,04-2015,117.55452099458994,2798,https://prod.pictures.autoscout24.net/listing-images/b0f6adf0-2f6b-410b-bf21-95d63e095e21_df462e76-8164-474a-b447-fd9070328e5b.jpg/480x360.jpg
2d81fc00-d003-4d36-9e5e-0621734bc691,mercedes-benz,e 200,c,p,14500,1210,d,185000,06-2012,68.61361841336421,3832,https://prod.pictures.autoscout24.net/listing-images/2d81fc00-d003-4d36-9e5e-0621734bc691_834b2388-ac95-42fc-b94d-3f3a2eb4ac39.jpg/480x360.jpg
044fa5b1-a21d-4d95-ac3f-18cff2a617c2,mercedes-benz,c 220,c,d,11900,2160,d,210400,06-2012,29.52364933489528,3832,https://prod.pictures.autoscout24.net/listing-images/044fa5b1-a21d-4d95-ac3f-18cff2a617c2_5e4f2ccf-f830-4167-89f6-3361db8dd515.jpg/480x360.jpg
bb81234f-4872-4696-8b5b-0467ac8e7e70,mercedes-benz,e 220,c,d,12900,9810,d,237222,02-2012,80.58546176841949,3953,https://prod.pictures.autoscout24.net/listing-images/bb81234f-4872-4696-8b5b-0467ac8e7e70_9b3a8aa2-4f69-4e20-8d18-5694a08ebe4e.jpg/480x360.jpg
c527ab49-f291-457b-aa46-a13235f7f020,mercedes-benz,280,c,d,12990,2660,b,185000,02-1981,33.51153490320288,15275,https://prod.pictures.autoscout24.net/listing-images/c527ab49-f291-457b-aa46-a13235f7f020_9481bccd-970d-44fc-9fec-ad66f0bf0683.jpg/480x360.jpg
04b1ba29-3f59-464b-947d-389e21b6c3d1,mercedes-benz,b 180,c,d,10999,3600,d,121644,09-2013,91.05707630102727,3375,https://prod.pictures.autoscout24.net/listing-images/04b1ba29-3f59-464b-947d-389e21b6c3d1_feefad4e-eba1-4074-bdec-7e19066342c4.jpg/480x360.jpg
c72cc493-c171-4a3d-835f-dfdd3b0cedd8,mercedes-benz,c 180,c,d,10999,9250,d,143000,12-2012,48.29700857036449,3649,https://prod.pictures.autoscout24.net/listing-images/c72cc493-c171-4a3d-835f-dfdd3b0cedd8_436ded97-0bed-4a62-b995-57ef79a69552.jpg/480x360.jpg
8cffbe9a-729c-45ed-a20e-8f3445514f29,mercedes-benz,b 180,c,d,13500,7033,d,152000,05-2014,120.92234590410432,3133,https://prod.pictures.autoscout24.net/listing-images/8cffbe9a-729c-45ed-a20e-8f3445514f29_f43ca967-463c-4439-94c7-9d4f776b2af4.jpg/480x360.jpg
d8a9210f-7cc5-4d55-8256-9b4c5e2856f0,mercedes-benz,e 200,c,p,10550,1030,d,196000,02-2010,66.85598932704684,4683,https://prod.pictures.autoscout24.net/listing-images/d8a9210f-7cc5-4d55-8256-9b4c5e2856f0_fcaaadf4-e98c-437b-86fd-dbe1a775c9b3.jpg/480x360.jpg
c664e6c0-e6ec-48d7-ba90-8c8e85d8a894,mercedes-benz,c 180,c,p,12000,9300,d,123000,04-2012,66.4098627619792,3893,https://prod.pictures.autoscout24.net/listing-images/c664e6c0-e6ec-48d7-ba90-8c8e85d8a894_08b75018-5c0f-4b32-9698-9d58d7e09ff6.jpg/480x360.jpg
c6f1d145-2eb7-4ceb-bb7f-913089ebc42d,mercedes-benz,s 500,c,d,12500,2547,b,269000,04-2008,37.9441917128707,5354,https://prod.pictures.autoscout24.net/listing-images/c6f1d145-2eb7-4ceb-bb7f-913089ebc42d_4a739ca5-78ed-447d-ba23-f9a910b1a6d3.jpg/480x360.jpg
094296a6-5ff0-41dc-be5d-adbf880ea148,mercedes-benz,clc,c,d,7450,4520,d,95000,11-2008,112.57318942534252,5140,https://prod.pictures.autoscout24.net/listing-images/094296a6-5ff0-41dc-be5d-adbf880ea148_67493eec-bb33-4f32-8bcc-d4abcd8170c5.jpg/480x360.jpg
030ba204-be76-44da-9866-a75e38c9e766,mercedes-benz,sl 560,c,p,13950,3900,b,126400,04-1988,71.7180365522782,12659,https://prod.pictures.autoscout24.net/listing-images/030ba204-be76-44da-9866-a75e38c9e766_babfb33a-2fa8-43a1-92c1-9ab9c2729ab2.jpg/480x360.jpg
ecb0240d-1e99-4f93-b799-6a3c195ac24f,mercedes-benz,c 220,c,p,10100,2800,d,138000,09-2010,49.170515286575046,4471,https://prod.pictures.autoscout24.net/listing-images/ecb0240d-1e99-4f93-b799-6a3c195ac24f_f5be4b96-b2ff-4d85-a526-d66202400f1f.jpg/480x360.jpg
5eb1c5ed-a4ec-49f3-b9c1-54fb42bce458,mercedes-benz,e 250,c,p,12000,1120,d,219000,05-2012,62.742598438003384,3863,https://prod.pictures.autoscout24.net/listing-images/5eb1c5ed-a4ec-49f3-b9c1-54fb42bce458_8a79071f-6a5a-4cb5-b0e4-ea9b8d2d47fb.jpg/480x360.jpg
c9029eef-54d5-4a44-92a4-cc0d01a6a849,mercedes-benz,a 180,c,p,14000,5060,d,137000,01-2015,116.00750129472273,2888,https://prod.pictures.autoscout24.net/listing-images/c9029eef-54d5-4a44-92a4-cc0d01a6a849_c119a64d-51cf-4568-8670-fbbec2b15807.jpg/480x360.jpg
f1d807ad-5097-40ab-8534-5cc96daf20a7,mercedes-benz,c 220,c,p,13000,8400,d,117000,07-2012,110.03239888716801,3802,https://prod.pictures.autoscout24.net/listing-images/f1d807ad-5097-40ab-8534-5cc96daf20a7_9d5a7030-e251-40af-8f2e-2d65fd341993.jpg/480x360.jpg
0eb29a12-bc23-48f5-b3e1-b4f180eea782,mercedes-benz,slk 200,c,p,8500,1301,b,67000,08-2001,84.5190781907067,7789,https://prod.pictures.autoscout24.net/listing-images/0eb29a12-bc23-48f5-b3e1-b4f180eea782_3935d9d4-8c8d-4b91-853b-eb92b18e04ad.jpg/480x360.jpg
c8805b3a-60ca-423a-84d4-9007f39f6274,mercedes-benz,b 180,c,d,14250,5060,b,81479,01-2014,116.00750129472273,3253,https://prod.pictures.autoscout24.net/listing-images/c8805b3a-60ca-423a-84d4-9007f39f6274_6a3d8d08-8f44-4204-8ec6-6d72cedad0f2.jpg/480x360.jpg
a77c2bbf-dab2-4fd9-bb65-886028cf2091,mercedes-benz,c 180,c,d,12999,3630,d,120000,05-2012,102.97605198560623,3863,https://prod.pictures.autoscout24.net/listing-images/a77c2bbf-dab2-4fd9-bb65-886028cf2091_a99fb311-e2c0-409d-841c-6b2303330bab.jpg/480x360.jpg
c48d7d31-0f03-47f2-80b4-e46a2c801500,mercedes-benz,c 200,c,d,7900,4837,d,170000,03-2011,141.89823462131352,4290,https://prod.pictures.autoscout24.net/listing-images/c48d7d31-0f03-47f2-80b4-e46a2c801500_4de226ca-d177-463e-9368-d4a4357be056.jpg/480x360.jpg
9d9f5303-e246-4a88-9c7e-38919b342dde,mercedes-benz,c 200,c,p,12250,2910,d,139500,03-2013,0.0,3559,https://prod.pictures.autoscout24.net/listing-images/9d9f5303-e246-4a88-9c7e-38919b342dde_b705079e-24b6-489b-81e6-ecbd0e34f051.jpg/480x360.jpg
257588fc-43ec-4369-b270-1797912f88cc,mercedes-benz,clk 240,c,d,13500,8460,b,54634,02-2004,106.3135242476771,6875,https://prod.pictures.autoscout24.net/listing-images/257588fc-43ec-4369-b270-1797912f88cc_6fd09ec9-6b14-4454-8a4a-c06ace7fa7e6.jpg/480x360.jpg
80f9f760-e593-4471-a977-e1084de40acc,mercedes-benz,e 200,c,d,12499,3630,d,200000,07-2013,102.97605198560623,3437,https://prod.pictures.autoscout24.net/listing-images/80f9f760-e593-4471-a977-e1084de40acc_517d670c-2963-4be0-9f0f-43cb4cc4316a.jpg/480x360.jpg
773b6df0-305c-4365-b91f-1e61347aa680,mercedes-benz,e 200,c,p,12600,1820,d,146000,09-2011,61.11806276432271,4106,https://prod.pictures.autoscout24.net/listing-images/773b6df0-305c-4365-b91f-1e61347aa680_68e34eeb-d63f-463e-8be0-4c92a48d1ee8.jpg/480x360.jpg
c4cfc982-4d9a-4709-a527-0e7c4d66cd89,mercedes-benz,c 200,c,p,13500,4987,d,92200,03-2010,151.8685002454124,4655,https://prod.pictures.autoscout24.net/listing-images/c4cfc982-4d9a-4709-a527-0e7c4d66cd89_04b18263-87ab-4f0f-9062-797924e91e4f.jpg/480x360.jpg
87062525-9880-49d8-b2f1-f8bc5f76bd1a,mercedes-benz,sl 280,c,d,14950,9880,b,213549,01-1977,82.30703511379957,16767,https://prod.pictures.autoscout24.net/listing-images/87062525-9880-49d8-b2f1-f8bc5f76bd1a_4a9408b3-981f-4a4f-923f-e38e4ab6d750.jpg/480x360.jpg
d5d8c4bf-3407-43a2-87f0-232efc62dc3c,mercedes-benz,e 200,c,d,14400,6700,d,288000,01-2014,222.44484417522085,3253,https://prod.pictures.autoscout24.net/listing-images/d5d8c4bf-3407-43a2-87f0-232efc62dc3c_3c7b2b19-410b-4d4e-b67a-cb95ca76f58b.jpg/480x360.jpg
ba2d253c-4734-484b-9e69-810eafaaca2b,mercedes-benz,c 200,c,d,12500,7134,d,145714,10-2011,116.23444273110738,4076,https://prod.pictures.autoscout24.net/listing-images/ba2d253c-4734-484b-9e69-810eafaaca2b_0842ddb0-a454-4203-8216-f949f64cddee.jpg/480x360.jpg
d596c46a-caec-4e8d-a858-3dfc03b86b54,mercedes-benz,c 220,c,d,5490,7170,d,198000,01-2014,108.4792868516476,3253,https://prod.pictures.autoscout24.net/listing-images/d596c46a-caec-4e8d-a858-3dfc03b86b54_c0bc7aeb-63d1-497a-8f26-4e66b5ab9b83.jpg/480x360.jpg
ab13a231-b82d-4e82-8868-6190a9ce0a2b,mercedes-benz,c 200,c,d,11900,4300,d,150750,05-2013,100.81569162486942,3498,https://prod.pictures.autoscout24.net/listing-images/ab13a231-b82d-4e82-8868-6190a9ce0a2b_3ee96ecd-ce9c-41ac-b26d-d4307fd46ffe.jpg/480x360.jpg
3635d2f1-08cb-437a-bd70-eb5a76197eca,mercedes-benz,c 200,c,d,12000,4000,d,111265,07-2011,118.53949006185148,4168,https://prod.pictures.autoscout24.net/listing-images/3635d2f1-08cb-437a-bd70-eb5a76197eca_171f8263-facd-4988-a59b-790dbe37fa33.jpg/480x360.jpg
20dfc794-7a81-4520-b5bb-f1dc410b9102,mercedes-benz,300,c,d,6000,8830,b,179000,07-1989,110.14495439154433,12203,https://prod.pictures.autoscout24.net/listing-images/20dfc794-7a81-4520-b5bb-f1dc410b9102_3d62ee36-8c8b-4548-9913-7480a7c6316e.jpg/480x360.jpg
d3e7c344-dcd5-49f5-b7ff-30f4fe5d0437,mercedes-benz,a 160,c,p,13900,2170,d,162000,02-2015,24.69103588100009,2857,https://prod.pictures.autoscout24.net/listing-images/d3e7c344-dcd5-49f5-b7ff-30f4fe5d0437_55f158e3-a05b-41ea-bb19-8c2504286fa0.jpg/480x360.jpg
ae8919ab-35c4-48ae-a74a-81fffc15283f,mercedes-benz,e 200,c,d,12499,1410,d,176000,04-2010,83.89428081314767,4624,https://prod.pictures.autoscout24.net/listing-images/ae8919ab-35c4-48ae-a74a-81fffc15283f_e9fed20c-2453-45d6-aab6-630d7fea9a93.jpg/480x360.jpg
210eacf9-c1e1-4f09-8576-b12228e84519,mercedes-benz,a 180,c,d,12950,9100,d,170100,06-2014,39.90739495574749,3102,https://prod.pictures.autoscout24.net/listing-images/210eacf9-c1e1-4f09-8576-b12228e84519_73709de9-de7c-4db1-bf6d-1254a83eaca6.jpg/480x360.jpg
ad78bc18-0824-43e4-bd27-92004a77f395,mercedes-benz,clc,c,d,10999,1310,b,43139,11-2008,81.95917189034911,5140,https://prod.pictures.autoscout24.net/listing-images/ad78bc18-0824-43e4-bd27-92004a77f395_e0fc5012-ad37-4b94-8986-5c556760d3b9.jpg/480x360.jpg
90a2c27b-1c5d-4a5a-b081-0fd1452ec634,mercedes-benz,cla 200,c,d,8900,7700,d,138000,10-2015,118.9523807230755,2615,https://prod.pictures.autoscout24.net/listing-images/90a2c27b-1c5d-4a5a-b081-0fd1452ec634_0ee522f3-1d33-4241-9c15-a8c0f08024d4.jpg/480x360.jpg
4028676d-3e14-44a0-a81f-996a228e43f6,mercedes-benz,c 180,c,d,4950,1930,b,74000,10-2001,65.18883147641638,7728,https://prod.pictures.autoscout24.net/listing-images/4028676d-3e14-44a0-a81f-996a228e43f6_69513b2c-0283-429e-b81a-f72388bc3a96.jpg/480x360.jpg
53932d64-36fa-4477-9630-358d63e794ba,mercedes-benz,slk 200,c,d,11990,5140,b,120923,02-2005,104.85389989976589,6509,https://prod.pictures.autoscout24.net/listing-images/53932d64-36fa-4477-9630-358d63e794ba_429c17f4-5bdf-43dc-9450-eb98a73fe578.jpg/480x360.jpg
ab271c81-fcbf-46d6-b15b-bd9665277c39,mercedes-benz,s 500,c,d,9999,2500,b,149744,10-1985,38.36429357421789,13572,https://prod.pictures.autoscout24.net/listing-images/ab271c81-fcbf-46d6-b15b-bd9665277c39_8df120e5-5959-4473-b4ba-c9d5b3d72562.jpg/480x360.jpg
3ed2b927-f937-4485-aabb-cec0c3a1832a,mercedes-benz,slk 200,c,d,9900,5060,b,93000,01-2001,116.00750129472273,8001,https://prod.pictures.autoscout24.net/listing-images/3ed2b927-f937-4485-aabb-cec0c3a1832a_db4ab4e9-dcce-4325-b902-7fbc0f53e78f.jpg/480x360.jpg
905ae622-97a0-4582-96a9-d83c465ec249,mercedes-benz,e 200,c,p,12000,9230,d,156000,03-2010,69.27250469504553,4655,https://prod.pictures.autoscout24.net/listing-images/905ae622-97a0-4582-96a9-d83c465ec249_9af16d12-9487-4ba0-8db7-f9e6194b9916.jpg/480x360.jpg
1ddc47c9-81d3-a734-e053-0100007f1775,mercedes-benz,a 180,c,p,15000,7500,b,115000,05-2015,124.32337959708627,2768,https://prod.pictures.autoscout24.net/listing-images/1ddc47c9-81d3-a734-e053-0100007f1775_d98a778e-34cf-4749-b0f9-6e7c8832c312.jpg/480x360.jpg
17d23300-5d55-4d30-a168-6fbad1ccb516,mercedes-benz,c 180,c,d,12450,9402,d,124418,02-2014,77.6485465586824,3222,https://prod.pictures.autoscout24.net/listing-images/17d23300-5d55-4d30-a168-6fbad1ccb516_c295808b-86d3-4476-a5fc-342a83079147.jpg/480x360.jpg
6707872c-1190-4178-a2ad-dee6ff1272e6,mercedes-benz,clk 200,c,p,11500,3210,b,84000,10-2003,67.87427407895998,6998,https://prod.pictures.autoscout24.net/listing-images/6707872c-1190-4178-a2ad-dee6ff1272e6_6d4fceb9-c285-40ac-abec-018f67c56719.jpg/480x360.jpg
b6dafaff-917a-41d5-bf11-da3df7f7673c,mercedes-benz,slk 230,c,d,5250,1731,b,164000,06-1999,64.67551938133373,8581,https://prod.pictures.autoscout24.net/listing-images/b6dafaff-917a-41d5-bf11-da3df7f7673c_2dc8c756-3355-4a75-a323-a227c7cf3bb5.jpg/480x360.jpg
b9e6c98c-7242-4629-ac76-f57c1c7e0435,mercedes-benz,e 200,c,p,14999,4020,d,104000,12-2011,121.60247278825214,4015,https://prod.pictures.autoscout24.net/listing-images/b9e6c98c-7242-4629-ac76-f57c1c7e0435_2c073c8a-b581-4f02-a558-62a4341e3d3f.jpg/480x360.jpg
a8f13f27-748b-4f7e-9b44-b16668319e73,mercedes-benz,sl 350,c,p,14900,4000,b,189800,01-2003,118.53949006185148,7271,https://prod.pictures.autoscout24.net/listing-images/a8f13f27-748b-4f7e-9b44-b16668319e73_f21b4d20-7f9b-4612-9bbe-743eaefa5869.jpg/480x360.jpg
61bce599-b8fb-42c4-b877-9990edbe0c5e,mercedes-benz,e 200,c,p,11000,9000,d,192000,01-2011,69.99787275902874,4349,https://prod.pictures.autoscout24.net/listing-images/61bce599-b8fb-42c4-b877-9990edbe0c5e_c26799be-cde9-4f85-9490-24808fd77d07.jpg/480x360.jpg
27bb256d-f9a2-4605-a90c-4e862a3dc361,mercedes-benz,clk 220,c,d,9990,6061,d,139067,06-2008,117.55452099458994,5293,https://prod.pictures.autoscout24.net/listing-images/27bb256d-f9a2-4605-a90c-4e862a3dc361_c5bd1cbb-cf1c-4d2f-b7d7-dda1ff1853f8.jpg/480x360.jpg
d3284f0d-ac14-47fc-be93-c7baf58acbf6,mercedes-benz,a 160,c,d,14250,1760,d,141358,05-2016,76.61048840680004,2402,https://prod.pictures.autoscout24.net/listing-images/d3284f0d-ac14-47fc-be93-c7baf58acbf6_c3e53e56-cd4e-4b9f-9d2a-3e1bbffb3399.jpg/480x360.jpg
89529f16-e90a-4378-a130-cae7f5db5c03,mercedes-benz,a 180,c,p,14950,9100,b,109000,04-2013,39.90739495574749,3528,https://prod.pictures.autoscout24.net/listing-images/89529f16-e90a-4378-a130-cae7f5db5c03_e9257d99-0f06-4fbe-9c44-4f232ce1025b.jpg/480x360.jpg
3c9970df-9428-4bb7-bdd6-7dd84a3d116d,mercedes-benz,b 180,c,p,13400,1495,d,133000,05-2015,100.31070706891583,2768,https://prod.pictures.autoscout24.net/listing-images/3c9970df-9428-4bb7-bdd6-7dd84a3d116d_25d03c98-c887-43a7-8ff7-03d3f398919e.jpg/480x360.jpg
891a6bfc-63c0-481b-91b8-4d3e18fa0406,mercedes-benz,glk 200,c,d,12950,4100,d,290000,02-2013,122.70999344916741,3587,https://prod.pictures.autoscout24.net/listing-images/891a6bfc-63c0-481b-91b8-4d3e18fa0406_337fa616-1132-4cfc-9d22-0d7e14f65c89.jpg/480x360.jpg
4f678e04-5781-4151-a75c-589910820389,mercedes-benz,a 180,c,d,13500,4000,d,119745,10-2013,118.53949006185148,3345,https://prod.pictures.autoscout24.net/listing-images/4f678e04-5781-4151-a75c-589910820389_a7965eba-81f9-4609-9197-eec0fa3223a9.jpg/480x360.jpg
254835d0-1242-4824-99b7-901c13ad7f04,mercedes-benz,e 220,c,p,13500,3500,d,225000,11-2010,86.84432103923942,4410,https://prod.pictures.autoscout24.net/listing-images/254835d0-1242-4824-99b7-901c13ad7f04_685687db-0b82-4efc-9287-2bde0fbf7bd9.jpg/480x360.jpg
243a5444-cd44-4fe7-9c62-bfaee339ebca,mercedes-benz,b 180,c,d,13900,2160,d,135000,03-2016,29.52364933489528,2463,https://prod.pictures.autoscout24.net/listing-images/243a5444-cd44-4fe7-9c62-bfaee339ebca_9fc0a305-fbf9-49d9-92fc-c909b631c3e0.jpg/480x360.jpg
4d5f9a32-a254-4e7f-85e7-7304042a2de9,mercedes-benz,b 180,c,d,12690,7012,d,102000,08-2014,120.36322565219064,3041,https://prod.pictures.autoscout24.net/listing-images/4d5f9a32-a254-4e7f-85e7-7304042a2de9_991ff8c5-da5a-4d39-b506-96258eddf42d.jpg/480x360.jpg
e72056d4-9624-4cc1-95d0-2bd86aa16a28,mercedes-benz,380,c,p,6500,9200,b,144500,02-1984,55.33414746561007,14180,https://prod.pictures.autoscout24.net/listing-images/e72056d4-9624-4cc1-95d0-2bd86aa16a28_60e66c0c-8318-408c-8025-08447b7cb7d8.jpg/480x360.jpg
f1b2999b-03aa-42a3-a1ee-23767a50d9c8,mercedes-benz,cla 220,c,d,12999,6700,d,251000,06-2016,222.44484417522085,2371,https://prod.pictures.autoscout24.net/listing-images/f1b2999b-03aa-42a3-a1ee-23767a50d9c8_7055f3e3-a519-4823-8a78-021a893d65de.jpg/480x360.jpg
701a65c9-7e70-4bdc-9d58-ea9dd76878ec,mercedes-benz,clk 320,c,p,7000,1180,d,205425,12-2005,74.57281408996285,6206,https://prod.pictures.autoscout24.net/listing-images/701a65c9-7e70-4bdc-9d58-ea9dd76878ec_a46310d5-915e-48a6-a5ad-01409c37ca6c.jpg/480x360.jpg
e897302a-1f4f-4dc8-a5b0-a2ba4cd0b8f9,mercedes-benz,e 220,c,p,12900,3150,d,227000,06-2010,57.64276308921818,4563,https://prod.pictures.autoscout24.net/listing-images/e897302a-1f4f-4dc8-a5b0-a2ba4cd0b8f9_369cc97e-e26b-4d34-9b86-09811b3ca3a8.jpg/480x360.jpg
dffb85ba-ee1f-4413-b1eb-acf882e79a70,mercedes-benz,c 200,c,d,9500,2460,d,165000,07-2011,40.4924448840909,4168,https://prod.pictures.autoscout24.net/listing-images/dffb85ba-ee1f-4413-b1eb-acf882e79a70_4f9085fc-f15e-4561-8803-7e4aa331c579.jpg/480x360.jpg
9945abb4-096e-494f-b909-545d2ba9c131,mercedes-benz,c 200,c,d,9900,1780,d,143000,07-2011,63.273818071645216,4168,https://prod.pictures.autoscout24.net/listing-images/9945abb4-096e-494f-b909-545d2ba9c131_5f40e4e8-97e1-4ec5-b7cf-a9fffa36e519.jpg/480x360.jpg
3b60f58b-d346-4daf-8241-4ad4aecaaf9a,mercedes-benz,s 250,c,p,15000,8501,b,53007,05-1967,111.0904573851497,20300,https://prod.pictures.autoscout24.net/listing-images/3b60f58b-d346-4daf-8241-4ad4aecaaf9a_09c52c9b-1fe4-4e4f-8958-a26a1b46ecbc.jpg/480x360.jpg
98c54e40-f6b0-48fc-b56d-4b40167353e7,mercedes-benz,b 180,c,p,14900,6900,d,179500,04-2016,152.64983349574425,2432,https://prod.pictures.autoscout24.net/listing-images/98c54e40-f6b0-48fc-b56d-4b40167353e7_78a08e14-dd87-461e-9455-1398190b2678.jpg/480x360.jpg
d4000b43-f1d5-4336-96da-912c0513da67,mercedes-benz,380,c,d,9900,8760,b,153472,02-1981,100.33089953132966,15275,https://prod.pictures.autoscout24.net/listing-images/d4000b43-f1d5-4336-96da-912c0513da67_eb4bd102-43b9-44bd-84ab-4afb984bec4e.jpg/480x360.jpg
f63dcaf2-07f6-4f0e-bdb4-d72b932cd99d,mercedes-benz,sl 450,c,p,14990,2530,b,145000,09-1976,34.318371835623395,16889,https://prod.pictures.autoscout24.net/listing-images/f63dcaf2-07f6-4f0e-bdb4-d72b932cd99d_9df90332-881c-4793-a328-c1516b0c6ddf.jpg/480x360.jpg
66c296b3-bcf1-4b3f-b57d-6b41b4b30424,mercedes-benz,c 180,c,p,8450,2870,d,126000,05-2011,48.59068591419226,4229,https://prod.pictures.autoscout24.net/listing-images/66c296b3-bcf1-4b3f-b57d-6b41b4b30424_12eeb23f-3881-46c5-a531-0069ee782432.jpg/480x360.jpg
d606c394-05e0-497e-9cf3-3edb06924e68,mercedes-benz,e 220,c,d,11000,8880,d,189092,06-2012,113.05181262649485,3832,https://prod.pictures.autoscout24.net/listing-images/d606c394-05e0-497e-9cf3-3edb06924e68_af2a5cb7-7650-4382-924f-51f25736d98b.jpg/480x360.jpg
42a81e90-b29e-436d-86c7-dbb92481cf49,mercedes-benz,e 200,c,d,9450,9040,d,182214,02-2011,67.59494645605788,4318,https://prod.pictures.autoscout24.net/listing-images/42a81e90-b29e-436d-86c7-dbb92481cf49_72683ca3-c076-4ade-bde1-469f6c7ed337.jpg/480x360.jpg
76dfb8d6-2161-4bd5-92a2-e520c67290c1,mercedes-benz,b 180,c,d,12890,1830,d,149850,06-2016,61.99821855231934,2371,https://prod.pictures.autoscout24.net/listing-images/76dfb8d6-2161-4bd5-92a2-e520c67290c1_3bcc3efa-7322-4fec-bd92-1dfbee0f2de7.jpg/480x360.jpg
5ad3e8bc-497a-4af3-b8c9-efd8ddffa841,mercedes-benz,vito,c,p,13000,9971,d,166000,10-2011,65.51758017409821,4076,https://prod.pictures.autoscout24.net/listing-images/5ad3e8bc-497a-4af3-b8c9-efd8ddffa841_c26460f4-e45f-44bf-8a75-96964dbb6ee0.jpg/480x360.jpg
881b2984-8a40-452b-9aee-0e8a249e4351,mercedes-benz,e 200,c,p,11900,1780,d,178000,01-2010,63.273818071645216,4714,https://prod.pictures.autoscout24.net/listing-images/881b2984-8a40-452b-9aee-0e8a249e4351_74570c8d-bc89-4f2d-af5b-7f850d04e7d8.jpg/480x360.jpg
b18c2607-78c6-471e-8b11-75995b6624b3,mercedes-benz,a 180,c,p,15000,5500,d,187000,08-2014,136.40807183238792,3041,https://prod.pictures.autoscout24.net/listing-images/b18c2607-78c6-471e-8b11-75995b6624b3_5b26b055-017d-4947-9b73-957883bab9e9.jpg/480x360.jpg
e0c1f50b-9b28-4be4-bec7-ca2dce701b23,mercedes-benz,c 200,c,p,10900,4821,d,168000,11-2012,151.6571660334752,3679,https://prod.pictures.autoscout24.net/listing-images/e0c1f50b-9b28-4be4-bec7-ca2dce701b23_b5950621-1dfd-4bf1-a360-6a6ab5a41315.jpg/480x360.jpg
1df42e2a-4572-4e5b-a3dd-56be4cd6075d,mercedes-benz,clk 320,c,d,8450,7334,d,209000,09-2007,119.8412190961509,5567,https://prod.pictures.autoscout24.net/listing-images/1df42e2a-4572-4e5b-a3dd-56be4cd6075d_4ac76874-d32d-4480-8a4f-1f426ed7ce9f.jpg/480x360.jpg
602d2756-646e-4a2a-b2cb-3342d207a1c3,mercedes-benz,c 180,c,p,10900,2920,b,195000,07-2011,9.296058813361997,4168,https://prod.pictures.autoscout24.net/listing-images/602d2756-646e-4a2a-b2cb-3342d207a1c3_b0abb396-fec8-4cba-9fab-bee3e0076f2d.jpg/480x360.jpg
c82bdbf9-fa2b-4f99-bf7d-a502b365b43e,mercedes-benz,300,c,p,15000,7340,b,130485,05-1990,126.38155252550393,11899,https://prod.pictures.autoscout24.net/listing-images/c82bdbf9-fa2b-4f99-bf7d-a502b365b43e_13653f7d-a38d-446d-8bfd-81a220b2bb5a.jpg/480x360.jpg
4bb6cddc-88a4-4c59-808f-97668122676a,mercedes-benz,e 200,c,d,11950,9681,d,125000,09-2010,96.48020971630606,4471,https://prod.pictures.autoscout24.net/listing-images/4bb6cddc-88a4-4c59-808f-97668122676a_1839d7b0-5f2c-4e77-ae43-4d87a21ad367.jpg/480x360.jpg
cc30a6f3-1d5e-419c-a625-cd0c8065f586,mercedes-benz,a 180,c,d,13900,9200,d,253000,03-2016,55.33414746561007,2463,https://prod.pictures.autoscout24.net/listing-images/cc30a6f3-1d5e-419c-a625-cd0c8065f586_40a7a967-577e-4630-ac66-04497ff8f910.jpg/480x360.jpg
75e2d8e4-0266-4eac-b107-ce7da1275d91,mercedes-benz,b 180,c,p,12500,1020,d,200000,11-2017,66.36225311284039,1853,https://prod.pictures.autoscout24.net/listing-images/75e2d8e4-0266-4eac-b107-ce7da1275d91_1d7baed1-4776-46b8-92e2-eff04a1ebbcb.jpg/480x360.jpg
9af0d641-5f10-4bfd-9f6e-f519abf8c291,mercedes-benz,b 180,c,d,14499,9200,d,128000,11-2017,55.33414746561007,1853,https://prod.pictures.autoscout24.net/listing-images/9af0d641-5f10-4bfd-9f6e-f519abf8c291_8dfd606f-20c2-42ff-bd8e-c11ea67da0c7.jpg/480x360.jpg
688ef39b-a832-4391-a2ae-e64eb72b5e79,mercedes-benz,e 200,c,p,8500,5600,d,120500,10-2007,141.55185821596254,5537,https://prod.pictures.autoscout24.net/listing-images/688ef39b-a832-4391-a2ae-e64eb72b5e79_60d84c90-f3ce-4952-8c7c-31e7b0381767.jpg/480x360.jpg
12d94a79-1f65-4fb6-bc0e-c73cc49c95e9,mercedes-benz,e 220,c,d,7900,1780,d,250000,11-2011,63.273818071645216,4045,https://prod.pictures.autoscout24.net/listing-images/12d94a79-1f65-4fb6-bc0e-c73cc49c95e9_c4b3ef0b-0733-459f-ae51-af731d8a6fda.jpg/480x360.jpg
2ec4276c-ba03-4596-a16b-b95e43546159,mercedes-benz,a 180,c,p,13000,6240,d,178000,04-2013,115.29065835205232,3528,https://prod.pictures.autoscout24.net/listing-images/2ec4276c-ba03-4596-a16b-b95e43546159_bb954df9-01c7-470f-b99d-c7a091a52dc6.jpg/480x360.jpg
006ba250-b44d-4a8b-afef-739d8d5200a2,mercedes-benz,s 320,c,p,14950,5000,d,188000,12-2008,115.13665852422378,5110,https://prod.pictures.autoscout24.net/listing-images/006ba250-b44d-4a8b-afef-739d8d5200a2_90f0379b-12e4-4c8b-9c2a-139dc9e1d7c8.jpg/480x360.jpg
abe5f20c-bb8f-43c4-bf21-a6d858b21ba5,mercedes-benz,200,c,p,13500,1020,d,125500,12-2012,66.36225311284039,3649,https://prod.pictures.autoscout24.net/listing-images/abe5f20c-bb8f-43c4-bf21-a6d858b21ba5_ceaef242-a299-4730-bbd7-71eb2e4034ec.jpg/480x360.jpg
0c8624c2-ec6d-41ae-8f56-9149af2ac6c9,mercedes-benz,c 200,c,d,10490,3600,d,146000,10-2010,91.05707630102727,4441,https://prod.pictures.autoscout24.net/listing-images/0c8624c2-ec6d-41ae-8f56-9149af2ac6c9_c5a19cd0-147e-4055-ba53-832ef905dedb.jpg/480x360.jpg
07aea50c-84b3-4195-bb1b-05836954d1ea,mercedes-benz,a 180,c,p,10000,9280,d,398000,06-2017,57.52425726435139,2006,https://prod.pictures.autoscout24.net/listing-images/07aea50c-84b3-4195-bb1b-05836954d1ea_25ac5bb7-a659-43f5-a07a-01e6e28c9bac.jpg/480x360.jpg
633885c0-d278-44de-9564-46e2a540cb61,mercedes-benz,e 200,c,d,14520,2440,d,179825,05-2013,49.365434961335374,3498,https://prod.pictures.autoscout24.net/listing-images/633885c0-d278-44de-9564-46e2a540cb61_25672013-aa2d-47ba-9e6a-1637595cdca9.jpg/480x360.jpg
e543c710-6216-4ddc-a01b-4850c7f1a245,mercedes-benz,a 180,c,d,9499,3940,d,225000,11-2012,72.49261206065027,3679,https://prod.pictures.autoscout24.net/listing-images/e543c710-6216-4ddc-a01b-4850c7f1a245_6a18bda5-6a93-4a41-87ee-f6fc076e903f.jpg/480x360.jpg
5e77eab4-a942-4ca2-bb96-54ef0bd151bb,mercedes-benz,c 180,c,d,11750,1703,d,179783,11-2012,72.53884447632319,3679,https://prod.pictures.autoscout24.net/listing-images/5e77eab4-a942-4ca2-bb96-54ef0bd151bb_251ff34a-780d-43aa-8338-f7a27cdc43b8.jpg/480x360.jpg
35e9d249-67ca-49e3-a9f6-c45d6593013a,mercedes-benz,clk 240,c,d,8900,5060,b,114000,02-2003,116.00750129472273,7240,https://prod.pictures.autoscout24.net/listing-images/35e9d249-67ca-49e3-a9f6-c45d6593013a_b62b4469-d411-43f2-82f4-3091c9e75f24.jpg/480x360.jpg
eda8c52c-9674-40c8-9e6a-9bce8c83f078,mercedes-benz,clk 200,c,d,9800,8930,b,214000,04-2007,119.0088533447813,5720,https://prod.pictures.autoscout24.net/listing-images/eda8c52c-9674-40c8-9e6a-9bce8c83f078_6efb6658-2322-40c6-88cd-393a40cdbb56.jpg/480x360.jpg
4a27accb-71bc-4317-88b3-767607a1b915,mercedes-benz,slk 200,c,d,4999,1440,b,139000,03-1998,88.54751756589805,9038,https://prod.pictures.autoscout24.net/listing-images/4a27accb-71bc-4317-88b3-767607a1b915_b0664dea-a01e-4152-9951-bc040a91e562.jpg/480x360.jpg
4e3878ea-0af6-40f6-907d-8e8b4b74a970,mercedes-benz,glk 200,c,p,15000,1030,d,115000,04-2012,66.85598932704684,3893,https://prod.pictures.autoscout24.net/listing-images/4e3878ea-0af6-40f6-907d-8e8b4b74a970_9ac166dd-c4c4-4495-8312-d0437535ffcf.jpg/480x360.jpg
0d39ecc8-aa36-437c-adba-64bdbd89476c,mercedes-benz,a 180,c,p,8500,4360,d,49000,06-2012,103.78618275436799,3832,https://prod.pictures.autoscout24.net/listing-images/0d39ecc8-aa36-437c-adba-64bdbd89476c_70276156-21ce-4e15-b6bd-6970421c27ca.jpg/480x360.jpg
7fbbbdc2-94cb-4c90-bb78-8c59a3c64486,mercedes-benz,slk 230,c,d,4999,3630,b,153000,11-1998,102.97605198560623,8793,https://prod.pictures.autoscout24.net/listing-images/7fbbbdc2-94cb-4c90-bb78-8c59a3c64486_94214af7-17c5-46f0-b66a-e517c3aef13d.jpg/480x360.jpg
e2376ac2-9159-4145-90dd-259058708f60,mercedes-benz,e 200,c,d,12950,1840,d,335000,10-2013,54.29299877782283,3345,https://prod.pictures.autoscout24.net/listing-images/e2376ac2-9159-4145-90dd-259058708f60_028f8b50-b6f1-49b7-8532-b86951ffb03c.jpg/480x360.jpg
939ae6d6-6cba-4341-af77-c65c63d3f669,mercedes-benz,c 220,c,p,5500,8432,d,260000,01-2008,115.37607536073972,5445,https://prod.pictures.autoscout24.net/listing-images/939ae6d6-6cba-4341-af77-c65c63d3f669_624bda89-732e-40a5-b382-d14aaab15702.jpg/480x360.jpg
3ce51e68-3827-4960-95fa-4ec30675b320,mercedes-benz,b 180,c,d,11750,8930,d,162000,04-2016,119.0088533447813,2432,https://prod.pictures.autoscout24.net/listing-images/3ce51e68-3827-4960-95fa-4ec30675b320_991ecf90-9104-4006-8c93-54753c8b8745.jpg/480x360.jpg
e69c76e6-9161-4b42-afa8-fb821cbcd7ae,mercedes-benz,c 200,c,p,14350,1000,d,250000,09-2014,69.17270624549755,3010,https://prod.pictures.autoscout24.net/listing-images/e69c76e6-9161-4b42-afa8-fb821cbcd7ae_84401a99-b5f9-483a-af6c-a7c86ddc4519.jpg/480x360.jpg
49bb8c64-2872-44c1-a7cd-48b13553d8b6,mercedes-benz,b 180,c,d,10500,9620,d,120173,10-2013,79.3684737361704,3345,https://prod.pictures.autoscout24.net/listing-images/49bb8c64-2872-44c1-a7cd-48b13553d8b6_30abec51-29b0-4af7-aa06-4a283d1019e2.jpg/480x360.jpg
718ee8d1-88a7-42c7-8c38-0df8bf7a34d3,mercedes-benz,glk 250,c,p,13800,4620,d,204000,03-2011,127.14057578222531,4290,https://prod.pictures.autoscout24.net/listing-images/718ee8d1-88a7-42c7-8c38-0df8bf7a34d3_897b8c85-b356-4937-9d6a-0f9738b416cb.jpg/480x360.jpg
f7859afe-fe1d-472c-b137-2293799263bd,mercedes-benz,c 200,c,p,6800,2160,d,223000,01-2010,29.52364933489528,4714,https://prod.pictures.autoscout24.net/listing-images/f7859afe-fe1d-472c-b137-2293799263bd_f51211bf-9739-4c36-be16-b7851d4584f6.jpg/480x360.jpg
e8f7531f-ff5a-4b03-81bd-3a51e7e2827f,mercedes-benz,a 180,c,p,13500,1000,d,170000,01-2013,69.17270624549755,3618,https://prod.pictures.autoscout24.net/listing-images/e8f7531f-ff5a-4b03-81bd-3a51e7e2827f_9966c216-40da-4ae2-84fa-8a07c5e13274.jpg/480x360.jpg
34db12a0-7b71-4609-81d9-c251475746ed,mercedes-benz,b 180,c,d,14990,4141,d,141020,04-2017,135.46594998312193,2067,https://prod.pictures.autoscout24.net/listing-images/34db12a0-7b71-4609-81d9-c251475746ed_f2099fc2-fc23-4140-91f3-e3318241979d.jpg/480x360.jpg
9e03bf64-1e6b-4a75-bc89-67e472e6c927,mercedes-benz,b 180,c,p,15000,9100,d,135000,01-2017,39.90739495574749,2157,https://prod.pictures.autoscout24.net/listing-images/9e03bf64-1e6b-4a75-bc89-67e472e6c927_560ccc77-435e-416c-b615-40ca15bbcd71.jpg/480x360.jpg
8a488a68-2fff-4c8e-8819-b02d6e356484,mercedes-benz,e 250,c,p,14000,9000,d,225080,04-2009,69.99787275902874,4989,https://prod.pictures.autoscout24.net/listing-images/8a488a68-2fff-4c8e-8819-b02d6e356484_bd9b0d8e-ca20-4171-a2c7-72ae5cb3bb2b.jpg/480x360.jpg
33a1d8af-05a6-424d-b33c-f5db005a6bc6,mercedes-benz,c 200,c,p,7950,6997,d,119000,09-2009,151.91150677939746,4836,https://prod.pictures.autoscout24.net/listing-images/33a1d8af-05a6-424d-b33c-f5db005a6bc6_e3710801-6881-4612-84b8-5906b4f6cdc7.jpg/480x360.jpg
9886c70a-6057-43dc-8a55-a0ddcaffd10b,mercedes-benz,b 180,c,d,10490,6200,d,216729,01-2016,119.77990387531518,2523,https://prod.pictures.autoscout24.net/listing-images/9886c70a-6057-43dc-8a55-a0ddcaffd10b_78e4d7bf-1179-4161-97b6-b7d6b4f5c025.jpg/480x360.jpg
22a5e79c-db56-46d8-8753-7351277ba20d,mercedes-benz,clk 200,c,d,8900,5060,b,114000,02-2003,116.00750129472273,7240,https://prod.pictures.autoscout24.net/listing-images/22a5e79c-db56-46d8-8753-7351277ba20d_612746a4-d61a-4cca-a3de-1931deccb358.jpg/480x360.jpg
c144ce77-9b8d-4e07-8358-ac6eaff25f9b,mercedes-benz,e 200,c,p,14000,1080,d,214177,05-2014,69.57979227671277,3133,https://prod.pictures.autoscout24.net/listing-images/c144ce77-9b8d-4e07-8358-ac6eaff25f9b_f66dbe34-e95b-435b-9965-49a62f2e1f78.jpg/480x360.jpg
daf02872-6ce9-4a99-a085-e6586532f572,mercedes-benz,clc,c,p,5500,9000,d,230000,08-2010,69.99787275902874,4502,https://prod.pictures.autoscout24.net/listing-images/daf02872-6ce9-4a99-a085-e6586532f572_8079af5c-70ec-4c0e-9de5-23411b55a3c5.jpg/480x360.jpg
86019e21-c469-4a03-8c3e-4a164781b7a6,mercedes-benz,e 200,c,p,14600,1040,d,129300,03-2012,70.85448790939559,3924,https://prod.pictures.autoscout24.net/listing-images/86019e21-c469-4a03-8c3e-4a164781b7a6_f57872c0-45a2-4396-8fc0-7639b132bfe1.jpg/480x360.jpg
0ca42786-714e-4614-b8a5-404d2c23e2a8,mercedes-benz,e 230,c,p,9500,2830,b,226000,07-1991,45.04397020411872,11473,https://prod.pictures.autoscout24.net/listing-images/0ca42786-714e-4614-b8a5-404d2c23e2a8_3b1786cf-8a09-40c8-b189-a714067296be.jpg/480x360.jpg
c8d484fb-84a0-49b2-a47a-6ffc8211658d,mercedes-benz,slk 230,c,p,6000,1320,b,141522,11-1998,79.92194663794157,8793,https://prod.pictures.autoscout24.net/listing-images/c8d484fb-84a0-49b2-a47a-6ffc8211658d_01b9e9a9-904a-4fdf-9456-6cfa8345f2e5.jpg/480x360.jpg
c4e2127c-7538-4f92-b4e2-2b9a539e688f,mercedes-benz,slk 200,c,d,11000,8830,b,87692,07-2004,110.14495439154433,6724,https://prod.pictures.autoscout24.net/listing-images/c4e2127c-7538-4f92-b4e2-2b9a539e688f_903cbc58-f455-41e6-b755-0430667887ac.jpg/480x360.jpg
a8945b7e-9450-41d8-84f1-b7ebdd3d48ca,mercedes-benz,e 350,c,p,13500,3293,d,180000,11-2010,66.36914770919772,4410,https://prod.pictures.autoscout24.net/listing-images/a8945b7e-9450-41d8-84f1-b7ebdd3d48ca_8e6a0b63-6ff9-4b0e-b251-11940fb6b290.jpg/480x360.jpg
0f31607b-ad45-4364-b53c-3d194c4179e1,mercedes-benz,cls 320,c,d,8750,6061,d,264329,02-2009,117.55452099458994,5048,https://prod.pictures.autoscout24.net/listing-images/0f31607b-ad45-4364-b53c-3d194c4179e1_eb5cc9e2-e26c-494d-a16e-7f54e6ef8d7b.jpg/480x360.jpg
68f48047-c1b3-47ba-a624-af62e162fd72,mercedes-benz,e 220,c,d,6800,9280,d,328000,06-2010,57.52425726435139,4563,https://prod.pictures.autoscout24.net/listing-images/68f48047-c1b3-47ba-a624-af62e162fd72_c4af08b2-8b79-4839-a37b-96d05beeea8a.jpg/480x360.jpg
309ce43c-c0de-4d5a-b3ec-409ae51b884d,mercedes-benz,slk 200,c,d,9950,3290,b,186533,04-2006,63.35789588207048,6085,https://prod.pictures.autoscout24.net/listing-images/309ce43c-c0de-4d5a-b3ec-409ae51b884d_9072ca06-2ad5-4433-a34a-b9f196b25526.jpg/480x360.jpg
deb6bf06-b42f-4b91-abb1-8c30676a15f2,mercedes-benz,c 220,c,p,6500,6730,d,200000,10-2009,211.18951684231817,4806,https://prod.pictures.autoscout24.net/listing-images/deb6bf06-b42f-4b91-abb1-8c30676a15f2_a610d1a1-d998-4b1e-a95d-53dea6c510d4.jpg/480x360.jpg
402b81bd-681b-405c-a90e-d8e6c37f6158,mercedes-benz,b 180,c,p,14900,1030,d,179000,04-2016,66.85598932704684,2432,https://prod.pictures.autoscout24.net/listing-images/402b81bd-681b-405c-a90e-d8e6c37f6158_02d655e2-dfe1-49cb-b34c-b129c298e8e2.jpg/480x360.jpg
02e73d39-299e-4664-bd35-a62b68fada2d,mercedes-benz,e 200,c,p,13500,8760,d,240000,07-2014,100.33089953132966,3072,https://prod.pictures.autoscout24.net/listing-images/02e73d39-299e-4664-bd35-a62b68fada2d_4f04e460-d759-42f4-9400-db25aac2f734.jpg/480x360.jpg
2cd6894f-1be5-4263-83d5-8ff7cf761a66,mercedes-benz,280,c,d,9800,3960,b,131430,08-1977,88.39034768583157,16555,https://prod.pictures.autoscout24.net/listing-images/2cd6894f-1be5-4263-83d5-8ff7cf761a66_684e2c0c-e6b5-4d6e-a68a-f5611186edc1.jpg/480x360.jpg
5fd673f1-a045-46aa-87e9-d37724088f5c,mercedes-benz,c 200,c,d,9200,2550,d,148000,11-2007,37.36039038956695,5506,https://prod.pictures.autoscout24.net/listing-images/5fd673f1-a045-46aa-87e9-d37724088f5c_3d18fadc-dc3f-4743-a41b-4856082e610e.jpg/480x360.jpg
39b8cb9d-ebc0-49ad-abe1-82620269e352,mercedes-benz,c 180,c,d,11990,7904,d,142411,10-2013,118.30704816178381,3345,https://prod.pictures.autoscout24.net/listing-images/39b8cb9d-ebc0-49ad-abe1-82620269e352_1e950562-3001-494a-b66e-7fc7a869d4bb.jpg/480x360.jpg
ec545d76-80d2-45f1-9fb4-b3ad779810b3,mercedes-benz,a 180,c,p,14000,5660,d,160000,11-2013,157.35260445614983,3314,https://prod.pictures.autoscout24.net/listing-images/ec545d76-80d2-45f1-9fb4-b3ad779810b3_7ae4dba0-0365-4c4d-9fb6-9bfa126ad90a.jpg/480x360.jpg
03de9925-33f7-455e-ab53-d99a2d24fa34,mercedes-benz,b 180,c,d,13750,2400,d,129000,06-2016,54.46395713654512,2371,https://prod.pictures.autoscout24.net/listing-images/03de9925-33f7-455e-ab53-d99a2d24fa34_09de8d3e-7e36-4256-870c-cd380c29684f.jpg/480x360.jpg
cac6864c-d819-4a28-8093-c23f6d24041a,mercedes-benz,c 280,c,p,14880,3560,b,14000,07-1994,70.70744716415624,10377,https://prod.pictures.autoscout24.net/listing-images/cac6864c-d819-4a28-8093-c23f6d24041a_6a3be7ab-72e2-42df-a97e-df608fed17e1.jpg/480x360.jpg
3a897d0d-23e1-428a-8a24-c3bc83234ac6,mercedes-benz,c 220,c,p,10000,8700,d,99160,10-2007,90.43310642675891,5537,https://prod.pictures.autoscout24.net/listing-images/3a897d0d-23e1-428a-8a24-c3bc83234ac6_e45e6619-4f2c-4df8-807b-bfce68d89ac1.jpg/480x360.jpg
365fd23c-8d84-415d-ab67-d908279ee3f4,mercedes-benz,b 200,c,d,9200,9050,d,115350,04-2011,69.04356445356942,4259,https://prod.pictures.autoscout24.net/listing-images/365fd23c-8d84-415d-ab67-d908279ee3f4_cb4e810b-282d-4031-8b27-f2c0aef39dbd.jpg/480x360.jpg
deafc58e-ad56-476c-849d-d0896be44cf4,mercedes-benz,a 180,c,p,13000,1850,d,195000,06-2014,59.738651260413086,3102,https://prod.pictures.autoscout24.net/listing-images/deafc58e-ad56-476c-849d-d0896be44cf4_0c6bfa53-b022-4e3e-aa91-0bfc69c9d9f5.jpg/480x360.jpg
383a647d-f131-432e-80d1-ed151f5ea3dc,mercedes-benz,b 180,c,d,13990,5060,d,99000,04-2016,116.00750129472273,2432,https://prod.pictures.autoscout24.net/listing-images/383a647d-f131-432e-80d1-ed151f5ea3dc_81c5240e-a774-4fa1-8ba3-2c969a62f723.jpg/480x360.jpg
8df8bf47-2d19-4d3b-89a4-43e968ee7555,mercedes-benz,b 180,c,d,14490,4710,d,116000,03-2015,138.55074659169972,2829,https://prod.pictures.autoscout24.net/listing-images/8df8bf47-2d19-4d3b-89a4-43e968ee7555_65189d84-926c-4651-8c7c-b7f9613df1a7.jpg/480x360.jpg
7f431011-cff1-4add-b8d0-69c8e322db24,mercedes-benz,e 200,c,p,10500,4801,d,236000,04-2013,139.40956012989255,3528,https://prod.pictures.autoscout24.net/listing-images/7f431011-cff1-4add-b8d0-69c8e322db24_e8b8b555-f861-46e2-acfa-4bdbaae35463.jpg/480x360.jpg
6fa10d27-dcf3-427b-92c3-d829905e7758,mercedes-benz,slk 200,c,d,10650,5580,b,124000,01-2006,153.28424572738868,6175,https://prod.pictures.autoscout24.net/listing-images/6fa10d27-dcf3-427b-92c3-d829905e7758_52991588-e1d8-4fda-9bbe-cf77f33314ea.jpg/480x360.jpg
afcd035f-8db5-4985-ada3-ec613f4d95df,mercedes-benz,c 180,c,d,8499,1560,d,161000,05-2012,77.903290978219,3863,https://prod.pictures.autoscout24.net/listing-images/afcd035f-8db5-4985-ada3-ec613f4d95df_c34208a7-692a-40f5-82f3-ab6a87349b3a.jpg/480x360.jpg
1c5426ee-14bc-4508-89d2-ad1f17e38e48,mercedes-benz,a 180,c,d,13500,1000,d,119745,10-2013,69.17270624549755,3345,https://prod.pictures.autoscout24.net/listing-images/1c5426ee-14bc-4508-89d2-ad1f17e38e48_a38e457e-d034-4fea-b41c-bfe6f52bcdd6.jpg/480x360.jpg
f0258d02-0bc5-47a7-aeed-77b871af9db6,mercedes-benz,b 180,c,d,12800,4000,b,63112,08-2013,118.53949006185148,3406,https://prod.pictures.autoscout24.net/listing-images/f0258d02-0bc5-47a7-aeed-77b871af9db6_34dc830a-71de-4fe5-9837-8aff6e1855bc.jpg/480x360.jpg
1bfe16c0-bbcc-4480-929b-28e059dc2c8c,mercedes-benz,e 200,c,p,12500,7331,d,156000,05-2010,118.21622192228163,4594,https://prod.pictures.autoscout24.net/listing-images/1bfe16c0-bbcc-4480-929b-28e059dc2c8c_36e795e8-80f9-4366-be50-bfb4883409c2.jpg/480x360.jpg
1b260ea1-ee24-4eff-8b72-173d8e0f2892,mercedes-benz,b 180,c,d,12995,2491,b,94929,02-2013,59.59769597697003,3587,https://prod.pictures.autoscout24.net/listing-images/1b260ea1-ee24-4eff-8b72-173d8e0f2892_459a0d70-07f9-4554-990e-87d26302b6c5.jpg/480x360.jpg
334595e4-4e5a-488b-8747-ace1656913e4,mercedes-benz,a 200,c,d,14500,8501,d,124000,05-2013,111.0904573851497,3498,https://prod.pictures.autoscout24.net/listing-images/334595e4-4e5a-488b-8747-ace1656913e4_0fba2eb2-2d7d-4783-b78a-7fc0bf16a7f7.jpg/480x360.jpg
0a72fb61-b5ef-454b-830e-4e7954fd1701,mercedes-benz,c 200,c,d,8450,2870,d,235000,05-2013,48.59068591419226,3498,https://prod.pictures.autoscout24.net/listing-images/0a72fb61-b5ef-454b-830e-4e7954fd1701_b2fc8439-5014-4f0f-bc0f-b20d445092f8.jpg/480x360.jpg
45ce4afb-9255-41ba-a36c-3def88854885,mercedes-benz,c 200,c,p,9950,2000,d,160000,11-2010,27.94913546724415,4410,https://prod.pictures.autoscout24.net/listing-images/45ce4afb-9255-41ba-a36c-3def88854885_6d73b7c7-3ceb-410a-9f1d-b3ec69abf235.jpg/480x360.jpg
ee1130b0-6769-4c58-ac9b-01b11b622891,mercedes-benz,glk 200,c,p,14500,9000,d,159000,11-2011,69.99787275902874,4045,https://prod.pictures.autoscout24.net/listing-images/ee1130b0-6769-4c58-ac9b-01b11b622891_f19d8729-4c0a-45ec-9ae9-956dfdb4e3f2.jpg/480x360.jpg
6476ff77-f45e-4622-bc01-d2e3d1c98570,mercedes-benz,s 320,c,d,12500,1080,d,197000,09-2008,69.57979227671277,5201,https://prod.pictures.autoscout24.net/listing-images/6476ff77-f45e-4622-bc01-d2e3d1c98570_7424b974-fc1c-4b3d-b654-b8b51dbb3ab1.jpg/480x360.jpg
6faa694e-63ef-486a-999d-076ed10cedfb,mercedes-benz,b 180,c,d,6950,8791,d,187692,08-2011,102.62748120507626,4137,https://prod.pictures.autoscout24.net/listing-images/6faa694e-63ef-486a-999d-076ed10cedfb_0b0886ba-22e8-4a39-86d8-a430e6322d89.jpg/480x360.jpg
9d2b6d01-411c-4fa0-95c5-6cc205caf1b1,mercedes-benz,c 200,c,p,7000,1000,d,155000,09-2008,69.17270624549755,5201,https://prod.pictures.autoscout24.net/listing-images/9d2b6d01-411c-4fa0-95c5-6cc205caf1b1_72080c20-6aa5-47c0-943e-8a22c116925d.jpg/480x360.jpg
ce8be2df-0363-45fd-ae33-2b2aac4278b2,mercedes-benz,a 180,c,d,13200,4000,d,118059,05-2014,118.53949006185148,3133,https://prod.pictures.autoscout24.net/listing-images/ce8be2df-0363-45fd-ae33-2b2aac4278b2_7d98ebe0-7027-4824-bfd7-845b97df15ce.jpg/480x360.jpg
72beb3bb-5d46-4abd-bec3-4b8243791d76,mercedes-benz,380,c,p,13500,8560,b,225000,07-1983,116.79638105292675,14395,https://prod.pictures.autoscout24.net/listing-images/72beb3bb-5d46-4abd-bec3-4b8243791d76_9800ddcd-3fad-4579-8535-a11a10bc862c.jpg/480x360.jpg
9100617e-5c40-49f6-adf6-c01bd6b2d08f,mercedes-benz,230,c,p,9500,2830,b,226000,07-1991,45.04397020411872,11473,https://prod.pictures.autoscout24.net/listing-images/9100617e-5c40-49f6-adf6-c01bd6b2d08f_d6728702-7f50-48c2-b33f-11a44e193cbc.jpg/480x360.jpg
40eab4b1-7f62-4099-9ba6-c14d3b50f88f,mercedes-benz,c 250,c,p,9950,1000,b,173400,05-2010,69.17270624549755,4594,https://prod.pictures.autoscout24.net/listing-images/40eab4b1-7f62-4099-9ba6-c14d3b50f88f_5e3aed97-0210-4836-be5c-f7c358eb7c60.jpg/480x360.jpg
082f2208-001f-4365-af18-43b003de8fa2,mercedes-benz,b 180,c,d,13499,3600,d,122000,06-2013,91.05707630102727,3467,https://prod.pictures.autoscout24.net/listing-images/082f2208-001f-4365-af18-43b003de8fa2_a64f2207-3a30-4c3f-98cb-2e91b4bf9c43.jpg/480x360.jpg
a8190b8e-921a-4e26-a373-d02d644fe9d6,mercedes-benz,c 220,c,d,13999,8791,d,237000,08-2014,102.62748120507626,3041,https://prod.pictures.autoscout24.net/listing-images/a8190b8e-921a-4e26-a373-d02d644fe9d6_a3ab45d7-7265-4a92-97c1-f8bf5dacdc5a.jpg/480x360.jpg
6dd27ed9-9477-4d47-b43b-a8a06965a148,mercedes-benz,sl 450,c,p,12000,2520,b,228167,09-1979,32.09318592689817,15794,https://prod.pictures.autoscout24.net/listing-images/6dd27ed9-9477-4d47-b43b-a8a06965a148_8ba9cf22-7486-4476-a2ba-e7a0b0f76c34.jpg/480x360.jpg
5c123a79-2f5a-4785-8560-d87a37174d24,mercedes-benz,sl 300,c,p,12750,9890,b,160000,06-1992,80.15855280814198,11137,https://prod.pictures.autoscout24.net/listing-images/5c123a79-2f5a-4785-8560-d87a37174d24_baa6660e-86dc-4d8b-b3a7-b9e6f67413dd.jpg/480x360.jpg
9c13c74c-47fc-43a9-b549-9711a1ba5932,mercedes-benz,b 180,c,d,12800,1000,b,63112,08-2013,69.17270624549755,3406,https://prod.pictures.autoscout24.net/listing-images/9c13c74c-47fc-43a9-b549-9711a1ba5932_986c6c77-cd6f-40a8-9c72-a202bc94c046.jpg/480x360.jpg
7df4fc55-24c4-49ac-9772-0604a22918ba,mercedes-benz,slk,c,d,7900,8210,b,66313,03-2000,99.33164828760937,8307,https://prod.pictures.autoscout24.net/listing-images/7df4fc55-24c4-49ac-9772-0604a22918ba_6be9063e-47d5-492e-9d7a-c16fea21a52e.jpg/480x360.jpg
5bc0a977-e78c-4e48-a1ce-0f35dd41735d,mercedes-benz,glk 300,c,p,10499,7080,b,186000,11-2009,124.84754400917438,4775,https://prod.pictures.autoscout24.net/listing-images/5bc0a977-e78c-4e48-a1ce-0f35dd41735d_db9db49c-1cbd-4b98-9cb7-77d5d7fb06e3.jpg/480x360.jpg
cb443cdb-b668-4da3-9bbc-b4e3cba35366,mercedes-benz,b 200,c,d,11800,2660,b,145000,04-2014,33.51153490320288,3163,https://prod.pictures.autoscout24.net/listing-images/cb443cdb-b668-4da3-9bbc-b4e3cba35366_f5189a7b-4af0-4519-a564-2fdd07875aab.jpg/480x360.jpg
efe40af4-ba86-481f-bab7-0dd1ffc097b5,mercedes-benz,vario,c,d,11999,1300,d,38000,04-2007,83.88957347991013,5720,https://prod.pictures.autoscout24.net/listing-images/efe40af4-ba86-481f-bab7-0dd1ffc097b5_52850069-a477-409b-843a-911415293280.jpg/480x360.jpg
8bd70a6a-2b53-4276-8dce-d843cd7679ff,mercedes-benz,glk 220,c,d,10950,1440,d,220000,06-2009,88.54751756589805,4928,https://prod.pictures.autoscout24.net/listing-images/8bd70a6a-2b53-4276-8dce-d843cd7679ff_a61584c1-98d5-4564-a554-60e42116dfc9.jpg/480x360.jpg
c9784582-c43a-4e70-97aa-ada62a0d77d9,mercedes-benz,a 170,c,d,7990,1000,b,60000,06-2007,69.17270624549755,5659,https://prod.pictures.autoscout24.net/listing-images/c9784582-c43a-4e70-97aa-ada62a0d77d9_3c660409-fa7b-41c3-b7b1-d3ea50c9688d.jpg/480x360.jpg
bdb8d867-1069-4f38-8628-84416a5f1d89,mercedes-benz,c 180,c,p,14400,1030,d,130000,12-2012,66.85598932704684,3649,https://prod.pictures.autoscout24.net/listing-images/bdb8d867-1069-4f38-8628-84416a5f1d89_cf181ee0-6741-4f4a-80b4-c1793afccd0e.jpg/480x360.jpg
da504e17-1bdf-4c18-839f-dd4d78846057,mercedes-benz,a 160,c,d,13999,3960,d,127602,07-2015,88.39034768583157,2707,https://prod.pictures.autoscout24.net/listing-images/da504e17-1bdf-4c18-839f-dd4d78846057_70408bec-dc96-455b-a537-48a8ff105670.jpg/480x360.jpg
