guid,make,model,vehicle-type,seller-type,price,fuel-type,mileage,year,img-url,zip-code,distance,reg-age,listing-age
2f5df647-e9c5-4731-b916-090f68d0ba01,Audi,80,Berline,PrivateSeller,500,b,370221,04-1992,https://prod.pictures.autoscout24.net/listing-images/2f5df647-e9c5-4731-b916-090f68d0ba01_222d11b3-424e-48a4-804c-875c3cad1b0e.jpg/250x188.webp,3620,104.36478822085542,11208,4
38d4b24c-a290-49ca-a4dd-ffa46729a3d9,Audi,100,Berline,PrivateSeller,999,b,149000,06-1986,https://prod.pictures.autoscout24.net/listing-images/38d4b24c-a290-49ca-a4dd-ffa46729a3d9_2986541b-6a38-4ffb-92ce-be5fdec1f511.jpg/250x188.webp,2650,34.65519997729238,13339,32
d37cdd90-23bb-491c-9c28-d81c3c6715a4,Audi,80,Andere,PrivateSeller,1000,b,128000,10-1974,https://prod.pictures.autoscout24.net/listing-images/d37cdd90-23bb-491c-9c28-d81c3c6715a4_8d90ab6e-2832-40d9-b192-6c15335edda6.jpg/250x188.webp,6440,141.40876452366408,17600,65
5e309239-41db-4aa7-9829-bbd8e6b318fc,Audi,A4,Break,PrivateSeller,1100,d,395000,03-1999,https://prod.pictures.autoscout24.net/listing-images/5e309239-41db-4aa7-9829-bbd8e6b318fc_3f0b6ece-8197-4c30-bbf2-ee65ce3d44df.jpg/250x188.webp,6040,114.0742701643821,8683,82
c26703a0-eaef-4808-b16b-a81d3531af21,Audi,A4,Cabriolet,PrivateSeller,1200,d,166752,08-2004,https://prod.pictures.autoscout24.net/listing-images/c26703a0-eaef-4808-b16b-a81d3531af21_fed8acee-7304-4855-b19a-7264265d0c50.jpg/250x188.webp,3061,69.48348283820793,6703,5
66b84137-6774-4ab1-98f7-a9c6efcd4113,Audi,A4,Berline,PrivateSeller,1200,d,419000,05-2003,https://prod.pictures.autoscout24.net/listing-images/66b84137-6774-4ab1-98f7-a9c6efcd4113_4753644c-2930-47d7-8a0c-8285c51e7e95.jpg/250x188.webp,6663,176.49087148112616,7161,18
15d3c9d4-58e9-405b-9eb3-17f0f99a6994,Audi,80,Berline,PrivateSeller,1200,d,250000,08-1988,https://prod.pictures.autoscout24.net/listing-images/15d3c9d4-58e9-405b-9eb3-17f0f99a6994_183dd2d1-0bba-469f-8762-71262bd6dd23.jpg/250x188.webp,8770,104.15692480242703,12547,131
b4488bec-3f98-499a-aff7-855e66b2d8fc,Audi,A3,Berline,PrivateSeller,1300,b,320000,06-1999,https://prod.pictures.autoscout24.net/listing-images/b4488bec-3f98-499a-aff7-855e66b2d8fc_385a30ab-c73f-457f-b9d5-5fc2b21dfcd6.jpg/250x188.webp,8400,110.03239888716801,8591,56
eaf1d29c-ec3e-4b36-8bc8-1824ef23daa8,Audi,A8,Berline,Dealer,1350,b,270000,11-1997,https://prod.pictures.autoscout24.net/listing-images/eaf1d29c-ec3e-4b36-8bc8-1824ef23daa8_38a7cd7c-b276-4f53-8273-9a0614c30a06.jpg/250x188.webp,4102,122.20973776491603,9168,14
247080e9-68d0-4635-b811-c061531f0a14,Audi,A4,Berline,Dealer,1400,d,278000,03-2002,https://prod.pictures.autoscout24.net/listing-images/247080e9-68d0-4635-b811-c061531f0a14_025fc3e2-5aaa-4f70-a1c8-2fda05359103.jpg/250x188.webp,6061,117.55452099458994,7587,24
b7396110-cafd-417a-8e96-71ae55dc35b4,Audi,A2,Monovolume,PrivateSeller,1500,b,290000,02-2001,https://prod.pictures.autoscout24.net/listing-images/b7396110-cafd-417a-8e96-71ae55dc35b4_8278317c-8c13-4b73-9b75-2d01915e459a.jpg/250x188.webp,3600,91.05707630102727,7980,98
dcd3d05b-1c42-4e56-a830-b2dcde7046cf,Audi,A3,Berline,Dealer,1750,d,232805,04-2004,https://prod.pictures.autoscout24.net/listing-images/dcd3d05b-1c42-4e56-a830-b2dcde7046cf_17c71ac0-d336-4eff-82db-424042188415.jpg/250x188.webp,6210,104.06467431888291,6825,14
5d6a5a87-5151-495d-a089-e8e220a07c77,Audi,A4,Andere,PrivateSeller,1750,b,155000,07-1996,https://prod.pictures.autoscout24.net/listing-images/5d6a5a87-5151-495d-a089-e8e220a07c77_4cd17031-bcf0-436b-abf3-412d416fc1aa.jpg/250x188.webp,5190,108.63324346377956,9656,41
cf45c4de-9a2e-46bf-bb79-6bbe95424a60,Audi,A6,Berline,PrivateSeller,1750,d,1600000,10-1997,https://prod.pictures.autoscout24.net/listing-images/cf45c4de-9a2e-46bf-bb79-6bbe95424a60_982d8ecb-186d-44f2-934c-601adece5e26.jpg/250x188.webp,7024,122.3219898262833,9199,135
966a53b1-c3a9-44e4-9da2-53d6c962bc60,Audi,A3,Berline,PrivateSeller,1800,d,263000,03-1999,https://prod.pictures.autoscout24.net/listing-images/966a53b1-c3a9-44e4-9da2-53d6c962bc60_dea3cd47-093e-4a54-80b3-771cace0b9a3.jpg/250x188.webp,3740,102.74515560675786,8683,16
2e568ca9-e833-4f6f-ae68-d22eb7a063f5,Audi,80,Berline,PrivateSeller,1800,b,124516,03-1992,https://prod.pictures.autoscout24.net/listing-images/2e568ca9-e833-4f6f-ae68-d22eb7a063f5_7ce23b5b-7e90-463b-a141-68a3d7173014.jpg/250x188.webp,7780,129.12592734900286,11239,70
55d4ed60-3ff8-4260-a552-672bb360e7f4,Audi,A4,Berline,PrivateSeller,1800,d,240000,04-2001,https://prod.pictures.autoscout24.net/listing-images/55d4ed60-3ff8-4260-a552-672bb360e7f4_2178bc85-7cbf-4997-bac1-9057876d5fba.jpg/250x188.webp,1030,66.85598932704684,7921,80
ede473d3-b9c1-4197-909a-372f73bbe4d2,Audi,A6,Break,PrivateSeller,1850,d,386000,09-2003,https://prod.pictures.autoscout24.net/listing-images/ede473d3-b9c1-4197-909a-372f73bbe4d2_8855fb80-f2ae-4f49-94ef-1f74b52e05ca.jpg/250x188.webp,3500,86.84432103923942,7038,7
934c8295-7268-4b93-8277-f33e5e6db6ba,Audi,A4,Break,Dealer,1850,d,300000,02-2008,https://prod.pictures.autoscout24.net/listing-images/934c8295-7268-4b93-8277-f33e5e6db6ba_a13c3f6e-2658-40af-b0c1-153b654d1d44.jpg/250x188.webp,5140,104.85389989976589,5424,16
5099fdc2-485c-49ec-a0ff-7e9093ebc95d,Audi,A4,Break,PrivateSeller,1900,d,400036,12-2004,https://prod.pictures.autoscout24.net/listing-images/5099fdc2-485c-49ec-a0ff-7e9093ebc95d_4ac3fc46-4587-4b2e-acc8-2404b5e60b1d.jpg/250x188.webp,9500,88.55487491294804,6581,14
f1e3c14b-effd-4b70-8bce-d4ce72a11147,Audi,A2,Monovolume,PrivateSeller,1950,d,190000,05-2001,https://prod.pictures.autoscout24.net/listing-images/f1e3c14b-effd-4b70-8bce-d4ce72a11147_d0a3742c-c18d-4b77-a4a3-ccdb1b3f0295.jpg/250x188.webp,1400,97.35176357549375,7891,17
305c50b6-9f64-4db3-a247-aa23385847da,Audi,A4,Cabriolet,Dealer,1999,d,231465,04-2003,https://prod.pictures.autoscout24.net/listing-images/305c50b6-9f64-4db3-a247-aa23385847da_776dabf8-66a9-481a-a450-51cddf9c28ea.jpg/250x188.webp,1400,97.35176357549375,7191,66
db8783f9-3194-4ef0-a41b-cf55d16680bf,Audi,A3,Berline,PrivateSeller,2000,d,230000,11-2002,https://prod.pictures.autoscout24.net/listing-images/db8783f9-3194-4ef0-a41b-cf55d16680bf_23f6d2e7-da38-41b3-ba6f-dc1a5fe64707.jpg/250x188.webp,3600,91.05707630102727,7342,17
411de328-15c9-4824-8c70-1bd965a34d62,Audi,80,Berline,PrivateSeller,2000,d,209440,02-1994,https://prod.pictures.autoscout24.net/listing-images/411de328-15c9-4824-8c70-1bd965a34d62_04c76d69-b5e9-499b-a515-417975efb772.jpg/250x188.webp,2980,26.521830769361618,10537,88
9e4c5b59-c0d1-42ef-ac10-da73d799f9d0,Audi,A4,Berline,PrivateSeller,2000,d,152000,12-2002,https://prod.pictures.autoscout24.net/listing-images/9e4c5b59-c0d1-42ef-ac10-da73d799f9d0_288e3def-50f7-4345-9c86-687b2e7adf6b.jpg/250x188.webp,3620,104.36478822085542,7312,132
c884f88a-f464-4cf5-84b6-d5677fb8f795,Audi,A3,Berline,PrivateSeller,2000,d,287000,08-2007,https://prod.pictures.autoscout24.net/listing-images/c884f88a-f464-4cf5-84b6-d5677fb8f795_093a58c8-34ef-4c79-a1e6-db6148ded957.jpg/250x188.webp,3870,98.32664210766359,5608,156
04372cb6-579e-4e6b-9f1d-4257d514f0ef,Audi,A6,Berline,Dealer,2250,d,225119,03-2003,https://prod.pictures.autoscout24.net/listing-images/04372cb6-579e-4e6b-9f1d-4257d514f0ef_e57cc27c-3c34-44d0-ad21-98f916ed7040.jpg/250x188.webp,1390,80.41314824962016,7222,151
3b87f6ca-294a-4a89-81af-b323b23884e1,Audi,A2,Monovolume,PrivateSeller,2300,b,210000,06-2004,https://prod.pictures.autoscout24.net/listing-images/3b87f6ca-294a-4a89-81af-b323b23884e1_5279acc7-d965-46d4-9e9a-72adc49815d1.jpg/250x188.webp,1340,89.46401378328262,6764,18
07f95ea8-3b5d-46e3-ac2f-47ad9e2b7173,Audi,A3,Berline,PrivateSeller,2300,d,263000,01-1999,https://prod.pictures.autoscout24.net/listing-images/07f95ea8-3b5d-46e3-ac2f-47ad9e2b7173_b12a1773-2b37-434a-97b6-c089f0fa0038.jpg/250x188.webp,3740,102.74515560675786,8742,37
cb478925-9d93-47c0-b616-545796c427b7,Audi,A6,Berline,Dealer,2350,d,272000,07-2002,https://prod.pictures.autoscout24.net/listing-images/cb478925-9d93-47c0-b616-545796c427b7_15063aa1-f681-4aec-a90c-44495d063d81.jpg/250x188.webp,4102,122.20973776491603,7465,17
2f13447f-dd2a-43ac-a9b9-57aae158faab,Audi,A2,Monovolume,PrivateSeller,2399,b,160000,01-2001,https://prod.pictures.autoscout24.net/listing-images/2f13447f-dd2a-43ac-a9b9-57aae158faab_50d258c3-f6c1-4613-9672-9bbb81669ded.jpg/250x188.webp,7012,120.36322565219064,8011,45
2ad79ee0-440e-47c8-9162-faa2add977ed,Audi,A4,Break,Dealer,2400,d,343000,11-2006,https://prod.pictures.autoscout24.net/listing-images/2ad79ee0-440e-47c8-9162-faa2add977ed_e7fd6627-4c88-4267-bec7-e3c0427048d0.jpg/250x188.webp,1700,70.90697373704198,5881,22
56e430fe-29bf-4fba-ac12-077eff415e3a,Audi,A3,Berline,PrivateSeller,2450,d,300000,03-2007,https://prod.pictures.autoscout24.net/listing-images/56e430fe-29bf-4fba-ac12-077eff415e3a_bdbb5f29-20e1-479a-a4bf-a67121a7f677.jpg/250x188.webp,4000,118.53949006185148,5761,5
1df754d0-e8cc-4b42-9d0c-2bf1cc73eaca,Audi,TT,Coupé,Dealer,2450,b,180000,12-2000,https://prod.pictures.autoscout24.net/listing-images/1df754d0-e8cc-4b42-9d0c-2bf1cc73eaca_558c78d5-5200-407b-abd6-df9e466e0dc1.jpg/250x188.webp,1731,64.67551938133373,8042,7
2b177a56-1396-4981-8fa6-903deddd9ae5,Audi,A6,Break,Dealer,2450,d,254000,11-2006,https://prod.pictures.autoscout24.net/listing-images/2b177a56-1396-4981-8fa6-903deddd9ae5_ab1c1154-bf06-455f-b93c-d0354c40eb91.jpg/250x188.webp,5140,104.85389989976589,5881,24
ca8ee8d8-4b36-41a8-a445-19fd6c59b50c,Audi,A4,Break,Dealer,2500,d,345398,10-2002,https://prod.pictures.autoscout24.net/listing-images/ca8ee8d8-4b36-41a8-a445-19fd6c59b50c_ad683b38-4354-4b43-adfa-13aba1d6ef56.jpg/250x188.webp,8830,110.14495439154433,7373,7
52e6d4d2-2e13-4e4a-b578-f25240c30699,Audi,A3,Break,Dealer,2500,d,296000,05-2005,https://prod.pictures.autoscout24.net/listing-images/52e6d4d2-2e13-4e4a-b578-f25240c30699_a3c15721-0a9b-4363-ab95-a68b0981d555.jpg/250x188.webp,1080,69.57979227671277,6430,25
dfdd839d-9bc6-422d-ad69-316c144cb8fd,Audi,100,Berline,PrivateSeller,2500,b,151040,04-1995,https://prod.pictures.autoscout24.net/listing-images/dfdd839d-9bc6-422d-ad69-316c144cb8fd_fa93f00a-142b-497f-94c3-487e30a13928.jpg/250x188.webp,1780,63.273818071645216,10113,101
b735829b-4e32-49bc-8b7c-93388eeae345,Audi,A4,Break,PrivateSeller,2500,d,225000,11-2004,https://prod.pictures.autoscout24.net/listing-images/b735829b-4e32-49bc-8b7c-93388eeae345_b8c186b5-fe62-49b5-8255-e43f905e1320.jpg/250x188.webp,7100,111.04432979756132,6611,145
86e9b35e-d351-4a3b-af65-6db00fcdbd6e,Audi,A3,Berline,Dealer,2600,d,294000,11-2006,https://prod.pictures.autoscout24.net/listing-images/86e9b35e-d351-4a3b-af65-6db00fcdbd6e_e1a98b21-bc17-41aa-a963-40ef8ab7868a.jpg/250x188.webp,1840,54.29299877782283,5881,22
c86838ea-4be0-4f8d-ac0d-63cfe512b001,Audi,A4,Berline,PrivateSeller,2800,d,280000,12-2003,https://prod.pictures.autoscout24.net/listing-images/c86838ea-4be0-4f8d-ac0d-63cfe512b001_044a7740-b06a-4de4-85d7-d3d1bf3dbacd.jpg/250x188.webp,7063,102.80829893160018,6947,93
0b9377b5-2a51-4f89-a7f0-881b51490527,Audi,A4,Cabriolet,PrivateSeller,2850,d,285000,09-2003,https://prod.pictures.autoscout24.net/listing-images/0b9377b5-2a51-4f89-a7f0-881b51490527_1f07a81b-be96-4474-b913-1d6597229f93.jpg/250x188.webp,3770,107.37770611416195,7038,63
5ebd7ed1-fde9-41b1-8d4c-a0e9fc9f322c,Audi,A3,Berline,PrivateSeller,2900,d,377318,09-2006,https://prod.pictures.autoscout24.net/listing-images/5ebd7ed1-fde9-41b1-8d4c-a0e9fc9f322c_8cb5b604-cb59-40b9-9b9e-5d75e114ebad.jpg/250x188.webp,6250,115.60596353389253,5942,4
82b7314b-c5ff-48be-927f-56efc4504d7e,Audi,A4,Break,PrivateSeller,2900,d,304000,12-2004,https://prod.pictures.autoscout24.net/listing-images/82b7314b-c5ff-48be-927f-56efc4504d7e_454c2756-6575-4542-8087-d9a6bd5be619.jpg/250x188.webp,3550,75.75580829789837,6581,8
216b2993-90b3-43bc-9301-9acb1890ba6b,Audi,A3,Berline,Dealer,2900,d,237000,03-2006,https://prod.pictures.autoscout24.net/listing-images/216b2993-90b3-43bc-9301-9acb1890ba6b_2e4ba44c-c4f9-4fef-913d-6a4cd959ab55.jpg/250x188.webp,1730,61.98157406185932,6126,28
e72f8b27-6e50-4890-ab01-aa9dd2d9b2f5,Audi,A4,Break,Dealer,2950,d,341000,05-2006,https://prod.pictures.autoscout24.net/listing-images/e72f8b27-6e50-4890-ab01-aa9dd2d9b2f5_f310a4e5-8e66-4853-b241-e1349cf8a5d7.jpg/250x188.webp,2547,37.9441917128707,6065,43
940b64af-5b81-4994-9513-c70dbf7edc33,Audi,A4,Andere,PrivateSeller,2950,d,330000,02-2001,https://prod.pictures.autoscout24.net/listing-images/940b64af-5b81-4994-9513-c70dbf7edc33_ff0cf85c-4d71-4c0e-befd-90e8287f7b71.jpg/250x188.webp,1702,68.0347546976377,7980,47
a08012f4-4afc-4554-9242-276bba699c4e,Audi,A3,Berline,PrivateSeller,2950,b,194000,10-2003,https://prod.pictures.autoscout24.net/listing-images/a08012f4-4afc-4554-9242-276bba699c4e_0883ba78-29cc-421b-be24-be0ae6a7516f.jpg/250x188.webp,1740,70.11361067497609,7008,159
25864710-e4a8-4cde-b4c2-15d108d0d49b,Audi,A4,Break,Dealer,2990,b,180000,09-2004,https://prod.pictures.autoscout24.net/listing-images/25864710-e4a8-4cde-b4c2-15d108d0d49b_98158a91-376a-449c-848a-025aa62775b1.jpg/250x188.webp,1070,71.06367211068877,6672,97
0485b0c7-958b-43bf-aa45-b3342021ec0b,Audi,A4,Break,PrivateSeller,2999,d,235000,05-2001,https://prod.pictures.autoscout24.net/listing-images/0485b0c7-958b-43bf-aa45-b3342021ec0b_3be27108-04c1-442b-9dbd-ece981fb18d8.jpg/250x188.webp,1140,66.17447866127165,7891,157
7e265efa-8b0e-464d-90b0-5286477b9bcf,Audi,A4,Break,PrivateSeller,3000,d,178500,06-2006,https://prod.pictures.autoscout24.net/listing-images/7e265efa-8b0e-464d-90b0-5286477b9bcf_74d7e70d-17c9-4c17-8b71-ff5e5826ca87.jpg/250x188.webp,2800,49.170515286575046,6034,1
9b281786-3f53-4925-b6f8-269707edc296,Audi,A4,Berline,Dealer,3000,b,144000,06-1998,https://prod.pictures.autoscout24.net/listing-images/9b281786-3f53-4925-b6f8-269707edc296_b222703a-f893-44b2-b086-9d13e36cdeec.jpg/250x188.webp,1160,72.45305351002509,8956,23
4d7b8542-e3e6-4155-8e76-3b7d2ae77299,Audi,A4,Cabriolet,PrivateSeller,3000,b,202000,05-2002,https://prod.pictures.autoscout24.net/listing-images/4d7b8542-e3e6-4155-8e76-3b7d2ae77299_75e924a4-00ab-424d-b0f0-3fd972b0c103.jpg/250x188.webp,2560,39.033349455690825,7526,28
4b19b28f-98c2-41f5-b512-06e09b5962c4,Audi,Coupe,Andere,PrivateSeller,3000,b,278000,10-1991,https://prod.pictures.autoscout24.net/listing-images/4b19b28f-98c2-41f5-b512-06e09b5962c4_12cc3b82-9189-4250-bbf1-82ba8ab80b62.jpg/250x188.webp,6791,232.6736596090297,11391,55
6ac70c78-7367-4be5-9d54-0cf6cc1916d5,Audi,TT,Coupé,PrivateSeller,3000,b,370000,01-1999,https://prod.pictures.autoscout24.net/listing-images/6ac70c78-7367-4be5-9d54-0cf6cc1916d5_dd4c67f1-f348-43ed-8e3b-4deec349f6ed.jpg/250x188.webp,1651,78.98056604317188,8742,117
4e65079a-54c6-472e-b872-8edb9efbc8bd,Audi,A3,Berline,PrivateSeller,3000,d,220000,07-2007,https://prod.pictures.autoscout24.net/listing-images/4e65079a-54c6-472e-b872-8edb9efbc8bd_04bf22dd-edbb-4dd7-a5cd-389ebc3406d9.jpg/250x188.webp,7370,128.14216834969352,5639,119
a41510cd-dd82-4d86-b278-5cb531a2945f,Audi,A3,Berline,Dealer,3000,d,218659,06-2005,https://prod.pictures.autoscout24.net/listing-images/a41510cd-dd82-4d86-b278-5cb531a2945f_76ad9c25-ee2e-4720-95b1-ed45ba9a1e68.jpg/250x188.webp,1140,66.17447866127165,6399,153
34392e33-d7aa-4ed3-aed6-65060987ea7f,Audi,A3,Berline,PrivateSeller,3000,b,230000,06-2003,https://prod.pictures.autoscout24.net/listing-images/34392e33-d7aa-4ed3-aed6-65060987ea7f_6a2684f2-d6f6-48c2-9c58-bec6b16f4509.jpg/250x188.webp,8870,106.40718302751253,7130,155
30c0f9e8-0892-4fdd-b5b7-a459d4e3a763,Audi,80,Andere,PrivateSeller,3000,b,85000,01-1982,https://prod.pictures.autoscout24.net/listing-images/30c0f9e8-0892-4fdd-b5b7-a459d4e3a763_b055b135-8d4c-4b61-b0c7-216ffa8d6b08.jpg/250x188.webp,7110,114.70139141445502,14951,168
c4e2594c-e583-42db-9b23-8bd70c7526d1,Audi,A3,Berline,PrivateSeller,3100,b,237000,06-2003,https://prod.pictures.autoscout24.net/listing-images/c4e2594c-e583-42db-9b23-8bd70c7526d1_8f57e1ec-ccfb-4e78-aff9-aef00ac1d9b8.jpg/250x188.webp,1600,78.61296004280759,7130,164
41f5a522-95d0-4f42-b30f-419bb57ffb01,Audi,A2,Monovolume,PrivateSeller,3130,b,170000,11-2002,https://prod.pictures.autoscout24.net/listing-images/41f5a522-95d0-4f42-b30f-419bb57ffb01_515f9804-0839-4293-987c-a4aaf4cd3458.jpg/250x188.webp,1838,,7342,48
84e758a0-19a5-43fc-9b9f-fa00347ee357,Audi,A3,Berline,PrivateSeller,3200,d,260000,08-2004,https://prod.pictures.autoscout24.net/listing-images/84e758a0-19a5-43fc-9b9f-fa00347ee357_523bd642-e5ce-40ce-8c7b-7f684a7b9ae6.jpg/250x188.webp,7090,96.30849119801513,6703,22
04370325-2e31-4cfa-a139-88bd1a836934,Audi,A4,Break,PrivateSeller,3200,d,200996,07-2006,https://prod.pictures.autoscout24.net/listing-images/04370325-2e31-4cfa-a139-88bd1a836934_8e3d0771-c7e3-47a5-83a8-db6faa9c00b7.jpg/250x188.webp,2820,49.96915507806326,6004,107
83b67084-fd41-49a7-bd5b-2d9c6235b2a0,Audi,A3,Berline,PrivateSeller,3300,b,242153,08-2008,https://prod.pictures.autoscout24.net/listing-images/83b67084-fd41-49a7-bd5b-2d9c6235b2a0_7debd87d-6f1e-420e-ba7d-f99638a0b998.jpg/250x188.webp,3910,74.58525657452907,5242,3
650c06fa-417d-4e80-8f0a-db3ee3afa8c4,Audi,A6,Break,Dealer,3300,d,189000,09-2007,https://prod.pictures.autoscout24.net/listing-images/650c06fa-417d-4e80-8f0a-db3ee3afa8c4_5684e6e9-ce22-4e9b-9334-abec142b4e26.jpg/250x188.webp,1700,70.90697373704198,5577,22
cf56f6df-bd46-415d-af43-676355dcd425,Audi,80,Berline,PrivateSeller,3300,b,66500,01-1985,https://prod.pictures.autoscout24.net/listing-images/cf56f6df-bd46-415d-af43-676355dcd425_2d6127ec-7f5f-41bb-bfa1-84c506925a73.jpg/250x188.webp,9920,72.12530715362509,13855,37
d93b6004-a48e-40c7-98be-905d3e6fd0c0,Audi,A4,Break,PrivateSeller,3400,d,223736,07-2006,https://prod.pictures.autoscout24.net/listing-images/d93b6004-a48e-40c7-98be-905d3e6fd0c0_9d346ad9-e9a7-4340-b5b0-0f7a4ed9b42a.jpg/250x188.webp,8700,90.43310642675891,6004,16
d951adda-9c96-4b27-a5d0-0b7f68b5d762,Audi,A6,Break,Dealer,3400,d,280073,10-2006,https://prod.pictures.autoscout24.net/listing-images/d951adda-9c96-4b27-a5d0-0b7f68b5d762_665b6f7d-7418-47f4-9014-4a3bae6dc945.jpg/250x188.webp,4432,111.15678224769336,5912,51
c569e88f-b175-4c61-b53b-7cc8ab15560c,Audi,A4,Berline,PrivateSeller,3499,d,330000,12-2006,https://prod.pictures.autoscout24.net/listing-images/c569e88f-b175-4c61-b53b-7cc8ab15560c_fef0fd66-7299-49ea-ba0f-0d02abfbd9fa.jpg/250x188.webp,8820,105.17632863208843,5851,31
0682c8e3-7f42-452c-bbf8-f6b37b90193d,Audi,100,Berline,PrivateSeller,3499,b,260000,09-1983,https://prod.pictures.autoscout24.net/listing-images/0682c8e3-7f42-452c-bbf8-f6b37b90193d_8daf8248-a7e8-49d8-8daa-ce058b75c166.jpg/250x188.webp,2960,17.223668147311386,14343,71
21a0b7a9-a20f-4bba-9eb0-cf51993114ea,Audi,A6,Break,Dealer,3500,d,263596,06-2008,https://prod.pictures.autoscout24.net/listing-images/21a0b7a9-a20f-4bba-9eb0-cf51993114ea_faa4fd85-3d89-466f-adb3-7fde57b05971.jpg/250x188.webp,7540,116.1518990630203,5303,1
99487756-7811-48e8-9bfe-45de4553c32d,Audi,A6,Break,PrivateSeller,3500,d,630000,04-2006,https://prod.pictures.autoscout24.net/listing-images/99487756-7811-48e8-9bfe-45de4553c32d_07114989-72cb-4dca-8a50-88237805f32a.jpg/250x188.webp,5300,113.30647041751955,6095,1
00b61e4b-7a9b-44cd-b14d-1d8f962ee18d,Audi,A3,Berline,PrivateSeller,3500,d,223000,06-2007,https://prod.pictures.autoscout24.net/listing-images/00b61e4b-7a9b-44cd-b14d-1d8f962ee18d_ceeea935-3082-47e0-82a7-37f51b150598.jpg/250x188.webp,4880,129.10512175153227,5669,2
4b91d36c-5344-44b4-875d-151c29dd92d0,Audi,A4,Berline,Dealer,3500,b,145000,01-2003,https://prod.pictures.autoscout24.net/listing-images/4b91d36c-5344-44b4-875d-151c29dd92d0_7e277c90-394c-4d60-9fd9-916508765d8d.jpg/250x188.webp,8880,113.05181262649485,7281,8
d72fcb15-10e6-4e3b-92e8-40dde278b856,Audi,A6,Break,Dealer,3500,d,365000,06-2007,https://prod.pictures.autoscout24.net/listing-images/d72fcb15-10e6-4e3b-92e8-40dde278b856_f9591828-fb56-41dc-a955-03c669062792.jpg/250x188.webp,6560,131.1094961268063,5669,17
0b9d7516-b4ba-4bce-9679-4e558e492ede,Audi,A4,Break,PrivateSeller,3500,d,276500,11-2007,https://prod.pictures.autoscout24.net/listing-images/0b9d7516-b4ba-4bce-9679-4e558e492ede_753ec85a-4a64-45da-a1ed-c5a3c2b6852d.jpg/250x188.webp,7000,118.39471915054493,5516,24
a60d09b5-4a1b-46a5-b810-d39cdaa20cfb,Audi,A3,Berline,Dealer,3500,d,284000,02-2007,https://prod.pictures.autoscout24.net/listing-images/a60d09b5-4a1b-46a5-b810-d39cdaa20cfb_73957e80-c824-4663-9c4c-c2756e0d316a.jpg/250x188.webp,7390,121.56764290915724,5789,28
61c30368-5f2a-4d03-82a2-e4aa864bbe30,Audi,A3,Berline,PrivateSeller,3500,d,245000,06-2008,https://prod.pictures.autoscout24.net/listing-images/61c30368-5f2a-4d03-82a2-e4aa864bbe30_9df9a74c-ed9f-4559-b458-421a0c63de94.jpg/250x188.webp,9200,55.33414746561007,5303,51
3d598d22-3feb-4321-a658-6427ce4adc84,Audi,A4,Berline,PrivateSeller,3500,b,145000,08-2002,https://prod.pictures.autoscout24.net/listing-images/3d598d22-3feb-4321-a658-6427ce4adc84_0db8c0d0-4562-4e56-9a96-602e98dddf3c.jpg/250x188.webp,6001,119.62548366163914,7434,62
f3372bf7-d772-4498-9151-16f72732d65e,Audi,A6,Berline,PrivateSeller,3500,d,106000,05-1998,https://prod.pictures.autoscout24.net/listing-images/f3372bf7-d772-4498-9151-16f72732d65e_5aaa7f56-5436-46a9-8f7d-0f3bbc20b076.jpg/250x188.webp,1600,78.61296004280759,8987,107
1a19a6f4-fd0a-42c6-ba8f-a67d585d2be2,Audi,A4,Break,Dealer,3650,d,275000,11-2005,https://prod.pictures.autoscout24.net/listing-images/1a19a6f4-fd0a-42c6-ba8f-a67d585d2be2_aba3d63a-0f70-4fb3-a33b-965663e3fc75.jpg/250x188.webp,1730,61.98157406185932,6246,166
328abe8d-81c9-43e7-81c6-7804affc5b0a,Audi,80,Andere,PrivateSeller,3750,b,151000,01-1978,https://prod.pictures.autoscout24.net/listing-images/328abe8d-81c9-43e7-81c6-7804affc5b0a_a394a1b8-538e-425b-833b-aaa3702065d2.jpg/250x188.webp,8710,99.69669111251099,16412,18
6cab915d-3d60-4e59-a8af-1154315187fd,Audi,A3,Andere,Dealer,3750,d,258000,07-2007,https://prod.pictures.autoscout24.net/listing-images/6cab915d-3d60-4e59-a8af-1154315187fd_62bb2c92-6207-44d2-bf99-b6414b1951e5.jpg/250x188.webp,1410,83.89428081314767,5639,65
c122d0e7-7834-45b0-9765-cce12f1ca6cd,Audi,A6,Berline,PrivateSeller,3800,d,285000,06-2006,https://prod.pictures.autoscout24.net/listing-images/c122d0e7-7834-45b0-9765-cce12f1ca6cd_7cb74971-e135-4c0c-a25c-abc8bca46b4c.jpg/250x188.webp,4040,120.39133917274062,6034,9
9fb6e528-938c-4f7d-b929-3b3b56b79c13,Audi,A3,Berline,PrivateSeller,3800,b,164000,08-2003,https://prod.pictures.autoscout24.net/listing-images/9fb6e528-938c-4f7d-b929-3b3b56b79c13_96e9833f-f463-425d-9673-7958b6dbc33b.jpg/250x188.webp,3090,77.24958296507762,7069,14
80b8c647-bb5c-47bb-af0e-030ea7f932bf,Audi,A3,Berline,PrivateSeller,3800,d,222000,08-2007,https://prod.pictures.autoscout24.net/listing-images/80b8c647-bb5c-47bb-af0e-030ea7f932bf_ce1e0ed7-f6d2-4cdb-a1e4-7c0c36817603.jpg/250x188.webp,1020,66.36225311284039,5608,55
c271492a-55e9-47ec-8e0e-d6812499f988,Audi,A3,Berline,PrivateSeller,3800,d,181500,06-2006,https://prod.pictures.autoscout24.net/listing-images/c271492a-55e9-47ec-8e0e-d6812499f988_1fb8a7d2-6f9b-47fe-8666-578cb451bf42.jpg/250x188.webp,4030,123.41360490886457,6034,148
7375286b-d133-466a-9471-2002c27b2c58,Audi,A3,Berline,PrivateSeller,3800,d,217000,05-2006,https://prod.pictures.autoscout24.net/listing-images/7375286b-d133-466a-9471-2002c27b2c58_c4621e91-91bc-4cf5-8050-b926405a0bc3.jpg/250x188.webp,7500,124.32337959708627,6065,178
16543d59-721a-4310-a070-f9ed180d8ee0,Audi,A6,Break,PrivateSeller,3800,b,175000,12-2005,https://prod.pictures.autoscout24.net/listing-images/16543d59-721a-4310-a070-f9ed180d8ee0_3041aaeb-2f7e-4ea1-9671-5df3d7ee9050.jpg/250x188.webp,1047,,6216,241
b345b9de-4d44-4f8f-84ed-25ac46af762c,Audi,A3,Berline,PrivateSeller,3885,d,243740,05-2007,https://prod.pictures.autoscout24.net/listing-images/b345b9de-4d44-4f8f-84ed-25ac46af762c_4340fab8-02d2-49e9-bbc2-16688a12eda1.jpg/250x188.webp,3630,102.97605198560623,5700,100
457bf975-46bf-4968-8547-cd62e3d47da6,Audi,A3,Berline,PrivateSeller,3900,d,200000,12-2007,https://prod.pictures.autoscout24.net/listing-images/457bf975-46bf-4968-8547-cd62e3d47da6_ce03781b-fd05-4d93-a8e6-cfadd53808c7.jpg/250x188.webp,1150,68.48425146100755,5486,4
cfe0f059-473b-4fa8-abdc-d53c31ab734c,Audi,A3,Berline,Dealer,3900,d,164800,05-2005,https://prod.pictures.autoscout24.net/listing-images/cfe0f059-473b-4fa8-abdc-d53c31ab734c_71135081-909b-48c5-a61c-b25fa0270aae.jpg/250x188.webp,1300,83.88957347991013,6430,6
6f7291ae-a25c-4d5e-a486-0d71560c8bcc,Audi,A6,Break,PrivateSeller,3900,d,294150,08-2006,https://prod.pictures.autoscout24.net/listing-images/6f7291ae-a25c-4d5e-a486-0d71560c8bcc_39207c8f-9fd7-4b56-a778-f8816ac6a6b7.jpg/250x188.webp,8520,107.45339579517565,5973,35
6a408722-169c-4b53-a349-9c37f2c98708,Audi,A3,Berline,Dealer,3900,d,250000,09-2006,https://prod.pictures.autoscout24.net/listing-images/6a408722-169c-4b53-a349-9c37f2c98708_c192affc-71da-48d6-b2d2-d911c5ea24e5.jpg/250x188.webp,6250,115.60596353389253,5942,89
3572aa0f-c931-45cf-8596-7d026c9893af,Audi,TT,Andere,Dealer,3900,b,199000,08-2001,https://prod.pictures.autoscout24.net/listing-images/3572aa0f-c931-45cf-8596-7d026c9893af_33f1c143-bb68-40a0-9cac-54c8ca8b98dd.jpg/250x188.webp,1933,67.42863651453277,7799,124
060a40e2-5555-4345-ba53-99a57357571d,Audi,A4,Berline,Dealer,3950,d,214000,06-2003,https://prod.pictures.autoscout24.net/listing-images/060a40e2-5555-4345-ba53-99a57357571d_6a558fbe-3421-448d-97d4-dc89f15507d7.jpg/250x188.webp,4520,112.57318942534252,7130,18
17964857-c05b-4412-baa7-930ddeb82136,Audi,A3,Berline,Dealer,3950,d,266000,05-2007,https://prod.pictures.autoscout24.net/listing-images/17964857-c05b-4412-baa7-930ddeb82136_726c8603-5ca8-42cf-a83c-75126957e7f8.jpg/250x188.webp,9160,52.83263590517851,5700,31
56be9ed0-a8ef-48e5-a9d2-8c2bf68695c5,Audi,80,Berline,PrivateSeller,3950,d,113740,12-1982,https://prod.pictures.autoscout24.net/listing-images/56be9ed0-a8ef-48e5-a9d2-8c2bf68695c5_dddf62a5-62e3-4672-ae05-80e61eab5a94.jpg/250x188.webp,6060,116.023023143389,14617,90
11b1df71-d0d0-4910-9623-a23a38a6f48b,Audi,A3,Berline,Dealer,3950,b,115000,09-2002,https://prod.pictures.autoscout24.net/listing-images/11b1df71-d0d0-4910-9623-a23a38a6f48b_0bd2850a-4280-4726-92ac-a4c54033635f.jpg/250x188.webp,1601,76.3100421089918,7403,92
2fa40aba-fd24-4bf9-93be-7641a9ab27cc,Audi,A2,Monovolume,Dealer,3990,d,199004,03-2003,https://prod.pictures.autoscout24.net/listing-images/2fa40aba-fd24-4bf9-93be-7641a9ab27cc_fd855562-f07a-4c2c-8d4d-9968a38ab8f6.jpg/250x188.webp,7540,116.1518990630203,7222,48
c8e85c7d-8985-4fe9-9dd7-e0d1d549cfff,Audi,A4,Break,Dealer,3999,d,353059,11-2008,https://prod.pictures.autoscout24.net/listing-images/c8e85c7d-8985-4fe9-9dd7-e0d1d549cfff_f230143f-7f24-492d-bec6-943bbb099e74.jpg/250x188.webp,3545,69.86186323279148,5150,2
fdd90950-1e4d-4a9b-a04c-5bd1086d5da6,Audi,TT,Coupé,Dealer,3999,b,245000,11-1999,https://prod.pictures.autoscout24.net/listing-images/fdd90950-1e4d-4a9b-a04c-5bd1086d5da6_ce3fd930-7197-40ae-8f54-4bd7136c5107.jpg/250x188.webp,3630,102.97605198560623,8438,9
41ca8c64-f48e-4a3f-9017-ec8253757879,Audi,A4,Break,Dealer,3999,d,220000,10-2007,https://prod.pictures.autoscout24.net/listing-images/41ca8c64-f48e-4a3f-9017-ec8253757879_c813d3bc-07fa-42e0-99d1-1a6b59e0962a.jpg/250x188.webp,8791,102.62748120507626,5547,47
da2277f6-f2df-4b4b-a34c-24c080da7944,Audi,80,Cabriolet,PrivateSeller,3999,d,247230,04-2000,https://prod.pictures.autoscout24.net/listing-images/da2277f6-f2df-4b4b-a34c-24c080da7944_39872cbb-14a0-41df-8e41-44986d8fbd18.jpg/250x188.webp,6180,111.8460773215552,8286,67
6d14bd6f-bdbe-4007-90b3-754448bd986d,Audi,A3,Berline,PrivateSeller,4000,d,225000,12-2007,https://prod.pictures.autoscout24.net/listing-images/6d14bd6f-bdbe-4007-90b3-754448bd986d_6355586e-994c-4808-84fe-bf8263384384.jpg/250x188.webp,7000,118.39471915054493,5486,1
22fccc7d-870e-443e-9935-dc9a35d58473,Audi,A3,Berline,PrivateSeller,4000,d,255000,08-2006,https://prod.pictures.autoscout24.net/listing-images/22fccc7d-870e-443e-9935-dc9a35d58473_58d64d00-a0ef-4670-b4ec-554af8c686d4.jpg/250x188.webp,4910,144.5605232976023,5973,4
a20ba8fd-052f-469d-9801-6c803bd39586,Audi,Coupe,Coupé,PrivateSeller,4000,b,210000,05-1995,https://prod.pictures.autoscout24.net/listing-images/a20ba8fd-052f-469d-9801-6c803bd39586_48574f02-686a-4fa7-855c-ee6cfe128628.jpg/250x188.webp,5060,116.00750129472273,10083,40
9aa7c178-2635-4c68-8fff-3cafebf3ed4b,Audi,TT,Coupé,PrivateSeller,4000,b,179000,03-1999,https://prod.pictures.autoscout24.net/listing-images/9aa7c178-2635-4c68-8fff-3cafebf3ed4b_773820e1-66db-46a5-b9fd-9d5f21c2c1f2.jpg/250x188.webp,7000,118.39471915054493,8683,125
01a08c39-9e1f-435b-b0bc-96de14d800d0,Audi,80,Berline,PrivateSeller,4000,b,93527,06-1988,https://prod.pictures.autoscout24.net/listing-images/01a08c39-9e1f-435b-b0bc-96de14d800d0_56a1ed10-08b4-4b66-93b0-921a5b76b1c4.jpg/250x188.webp,3140,52.96009333344531,12608,130
fa1245e4-b5e0-4620-b414-37086fc8fac5,Audi,TT,Cabriolet,PrivateSeller,4000,b,205000,03-2001,https://prod.pictures.autoscout24.net/listing-images/fa1245e4-b5e0-4620-b414-37086fc8fac5_f115c21c-b212-43a8-badf-b071faaeabb6.jpg/250x188.webp,4500,119.58764611108163,7952,131
27df125d-d551-4988-b1e7-bfa7ed8459c9,Audi,TT,Cabriolet,PrivateSeller,4000,b,200000,03-2001,https://prod.pictures.autoscout24.net/listing-images/27df125d-d551-4988-b1e7-bfa7ed8459c9_b22b3171-036e-4c01-b3f9-a0cfb4a3418c.jpg/250x188.webp,4500,119.58764611108163,7952,156
ac893192-0444-4263-846f-954c223456f0,Audi,80,Berline,Dealer,4200,b,30000,05-1991,https://prod.pictures.autoscout24.net/listing-images/ac893192-0444-4263-846f-954c223456f0_a87d3745-af7f-46a4-8fd8-e46bb0d103ea.jpg/250x188.webp,3370,76.45951297892199,11544,169
0f88c5fb-f09f-4026-aa96-918fb531e83c,Audi,A3,Berline,PrivateSeller,4200,b,220000,12-2004,https://prod.pictures.autoscout24.net/listing-images/0f88c5fb-f09f-4026-aa96-918fb531e83c_879d50e2-fff0-4cc3-b96c-dfd5c24dcf61.jpg/250x188.webp,1000,69.17270624549755,6581,173
a5492598-ff4e-4026-8d19-2a244baa5b26,Audi,A4,Berline,Dealer,4250,d,213747,06-2005,https://prod.pictures.autoscout24.net/listing-images/a5492598-ff4e-4026-8d19-2a244baa5b26_947f005a-5f0a-4177-bcfe-dc7f371fe6e0.jpg/250x188.webp,5060,116.00750129472273,6399,132
6425a006-a96c-497a-8f99-1dfab0d0acb7,Audi,A3,Break,PrivateSeller,4300,d,206988,12-2006,https://prod.pictures.autoscout24.net/listing-images/6425a006-a96c-497a-8f99-1dfab0d0acb7_869479cf-5c2f-4da2-818c-c2a8444d9bae.jpg/250x188.webp,8660,137.43043331975576,5851,4
1a729bc6-d692-4950-a725-e55b449e6cf8,Audi,A3,Berline,Dealer,4300,d,213000,06-2006,https://prod.pictures.autoscout24.net/listing-images/1a729bc6-d692-4950-a725-e55b449e6cf8_d7f1fed3-6789-4f2a-9e92-a9c2db22b74d.jpg/250x188.webp,1830,61.99821855231934,6034,5
5aaadfd6-e6bd-4083-b676-976a90349720,Audi,100,Andere,PrivateSeller,4300,b,243000,06-1991,https://prod.pictures.autoscout24.net/listing-images/5aaadfd6-e6bd-4083-b676-976a90349720_cfbb81f3-9dd1-4e01-a1bf-616856540cc5.jpg/250x188.webp,6000,117.49014599385939,11513,154
29461d3a-3830-4f75-aa55-5a0325af77d4,Audi,Q7,SUV/4x4/Pick-up,Dealer,4300,d,312000,05-2008,https://prod.pictures.autoscout24.net/listing-images/29461d3a-3830-4f75-aa55-5a0325af77d4_a545201b-5639-4160-93b9-dd3b22f65934.jpg/250x188.webp,1400,97.35176357549375,5334,184
7d947b5d-acf1-4213-a7cc-389bf75ddea8,Audi,A4,Break,Dealer,4350,d,228000,06-2008,https://prod.pictures.autoscout24.net/listing-images/7d947b5d-acf1-4213-a7cc-389bf75ddea8_d9e73e44-da66-480f-b95b-035c5f7c9aa2.jpg/250x188.webp,6030,118.28038734858286,5303,92
bc03d22b-8143-4dfc-b3b1-7b9f4bf300b8,Audi,TT,Coupé,PrivateSeller,4400,b,183000,11-1998,https://prod.pictures.autoscout24.net/listing-images/bc03d22b-8143-4dfc-b3b1-7b9f4bf300b8_d2336f89-a71d-43b3-a267-73b18a04effc.jpg/250x188.webp,6010,119.70351809317113,8803,87
5b1bcb00-0e75-4d67-a554-aae6f7bc20ca,Audi,A6 allroad,Break,Dealer,4450,d,281360,06-2007,https://prod.pictures.autoscout24.net/listing-images/5b1bcb00-0e75-4d67-a554-aae6f7bc20ca_0ecf0541-2119-4181-8870-67d83ac2c8ae.jpg/250x188.webp,1400,97.35176357549375,5669,2
695707bf-3b90-4d05-8998-c38e5a17c170,Audi,A3,Stadswagen,Dealer,4450,b,202655,01-2006,https://prod.pictures.autoscout24.net/listing-images/695707bf-3b90-4d05-8998-c38e5a17c170_b82d8714-88fe-42e1-aedb-06f31990cf48.jpg/250x188.webp,6001,119.62548366163914,6185,17
5c303907-4c59-4ec5-8ca4-96a317da6cd0,Audi,A4,Berline,PrivateSeller,4450,b,240000,09-2005,https://prod.pictures.autoscout24.net/listing-images/5c303907-4c59-4ec5-8ca4-96a317da6cd0_f1a75b59-0c37-4d97-b8d7-cf0469a3a372.jpg/250x188.webp,1082,68.04437182438213,6307,128
fb60b829-ed07-4ab1-bdae-1bb1fbcb2068,Audi,A3,Berline,Dealer,4490,d,121000,04-2013,https://prod.pictures.autoscout24.net/listing-images/fb60b829-ed07-4ab1-bdae-1bb1fbcb2068_fe69e357-b1ee-4f98-b26d-58ed3c469141.jpg/250x188.webp,1930,65.18883147641638,3538,12
52d057c4-12cd-4753-a15c-f080443a0d96,Audi,A1,Berline,Dealer,4499,b,68000,04-2011,https://prod.pictures.autoscout24.net/listing-images/52d057c4-12cd-4753-a15c-f080443a0d96_7e49d046-5ec1-44b3-9c44-15264fa2f7ce.jpg/250x188.webp,1651,78.98056604317188,4269,8
81563b3e-b8d3-4f92-b736-5b20f77f589c,Audi,A6,Berline,PrivateSeller,4499,b,189000,04-2006,https://prod.pictures.autoscout24.net/listing-images/81563b3e-b8d3-4f92-b736-5b20f77f589c_23556303-fc38-4a4b-9774-a4c1a71d6a14.jpg/250x188.webp,4520,112.57318942534252,6095,44
4e03fbc7-a595-5a5f-e053-0100007fdd33,Audi,A4,Berline,PrivateSeller,4499,b,212500,05-2002,https://prod.pictures.autoscout24.net/listing-images/4e03fbc7-a595-5a5f-e053-0100007fdd33_065d5843-9a2d-4c66-b218-1e7e43717879.jpg/250x188.webp,2018,27.94913546724415,7526,501
2e416d6e-7d00-45ab-8731-8c5c5b08f67a,Audi,A1,Berline,PrivateSeller,4500,d,238320,11-2010,https://prod.pictures.autoscout24.net/listing-images/2e416d6e-7d00-45ab-8731-8c5c5b08f67a_8cb9cae9-f1ea-4c1a-8507-07ea68610b2c.jpg/250x188.webp,1000,69.17270624549755,4420,7
b31501ba-fb5b-40a8-9906-826c2fd6379d,Audi,A6,Berline,PrivateSeller,4500,b,247000,04-2005,https://prod.pictures.autoscout24.net/listing-images/b31501ba-fb5b-40a8-9906-826c2fd6379d_c3fb08c8-64fe-4a09-9316-4535037ce562.jpg/250x188.webp,1540,87.34950568940002,6460,13
78a7f7e5-8095-4c5f-b53b-d86d947c5c8d,Audi,A4,Break,PrivateSeller,4500,d,123500,01-2005,https://prod.pictures.autoscout24.net/listing-images/78a7f7e5-8095-4c5f-b53b-d86d947c5c8d_852035a5-012e-4e51-9577-ba628639ae20.jpg/250x188.webp,6500,139.73150212890414,6550,38
b296babd-9506-4f9d-bd1f-867843e18c53,Audi,A4,Berline,PrivateSeller,4500,b,190000,05-2003,https://prod.pictures.autoscout24.net/listing-images/b296babd-9506-4f9d-bd1f-867843e18c53_13d38f21-c071-4e7c-b12f-32db6c50bf5c.jpg/250x188.webp,2830,45.04397020411872,7161,40
055b040b-1810-4bfc-bb10-ec9f19bfba5d,Audi,TT,Coupé,PrivateSeller,4500,b,200000,11-1998,https://prod.pictures.autoscout24.net/listing-images/055b040b-1810-4bfc-bb10-ec9f19bfba5d_5bea9f76-3ce3-4127-9001-88857ddb0878.jpg/250x188.webp,1981,53.02040395691847,8803,46
a48bf5b1-fe8b-45f0-be13-4901e985cbdd,Audi,100,Andere,PrivateSeller,4500,b,119500,05-1991,https://prod.pictures.autoscout24.net/listing-images/a48bf5b1-fe8b-45f0-be13-4901e985cbdd_d580d881-78ca-454d-ae05-f63c3bccea51.jpg/250x188.webp,3600,91.05707630102727,11544,50
3f3c9627-9bc9-4577-9195-7313e6a9558e,Audi,A4,Berline,PrivateSeller,4500,d,189000,11-2007,https://prod.pictures.autoscout24.net/listing-images/3f3c9627-9bc9-4577-9195-7313e6a9558e_349a1c06-1253-45c5-b361-0b5cdb38ce08.jpg/250x188.webp,4630,129.1452608018519,5516,62
40a43d4b-91fd-4067-b6d3-0d44a13d7f98,Audi,A6,Andere,Dealer,4500,d,252000,08-2008,https://prod.pictures.autoscout24.net/listing-images/40a43d4b-91fd-4067-b6d3-0d44a13d7f98_b2af8d52-0bc5-4de1-8899-627e3b44ed4b.jpg/250x188.webp,1933,67.42863651453277,5242,101
b6d749ef-7bf7-4d01-84a1-b55f1b7e9a24,Audi,A4,Cabriolet,PrivateSeller,4500,d,198080,05-2003,https://prod.pictures.autoscout24.net/listing-images/b6d749ef-7bf7-4d01-84a1-b55f1b7e9a24_d9cf83ff-a36c-4728-b771-a20c04dd1943.jpg/250x188.webp,1400,97.35176357549375,7161,107
33d2f691-21b2-4e24-8828-7b0968e160a3,Audi,A6,Berline,PrivateSeller,4500,b,312000,10-1997,https://prod.pictures.autoscout24.net/listing-images/33d2f691-21b2-4e24-8828-7b0968e160a3_4279c866-53af-4761-92ab-45d7531fd533.jpg/250x188.webp,1860,59.6090801187706,9199,122
9e5b8a60-dd19-4095-ab8a-a2b730e91139,Audi,A3,Berline,PrivateSeller,4500,d,203703,02-2009,https://prod.pictures.autoscout24.net/listing-images/9e5b8a60-dd19-4095-ab8a-a2b730e91139_95d1a97e-bb60-477d-9f1a-0bb185e4b901.jpg/250x188.webp,6183,112.05698403214406,5058,129
a458efa7-41af-4134-a896-59ed549d7ec7,Audi,A4,Break,PrivateSeller,4500,d,258000,03-2008,https://prod.pictures.autoscout24.net/listing-images/a458efa7-41af-4134-a896-59ed549d7ec7_7396b8f5-d438-469b-b3f4-f4bb0cf385f1.jpg/250x188.webp,7640,123.35769331129892,5395,137
bf68c87f-9034-4fcc-bfd2-fc702977dc50,Audi,A4,Break,PrivateSeller,4500,d,218000,02-2008,https://prod.pictures.autoscout24.net/listing-images/bf68c87f-9034-4fcc-bfd2-fc702977dc50_060446f7-3239-45de-9ca5-37a97a917f48.jpg/250x188.webp,8420,100.7170621979351,5424,152
2be40b2a-db29-42a3-b7ec-9f0b3f2b676b,Audi,A2,Monovolume,PrivateSeller,4500,d,162000,08-2001,https://prod.pictures.autoscout24.net/listing-images/2be40b2a-db29-42a3-b7ec-9f0b3f2b676b_95ba68d9-8518-4eee-95c9-bf0b6898220b.jpg/250x188.webp,3600,91.05707630102727,7799,164
eadfc995-3c73-4246-8f2a-a84995cee51f,Audi,A6,Break,PrivateSeller,4500,d,341000,06-2007,https://prod.pictures.autoscout24.net/listing-images/eadfc995-3c73-4246-8f2a-a84995cee51f_e5c85ff7-1697-452d-81ae-8e06873e4187.jpg/250x188.webp,1300,83.88957347991013,5669,171
a87468ee-eb36-4bd5-abe4-f2f5aed8f139,Audi,A6,Berline,PrivateSeller,4600,d,345000,04-2007,https://prod.pictures.autoscout24.net/listing-images/a87468ee-eb36-4bd5-abe4-f2f5aed8f139_ba9f273e-2eea-4d6d-9989-05f67801249c.jpg/250x188.webp,2060,27.94913546724415,5730,40
28f6e0a4-b2f4-423c-b1e9-f2357a71f4ad,Audi,TT,Andere,PrivateSeller,4600,b,221500,10-2001,https://prod.pictures.autoscout24.net/listing-images/28f6e0a4-b2f4-423c-b1e9-f2357a71f4ad_3b876d5d-e040-4772-bfa3-9d941c4f362f.jpg/250x188.webp,9880,82.30703511379957,7738,45
5124fe73-c77c-4d7b-bee5-e584422f5510,Audi,A3,Stadswagen,Dealer,4650,b,123587,04-2007,https://prod.pictures.autoscout24.net/listing-images/5124fe73-c77c-4d7b-bee5-e584422f5510_4e291757-a49c-4954-8e61-2448be9f3402.jpg/250x188.webp,6001,119.62548366163914,5730,10
59275efd-25cc-4d35-9343-da7823f69023,Audi,A3,Cabriolet,Dealer,4650,d,243000,11-2009,https://prod.pictures.autoscout24.net/listing-images/59275efd-25cc-4d35-9343-da7823f69023_5a91e2ac-7959-415c-81f1-ddc8b9b74a08.jpg/250x188.webp,5140,104.85389989976589,4785,24
a6daca86-13c4-49a2-bad0-84e8cfbc5f9e,Audi,A4,Cabriolet,Dealer,4750,d,205000,07-2003,https://prod.pictures.autoscout24.net/listing-images/a6daca86-13c4-49a2-bad0-84e8cfbc5f9e_7654c7c6-163e-45b0-a1fd-f97381ff49c3.jpg/250x188.webp,6280,125.71995865757935,7100,10
b2fc90fb-1d18-4223-bf11-e56bc6e860ad,Audi,TT,Cabriolet,PrivateSeller,4750,b,185000,01-2004,https://prod.pictures.autoscout24.net/listing-images/b2fc90fb-1d18-4223-bf11-e56bc6e860ad_023762ce-eb36-4281-9bf3-8a3f95f47afb.jpg/250x188.webp,9220,46.7400187134896,6916,172
68a215ef-1f79-43fe-b9dd-877721252e51,Audi,100,Berline,PrivateSeller,4800,b,158000,04-1991,https://prod.pictures.autoscout24.net/listing-images/68a215ef-1f79-43fe-b9dd-877721252e51_b9aab043-e7fe-4f89-99ef-b475e2a2178d.jpg/250x188.webp,1932,66.67198913187099,11574,17
a66586f9-4d96-47b2-b947-141c3402a706,Audi,TT,Andere,PrivateSeller,4800,b,220000,11-1998,https://prod.pictures.autoscout24.net/listing-images/a66586f9-4d96-47b2-b947-141c3402a706_722eb4d3-d281-4db8-97d5-f51c2049ddcc.jpg/250x188.webp,4180,138.30334648841682,8803,67
06b8f8bc-0cf8-4c62-9c8f-323e5575ee0c,Audi,A1,Andere,PrivateSeller,4800,d,273000,01-2010,https://prod.pictures.autoscout24.net/listing-images/06b8f8bc-0cf8-4c62-9c8f-323e5575ee0c_92c7c129-fa9c-4593-9861-d0c3d8543dbf.jpg/250x188.webp,9600,100.62421555744224,4724,72
4c325242-e5d3-4987-9c6e-dbcdbb765569,Audi,A6 allroad,Andere,Dealer,4900,d,151000,09-2007,https://prod.pictures.autoscout24.net/listing-images/4c325242-e5d3-4987-9c6e-dbcdbb765569_e868c813-54d2-4938-a45a-1ac6426ce5d7.jpg/250x188.webp,1325,85.97978805911903,5577,3
43f39a9d-e81e-4573-8ac0-3d95da1d220e,Audi,A4,Cabriolet,Dealer,4900,b,212000,01-2003,https://prod.pictures.autoscout24.net/listing-images/43f39a9d-e81e-4573-8ac0-3d95da1d220e_89a6c5fa-b17f-4206-999f-b203c7a1af81.jpg/250x188.webp,6700,222.44484417522085,7281,2
08dfc946-9f6d-435a-b094-c9bd410cf2ee,Audi,A4,Break,PrivateSeller,4900,b,253000,08-2008,https://prod.pictures.autoscout24.net/listing-images/08dfc946-9f6d-435a-b094-c9bd410cf2ee_cbe700ab-7e50-4f88-bce2-e73eb5aad88b.jpg/250x188.webp,1731,64.67551938133373,5242,10
14a36f74-692e-426f-9b75-1e97cf803779,Audi,A3,Berline,PrivateSeller,4900,b,146300,08-2005,https://prod.pictures.autoscout24.net/listing-images/14a36f74-692e-426f-9b75-1e97cf803779_53c75b60-9e3b-47b0-b04e-92a64fb8e622.jpg/250x188.webp,2550,37.36039038956695,6338,24
3d2a1f14-1f29-40f6-9639-2ce314fed9b8,Audi,A3,Berline,Dealer,4900,d,220000,08-2010,https://prod.pictures.autoscout24.net/listing-images/3d2a1f14-1f29-40f6-9639-2ce314fed9b8_1495d588-d457-4d55-b724-5abf0403253d.jpg/250x188.webp,4100,122.70999344916741,4512,28
319de477-b289-4a7a-9896-2d1a61298e31,Audi,A4,Berline,Dealer,4900,b,167093,06-2005,https://prod.pictures.autoscout24.net/listing-images/319de477-b289-4a7a-9896-2d1a61298e31_f7a52aca-7580-44cc-8fc8-2e399fc6c8cd.jpg/250x188.webp,1700,70.90697373704198,6399,45
16614f02-d8aa-486e-a73c-0157f1531d6f,Audi,80,Andere,PrivateSeller,4900,b,36154,02-1989,https://prod.pictures.autoscout24.net/listing-images/16614f02-d8aa-486e-a73c-0157f1531d6f_868ff050-53ff-480d-9ef5-22eaff801330.jpg/250x188.webp,8870,106.40718302751253,12363,124
15391d81-7dd0-4ee7-8ab3-caf5c5901de5,Audi,TT,Coupé,PrivateSeller,4900,b,263000,01-2000,https://prod.pictures.autoscout24.net/listing-images/15391d81-7dd0-4ee7-8ab3-caf5c5901de5_2362fb6b-87dc-4fcb-81bd-c43a36411e65.jpg/250x188.webp,1800,60.05560122441548,8377,399
7040f48d-5329-4ad8-8772-f6aab4c439fb,Audi,A3,Berline,Dealer,4950,b,44500,12-2003,https://prod.pictures.autoscout24.net/listing-images/7040f48d-5329-4ad8-8772-f6aab4c439fb_636a4a08-c92f-441f-afae-dcef9aaba5e0.jpg/250x188.webp,1703,72.53884447632319,6947,5
447b516d-3c41-41de-82c5-e4ad28b8bbdd,Audi,A4,Cabriolet,Dealer,4950,d,251100,08-2008,https://prod.pictures.autoscout24.net/listing-images/447b516d-3c41-41de-82c5-e4ad28b8bbdd_b8c0238b-03d6-4e9e-9cb4-b1b94affcf91.jpg/250x188.webp,6240,115.29065835205232,5242,18
72c90eb0-74ab-4961-aebd-dcb04634f952,Audi,A3,Berline,PrivateSeller,4950,d,230000,01-2011,https://prod.pictures.autoscout24.net/listing-images/72c90eb0-74ab-4961-aebd-dcb04634f952_74c047b4-a9b9-4303-a8dc-2da6e66390a3.jpg/250x188.webp,4100,122.70999344916741,4359,95
7411f954-6811-4f30-8d6f-d8806a870e93,Audi,A4,Berline,Dealer,4950,d,242000,10-2008,https://prod.pictures.autoscout24.net/listing-images/7411f954-6811-4f30-8d6f-d8806a870e93_63b1e123-7f8f-4829-80af-daa082e662e4.jpg/250x188.webp,4100,122.70999344916741,5181,120
97289386-df7c-47ee-afb4-e8af69dd241e,Audi,A6 allroad,Break,Dealer,4950,d,242886,08-2006,https://prod.pictures.autoscout24.net/listing-images/97289386-df7c-47ee-afb4-e8af69dd241e_bf51a9d1-580c-4fe2-868a-12340fc83610.jpg/250x188.webp,1910,61.06717284299515,5973,160
9ca8b85a-356b-4c2f-e053-e350040ad86f,Audi,A6,Break,Dealer,4950,d,395000,11-2005,https://prod.pictures.autoscout24.net/listing-images/9ca8b85a-356b-4c2f-e053-e350040ad86f_c5cb8c3a-0912-40b6-8fc6-fcfaca262710.jpg/250x188.webp,5020,112.56317852994579,6246,1891
2614df4a-d092-427e-a40c-f87c899fd413,Audi,A4,Cabriolet,PrivateSeller,4980,d,263000,03-2007,https://prod.pictures.autoscout24.net/listing-images/2614df4a-d092-427e-a40c-f87c899fd413_ae0578c0-e890-4ac8-a5f9-7f0a5d1eb624.jpg/250x188.webp,1300,83.88957347991013,5761,162
98d74fdb-4808-4eb3-860e-dd6557f50f98,Audi,A4,Berline,Dealer,4990,d,167785,07-2007,https://prod.pictures.autoscout24.net/listing-images/98d74fdb-4808-4eb3-860e-dd6557f50f98_32d16727-b499-4cd2-9972-bdf07cc01296.jpg/250x188.webp,1420,87.49639779077864,5639,15
599d5394-cf31-4328-8029-40c8a4570c0d,Audi,A3,Berline,Dealer,4999,d,175702,03-2007,https://prod.pictures.autoscout24.net/listing-images/599d5394-cf31-4328-8029-40c8a4570c0d_bb4ed2fe-7dce-4f26-98f1-cf5a7c217fa4.jpg/250x188.webp,1820,61.11806276432271,5761,16
890b905a-3080-4663-96fb-ebe6e7947171,Audi,A3,Andere,Dealer,4999,d,235000,08-2010,https://prod.pictures.autoscout24.net/listing-images/890b905a-3080-4663-96fb-ebe6e7947171_16eba442-dea1-4271-8ce7-1a177b0d250a.jpg/250x188.webp,7333,120.19113271072128,4512,47
458cc4af-fe23-4eae-a30d-d98f0766991f,Audi,A2,Monovolume,PrivateSeller,4999,b,142942,01-2005,https://prod.pictures.autoscout24.net/listing-images/458cc4af-fe23-4eae-a30d-d98f0766991f_729b06a6-97c4-4128-98d2-d7f138193a4f.jpg/250x188.webp,9000,69.99787275902874,6550,96
09e67d0b-b25b-4d07-b748-f2aa7d177684,Audi,A3,Berline,PrivateSeller,5000,b,160000,05-2006,https://prod.pictures.autoscout24.net/listing-images/09e67d0b-b25b-4d07-b748-f2aa7d177684_2917e717-5532-4c8b-bc94-0e9f46410d4c.jpg/250x188.webp,2280,35.98944945809368,6065,10
c0748d2d-dd96-4d16-b58a-200da8e5e06b,Audi,A5,Berline,Dealer,5000,d,145396,03-2013,https://prod.pictures.autoscout24.net/listing-images/c0748d2d-dd96-4d16-b58a-200da8e5e06b_c6568be2-5198-465f-96b4-9037f50f44a4.jpg/250x188.webp,6061,117.55452099458994,3569,23
1feb3039-4dbf-4af0-90c4-539371b6e1de,Audi,80,Berline,PrivateSeller,5000,b,242000,06-1992,https://prod.pictures.autoscout24.net/listing-images/1feb3039-4dbf-4af0-90c4-539371b6e1de_4b1180f7-f2c7-47ea-8466-bdd4a85774a7.jpg/250x188.webp,2000,27.94913546724415,11147,33
00226498-a233-4979-be76-8b3cdaec6655,Audi,A3,Berline,PrivateSeller,5000,d,208333,07-2010,https://prod.pictures.autoscout24.net/listing-images/00226498-a233-4979-be76-8b3cdaec6655_77e928fc-eb5b-4660-9878-0982258c6492.jpg/250x188.webp,2800,49.170515286575046,4543,36
d8ba6c63-4f65-4995-bb8f-f779e5f9ad49,Audi,A6,Break,PrivateSeller,5000,d,310000,06-2007,https://prod.pictures.autoscout24.net/listing-images/d8ba6c63-4f65-4995-bb8f-f779e5f9ad49_0ab4281f-aa43-43f1-9c83-56bcbde3251a.jpg/250x188.webp,1300,83.88957347991013,5669,45
ebc0d33e-8676-4ceb-99e6-99041e9a013f,Audi,TT,Coupé,PrivateSeller,5000,b,193000,06-2005,https://prod.pictures.autoscout24.net/listing-images/ebc0d33e-8676-4ceb-99e6-99041e9a013f_53f77e61-1f27-42d6-8974-c5a44493ef66.jpg/250x188.webp,7100,111.04432979756132,6399,76
9bad9c3b-fe0b-45c3-9e85-f228e1270058,Audi,Q7,SUV/4x4/Pick-up,PrivateSeller,5000,d,280000,09-2009,https://prod.pictures.autoscout24.net/listing-images/9bad9c3b-fe0b-45c3-9e85-f228e1270058_fa849fab-8b3a-4415-ac57-48f88862babe.jpg/250x188.webp,1070,71.06367211068877,4846,85
7a444df2-4b82-4a80-93c4-46e41e6b5c91,Audi,A3,Break,PrivateSeller,5000,d,235000,01-2007,https://prod.pictures.autoscout24.net/listing-images/7a444df2-4b82-4a80-93c4-46e41e6b5c91_93625cef-f4ad-4a68-8061-98d349a42f62.jpg/250x188.webp,7380,129.95614046754844,5820,104
575f85b0-c9cb-4c51-b353-605b253097d3,Audi,A3,Break,PrivateSeller,5000,d,230000,01-2007,https://prod.pictures.autoscout24.net/listing-images/575f85b0-c9cb-4c51-b353-605b253097d3_f930a73e-c557-412e-829a-d23ed7a480e0.jpg/250x188.webp,7380,129.95614046754844,5820,117
1bf1b559-fcce-4803-bf9b-7be1a8ae24ce,Audi,90,Berline,PrivateSeller,5000,b,333700,05-1991,https://prod.pictures.autoscout24.net/listing-images/1bf1b559-fcce-4803-bf9b-7be1a8ae24ce_f20bd43b-3b11-4d3f-bd3d-9648c4ab5bb5.jpg/250x188.webp,6250,115.60596353389253,11544,110
c9b8b372-937d-425f-8c7c-52d0c6b7ea18,Audi,A3,Berline,PrivateSeller,5000,b,222000,11-2006,https://prod.pictures.autoscout24.net/listing-images/c9b8b372-937d-425f-8c7c-52d0c6b7ea18_e6303645-3baa-42c6-862b-ae048443309a.jpg/250x188.webp,7063,102.80829893160018,5881,110
45876da9-5e74-4513-9af3-371274492a44,Audi,A3,Break,PrivateSeller,5000,b,206000,06-2005,https://prod.pictures.autoscout24.net/listing-images/45876da9-5e74-4513-9af3-371274492a44_8a4397b3-6fe1-4ed0-a627-d75276b78929.jpg/250x188.webp,2300,36.751136569594,6399,119
f8d6c0c7-a133-4c03-b91e-29f3856a3c4a,Audi,A3,Berline,PrivateSeller,5000,d,370000,11-2012,https://prod.pictures.autoscout24.net/listing-images/f8d6c0c7-a133-4c03-b91e-29f3856a3c4a_67bdf619-10b5-4653-aa20-8c0cfefe388e.jpg/250x188.webp,1030,66.85598932704684,3689,119
eba50dd2-ddaf-4f29-97a3-23d6ffc3548a,Audi,TT,Coupé,PrivateSeller,5000,b,478000,08-1999,https://prod.pictures.autoscout24.net/listing-images/eba50dd2-ddaf-4f29-97a3-23d6ffc3548a_f013519a-db46-4ac6-87fa-3109ae3df867.jpg/250x188.webp,4811,,8530,182
09c514dc-259b-4480-853d-50bac6a9d2b6,Audi,A4,Cabriolet,PrivateSeller,5200,d,243000,09-2007,https://prod.pictures.autoscout24.net/listing-images/09c514dc-259b-4480-853d-50bac6a9d2b6_9cd7ee0a-3ab7-4c5e-a617-6cd2909d5b29.jpg/250x188.webp,6211,106.9940194611148,5577,67
3b050513-d9ff-4469-8bd8-1ca56071d5c9,Audi,A4,Berline,PrivateSeller,5200,d,1750000,05-2007,https://prod.pictures.autoscout24.net/listing-images/3b050513-d9ff-4469-8bd8-1ca56071d5c9_9026140c-dae5-44b1-96ef-c5daadf73339.jpg/250x188.webp,1600,78.61296004280759,5700,177
92a0a1b2-236a-473d-8ce8-baffebadd20e,Audi,A3,Berline,Dealer,5250,d,232000,09-2009,https://prod.pictures.autoscout24.net/listing-images/92a0a1b2-236a-473d-8ce8-baffebadd20e_87b7ad11-d8c0-4f8d-9d15-47a9e23022c2.jpg/250x188.webp,6031,117.04479587125066,4846,124
a3939e19-7a69-4837-a358-513d9baaa554,Audi,A4,Break,Dealer,5250,d,325000,03-2011,https://prod.pictures.autoscout24.net/listing-images/a3939e19-7a69-4837-a358-513d9baaa554_cc6c1b3e-ad91-4a74-a8cb-03963d2615bd.jpg/250x188.webp,4170,134.94834896628382,4300,156
b4513d4b-872f-4473-9972-0eac0ac42f48,Audi,A5,Coupé,Dealer,5250,d,199000,04-2008,https://prod.pictures.autoscout24.net/listing-images/b4513d4b-872f-4473-9972-0eac0ac42f48_c6dfb1ea-2dd4-4dc2-a696-14ba198aa328.jpg/250x188.webp,1400,97.35176357549375,5364,188
a8bb52fc-bc08-4b41-87f9-426ba6b79c92,Audi,A3,Berline,Dealer,5300,b,159000,11-2005,https://prod.pictures.autoscout24.net/listing-images/a8bb52fc-bc08-4b41-87f9-426ba6b79c92_e87f2fc3-d4b2-403d-806d-c0605697bb68.jpg/250x188.webp,1840,54.29299877782283,6246,11
2e202a0e-e39f-4cbb-a3ed-b62dbbb141f3,Audi,A3,Berline,Dealer,5300,d,203898,07-2011,https://prod.pictures.autoscout24.net/listing-images/2e202a0e-e39f-4cbb-a3ed-b62dbbb141f3_16398155-7d0f-4e03-82d7-8398aac2c9a9.jpg/250x188.webp,1910,61.06717284299515,4178,14
aec0ad8e-376c-4fd7-b1fc-9284377036bc,Audi,A4,Break,PrivateSeller,5300,d,360000,09-2010,https://prod.pictures.autoscout24.net/listing-images/aec0ad8e-376c-4fd7-b1fc-9284377036bc_0358d9d5-ad08-4f91-83c3-4d47592b6102.jpg/250x188.webp,4000,118.53949006185148,4481,19
99412114-6a42-4a48-b246-02de4b8c976c,Audi,Coupe,Coupé,PrivateSeller,5400,b,249000,06-1990,https://prod.pictures.autoscout24.net/listing-images/99412114-6a42-4a48-b246-02de4b8c976c_1fe3b5bf-ac33-40f2-b3fa-3994e80ded77.jpg/250x188.webp,2570,41.502398539267695,11878,4
e4adec04-8dba-4c20-a8b2-c357dc42e87a,Audi,A3,Berline,PrivateSeller,5400,d,290770,08-2008,https://prod.pictures.autoscout24.net/listing-images/e4adec04-8dba-4c20-a8b2-c357dc42e87a_30c5d818-d2ae-4942-8f2f-98a3ee9ec334.jpg/250x188.webp,6180,111.8460773215552,5242,53
095cbb09-642d-4175-97b9-1c87af394e49,Audi,A4,Cabriolet,Dealer,5400,d,180767,03-2006,https://prod.pictures.autoscout24.net/listing-images/095cbb09-642d-4175-97b9-1c87af394e49_7d463472-0965-4322-8c7e-ea4bf55c8a07.jpg/250x188.webp,5000,115.13665852422378,6126,86
ac870a30-e741-45ab-bd77-df4913a69c9a,Audi,A3,Andere,Dealer,5490,d,190000,12-2010,https://prod.pictures.autoscout24.net/listing-images/ac870a30-e741-45ab-bd77-df4913a69c9a_9d4ba025-2e53-4491-8236-9bcbda0e03fe.jpg/250x188.webp,7340,126.38155252550393,4390,47
e0a14db0-3b9a-468f-a6fb-8e2b88fb9898,Audi,A6 allroad,Break,PrivateSeller,5500,d,280000,12-2008,https://prod.pictures.autoscout24.net/listing-images/e0a14db0-3b9a-468f-a6fb-8e2b88fb9898_69d2fbe5-405d-4030-9143-f7b81a37d4cb.jpg/250x188.webp,1031,,5120,12
aeb6f24f-bdb6-4c0a-b5f9-e1b401cfad31,Audi,TT,Coupé,PrivateSeller,5500,b,228000,10-1999,https://prod.pictures.autoscout24.net/listing-images/aeb6f24f-bdb6-4c0a-b5f9-e1b401cfad31_3f6f7e50-e9bb-4ada-9444-77ec5a3380e3.jpg/250x188.webp,5310,103.9456108013131,8469,130
8b2f1e0d-73fe-42ee-a6a1-e2b2f9703d1e,Audi,A1,Berline,Dealer,5500,d,207372,10-2010,https://prod.pictures.autoscout24.net/listing-images/8b2f1e0d-73fe-42ee-a6a1-e2b2f9703d1e_b4111247-2ab5-4207-8a29-ec600028fa99.jpg/250x188.webp,1070,71.06367211068877,4451,13
5131c2ef-69f5-414e-9935-b780fc5398b8,Audi,A4,Break,PrivateSeller,5500,d,273750,03-2009,https://prod.pictures.autoscout24.net/listing-images/5131c2ef-69f5-414e-9935-b780fc5398b8_b55656d4-3cdc-4afe-97fb-29563248a060.jpg/250x188.webp,9000,69.99787275902874,5030,14
53ffae96-7c2a-44c8-bb6c-3e1ea149b603,Audi,A4,Break,PrivateSeller,5500,d,177000,07-2010,https://prod.pictures.autoscout24.net/listing-images/53ffae96-7c2a-44c8-bb6c-3e1ea149b603_d6db2a85-7ec8-483e-8606-f7b1c7995365.jpg/250x188.webp,7500,124.32337959708627,4543,15
748e6f2f-4453-4ba4-b2dd-a0c818a0e5c7,Audi,TT,Cabriolet,PrivateSeller,5500,b,228000,03-2001,https://prod.pictures.autoscout24.net/listing-images/748e6f2f-4453-4ba4-b2dd-a0c818a0e5c7_d00cd4e4-8081-4c2c-b0ad-bbd0a41d6692.jpg/250x188.webp,1480,90.6722887329444,7952,15
995ad606-8dbf-4670-b724-11b97c13ac70,Audi,A2,Monovolume,Dealer,5500,b,90000,01-2005,https://prod.pictures.autoscout24.net/listing-images/995ad606-8dbf-4670-b724-11b97c13ac70_eb87fdb6-d60e-4616-8165-e71c2c28f10b.jpg/250x188.webp,6700,222.44484417522085,6550,15
5c783193-883b-4cc0-a062-3c975dff2dd1,Audi,A3,Berline,PrivateSeller,5500,d,188900,01-2012,https://prod.pictures.autoscout24.net/listing-images/5c783193-883b-4cc0-a062-3c975dff2dd1_fd5c033e-9f40-450d-83bd-84483a478269.jpg/250x188.webp,1180,74.57281408996285,3994,24
60c2fa46-50eb-44ec-a1e6-253c7efcd9f8,Audi,A3,Berline,PrivateSeller,5500,b,197000,10-2008,https://prod.pictures.autoscout24.net/listing-images/60c2fa46-50eb-44ec-a1e6-253c7efcd9f8_fbe5c4fd-4067-4ff1-9164-91fc9559e7f9.jpg/250x188.webp,4000,118.53949006185148,5181,27
0ad83b99-678d-42a7-808b-7fd60dbb983a,Audi,Q7,SUV/4x4/Pick-up,PrivateSeller,5500,d,313000,10-2007,https://prod.pictures.autoscout24.net/listing-images/0ad83b99-678d-42a7-808b-7fd60dbb983a_a8ce6bd3-5cdb-4bc0-9ef6-a71db876ab22.jpg/250x188.webp,1030,66.85598932704684,5547,52
c86a59bb-ab15-4193-b973-87bfce9ea6f2,Audi,A4,Cabriolet,PrivateSeller,5500,b,107980,07-2002,https://prod.pictures.autoscout24.net/listing-images/c86a59bb-ab15-4193-b973-87bfce9ea6f2_36d41642-9fdc-4cad-9816-0f8451202268.jpg/250x188.webp,1180,74.57281408996285,7465,58
27c82c8c-a5da-45e2-b98c-452a42bcf946,Audi,A3,Berline,PrivateSeller,5500,d,226000,04-2009,https://prod.pictures.autoscout24.net/listing-images/27c82c8c-a5da-45e2-b98c-452a42bcf946_d7629078-eba7-4f57-ba3d-1c0a7ce25a02.jpg/250x188.webp,4540,117.22161404327316,4999,100
2309e812-15c6-4508-8f37-df98f7ed31cf,Audi,A3,Berline,PrivateSeller,5500,d,160000,05-2009,https://prod.pictures.autoscout24.net/listing-images/2309e812-15c6-4508-8f37-df98f7ed31cf_285f1bb4-7044-4902-8daf-7f3077b5ffc5.jpg/250x188.webp,9620,79.3684737361704,4969,173
f423bcea-a373-445e-93ef-0fd3f7846dbf,Audi,S3,Berline,PrivateSeller,5500,b,174768,06-1999,https://prod.pictures.autoscout24.net/listing-images/f423bcea-a373-445e-93ef-0fd3f7846dbf_903852a2-3879-4534-9f3a-127168e93c1d.jpg/250x188.webp,3620,104.36478822085542,8591,214
45627152-80db-414a-8785-ea631ab36df7,Audi,A3,Break,Dealer,5500,d,150000,02-2008,https://prod.pictures.autoscout24.net/listing-images/45627152-80db-414a-8785-ea631ab36df7_66624e60-3ab3-4641-83a9-533997558f43.jpg/250x188.webp,5140,104.85389989976589,5424,216
7b39b631-7fcb-4ae7-ba4d-e3c95e9bebca,Audi,A3,Berline,PrivateSeller,5650,b,140000,09-2003,https://prod.pictures.autoscout24.net/listing-images/7b39b631-7fcb-4ae7-ba4d-e3c95e9bebca_2fcc6d12-d985-4759-b92c-46789f44cd6a.jpg/250x188.webp,1640,80.60400182928595,7038,125
c879183f-ecd4-4c2d-8890-9f923ce417f8,Audi,A3,Berline,Dealer,5700,d,80000,09-2008,https://prod.pictures.autoscout24.net/listing-images/c879183f-ecd4-4c2d-8890-9f923ce417f8_84bb9277-7f33-46bd-9127-048a0a296979.jpg/250x188.webp,1800,60.05560122441548,5211,6
eda0a9a5-0e8a-4145-88fa-2b52233a887d,Audi,A3,Berline,PrivateSeller,5700,d,150000,04-2010,https://prod.pictures.autoscout24.net/listing-images/eda0a9a5-0e8a-4145-88fa-2b52233a887d_4131b5f7-ce16-4aa8-8645-8d6c73f96fe7.jpg/250x188.webp,1853,62.49120970441575,4634,84
9e156588-bced-43e0-b25d-280ab3f16798,Audi,A3,Berline,Dealer,5750,d,200000,02-2011,https://prod.pictures.autoscout24.net/listing-images/9e156588-bced-43e0-b25d-280ab3f16798_91f29038-4686-4f60-91dd-6b16bdc922fb.jpg/250x188.webp,6142,119.34098548919368,4328,3
d37d9929-763a-4df5-9de7-ad04b43fb9e2,Audi,TT,Coupé,PrivateSeller,5750,b,199654,05-2004,https://prod.pictures.autoscout24.net/listing-images/d37d9929-763a-4df5-9de7-ad04b43fb9e2_75377cb6-5cd7-41d4-9f16-088113516e1b.jpg/250x188.webp,3550,75.75580829789837,6795,47
4ad09b1b-09c6-42c7-ac38-b7e86436e9d8,Audi,A3,Cabriolet,PrivateSeller,5750,d,235000,12-2010,https://prod.pictures.autoscout24.net/listing-images/4ad09b1b-09c6-42c7-ac38-b7e86436e9d8_d77cf0b9-fc1b-45a2-948a-fe542290258f.jpg/250x188.webp,1180,74.57281408996285,4390,82
30f52240-2b09-41b4-8e73-d4b473698707,Audi,A3,Cabriolet,Dealer,5750,d,204000,05-2008,https://prod.pictures.autoscout24.net/listing-images/30f52240-2b09-41b4-8e73-d4b473698707_b99e542e-3f92-4d48-aa7f-8719052ef8d0.jpg/250x188.webp,1060,71.73094529250689,5334,84
f33f7a2e-a36d-4161-93cb-e695a44a2e6b,Audi,A3,Berline,Dealer,5800,b,218000,06-2009,https://prod.pictures.autoscout24.net/listing-images/f33f7a2e-a36d-4161-93cb-e695a44a2e6b_efc30363-f957-4a60-b0de-366f9330c491.jpg/250x188.webp,8880,113.05181262649485,4938,11
54bd9419-3321-486e-9500-9bdb4ad7c0ed,Audi,A3,Andere,PrivateSeller,5800,d,206000,03-2010,https://prod.pictures.autoscout24.net/listing-images/54bd9419-3321-486e-9500-9bdb4ad7c0ed_07599615-72ef-4d0a-9a65-3fc9099987b8.jpg/250x188.webp,1780,63.273818071645216,4665,48
e9d21b73-e834-42c6-8ec1-43b46129a8c5,Audi,A6,Berline,Dealer,5900,d,163000,12-2007,https://prod.pictures.autoscout24.net/listing-images/e9d21b73-e834-42c6-8ec1-43b46129a8c5_e1270680-3fb0-430d-a974-deddeae1b7c3.jpg/250x188.webp,6140,118.16906783395082,5486,4
1ec5a504-3720-47c7-95a1-2a63e9e92e9c,Audi,A3,Break,Dealer,5900,b,170000,01-2006,https://prod.pictures.autoscout24.net/listing-images/1ec5a504-3720-47c7-95a1-2a63e9e92e9c_7d51638d-76aa-4ffe-b9a8-f39f89a3e2fd.jpg/250x188.webp,9150,35.01618584808545,6185,17
99c73d06-82ff-43eb-8c0d-a23102b1b574,Audi,TT,Coupé,PrivateSeller,5900,b,340000,08-1999,https://prod.pictures.autoscout24.net/listing-images/99c73d06-82ff-43eb-8c0d-a23102b1b574_cf6f5fe2-14c6-44b2-89f4-c5957f57eb12.jpg/250x188.webp,2950,17.29303589868688,8530,57
ec1c485d-26dc-48ff-ab6c-c959303c6d50,Audi,A4,Andere,Dealer,5900,b,210000,09-2008,https://prod.pictures.autoscout24.net/listing-images/ec1c485d-26dc-48ff-ab6c-c959303c6d50_0a85c735-909b-4d05-ab2d-920a38dd8864.jpg/250x188.webp,1933,67.42863651453277,5211,73
8ea536d8-cffe-406a-9e25-5f55550608cf,Audi,TT,Cabriolet,Dealer,5950,b,214000,06-2005,https://prod.pictures.autoscout24.net/listing-images/8ea536d8-cffe-406a-9e25-5f55550608cf_308c6c7d-2335-49f7-8c51-bddcd240d655.jpg/250x188.webp,1640,80.60400182928595,6399,69
61731291-640e-404c-880e-f38dfe715999,Audi,TT,Coupé,Dealer,5950,b,212000,12-2000,https://prod.pictures.autoscout24.net/listing-images/61731291-640e-404c-880e-f38dfe715999_fe77a601-4db7-4941-97aa-5bf5045b468f.jpg/250x188.webp,4020,121.60247278825214,8042,0
0a8e9e39-0e30-4a83-8908-abae32fa8287,Audi,A3,Berline,PrivateSeller,5950,d,125000,12-2006,https://prod.pictures.autoscout24.net/listing-images/0a8e9e39-0e30-4a83-8908-abae32fa8287_0d98cbf6-d1f1-43d1-8275-b59b2214c046.jpg/250x188.webp,1800,60.05560122441548,5851,3
4d29cf7e-2ab8-4132-a90d-2d92e0523c53,Audi,A3,Andere,PrivateSeller,5950,d,312658,11-2012,https://prod.pictures.autoscout24.net/listing-images/4d29cf7e-2ab8-4132-a90d-2d92e0523c53_e18a1728-b796-43d0-a9eb-d3c4411c5485.jpg/250x188.webp,2600,30.98226947130947,3689,12
a2a914d5-4939-4bac-929b-935e19ef6c7d,Audi,A3,Stadswagen,Dealer,5950,d,170000,04-2005,https://prod.pictures.autoscout24.net/listing-images/a2a914d5-4939-4bac-929b-935e19ef6c7d_01ed6d7f-ed9a-4528-bcf3-b7a390ff7091.jpg/250x188.webp,6700,222.44484417522085,6460,26
5ee59181-9262-46a0-8116-0e52c0bcd836,Audi,A4,Berline,Dealer,5950,d,185000,01-2005,https://prod.pictures.autoscout24.net/listing-images/5ee59181-9262-46a0-8116-0e52c0bcd836_0813d07c-0479-4067-a111-3014ce664adf.jpg/250x188.webp,7134,116.23444273110738,6550,33
b9ccbad1-4fe0-41a5-8af6-1d67208048d9,Audi,A4,Break,PrivateSeller,5990,b,149000,11-2002,https://prod.pictures.autoscout24.net/listing-images/b9ccbad1-4fe0-41a5-8af6-1d67208048d9_6d07413c-c5fa-4160-9892-7fcdb5219967.jpg/250x188.webp,1090,66.80320352454842,7342,18
1b27d013-9811-4905-94bb-da52c14cb433,Audi,A3,Berline,Dealer,5998,d,195000,08-2010,https://prod.pictures.autoscout24.net/listing-images/1b27d013-9811-4905-94bb-da52c14cb433_e8c0f795-cc7b-4024-89b2-1573e974deb1.jpg/250x188.webp,6030,118.28038734858286,4512,9
7cc1ad36-905f-46dc-8c32-0dc4bc126c09,Audi,TT,Coupé,PrivateSeller,5999,b,227000,11-1999,https://prod.pictures.autoscout24.net/listing-images/7cc1ad36-905f-46dc-8c32-0dc4bc126c09_32c302ec-7a43-440a-b443-ec5123c86d26.jpg/250x188.webp,5310,103.9456108013131,8438,27
a4a5f1c9-9d1e-4c2f-af51-7b7b8711f865,Audi,A3,Berline,Dealer,5999,d,210000,04-2007,https://prod.pictures.autoscout24.net/listing-images/a4a5f1c9-9d1e-4c2f-af51-7b7b8711f865_9678fdc1-e34d-4917-ad6e-a6e7a0bc9809.jpg/250x188.webp,6700,222.44484417522085,5730,58
20040f9e-2652-4c69-85ec-c55d2353ae5f,Audi,A4,Break,PrivateSeller,5999,d,268000,10-2008,https://prod.pictures.autoscout24.net/listing-images/20040f9e-2652-4c69-85ec-c55d2353ae5f_e3137e72-31e3-4538-934f-13bda6c0214c.jpg/250x188.webp,1160,72.45305351002509,5181,94
9faa8eb0-001b-4786-9f3e-e5fef6efda1f,Audi,A3,Berline,Dealer,6000,b,118289,04-2007,https://prod.pictures.autoscout24.net/listing-images/9faa8eb0-001b-4786-9f3e-e5fef6efda1f_c75526f5-eefb-47b6-9f40-4d1f7032e1a4.jpg/250x188.webp,3090,77.24958296507762,5730,41
1312bf99-5ca3-4b6c-9009-41c19bc8f3bb,Audi,TT,Cabriolet,PrivateSeller,6000,b,162000,11-2001,https://prod.pictures.autoscout24.net/listing-images/1312bf99-5ca3-4b6c-9009-41c19bc8f3bb_b8495a73-b2ef-4252-9f97-b14bfe58adfe.jpg/250x188.webp,2650,34.65519997729238,7707,1
692f1473-9462-4830-b085-747f044b49e5,Audi,A6,Break,PrivateSeller,6000,d,240,07-2007,https://prod.pictures.autoscout24.net/listing-images/692f1473-9462-4830-b085-747f044b49e5_d781dcaa-53dd-4c6d-a2c9-052f5f055b39.jpg/250x188.webp,1390,80.41314824962016,5639,9
409e90b4-6a43-4b52-bae7-5fb78d9de263,Audi,A4,Break,PrivateSeller,6000,d,257000,04-2008,https://prod.pictures.autoscout24.net/listing-images/409e90b4-6a43-4b52-bae7-5fb78d9de263_32fe7e8e-5481-4bd5-a045-8d5ecf7b4f9b.jpg/250x188.webp,7641,124.66198527806658,5364,79
ab30bd2c-be4b-459a-b089-7e365f6f18ec,Audi,A3,Berline,PrivateSeller,6000,d,172500,02-2010,https://prod.pictures.autoscout24.net/listing-images/ab30bd2c-be4b-459a-b089-7e365f6f18ec_67fe7bbe-6e7f-4542-9dbc-12987404685c.jpg/250x188.webp,9140,42.211874657394915,4693,90
d29e3c01-3981-4803-be10-4a932b148514,Audi,A1,Berline,PrivateSeller,6000,d,195000,12-2011,https://prod.pictures.autoscout24.net/listing-images/d29e3c01-3981-4803-be10-4a932b148514_dcbc70e0-d6af-4f6a-9ff5-6d0486d4ea86.jpg/250x188.webp,1400,97.35176357549375,4025,115
3f254b52-890d-429e-a774-a86ae17b1a00,Audi,A4,Cabriolet,PrivateSeller,6000,b,251000,07-2003,https://prod.pictures.autoscout24.net/listing-images/3f254b52-890d-429e-a774-a86ae17b1a00_d8c4e9ff-ac3a-4ae6-84f5-c988df7c1de6.jpg/250x188.webp,4910,144.5605232976023,7100,119
0c853589-ebec-4a29-a4e5-157ce7a566ab,Audi,A3,Berline,PrivateSeller,6000,d,276000,06-2007,https://prod.pictures.autoscout24.net/listing-images/0c853589-ebec-4a29-a4e5-157ce7a566ab_a5de8d9d-0b87-4f00-a004-1f2ae51ba043.jpg/250x188.webp,7340,126.38155252550393,5669,149
74679a94-467d-488b-acf0-7976455fb435,Audi,A3,Berline,PrivateSeller,6000,b,234000,02-2006,https://prod.pictures.autoscout24.net/listing-images/74679a94-467d-488b-acf0-7976455fb435_b652ce88-935f-46d7-9387-c44ec6e45f51.jpg/250x188.webp,3570,87.98207706376526,6154,168
4d414483-c3ee-4a16-b6aa-d2231ab1a472,Audi,A4,Berline,PrivateSeller,6200,d,226000,03-2009,https://prod.pictures.autoscout24.net/listing-images/4d414483-c3ee-4a16-b6aa-d2231ab1a472_131277d3-5828-41d6-950d-b521f438d031.jpg/250x188.webp,2140,28.816369150105363,5030,26
abe7c3c5-b4f3-4259-bc9c-9aa5dbccb68b,Audi,A6 allroad,Break,PrivateSeller,6200,d,212694,02-2007,https://prod.pictures.autoscout24.net/listing-images/abe7c3c5-b4f3-4259-bc9c-9aa5dbccb68b_7fb47c08-c572-4e64-ad38-0ce0d269f903.jpg/250x188.webp,1932,66.67198913187099,5789,28
a5e9235d-d272-456f-9507-825b854261a0,Audi,A1,Andere,PrivateSeller,6200,d,222000,07-2012,https://prod.pictures.autoscout24.net/listing-images/a5e9235d-d272-456f-9507-825b854261a0_74e2ab5e-2297-4233-816a-b032543093a2.jpg/250x188.webp,4600,117.87746038285867,3812,65
d2b5eb7e-6974-45be-a71e-471e2193f6de,Audi,TT,Cabriolet,PrivateSeller,6200,b,197000,09-2002,https://prod.pictures.autoscout24.net/listing-images/d2b5eb7e-6974-45be-a71e-471e2193f6de_373588b1-380a-4da2-abf0-61790fcae8ec.jpg/250x188.webp,8920,124.48398155745208,7403,76
b9d77166-30b7-428e-8bb8-ef15d2a30e66,Audi,A3,Berline,PrivateSeller,6200,d,144000,04-2010,https://prod.pictures.autoscout24.net/listing-images/b9d77166-30b7-428e-8bb8-ef15d2a30e66_adfc8f57-7070-4e45-a164-55b74f9acd73.jpg/250x188.webp,2100,27.421552979694752,4634,120
8cc81851-10ea-4a4c-a48c-3304c2f4b47a,Audi,A3,Berline,PrivateSeller,6250,d,217921,10-2008,https://prod.pictures.autoscout24.net/listing-images/8cc81851-10ea-4a4c-a48c-3304c2f4b47a_ec976214-ed5a-40cc-8ae8-87015781f1c1.jpg/250x188.webp,6060,116.023023143389,5181,11
c0c5765d-7ad4-4322-b96b-aae3a779cc82,Audi,A4,Berline,PrivateSeller,6250,d,252000,10-2008,https://prod.pictures.autoscout24.net/listing-images/c0c5765d-7ad4-4322-b96b-aae3a779cc82_8fd31e00-cd2e-47ab-8b5a-44c1875bcde5.jpg/250x188.webp,6000,117.49014599385939,5181,72
e52d1cd6-9e43-4eb4-aead-32f04b2fb3ca,Audi,A3,Berline,Dealer,6250,d,215000,09-2009,https://prod.pictures.autoscout24.net/listing-images/e52d1cd6-9e43-4eb4-aead-32f04b2fb3ca_eb8d6d63-5bf5-4a36-9f27-c8c9cf697651.jpg/250x188.webp,9250,48.29700857036449,4846,98
ffee9e4b-281d-4ea6-8055-6a8a364ece3f,Audi,A3,Break,PrivateSeller,6250,b,180000,08-2011,https://prod.pictures.autoscout24.net/listing-images/ffee9e4b-281d-4ea6-8055-6a8a364ece3f_e09a5772-9d7f-4d81-8ab0-31db2d589143.jpg/250x188.webp,2018,27.94913546724415,4147,109
2ced0b4d-eda0-49ce-b1c4-f7a4e284b0b0,Audi,A3,Berline,PrivateSeller,6300,d,227000,08-2011,https://prod.pictures.autoscout24.net/listing-images/2ced0b4d-eda0-49ce-b1c4-f7a4e284b0b0_a9eb6664-f447-4ddc-b25f-2cff0082e3e7.jpg/250x188.webp,4317,107.69038674298957,4147,17
42d5d51f-7b66-4cab-935e-b7f8003c47b0,Audi,A4,Break,PrivateSeller,6300,d,283000,04-2011,https://prod.pictures.autoscout24.net/listing-images/42d5d51f-7b66-4cab-935e-b7f8003c47b0_cd8eb4f1-fb71-4237-93b8-b8ec5d81a4d8.jpg/250x188.webp,1070,71.06367211068877,4269,19
875c7ca3-c8cf-44c7-adec-b46f96817979,Audi,A3,Andere,Dealer,6300,d,200000,09-2011,https://prod.pictures.autoscout24.net/listing-images/875c7ca3-c8cf-44c7-adec-b46f96817979_0b6f2f51-57c1-4e92-8f1d-5d7e28725923.jpg/250x188.webp,1600,78.61296004280759,4116,33
fb3f24e1-4814-483e-9b9b-68ec45139877,Audi,A6,Break,Dealer,6400,d,237323,05-2010,https://prod.pictures.autoscout24.net/listing-images/fb3f24e1-4814-483e-9b9b-68ec45139877_2fa39f48-e8d0-4341-841e-1d45c6d07e8a.jpg/250x188.webp,1910,61.06717284299515,4604,133
39a2380e-6ed1-445b-baad-812111690fd6,Audi,A3,Andere,PrivateSeller,6450,d,91000,01-2008,https://prod.pictures.autoscout24.net/listing-images/39a2380e-6ed1-445b-baad-812111690fd6_f1193753-e3fa-49c6-aa99-7dd051f881a9.jpg/250x188.webp,1831,63.496143889011755,5455,1
79d37d89-df95-4b7c-b6a5-85a9b51a036c,Audi,A4,Break,Dealer,6450,d,188000,12-2008,https://prod.pictures.autoscout24.net/listing-images/79d37d89-df95-4b7c-b6a5-85a9b51a036c_d0a1064f-524d-4feb-8459-eca67dde783d.jpg/250x188.webp,6060,116.023023143389,5120,10
3f2fc838-6fd0-44ba-b483-4410f36f3061,Audi,A3,Berline,Dealer,6450,d,225998,09-2010,https://prod.pictures.autoscout24.net/listing-images/3f2fc838-6fd0-44ba-b483-4410f36f3061_f28e14c6-0481-4e89-8501-c4b2afdf53e1.jpg/250x188.webp,6043,111.88562923228113,4481,50
ec4cd32a-4c5f-402e-ac03-df57483b19c7,Audi,A1,Berline,Dealer,6450,d,228540,03-2013,https://prod.pictures.autoscout24.net/listing-images/ec4cd32a-4c5f-402e-ac03-df57483b19c7_762d8879-aca2-4086-ad43-d748255d525e.jpg/250x188.webp,1400,97.35176357549375,3569,80
6fe25c38-c243-4ddb-be21-da5b5fd250e4,Audi,A6,Break,Dealer,6490,d,160000,07-2007,https://prod.pictures.autoscout24.net/listing-images/6fe25c38-c243-4ddb-be21-da5b5fd250e4_bac3fb68-943d-402c-859c-f3621bb623ed.jpg/250x188.webp,7390,121.56764290915724,5639,1
6f6a0f3d-022c-46ac-b4f4-f7af106f7df0,Audi,A6,Berline,PrivateSeller,6500,d,189000,04-2006,https://prod.pictures.autoscout24.net/listing-images/6f6a0f3d-022c-46ac-b4f4-f7af106f7df0_e62a540e-fc55-4ce3-b4f6-b299dc735f9f.jpg/250x188.webp,1325,85.97978805911903,6095,2
a746a0ee-53fe-443b-e053-0100007fa3ca,Audi,TT,Coupé,PrivateSeller,6500,b,180000,04-2004,https://prod.pictures.autoscout24.net/listing-images/a746a0ee-53fe-443b-e053-0100007fa3ca_f28f3edf-d19b-47fe-82a4-8f13290c1498.jpg/250x188.webp,4540,117.22161404327316,6825,9
ad2c4269-b7a6-49cc-9717-60455471c902,Audi,A5,Coupé,Dealer,6500,b,232000,10-2009,https://prod.pictures.autoscout24.net/listing-images/ad2c4269-b7a6-49cc-9717-60455471c902_51abe2a5-25e3-49e3-b120-7bf093986310.jpg/250x188.webp,1750,76.75328563765976,4816,11
d57e92d8-b17a-4b79-83d1-deeb188378be,Audi,A3,Cabriolet,Dealer,6500,d,264442,08-2009,https://prod.pictures.autoscout24.net/listing-images/d57e92d8-b17a-4b79-83d1-deeb188378be_c2f406b9-ad24-472b-ae7a-426b0b38846e.jpg/250x188.webp,5140,104.85389989976589,4877,19
085dfaed-9397-4bae-aaed-8d646f25547f,Audi,A3,Berline,PrivateSeller,6500,b,175000,05-2009,https://prod.pictures.autoscout24.net/listing-images/085dfaed-9397-4bae-aaed-8d646f25547f_ae9c464c-0af8-444a-a182-6d61de122ecd.jpg/250x188.webp,3080,71.81912493945508,4969,23
587323b7-ecaa-4988-ae19-07520e419dd0,Audi,A3,Break,PrivateSeller,6500,d,153400,02-2011,https://prod.pictures.autoscout24.net/listing-images/587323b7-ecaa-4988-ae19-07520e419dd0_96fb99c4-424f-45c4-acc5-b58fec8f7589.jpg/250x188.webp,4217,111.33868890006605,4328,28
a636e01f-b45a-4870-ac39-924eb25501aa,Audi,A3,Break,PrivateSeller,6500,d,153400,02-2011,https://prod.pictures.autoscout24.net/listing-images/a636e01f-b45a-4870-ac39-924eb25501aa_a83e514c-df30-400c-81c0-ee2b40a81d0d.jpg/250x188.webp,4217,111.33868890006605,4328,28
f5385500-0aeb-4972-a447-38fd5b1c3bfd,Audi,A3,Berline,PrivateSeller,6500,d,153400,02-2011,https://prod.pictures.autoscout24.net/listing-images/f5385500-0aeb-4972-a447-38fd5b1c3bfd_ac7a46d5-f500-4980-ac5a-2436980c6bbd.jpg/250x188.webp,4217,111.33868890006605,4328,27
b7559a4e-3a28-4291-81c3-c0eaaa3bf8df,Audi,S4,Break,PrivateSeller,6500,b,290000,08-1999,https://prod.pictures.autoscout24.net/listing-images/b7559a4e-3a28-4291-81c3-c0eaaa3bf8df_c0fe8551-1de5-4ded-bf24-8445141d9823.jpg/250x188.webp,1300,83.88957347991013,8530,30
277d3d27-a244-4854-bcb5-8ceef85805c4,Audi,A3,Berline,PrivateSeller,6500,d,104000,07-2011,https://prod.pictures.autoscout24.net/listing-images/277d3d27-a244-4854-bcb5-8ceef85805c4_18fbe8d4-84eb-4e91-a8b3-682c5fee54f7.jpg/250x188.webp,9470,70.35725979546946,4178,53
0452e91d-b43f-4bfc-b2d7-1757254cf4d1,Audi,A3,Cabriolet,PrivateSeller,6500,d,250000,06-2009,https://prod.pictures.autoscout24.net/listing-images/0452e91d-b43f-4bfc-b2d7-1757254cf4d1_a939a003-78b1-499e-b622-a2a987eafe3c.jpg/250x188.webp,0000,,4938,94
a51dd24d-ee12-404f-8c62-f998d92687fe,Audi,A5,Coupé,PrivateSeller,6500,d,386000,12-2009,https://prod.pictures.autoscout24.net/listing-images/a51dd24d-ee12-404f-8c62-f998d92687fe_40621206-f240-4131-a6a0-503923f81101.jpg/250x188.webp,5100,120.21149902452048,4755,98
c9ed4504-e926-40a3-b426-30f87f1a5231,Audi,S3,Berline,PrivateSeller,6500,b,189000,08-1999,https://prod.pictures.autoscout24.net/listing-images/c9ed4504-e926-40a3-b426-30f87f1a5231_03e0ef65-0ae1-462e-a6bf-c0584f77cda7.jpg/250x188.webp,6596,167.54331650007273,8530,116
9ee385ab-c20c-4301-85cb-171c4f58d2d5,Audi,A3,Berline,PrivateSeller,6500,d,187000,08-2011,https://prod.pictures.autoscout24.net/listing-images/9ee385ab-c20c-4301-85cb-171c4f58d2d5_a74e518c-3dfd-47a1-9d57-2a5d159f3ee0.jpg/250x188.webp,5060,116.00750129472273,4147,118
5f17ebdd-9cd3-49da-a3b2-15784de52437,Audi,A3,Break,PrivateSeller,6500,b,141000,07-2006,https://prod.pictures.autoscout24.net/listing-images/5f17ebdd-9cd3-49da-a3b2-15784de52437_d200928d-0af2-4003-aeaf-818b9934a907.jpg/250x188.webp,9500,88.55487491294804,6004,133
a247803a-3be2-4ddc-99a6-3d504d4947c1,Audi,A3,Break,PrivateSeller,6500,d,238000,03-2010,https://prod.pictures.autoscout24.net/listing-images/a247803a-3be2-4ddc-99a6-3d504d4947c1_ea163814-9d5a-4f85-bee5-debf33295b94.jpg/250x188.webp,2100,27.421552979694752,4665,148
70a5cbbd-cb8c-4028-9b4c-0255947c6a21,Audi,A3,Berline,Dealer,6590,d,181200,01-2012,https://prod.pictures.autoscout24.net/listing-images/70a5cbbd-cb8c-4028-9b4c-0255947c6a21_80a8bdb1-340e-4dd7-9a29-567d56f5a811.jpg/250x188.webp,7350,126.64469659762254,3994,41
c3aa121b-c9f0-4dd6-930e-e23b8bcbe162,Audi,A3,Break,PrivateSeller,6599,d,223000,07-2010,https://prod.pictures.autoscout24.net/listing-images/c3aa121b-c9f0-4dd6-930e-e23b8bcbe162_8b594f35-d1e0-4adf-bdde-08c211a4818f.jpg/250x188.webp,5002,113.22503086685693,4543,29
f7949fdb-f541-4141-bf04-f38684ec7822,Audi,A4,Berline,Dealer,6650,b,135000,03-2010,https://prod.pictures.autoscout24.net/listing-images/f7949fdb-f541-4141-bf04-f38684ec7822_063d781c-5113-4f43-9fbb-c7ae3bce737a.jpg/250x188.webp,1400,97.35176357549375,4665,45
e66cdbf1-17d3-4caf-9620-2dd8b1cbc569,Audi,A3,Break,PrivateSeller,6650,d,220000,05-2010,https://prod.pictures.autoscout24.net/listing-images/e66cdbf1-17d3-4caf-9620-2dd8b1cbc569_f12e0a2c-cf8c-4357-9671-7de3b1ed8dc4.jpg/250x188.webp,8530,105.8653486907627,4604,178
56826365-07a0-4d0e-98e8-8df00df1350b,Audi,A3,Berline,Dealer,6700,d,129371,09-2011,https://prod.pictures.autoscout24.net/listing-images/56826365-07a0-4d0e-98e8-8df00df1350b_f18a7ac0-bbfd-44b1-9d74-af0690fc0d46.jpg/250x188.webp,9500,88.55487491294804,4116,133
ef4dab11-02db-4c4e-8b20-6b67329e96ad,Audi,A4,Cabriolet,PrivateSeller,6700,b,178000,07-2004,https://prod.pictures.autoscout24.net/listing-images/ef4dab11-02db-4c4e-8b20-6b67329e96ad_d035da1e-6f04-4746-ad46-ba1529be7977.jpg/250x188.webp,7012,120.36322565219064,6734,140
0eae4cca-39b9-4f20-90c7-2e90fbdf114a,Audi,A1,Berline,Dealer,6750,b,171000,04-2011,https://prod.pictures.autoscout24.net/listing-images/0eae4cca-39b9-4f20-90c7-2e90fbdf114a_8c8afff9-724b-4967-946c-c6d6f365dcee.jpg/250x188.webp,5140,104.85389989976589,4269,8
ea7d8ea4-f146-466e-877d-e82a458ef8f3,Audi,A3,Andere,PrivateSeller,6799,b,187000,05-2009,https://prod.pictures.autoscout24.net/listing-images/ea7d8ea4-f146-466e-877d-e82a458ef8f3_eef2c6f9-bef6-497b-ad5a-495cb97b8f82.jpg/250x188.webp,1780,63.273818071645216,4969,72
0c54f0b4-52be-4b70-9f75-e9b3007c3703,Audi,A3,Berline,PrivateSeller,6800,d,214000,02-2006,https://prod.pictures.autoscout24.net/listing-images/0c54f0b4-52be-4b70-9f75-e9b3007c3703_d8b9523d-604b-419c-a92c-da76b7b0fc3e.jpg/250x188.webp,4130,126.68492984863612,6154,4
cff672c1-08c7-431b-900d-6c817415fef8,Audi,A4,Break,PrivateSeller,6800,d,217767,05-2008,https://prod.pictures.autoscout24.net/listing-images/cff672c1-08c7-431b-900d-6c817415fef8_345d5e64-7085-4069-9824-f022fde565a5.jpg/250x188.webp,8980,124.20295196159874,5334,1
aa0735ed-9a6e-41fb-ae47-412e8131bf09,Audi,TT,Coupé,PrivateSeller,6800,b,163000,06-2003,https://prod.pictures.autoscout24.net/listing-images/aa0735ed-9a6e-41fb-ae47-412e8131bf09_c4ee48f6-04e3-4205-b785-f6588ab159f0.jpg/250x188.webp,6230,103.29127026743572,7130,17
28f7dd1c-28bb-407e-a8c7-062760941e27,Audi,A3,Andere,PrivateSeller,6800,d,181000,11-2010,https://prod.pictures.autoscout24.net/listing-images/28f7dd1c-28bb-407e-a8c7-062760941e27_beb96df3-dd4c-47b4-a7ee-fac76ad57572.jpg/250x188.webp,1082,68.04437182438213,4420,35
c32d9781-b266-497e-b462-403bb5b245da,Audi,Cabriolet,Cabriolet,PrivateSeller,6800,b,180858,06-1995,https://prod.pictures.autoscout24.net/listing-images/c32d9781-b266-497e-b462-403bb5b245da_b7f27c5b-47fe-4da2-b106-f61b30a93fe9.jpg/250x188.webp,1348,89.49012249591198,10052,37
fe6d6e47-23f8-463f-b09c-211cdd086a17,Audi,A1,Andere,PrivateSeller,6800,d,175000,01-2012,https://prod.pictures.autoscout24.net/listing-images/fe6d6e47-23f8-463f-b09c-211cdd086a17_826ce4d9-3ecf-4350-af5c-5df7fafcc9f8.jpg/250x188.webp,6001,119.62548366163914,3994,37
7546a07b-9a79-4156-b0d0-c0040fefac14,Audi,A6,Berline,PrivateSeller,6800,d,151000,03-2007,https://prod.pictures.autoscout24.net/listing-images/7546a07b-9a79-4156-b0d0-c0040fefac14_ad6e92b2-239b-4e99-8a90-26f48a8f9bfd.jpg/250x188.webp,3580,70.28501501852342,5761,38
7ffb57a2-9939-4aa9-a8c3-f096c000ac81,Audi,A4,Berline,PrivateSeller,6800,d,226000,03-2009,https://prod.pictures.autoscout24.net/listing-images/7ffb57a2-9939-4aa9-a8c3-f096c000ac81_5fa6075d-ca69-4434-860d-c447797e85d3.jpg/250x188.webp,2140,28.816369150105363,5030,77
2aa04136-8eac-4544-8d78-d90713ea54cd,Audi,A1,Berline,Dealer,6899,b,171000,09-2010,https://prod.pictures.autoscout24.net/listing-images/2aa04136-8eac-4544-8d78-d90713ea54cd_6629e31a-2555-4986-9cca-a99f42395f4e.jpg/250x188.webp,4451,115.23535097657253,4481,1
413f71bf-7150-4638-beb7-7fe0df18c7d8,Audi,A5,Coupé,Dealer,6900,b,299000,12-2010,https://prod.pictures.autoscout24.net/listing-images/413f71bf-7150-4638-beb7-7fe0df18c7d8_2adb47f4-7078-4072-9509-b730347b20da.jpg/250x188.webp,9000,69.99787275902874,4390,3
23ef5e12-877e-40a0-95f1-babbe3e6a417,Audi,A3,Berline,PrivateSeller,6900,b,152000,12-2011,https://prod.pictures.autoscout24.net/listing-images/23ef5e12-877e-40a0-95f1-babbe3e6a417_8af5fdc5-bcc9-449a-b7ab-50b215c105e3.jpg/250x188.webp,7012,120.36322565219064,4025,3
085ea7f7-144a-40f0-8ef5-57c91f5fc04e,Audi,A3,Berline,Dealer,6900,d,249000,01-2012,https://prod.pictures.autoscout24.net/listing-images/085ea7f7-144a-40f0-8ef5-57c91f5fc04e_bbc0824b-c0dc-4bde-80af-ccc4d45e7001.jpg/250x188.webp,6700,222.44484417522085,3994,15
8025291c-15bf-4946-9eea-180c0d6012be,Audi,A4,Cabriolet,PrivateSeller,6900,d,170000,08-2008,https://prod.pictures.autoscout24.net/listing-images/8025291c-15bf-4946-9eea-180c0d6012be_994f2bed-7843-42e5-99ac-2bb4e5d81ff9.jpg/250x188.webp,8020,94.86128126264425,5242,101
06dce2eb-30ba-4e85-91d4-2426a18fe76c,Audi,A4,Break,Dealer,6900,b,149800,03-2009,https://prod.pictures.autoscout24.net/listing-images/06dce2eb-30ba-4e85-91d4-2426a18fe76c_9973d5bb-18ae-43c1-b3ee-dd52de60f231.jpg/250x188.webp,4000,118.53949006185148,5030,108
249c7d98-e8e9-4488-9407-cf8e06e7ae1d,Audi,TT,Coupé,PrivateSeller,6900,b,175800,12-1998,https://prod.pictures.autoscout24.net/listing-images/249c7d98-e8e9-4488-9407-cf8e06e7ae1d_70d430c0-b1b0-4cd6-892d-994f84d6d720.jpg/250x188.webp,6747,223.27037484400685,8773,182
0d01bca2-ca2d-4872-bc28-cce172582e61,Audi,A3,Berline,Dealer,6950,d,161000,07-2010,https://prod.pictures.autoscout24.net/listing-images/0d01bca2-ca2d-4872-bc28-cce172582e61_de7a0c5e-0c0d-4e27-aeaf-0a4b05d303b5.jpg/250x188.webp,8800,107.24415982689398,4543,97
9637ba0f-f924-4766-954c-dae35c6b5bbd,Audi,A3,Berline,PrivateSeller,6950,d,211000,12-2010,https://prod.pictures.autoscout24.net/listing-images/9637ba0f-f924-4766-954c-dae35c6b5bbd_42fd5642-65c4-46b7-b048-4790a1563269.jpg/250x188.webp,7170,108.4792868516476,4390,3
0673fd55-3185-4573-b4a3-27678fb4fba6,Audi,A6,Break,PrivateSeller,6950,d,255000,10-2010,https://prod.pictures.autoscout24.net/listing-images/0673fd55-3185-4573-b4a3-27678fb4fba6_21395641-aca6-4428-862e-e0fbd4b43420.jpg/250x188.webp,8800,107.24415982689398,4451,20
f541f6a8-e791-4f97-a8b1-bd7f51adfae0,Audi,TT,Cabriolet,Dealer,6950,b,169622,04-2004,https://prod.pictures.autoscout24.net/listing-images/f541f6a8-e791-4f97-a8b1-bd7f51adfae0_8a011c8b-f4a6-4314-89ab-3d585be4bbf9.jpg/250x188.webp,1020,66.36225311284039,6825,209
fa2e96a1-540c-4bcb-a49a-95acec81a23d,Audi,A6,Break,Dealer,6990,d,301171,02-2008,https://prod.pictures.autoscout24.net/listing-images/fa2e96a1-540c-4bcb-a49a-95acec81a23d_9a62d197-062d-4d7f-935c-f61f4cf7ed8c.jpg/250x188.webp,8791,102.62748120507626,5424,2
21eb88e6-60c0-493e-a171-f8b7c3b4c33f,Audi,A1,Berline,Dealer,6990,b,175000,03-2011,https://prod.pictures.autoscout24.net/listing-images/21eb88e6-60c0-493e-a171-f8b7c3b4c33f_9425476f-c149-4b10-973c-791018c1fd70.jpg/250x188.webp,4684,117.23259981512291,4300,20
2ef5afa4-3e5f-419b-9121-7cc001530d99,Audi,A3,Andere,Dealer,6990,d,226000,08-2008,https://prod.pictures.autoscout24.net/listing-images/2ef5afa4-3e5f-419b-9121-7cc001530d99_d93d0c6f-fcd2-4111-8807-03f00b978233.jpg/250x188.webp,1800,60.05560122441548,5242,61
09f87bdf-ee4d-484b-b0ef-3d585eeeaac2,Audi,A3,Andere,PrivateSeller,6990,d,140000,07-2011,https://prod.pictures.autoscout24.net/listing-images/09f87bdf-ee4d-484b-b0ef-3d585eeeaac2_a03100fa-c0c4-4534-a768-ae35b4e518f1.jpg/250x188.webp,4000,118.53949006185148,4178,62
4c940cd9-5c49-4c33-a9a4-41cdebd4c9bb,Audi,A4,Cabriolet,Dealer,6990,d,195000,06-2006,https://prod.pictures.autoscout24.net/listing-images/4c940cd9-5c49-4c33-a9a4-41cdebd4c9bb_9488558c-c31e-403a-9ab7-6f287de54547.jpg/250x188.webp,4000,118.53949006185148,6034,78
1421e59c-4233-4460-b340-7d850558312d,Audi,TT,Cabriolet,Dealer,6990,b,169000,08-2002,https://prod.pictures.autoscout24.net/listing-images/1421e59c-4233-4460-b340-7d850558312d_9936f67a-6a79-4ba1-b4db-f7eaf459aed2.jpg/250x188.webp,4040,120.39133917274062,7434,107
a5c17df9-4eda-4251-98eb-d5b2f0bcbe12,Audi,A4,Break,Dealer,6990,d,303000,01-2011,https://prod.pictures.autoscout24.net/listing-images/a5c17df9-4eda-4251-98eb-d5b2f0bcbe12_a898d0a0-6caf-4bf9-868a-fe0776da9b83.jpg/250x188.webp,1800,60.05560122441548,4359,115
c776c94a-a3a9-41df-a638-47edfb36f07c,Audi,Q7,SUV/4x4/Pick-up,Dealer,6999,d,277518,10-2008,https://prod.pictures.autoscout24.net/listing-images/c776c94a-a3a9-41df-a638-47edfb36f07c_a2931e14-4eba-4a84-9a0a-98b98eb66daf.jpg/250x188.webp,1400,97.35176357549375,5181,17
b5246758-6dad-4269-b334-aee01a9da6e4,Audi,A3,Berline,PrivateSeller,6999,d,225437,09-2011,https://prod.pictures.autoscout24.net/listing-images/b5246758-6dad-4269-b334-aee01a9da6e4_ca2db4c5-7dee-48f3-a258-9aea6b0d4183.jpg/250x188.webp,7800,104.58581336862675,4116,34
0fd354ee-90f1-4463-8a70-e54da939e63d,Audi,A5,Coupé,Dealer,6999,d,289000,02-2010,https://prod.pictures.autoscout24.net/listing-images/0fd354ee-90f1-4463-8a70-e54da939e63d_c38bcf26-e68c-4fc0-a49e-ae988dcd2d9e.jpg/250x188.webp,5140,104.85389989976589,4693,76
d1299f25-afb8-41f7-84d5-0d9d7027c1fe,Audi,A1,Berline,Dealer,6999,d,177000,07-2010,https://prod.pictures.autoscout24.net/listing-images/d1299f25-afb8-41f7-84d5-0d9d7027c1fe_32be62d1-a746-4d61-94da-0847378f1f92.jpg/250x188.webp,4837,141.89823462131352,4543,85
1d463e45-5aec-483e-81ad-6c29e0a9f161,Audi,A6 allroad,Break,PrivateSeller,6999,d,302000,12-2009,https://prod.pictures.autoscout24.net/listing-images/1d463e45-5aec-483e-81ad-6c29e0a9f161_b1a370a8-38c4-43af-b87c-5bc334aa5d5c.jpg/250x188.webp,1030,66.85598932704684,4755,98
09c062c7-dc6d-4def-99b8-092e4efc4ac8,Audi,A4,Break,PrivateSeller,7000,d,280000,06-2010,https://prod.pictures.autoscout24.net/listing-images/09c062c7-dc6d-4def-99b8-092e4efc4ac8_35fd485d-e992-42d7-926c-a51914de88b0.jpg/250x188.webp,9400,81.6799978132908,4573,3
4788cc31-f186-4226-9d9a-deae31886249,Audi,A3,Berline,PrivateSeller,7000,b,175000,08-2010,https://prod.pictures.autoscout24.net/listing-images/4788cc31-f186-4226-9d9a-deae31886249_0ce60eb2-1ecd-4de3-9e0b-5ecb4a1eaf80.jpg/250x188.webp,6670,175.69266297889328,4512,3
cf9bbd9f-fe85-4bc4-a1e8-50b458372eff,Audi,A1,Berline,PrivateSeller,7000,d,160000,10-2012,https://prod.pictures.autoscout24.net/listing-images/cf9bbd9f-fe85-4bc4-a1e8-50b458372eff_10d2fa13-1852-418d-b6c2-b267b5864c94.jpg/250x188.webp,8370,94.16785723715297,3720,6
a069d9a5-cf89-4f5b-b2bb-b3a07eba884f,Audi,A6,Break,PrivateSeller,7000,d,280000,08-2011,https://prod.pictures.autoscout24.net/listing-images/a069d9a5-cf89-4f5b-b2bb-b3a07eba884f_800ecb3e-277d-462b-a993-9320a839f873.jpg/250x188.webp,1070,71.06367211068877,4147,22
b5c5a02d-69c1-4e52-9b74-6cad694911fe,Audi,A5,Coupé,PrivateSeller,7000,b,294077,01-2011,https://prod.pictures.autoscout24.net/listing-images/b5c5a02d-69c1-4e52-9b74-6cad694911fe_89c7351b-7290-42b7-8e6d-c8980a56a50e.jpg/250x188.webp,2180,21.09149267089788,4359,23
d7e5a458-d6e5-469b-80c2-f6efbabfdb1c,Audi,A1,Berline,PrivateSeller,7000,d,183000,10-2011,https://prod.pictures.autoscout24.net/listing-images/d7e5a458-d6e5-469b-80c2-f6efbabfdb1c_675baf5e-9a43-4a69-9966-ad6c9f8b3222.jpg/250x188.webp,3191,52.85123776777706,4086,28
bc093d92-cfba-47f0-b6d9-59a41826899f,Audi,A5,Coupé,PrivateSeller,7000,d,154000,06-2008,https://prod.pictures.autoscout24.net/listing-images/bc093d92-cfba-47f0-b6d9-59a41826899f_a1f70289-d2f6-459b-8df3-fe40ad2abed7.jpg/250x188.webp,1420,87.49639779077864,5303,35
80d5a723-97df-46a4-ab02-71aa8235be89,Audi,A1,Berline,PrivateSeller,7000,d,221000,06-2011,https://prod.pictures.autoscout24.net/listing-images/80d5a723-97df-46a4-ab02-71aa8235be89_429bf1b1-d69c-42de-a2d2-c146e4cb783b.jpg/250x188.webp,8300,83.12124171830764,4208,37
e1fc3a9f-c43f-40cf-8619-3e77be5d9850,Audi,TT,Coupé,PrivateSeller,7000,b,194000,05-2001,https://prod.pictures.autoscout24.net/listing-images/e1fc3a9f-c43f-40cf-8619-3e77be5d9850_262a0b9a-cce1-4c86-b392-b22c8305a7cb.jpg/250x188.webp,8800,107.24415982689398,7891,43
c6b292c7-5eeb-4ce4-b66b-5326f91300e1,Audi,TT,Cabriolet,PrivateSeller,7000,b,222000,01-2000,https://prod.pictures.autoscout24.net/listing-images/c6b292c7-5eeb-4ce4-b66b-5326f91300e1_95b23279-9822-4f5f-afa2-b62717e98d92.jpg/250x188.webp,6200,119.77990387531518,8377,44
131e7f5a-3175-448f-8535-747deb9922a5,Audi,A3,Break,PrivateSeller,7000,d,167000,05-2011,https://prod.pictures.autoscout24.net/listing-images/131e7f5a-3175-448f-8535-747deb9922a5_4d8d5b18-bcde-4a9a-a602-4e8f17242cc7.jpg/250x188.webp,7321,123.09708337882562,4239,53
0c020c3d-5d81-488b-b72e-e14025743425,Audi,A4,Cabriolet,PrivateSeller,7000,l,201158,04-2004,https://prod.pictures.autoscout24.net/listing-images/0c020c3d-5d81-488b-b72e-e14025743425_33fc40be-e29b-4848-b969-a32a25a85d69.jpg/250x188.webp,2250,45.121644833239124,6825,69
0824e011-1f07-441f-a6fa-d048bfd981c3,Audi,A6 allroad,Break,PrivateSeller,7000,b,280000,07-2001,https://prod.pictures.autoscout24.net/listing-images/0824e011-1f07-441f-a6fa-d048bfd981c3_d95de7d7-fc7e-497e-a0d2-da3e3a0ea4c1.jpg/250x188.webp,1570,85.8593481641288,7830,148
932f4bcc-a6cc-4dee-baa1-9b94ce6376d6,Audi,A1,Berline,PrivateSeller,7000,d,165000,09-2011,https://prod.pictures.autoscout24.net/listing-images/932f4bcc-a6cc-4dee-baa1-9b94ce6376d6_22220f44-7bc0-4108-8f01-e61e61c8b0af.jpg/250x188.webp,4900,146.7955046264928,4116,98
7c23bf38-95d2-4bf5-b3b9-875eb14efa30,Audi,A1,Berline,PrivateSeller,7000,d,257000,04-2014,https://prod.pictures.autoscout24.net/listing-images/7c23bf38-95d2-4bf5-b3b9-875eb14efa30_de301b9e-58c5-435d-b146-ed695a46b394.jpg/250x188.webp,7000,118.39471915054493,3173,145
6e14ebd1-9251-4c79-a340-f9b12ab9ef66,Audi,A3,Berline,PrivateSeller,7000,d,190000,01-2011,https://prod.pictures.autoscout24.net/listing-images/6e14ebd1-9251-4c79-a340-f9b12ab9ef66_4916ce51-47d3-4bbb-bfff-c094bdfff900.jpg/250x188.webp,6060,116.023023143389,4359,158
b7066885-2d4b-4499-b294-fa2c9c038f6b,Audi,TT,Coupé,PrivateSeller,7000,b,279000,04-2006,https://prod.pictures.autoscout24.net/listing-images/b7066885-2d4b-4499-b294-fa2c9c038f6b_9e38a9b7-5d98-4214-a8dc-de1666ee1139.jpg/250x188.webp,1731,64.67551938133373,6095,293
14bcd2a9-dce0-44c8-9ffb-ea5503b6e8d6,Audi,A3,Berline,PrivateSeller,7190,d,184300,11-2011,https://prod.pictures.autoscout24.net/listing-images/14bcd2a9-dce0-44c8-9ffb-ea5503b6e8d6_42c20697-696e-4d7c-9e2d-eecbb21e85c2.jpg/250x188.webp,7912,103.94812942375842,4055,17
e8aea018-bf0d-4b9d-abc9-de3e2e485f82,Audi,A3,Berline,PrivateSeller,7200,d,161000,05-2006,https://prod.pictures.autoscout24.net/listing-images/e8aea018-bf0d-4b9d-abc9-de3e2e485f82_071ca73e-6246-4014-8281-eba2e68196dd.jpg/250x188.webp,1950,67.41758827634925,6065,5
f40e1729-9c40-4792-9642-b32cc9b50433,Audi,A3,Berline,PrivateSeller,7200,b,193000,06-2012,https://prod.pictures.autoscout24.net/listing-images/f40e1729-9c40-4792-9642-b32cc9b50433_62ae2969-cbf0-46a5-987a-1df49ce26352.jpg/250x188.webp,5000,115.13665852422378,3842,121
1a248ec1-fad9-4f32-a787-c663eb9f5a9c,Audi,A4,Berline,PrivateSeller,7200,d,204000,06-2009,https://prod.pictures.autoscout24.net/listing-images/1a248ec1-fad9-4f32-a787-c663eb9f5a9c_7edaccc0-1bdb-4723-9f46-99d689333901.jpg/250x188.webp,7100,111.04432979756132,4938,171
a48509fb-b988-4e05-992a-b457e3d818e3,Audi,100,Berline,Dealer,7200,b,69465,06-1971,https://prod.pictures.autoscout24.net/listing-images/a48509fb-b988-4e05-992a-b457e3d818e3_81467911-553c-4774-8bf8-c797d44dbc8b.jpg/250x188.webp,8830,110.14495439154433,18818,315
5428e7f7-c51b-4371-bcef-68d4d5c740bf,Audi,A3,Berline,PrivateSeller,7250,d,172000,08-2011,https://prod.pictures.autoscout24.net/listing-images/5428e7f7-c51b-4371-bcef-68d4d5c740bf_6af260cc-9bad-425d-a488-32381263caf9.jpg/250x188.webp,1360,94.96010137768063,4147,0
7d08a7d3-a7b9-4d82-9967-5bea3de5fb02,Audi,A3,Break,PrivateSeller,7250,d,169852,01-2010,https://prod.pictures.autoscout24.net/listing-images/7d08a7d3-a7b9-4d82-9967-5bea3de5fb02_fb2f61c4-7280-421e-a95e-b670ef224f28.jpg/250x188.webp,2100,27.421552979694752,4724,34
997eecfe-5610-40eb-be37-6332a2b1d270,Audi,A3,Berline,PrivateSeller,7300,d,157678,01-2011,https://prod.pictures.autoscout24.net/listing-images/997eecfe-5610-40eb-be37-6332a2b1d270_4f3fa959-9fa8-463d-92d9-9883d7cdc748.jpg/250x188.webp,4650,133.58400094682207,4359,17
b4287e3f-3191-4625-8408-7b8636ea9c78,Audi,A4,Break,Dealer,7300,d,270000,04-2012,https://prod.pictures.autoscout24.net/listing-images/b4287e3f-3191-4625-8408-7b8636ea9c78_465b4342-4cf4-41de-952b-a5c26993127c.jpg/250x188.webp,7033,120.92234590410432,3903,22
ebd3008d-80c8-4807-b1fd-1bd5f719088b,Audi,A4,Break,Dealer,7300,b,145000,10-2009,https://prod.pictures.autoscout24.net/listing-images/ebd3008d-80c8-4807-b1fd-1bd5f719088b_eed2ed9a-2054-4e00-ba2e-df9c47096233.jpg/250x188.webp,1160,72.45305351002509,4816,80
7531c452-e6b8-41d0-acb1-0c8e0c46883b,Audi,A1,Berline,Dealer,7300,d,186986,09-2012,https://prod.pictures.autoscout24.net/listing-images/7531c452-e6b8-41d0-acb1-0c8e0c46883b_9f4ccbc9-a370-4fd8-a274-c14283d00760.jpg/250x188.webp,8540,103.49888255567093,3750,94
0e10bf9d-9394-4251-bc79-12be87e20e9e,Audi,A3,Cabriolet,PrivateSeller,7400,d,232000,12-2012,https://prod.pictures.autoscout24.net/listing-images/0e10bf9d-9394-4251-bc79-12be87e20e9e_b0685129-9037-4ac0-bdb9-38589f0b9da7.jpg/250x188.webp,7330,122.18539886887184,3659,1
676ea4d0-60b6-475b-b321-9ff234b07c24,Audi,A6,Berline,Dealer,7450,d,201000,10-2008,https://prod.pictures.autoscout24.net/listing-images/676ea4d0-60b6-475b-b321-9ff234b07c24_c7cb1f2d-1168-4f07-8bf2-f8d8eb85e3c0.jpg/250x188.webp,7520,121.71883282206925,5181,9
92d12ff3-ab0f-4c34-9ef6-8a88719010a7,Audi,A3,Berline,Dealer,7450,d,170000,06-2011,https://prod.pictures.autoscout24.net/listing-images/92d12ff3-ab0f-4c34-9ef6-8a88719010a7_4f6ebb85-11c2-4fd0-99e5-0d9e2062d595.jpg/250x188.webp,7134,116.23444273110738,4208,33
5eb0fb42-0719-4227-93e5-fd0f4dc87def,Audi,A3,Berline,Dealer,7490,d,150000,01-2010,https://prod.pictures.autoscout24.net/listing-images/5eb0fb42-0719-4227-93e5-fd0f4dc87def_e1107f71-e09c-4d0b-bd11-9c2de17eefdf.jpg/250x188.webp,4710,138.55074659169972,4724,55
31ca0aef-8f84-4026-b2d6-ad2455609603,Audi,A3,Berline,Dealer,7499,d,149000,08-2009,https://prod.pictures.autoscout24.net/listing-images/31ca0aef-8f84-4026-b2d6-ad2455609603_c964ce91-73e2-4cbc-8898-c4dd7b2605d2.jpg/250x188.webp,6567,129.25595990135483,4877,19
869c98a4-17f2-4948-b894-d544f03d1dea,Audi,A6,Break,PrivateSeller,7499,d,322186,02-2010,https://prod.pictures.autoscout24.net/listing-images/869c98a4-17f2-4948-b894-d544f03d1dea_36262a09-d4d8-4290-be69-523503b18639.jpg/250x188.webp,8510,116.08889138484471,4693,32
68982ce2-0ea3-472b-a571-7d0c7331e4ea,Audi,A3,Andere,Dealer,7499,b,116727,08-2009,https://prod.pictures.autoscout24.net/listing-images/68982ce2-0ea3-472b-a571-7d0c7331e4ea_75b55d49-29fd-4544-820d-d582f31ced54.jpg/250x188.webp,1480,90.6722887329444,4877,52
8399661e-6699-4afa-8224-99181833354f,Audi,A3,Andere,Dealer,7499,d,152550,06-2010,https://prod.pictures.autoscout24.net/listing-images/8399661e-6699-4afa-8224-99181833354f_6ef021db-91a0-4d54-9805-4d15c413b6cf.jpg/250x188.webp,9940,62.66558746753047,4573,65
bb4707ec-f9cb-44a9-8a23-b7476a82b15f,Audi,A4,Berline,PrivateSeller,7499,d,225000,09-2010,https://prod.pictures.autoscout24.net/listing-images/bb4707ec-f9cb-44a9-8a23-b7476a82b15f_ab3eb496-f1ec-4298-b024-1ccf87f8d537.jpg/250x188.webp,2140,28.816369150105363,4481,83
9e37a8f6-3794-40fa-8355-bd70892f78f5,Audi,A3,Berline,Dealer,7500,d,245073,07-2013,https://prod.pictures.autoscout24.net/listing-images/9e37a8f6-3794-40fa-8355-bd70892f78f5_8af63f2f-4be5-4e36-90a0-7648ec044c40.jpg/250x188.webp,2960,17.223668147311386,3447,1
b4bc10ff-35b4-420d-8f9d-d25086da05fa,Audi,A3,Berline,PrivateSeller,7500,d,155200,10-2012,https://prod.pictures.autoscout24.net/listing-images/b4bc10ff-35b4-420d-8f9d-d25086da05fa_194d1e5c-5c94-40a2-b6d9-a8939956d7da.jpg/250x188.webp,6210,104.06467431888291,3720,1
2fa96304-5108-4f20-9142-be18549ab277,Audi,TT,Coupé,PrivateSeller,7500,b,180000,04-2004,https://prod.pictures.autoscout24.net/listing-images/2fa96304-5108-4f20-9142-be18549ab277_ccee814c-c01c-4371-8e19-659fc3f5444f.jpg/250x188.webp,4540,117.22161404327316,6825,9
ff50fa2a-5587-4cca-8f2e-5f38b705998c,Audi,A1,Berline,PrivateSeller,7500,d,200000,05-2011,https://prod.pictures.autoscout24.net/listing-images/ff50fa2a-5587-4cca-8f2e-5f38b705998c_2c38dc89-a57a-470c-8d44-ab1bde36bcd4.jpg/250x188.webp,4400,117.24460891533398,4239,84
dac23e86-a2e1-434e-b6c5-3a8bf06b5354,Audi,TT,Coupé,PrivateSeller,7500,b,148000,10-2002,https://prod.pictures.autoscout24.net/listing-images/dac23e86-a2e1-434e-b6c5-3a8bf06b5354_83804348-9d1b-470e-8bda-5b390a042aa2.jpg/250x188.webp,5060,116.00750129472273,7373,14
32b93017-a42c-484c-bfd4-8dd2e4a27215,Audi,A3,Berline,Dealer,7500,d,182132,10-2010,https://prod.pictures.autoscout24.net/listing-images/32b93017-a42c-484c-bfd4-8dd2e4a27215_e1d3d84a-6bac-4666-970c-fedd5c67bee1.jpg/250x188.webp,2830,45.04397020411872,4451,15
58fa6dea-1f62-47e1-85df-7380bb867402,Audi,A4,Andere,PrivateSeller,7500,d,240400,11-2011,https://prod.pictures.autoscout24.net/listing-images/58fa6dea-1f62-47e1-85df-7380bb867402_42813ecc-3fcc-4200-a9bf-1c280269372c.jpg/250x188.webp,7000,118.39471915054493,4055,34
6dc720d9-4bcb-4678-8cbb-8795b8f8cd11,Audi,A6,Break,PrivateSeller,7500,d,260000,10-2011,https://prod.pictures.autoscout24.net/listing-images/6dc720d9-4bcb-4678-8cbb-8795b8f8cd11_292dd3fc-b8f7-4c16-861d-b7b8e85a38ee.jpg/250x188.webp,1030,66.85598932704684,4086,38
3daaf2e3-aa47-4139-bd68-8979d340084d,Audi,80,Berline,PrivateSeller,7500,b,20000,01-1973,https://prod.pictures.autoscout24.net/listing-images/3daaf2e3-aa47-4139-bd68-8979d340084d_2e0a6380-53f0-4ad9-afb3-e8e0ec038bf1.jpg/250x188.webp,5000,115.13665852422378,18238,40
f23f27ac-2ed4-4777-b543-a93803da6ffc,Audi,A4,Andere,Dealer,7500,d,254080,12-2012,https://prod.pictures.autoscout24.net/listing-images/f23f27ac-2ed4-4777-b543-a93803da6ffc_4e690c06-b82c-47e9-8e03-9f5ddb506e21.jpg/250x188.webp,6200,119.77990387531518,3659,47
e4108a2e-4a43-4066-9501-9017378712f4,Audi,A6,Berline,Dealer,7500,d,170000,03-2008,https://prod.pictures.autoscout24.net/listing-images/e4108a2e-4a43-4066-9501-9017378712f4_1099a0a6-7297-4201-9a5d-93bbbb7a2b40.jpg/250x188.webp,6200,119.77990387531518,5395,48
a5f94ea6-8cf3-4c3e-b10d-976657b0a9d7,Audi,TT,Andere,Dealer,7500,b,170000,10-2005,https://prod.pictures.autoscout24.net/listing-images/a5f94ea6-8cf3-4c3e-b10d-976657b0a9d7_4a4cf592-6149-4db4-965b-8a80387f5dba.jpg/250x188.webp,4430,115.84778684140608,6277,52
b841249d-eb05-41c5-b414-0c1858a9d653,Audi,A6,Break,Dealer,7500,d,240000,09-2010,https://prod.pictures.autoscout24.net/listing-images/b841249d-eb05-41c5-b414-0c1858a9d653_d767aff4-7bfa-4d56-8c57-4d85cf136620.jpg/250x188.webp,3600,91.05707630102727,4481,69
a3622f35-7ec8-4426-8524-5497c3643775,Audi,A3,Andere,PrivateSeller,7500,d,234000,01-2009,https://prod.pictures.autoscout24.net/listing-images/a3622f35-7ec8-4426-8524-5497c3643775_644e7e25-c85e-4aad-b68f-737d528a548e.jpg/250x188.webp,1932,66.67198913187099,5089,71
267161d6-cb25-4c93-8edc-95e8aaacc1dc,Audi,A3,Break,PrivateSeller,7500,d,143000,03-2009,https://prod.pictures.autoscout24.net/listing-images/267161d6-cb25-4c93-8edc-95e8aaacc1dc_ba0719fc-c0c2-49a3-a18f-42db08d556db.jpg/250x188.webp,1853,62.49120970441575,5030,72
0f8fd18a-b8d9-4aa3-adfa-424523da7af5,Audi,A3,Break,PrivateSeller,7500,d,238000,07-2012,https://prod.pictures.autoscout24.net/listing-images/0f8fd18a-b8d9-4aa3-adfa-424523da7af5_ab43f10a-7b9e-4b38-9c33-2c5a29469810.jpg/250x188.webp,4834,141.35988385500605,3812,81
05e5ca96-5161-4f50-a6d2-7d393eac8dff,Audi,A4,Break,PrivateSeller,7500,d,206000,10-2010,https://prod.pictures.autoscout24.net/listing-images/05e5ca96-5161-4f50-a6d2-7d393eac8dff_9b9d1d03-2104-437c-8cdc-886e3c85f724.jpg/250x188.webp,1930,65.18883147641638,4451,89
09de2040-33e5-4551-baa3-cf5230b08fcf,Audi,A3,Berline,PrivateSeller,7500,b,172000,03-2009,https://prod.pictures.autoscout24.net/listing-images/09de2040-33e5-4551-baa3-cf5230b08fcf_a43a5929-ad49-4e83-b9bd-07d30e9e62bc.jpg/250x188.webp,7170,108.4792868516476,5030,92
158cc0ee-2619-418a-8a10-089a71df206a,Audi,A4,Cabriolet,PrivateSeller,7500,d,178000,09-2006,https://prod.pictures.autoscout24.net/listing-images/158cc0ee-2619-418a-8a10-089a71df206a_ef921b7a-0c1d-46d0-ab0c-2db8e04551f6.jpg/250x188.webp,3580,70.28501501852342,5942,93
d6b03b7d-35cc-4f44-82eb-25a78da262cf,Audi,A4 allroad,Break,PrivateSeller,7500,d,239400,09-2010,https://prod.pictures.autoscout24.net/listing-images/d6b03b7d-35cc-4f44-82eb-25a78da262cf_01021c5d-da50-4ec6-be21-13e96e7450cc.jpg/250x188.webp,6662,179.18205402130434,4481,93
69115232-2f16-4f54-b347-64e0bec1e9f6,Audi,A3,Berline,PrivateSeller,7500,d,199999,04-2012,https://prod.pictures.autoscout24.net/listing-images/69115232-2f16-4f54-b347-64e0bec1e9f6_650ff98a-c37c-471e-bf69-ede7eb2c2381.jpg/250x188.webp,9240,53.75602835198577,3903,97
65705459-801f-42ee-bc2a-457b4f8a0a76,Audi,A6,Break,PrivateSeller,7500,d,265000,09-2011,https://prod.pictures.autoscout24.net/listing-images/65705459-801f-42ee-bc2a-457b4f8a0a76_04caaa55-8580-4eae-bff1-8ac06d89dc7f.jpg/250x188.webp,8020,94.86128126264425,4116,125
796a79e0-33e8-468c-b0ba-994b2b805c41,Audi,A4,Berline,PrivateSeller,7500,b,166000,02-2010,https://prod.pictures.autoscout24.net/listing-images/796a79e0-33e8-468c-b0ba-994b2b805c41_742aa96a-4154-4a93-90e1-3dedeab4a45c.jpg/250x188.webp,8800,107.24415982689398,4693,129
b34a4047-1650-498c-9059-1a91fcb7aba0,Audi,A3,Cabriolet,PrivateSeller,7500,d,173432,06-2009,https://prod.pictures.autoscout24.net/listing-images/b34a4047-1650-498c-9059-1a91fcb7aba0_3b9122f7-a2b3-42a5-b2ca-8dd0f120a1cf.jpg/250x188.webp,1380,86.77667336235669,4938,144
2b9c99f1-9379-4088-85dc-8a625d93d392,Audi,100,Berline,Dealer,7500,b,144471,05-1994,https://prod.pictures.autoscout24.net/listing-images/2b9c99f1-9379-4088-85dc-8a625d93d392_9ce4a977-a038-4f3a-a05f-95a00b60de59.jpg/250x188.webp,8790,97.02122056774895,10448,212
4eba89db-80aa-4d96-8a3c-71e34e86ab69,Audi,A1,Berline,Dealer,7600,d,142000,11-2011,https://prod.pictures.autoscout24.net/listing-images/4eba89db-80aa-4d96-8a3c-71e34e86ab69_9d90da2b-4a84-4ae7-a558-da00415c8a97.jpg/250x188.webp,4051,126.01023705784011,4055,11
47c0cb18-0d9f-4470-94f8-2dead216d556,Audi,A3,Berline,PrivateSeller,7700,d,227000,01-2010,https://prod.pictures.autoscout24.net/listing-images/47c0cb18-0d9f-4470-94f8-2dead216d556_b94b4319-27ce-4b35-8529-206128607632.jpg/250x188.webp,6280,125.71995865757935,4724,93
5ac4e28a-0652-404d-baa2-0574f67a2dd5,Audi,A6,Berline,PrivateSeller,7700,d,240000,12-2011,https://prod.pictures.autoscout24.net/listing-images/5ac4e28a-0652-404d-baa2-0574f67a2dd5_7de6a133-a5a7-4b80-a3d4-c7bc2c9cd4fc.jpg/250x188.webp,1030,66.85598932704684,4025,174
20a15a14-bf4d-4b64-be4c-da115b2676a6,Audi,A3,Berline,Dealer,7750,b,175000,05-2009,https://prod.pictures.autoscout24.net/listing-images/20a15a14-bf4d-4b64-be4c-da115b2676a6_ecef97c6-f460-4874-a96e-3362d4e49a12.jpg/250x188.webp,1790,66.85097420004841,4969,7
217e56f7-6132-453b-9b93-c090854cfbb1,Audi,A4,Break,Dealer,7800,d,210029,05-2012,https://prod.pictures.autoscout24.net/listing-images/217e56f7-6132-453b-9b93-c090854cfbb1_98446402-8803-4f4f-9be4-702d75602304.jpg/250x188.webp,1780,63.273818071645216,3873,0
f132e69e-bf38-4a90-b40d-9469d9f24011,Audi,Cabriolet,Cabriolet,PrivateSeller,7800,d,71000,11-1999,https://prod.pictures.autoscout24.net/listing-images/f132e69e-bf38-4a90-b40d-9469d9f24011_13f11b0a-9e44-459b-a612-29ca5e939362.jpg/250x188.webp,7100,111.04432979756132,8438,24
7107674d-6489-46f2-b17e-4a911c6f1f72,Audi,A3,Berline,PrivateSeller,7800,d,160600,06-2012,https://prod.pictures.autoscout24.net/listing-images/7107674d-6489-46f2-b17e-4a911c6f1f72_685110ce-2087-400f-82f1-d4fcd942ba09.jpg/250x188.webp,1030,66.85598932704684,3842,68
217e56f7-6132-453b-9b93-c090854cfbb1,Audi,A4,Break,Dealer,7800,d,210029,05-2012,https://prod.pictures.autoscout24.net/listing-images/217e56f7-6132-453b-9b93-c090854cfbb1_98446402-8803-4f4f-9be4-702d75602304.jpg/250x188.webp,1780,63.273818071645216,3873,0
f132e69e-bf38-4a90-b40d-9469d9f24011,Audi,Cabriolet,Cabriolet,PrivateSeller,7800,d,71000,11-1999,https://prod.pictures.autoscout24.net/listing-images/f132e69e-bf38-4a90-b40d-9469d9f24011_13f11b0a-9e44-459b-a612-29ca5e939362.jpg/250x188.webp,7100,111.04432979756132,8438,24
7107674d-6489-46f2-b17e-4a911c6f1f72,Audi,A3,Berline,PrivateSeller,7800,d,160600,06-2012,https://prod.pictures.autoscout24.net/listing-images/7107674d-6489-46f2-b17e-4a911c6f1f72_685110ce-2087-400f-82f1-d4fcd942ba09.jpg/250x188.webp,1030,66.85598932704684,3842,68
9c36bf17-dc0b-4e79-9400-3a406d507649,Audi,A3,Andere,Dealer,7800,d,156700,09-2011,https://prod.pictures.autoscout24.net/listing-images/9c36bf17-dc0b-4e79-9400-3a406d507649_40fdcce6-6f40-4a28-a305-caa8810f71eb.jpg/250x188.webp,1000,69.17270624549755,4116,50
8dcc28dd-3c0e-4114-9d15-76f3e61038e2,Audi,A3,Cabriolet,PrivateSeller,7800,d,188189,06-2008,https://prod.pictures.autoscout24.net/listing-images/8dcc28dd-3c0e-4114-9d15-76f3e61038e2_9d9ae5c0-bb7e-47e5-bb6d-b8cb8642621f.jpg/250x188.webp,5524,137.97381794766156,5303,64
68f150da-3da1-4a07-974b-d25b445dfea6,Audi,A6,Break,PrivateSeller,7800,d,226000,01-2010,https://prod.pictures.autoscout24.net/listing-images/68f150da-3da1-4a07-974b-d25b445dfea6_8a12f05d-d26a-489d-9422-ff52c0e02bf6.jpg/250x188.webp,4850,132.6707282521058,4724,94
73390882-193a-4ddb-ab46-3b8b69fbcc3a,Audi,A4,Break,Dealer,7850,d,165234,10-2011,https://prod.pictures.autoscout24.net/listing-images/73390882-193a-4ddb-ab46-3b8b69fbcc3a_56f4c85d-f3eb-43f6-89c2-735823cca76f.jpg/250x188.webp,1420,87.49639779077864,4086,2
4fd96df0-79df-421e-a251-206d6a47ac87,Audi,A3,Berline,Dealer,7890,d,139455,06-2009,https://prod.pictures.autoscout24.net/listing-images/4fd96df0-79df-421e-a251-206d6a47ac87_ec7f66cc-3e2b-47d5-ba0b-3d4c5e98658c.jpg/250x188.webp,7350,126.64469659762254,4938,7
e34417c5-2f26-4905-b4e1-b209e8566cc5,Audi,A4,Break,Dealer,7900,b,158000,11-2010,https://prod.pictures.autoscout24.net/listing-images/e34417c5-2f26-4905-b4e1-b209e8566cc5_cdaa71a6-96fc-44c4-a4ee-beb03c6e5a26.jpg/250x188.webp,1730,61.98157406185932,4420,0
2edacfb7-6929-49aa-a62c-4ebc9cb6e3d1,Audi,A4,Break,Dealer,7900,d,281000,12-2013,https://prod.pictures.autoscout24.net/listing-images/2edacfb7-6929-49aa-a62c-4ebc9cb6e3d1_22c221e5-e665-4a5d-99f6-89b4523b42d5.jpg/250x188.webp,1750,76.75328563765976,3294,1
5370c32c-dfa6-4393-b21a-06426f35125e,Audi,A3,Berline,Dealer,7900,b,200000,10-2013,https://prod.pictures.autoscout24.net/listing-images/5370c32c-dfa6-4393-b21a-06426f35125e_3cd19c56-5de9-413e-abd6-ee640c564fd3.jpg/250x188.webp,4520,112.57318942534252,3355,2
ae618724-19cc-4081-93a7-1771e7a6c9e5,Audi,A4,Break,PrivateSeller,7900,b,106000,12-2005,https://prod.pictures.autoscout24.net/listing-images/ae618724-19cc-4081-93a7-1771e7a6c9e5_a14e517d-8cc0-473f-8916-e73e1142d998.jpg/250x188.webp,3803,83.85989468709893,6216,3
7878fde8-c8f1-4be3-aa91-1b75f8bcc6ca,Audi,A8,Berline,Dealer,7900,d,216500,06-2007,https://prod.pictures.autoscout24.net/listing-images/7878fde8-c8f1-4be3-aa91-1b75f8bcc6ca_8181785c-f2d4-48bc-b8b5-8cff4b952af4.jpg/250x188.webp,9860,75.70525305366282,5669,8
d3b77ff6-7727-49b1-90cf-38aa852d6ae4,Audi,A1,Berline,PrivateSeller,7900,d,128000,02-2012,https://prod.pictures.autoscout24.net/listing-images/d3b77ff6-7727-49b1-90cf-38aa852d6ae4_485f1567-e662-4b7a-8470-354ca218a992.jpg/250x188.webp,9968,62.54265668381387,3963,15
7406a374-1389-4fbc-a9c2-64f1d87c6357,Audi,A3,Berline,PrivateSeller,7900,d,135000,04-2009,https://prod.pictures.autoscout24.net/listing-images/7406a374-1389-4fbc-a9c2-64f1d87c6357_05e34a1d-5f18-4325-a9db-6964cad5b2fa.jpg/250x188.webp,5620,135.89345016222154,4999,19
74ffe1ab-d8b2-42ff-9565-d58c863bb3ce,Audi,A1,Berline,PrivateSeller,7900,d,144000,04-2011,https://prod.pictures.autoscout24.net/listing-images/74ffe1ab-d8b2-42ff-9565-d58c863bb3ce_cb773663-4b28-4c03-b526-adc1541e8874.jpg/250x188.webp,2610,33.817501233272104,4269,23
b75427f0-c4a0-4830-b39c-3030ff49df34,Audi,A3,Berline,PrivateSeller,7900,d,247000,11-2013,https://prod.pictures.autoscout24.net/listing-images/b75427f0-c4a0-4830-b39c-3030ff49df34_f46dd1ed-65a1-4fd5-bce8-f9f8f2ff7e4a.jpg/250x188.webp,4430,115.84778684140608,3324,29
e2c94866-2473-4405-982e-dce3c1973b3c,Audi,A4,Break,PrivateSeller,7900,d,263000,05-2010,https://prod.pictures.autoscout24.net/listing-images/e2c94866-2473-4405-982e-dce3c1973b3c_9189e07c-78ab-4fe3-b2a4-f2e5a19b5c6b.jpg/250x188.webp,1731,64.67551938133373,4604,33
f0f218b1-bcdb-42e0-96bd-643d6e9651b9,Audi,Coupe,Coupé,Dealer,7900,b,124000,03-1993,https://prod.pictures.autoscout24.net/listing-images/f0f218b1-bcdb-42e0-96bd-643d6e9651b9_45828a95-d36e-48bf-b869-5fb814360bc2.jpg/250x188.webp,4520,112.57318942534252,10874,33
6f009d65-0495-4935-a288-78cb1d9d3695,Audi,A4,Break,PrivateSeller,7900,b,172000,10-2009,https://prod.pictures.autoscout24.net/listing-images/6f009d65-0495-4935-a288-78cb1d9d3695_b828030d-f7c7-4e73-9d46-5d38ccc51d34.jpg/250x188.webp,9040,67.59494645605788,4816,86
a573935e-1013-4173-b940-228c01fb1b56,Audi,A4,Berline,PrivateSeller,7900,d,220000,11-2012,https://prod.pictures.autoscout24.net/listing-images/a573935e-1013-4173-b940-228c01fb1b56_9189bcb8-b9e0-48e7-a06c-7fe0b2bc4cc6.jpg/250x188.webp,1080,69.57979227671277,3689,88
524e9b4d-e419-4a87-9fb4-6ceb57c1ad74,Audi,A3,Berline,Dealer,7950,b,71286,06-2006,https://prod.pictures.autoscout24.net/listing-images/524e9b4d-e419-4a87-9fb4-6ceb57c1ad74_f3784a3c-6fd3-4511-a116-547686420a74.jpg/250x188.webp,1140,66.17447866127165,6034,11
ae4a08d2-6523-4db9-88db-afa5c6190bfd,Audi,A1,Andere,PrivateSeller,7950,d,180000,11-2010,https://prod.pictures.autoscout24.net/listing-images/ae4a08d2-6523-4db9-88db-afa5c6190bfd_d465e5bf-2b3e-4d84-bd60-ae1643b7482c.jpg/250x188.webp,1652,81.31430250483513,4420,63
5ed0bcdc-61a3-4760-a0ad-9359353f1655,Audi,A6,Berline,PrivateSeller,7950,d,205000,10-2009,https://prod.pictures.autoscout24.net/listing-images/5ed0bcdc-61a3-4760-a0ad-9359353f1655_ecc81335-de48-4443-a0c0-99066386afc1.jpg/250x188.webp,1860,59.6090801187706,4816,95
d63f6192-52b4-4486-99a3-a7e8d9c49d11,Audi,TT,Coupé,Dealer,7950,b,144000,05-2000,https://prod.pictures.autoscout24.net/listing-images/d63f6192-52b4-4486-99a3-a7e8d9c49d11_5db319e5-7623-4f95-87b8-b6e81242bddc.jpg/250x188.webp,8880,113.05181262649485,8256,150
7aa47af9-d9e1-4740-bec2-e671d34a10c2,Audi,A1,Berline,PrivateSeller,7985,d,185000,06-2011,https://prod.pictures.autoscout24.net/listing-images/7aa47af9-d9e1-4740-bec2-e671d34a10c2_a76e26a0-5357-44a0-942c-7d3f0c791a8a.jpg/250x188.webp,7520,121.71883282206925,4208,4
6e5dec96-3df6-420e-be63-7e23cd8bd295,Audi,A6,Berline,Dealer,7990,d,249000,01-2010,https://prod.pictures.autoscout24.net/listing-images/6e5dec96-3df6-420e-be63-7e23cd8bd295_1163856e-d181-47e5-ac86-243949497cc1.jpg/250x188.webp,6250,115.60596353389253,4724,1
800b6f11-47fa-476a-a807-ae04f8876fe3,Audi,A6,Break,Dealer,7990,d,135791,11-2006,https://prod.pictures.autoscout24.net/listing-images/800b6f11-47fa-476a-a807-ae04f8876fe3_6beb6342-52dd-424a-9310-60fac255d146.jpg/250x188.webp,7900,110.46445552101486,5881,6
8368d75c-54f9-4ea9-98fd-eeb86c758d00,Audi,TT,Cabriolet,Dealer,7990,b,142044,02-2001,https://prod.pictures.autoscout24.net/listing-images/8368d75c-54f9-4ea9-98fd-eeb86c758d00_a2b16f5b-2f60-4769-aa24-66a3c93fa89f.jpg/250x188.webp,1000,69.17270624549755,7980,9
52cb7bed-d357-4f12-88d5-6007af8d4cdf,Audi,A3,Berline,Dealer,7990,d,140000,08-2010,https://prod.pictures.autoscout24.net/listing-images/52cb7bed-d357-4f12-88d5-6007af8d4cdf_2f37fe60-3159-4178-9f61-8362cd691fd9.jpg/250x188.webp,7390,121.56764290915724,4512,9
1fe5469e-777d-4151-aa43-8c137881563d,Audi,A3,Berline,Dealer,7990,d,163000,03-2010,https://prod.pictures.autoscout24.net/listing-images/1fe5469e-777d-4151-aa43-8c137881563d_0357f499-d6a4-41ce-8863-8773bc955d84.jpg/250x188.webp,7350,126.64469659762254,4665,12
9ceab057-f201-44ea-a900-64cbbf22fb4e,Audi,A6,Break,Dealer,7990,d,200000,10-2009,https://prod.pictures.autoscout24.net/listing-images/9ceab057-f201-44ea-a900-64cbbf22fb4e_3c2a18eb-7f95-473b-8b77-3cd25a5a0925.jpg/250x188.webp,7390,121.56764290915724,4816,185
dbf64873-ac23-4937-9ce1-8a9ae7d70975,Audi,TT,Coupé,Dealer,7990,b,150000,02-2003,https://prod.pictures.autoscout24.net/listing-images/dbf64873-ac23-4937-9ce1-8a9ae7d70975_7483919e-b776-4bed-8ca3-2cd7d732308f.jpg/250x188.webp,1000,69.17270624549755,7250,247
6eb2d04f-cff8-4d29-866e-e8b96032178f,Audi,A6,Break,PrivateSeller,7999,d,251000,03-2010,https://prod.pictures.autoscout24.net/listing-images/6eb2d04f-cff8-4d29-866e-e8b96032178f_7ea15b41-ea0f-441e-86ff-981d80ecefb0.jpg/250x188.webp,2610,33.817501233272104,4665,21
767019c7-7157-4ba2-b8ce-d644930a0b5c,Audi,A1,Berline,PrivateSeller,7999,d,190000,09-2011,https://prod.pictures.autoscout24.net/listing-images/767019c7-7157-4ba2-b8ce-d644930a0b5c_819a31f7-8b9e-46d4-8d5b-131372d92e6a.jpg/250x188.webp,7134,116.23444273110738,4116,73
60e898e0-f5d6-4855-ae4d-e22229514492,Audi,TT,Coupé,Dealer,7999,b,160047,09-2001,https://prod.pictures.autoscout24.net/listing-images/60e898e0-f5d6-4855-ae4d-e22229514492_392aa17e-11a1-4565-b385-3d74304944ce.jpg/250x188.webp,9260,64.90244926494331,7768,77
283bf695-e277-4da5-909a-0e5f5041e569,Audi,A3,Berline,Dealer,7999,b,164528,08-2008,https://prod.pictures.autoscout24.net/listing-images/283bf695-e277-4da5-909a-0e5f5041e569_dce00cc5-cd36-4188-84a9-b4f8e8b31283.jpg/250x188.webp,1480,90.6722887329444,5242,107
1706cf2e-c0f1-4014-b95e-e62236b4b829,Audi,Coupe,Coupé,PrivateSeller,7999,b,117436,06-1990,https://prod.pictures.autoscout24.net/listing-images/1706cf2e-c0f1-4014-b95e-e62236b4b829_f2de3a35-6494-4c6d-ac06-9fbea5496603.jpg/250x188.webp,2275,33.4248057925053,11878,108
1f4a782a-41e3-4a02-8f17-65a30bc911e1,Audi,A1,Berline,Dealer,7999,b,169989,04-2011,https://prod.pictures.autoscout24.net/listing-images/1f4a782a-41e3-4a02-8f17-65a30bc911e1_54b715df-2171-4757-9fac-cd0cf9d82d44.jpg/250x188.webp,4460,114.8668906662163,4269,110
2e779f14-da7f-4c45-a58b-6e82a0194fcb,Audi,A3,Coupé,PrivateSeller,8000,b,159000,04-2012,https://prod.pictures.autoscout24.net/listing-images/2e779f14-da7f-4c45-a58b-6e82a0194fcb_4ae3d40a-d0e4-42a4-8d14-db624135b1a9.jpg/250x188.webp,4851,131.65283435851936,3903,7
a4e55d47-aef0-4c97-9b60-d5553006710c,Audi,A3,Berline,Dealer,8000,d,124472,04-2012,https://prod.pictures.autoscout24.net/listing-images/a4e55d47-aef0-4c97-9b60-d5553006710c_db5cd02d-d9d3-40e2-835d-8d180eb76098.jpg/250x188.webp,1300,83.88957347991013,3903,13
57d7bd73-4add-4e45-a9c1-b40287d1ff91,Audi,A6,Berline,PrivateSeller,8000,d,296000,04-2009,https://prod.pictures.autoscout24.net/listing-images/57d7bd73-4add-4e45-a9c1-b40287d1ff91_e7fd2bf6-d768-4115-96ea-b41061407cc1.jpg/250x188.webp,3200,60.911700271925,4999,26
8273f129-328c-48e3-9a80-ac9cab5179cd,Audi,A5,Coupé,PrivateSeller,8000,d,15400,04-2008,https://prod.pictures.autoscout24.net/listing-images/8273f129-328c-48e3-9a80-ac9cab5179cd_be339e0a-0636-4ada-b471-37ff2e5de2eb.jpg/250x188.webp,1420,87.49639779077864,5364,35
cce9ab5e-85ab-455a-a0da-51c3d46b97af,Audi,A5,Coupé,PrivateSeller,8000,d,154000,04-2008,https://prod.pictures.autoscout24.net/listing-images/cce9ab5e-85ab-455a-a0da-51c3d46b97af_b881c907-1469-425a-a43e-49f410d49a42.jpg/250x188.webp,1420,87.49639779077864,5364,31
51dd0bfb-8d7f-4d26-a918-ac3ec0050e30,Audi,A6,Break,Dealer,8000,d,162000,02-2008,https://prod.pictures.autoscout24.net/listing-images/51dd0bfb-8d7f-4d26-a918-ac3ec0050e30_b6ff8060-36ba-42f9-8858-9f27aafa171c.jpg/250x188.webp,8800,107.24415982689398,5424,43
a275279f-0efa-4ea8-9d21-cd41d092daca,Audi,TT,Cabriolet,PrivateSeller,8000,b,240000,06-2001,https://prod.pictures.autoscout24.net/listing-images/a275279f-0efa-4ea8-9d21-cd41d092daca_a96270ac-670d-47c0-947c-90b9da2f26da.jpg/250x188.webp,4020,121.60247278825214,7860,52
a3a22a60-f719-48d2-890e-0293b3196700,Audi,A3,Berline,PrivateSeller,8000,d,130000,01-2010,https://prod.pictures.autoscout24.net/listing-images/a3a22a60-f719-48d2-890e-0293b3196700_7868156f-90ac-47fc-a2e0-6644affe9624.jpg/250x188.webp,3000,67.38410339411878,4724,82
13054bc6-d080-4035-8fb9-05d9c26d4cf7,Audi,A4,Break,PrivateSeller,8000,d,202460,02-2010,https://prod.pictures.autoscout24.net/listing-images/13054bc6-d080-4035-8fb9-05d9c26d4cf7_c4e81168-ee90-4074-a76d-fbfe18ef34d6.jpg/250x188.webp,9570,85.7309420442951,4693,66
7a9b45a4-9237-48ff-b51b-2cb38988c501,Audi,A3,Stadswagen,PrivateSeller,8000,d,202000,12-2013,https://prod.pictures.autoscout24.net/listing-images/7a9b45a4-9237-48ff-b51b-2cb38988c501_1b158909-ce13-4bb7-97db-08bf709c84e0.jpg/250x188.webp,5140,104.85389989976589,3294,71
e3d0580e-8bd1-4b69-9bc1-46f6c1ff04f4,Audi,TT,Cabriolet,PrivateSeller,8000,b,188000,07-2002,https://prod.pictures.autoscout24.net/listing-images/e3d0580e-8bd1-4b69-9bc1-46f6c1ff04f4_4cda920f-fa5f-47b3-85ee-f0f11f345fb5.jpg/250x188.webp,1420,87.49639779077864,7465,107
33733753-2fa3-4b2c-8f3d-280a3a10faf1,Audi,Cabriolet,Cabriolet,PrivateSeller,8000,b,235000,06-1996,https://prod.pictures.autoscout24.net/listing-images/33733753-2fa3-4b2c-8f3d-280a3a10faf1_6ae1a561-15d5-4e8d-9dba-aa03a591c1a4.jpg/250x188.webp,1000,69.17270624549755,9686,134
8e509634-d309-4355-a7e8-6e743879519c,Audi,TT,Cabriolet,PrivateSeller,8000,b,147000,03-2003,https://prod.pictures.autoscout24.net/listing-images/8e509634-d309-4355-a7e8-6e743879519c_8546f3eb-a01b-4cc4-a738-c4c20127a712.jpg/250x188.webp,7331,118.21622192228163,7222,138
