guid,make,model,vehicle-type,seller-type,price,fuel-type,mileage,year,img-url,zip-code,distance,reg-age,listing-age
d5b91a36-2ace-4ffc-ad99-df21b5436269,BMW,320,Berline,PrivateSeller,700,d,307901,07-1999,https://prod.pictures.autoscout24.net/listing-images/d5b91a36-2ace-4ffc-ad99-df21b5436269_e678f45a-f5df-4c32-b7ad-5f63636a8f11.jpg/250x188.webp,3500,86.84432103923942,8561,135
77831b4e-5652-41eb-9c97-804c50b7d5b5,BMW,318,Berline,PrivateSeller,1000,d,233104,02-2004,https://prod.pictures.autoscout24.net/listing-images/77831b4e-5652-41eb-9c97-804c50b7d5b5_cbc3c301-5e71-47c4-bd70-18940bab410a.jpg/250x188.webp,5537,132.67479337313804,6885,138
d9563c93-5fd0-4db6-b5cd-74d5299f1ffe,BMW,320,Break,PrivateSeller,1000,b,231000,10-2003,https://prod.pictures.autoscout24.net/listing-images/d9563c93-5fd0-4db6-b5cd-74d5299f1ffe_70915b11-403d-4369-a6cf-cb23866566c5.jpg/250x188.webp,6791,232.6736596090297,7008,181
f09186ac-1693-46ac-9c2e-dcf0a94613e9,BMW,318,Break,PrivateSeller,1100,d,301500,03-2005,https://prod.pictures.autoscout24.net/listing-images/f09186ac-1693-46ac-9c2e-dcf0a94613e9_48116691-4ff5-466e-8557-c3152d43210e.jpg/250x188.webp,7860,95.07423547129062,6491,24
0dc8ec91-ba4c-41db-9c88-d7255609563a,BMW,525,Stadswagen,PrivateSeller,1100,d,231000,05-1996,https://prod.pictures.autoscout24.net/listing-images/0dc8ec91-ba4c-41db-9c88-d7255609563a_0954810d-8667-4262-b810-17f5f3564b69.jpg/250x188.webp,8650,123.17495676946584,9717,104
7266e918-c70a-4126-86ae-b5bb9abd790c,BMW,318,Berline,Dealer,1200,d,220000,12-2003,https://prod.pictures.autoscout24.net/listing-images/7266e918-c70a-4126-86ae-b5bb9abd790c_5b9f5538-dbd0-414b-a058-ca8369b31f49.jpg/250x188.webp,1700,70.90697373704198,6947,98
bcbb2294-b899-41e9-ba08-7d408751b7e9,BMW,318,Berline,PrivateSeller,1200,d,370000,01-2004,https://prod.pictures.autoscout24.net/listing-images/bcbb2294-b899-41e9-ba08-7d408751b7e9_ec37eb86-00ee-4de7-aea7-af4173527b88.jpg/250x188.webp,7033,120.92234590410432,6916,126
1d0c60c6-953d-4a10-9394-2911a62c779c,BMW,316,Berline,PrivateSeller,1234,b,222000,08-2003,https://prod.pictures.autoscout24.net/listing-images/1d0c60c6-953d-4a10-9394-2911a62c779c_f0fcd4ad-89d0-4e5b-9078-855c2f66b0a4.jpg/250x188.webp,7641,124.66198527806658,7069,116
16c96ce7-27c6-41e3-bff2-3d847cf41ae4,BMW,318,Berline,PrivateSeller,1250,d,233000,09-2004,https://prod.pictures.autoscout24.net/listing-images/16c96ce7-27c6-41e3-bff2-3d847cf41ae4_1a0181f1-5352-4997-9738-fb2944b010e3.jpg/250x188.webp,5190,108.63324346377956,6672,3
974189dc-fd9a-4957-997d-7e913741275a,BMW,320,Berline,PrivateSeller,1250,d,247000,06-2001,https://prod.pictures.autoscout24.net/listing-images/974189dc-fd9a-4957-997d-7e913741275a_50a243c6-3aaf-40af-93b2-20b411bb75f9.jpg/250x188.webp,7800,104.58581336862675,7860,17
babaca0a-952f-4239-ab98-eeb3a9f7334c,BMW,316,Berline,Dealer,1250,b,330000,09-2002,https://prod.pictures.autoscout24.net/listing-images/babaca0a-952f-4239-ab98-eeb3a9f7334c_28d80acb-bb7b-49db-9206-8d029baea225.jpg/250x188.webp,1080,69.57979227671277,7403,24
17aaf560-9ed3-4aad-987f-925245a54e70,BMW,318,Andere,PrivateSeller,1300,d,214000,10-2008,https://prod.pictures.autoscout24.net/listing-images/17aaf560-9ed3-4aad-987f-925245a54e70_31e165a4-4a21-4da2-a9d6-2559fcfdaf2f.jpg/250x188.webp,7864,92.60837120015225,5181,61
8f857c10-5d29-4f5c-9b95-79bb26735f4f,BMW,118,Berline,Dealer,1300,d,304698,10-2004,https://prod.pictures.autoscout24.net/listing-images/8f857c10-5d29-4f5c-9b95-79bb26735f4f_19e2b48b-ee39-4855-81f2-9f86b952fe5e.jpg/250x188.webp,1600,78.61296004280759,6642,100
ded2cbfb-5685-4b0a-89a3-c26e43e32593,BMW,318,Berline,Dealer,1400,b,284000,04-2005,https://prod.pictures.autoscout24.net/listing-images/ded2cbfb-5685-4b0a-89a3-c26e43e32593_4c566779-ca1f-42e9-b730-141fb5029d62.jpg/250x188.webp,1080,69.57979227671277,6460,54
71d7be3f-184e-4efc-ac84-a7a848d763b6,BMW,316,Berline,Dealer,1500,b,278000,09-2001,https://prod.pictures.autoscout24.net/listing-images/71d7be3f-184e-4efc-ac84-a7a848d763b6_a5b81649-5044-4e26-8031-a6dcbe390f6c.jpg/250x188.webp,1080,69.57979227671277,7768,19
7ea94b8e-71e2-443b-9fed-69d510bd6135,BMW,X5,SUV/4x4/Pick-up,PrivateSeller,1500,d,318000,11-2006,https://prod.pictures.autoscout24.net/listing-images/7ea94b8e-71e2-443b-9fed-69d510bd6135_3067969d-5a20-4b29-85ae-69881f3b4a76.jpg/250x188.webp,6500,139.73150212890414,5881,30
bb4bdacf-06d0-45e1-91e1-f7073840d2ef,BMW,316,Berline,PrivateSeller,1500,b,275000,07-2003,https://prod.pictures.autoscout24.net/listing-images/bb4bdacf-06d0-45e1-91e1-f7073840d2ef_9c3daba9-b616-41ff-87a1-9f37914ccf8a.jpg/250x188.webp,6220,109.54249226439103,7100,144
856b2b7f-eb00-4713-87bf-556659192ed7,BMW,318,Berline,PrivateSeller,1500,b,172000,02-2001,https://prod.pictures.autoscout24.net/listing-images/856b2b7f-eb00-4713-87bf-556659192ed7_a96f9d8b-3692-49fd-9791-05ca39ea2069.jpg/250x188.webp,4040,120.39133917274062,7980,155
dc8db396-0626-406b-8e1b-0350db1c540f,BMW,316,Berline,PrivateSeller,1600,b,127700,07-2000,https://prod.pictures.autoscout24.net/listing-images/dc8db396-0626-406b-8e1b-0350db1c540f_131f8190-9791-4f50-91a9-e5641092bef1.jpg/250x188.webp,7712,120.93531966597502,8195,24
6bde296e-2744-4c46-ab3a-95f5f2f2531f,BMW,525,Berline,Dealer,1650,d,299000,11-2002,https://prod.pictures.autoscout24.net/listing-images/6bde296e-2744-4c46-ab3a-95f5f2f2531f_a14a18ab-fb1d-494c-ad67-d55354ece545.jpg/250x188.webp,1730,61.98157406185932,7342,1
05fd5375-306c-4bb3-b1f2-83118ce9906f,BMW,320,Coupé,PrivateSeller,1700,l,310000,11-2004,https://prod.pictures.autoscout24.net/listing-images/05fd5375-306c-4bb3-b1f2-83118ce9906f_e6bc331b-fa35-4bf4-87b9-573081f8103e.jpg/250x188.webp,1070,71.06367211068877,6611,6
f7273a15-f707-444b-90f0-c774c42cdefb,BMW,318,Berline,PrivateSeller,1700,d,261000,05-2004,https://prod.pictures.autoscout24.net/listing-images/f7273a15-f707-444b-90f0-c774c42cdefb_ff05efe9-0e62-4e90-a154-8be61e7aefcf.jpg/250x188.webp,7012,120.36322565219064,6795,46
fd40a512-b903-4437-aea9-1b1c7fc611b1,BMW,318,Berline,PrivateSeller,1758,d,310000,06-1997,https://prod.pictures.autoscout24.net/listing-images/fd40a512-b903-4437-aea9-1b1c7fc611b1_5c3333a3-4f62-4a81-8e42-921df20da588.jpg/250x188.webp,3090,77.24958296507762,9321,180
7f53e875-f809-411a-abc9-9b9a5b8a816a,BMW,725,Berline,PrivateSeller,1800,d,569000,05-1996,https://prod.pictures.autoscout24.net/listing-images/7f53e875-f809-411a-abc9-9b9a5b8a816a_d889cd50-6b20-4d62-ae30-8f8958e22db3.jpg/250x188.webp,7830,95.83528394971306,9717,24
9946cd77-15d9-4743-99ff-ef56b1fc84e4,BMW,320,Break,PrivateSeller,1800,d,215000,09-2001,https://prod.pictures.autoscout24.net/listing-images/9946cd77-15d9-4743-99ff-ef56b1fc84e4_64df0c7c-cf72-47e9-ab75-3b5d6afa34db.jpg/250x188.webp,9000,69.99787275902874,7768,87
3dd69fa6-5bf1-495e-a25c-a650db021cc9,BMW,320,Break,PrivateSeller,1800,d,320000,04-2005,https://prod.pictures.autoscout24.net/listing-images/3dd69fa6-5bf1-495e-a25c-a650db021cc9_e67df021-e3b1-45e1-98c0-ee54ca63adcc.jpg/250x188.webp,3000,67.38410339411878,6460,150
58b23d67-82e0-474e-8550-68e8171ea366,BMW,320,Andere,Dealer,1850,d,186000,02-2006,https://prod.pictures.autoscout24.net/listing-images/58b23d67-82e0-474e-8550-68e8171ea366_c0bf1ef1-463f-46e0-8b8d-385e06dfc807.jpg/250x188.webp,1600,78.61296004280759,6154,33
046f0944-b632-410e-bac5-c841476e6b1a,BMW,318,Coupé,PrivateSeller,1850,d,274000,02-2005,https://prod.pictures.autoscout24.net/listing-images/046f0944-b632-410e-bac5-c841476e6b1a_533b6fe7-0bc2-4038-9710-2041207c6943.jpg/250x188.webp,6061,117.55452099458994,6519,148
b7e46af4-0141-4390-b5ed-6f254119a25a,BMW,520,Berline,PrivateSeller,1950,b,227000,06-1996,https://prod.pictures.autoscout24.net/listing-images/b7e46af4-0141-4390-b5ed-6f254119a25a_f836ae1b-0fbb-4a8c-9f15-9d1392858e6a.jpg/250x188.webp,4600,117.87746038285867,9686,82
ff014e2b-60d5-4d1d-ad4c-971a1b3f9531,BMW,520,Berline,PrivateSeller,1950,b,227000,06-1996,https://prod.pictures.autoscout24.net/listing-images/ff014e2b-60d5-4d1d-ad4c-971a1b3f9531_0e216f2b-cc9f-4f42-8fd4-7aa733596172.jpg/250x188.webp,4600,117.87746038285867,9686,82
4966b3ed-9828-45de-8fa5-4b3a4dd101aa,BMW,520,Berline,PrivateSeller,1950,b,227000,06-1996,https://prod.pictures.autoscout24.net/listing-images/4966b3ed-9828-45de-8fa5-4b3a4dd101aa_ac950c82-1aba-4c4e-9074-56ab0294dceb.jpg/250x188.webp,4600,117.87746038285867,9686,175
a693c4e9-b1c1-492b-857d-333c03401c7f,BMW,320,Break,Dealer,1999,d,340540,06-2006,https://prod.pictures.autoscout24.net/listing-images/a693c4e9-b1c1-492b-857d-333c03401c7f_d1693109-a7f4-4464-a1b7-6d3005727433.jpg/250x188.webp,1400,97.35176357549375,6034,55
6ef20d89-2953-4ed5-8c1f-5efb984462d2,BMW,316,Coupé,PrivateSeller,2000,b,213890,07-2002,https://prod.pictures.autoscout24.net/listing-images/6ef20d89-2953-4ed5-8c1f-5efb984462d2_88b378b6-331b-4d77-a8ed-bd343a352c2b.jpg/250x188.webp,6180,111.8460773215552,7465,7
381993e4-25ae-470f-83d2-bd54578fb7d6,BMW,118,Berline,PrivateSeller,2000,d,376000,03-2007,https://prod.pictures.autoscout24.net/listing-images/381993e4-25ae-470f-83d2-bd54578fb7d6_b508ed34-7d0f-4b99-a2ed-d37ee289a39c.jpg/250x188.webp,1190,73.06612059240499,5761,15
6472115f-2fcd-4233-b2bc-3220a5b43201,BMW,318,Berline,PrivateSeller,2000,d,332997,03-2003,https://prod.pictures.autoscout24.net/listing-images/6472115f-2fcd-4233-b2bc-3220a5b43201_014bf772-e975-4eb9-8414-5d7c66b325b7.jpg/250x188.webp,8600,123.09253613761362,7222,27
8e68ada3-cddc-4fac-a36d-2155257b9a85,BMW,318,Berline,PrivateSeller,2000,d,248000,10-2003,https://prod.pictures.autoscout24.net/listing-images/8e68ada3-cddc-4fac-a36d-2155257b9a85_2b78cf59-ca00-4bce-93fb-33f58b979343.jpg/250x188.webp,6000,117.49014599385939,7008,67
e0dfb17e-4b9a-4199-bf44-c6e24c9990dd,BMW,518,Andere,PrivateSeller,2000,b,220000,09-1987,https://prod.pictures.autoscout24.net/listing-images/e0dfb17e-4b9a-4199-bf44-c6e24c9990dd_b55d4c64-470d-403f-b031-8260dd247f04.jpg/250x188.webp,1340,89.46401378328262,12882,83
2b24c9d3-c819-4fed-9e5c-2f5ec10a7c3c,BMW,318,Coupé,PrivateSeller,2000,b,205000,08-1999,https://prod.pictures.autoscout24.net/listing-images/2b24c9d3-c819-4fed-9e5c-2f5ec10a7c3c_cd261852-1bf6-4784-9185-0d6518bfdbe4.jpg/250x188.webp,9800,85.43781742981923,8530,124
4b129e4f-8f08-41d3-b20c-a32684089c59,BMW,520,Berline,PrivateSeller,2200,b,248000,12-1998,https://prod.pictures.autoscout24.net/listing-images/4b129e4f-8f08-41d3-b20c-a32684089c59_30e094c2-5495-4649-b2fb-b4b12bd9015d.jpg/250x188.webp,2000,27.94913546724415,8773,3
e2024712-689b-47b7-adf7-085162472245,BMW,520,Break,Dealer,2200,d,305000,05-2008,https://prod.pictures.autoscout24.net/listing-images/e2024712-689b-47b7-adf7-085162472245_b3da2444-1a11-43e8-8e7a-86683ccde485.jpg/250x188.webp,5140,104.85389989976589,5334,88
7493d185-9ea4-47b3-b9d2-3a40a5336ed3,BMW,730,Berline,PrivateSeller,2200,d,260000,02-2000,https://prod.pictures.autoscout24.net/listing-images/7493d185-9ea4-47b3-b9d2-3a40a5336ed3_eddbb5a5-6737-40a6-9290-5a0aa824ef0c.jpg/250x188.webp,7100,111.04432979756132,8346,171
768a4b2b-55ec-4909-9712-34e212a7e324,BMW,316,Coupé,PrivateSeller,2250,b,120900,04-1998,https://prod.pictures.autoscout24.net/listing-images/768a4b2b-55ec-4909-9712-34e212a7e324_68f0f79c-a7d1-4477-9eb5-460c3a40fda8.jpg/250x188.webp,3190,54.823479205129566,9017,3
c7a728f8-91c0-4e47-9b36-b9600c69013c,BMW,118,Berline,Dealer,2250,d,317800,06-2006,https://prod.pictures.autoscout24.net/listing-images/c7a728f8-91c0-4e47-9b36-b9600c69013c_e683fa2b-c212-4bcf-9c2d-7a2604bbf390.jpg/250x188.webp,1600,78.61296004280759,6034,16
2bc4ce52-90bc-4578-8c1a-3ff8950cf1b3,BMW,320,Break,PrivateSeller,2250,d,270000,10-2002,https://prod.pictures.autoscout24.net/listing-images/2bc4ce52-90bc-4578-8c1a-3ff8950cf1b3_4b793dfa-e633-42b6-8461-8e3f1ea66d38.jpg/250x188.webp,8930,119.0088533447813,7373,23
64582762-6719-4259-8d63-212db36d03f2,BMW,318,Coupé,Dealer,2250,b,206000,12-2000,https://prod.pictures.autoscout24.net/listing-images/64582762-6719-4259-8d63-212db36d03f2_f8b49c88-6347-4269-b894-a3036205398b.jpg/250x188.webp,1400,97.35176357549375,8042,258
ed9f5e54-5701-4e38-a26b-0f914eb14afe,BMW,320,Break,PrivateSeller,2300,b,294000,06-2002,https://prod.pictures.autoscout24.net/listing-images/ed9f5e54-5701-4e38-a26b-0f914eb14afe_c7b4a016-f194-448b-b52b-d7bee74cb58f.jpg/250x188.webp,9420,69.49671123050898,7495,29
d7f8d5f6-899e-4644-926a-8301f2c7b2a3,BMW,116,Andere,Dealer,2400,b,235000,01-2005,https://prod.pictures.autoscout24.net/listing-images/d7f8d5f6-899e-4644-926a-8301f2c7b2a3_4a47344d-9bff-4629-966e-977841600d53.jpg/250x188.webp,1420,87.49639779077864,6550,68
cdc499c0-2899-4899-9b5d-8267e16eff43,BMW,320,Break,Dealer,2450,d,280000,04-2006,https://prod.pictures.autoscout24.net/listing-images/cdc499c0-2899-4899-9b5d-8267e16eff43_5741aafa-a09c-4938-8ccc-c48637f69ef4.jpg/250x188.webp,9860,75.70525305366282,6095,7
f568f1ba-48bb-4213-83e6-a79622c65fb4,BMW,320,Berline,PrivateSeller,2500,b,290000,09-2001,https://prod.pictures.autoscout24.net/listing-images/f568f1ba-48bb-4213-83e6-a79622c65fb4_bb7b9109-9a0a-457b-b8bf-e2b10b5aad62.jpg/250x188.webp,2800,49.170515286575046,7768,4
982f1b16-23a3-4295-b284-3463768be227,BMW,118,Berline,PrivateSeller,2500,d,283000,09-2005,https://prod.pictures.autoscout24.net/listing-images/982f1b16-23a3-4295-b284-3463768be227_166b3a53-c1a1-4184-8cd6-65430e75c7f4.jpg/250x188.webp,5081,107.80871877520319,6307,6
f0533ee2-27fd-49ce-bcde-9d40d20d8929,BMW,525,Berline,Dealer,2500,d,265000,11-2004,https://prod.pictures.autoscout24.net/listing-images/f0533ee2-27fd-49ce-bcde-9d40d20d8929_22fdf2cd-546f-4b61-8b88-12d14477a813.jpg/250x188.webp,1745,59.24245705155604,6611,13
2cd7471d-7082-4686-8cbb-1be5d354f17e,BMW,316,Berline,PrivateSeller,2500,b,255000,03-1993,https://prod.pictures.autoscout24.net/listing-images/2cd7471d-7082-4686-8cbb-1be5d354f17e_fbddaa9d-229b-4f3c-9671-31847e275420.jpg/250x188.webp,1600,78.61296004280759,10874,20
7b0eafd4-25cf-48fb-8724-874a6a00aac2,BMW,316,Berline,PrivateSeller,2500,b,178000,12-2004,https://prod.pictures.autoscout24.net/listing-images/7b0eafd4-25cf-48fb-8724-874a6a00aac2_f3985b17-63a9-4550-bb2a-1ec3c48259bb.jpg/250x188.webp,1180,74.57281408996285,6581,18
4c96ebf0-7307-4ec7-b47f-28266aa48747,BMW,318,Coupé,PrivateSeller,2500,b,285936,09-2002,https://prod.pictures.autoscout24.net/listing-images/4c96ebf0-7307-4ec7-b47f-28266aa48747_110f2bea-0d9a-4d02-b6d2-f6cbe9f87139.jpg/250x188.webp,1700,70.90697373704198,7403,86
974929c1-30ae-4433-a557-f58f2cf63417,BMW,318,Berline,PrivateSeller,2500,d,250000,01-2003,https://prod.pictures.autoscout24.net/listing-images/974929c1-30ae-4433-a557-f58f2cf63417_6044c708-4ae3-4e27-8f3b-d4b950960598.jpg/250x188.webp,6060,116.023023143389,7281,89
88c520a0-4256-4365-9d12-4a1112cad80c,BMW,320,Berline,PrivateSeller,2500,d,278000,07-2005,https://prod.pictures.autoscout24.net/listing-images/88c520a0-4256-4365-9d12-4a1112cad80c_4cc1b160-5918-4a3e-b52f-05376ae24cd5.jpg/250x188.webp,4624,126.75973187027684,6369,120
4b9dd54e-a78d-4c37-b39a-1287f9351c02,BMW,320,Berline,PrivateSeller,2500,d,282021,07-1999,https://prod.pictures.autoscout24.net/listing-images/4b9dd54e-a78d-4c37-b39a-1287f9351c02_bb664d61-942a-4155-86b9-a60517df2da3.jpg/250x188.webp,3700,103.11033326257076,8561,136
d352a39a-2827-44a6-ac48-bea1b5f83007,BMW,320,Berline,PrivateSeller,2500,d,247000,04-2008,https://prod.pictures.autoscout24.net/listing-images/d352a39a-2827-44a6-ac48-bea1b5f83007_a0853b58-8fe6-48b9-904a-daa14121a668.jpg/250x188.webp,4000,118.53949006185148,5364,156
6d881780-d0e3-4171-a251-d8fb4a5beeff,BMW,318,Berline,PrivateSeller,2500,d,269000,10-2004,https://prod.pictures.autoscout24.net/listing-images/6d881780-d0e3-4171-a251-d8fb4a5beeff_a9130e05-c747-447d-b713-5fbd8c4f05c0.jpg/250x188.webp,4620,127.14057578222531,6642,165
407df1c1-13a2-41b2-8d9a-32fc739c412e,BMW,320,Berline,Dealer,2550,d,200000,09-2004,https://prod.pictures.autoscout24.net/listing-images/407df1c1-13a2-41b2-8d9a-32fc739c412e_7b371cc8-b028-4790-b2b1-1ef51e1a78d3.jpg/250x188.webp,1730,61.98157406185932,6672,374
3eced826-46e1-4b16-a369-b38401d4f541,BMW,318,Coupé,PrivateSeller,2600,b,210000,09-2001,https://prod.pictures.autoscout24.net/listing-images/3eced826-46e1-4b16-a369-b38401d4f541_5e2b4e01-0ee0-43f7-8638-142a77da8103.jpg/250x188.webp,9000,69.99787275902874,7768,79
267005fa-d51d-451c-91ba-7e9d97719e0f,BMW,316,Coupé,PrivateSeller,2600,b,173500,07-2000,https://prod.pictures.autoscout24.net/listing-images/267005fa-d51d-451c-91ba-7e9d97719e0f_89d93cbe-7230-4e32-b8ee-8ef1866febdb.jpg/250x188.webp,1000,69.17270624549755,8195,158
5c74b84c-3910-48b4-9ec8-66e1013edb67,BMW,320,Break,Dealer,2700,d,300000,11-2009,https://prod.pictures.autoscout24.net/listing-images/5c74b84c-3910-48b4-9ec8-66e1013edb67_ff5596de-7cc2-45e1-9f2b-b4cdf51dab46.jpg/250x188.webp,9940,62.66558746753047,4785,17
4fe537e9-041b-4dc0-be85-11954d6fc012,BMW,320,Andere,PrivateSeller,2700,d,280000,11-2005,https://prod.pictures.autoscout24.net/listing-images/4fe537e9-041b-4dc0-be85-11954d6fc012_4deaa6d5-ab78-4c6f-a167-8b91529a675c.jpg/250x188.webp,6000,117.49014599385939,6246,32
6e3897c8-a221-4ed8-a28f-59cdd8da254a,BMW,318,Berline,PrivateSeller,2700,b,145000,01-1993,https://prod.pictures.autoscout24.net/listing-images/6e3897c8-a221-4ed8-a28f-59cdd8da254a_20ba13bb-68f5-4092-9c8d-508f92dd3f4b.jpg/250x188.webp,9000,69.99787275902874,10933,87
24ff0165-23af-4a4f-9477-9929785939b1,BMW,320,Break,PrivateSeller,2700,d,270000,08-2002,https://prod.pictures.autoscout24.net/listing-images/24ff0165-23af-4a4f-9477-9929785939b1_b7135f56-4002-4c6e-9f17-cb446880a1f9.jpg/250x188.webp,6000,117.49014599385939,7434,110
9f728f84-a2b1-4f36-8291-80aec9345e21,BMW,525,Berline,Dealer,2750,d,388000,05-2004,https://prod.pictures.autoscout24.net/listing-images/9f728f84-a2b1-4f36-8291-80aec9345e21_f0fdb99f-292a-4dfc-afec-1950e771655c.jpg/250x188.webp,2160,29.52364933489528,6795,5
91e4625d-e906-413d-8473-02b276eef44f,BMW,318,Break,Dealer,2750,d,267000,10-2007,https://prod.pictures.autoscout24.net/listing-images/91e4625d-e906-413d-8473-02b276eef44f_ebf947a4-8ea5-4868-93ed-c441044b0d7d.jpg/250x188.webp,1840,54.29299877782283,5547,40
d2fba415-dd56-44f9-b193-80a31a7a4621,BMW,316,Coupé,PrivateSeller,2790,b,136000,11-1997,https://prod.pictures.autoscout24.net/listing-images/d2fba415-dd56-44f9-b193-80a31a7a4621_3d4b17db-99e1-49c8-83f8-67a3a6e0eded.jpg/250x188.webp,1980,56.21438376025373,9168,70
68d66ade-88bc-4441-9762-6861f75beb8c,BMW,318,Break,PrivateSeller,2800,d,235000,08-1998,https://prod.pictures.autoscout24.net/listing-images/68d66ade-88bc-4441-9762-6861f75beb8c_c202578d-c6a3-4983-914e-e16300abcb31.jpg/250x188.webp,5380,108.37160364426639,8895,32
d9ed12c4-1408-4e1a-a77a-03bc0d259514,BMW,118,Berline,Dealer,2850,d,325000,06-2006,https://prod.pictures.autoscout24.net/listing-images/d9ed12c4-1408-4e1a-a77a-03bc0d259514_1b40eb22-9f26-42b4-ab76-932da5a749fc.jpg/250x188.webp,5020,112.56317852994579,6034,30
4ab8c7e5-eb6e-4320-87e9-df69cfee687e,BMW,316,Berline,PrivateSeller,2890,b,225000,10-2004,https://prod.pictures.autoscout24.net/listing-images/4ab8c7e5-eb6e-4320-87e9-df69cfee687e_00c55130-8a25-4faa-8722-467d064649a3.jpg/250x188.webp,7900,110.46445552101486,6642,5
5040e81f-c79b-436f-bac7-ce92e95c07cc,BMW,318,Break,PrivateSeller,2950,d,290000,09-2005,https://prod.pictures.autoscout24.net/listing-images/5040e81f-c79b-436f-bac7-ce92e95c07cc_23b79eb0-72e3-4d62-ba98-5754daa3ac07.jpg/250x188.webp,1315,85.40551029135231,6307,9
c951f78c-84d8-47bd-9230-fc11c169d1f0,BMW,520,Break,PrivateSeller,2950,d,359000,04-2006,https://prod.pictures.autoscout24.net/listing-images/c951f78c-84d8-47bd-9230-fc11c169d1f0_52237bcf-bf30-4e73-9cff-2d5ba2994ef7.jpg/250x188.webp,7330,122.18539886887184,6095,8
d29c933b-f374-4ed6-a66f-c52922dd6520,BMW,316,Berline,Dealer,2950,b,246866,04-1996,https://prod.pictures.autoscout24.net/listing-images/d29c933b-f374-4ed6-a66f-c52922dd6520_0dac1af1-96ac-4fff-9764-e2ca7efa148d.jpg/250x188.webp,8700,90.43310642675891,9747,13
a4a6edb0-36d2-40ed-bdd0-169aa3bb0161,BMW,318,Break,Dealer,2950,d,258000,06-2007,https://prod.pictures.autoscout24.net/listing-images/a4a6edb0-36d2-40ed-bdd0-169aa3bb0161_672b8ebb-bd39-494d-9ad9-a1002e76e1f6.jpg/250x188.webp,1700,70.90697373704198,5669,14
ba74d1af-d7b4-4982-bab7-6c2492341578,BMW,316,Berline,Dealer,2990,b,186700,10-2003,https://prod.pictures.autoscout24.net/listing-images/ba74d1af-d7b4-4982-bab7-6c2492341578_a88a4f5b-13b7-4a76-9f54-949219c27b08.jpg/250x188.webp,4020,121.60247278825214,7008,1
ecd0b182-c080-454b-87e6-9af8acc9c13c,BMW,730,Berline,Dealer,2999,b,284000,06-2003,https://prod.pictures.autoscout24.net/listing-images/ecd0b182-c080-454b-87e6-9af8acc9c13c_1ec5903d-355b-4685-a74a-e265bfd68ef9.jpg/250x188.webp,1703,72.53884447632319,7130,0
fb67fc77-a9ec-478e-8447-fdfa6fa9586f,BMW,118,Berline,Dealer,2999,d,249879,02-2006,https://prod.pictures.autoscout24.net/listing-images/fb67fc77-a9ec-478e-8447-fdfa6fa9586f_76148a59-ae14-44cd-8f99-4ef3854f3129.jpg/250x188.webp,7301,123.56105896109892,6154,30
64fd2caa-b44a-43ed-97dd-f5db9074294c,BMW,118,Berline,Dealer,3000,d,245000,09-2008,https://prod.pictures.autoscout24.net/listing-images/64fd2caa-b44a-43ed-97dd-f5db9074294c_a444ea7d-e2ca-414a-bc9f-2630eed836c9.jpg/250x188.webp,1700,70.90697373704198,5211,3
94aec912-b2f9-4675-b6eb-494b4cfa05f3,BMW,320,Berline,PrivateSeller,3000,d,285000,12-2005,https://prod.pictures.autoscout24.net/listing-images/94aec912-b2f9-4675-b6eb-494b4cfa05f3_add6b1aa-d2ab-466a-b407-84d364043e19.jpg/250x188.webp,6030,118.28038734858286,6216,7
9ceab5df-d075-423e-9b5d-6756438dfb4a,BMW,316,Berline,PrivateSeller,3000,b,184000,03-2003,https://prod.pictures.autoscout24.net/listing-images/9ceab5df-d075-423e-9b5d-6756438dfb4a_a48aba4e-7e7b-49eb-865e-0300b269102d.jpg/250x188.webp,6000,117.49014599385939,7222,11
ed403805-c705-4694-9c46-6bc547ae9ef2,BMW,520,Break,Dealer,3000,d,320000,08-2008,https://prod.pictures.autoscout24.net/listing-images/ed403805-c705-4694-9c46-6bc547ae9ef2_98765fc2-dc51-46f3-935e-e5624c509bb2.jpg/250x188.webp,9860,75.70525305366282,5242,16
d9b97be6-6254-4f61-b66f-b14405298acf,BMW,318,Break,PrivateSeller,3000,d,333000,11-2003,https://prod.pictures.autoscout24.net/listing-images/d9b97be6-6254-4f61-b66f-b14405298acf_519238bb-6f17-465c-97f9-b6a2a7badb0e.jpg/250x188.webp,8940,122.67454531275294,6977,23
e1e8225e-d0f6-40af-b504-6ff7333eced4,BMW,116,Berline,PrivateSeller,3000,d,218000,09-2010,https://prod.pictures.autoscout24.net/listing-images/e1e8225e-d0f6-40af-b504-6ff7333eced4_958011a9-61e3-4f45-a0e4-c86d0439912a.jpg/250x188.webp,1410,83.89428081314767,4481,31
9255e7e8-5156-4b41-9a6f-3d564cb0bdd6,BMW,320,Berline,PrivateSeller,3000,b,273000,04-2002,https://prod.pictures.autoscout24.net/listing-images/9255e7e8-5156-4b41-9a6f-3d564cb0bdd6_d0c1a13f-acaf-4f91-8abe-f0aa5334db4e.jpg/250x188.webp,8851,101.77599616070371,7556,37
7ab823d2-38d1-4b58-be1b-5c88f20ea5a9,BMW,116,Berline,Dealer,3000,b,197450,08-2005,https://prod.pictures.autoscout24.net/listing-images/7ab823d2-38d1-4b58-be1b-5c88f20ea5a9_cb1c2863-16a0-4948-ae8e-e2522b2f671a.jpg/250x188.webp,3020,64.4845066062384,6338,45
8770c52b-c094-4a6c-b6c3-f475807e676f,BMW,316,Berline,PrivateSeller,3000,b,144000,10-2004,https://prod.pictures.autoscout24.net/listing-images/8770c52b-c094-4a6c-b6c3-f475807e676f_657c1ffc-4d5f-4e0a-ae04-86c104d15e15.jpg/250x188.webp,1000,69.17270624549755,6642,48
edf30336-82b2-4010-a67e-369f787d3b1a,BMW,320,Break,PrivateSeller,3000,d,268000,02-2008,https://prod.pictures.autoscout24.net/listing-images/edf30336-82b2-4010-a67e-369f787d3b1a_1105d16e-9bf7-4e7c-a3c8-d84bcc416893.jpg/250x188.webp,6700,222.44484417522085,5424,54
4052b1da-8908-4057-9e4c-9ee31ee0356f,BMW,520,Berline,PrivateSeller,3000,b,187000,05-1999,https://prod.pictures.autoscout24.net/listing-images/4052b1da-8908-4057-9e4c-9ee31ee0356f_062c1489-10b1-4e0a-b58c-c18e64430c80.jpg/250x188.webp,8710,99.69669111251099,8622,68
9a94184c-87c1-4adf-b247-66d80a01e759,BMW,320,Berline,PrivateSeller,3000,d,300,04-2004,https://prod.pictures.autoscout24.net/listing-images/9a94184c-87c1-4adf-b247-66d80a01e759_0dda7aa0-8a1d-4a71-98f5-ad9084a24da8.jpg/250x188.webp,4600,117.87746038285867,6825,113
10564982-e3e8-452a-b2c0-ec6f1f27511d,BMW,520,Berline,PrivateSeller,3000,b,240000,11-2001,https://prod.pictures.autoscout24.net/listing-images/10564982-e3e8-452a-b2c0-ec6f1f27511d_c47e6138-3cdc-41b2-af0f-f30fa0cf8629.jpg/250x188.webp,3590,90.88915689240717,7707,116
dc8a1fd0-9033-49bd-a1d5-b7f1f0d1e8dd,BMW,320,Berline,PrivateSeller,3000,d,290,04-2004,https://prod.pictures.autoscout24.net/listing-images/dc8a1fd0-9033-49bd-a1d5-b7f1f0d1e8dd_76b4142b-b091-4345-8e81-d64330a7ca08.jpg/250x188.webp,4600,117.87746038285867,6825,120
a9dee06b-f6af-49bd-88b1-0b1599416918,BMW,730,Berline,PrivateSeller,3100,d,250000,12-2003,https://prod.pictures.autoscout24.net/listing-images/a9dee06b-f6af-49bd-88b1-0b1599416918_6e5f54bd-1e90-4782-9c7f-86028e822dad.jpg/250x188.webp,7060,102.95472204892502,6947,15
244df028-deb0-4076-9b76-80ce3acbf142,BMW,520,Break,Dealer,3190,d,208410,03-2008,https://prod.pictures.autoscout24.net/listing-images/244df028-deb0-4076-9b76-80ce3acbf142_daae5db6-6b1d-4dd8-ab75-fe6e04f98464.jpg/250x188.webp,6970,169.87153563896285,5395,99
12526f0b-15aa-48c8-9e6c-3f2d51f53cbf,BMW,320,Break,PrivateSeller,3200,d,183000,11-2000,https://prod.pictures.autoscout24.net/listing-images/12526f0b-15aa-48c8-9e6c-3f2d51f53cbf_4affdc54-11b8-40f2-adcb-d4113a62c8bb.jpg/250x188.webp,8520,107.45339579517565,8072,23
9854d29f-abe1-40be-be3d-0e6758b2b6be,BMW,520,Break,PrivateSeller,3200,d,220000,08-2007,https://prod.pictures.autoscout24.net/listing-images/9854d29f-abe1-40be-be3d-0e6758b2b6be_f2a65265-9a18-4a4f-b279-6f50fdb81e8a.jpg/250x188.webp,4680,117.16819648416717,5608,76
176f48c0-f222-4a54-afc9-aaf965d2eca8,BMW,316,Berline,PrivateSeller,3200,b,221134,04-2003,https://prod.pictures.autoscout24.net/listing-images/176f48c0-f222-4a54-afc9-aaf965d2eca8_ed320585-892e-4784-a92f-b0c71a8a9e48.jpg/250x188.webp,9310,64.35619163316322,7191,106
1f06b49d-f917-4a8b-8455-b87198e71569,BMW,320,Break,PrivateSeller,3200,d,280500,08-2007,https://prod.pictures.autoscout24.net/listing-images/1f06b49d-f917-4a8b-8455-b87198e71569_8bc29867-9221-42e1-b00e-a036f35d7aec.jpg/250x188.webp,8552,107.89588625429376,5608,145
bddf1615-547e-48a9-ad03-ebf325d09677,BMW,320,Berline,Dealer,3250,d,305691,11-2006,https://prod.pictures.autoscout24.net/listing-images/bddf1615-547e-48a9-ad03-ebf325d09677_756a535c-ef55-4c8c-90cb-830fd5f5b3c4.jpg/250x188.webp,6031,117.04479587125066,5881,2
bc45c49d-aec9-4bdb-bec3-db1b46831abe,BMW,116,Berline,Dealer,3250,b,120000,09-2009,https://prod.pictures.autoscout24.net/listing-images/bc45c49d-aec9-4bdb-bec3-db1b46831abe_61a58767-322f-4410-be6a-f6139d9ff64f.jpg/250x188.webp,5140,104.85389989976589,4846,36
f091e095-8315-40e4-8a30-e44457caa122,BMW,316,Berline,PrivateSeller,3250,b,190000,03-2003,https://prod.pictures.autoscout24.net/listing-images/f091e095-8315-40e4-8a30-e44457caa122_193c6b5d-0440-44db-b93e-86ce55aaebf5.jpg/250x188.webp,1030,66.85598932704684,7222,84
d3027574-87d6-408c-a585-6f5c2302aa10,BMW,118,Berline,PrivateSeller,3299,d,188000,08-2005,https://prod.pictures.autoscout24.net/listing-images/d3027574-87d6-408c-a585-6f5c2302aa10_767df369-19e5-4d83-84b2-db1905b1e9ad.jpg/250x188.webp,3000,67.38410339411878,6338,45
ca0ad31e-22de-4d6f-9b9e-4b9206bf76cc,BMW,118,Berline,Dealer,3300,d,300000,03-2007,https://prod.pictures.autoscout24.net/listing-images/ca0ad31e-22de-4d6f-9b9e-4b9206bf76cc_9b62d775-9f1f-4748-b6bc-9c3fd7a29dd3.jpg/250x188.webp,2660,33.51153490320288,5761,0
e9c4e2f7-39ce-4bff-8c47-87d4b7be6839,BMW,118,Berline,PrivateSeller,3300,d,232000,02-2007,https://prod.pictures.autoscout24.net/listing-images/e9c4e2f7-39ce-4bff-8c47-87d4b7be6839_91015115-cde6-4056-afb0-ce51d4ebeb86.jpg/250x188.webp,7700,118.9523807230755,5789,85
e5fc2c01-c37d-46a9-9765-1a3c4e07e807,BMW,525,Break,PrivateSeller,3300,d,343000,07-2005,https://prod.pictures.autoscout24.net/listing-images/e5fc2c01-c37d-46a9-9765-1a3c4e07e807_5c0ce700-936a-4f58-8611-c7f18348206c.jpg/250x188.webp,1000,69.17270624549755,6369,95
069ec91f-53d1-4d02-a277-b20ffddbee3f,BMW,745,Berline,Dealer,3350,b,364000,03-2002,https://prod.pictures.autoscout24.net/listing-images/069ec91f-53d1-4d02-a277-b20ffddbee3f_149cad54-8f14-4bde-ac3e-f3e5de25a65a.jpg/250x188.webp,1400,97.35176357549375,7587,188
c30d8195-9422-4cb4-b42d-b334e7af4951,BMW,116,Berline,Dealer,3400,d,231000,02-2011,https://prod.pictures.autoscout24.net/listing-images/c30d8195-9422-4cb4-b42d-b334e7af4951_4b696e29-999b-4e9b-b07a-690cceeafc06.jpg/250x188.webp,1730,61.98157406185932,4328,2
211d6fc3-bf73-4911-a756-b69dd82cfe38,BMW,530,Berline,PrivateSeller,3450,b,273500,02-2003,https://prod.pictures.autoscout24.net/listing-images/211d6fc3-bf73-4911-a756-b69dd82cfe38_4842563b-ad73-40d1-bac9-5fae88a7c6f7.jpg/250x188.webp,2960,17.223668147311386,7250,102
b30c0635-28ce-4917-b29b-0f1f52f1985f,BMW,520,Break,Dealer,3450,d,350554,12-2005,https://prod.pictures.autoscout24.net/listing-images/b30c0635-28ce-4917-b29b-0f1f52f1985f_002a1272-dc84-4072-8cd2-077bdcac7f3a.jpg/250x188.webp,6031,117.04479587125066,6216,130
a36936e3-6cbc-4a90-ae6e-f6537b7ef162,BMW,118,Coupé,PrivateSeller,3456,d,180000,01-2011,https://prod.pictures.autoscout24.net/listing-images/a36936e3-6cbc-4a90-ae6e-f6537b7ef162_d3902092-108f-4843-ac97-2673e9fd273c.jpg/250x188.webp,7140,113.71473442928021,4359,164
36cca925-99c7-4cee-9dd3-69317a6cccf3,BMW,318,Coupé,Dealer,3490,b,230000,07-2003,https://prod.pictures.autoscout24.net/listing-images/36cca925-99c7-4cee-9dd3-69317a6cccf3_ab615104-7527-4e22-9277-b40f151ff243.jpg/250x188.webp,4020,121.60247278825214,7100,1
a683b866-40a6-485c-bb8a-17a272727fb0,BMW,318,Break,Dealer,3499,d,248000,06-2009,https://prod.pictures.autoscout24.net/listing-images/a683b866-40a6-485c-bb8a-17a272727fb0_6afb1cd0-ce8f-4900-b825-0a4c77ca10f3.jpg/250x188.webp,2100,27.421552979694752,4938,1
b7a69a93-8ee6-42ab-a0f3-1b68be958610,BMW,318,Berline,PrivateSeller,3499,b,103000,02-1994,https://prod.pictures.autoscout24.net/listing-images/b7a69a93-8ee6-42ab-a0f3-1b68be958610_067195f4-f8ea-4efa-b1e0-64eb307e465e.jpg/250x188.webp,3620,104.36478822085542,10537,5
93d9124b-4d09-4319-a79d-0278c9a9e75a,BMW,325,Break,Dealer,3499,b,274000,09-2006,https://prod.pictures.autoscout24.net/listing-images/93d9124b-4d09-4319-a79d-0278c9a9e75a_32b1389b-0f84-4105-9cac-4e21d333c249.jpg/250x188.webp,6030,118.28038734858286,5942,155
50783849-5dc8-40e2-9b14-7f1b25e1996e,BMW,318,Berline,PrivateSeller,3500,b,118000,10-1994,https://prod.pictures.autoscout24.net/listing-images/50783849-5dc8-40e2-9b14-7f1b25e1996e_10e6f4dd-20cc-48fd-a551-59fc66b1758c.jpg/250x188.webp,1420,87.49639779077864,10295,4
cf87930a-d1a9-403c-96ce-e8abb24a650b,BMW,316,Berline,Dealer,3500,b,176000,02-2002,https://prod.pictures.autoscout24.net/listing-images/cf87930a-d1a9-403c-96ce-e8abb24a650b_6ce4d0b8-3ba2-473f-a79c-6d64e2a093df.jpg/250x188.webp,1760,76.61048840680004,7615,8
e867b6fe-ded2-404b-8777-4cf447cbd497,BMW,318,Cabriolet,PrivateSeller,3500,b,260000,08-2005,https://prod.pictures.autoscout24.net/listing-images/e867b6fe-ded2-404b-8777-4cf447cbd497_552d1e3f-8549-43eb-932c-d0ffe644ce3d.jpg/250x188.webp,3583,68.26790787613984,6338,14
450fa5da-b20e-4a48-9274-823930e2196f,BMW,316,Berline,PrivateSeller,3500,b,99950,01-2001,https://prod.pictures.autoscout24.net/listing-images/450fa5da-b20e-4a48-9274-823930e2196f_42012b9a-3371-4f24-a5ac-707db75ca081.jpg/250x188.webp,5101,117.51544379877458,8011,27
dbddde05-195d-49b2-ba3f-b97e9f49deb9,BMW,320,Coupé,PrivateSeller,3500,d,385450,03-2003,https://prod.pictures.autoscout24.net/listing-images/dbddde05-195d-49b2-ba3f-b97e9f49deb9_2a9c2ff4-0f1b-431d-8980-bd58ee1d8063.jpg/250x188.webp,5170,123.91459628158174,7222,27
49794a53-e3b6-4ed2-b375-770853143bf5,BMW,318,Break,PrivateSeller,3500,d,390000,04-2009,https://prod.pictures.autoscout24.net/listing-images/49794a53-e3b6-4ed2-b375-770853143bf5_d31e7c5f-d503-48d8-9fa3-2f870c7f3fbe.jpg/250x188.webp,3583,68.26790787613984,4999,32
174a4c95-41dd-4137-8d11-d9407845ed18,BMW,318,Cabriolet,PrivateSeller,3500,b,181588,03-1997,https://prod.pictures.autoscout24.net/listing-images/174a4c95-41dd-4137-8d11-d9407845ed18_6b4b7c85-be17-458c-b49b-7692cb80a387.jpg/250x188.webp,4432,111.15678224769336,9413,34
49104960-1976-40e9-a34e-0a8b6cc9cdd5,BMW,X3,Andere,PrivateSeller,3500,d,350000,11-2005,https://prod.pictures.autoscout24.net/listing-images/49104960-1976-40e9-a34e-0a8b6cc9cdd5_68534858-a41c-4ca7-bdd7-b14aa903bcbd.jpg/250x188.webp,1490,93.00820810919008,6246,37
3305961f-ba8a-4019-9a8b-a5622c3c4eb6,BMW,325,Break,PrivateSeller,3500,b,325000,01-2001,https://prod.pictures.autoscout24.net/listing-images/3305961f-ba8a-4019-9a8b-a5622c3c4eb6_6b7a7801-487e-4889-9db5-abca93751c10.jpg/250x188.webp,1140,66.17447866127165,8011,55
d2775f3f-44e1-45b9-bfc7-b72b8a934485,BMW,318,Break,PrivateSeller,3500,d,310000,09-2007,https://prod.pictures.autoscout24.net/listing-images/d2775f3f-44e1-45b9-bfc7-b72b8a934485_22dba5d3-4509-4a6e-a39b-30f407e88283.jpg/250x188.webp,6600,187.94933034168892,5577,97
9cdb4424-4c10-4968-890d-413a98075174,BMW,316,Berline,PrivateSeller,3500,b,169000,12-2004,https://prod.pictures.autoscout24.net/listing-images/9cdb4424-4c10-4968-890d-413a98075174_c89f82e9-0bb7-4a65-8133-338777b55fc2.jpg/250x188.webp,1702,68.0347546976377,6581,120
819ef1fa-a119-453c-bd89-9a79a89fb25b,BMW,116,Andere,PrivateSeller,3500,b,207000,01-2006,https://prod.pictures.autoscout24.net/listing-images/819ef1fa-a119-453c-bd89-9a79a89fb25b_04a8358d-6c54-4a4a-a5e3-a11bcae1bb1c.jpg/250x188.webp,6020,116.87427855072593,6185,141
a7c5e368-03f5-4275-a590-71089c92e298,BMW,520,Berline,PrivateSeller,3500,b,240778,01-1989,https://prod.pictures.autoscout24.net/listing-images/a7c5e368-03f5-4275-a590-71089c92e298_a8a2b7e9-c0fb-4229-bdbf-9f5cf7b285e0.jpg/250x188.webp,3221,62.931511204304826,12394,156
b3d7c092-6281-49a8-8a99-2c8de26ac4f5,BMW,520,Berline,PrivateSeller,3500,d,300000,12-2006,https://prod.pictures.autoscout24.net/listing-images/b3d7c092-6281-49a8-8a99-2c8de26ac4f5_993c8325-7d0e-40a8-b4fa-3d15eab75d03.jpg/250x188.webp,2850,42.29864607065253,5851,170
08599ebd-b1da-475b-a2a8-a99623363fb3,BMW,116,Berline,PrivateSeller,3500,d,290000,11-2010,https://prod.pictures.autoscout24.net/listing-images/08599ebd-b1da-475b-a2a8-a99623363fb3_a523076b-a82e-4858-95a1-4cf8c62efe3f.jpg/250x188.webp,3600,91.05707630102727,4420,173
f26bef77-65c7-4e14-9599-4fbb9f03c8a5,BMW,120,Berline,PrivateSeller,3600,d,369000,05-2006,https://prod.pictures.autoscout24.net/listing-images/f26bef77-65c7-4e14-9599-4fbb9f03c8a5_93a38d73-3b65-4e6b-a667-3ca29bce580c.jpg/250x188.webp,2830,45.04397020411872,6065,4
23f4eb3d-eddb-4fc2-8745-05d79f62beaa,BMW,116,Berline,PrivateSeller,3600,b,200010,07-2005,https://prod.pictures.autoscout24.net/listing-images/23f4eb3d-eddb-4fc2-8745-05d79f62beaa_ebbb2cdb-1c50-4766-9e34-4fab207d7097.jpg/250x188.webp,6042,115.26230394846887,6369,11
06033aa0-de0a-42d9-87fe-c88572c3761d,BMW,118,Berline,Dealer,3600,d,199987,11-2007,https://prod.pictures.autoscout24.net/listing-images/06033aa0-de0a-42d9-87fe-c88572c3761d_0e9351ce-595b-4309-b740-2643374ba287.jpg/250x188.webp,3020,64.4845066062384,5516,15
7431e05f-df3b-4eae-9cf2-3d6dddf89ce6,BMW,320,Break,PrivateSeller,3600,d,252870,06-2005,https://prod.pictures.autoscout24.net/listing-images/7431e05f-df3b-4eae-9cf2-3d6dddf89ce6_8794f976-cde3-4314-bd17-df69d519e2ac.jpg/250x188.webp,2811,50.167122221070485,6399,127
045518d3-e949-46b4-9059-f7aa906e622f,BMW,118,Berline,PrivateSeller,3650,d,193000,10-2008,https://prod.pictures.autoscout24.net/listing-images/045518d3-e949-46b4-9059-f7aa906e622f_9595708f-dd37-43c9-805a-c8e6570482c4.jpg/250x188.webp,3800,90.52950000718796,5181,19
b57351c7-6734-48a4-9ebc-a782ad2d4048,BMW,118,Berline,PrivateSeller,3650,d,193000,07-2008,https://prod.pictures.autoscout24.net/listing-images/b57351c7-6734-48a4-9ebc-a782ad2d4048_2187c189-1fcb-466b-8334-ce9cc6348eee.jpg/250x188.webp,3800,90.52950000718796,5273,24
c29480fc-4ed6-44f8-a83a-f4c87065bbbe,BMW,X3,Andere,PrivateSeller,3650,d,350000,11-2005,https://prod.pictures.autoscout24.net/listing-images/c29480fc-4ed6-44f8-a83a-f4c87065bbbe_575c5cd4-2419-4cb9-a427-49327de10f65.jpg/250x188.webp,1490,93.00820810919008,6246,37
f33ef080-4f85-41f0-a884-93c1687d245b,BMW,316,Andere,PrivateSeller,3700,b,220000,08-2004,https://prod.pictures.autoscout24.net/listing-images/f33ef080-4f85-41f0-a884-93c1687d245b_b88ebd3a-7343-4d16-8cb7-63ee0275fc07.jpg/250x188.webp,2450,56.473188254834646,6703,40
8d76f66b-3648-40db-81fc-cdcca496fdaa,BMW,530,Berline,PrivateSeller,3700,d,260000,01-2004,https://prod.pictures.autoscout24.net/listing-images/8d76f66b-3648-40db-81fc-cdcca496fdaa_e179f9dc-2978-410f-a888-f4cf4dd425bb.jpg/250x188.webp,3920,64.30712183830964,6916,141
e7011bbf-7b3c-4c5c-b5e0-6d9e9471f4aa,BMW,118,Berline,PrivateSeller,3700,d,280000,05-2010,https://prod.pictures.autoscout24.net/listing-images/e7011bbf-7b3c-4c5c-b5e0-6d9e9471f4aa_7062a35a-aa96-4347-a5be-998da4efea65.jpg/250x188.webp,2340,29.26614947790753,4604,172
a3d75331-4db8-4664-aed7-99a235c492fb,BMW,328,Coupé,Dealer,3750,b,283000,11-1999,https://prod.pictures.autoscout24.net/listing-images/a3d75331-4db8-4664-aed7-99a235c492fb_b1aad7be-7c12-461a-89a6-e5a28f509b81.jpg/250x188.webp,1400,97.35176357549375,8438,14
5f54cf49-2161-4709-9799-a67dbec386d2,BMW,318,Berline,Dealer,3750,d,132814,11-2003,https://prod.pictures.autoscout24.net/listing-images/5f54cf49-2161-4709-9799-a67dbec386d2_9ddeb60c-deb3-40d6-bae1-c47d5423c07e.jpg/250x188.webp,2382,39.86743595258549,6977,14
68c0f68d-3aca-40e2-bc66-eabbe262b056,BMW,316,Berline,PrivateSeller,3750,b,194645,07-1994,https://prod.pictures.autoscout24.net/listing-images/68c0f68d-3aca-40e2-bc66-eabbe262b056_e99af704-b6ec-4963-9d4d-1b0a678a5ee2.jpg/250x188.webp,1932,66.67198913187099,10387,19
b6507702-5394-459a-9b42-8bdf5df37691,BMW,525,Berline,PrivateSeller,3800,d,500000,12-2008,https://prod.pictures.autoscout24.net/listing-images/b6507702-5394-459a-9b42-8bdf5df37691_ea44dce1-a0d8-46cb-b138-f79a8ff13851.jpg/250x188.webp,4651,131.35282163921022,5120,1
c5d67f80-a7ef-4158-92ea-cf5e831d7eb5,BMW,116,Berline,PrivateSeller,3800,d,321000,11-2011,https://prod.pictures.autoscout24.net/listing-images/c5d67f80-a7ef-4158-92ea-cf5e831d7eb5_db7f3e58-01a6-49c5-afe0-5ec6443d29cf.jpg/250x188.webp,4870,132.16958353322565,4055,27
9bb52a80-b9ad-47b6-9cdc-51dc89824d91,BMW,730,Berline,PrivateSeller,3800,d,320000,02-2005,https://prod.pictures.autoscout24.net/listing-images/9bb52a80-b9ad-47b6-9cdc-51dc89824d91_2a00ebef-2a0a-4b48-853a-5703c74bfe1d.jpg/250x188.webp,7130,117.49117131592739,6519,31
5148b2b7-a02e-4d53-bf84-fc2127d2e83e,BMW,320,Berline,PrivateSeller,3800,b,240000,10-2005,https://prod.pictures.autoscout24.net/listing-images/5148b2b7-a02e-4d53-bf84-fc2127d2e83e_fdd4618c-4ebc-431c-9567-963cb344c10a.jpg/250x188.webp,8930,119.0088533447813,6277,32
e846be4a-fb87-47ac-b1e1-b6432c59ed2c,BMW,118,Berline,Dealer,3800,b,248748,06-2005,https://prod.pictures.autoscout24.net/listing-images/e846be4a-fb87-47ac-b1e1-b6432c59ed2c_f38066d9-bdc8-450e-a65d-cb9c1c3f7382.jpg/250x188.webp,1310,81.95917189034911,6399,134
315093de-d7ae-497c-a8f1-14fc6925cb8b,BMW,525,Break,PrivateSeller,3800,b,276500,07-2007,https://prod.pictures.autoscout24.net/listing-images/315093de-d7ae-497c-a8f1-14fc6925cb8b_fd0201df-935e-480d-8cf9-4ebbcc6aad8f.jpg/250x188.webp,1040,70.85448790939559,5639,147
cab591f1-6d73-469c-b963-fc7b2ec5c738,BMW,520,Berline,Dealer,3850,d,393404,02-2007,https://prod.pictures.autoscout24.net/listing-images/cab591f1-6d73-469c-b963-fc7b2ec5c738_83915d58-6a08-42ba-ae8b-647530816db0.jpg/250x188.webp,2382,39.86743595258549,5789,9
d864872e-cb0d-4c98-b96e-976dff4fdeb7,BMW,318,Berline,PrivateSeller,3850,d,270000,07-2006,https://prod.pictures.autoscout24.net/listing-images/d864872e-cb0d-4c98-b96e-976dff4fdeb7_41fc3056-e7b0-4d3c-88dc-9dbea11df9e7.jpg/250x188.webp,6060,116.023023143389,6004,12
23498d3d-8f05-4353-92e9-00c8e173918b,BMW,116,Berline,PrivateSeller,3900,b,220000,05-2005,https://prod.pictures.autoscout24.net/listing-images/23498d3d-8f05-4353-92e9-00c8e173918b_943b8b0f-64c7-4442-a118-497d30d061f9.jpg/250x188.webp,1060,71.73094529250689,6430,29
e94f19ed-bc25-49cd-8ca8-c5d21d819fcd,BMW,320,Berline,PrivateSeller,3900,b,104000,05-1991,https://prod.pictures.autoscout24.net/listing-images/e94f19ed-bc25-49cd-8ca8-c5d21d819fcd_2d7af9f7-6085-4ed8-b1b9-4d5c281b6341.jpg/250x188.webp,1140,66.17447866127165,11544,84
6a0e64c8-8967-4d16-ab66-905d8bf4fee8,BMW,320,Berline,PrivateSeller,3900,b,104000,05-1991,https://prod.pictures.autoscout24.net/listing-images/6a0e64c8-8967-4d16-ab66-905d8bf4fee8_27038496-6dbe-4de8-b2b2-5f1d0befffb6.jpg/250x188.webp,1140,66.17447866127165,11544,84
e7c88ba0-b2dd-4e24-b2d9-445eb92ed007,BMW,328,Berline,PrivateSeller,3900,b,240000,06-2000,https://prod.pictures.autoscout24.net/listing-images/e7c88ba0-b2dd-4e24-b2d9-445eb92ed007_6d100590-cd0d-4669-b0d7-fb36a8050d82.jpg/250x188.webp,1830,61.99821855231934,8225,122
f2f0b32d-1f21-47e6-a5e2-c373b7143378,BMW,318,Break,PrivateSeller,3900,d,225000,11-2008,https://prod.pictures.autoscout24.net/listing-images/f2f0b32d-1f21-47e6-a5e2-c373b7143378_21d16296-7549-4052-8d92-ed409902e5d7.jpg/250x188.webp,8000,90.37195651627515,5150,166
9f226fcd-2c8d-447c-a930-0618388f8286,BMW,530,Berline,Dealer,3900,d,376000,09-2002,https://prod.pictures.autoscout24.net/listing-images/9f226fcd-2c8d-447c-a930-0618388f8286_dfa264a3-1c6f-45e4-a963-35252f20a25b.jpg/250x188.webp,3700,103.11033326257076,7403,412
57a627b6-9fcc-4441-a77a-e2002a14949f,BMW,118,Berline,Dealer,3950,d,260000,10-2006,https://prod.pictures.autoscout24.net/listing-images/57a627b6-9fcc-4441-a77a-e2002a14949f_dd9304a9-bbd0-420a-a0da-89202e4bdb27.jpg/250x188.webp,4520,112.57318942534252,5912,18
88445c76-9d44-4d6c-ab4e-4df687e2e2da,BMW,320,Cabriolet,PrivateSeller,3950,b,200000,06-2001,https://prod.pictures.autoscout24.net/listing-images/88445c76-9d44-4d6c-ab4e-4df687e2e2da_11f033b0-768e-43d0-b878-9841831be774.jpg/250x188.webp,1190,73.06612059240499,7860,19
2550aa80-8fcf-46ae-9b15-240948701a5a,BMW,316,Berline,PrivateSeller,3950,b,160000,06-1992,https://prod.pictures.autoscout24.net/listing-images/2550aa80-8fcf-46ae-9b15-240948701a5a_8425f92d-186d-4236-9810-d610ef217786.jpg/250x188.webp,2850,42.29864607065253,11147,110
dc088cf7-8f2e-4518-87a1-54b57f6c14f8,BMW,316,Coupé,PrivateSeller,3950,b,167000,09-1999,https://prod.pictures.autoscout24.net/listing-images/dc088cf7-8f2e-4518-87a1-54b57f6c14f8_fd82e5eb-1586-4848-a61e-a9012367f94e.jpg/250x188.webp,9400,81.6799978132908,8499,137
dfb4bff4-10bc-4ce3-b30f-ef85da0d25df,BMW,116,Berline,Dealer,3990,b,199000,07-2009,https://prod.pictures.autoscout24.net/listing-images/dfb4bff4-10bc-4ce3-b30f-ef85da0d25df_35ed23df-5d7d-4684-86f4-88746599181a.jpg/250x188.webp,7170,108.4792868516476,4908,7
09911d61-8b57-4fb6-b253-b9f1e049377e,BMW,316,Break,Dealer,3990,d,338694,04-2012,https://prod.pictures.autoscout24.net/listing-images/09911d61-8b57-4fb6-b253-b9f1e049377e_d99a639f-000d-4fba-a6f1-68edab5fce05.jpg/250x188.webp,6200,119.77990387531518,3903,13
0e77f742-3c02-447c-b852-b4473021f9a8,BMW,120,Andere,Dealer,3995,d,220000,12-2005,https://prod.pictures.autoscout24.net/listing-images/0e77f742-3c02-447c-b852-b4473021f9a8_61408f51-bc1e-4462-97dd-cef8d68c294f.jpg/250x188.webp,1933,67.42863651453277,6216,14
29e0552e-9498-4dbc-af5c-70ccbe90303d,BMW,118,Berline,Dealer,3999,d,215917,07-2010,https://prod.pictures.autoscout24.net/listing-images/29e0552e-9498-4dbc-af5c-70ccbe90303d_ca05d43e-e826-4125-a0fa-f79d58427ab9.jpg/250x188.webp,1820,61.11806276432271,4543,0
778f113e-3a5d-44d8-9e2d-6ac407099392,BMW,320,Break,Dealer,3999,d,298000,10-2007,https://prod.pictures.autoscout24.net/listing-images/778f113e-3a5d-44d8-9e2d-6ac407099392_6f3bf2b1-9ea5-47fe-ac64-2cfe9da9318f.jpg/250x188.webp,6030,118.28038734858286,5547,5
840f5db3-2b8e-44f7-9e6f-d9ad1cad18fe,BMW,116,Berline,PrivateSeller,3999,d,190000,06-2010,https://prod.pictures.autoscout24.net/listing-images/840f5db3-2b8e-44f7-9e6f-d9ad1cad18fe_3804948c-39ea-4e40-9331-460e9d878650.jpg/250x188.webp,9860,75.70525305366282,4573,26
f84a5b90-6006-4cbb-a92e-41f72cbc779f,BMW,320,Berline,PrivateSeller,4000,d,179000,10-2004,https://prod.pictures.autoscout24.net/listing-images/f84a5b90-6006-4cbb-a92e-41f72cbc779f_ce301f23-fd41-4738-9496-8faa860d3ffb.jpg/250x188.webp,8930,119.0088533447813,6642,0
043c8989-5beb-4183-a763-59304b8ef94a,BMW,118,Berline,PrivateSeller,4000,d,275700,08-2009,https://prod.pictures.autoscout24.net/listing-images/043c8989-5beb-4183-a763-59304b8ef94a_7e079c36-9e45-4320-b3a4-8e7588a770ba.jpg/250x188.webp,3001,68.9583124136067,4877,3
782823c7-f1f3-479a-a474-7c9cb9efcf49,BMW,118,Berline,PrivateSeller,4000,d,260000,12-2007,https://prod.pictures.autoscout24.net/listing-images/782823c7-f1f3-479a-a474-7c9cb9efcf49_2511090d-529f-4284-a774-dcb5910fb672.jpg/250x188.webp,1200,69.44150665917473,5486,14
daae450c-12db-4bdf-8b56-c48a0de87dca,BMW,318,Break,PrivateSeller,4000,d,269967,07-2008,https://prod.pictures.autoscout24.net/listing-images/daae450c-12db-4bdf-8b56-c48a0de87dca_7cdf277e-62e4-4ef7-bcd9-09804c828363.jpg/250x188.webp,8520,107.45339579517565,5273,18
4a84a2cc-e1a3-4e0e-a0bf-d961eda3b3fb,BMW,116,Berline,PrivateSeller,4000,b,220000,05-2005,https://prod.pictures.autoscout24.net/listing-images/4a84a2cc-e1a3-4e0e-a0bf-d961eda3b3fb_43cd58b3-4b20-4485-8f7a-dcb320f6a0bd.jpg/250x188.webp,1060,71.73094529250689,6430,20
8285350f-d3c8-442e-9bb0-37e5d1ee41b4,BMW,116,Berline,PrivateSeller,4000,d,208000,07-2009,https://prod.pictures.autoscout24.net/listing-images/8285350f-d3c8-442e-9bb0-37e5d1ee41b4_ba9356f8-10e1-4cd1-a334-92c296f7afb1.jpg/250x188.webp,4430,115.84778684140608,4908,24
91e93cba-6213-454d-bfe8-a444b505cb57,BMW,520,Break,PrivateSeller,4000,d,260582,11-2007,https://prod.pictures.autoscout24.net/listing-images/91e93cba-6213-454d-bfe8-a444b505cb57_305ea528-f9a3-4095-a735-77e815308858.jpg/250x188.webp,7331,118.21622192228163,5516,26
e4167ade-3386-4d4f-a9ad-afefdfe832dc,BMW,320,Break,PrivateSeller,4000,d,285000,11-2005,https://prod.pictures.autoscout24.net/listing-images/e4167ade-3386-4d4f-a9ad-afefdfe832dc_e9aa512e-9985-400b-a4e8-fd372c9a9cb9.jpg/250x188.webp,9051,74.62481593135362,6246,44
7a0a8d93-8c01-4e4d-adeb-2328c984e5ba,BMW,320,Berline,PrivateSeller,4000,b,217000,08-2001,https://prod.pictures.autoscout24.net/listing-images/7a0a8d93-8c01-4e4d-adeb-2328c984e5ba_26526b86-e5f2-4d16-8cdb-86164085768f.jpg/250x188.webp,7340,126.38155252550393,7799,106
71b56d90-d3f7-44eb-9ffa-a202cb576e61,BMW,525,Berline,PrivateSeller,4000,b,250000,05-1991,https://prod.pictures.autoscout24.net/listing-images/71b56d90-d3f7-44eb-9ffa-a202cb576e61_f5ea7091-b3dc-41ca-b746-060dfecb2b86.jpg/250x188.webp,3740,102.74515560675786,11544,167
f65cb475-e008-487b-9a15-5564dcce11b3,BMW,X3,SUV/4x4/Pick-up,PrivateSeller,4000,d,2900000,01-2004,https://prod.pictures.autoscout24.net/listing-images/f65cb475-e008-487b-9a15-5564dcce11b3_f070cc97-0d53-48c5-8a4d-18609fad9e4f.jpg/250x188.webp,3770,107.37770611416195,6916,119
e6709215-e761-4aeb-8a70-6d02bb95a7ad,BMW,318,Coupé,PrivateSeller,4000,b,170000,11-2002,https://prod.pictures.autoscout24.net/listing-images/e6709215-e761-4aeb-8a70-6d02bb95a7ad_7a1c6dfa-14be-4bae-bcfc-10c6ab2c7179.jpg/250x188.webp,5000,115.13665852422378,7342,143
de18cd54-bf79-4b93-8fee-9576ad8554fe,BMW,318,Berline,PrivateSeller,4000,b,170000,11-2002,https://prod.pictures.autoscout24.net/listing-images/de18cd54-bf79-4b93-8fee-9576ad8554fe_65a3eadf-aa23-47cd-ad24-d2088e87feda.jpg/250x188.webp,5000,115.13665852422378,7342,144
ca0c7598-ebdd-42b3-8c11-71ce0c3d2d4d,BMW,318,Berline,PrivateSeller,4000,b,170000,11-2002,https://prod.pictures.autoscout24.net/listing-images/ca0c7598-ebdd-42b3-8c11-71ce0c3d2d4d_27144642-26b0-4114-b296-3f56301dee36.jpg/250x188.webp,5000,115.13665852422378,7342,144
3795dab6-4b44-422a-b923-4adc53e967c4,BMW,316,Coupé,PrivateSeller,4000,b,55000,07-1999,https://prod.pictures.autoscout24.net/listing-images/3795dab6-4b44-422a-b923-4adc53e967c4_6d4cec99-c4d5-4ce3-bc37-e29d0f66c0a9.jpg/250x188.webp,9300,66.4098627619792,8561,155
020f4d35-8694-497a-9955-0f0c72bcc2fa,BMW,316,Coupé,PrivateSeller,4000,b,55000,08-1999,https://prod.pictures.autoscout24.net/listing-images/020f4d35-8694-497a-9955-0f0c72bcc2fa_142c995d-9a1f-4126-8a72-01f94cfae848.jpg/250x188.webp,9300,66.4098627619792,8530,157
6e365f51-8460-4675-914b-f35733b41138,BMW,316,Break,PrivateSeller,4000,b,238,06-2004,https://prod.pictures.autoscout24.net/listing-images/6e365f51-8460-4675-914b-f35733b41138_a80a6ec3-2f52-4283-9ac2-9e783bc03bdd.jpg/250x188.webp,2170,24.69103588100009,6764,172
b9d47453-55bb-4f4c-a652-312863d8e1d7,BMW,316,Break,PrivateSeller,4000,b,238,06-2004,https://prod.pictures.autoscout24.net/listing-images/b9d47453-55bb-4f4c-a652-312863d8e1d7_f75b525b-fd41-4a93-b224-7fae997b1c49.jpg/250x188.webp,2170,24.69103588100009,6764,172
55fc4d30-1382-4a0d-bd4c-998c0fcb0ac6,BMW,318,Break,PrivateSeller,4000,b,253620,11-2001,https://prod.pictures.autoscout24.net/listing-images/55fc4d30-1382-4a0d-bd4c-998c0fcb0ac6_8b068898-8cb6-4aa9-be13-6772caeb8bb4.jpg/250x188.webp,1070,71.06367211068877,7707,174
2395618e-0140-4a1a-9787-b21b46433be6,BMW,318,Berline,PrivateSeller,4100,b,269385,01-1995,https://prod.pictures.autoscout24.net/listing-images/2395618e-0140-4a1a-9787-b21b46433be6_a7f2f11f-159c-4546-93a4-47e951a34003.jpg/250x188.webp,6530,126.3001704706193,10203,22
7e88ebd8-bbf4-4030-b30b-4f5c8242e1e1,BMW,118,Berline,PrivateSeller,4200,d,142000,10-2006,https://prod.pictures.autoscout24.net/listing-images/7e88ebd8-bbf4-4030-b30b-4f5c8242e1e1_6ca89f4a-ee4e-4c60-8e97-aa6cf4928b95.jpg/250x188.webp,1800,60.05560122441548,5912,6
2c81d327-4ba7-4ffb-99ad-d59a4e551258,BMW,116,Berline,PrivateSeller,4200,b,197000,11-2005,https://prod.pictures.autoscout24.net/listing-images/2c81d327-4ba7-4ffb-99ad-d59a4e551258_4a510ec0-15ad-4f69-a426-9bd4ef65476f.jpg/250x188.webp,1030,66.85598932704684,6246,13
b908b67e-e27d-485a-888a-1e278d518b56,BMW,318,Break,PrivateSeller,4200,d,266000,12-2011,https://prod.pictures.autoscout24.net/listing-images/b908b67e-e27d-485a-888a-1e278d518b56_7919297e-8289-4795-a737-bd03a5e4c3ec.jpg/250x188.webp,1000,69.17270624549755,4025,18
911202d4-b053-4be4-8206-62522188b610,BMW,520,Berline,PrivateSeller,4200,d,300000,12-2005,https://prod.pictures.autoscout24.net/listing-images/911202d4-b053-4be4-8206-62522188b610_9d06051d-96a8-4dbe-9d48-2a03d1611157.jpg/250x188.webp,1030,66.85598932704684,6216,95
a700f3bb-3341-4670-81ee-9ebd4ee53e5e,BMW,114,Berline,Dealer,4250,b,214000,03-2013,https://prod.pictures.autoscout24.net/listing-images/a700f3bb-3341-4670-81ee-9ebd4ee53e5e_e724f965-ed73-453a-8d65-017b9a7d4df9.jpg/250x188.webp,5140,104.85389989976589,3569,21
3e2a0d66-76cb-487a-8ca2-c0baf0e5872b,BMW,118,Berline,PrivateSeller,4250,d,236500,04-2008,https://prod.pictures.autoscout24.net/listing-images/3e2a0d66-76cb-487a-8ca2-c0baf0e5872b_222bffc2-a42d-4fa2-ac43-f70b752e2ff2.jpg/250x188.webp,6030,118.28038734858286,5364,32
c93af7a7-654d-4bb8-862a-d659fd46fb1c,BMW,X5,Andere,Dealer,4250,b,152000,11-2001,https://prod.pictures.autoscout24.net/listing-images/c93af7a7-654d-4bb8-862a-d659fd46fb1c_cc2339f1-e3be-4da3-9ea8-02d9a764576e.jpg/250x188.webp,1070,71.06367211068877,7707,33
9e442f0e-9b4d-4b82-b742-a3401d1d5e89,BMW,118,Berline,PrivateSeller,4250,d,250000,01-2009,https://prod.pictures.autoscout24.net/listing-images/9e442f0e-9b4d-4b82-b742-a3401d1d5e89_f66eb04a-eec2-4dcf-9d99-37e7767e11be.jpg/250x188.webp,6220,109.54249226439103,5089,111
1374c510-e04f-4527-bcc0-65578c4d79bd,BMW,520,Break,Dealer,4300,d,340000,04-2007,https://prod.pictures.autoscout24.net/listing-images/1374c510-e04f-4527-bcc0-65578c4d79bd_146df967-ce1f-4552-b444-0a23d3688789.jpg/250x188.webp,6150,118.77654030835686,5730,10
fc35bc78-9e08-47ee-b2e5-23d8208e9c6d,BMW,116,Berline,PrivateSeller,4300,b,217000,01-2005,https://prod.pictures.autoscout24.net/listing-images/fc35bc78-9e08-47ee-b2e5-23d8208e9c6d_47df28ff-24b9-4eae-83dd-4b86b9797ad2.jpg/250x188.webp,1070,71.06367211068877,6550,1
f0d86870-42aa-4d9e-920d-3c17f12fcafe,BMW,116,Berline,Dealer,4300,b,173511,03-2005,https://prod.pictures.autoscout24.net/listing-images/f0d86870-42aa-4d9e-920d-3c17f12fcafe_ea7e10b2-be44-4581-bbf4-2905393ad157.jpg/250x188.webp,2382,39.86743595258549,6491,9
ba115b5e-e1df-45e8-9c58-6afdf6a38b8f,BMW,318,Berline,Dealer,4300,b,180000,11-2004,https://prod.pictures.autoscout24.net/listing-images/ba115b5e-e1df-45e8-9c58-6afdf6a38b8f_d4af762c-26ff-423e-9522-85d5afd1a18e.jpg/250x188.webp,1840,54.29299877782283,6611,18
7f1833f9-07b8-451b-8787-3450574a06dd,BMW,520,Break,PrivateSeller,4300,b,244000,12-2003,https://prod.pictures.autoscout24.net/listing-images/7f1833f9-07b8-451b-8787-3450574a06dd_58a9180d-fd64-4a23-ba30-99c462acbb25.jpg/250x188.webp,9320,67.86826786112259,6947,52
f5306daa-0b3f-47ec-ad60-de5177057657,BMW,318,Berline,PrivateSeller,4300,d,280000,02-2006,https://prod.pictures.autoscout24.net/listing-images/f5306daa-0b3f-47ec-ad60-de5177057657_963d4f9e-81f8-4f4b-9be0-fdfb9c4943a2.jpg/250x188.webp,7170,108.4792868516476,6154,119
6f1266e0-a496-469b-9de4-dd3782084bdb,BMW,318,Berline,PrivateSeller,4400,d,257000,03-2008,https://prod.pictures.autoscout24.net/listing-images/6f1266e0-a496-469b-9de4-dd3782084bdb_1de03b98-3513-4d64-8b7a-b53350a37577.jpg/250x188.webp,7600,123.04863016360586,5395,33
6ec24ee4-37f8-41fa-afc2-aa9c8aea4941,BMW,525,Berline,PrivateSeller,4400,d,260000,12-2005,https://prod.pictures.autoscout24.net/listing-images/6ec24ee4-37f8-41fa-afc2-aa9c8aea4941_c5eac8b5-7d09-41b3-8a5c-c6c3191c8f66.jpg/250x188.webp,5000,115.13665852422378,6216,139
7de666f5-d651-466f-b621-3610d024449f,BMW,118,Berline,Dealer,4450,d,238000,10-2011,https://prod.pictures.autoscout24.net/listing-images/7de666f5-d651-466f-b621-3610d024449f_a141389f-f048-4708-b2d3-beee21eebce9.jpg/250x188.webp,1070,71.06367211068877,4086,1
16940983-7125-4a8c-9b9d-14a0df00c44f,BMW,316,Berline,Dealer,4450,b,157000,08-2001,https://prod.pictures.autoscout24.net/listing-images/16940983-7125-4a8c-9b9d-14a0df00c44f_02c03027-5c1d-47e3-ad21-642355d2d312.jpg/250x188.webp,6043,111.88562923228113,7799,160
a0fef80d-44ae-4f46-989f-88665d62c1f7,BMW,320,Break,PrivateSeller,4490,d,307411,04-2007,https://prod.pictures.autoscout24.net/listing-images/a0fef80d-44ae-4f46-989f-88665d62c1f7_cecc5230-97f3-42ea-89d5-7bf66cb3784b.jpg/250x188.webp,8870,106.40718302751253,5730,0
1cc08a6e-0633-4f2e-b14c-fce2522c7c81,BMW,118,Berline,Dealer,4490,d,243000,11-2008,https://prod.pictures.autoscout24.net/listing-images/1cc08a6e-0633-4f2e-b14c-fce2522c7c81_a1685ba7-a9e3-47fc-a2ed-d0bee19ea058.jpg/250x188.webp,6560,131.1094961268063,5150,17
58364f7c-897b-4275-bf02-8640b5d3b6f5,BMW,320,Break,PrivateSeller,4490,b,308000,06-2006,https://prod.pictures.autoscout24.net/listing-images/58364f7c-897b-4275-bf02-8640b5d3b6f5_940647b8-6e0e-4e61-b1fb-54af288b58b9.jpg/250x188.webp,3630,102.97605198560623,6034,57
4ffead55-e7db-4d64-9981-e2a0527ab106,BMW,116,Berline,Dealer,4500,d,250000,05-2010,https://prod.pictures.autoscout24.net/listing-images/4ffead55-e7db-4d64-9981-e2a0527ab106_d2266837-4ac5-4668-ab5f-cf34d9531d54.jpg/250x188.webp,1070,71.06367211068877,4604,6
da10f7cd-3a0a-4be1-a305-26a079a552cc,BMW,116,Berline,Dealer,4500,b,190000,11-2005,https://prod.pictures.autoscout24.net/listing-images/da10f7cd-3a0a-4be1-a305-26a079a552cc_a2a0000a-71b0-4184-a0d1-360a0419cd5b.jpg/250x188.webp,9150,35.01618584808545,6246,17
946209ed-09a5-4213-99ab-baa70be92d84,BMW,318,Break,Dealer,4500,d,230000,01-2008,https://prod.pictures.autoscout24.net/listing-images/946209ed-09a5-4213-99ab-baa70be92d84_039baafe-385a-4f92-b701-ee637b793170.jpg/250x188.webp,1070,71.06367211068877,5455,0
276c1ee9-22b7-4226-8c3a-b1866c09f0ba,BMW,318,Break,PrivateSeller,4500,d,131000,08-2008,https://prod.pictures.autoscout24.net/listing-images/276c1ee9-22b7-4226-8c3a-b1866c09f0ba_2da76ea5-73a5-4362-a985-6e20ae25594d.jpg/250x188.webp,9120,31.412557196808976,5242,2
a86fecfd-4229-4355-ae83-10b96c526410,BMW,530,Berline,PrivateSeller,4500,b,298000,08-2001,https://prod.pictures.autoscout24.net/listing-images/a86fecfd-4229-4355-ae83-10b96c526410_8c032ab9-1b0c-402c-8ec4-af173fefba48.jpg/250x188.webp,1702,68.0347546976377,7799,3
c14dc755-8854-4403-ae30-785e69018f7b,BMW,520,Berline,PrivateSeller,4500,d,241000,01-2008,https://prod.pictures.autoscout24.net/listing-images/c14dc755-8854-4403-ae30-785e69018f7b_f211e588-0b1b-41ce-be33-47cae97de522.jpg/250x188.webp,8792,100.82523021919492,5455,5
91b24bfc-5ef2-4a72-83dd-9fab4cbd84c7,BMW,520,Berline,PrivateSeller,4500,b,255000,05-2004,https://prod.pictures.autoscout24.net/listing-images/91b24bfc-5ef2-4a72-83dd-9fab4cbd84c7_6953375e-8e4d-495b-811d-2b7038bc0ea9.jpg/250x188.webp,3740,102.74515560675786,6795,9
533b0ebd-6503-4e79-b7ee-8ecd354dec1c,BMW,116,Berline,PrivateSeller,4500,d,238000,09-2011,https://prod.pictures.autoscout24.net/listing-images/533b0ebd-6503-4e79-b7ee-8ecd354dec1c_3d0f05e0-9772-4d79-8cd7-4830eb2823e4.jpg/250x188.webp,3980,62.164074769325644,4116,12
9b0db467-3b27-46b4-b4aa-bf6ed9e8c562,BMW,116,Berline,Dealer,4500,b,204500,11-2005,https://prod.pictures.autoscout24.net/listing-images/9b0db467-3b27-46b4-b4aa-bf6ed9e8c562_1d67c34e-b429-4d4b-83a5-d30dcecda850.jpg/250x188.webp,1800,60.05560122441548,6246,13
87f06457-7066-465f-ac96-e5a0a3cc6835,BMW,318,Coupé,PrivateSeller,4500,b,158000,08-2002,https://prod.pictures.autoscout24.net/listing-images/87f06457-7066-465f-ac96-e5a0a3cc6835_a0610744-ae81-4edc-986c-bbff8dcfb9ba.jpg/250x188.webp,3200,60.911700271925,7434,23
64b59794-2b9d-4b52-abef-6a1428be5382,BMW,118,Berline,PrivateSeller,4500,d,174400,06-2005,https://prod.pictures.autoscout24.net/listing-images/64b59794-2b9d-4b52-abef-6a1428be5382_c2bcfc8e-490b-431e-be36-15b2c20a3745.jpg/250x188.webp,9090,69.57259984356024,6399,26
cf8f344d-9c15-4e66-a95c-9cb52ff06601,BMW,520,Andere,PrivateSeller,4500,b,250000,03-2002,https://prod.pictures.autoscout24.net/listing-images/cf8f344d-9c15-4e66-a95c-9cb52ff06601_78a5e770-4823-4c44-8df3-769081fd5a40.jpg/250x188.webp,1000,69.17270624549755,7587,32
85c3335c-90fd-4a1a-8b51-b0a42725c2fc,BMW,318,Break,PrivateSeller,4500,d,212000,10-2007,https://prod.pictures.autoscout24.net/listing-images/85c3335c-90fd-4a1a-8b51-b0a42725c2fc_df0f3e1b-1a98-4dcd-abbb-a7e463c90562.jpg/250x188.webp,7700,118.9523807230755,5547,34
f88b67dd-071f-445a-b336-4ddf8aef9342,BMW,320,Berline,Dealer,4500,b,196000,05-2005,https://prod.pictures.autoscout24.net/listing-images/f88b67dd-071f-445a-b336-4ddf8aef9342_4e88d7c8-dbb0-48aa-8dd8-0609adf3026d.jpg/250x188.webp,9890,80.15855280814198,6430,34
7de419f5-2f49-40a4-9fc7-5b9af39b9ffb,BMW,318,Berline,PrivateSeller,4500,d,221000,10-2008,https://prod.pictures.autoscout24.net/listing-images/7de419f5-2f49-40a4-9fc7-5b9af39b9ffb_4a3c7f86-aa0e-4592-aa98-7c73ae7f0ecd.jpg/250x188.webp,7700,118.9523807230755,5181,35
002281e6-e671-4dfa-9b4c-5926812cf511,BMW,116,Berline,PrivateSeller,4500,b,173000,01-2006,https://prod.pictures.autoscout24.net/listing-images/002281e6-e671-4dfa-9b4c-5926812cf511_7f8cb708-4098-41b3-9c3f-7fc3942e63c9.jpg/250x188.webp,9160,52.83263590517851,6185,42
4346be07-adf9-497c-a034-7cc4403c7a1d,BMW,318,Break,PrivateSeller,4500,d,264000,04-2010,https://prod.pictures.autoscout24.net/listing-images/4346be07-adf9-497c-a034-7cc4403c7a1d_4b554594-09f4-4fb5-92a9-74fdaae685bc.jpg/250x188.webp,5030,102.63381600593108,4634,45
85b4da30-0323-45ad-8864-3359ba9d40b5,BMW,316,Break,PrivateSeller,4500,d,300000,12-2012,https://prod.pictures.autoscout24.net/listing-images/85b4da30-0323-45ad-8864-3359ba9d40b5_182883b3-3397-4f7e-9902-7c0bc763926e.jpg/250x188.webp,3400,85.59161669525486,3659,53
b76db26d-adbe-42ca-b5be-ef1af4ee0f91,BMW,320,Andere,PrivateSeller,4500,b,235000,02-2000,https://prod.pictures.autoscout24.net/listing-images/b76db26d-adbe-42ca-b5be-ef1af4ee0f91_3f25e734-a6bb-4d4b-80ee-8382c7582e20.jpg/250x188.webp,3920,64.30712183830964,8346,55
78069b43-00ed-4311-a543-ee5751894c79,BMW,525,Break,PrivateSeller,4500,b,195000,05-2001,https://prod.pictures.autoscout24.net/listing-images/78069b43-00ed-4311-a543-ee5751894c79_103e3e35-607c-4e4c-b0d4-aec097c85b67.jpg/250x188.webp,9160,52.83263590517851,7891,60
7c1398a4-c8f0-4cbf-8313-3bedced1bf4d,BMW,318,Berline,PrivateSeller,4500,b,155000,11-1987,https://prod.pictures.autoscout24.net/listing-images/7c1398a4-c8f0-4cbf-8313-3bedced1bf4d_e395f711-e2b9-4cea-88c3-f3a382bb0791.jpg/250x188.webp,1150,68.48425146100755,12821,94
8ab80daf-43ef-47c8-ae6d-93c6b374c581,BMW,Z3,Cabriolet,PrivateSeller,4500,b,212000,11-1996,https://prod.pictures.autoscout24.net/listing-images/8ab80daf-43ef-47c8-ae6d-93c6b374c581_c258c61b-7669-4d6b-89e2-896ded982e02.jpg/250x188.webp,4890,132.97498356216713,9533,105
88cc4dbd-3212-420b-aed0-af57fbd7e0e2,BMW,316,Break,PrivateSeller,4500,b,186000,12-2004,https://prod.pictures.autoscout24.net/listing-images/88cc4dbd-3212-420b-aed0-af57fbd7e0e2_3907a464-99ee-4e12-b5c2-6e9558f977aa.jpg/250x188.webp,3272,62.10434778078876,6581,114
fe11736a-2abb-4355-b22d-73e7c5b98a43,BMW,525,Berline,PrivateSeller,4500,d,305000,08-2003,https://prod.pictures.autoscout24.net/listing-images/fe11736a-2abb-4355-b22d-73e7c5b98a43_29873a3b-9e18-414a-a058-acc41a8c6f61.jpg/250x188.webp,3690,97.35219790448903,7069,117
579ad284-4f22-41c5-b827-56cbdc90cede,BMW,318,Break,PrivateSeller,4500,d,247000,04-2007,https://prod.pictures.autoscout24.net/listing-images/579ad284-4f22-41c5-b827-56cbdc90cede_94a8cfbc-94b4-448d-b2f2-3428a6be8d8f.jpg/250x188.webp,1460,93.45243141575202,5730,129
29c17e2e-a7d6-4c60-9704-4dec4bd2ee79,BMW,318,Coupé,PrivateSeller,4500,b,215000,07-2002,https://prod.pictures.autoscout24.net/listing-images/29c17e2e-a7d6-4c60-9704-4dec4bd2ee79_1db0fca2-007c-45ad-b326-5b1c09d373f4.jpg/250x188.webp,7141,116.47101900243793,7465,141
308b510d-43c1-4332-a7d9-7f22b98905cf,BMW,530,Break,PrivateSeller,4500,d,241800,01-2004,https://prod.pictures.autoscout24.net/listing-images/308b510d-43c1-4332-a7d9-7f22b98905cf_208cff35-3bb3-4c2f-b689-aa9b8a53c999.jpg/250x188.webp,3920,64.30712183830964,6916,156
02dad700-dd07-419c-bad5-37ca19284b32,BMW,525,Break,PrivateSeller,4500,d,310000,07-2007,https://prod.pictures.autoscout24.net/listing-images/02dad700-dd07-419c-bad5-37ca19284b32_05187a56-e3d1-487c-ac20-428f180b872d.jpg/250x188.webp,1070,71.06367211068877,5639,164
778e5361-e2df-4a5d-bb16-bbd2c75016d3,BMW,116,Berline,Dealer,4500,d,255000,03-2010,https://prod.pictures.autoscout24.net/listing-images/778e5361-e2df-4a5d-bb16-bbd2c75016d3_1f567c25-063c-48d9-92a1-9e6cee77e4bb.jpg/250x188.webp,9200,55.33414746561007,4665,170
9d728f78-af1d-4611-a221-851884ec8687,BMW,118,Berline,PrivateSeller,4500,d,255257,02-2009,https://prod.pictures.autoscout24.net/listing-images/9d728f78-af1d-4611-a221-851884ec8687_d7ad748b-b0d9-46e7-a738-5a44207a361b.jpg/250x188.webp,8930,119.0088533447813,5058,171
dc27dd1f-2287-427b-ad8f-f11e525efe34,BMW,320,Berline,PrivateSeller,4500,d,210000,03-2005,https://prod.pictures.autoscout24.net/listing-images/dc27dd1f-2287-427b-ad8f-f11e525efe34_3ecb54dd-ab33-440c-9c5f-7c5189c2523e.jpg/250x188.webp,2235,53.07106590476319,6491,172
e7b2cc56-56dc-4b79-9ec4-998aa84d7a17,BMW,116,Berline,PrivateSeller,4600,b,181500,09-2006,https://prod.pictures.autoscout24.net/listing-images/e7b2cc56-56dc-4b79-9ec4-998aa84d7a17_7bdce23c-9020-419d-a2a0-9f276d3a0b1e.jpg/250x188.webp,1082,68.04437182438213,5942,92
86b7a685-744d-4cdc-b581-e529a449f72c,BMW,520,Break,PrivateSeller,4650,d,247000,11-2008,https://prod.pictures.autoscout24.net/listing-images/86b7a685-744d-4cdc-b581-e529a449f72c_c6b809c2-90a3-493e-9fec-2f5993770466.jpg/250x188.webp,6000,117.49014599385939,5150,10
79a2c556-8542-477d-b70d-a4825b9030f6,BMW,320,Break,Dealer,4650,d,356887,02-2009,https://prod.pictures.autoscout24.net/listing-images/79a2c556-8542-477d-b70d-a4825b9030f6_fb7b874e-f7c5-4844-8b8b-a84b04a551b4.jpg/250x188.webp,1400,97.35176357549375,5058,22
def718c1-35f1-4b6c-9c20-e771add90944,BMW,318,Coupé,PrivateSeller,4700,b,164223,08-2001,https://prod.pictures.autoscout24.net/listing-images/def718c1-35f1-4b6c-9c20-e771add90944_2b5f3574-0d09-43de-9e15-2909f920a76a.jpg/250x188.webp,1190,73.06612059240499,7799,1
09376afc-f2c7-4c5b-a1ee-09ecbfeb70e0,BMW,318,Break,PrivateSeller,4700,d,215000,04-2008,https://prod.pictures.autoscout24.net/listing-images/09376afc-f2c7-4c5b-a1ee-09ecbfeb70e0_1d73b8d2-3a7f-420a-921c-33ad29c54c3c.jpg/250x188.webp,5660,157.35260445614983,5364,23
1f18b5fb-b374-464a-a1f4-814dc5399d2f,BMW,318,Berline,PrivateSeller,4700,d,241000,08-2009,https://prod.pictures.autoscout24.net/listing-images/1f18b5fb-b374-464a-a1f4-814dc5399d2f_dd3da346-4ec2-44f0-b788-3eefe5c1703d.jpg/250x188.webp,1800,60.05560122441548,4877,35
210afd05-4df3-4992-a567-79f99f12f321,BMW,318,Break,Dealer,4750,d,270000,11-2011,https://prod.pictures.autoscout24.net/listing-images/210afd05-4df3-4992-a567-79f99f12f321_d9239f02-4bc2-46b0-a74c-9d5818efceab.jpg/250x188.webp,6040,114.0742701643821,4055,5
70784c2a-c280-4cec-b976-e49d98902da5,BMW,X5,Andere,Dealer,4750,d,270000,12-2003,https://prod.pictures.autoscout24.net/listing-images/70784c2a-c280-4cec-b976-e49d98902da5_7604f8b8-7de1-48f7-9119-32984a372e5e.jpg/250x188.webp,1933,67.42863651453277,6947,14
cbbca7cc-39ae-4fec-becf-5961acfa9525,BMW,118,Berline,PrivateSeller,4750,d,265000,02-2008,https://prod.pictures.autoscout24.net/listing-images/cbbca7cc-39ae-4fec-becf-5961acfa9525_567e0840-5876-436d-bb9d-e83550894f7e.jpg/250x188.webp,9140,42.211874657394915,5424,37
1b0e0b04-7782-4097-8a2c-90cdf0f5aa19,BMW,116,Berline,PrivateSeller,4750,d,243500,12-2010,https://prod.pictures.autoscout24.net/listing-images/1b0e0b04-7782-4097-8a2c-90cdf0f5aa19_a2f099bb-e759-4263-97ab-612a0497effd.jpg/250x188.webp,2600,30.98226947130947,4390,47
36f2e224-c69c-4264-9a0d-1db3b1ea3954,BMW,X3,SUV/4x4/Pick-up,Dealer,4750,d,209000,05-2005,https://prod.pictures.autoscout24.net/listing-images/36f2e224-c69c-4264-9a0d-1db3b1ea3954_190e5095-a8ba-4035-968e-237b883250f8.jpg/250x188.webp,8600,123.09253613761362,6430,69
ae9c218b-f672-48bb-88c0-43dbbb4dc343,BMW,318,Berline,PrivateSeller,4750,d,263000,08-2007,https://prod.pictures.autoscout24.net/listing-images/ae9c218b-f672-48bb-88c0-43dbbb4dc343_ab1c67a4-2c3e-428e-a42d-3a87de562c06.jpg/250x188.webp,7020,114.60869365078912,5608,130
38bf8bf1-70a8-48af-a63d-4df3c858225e,BMW,318,Break,PrivateSeller,4800,d,230000,01-2010,https://prod.pictures.autoscout24.net/listing-images/38bf8bf1-70a8-48af-a63d-4df3c858225e_90dad5c1-5075-449b-99a2-a27c7ac5e5ca.jpg/250x188.webp,2110,26.910904850539477,4724,12
e6d1751e-e378-49a0-b63b-4e85a35d45ba,BMW,323,Andere,PrivateSeller,4800,b,149500,04-2000,https://prod.pictures.autoscout24.net/listing-images/e6d1751e-e378-49a0-b63b-4e85a35d45ba_bed18d07-21e8-4738-95e3-74d4d3ddd8db.jpg/250x188.webp,6692,166.46787743106094,8286,39
4d017981-1ab2-4252-b857-a607d3409e1f,BMW,116,Berline,PrivateSeller,4800,d,108000,05-2011,https://prod.pictures.autoscout24.net/listing-images/4d017981-1ab2-4252-b857-a607d3409e1f_a07030af-9d82-47ca-a3e6-76c831349173.jpg/250x188.webp,1930,65.18883147641638,4239,45
a39f8109-4489-4d3d-b4ad-cebec673c4ed,BMW,116,Berline,PrivateSeller,4800,d,225000,10-2011,https://prod.pictures.autoscout24.net/listing-images/a39f8109-4489-4d3d-b4ad-cebec673c4ed_de4829aa-02fb-49a6-9614-2875a5b23040.jpg/250x188.webp,9255,52.123936757081914,4086,150
2435586c-97ed-4be8-a93d-5a7be0aa9d25,BMW,320,Coupé,Dealer,4850,d,205000,05-2008,https://prod.pictures.autoscout24.net/listing-images/2435586c-97ed-4be8-a93d-5a7be0aa9d25_a4a58379-d75f-4c8e-ac8a-143bd31d6d15.jpg/250x188.webp,1400,97.35176357549375,5334,35
c017ad68-0691-4613-9d3d-e9538555c119,BMW,318,Cabriolet,PrivateSeller,4900,b,243534,04-2004,https://prod.pictures.autoscout24.net/listing-images/c017ad68-0691-4613-9d3d-e9538555c119_610a8f96-543e-468a-945f-bdeb7b7ebc71.jpg/250x188.webp,1370,89.26135356419556,6825,58
bcf90cb4-13a7-4bd5-9239-66ec3ee0cfd8,BMW,318,Berline,PrivateSeller,4950,d,191400,06-2009,https://prod.pictures.autoscout24.net/listing-images/bcf90cb4-13a7-4bd5-9239-66ec3ee0cfd8_684de2df-ca97-4917-a88d-7aa2a3446786.jpg/250x188.webp,6220,109.54249226439103,4938,3
5c3dd23c-b4b2-44bc-bf1b-b58a92a8f973,BMW,525,Berline,PrivateSeller,4950,b,260000,10-2002,https://prod.pictures.autoscout24.net/listing-images/5c3dd23c-b4b2-44bc-bf1b-b58a92a8f973_35c652ad-f549-43d5-b7a2-584c2285902e.jpg/250x188.webp,7000,118.39471915054493,7373,4
9d706625-6e70-4a44-b27e-59d2b85308da,BMW,318,Berline,PrivateSeller,4950,d,216000,05-2008,https://prod.pictures.autoscout24.net/listing-images/9d706625-6e70-4a44-b27e-59d2b85308da_4d7ff47c-9ec5-40db-b643-3f4669b3800d.jpg/250x188.webp,6042,115.26230394846887,5334,26
b1624eee-5ce8-4880-9f93-7d17b2d07751,BMW,318,Berline,PrivateSeller,4950,d,215000,05-2008,https://prod.pictures.autoscout24.net/listing-images/b1624eee-5ce8-4880-9f93-7d17b2d07751_e559b73d-908f-4aa7-85b1-e30925398bc3.jpg/250x188.webp,6042,115.26230394846887,5334,26
91657f30-dd45-4dbb-a5f8-b03d7c39d93e,BMW,520,Berline,Dealer,4950,d,284000,03-2007,https://prod.pictures.autoscout24.net/listing-images/91657f30-dd45-4dbb-a5f8-b03d7c39d93e_dd47875c-5b61-42b8-8eab-26fe1e029439.jpg/250x188.webp,7390,121.56764290915724,5761,28
ad5a1c24-a727-4a45-958d-6913481f1d93,BMW,X3,SUV/4x4/Pick-up,Dealer,4950,d,252000,09-2005,https://prod.pictures.autoscout24.net/listing-images/ad5a1c24-a727-4a45-958d-6913481f1d93_165fe5d9-bdeb-438a-bae2-1bbe6610ae9a.jpg/250x188.webp,4100,122.70999344916741,6307,70
516c1f0c-e714-4869-9956-366cbf672eb0,BMW,X3,SUV/4x4/Pick-up,Dealer,4990,d,197120,06-2007,https://prod.pictures.autoscout24.net/listing-images/516c1f0c-e714-4869-9956-366cbf672eb0_63778ed8-b804-47b2-a000-e7309c6b3955.jpg/250x188.webp,1440,88.54751756589805,5669,0
027d7dcf-fa02-45a6-85a3-792a63842f87,BMW,525,Berline,PrivateSeller,4990,d,280000,09-2002,https://prod.pictures.autoscout24.net/listing-images/027d7dcf-fa02-45a6-85a3-792a63842f87_c57136ba-8955-43bc-9ab4-c5a6944cb60a.jpg/250x188.webp,6010,119.70351809317113,7403,93
7727a928-3bab-4b72-8aae-d54c84cbc4fd,BMW,116,Berline,Dealer,4995,b,161596,11-2009,https://prod.pictures.autoscout24.net/listing-images/7727a928-3bab-4b72-8aae-d54c84cbc4fd_0b4ae8ce-33a9-4a76-89f6-cdb0d9740c7f.jpg/250x188.webp,8000,90.37195651627515,4785,48
81ee0a44-8928-4a87-a48c-292a5abb070d,BMW,116,Berline,Dealer,4999,b,187000,11-2006,https://prod.pictures.autoscout24.net/listing-images/81ee0a44-8928-4a87-a48c-292a5abb070d_99753187-a63d-4d1e-9a7e-16066d858bad.jpg/250x188.webp,3630,102.97605198560623,5881,13
8904abad-4a04-40c4-82f7-7824502bf2dd,BMW,730,Berline,Dealer,4999,b,300000,01-1988,https://prod.pictures.autoscout24.net/listing-images/8904abad-4a04-40c4-82f7-7824502bf2dd_5959c776-4975-4dfe-a663-2126d1443109.jpg/250x188.webp,1474,95.27246720237129,12760,20
410486af-aeaf-484d-839f-b1a476b03291,BMW,320,Berline,Dealer,4999,d,180069,03-2005,https://prod.pictures.autoscout24.net/listing-images/410486af-aeaf-484d-839f-b1a476b03291_42073ded-cb00-4fc7-9810-ae65d03c87f9.jpg/250x188.webp,2220,46.33361734812598,6491,28
57c163ae-8eb2-4f78-9446-6877da0ef808,BMW,520,Break,PrivateSeller,4999,d,228000,05-2009,https://prod.pictures.autoscout24.net/listing-images/57c163ae-8eb2-4f78-9446-6877da0ef808_66c2e4e6-eae7-4a12-acdf-781b4ebe515e.jpg/250x188.webp,1030,66.85598932704684,4969,32
491a971c-65f1-4229-9f42-bdc0234e807e,BMW,116,Andere,Dealer,4999,b,130000,02-2007,https://prod.pictures.autoscout24.net/listing-images/491a971c-65f1-4229-9f42-bdc0234e807e_729ca654-1cfa-4a5d-87f6-219e57598e36.jpg/250x188.webp,1410,83.89428081314767,5789,65
33200208-0b4d-4062-9634-f54e51e65420,BMW,118,Berline,PrivateSeller,4999,d,244000,04-2008,https://prod.pictures.autoscout24.net/listing-images/33200208-0b4d-4062-9634-f54e51e65420_96fec3d1-0b08-4045-8816-a47806e6df8c.jpg/250x188.webp,4000,118.53949006185148,5364,139
0dd70195-a7b4-4707-b483-fccd3336efd4,BMW,320,Berline,PrivateSeller,5000,d,500000,12-2009,https://prod.pictures.autoscout24.net/listing-images/0dd70195-a7b4-4707-b483-fccd3336efd4_420c645f-aa99-464a-93cd-d4539faed81c.jpg/250x188.webp,7500,124.32337959708627,4755,3
9764fb1c-d1ce-4a8c-aff8-c0bc9157321e,BMW,318,Cabriolet,PrivateSeller,5000,b,218000,08-2004,https://prod.pictures.autoscout24.net/listing-images/9764fb1c-d1ce-4a8c-aff8-c0bc9157321e_ce093e72-775c-4f5d-bd39-190e4caf44d8.jpg/250x188.webp,9810,80.58546176841949,6703,11
0e85369a-3fdb-423a-a958-5f4958df6c86,BMW,520,Berline,PrivateSeller,5000,d,300000,11-2007,https://prod.pictures.autoscout24.net/listing-images/0e85369a-3fdb-423a-a958-5f4958df6c86_92fd9cfb-d5ba-4e8e-9295-c35d1f528547.jpg/250x188.webp,5040,,5516,18
9d4ae4df-eac6-4ac7-b2b1-5f7d85ec3a59,BMW,318,Berline,PrivateSeller,5000,b,270000,01-1987,https://prod.pictures.autoscout24.net/listing-images/9d4ae4df-eac6-4ac7-b2b1-5f7d85ec3a59_4f7ba9d2-44f5-4ab3-b0cd-45fcd4816809.jpg/250x188.webp,3220,64.33728653836629,13125,36
0e0c48dc-d8e5-410b-aaa3-60678cb1d85e,BMW,320,Break,PrivateSeller,5000,b,290000,12-2005,https://prod.pictures.autoscout24.net/listing-images/0e0c48dc-d8e5-410b-aaa3-60678cb1d85e_aa6469c1-b566-41de-be71-edbe6a5f96b7.jpg/250x188.webp,2600,30.98226947130947,6216,37
2ea03360-447b-4fb9-9acf-8d05d19d430f,BMW,118,Break,PrivateSeller,5000,d,180000,10-2009,https://prod.pictures.autoscout24.net/listing-images/2ea03360-447b-4fb9-9acf-8d05d19d430f_d18a66f1-a264-4345-aaaa-61699d6f781b.jpg/250x188.webp,6150,118.77654030835686,4816,52
a11f843b-177f-4f44-8e4f-aede91cd22b7,BMW,320,Berline,PrivateSeller,5000,b,235000,04-2005,https://prod.pictures.autoscout24.net/listing-images/a11f843b-177f-4f44-8e4f-aede91cd22b7_a44b9b62-7cda-4d90-a17a-a209d7ec7adf.jpg/250x188.webp,1030,66.85598932704684,6460,55
2c54f115-3d88-464b-8362-ba173fa25191,BMW,116,Berline,PrivateSeller,5000,d,168641,09-2009,https://prod.pictures.autoscout24.net/listing-images/2c54f115-3d88-464b-8362-ba173fa25191_5054ad4a-09e9-476f-a7ec-b11fa0dadb39.jpg/250x188.webp,3730,99.27898289790359,4846,73
1297b82d-97f4-42b3-91c8-397811b67dae,BMW,320,Coupé,PrivateSeller,5000,d,280000,12-2007,https://prod.pictures.autoscout24.net/listing-images/1297b82d-97f4-42b3-91c8-397811b67dae_72c861e1-f243-475f-b2c5-f6750a71f9b9.jpg/250x188.webp,5590,136.10531624606435,5486,88
764f8f2b-4b4f-486d-971d-da4cf7f4fc5f,BMW,116,Berline,PrivateSeller,5000,d,270000,01-2010,https://prod.pictures.autoscout24.net/listing-images/764f8f2b-4b4f-486d-971d-da4cf7f4fc5f_4ea1490e-97f9-4a43-a75f-f67a61ac3d7c.jpg/250x188.webp,2100,27.421552979694752,4724,96
8ae42ef5-36f7-4021-b6be-0c2fa2aaad86,BMW,530,Berline,PrivateSeller,5000,d,194000,04-2000,https://prod.pictures.autoscout24.net/listing-images/8ae42ef5-36f7-4021-b6be-0c2fa2aaad86_5853b6b4-5867-48d3-ab9a-32e13d311852.jpg/250x188.webp,3530,79.7065029526959,8286,105
48e7eb08-91fc-490c-865b-597327a48063,BMW,520,Berline,PrivateSeller,5000,b,207000,02-2003,https://prod.pictures.autoscout24.net/listing-images/48e7eb08-91fc-490c-865b-597327a48063_16d75c3f-b729-4cc3-a606-1edffc41abd1.jpg/250x188.webp,7320,124.4612856225343,7250,111
e0467345-dbed-4434-b3e7-0e56d19420cc,BMW,520,Berline,PrivateSeller,5000,b,260000,05-1986,https://prod.pictures.autoscout24.net/listing-images/e0467345-dbed-4434-b3e7-0e56d19420cc_f766cfba-7be9-487f-9c51-bec566a24296.jpg/250x188.webp,8800,107.24415982689398,13370,115
798965de-f424-46fb-8703-c816f00343de,BMW,116,Berline,PrivateSeller,5000,b,155000,09-2005,https://prod.pictures.autoscout24.net/listing-images/798965de-f424-46fb-8703-c816f00343de_ce641ee6-cd8c-4c5e-8776-9d526cf9250b.jpg/250x188.webp,1700,70.90697373704198,6307,128
a406513f-ae95-426d-8805-3f758cd9bb7d,BMW,520,Break,PrivateSeller,5000,d,222000,10-2006,https://prod.pictures.autoscout24.net/listing-images/a406513f-ae95-426d-8805-3f758cd9bb7d_1ede2535-3738-4597-bb39-9d42a523a914.jpg/250x188.webp,4600,117.87746038285867,5912,131
330746f0-1703-4997-9ef2-2d96dacb4af1,BMW,118,Berline,PrivateSeller,5000,d,291000,05-2010,https://prod.pictures.autoscout24.net/listing-images/330746f0-1703-4997-9ef2-2d96dacb4af1_454e7efb-4b87-467a-ac8a-be5b172d0b38.jpg/250x188.webp,1020,66.36225311284039,4604,162
c3848474-48fc-4fe1-a18d-e9a00e50ed0c,BMW,318,Berline,PrivateSeller,5000,d,178000,06-2006,https://prod.pictures.autoscout24.net/listing-images/c3848474-48fc-4fe1-a18d-e9a00e50ed0c_7c3fc0c0-e5f5-4aeb-8dd0-08c7e3112880.jpg/250x188.webp,4620,127.14057578222531,6034,174
23c536c2-1957-4795-a973-0c8a4ac1e527,BMW,320,Break,PrivateSeller,5100,d,240000,11-2009,https://prod.pictures.autoscout24.net/listing-images/23c536c2-1957-4795-a973-0c8a4ac1e527_c64f9b7c-6015-4f57-b02e-53851d45bfd8.jpg/250x188.webp,2020,27.94913546724415,4785,25
52ad4c95-d93e-43b8-a86c-3e96e9f0ef64,BMW,316,Berline,Dealer,5150,d,194000,09-2010,https://prod.pictures.autoscout24.net/listing-images/52ad4c95-d93e-43b8-a86c-3e96e9f0ef64_e8a93f31-c1ba-406e-981c-607413e40676.jpg/250x188.webp,2490,59.02891586146089,4481,4
430a55c7-af83-4d88-ade0-e7aa5da83a12,BMW,118,Andere,PrivateSeller,5150,b,154643,10-2005,https://prod.pictures.autoscout24.net/listing-images/430a55c7-af83-4d88-ade0-e7aa5da83a12_5b372e14-91d3-48fb-821b-890d812e1517.jpg/250x188.webp,9160,52.83263590517851,6277,58
1227947a-d699-48f3-94cf-1aa63d9713f6,BMW,118,Coupé,Dealer,5150,b,190000,01-2010,https://prod.pictures.autoscout24.net/listing-images/1227947a-d699-48f3-94cf-1aa63d9713f6_f0aa81a1-6765-4dc2-a91f-4273d9ea0884.jpg/250x188.webp,2840,43.35213990196281,4724,63
55a0e34a-09c9-4c28-994f-1f255f00cf4a,BMW,X3,SUV/4x4/Pick-up,PrivateSeller,5200,d,229000,03-2007,https://prod.pictures.autoscout24.net/listing-images/55a0e34a-09c9-4c28-994f-1f255f00cf4a_90ea7438-4081-4c52-ae4d-442d961012b4.jpg/250x188.webp,3300,76.19991947951956,5761,7
e5ac3e58-548e-42ca-a029-90768743586d,BMW,118,Berline,PrivateSeller,5200,b,166231,12-2007,https://prod.pictures.autoscout24.net/listing-images/e5ac3e58-548e-42ca-a029-90768743586d_4b536f0c-fadd-4228-bfe9-4d56eb28f744.jpg/250x188.webp,3600,91.05707630102727,5486,6
2e455d7f-0fa4-46a5-bc02-e14b513ae4b7,BMW,520,Break,PrivateSeller,5200,d,244700,10-2007,https://prod.pictures.autoscout24.net/listing-images/2e455d7f-0fa4-46a5-bc02-e14b513ae4b7_2f8b941b-d9cd-4189-b507-0ed8e2cce8fc.jpg/250x188.webp,7170,108.4792868516476,5547,17
63de96b4-3d93-47a5-9f5c-afd14372f54e,BMW,316,Coupé,PrivateSeller,5200,b,165497,07-1988,https://prod.pictures.autoscout24.net/listing-images/63de96b4-3d93-47a5-9f5c-afd14372f54e_8e64f931-1ae9-4d5d-96d1-9cebdc9fb562.jpg/250x188.webp,8800,107.24415982689398,12578,57
a61640d2-4441-4a65-bdab-0a9aec9f8333,BMW,316,Coupé,PrivateSeller,5200,b,165497,07-1988,https://prod.pictures.autoscout24.net/listing-images/a61640d2-4441-4a65-bdab-0a9aec9f8333_0bbbd92f-739d-47fd-a315-3ebae1dea2a2.jpg/250x188.webp,8800,107.24415982689398,12578,106
d59e93b8-c723-4451-9f4c-ba22a2b1c85a,BMW,520,Berline,PrivateSeller,5200,b,165000,12-1995,https://prod.pictures.autoscout24.net/listing-images/d59e93b8-c723-4451-9f4c-ba22a2b1c85a_2a0e055e-7d9d-4b44-9014-dbc18d3b25db.jpg/250x188.webp,3000,67.38410339411878,9869,175
d479eaa1-1fdd-4d3d-a035-255cd2406a13,BMW,318,Berline,PrivateSeller,5212,b,110565,06-2001,https://prod.pictures.autoscout24.net/listing-images/d479eaa1-1fdd-4d3d-a035-255cd2406a13_fa461d26-8129-4465-bcf6-31be84bf8110.jpg/250x188.webp,9000,69.99787275902874,7860,38
0e67ff22-6476-4a27-b78e-786476b9b14e,BMW,116,Berline,Dealer,5250,d,214000,11-2012,https://prod.pictures.autoscout24.net/listing-images/0e67ff22-6476-4a27-b78e-786476b9b14e_c9a15e0f-3238-42c4-b56e-1413014e6d6f.jpg/250x188.webp,4020,121.60247278825214,3689,19
16337017-1b69-4db1-8786-f1137977a36c,BMW,316,Berline,PrivateSeller,5250,b,87000,11-1991,https://prod.pictures.autoscout24.net/listing-images/16337017-1b69-4db1-8786-f1137977a36c_68737231-5b56-429c-9a74-6ecd218b1a9c.jpg/250x188.webp,2370,45.54937195187618,11360,47
d627e013-c325-4172-be5e-7f6365653be7,BMW,325,Berline,Dealer,5299,b,178885,01-2006,https://prod.pictures.autoscout24.net/listing-images/d627e013-c325-4172-be5e-7f6365653be7_ee9bab41-ff83-4f19-817c-b9ba29c1a1e9.jpg/250x188.webp,1410,83.89428081314767,6185,292
500b5903-f71c-4aa6-b8ce-ce5805d52e52,BMW,118,Berline,PrivateSeller,5300,d,220000,03-2010,https://prod.pictures.autoscout24.net/listing-images/500b5903-f71c-4aa6-b8ce-ce5805d52e52_7d908353-370c-44a2-b464-9ddf51cef6e7.jpg/250x188.webp,2660,33.51153490320288,4665,5
e3cb7644-a9fa-4718-acdd-00da13b51374,BMW,320,Coupé,PrivateSeller,5300,b,279000,11-2001,https://prod.pictures.autoscout24.net/listing-images/e3cb7644-a9fa-4718-acdd-00da13b51374_95084ea8-b3be-4e56-93ba-42086082a1d7.jpg/250x188.webp,8430,118.7528580465508,7707,61
8ed193f9-c016-4771-b34d-e41b048ece5b,BMW,520,Break,PrivateSeller,5350,d,188000,08-2006,https://prod.pictures.autoscout24.net/listing-images/8ed193f9-c016-4771-b34d-e41b048ece5b_ed6348fc-7529-45f3-a72a-873895bd5f64.jpg/250x188.webp,7060,102.95472204892502,5973,31
a60ffc0c-df71-4687-8896-6ba51f1571ec,BMW,116,Berline,PrivateSeller,5350,b,167000,01-2005,https://prod.pictures.autoscout24.net/listing-images/a60ffc0c-df71-4687-8896-6ba51f1571ec_beff8fdf-cfd3-41c3-afa4-f3f5bfb8b4a2.jpg/250x188.webp,9940,62.66558746753047,6550,41
47054c90-909b-41f0-ad99-abf8e893f6a2,BMW,320,Break,PrivateSeller,5350,b,275000,10-2008,https://prod.pictures.autoscout24.net/listing-images/47054c90-909b-41f0-ad99-abf8e893f6a2_ef77e60c-4404-41bd-9892-33603c2f0a89.jpg/250x188.webp,1070,71.06367211068877,5181,97
94bfc219-374e-47c8-8fe6-d4dd2d7e667d,BMW,318,Berline,Dealer,5400,d,245000,12-2010,https://prod.pictures.autoscout24.net/listing-images/94bfc219-374e-47c8-8fe6-d4dd2d7e667d_1b9f864f-0a81-4fa1-b35c-863d6e722eb6.jpg/250x188.webp,6240,115.29065835205232,4390,3
459ee235-2005-4977-9fb9-80a13c031acd,BMW,X3,SUV/4x4/Pick-up,Dealer,5400,d,208331,11-2004,https://prod.pictures.autoscout24.net/listing-images/459ee235-2005-4977-9fb9-80a13c031acd_6bd2ea7d-9076-4c70-ada3-d41815da1984.jpg/250x188.webp,8540,103.49888255567093,6611,19
49faad6e-b1ec-42f3-97ee-23a1fe81b576,BMW,120,Cabriolet,Dealer,5450,d,309401,07-2010,https://prod.pictures.autoscout24.net/listing-images/49faad6e-b1ec-42f3-97ee-23a1fe81b576_16e13c76-7262-45aa-9aed-ca4e161cfcda.jpg/250x188.webp,2440,49.365434961335374,4543,9
5921cee9-c2e4-4176-8741-31557ef1eda1,BMW,318,Coupé,Dealer,5450,b,94000,09-2003,https://prod.pictures.autoscout24.net/listing-images/5921cee9-c2e4-4176-8741-31557ef1eda1_432f5874-04e7-4e59-b5db-4a74641da396.jpg/250x188.webp,1930,65.18883147641638,7038,5
e0032ead-306f-4ee9-9a94-2e1d703f5726,BMW,316,Berline,PrivateSeller,5450,d,250000,02-2011,https://prod.pictures.autoscout24.net/listing-images/e0032ead-306f-4ee9-9a94-2e1d703f5726_73c7cee3-0e7b-4696-90af-76fd53d7f39a.jpg/250x188.webp,1480,90.6722887329444,4328,25
10d92680-2873-438b-a7fc-19a49b83c02c,BMW,116,Berline,PrivateSeller,5450,b,189500,08-2005,https://prod.pictures.autoscout24.net/listing-images/10d92680-2873-438b-a7fc-19a49b83c02c_458a28a9-cdc4-42c4-81d0-b2b52c497c4d.jpg/250x188.webp,1831,63.496143889011755,6338,100
b8e26692-5231-4e01-848d-9265e18c669f,BMW,520,Berline,Dealer,5450,b,174584,09-2003,https://prod.pictures.autoscout24.net/listing-images/b8e26692-5231-4e01-848d-9265e18c669f_d5c400be-245a-489b-b237-58708a1c126a.jpg/250x188.webp,1601,76.3100421089918,7038,367
5e4be02f-a03a-4421-80a2-b4280a562316,BMW,116,Stadswagen,Dealer,5490,d,198000,11-2010,https://prod.pictures.autoscout24.net/listing-images/5e4be02f-a03a-4421-80a2-b4280a562316_86252536-56f5-4fea-b406-0e0c841ed617.jpg/250x188.webp,5070,122.22662855592974,4420,8
f5a88891-03b1-4485-864e-af23e1eb5931,BMW,320,Break,Dealer,5490,d,328000,06-2011,https://prod.pictures.autoscout24.net/listing-images/f5a88891-03b1-4485-864e-af23e1eb5931_b1c33ee7-96d0-4db3-9468-d95247f07e56.jpg/250x188.webp,6238,106.12944231251511,4208,30
6777b8de-713c-4e12-be38-1136b140c041,BMW,116,Berline,PrivateSeller,5500,d,169500,02-2010,https://prod.pictures.autoscout24.net/listing-images/6777b8de-713c-4e12-be38-1136b140c041_67c9c309-fdc7-4179-96bf-9ced22e204f0.jpg/250x188.webp,3690,97.35219790448903,4693,3
99ea43f5-b84b-4b50-942a-18c6b12cfb37,BMW,320,Break,PrivateSeller,5500,b,168000,12-2003,https://prod.pictures.autoscout24.net/listing-images/99ea43f5-b84b-4b50-942a-18c6b12cfb37_9de38cea-56cb-4195-8c36-73af7465fe51.jpg/250x188.webp,1030,66.85598932704684,6947,6
482ec27d-3648-4a46-83ee-409705230f89,BMW,X3,SUV/4x4/Pick-up,PrivateSeller,5500,d,220000,05-2010,https://prod.pictures.autoscout24.net/listing-images/482ec27d-3648-4a46-83ee-409705230f89_b9b757c7-f603-48f2-85cd-d6e451c4e741.jpg/250x188.webp,1980,56.21438376025373,4604,45
cd27dbd9-9e7b-458d-ab0b-f6b869872bbe,BMW,X3,SUV/4x4/Pick-up,PrivateSeller,5500,d,220000,05-2010,https://prod.pictures.autoscout24.net/listing-images/cd27dbd9-9e7b-458d-ab0b-f6b869872bbe_739a1fc5-82d7-4767-ab4c-8a7646f34ed4.jpg/250x188.webp,1980,56.21438376025373,4604,45
6914e8d6-876d-4184-a181-450e646418ef,BMW,116,Berline,PrivateSeller,5500,b,171500,03-2006,https://prod.pictures.autoscout24.net/listing-images/6914e8d6-876d-4184-a181-450e646418ef_de586269-d827-4c3b-af4f-b8f3095a7b9a.jpg/250x188.webp,2430,55.198027110467564,6126,57
31c6d4d0-95dd-4bf0-8a2c-1f789a63def3,BMW,318,Berline,PrivateSeller,5500,b,134500,02-1993,https://prod.pictures.autoscout24.net/listing-images/31c6d4d0-95dd-4bf0-8a2c-1f789a63def3_02ee5372-af94-44f5-80a4-b217c55f334a.jpg/250x188.webp,4800,137.3735948615729,10902,61
61fc70e6-9090-494f-91d8-021434c3fb17,BMW,118,Berline,PrivateSeller,5500,d,236000,12-2009,https://prod.pictures.autoscout24.net/listing-images/61fc70e6-9090-494f-91d8-021434c3fb17_d7b8d5fd-307a-4628-9b8b-d63d912fa99d.jpg/250x188.webp,1780,63.273818071645216,4755,70
938e961d-9c7f-43b2-b3b6-31810ba35551,BMW,Z3,Cabriolet,PrivateSeller,5500,b,248500,04-1999,https://prod.pictures.autoscout24.net/listing-images/938e961d-9c7f-43b2-b3b6-31810ba35551_5ae140ff-9840-4ad8-8db0-455b5194775f.jpg/250x188.webp,1850,59.738651260413086,8652,90
dc7807ae-059b-4b86-8f60-4701990d2949,BMW,520,Berline,PrivateSeller,5500,b,160448,08-1998,https://prod.pictures.autoscout24.net/listing-images/dc7807ae-059b-4b86-8f60-4701990d2949_6f56c36a-498a-4811-a599-20d1859152a9.jpg/250x188.webp,3990,78.29825218048973,8895,93
f476f0e9-057a-452e-a77e-881624902da7,BMW,116,Berline,PrivateSeller,5500,b,180000,05-2011,https://prod.pictures.autoscout24.net/listing-images/f476f0e9-057a-452e-a77e-881624902da7_533e122d-ff4a-4ff8-b4b5-f9292c8fee4b.jpg/250x188.webp,1180,74.57281408996285,4239,105
05329da1-97a1-4c30-8f4a-0b6594efb1b2,BMW,118,Berline,PrivateSeller,5500,d,283550,12-2009,https://prod.pictures.autoscout24.net/listing-images/05329da1-97a1-4c30-8f4a-0b6594efb1b2_115dd61d-b730-4a5e-93d8-a1c0d1346518.jpg/250x188.webp,4420,117.69595814517041,4755,116
2b2ace07-9e19-4e15-ae81-960ac5a312d5,BMW,520,Berline,PrivateSeller,5500,d,304475,07-2008,https://prod.pictures.autoscout24.net/listing-images/2b2ace07-9e19-4e15-ae81-960ac5a312d5_18ea4a12-bf66-479e-9432-58abf7ca6cad.jpg/250x188.webp,9940,62.66558746753047,5273,128
dbb72f81-d9ee-45e3-ba19-0b4fbb529f74,BMW,520,Berline,PrivateSeller,5500,d,304300,07-2008,https://prod.pictures.autoscout24.net/listing-images/dbb72f81-d9ee-45e3-ba19-0b4fbb529f74_c77a72e5-b6fd-4ee4-823f-24fe3bc0ba1d.jpg/250x188.webp,9940,62.66558746753047,5273,140
ea4ea094-ec2f-473c-ab2e-4f076166d339,BMW,735,Berline,PrivateSeller,5500,b,200000,08-2003,https://prod.pictures.autoscout24.net/listing-images/ea4ea094-ec2f-473c-ab2e-4f076166d339_fc5db255-d611-44bb-8106-a1702c3884a7.jpg/250x188.webp,9620,79.3684737361704,7069,131
937bcb4a-c859-4aa2-bff1-39a3414aee63,BMW,318,Berline,PrivateSeller,5500,b,135000,10-1993,https://prod.pictures.autoscout24.net/listing-images/937bcb4a-c859-4aa2-bff1-39a3414aee63_40e33ea7-283e-4163-94b6-b310e8a6e374.jpg/250x188.webp,1651,78.98056604317188,10660,145
2b551f61-27be-48e8-8f1f-8d26df84a287,BMW,525,Berline,PrivateSeller,5500,b,3000000,09-2003,https://prod.pictures.autoscout24.net/listing-images/2b551f61-27be-48e8-8f1f-8d26df84a287_95b226be-1232-4b2b-b030-9a8a2980ecd2.jpg/250x188.webp,1300,83.88957347991013,7038,160
a617b39b-d22d-4cd9-80c5-d3736c2156df,BMW,525,Berline,PrivateSeller,5500,b,300000,10-2003,https://prod.pictures.autoscout24.net/listing-images/a617b39b-d22d-4cd9-80c5-d3736c2156df_1e1e946b-21ba-4137-ac42-959c04d71caa.jpg/250x188.webp,1300,83.88957347991013,7008,159
0d24f3b6-b2f4-4e75-959e-a2ef970a3b00,BMW,318,Cabriolet,PrivateSeller,5500,b,205000,07-2003,https://prod.pictures.autoscout24.net/listing-images/0d24f3b6-b2f4-4e75-959e-a2ef970a3b00_81904adb-cfd4-4737-90f6-2df686e1a942.jpg/250x188.webp,2590,40.120145833533044,7100,396
8b9cf4ce-aa1d-4d74-ada1-c0b916048846,BMW,,Berline,PrivateSeller,5555,b,305260,09-1994,https://prod.pictures.autoscout24.net/listing-images/8b9cf4ce-aa1d-4d74-ada1-c0b916048846_5c02b509-effe-41fa-9b31-830380293afe.jpg/250x188.webp,4530,111.99734570714251,10325,11
5d157ddf-ef2f-49d8-97db-cd66db700da4,BMW,520,Berline,PrivateSeller,5600,d,268000,10-2009,https://prod.pictures.autoscout24.net/listing-images/5d157ddf-ef2f-49d8-97db-cd66db700da4_b83239e8-deeb-4c13-bca1-2a1d7764ef03.jpg/250x188.webp,3500,86.84432103923942,4816,25
24edbaeb-3b85-40de-b1aa-244571fc3ae8,BMW,318,Break,PrivateSeller,5600,d,258000,06-2011,https://prod.pictures.autoscout24.net/listing-images/24edbaeb-3b85-40de-b1aa-244571fc3ae8_f943dc30-c54a-4bf9-8f7b-004b007ccf10.jpg/250x188.webp,9032,67.73238450613185,4208,29
606f4c8d-c93b-49a4-9f82-5565c245cc4f,BMW,318,Cabriolet,PrivateSeller,5600,b,177000,04-2004,https://prod.pictures.autoscout24.net/listing-images/606f4c8d-c93b-49a4-9f82-5565c245cc4f_848a7f29-fb4c-4597-8373-dfd83a4b93c6.jpg/250x188.webp,2880,47.93429287155117,6825,29
11ad4ce4-d90d-4c80-b8d3-09b2f67b4cb7,BMW,118,Berline,PrivateSeller,5600,d,182016,02-2010,https://prod.pictures.autoscout24.net/listing-images/11ad4ce4-d90d-4c80-b8d3-09b2f67b4cb7_1cd07ac0-211b-430b-b052-47db779caff5.jpg/250x188.webp,2980,26.521830769361618,4693,123
606e8dce-a7f6-4232-b091-bebbd3f77719,BMW,118,Berline,PrivateSeller,5600,d,230000,04-2008,https://prod.pictures.autoscout24.net/listing-images/606e8dce-a7f6-4232-b091-bebbd3f77719_290281f9-8a0a-41b5-92e2-32caf202d0ed.jpg/250x188.webp,4000,118.53949006185148,5364,137
3f72331f-efca-46c3-aa0f-dac37103f262,BMW,318,Berline,Dealer,5699,d,248000,10-2010,https://prod.pictures.autoscout24.net/listing-images/3f72331f-efca-46c3-aa0f-dac37103f262_1d326464-7fbd-4734-a3af-abd8237e7df7.jpg/250x188.webp,1600,78.61296004280759,4451,65
27134a98-6f58-4966-8329-4d2f673a9b96,BMW,316,Break,PrivateSeller,5700,d,231000,12-2010,https://prod.pictures.autoscout24.net/listing-images/27134a98-6f58-4966-8329-4d2f673a9b96_cf546ae4-a882-416b-b94b-7b6e9e98947b.jpg/250x188.webp,4500,119.58764611108163,4390,12
1c1088d7-2fa2-4cef-93c4-09edc31fab1c,BMW,316,Break,PrivateSeller,5700,d,231000,12-2010,https://prod.pictures.autoscout24.net/listing-images/1c1088d7-2fa2-4cef-93c4-09edc31fab1c_1765099b-d2f6-48c7-b5e1-95a352a549a3.jpg/250x188.webp,4500,119.58764611108163,4390,12
def3b890-26cc-4639-b469-5ee8823d54ee,BMW,320,Berline,PrivateSeller,5700,d,280000,06-2010,https://prod.pictures.autoscout24.net/listing-images/def3b890-26cc-4639-b469-5ee8823d54ee_73d43cf4-8e81-4cce-9280-7ffa3aab162c.jpg/250x188.webp,9160,52.83263590517851,4573,24
179a3205-68c3-42d9-b6ae-b77fb8227c77,BMW,318,Andere,PrivateSeller,5700,b,187000,05-2001,https://prod.pictures.autoscout24.net/listing-images/179a3205-68c3-42d9-b6ae-b77fb8227c77_be15b30c-f166-47cd-96ab-50a4bdc248a0.jpg/250x188.webp,9450,74.09805150440516,7891,52
a886e15c-c71f-4f3c-a37c-bd78af987cf9,BMW,120,Berline,PrivateSeller,5700,b,185000,06-2009,https://prod.pictures.autoscout24.net/listing-images/a886e15c-c71f-4f3c-a37c-bd78af987cf9_bfdea2d5-64e8-4cbf-9667-6167fdc44878.jpg/250x188.webp,5060,116.00750129472273,4938,121
44437a18-f20f-4054-bd0d-10c53ae9097f,BMW,316,Break,PrivateSeller,5750,d,245000,10-2010,https://prod.pictures.autoscout24.net/listing-images/44437a18-f20f-4054-bd0d-10c53ae9097f_3489a71e-c1e7-49dc-ae96-d73231ee04a5.jpg/250x188.webp,2800,49.170515286575046,4451,2
0f04fa44-9e9e-41d1-8f8f-da3f2061e573,BMW,320,Berline,Dealer,5750,b,230000,05-2007,https://prod.pictures.autoscout24.net/listing-images/0f04fa44-9e9e-41d1-8f8f-da3f2061e573_3e8f40f5-6e32-4126-8f96-16ba0325c35e.jpg/250x188.webp,2100,27.421552979694752,5700,7
4358575f-802f-47f7-84ed-1de946d712ab,BMW,520,Berline,Dealer,5750,d,222000,08-2008,https://prod.pictures.autoscout24.net/listing-images/4358575f-802f-47f7-84ed-1de946d712ab_fc6d2e65-d129-40d4-b481-4aa28f9fde62.jpg/250x188.webp,9250,48.29700857036449,5242,8
c0cd459d-231f-407e-8486-b1c9323d66ae,BMW,118,Cabriolet,Dealer,5750,d,307125,03-2010,https://prod.pictures.autoscout24.net/listing-images/c0cd459d-231f-407e-8486-b1c9323d66ae_6b516f05-4085-4944-8ecf-0b801c64cc8e.jpg/250x188.webp,1840,54.29299877782283,4665,9
13c7f1d3-8349-4333-8e89-96136eb27a0f,BMW,316,Berline,PrivateSeller,5750,d,267000,09-2010,https://prod.pictures.autoscout24.net/listing-images/13c7f1d3-8349-4333-8e89-96136eb27a0f_a0976c69-1764-44bd-8a5b-af0c8510532f.jpg/250x188.webp,2500,38.36429357421789,4481,42
f84e0876-834b-4c1e-b6db-99be791f9563,BMW,116,Berline,PrivateSeller,5750,d,214000,08-2011,https://prod.pictures.autoscout24.net/listing-images/f84e0876-834b-4c1e-b6db-99be791f9563_c04b3a42-ed6a-4f9c-9617-d78550bd5adc.jpg/250x188.webp,8790,97.02122056774895,4147,80
8f6a9828-15d1-461a-8bf6-9ba346d28054,BMW,520,Break,PrivateSeller,5750,d,280000,11-2009,https://prod.pictures.autoscout24.net/listing-images/8f6a9828-15d1-461a-8bf6-9ba346d28054_36074da7-3c21-41ed-85dd-32171ead3777.jpg/250x188.webp,1030,66.85598932704684,4785,90
d0d92a27-d4bc-460f-95af-48cb1af00c49,BMW,520,Berline,PrivateSeller,5750,d,170000,11-2007,https://prod.pictures.autoscout24.net/listing-images/d0d92a27-d4bc-460f-95af-48cb1af00c49_59614f08-486e-44f0-80c0-e6d47edb4f5b.jpg/250x188.webp,7131,119.34870957431832,5516,96
de05c186-35a0-46a4-84c5-f8c6d40afc8e,BMW,Z3,Cabriolet,PrivateSeller,5750,b,198000,04-1998,https://prod.pictures.autoscout24.net/listing-images/de05c186-35a0-46a4-84c5-f8c6d40afc8e_7ba4881a-79f8-4f79-a778-a9febde72beb.jpg/250x188.webp,6180,111.8460773215552,9017,109
374ca631-ab89-4730-8b4f-bb4f30be785c,BMW,X3,SUV/4x4/Pick-up,Dealer,5750,d,235000,10-2005,https://prod.pictures.autoscout24.net/listing-images/374ca631-ab89-4730-8b4f-bb4f30be785c_fe013018-5855-407b-b2f3-d164930c95b9.jpg/250x188.webp,1420,87.49639779077864,6277,199
bd84ec2e-e57d-4223-adb0-716fea6eb1f7,BMW,116,Berline,PrivateSeller,5799,d,225000,01-2012,https://prod.pictures.autoscout24.net/listing-images/bd84ec2e-e57d-4223-adb0-716fea6eb1f7_071a396a-83ed-471c-9352-c68653520776.jpg/250x188.webp,2610,33.817501233272104,3994,75
51c83d1b-278c-4ee2-bb08-13a1121350da,BMW,116,Berline,PrivateSeller,5799,d,220000,01-2012,https://prod.pictures.autoscout24.net/listing-images/51c83d1b-278c-4ee2-bb08-13a1121350da_cfc1cd4e-2ab7-4ab0-a820-9a2a27e9f78c.jpg/250x188.webp,2610,33.817501233272104,3994,99
7056322c-9bd8-4398-ac8d-cad776d3d69a,BMW,116,Berline,PrivateSeller,5800,b,143500,12-2009,https://prod.pictures.autoscout24.net/listing-images/7056322c-9bd8-4398-ac8d-cad776d3d69a_34d933ed-5ef4-46e2-b246-fbdb2c6598eb.jpg/250x188.webp,4101,118.87833085700652,4755,4
4d5dd947-13b6-40bf-aa71-3cc5206df796,BMW,330,Break,PrivateSeller,5800,d,196000,02-2004,https://prod.pictures.autoscout24.net/listing-images/4d5dd947-13b6-40bf-aa71-3cc5206df796_e5e3bf28-c0cd-41be-a516-7a2bf84a03e1.jpg/250x188.webp,4537,111.70318498346515,6885,7
39bd60ed-9f8f-4a8b-ab23-b6711b5657ee,BMW,318,Break,PrivateSeller,5800,d,204248,07-2010,https://prod.pictures.autoscout24.net/listing-images/39bd60ed-9f8f-4a8b-ab23-b6711b5657ee_92e81469-608b-4e96-8865-fa0f219a96c2.jpg/250x188.webp,3910,74.58525657452907,4543,86
74a88768-14ca-4c1b-a9cf-fe8cee9333a6,BMW,118,Berline,PrivateSeller,5800,d,238000,09-2009,https://prod.pictures.autoscout24.net/listing-images/74a88768-14ca-4c1b-a9cf-fe8cee9333a6_427de820-2e77-4716-8815-6025f68b4b79.jpg/250x188.webp,1200,69.44150665917473,4846,95
4565d72a-6f95-45b1-993a-f89f197e6a3a,BMW,316,Break,PrivateSeller,5850,d,180000,03-2011,https://prod.pictures.autoscout24.net/listing-images/4565d72a-6f95-45b1-993a-f89f197e6a3a_478ffa42-0ddb-4b46-9e62-b7cac1ed34da.jpg/250x188.webp,1090,66.80320352454842,4300,89
b2703c44-80b3-4bd4-9b61-e5148fb152e6,BMW,116,Berline,Dealer,5850,d,293609,11-2013,https://prod.pictures.autoscout24.net/listing-images/b2703c44-80b3-4bd4-9b61-e5148fb152e6_5db36958-e4f6-4744-bd5f-8d4865de640f.jpg/250x188.webp,1910,61.06717284299515,3324,227
7570f6fb-481c-4f6e-abaf-9f13977ed771,BMW,116,Berline,Dealer,5899,b,140000,12-2010,https://prod.pictures.autoscout24.net/listing-images/7570f6fb-481c-4f6e-abaf-9f13977ed771_83f1feb7-c203-4ec3-a7b4-891c14365ac2.jpg/250x188.webp,1082,68.04437182438213,4390,47
84bd9ce7-e509-43dd-841f-9cb29e55dc27,BMW,318,Coupé,PrivateSeller,5900,b,243000,06-1996,https://prod.pictures.autoscout24.net/listing-images/84bd9ce7-e509-43dd-841f-9cb29e55dc27_21821764-d1cc-4391-abec-58800993cbd3.jpg/250x188.webp,7110,114.70139141445502,9686,3
c4653337-2718-4b35-b7d8-f2f19c99aba2,BMW,116,Berline,PrivateSeller,5900,b,165825,12-2006,https://prod.pictures.autoscout24.net/listing-images/c4653337-2718-4b35-b7d8-f2f19c99aba2_76800beb-bcb5-450f-a531-5effd092fc1f.jpg/250x188.webp,9200,55.33414746561007,5851,6
a7cc5188-77c4-4117-8263-b33326d407fb,BMW,X3,SUV/4x4/Pick-up,Dealer,5900,d,243000,11-2008,https://prod.pictures.autoscout24.net/listing-images/a7cc5188-77c4-4117-8263-b33326d407fb_cdb22b1e-525f-4c7e-8d1b-52d531e36a00.jpg/250x188.webp,1840,54.29299877782283,5150,15
caf9f025-dd2d-4b8a-8ad3-d85e79d4e3d9,BMW,520,Berline,PrivateSeller,5900,d,198962,08-2007,https://prod.pictures.autoscout24.net/listing-images/caf9f025-dd2d-4b8a-8ad3-d85e79d4e3d9_4b068fec-694f-4af7-b4fc-5fcd86139c49.jpg/250x188.webp,7700,118.9523807230755,5608,27
132fbfc4-2d32-4a74-aced-d167a439a72b,BMW,325,Cabriolet,PrivateSeller,5900,b,168000,12-2001,https://prod.pictures.autoscout24.net/listing-images/132fbfc4-2d32-4a74-aced-d167a439a72b_de1098ee-4721-4682-9d64-304aaa38e246.jpg/250x188.webp,1000,69.17270624549755,7677,26
b4254d61-bef4-4dbb-a0c7-c31fef391428,BMW,Z3,Cabriolet,Dealer,5900,b,276928,06-2000,https://prod.pictures.autoscout24.net/listing-images/b4254d61-bef4-4dbb-a0c7-c31fef391428_1fcfcf9b-062c-4a41-aeec-0e8b5facf8f8.jpg/250x188.webp,1930,65.18883147641638,8225,36
f2f37ab2-b40f-4114-93cb-7cb2cb2af006,BMW,320,Berline,PrivateSeller,5900,b,165000,03-2009,https://prod.pictures.autoscout24.net/listing-images/f2f37ab2-b40f-4114-93cb-7cb2cb2af006_fe792413-13aa-4636-b064-c7a0a2782b25.jpg/250x188.webp,1860,59.6090801187706,5030,39
f154f4a7-6b97-48b1-b305-3bc0f15500fc,BMW,730,Berline,PrivateSeller,5900,d,220000,11-2005,https://prod.pictures.autoscout24.net/listing-images/f154f4a7-6b97-48b1-b305-3bc0f15500fc_2731b14b-d662-4541-96f8-7f6419f62e19.jpg/250x188.webp,3700,103.11033326257076,6246,57
3240450e-dd2f-4180-8474-2725a530c611,BMW,318,Andere,PrivateSeller,5900,b,80000,01-2004,https://prod.pictures.autoscout24.net/listing-images/3240450e-dd2f-4180-8474-2725a530c611_20999114-3886-4729-a7b2-2668babf8ed3.jpg/250x188.webp,4800,137.3735948615729,6916,64
05f6b4bd-c288-431e-aff5-49d586fdd4ee,BMW,116,Berline,PrivateSeller,5900,b,113995,03-2009,https://prod.pictures.autoscout24.net/listing-images/05f6b4bd-c288-431e-aff5-49d586fdd4ee_9173a45b-31af-4aa8-8951-2cdc2a2a4951.jpg/250x188.webp,2860,44.822901883818105,5030,174
0378cdb0-363a-41f7-8ed6-2dae8fb7d6cc,BMW,X3,SUV/4x4/Pick-up,PrivateSeller,5950,d,239000,10-2006,https://prod.pictures.autoscout24.net/listing-images/0378cdb0-363a-41f7-8ed6-2dae8fb7d6cc_7b191219-86cf-4fe1-aba9-f6beeb1e9f5b.jpg/250x188.webp,4100,122.70999344916741,5912,6
74e30111-314f-44a2-a0a5-0f24efb61bb1,BMW,Z4,Cabriolet,Dealer,5950,b,149000,11-2005,https://prod.pictures.autoscout24.net/listing-images/74e30111-314f-44a2-a0a5-0f24efb61bb1_27505232-c775-4b5d-8bef-4082a7ba94f5.jpg/250x188.webp,1745,59.24245705155604,6246,12
924ea513-40be-4f53-a021-c9298beb650b,BMW,318,Berline,Dealer,5950,d,206910,09-2009,https://prod.pictures.autoscout24.net/listing-images/924ea513-40be-4f53-a021-c9298beb650b_9b98eb46-3d61-4169-bee7-10d8e954d0d2.jpg/250x188.webp,6043,111.88562923228113,4846,49
dac8c12e-e2ff-4e4c-a9d7-c9451f5f6d08,BMW,318,Break,PrivateSeller,5950,d,186000,09-2010,https://prod.pictures.autoscout24.net/listing-images/dac8c12e-e2ff-4e4c-a9d7-c9451f5f6d08_01ca9c47-6fae-4ed9-8511-1ab0f50b9170.jpg/250x188.webp,6180,111.8460773215552,4481,117
897b8bee-a6e4-41f9-8dcb-a962f48085ca,BMW,116,Berline,Dealer,5990,b,170000,12-2006,https://prod.pictures.autoscout24.net/listing-images/897b8bee-a6e4-41f9-8dcb-a962f48085ca_78f7af05-0813-42ff-9633-fb0a7fb22acb.jpg/250x188.webp,2100,27.421552979694752,5851,1
85e9f23f-b281-40d4-b4bb-3e0a286f72a3,BMW,528,Berline,PrivateSeller,5990,b,172300,10-1999,https://prod.pictures.autoscout24.net/listing-images/85e9f23f-b281-40d4-b4bb-3e0a286f72a3_2d07293c-b83b-4d4d-be07-aa8be4a7e40b.jpg/250x188.webp,6800,177.7465643211455,8469,47
07b714ac-f565-4882-b764-bd69a103732a,BMW,Z4,Cabriolet,Dealer,5990,b,134002,10-2003,https://prod.pictures.autoscout24.net/listing-images/07b714ac-f565-4882-b764-bd69a103732a_2182115d-764b-43af-b99b-7175368f97ee.jpg/250x188.webp,5140,104.85389989976589,7008,54
793cc7d2-3f92-437a-a22d-8d774b3d6d68,BMW,318,Berline,PrivateSeller,5990,b,97000,06-2006,https://prod.pictures.autoscout24.net/listing-images/793cc7d2-3f92-437a-a22d-8d774b3d6d68_07a435be-7653-4d52-b07e-7a6e6dbd5974.jpg/250x188.webp,5190,108.63324346377956,6034,134
897b8bee-a6e4-41f9-8dcb-a962f48085ca,BMW,116,Berline,Dealer,5990,b,170000,12-2006,https://prod.pictures.autoscout24.net/listing-images/897b8bee-a6e4-41f9-8dcb-a962f48085ca_78f7af05-0813-42ff-9633-fb0a7fb22acb.jpg/250x188.webp,2100,27.421552979694752,5851,1
85e9f23f-b281-40d4-b4bb-3e0a286f72a3,BMW,528,Berline,PrivateSeller,5990,b,172300,10-1999,https://prod.pictures.autoscout24.net/listing-images/85e9f23f-b281-40d4-b4bb-3e0a286f72a3_2d07293c-b83b-4d4d-be07-aa8be4a7e40b.jpg/250x188.webp,6800,177.7465643211455,8469,47
07b714ac-f565-4882-b764-bd69a103732a,BMW,Z4,Cabriolet,Dealer,5990,b,134002,10-2003,https://prod.pictures.autoscout24.net/listing-images/07b714ac-f565-4882-b764-bd69a103732a_2182115d-764b-43af-b99b-7175368f97ee.jpg/250x188.webp,5140,104.85389989976589,7008,54
793cc7d2-3f92-437a-a22d-8d774b3d6d68,BMW,318,Berline,PrivateSeller,5990,b,97000,06-2006,https://prod.pictures.autoscout24.net/listing-images/793cc7d2-3f92-437a-a22d-8d774b3d6d68_07a435be-7653-4d52-b07e-7a6e6dbd5974.jpg/250x188.webp,5190,108.63324346377956,6034,134
0f48fec6-3203-432b-b626-3788f915b68e,BMW,116,Berline,Dealer,5999,d,203000,01-2012,https://prod.pictures.autoscout24.net/listing-images/0f48fec6-3203-432b-b626-3788f915b68e_e6bda160-aeb1-406b-a53a-b4de91f59611.jpg/250x188.webp,7334,119.8412190961509,3994,10
00dbba79-c2ee-4688-9ae8-411916b722d9,BMW,116,Berline,Dealer,5999,b,155210,09-2005,https://prod.pictures.autoscout24.net/listing-images/00dbba79-c2ee-4688-9ae8-411916b722d9_9d4e2e49-2746-4176-a64f-cd1874026774.jpg/250x188.webp,1480,90.6722887329444,6307,78
b02d1d62-0b24-4ae3-b8e8-1f81d607e41b,BMW,Z3,Cabriolet,PrivateSeller,5999,b,210000,08-1999,https://prod.pictures.autoscout24.net/listing-images/b02d1d62-0b24-4ae3-b8e8-1f81d607e41b_1e5624d7-96a2-4197-8626-51159baef274.jpg/250x188.webp,7000,118.39471915054493,8530,103
0aa6085c-6d0e-40b0-8a6e-dc618df9aed4,BMW,116,Berline,PrivateSeller,6000,b,112000,06-2008,https://prod.pictures.autoscout24.net/listing-images/0aa6085c-6d0e-40b0-8a6e-dc618df9aed4_9d54d075-7351-4754-a0ab-36b28301a655.jpg/250x188.webp,8780,99.55156553209542,5303,2
d1383de9-761f-4e78-9d45-af8f0320c3a6,BMW,318,Berline,PrivateSeller,6000,d,194600,10-2008,https://prod.pictures.autoscout24.net/listing-images/d1383de9-761f-4e78-9d45-af8f0320c3a6_00ed5f2e-ec2a-4c60-abf4-c6969bb529d7.jpg/250x188.webp,4460,114.8668906662163,5181,2
69b6d4de-2214-471a-aa3d-bdfbcd7f706c,BMW,520,Break,PrivateSeller,6000,d,230000,11-2010,https://prod.pictures.autoscout24.net/listing-images/69b6d4de-2214-471a-aa3d-bdfbcd7f706c_c8d777e7-cd96-48ab-86c0-1eda6214ceef.jpg/250x188.webp,2018,27.94913546724415,4420,12
a3ce8e10-a900-4e75-9b94-35b54ef72d6b,BMW,320,Coupé,PrivateSeller,6000,d,290000,02-2004,https://prod.pictures.autoscout24.net/listing-images/a3ce8e10-a900-4e75-9b94-35b54ef72d6b_9d50ed63-5dcb-4126-a352-51aadfebedc1.jpg/250x188.webp,2440,49.365434961335374,6885,24
3b7e4670-de7c-40c1-ac74-419b6749b0a9,BMW,318,Berline,PrivateSeller,6000,d,226000,04-2009,https://prod.pictures.autoscout24.net/listing-images/3b7e4670-de7c-40c1-ac74-419b6749b0a9_39e4afb7-3b7b-4a64-a408-d0fff762ae03.jpg/250x188.webp,6020,116.87427855072593,4999,25
f6e5766b-a3ae-401a-ac04-5284f8855612,BMW,116,Berline,PrivateSeller,6000,d,238000,10-2009,https://prod.pictures.autoscout24.net/listing-images/f6e5766b-a3ae-401a-ac04-5284f8855612_5784c26e-1c64-440c-9d0d-bba7d4a0c767.jpg/250x188.webp,3440,85.56004650270671,4816,29
d5528de6-6a25-4712-86e7-d2f01f9bc5cf,BMW,323,Andere,PrivateSeller,6000,b,216000,07-2000,https://prod.pictures.autoscout24.net/listing-images/d5528de6-6a25-4712-86e7-d2f01f9bc5cf_6ea171b8-bba7-496a-9784-9b74dcd9c2f7.jpg/250x188.webp,7000,118.39471915054493,8195,31
56f624d0-7cda-495f-9c52-88212205983f,BMW,318,Berline,PrivateSeller,6000,d,220000,12-2007,https://prod.pictures.autoscout24.net/listing-images/56f624d0-7cda-495f-9c52-88212205983f_e43cf2c7-238d-4706-8800-2c3e05235c1f.jpg/250x188.webp,5500,136.40807183238792,5486,36
28490e01-4fd4-43b2-a3e0-0a563e22266c,BMW,323,Andere,PrivateSeller,6000,b,252000,09-1999,https://prod.pictures.autoscout24.net/listing-images/28490e01-4fd4-43b2-a3e0-0a563e22266c_e369c04c-1925-4bb0-91c1-7b7c9c5c44ee.jpg/250x188.webp,1495,100.31070706891583,8499,36
5418a9ad-97a5-4958-af7f-be2d21e7649a,BMW,118,Berline,PrivateSeller,6000,b,110000,09-2006,https://prod.pictures.autoscout24.net/listing-images/5418a9ad-97a5-4958-af7f-be2d21e7649a_6ffca379-7738-4733-a1a2-bde3daf0ca2b.jpg/250x188.webp,1850,59.738651260413086,5942,56
a94227c2-b18c-4393-bc15-c3ad7373877c,BMW,116,Berline,PrivateSeller,6000,d,252000,12-2011,https://prod.pictures.autoscout24.net/listing-images/a94227c2-b18c-4393-bc15-c3ad7373877c_bc58c78d-0e35-449e-adab-01537ef0af4a.jpg/250x188.webp,9200,55.33414746561007,4025,64
765e50d7-5e17-4d94-80f9-da445b710faa,BMW,318,Andere,PrivateSeller,6000,b,267000,11-2004,https://prod.pictures.autoscout24.net/listing-images/765e50d7-5e17-4d94-80f9-da445b710faa_760ed943-8f0d-4d0c-94c1-dcae386a0b29.jpg/250x188.webp,7380,129.95614046754844,6611,64
7e0392b3-535a-463c-82f8-4988d35c99de,BMW,320,Berline,PrivateSeller,6000,b,175000,12-1994,https://prod.pictures.autoscout24.net/listing-images/7e0392b3-535a-463c-82f8-4988d35c99de_80fb3378-8cf6-4f60-a0c4-c806ce6b2a76.jpg/250x188.webp,8650,123.17495676946584,10234,104
52c52e2b-982f-451c-9314-21d2779de35d,BMW,318,Andere,PrivateSeller,6000,b,134000,10-2000,https://prod.pictures.autoscout24.net/listing-images/52c52e2b-982f-451c-9314-21d2779de35d_d45b80d3-f020-4af6-914c-12ccef6bfbbc.jpg/250x188.webp,2180,21.09149267089788,8103,65
453a8931-06bc-4db2-b3bb-406ee47c06a4,BMW,116,Berline,PrivateSeller,6000,d,168641,09-2009,https://prod.pictures.autoscout24.net/listing-images/453a8931-06bc-4db2-b3bb-406ee47c06a4_dbf35f1d-81f1-44a2-8d8e-44ed3797b23a.jpg/250x188.webp,3730,99.27898289790359,4846,73
b52d75eb-8015-4734-a9c1-93595d9b13f1,BMW,116,Berline,PrivateSeller,6000,b,175000,09-2010,https://prod.pictures.autoscout24.net/listing-images/b52d75eb-8015-4734-a9c1-93595d9b13f1_2c2430ef-db08-4ae7-a98c-b966c23479ff.jpg/250x188.webp,5580,153.28424572738868,4481,89
f7873244-71cb-4035-b212-276354e33d41,BMW,328,Coupé,PrivateSeller,6000,b,150000,01-2001,https://prod.pictures.autoscout24.net/listing-images/f7873244-71cb-4035-b212-276354e33d41_39e88a2a-0ad3-4911-b6f2-d592df19eb13.jpg/250x188.webp,1428,91.7253544984551,8011,88
1e1f13a8-6252-48b3-8b30-563fbf0e011d,BMW,325,Berline,PrivateSeller,6000,b,272000,06-2005,https://prod.pictures.autoscout24.net/listing-images/1e1f13a8-6252-48b3-8b30-563fbf0e011d_ffd30666-3ced-445b-92e9-a24ad5a5cb75.jpg/250x188.webp,1600,78.61296004280759,6399,95
2a33fbd5-0ccb-48b3-8853-841e64a69141,BMW,316,Break,PrivateSeller,6000,b,215000,08-1993,https://prod.pictures.autoscout24.net/listing-images/2a33fbd5-0ccb-48b3-8853-841e64a69141_db8f607d-a1c0-49d5-8c2c-789dbe09b948.jpg/250x188.webp,9300,66.4098627619792,10721,96
d99802fc-e459-42ef-be8c-b14c1d111121,BMW,X3,SUV/4x4/Pick-up,PrivateSeller,6000,d,219000,01-2005,https://prod.pictures.autoscout24.net/listing-images/d99802fc-e459-42ef-be8c-b14c1d111121_9b9f3c45-9754-4ab7-a379-081dff81d715.jpg/250x188.webp,7500,124.32337959708627,6550,98
f2064e7e-9f85-4c14-8913-abf1dabc84e7,BMW,116,Berline,PrivateSeller,6000,b,200000,08-2004,https://prod.pictures.autoscout24.net/listing-images/f2064e7e-9f85-4c14-8913-abf1dabc84e7_b7da1744-51dc-4cd9-9bac-3c899e1494e3.jpg/250x188.webp,8580,104.99033721114048,6703,128
72d259f6-f47a-44e5-9f1a-4e58dc706eff,BMW,118,Berline,PrivateSeller,6000,d,273000,11-2010,https://prod.pictures.autoscout24.net/listing-images/72d259f6-f47a-44e5-9f1a-4e58dc706eff_7fa05950-596e-48c8-83a9-688481deb304.jpg/250x188.webp,7000,118.39471915054493,4420,134
5329fa9e-194a-466b-9259-ff96c9e0dd26,BMW,118,Berline,PrivateSeller,6000,d,135000,10-2007,https://prod.pictures.autoscout24.net/listing-images/5329fa9e-194a-466b-9259-ff96c9e0dd26_9f018727-d1c4-431f-813e-1f577f0d981b.jpg/250x188.webp,8900,132.89189018035066,5547,137
5f9952ef-d8be-4556-b0cc-becd35bcb8ba,BMW,116,Berline,PrivateSeller,6000,b,158500,03-2006,https://prod.pictures.autoscout24.net/listing-images/5f9952ef-d8be-4556-b0cc-becd35bcb8ba_50d17b64-b069-432f-bba6-faac05158422.jpg/250x188.webp,5100,120.21149902452048,6126,165
ff476e45-7978-46b4-967a-9291c38e150b,BMW,116,Berline,PrivateSeller,6000,d,173000,07-2010,https://prod.pictures.autoscout24.net/listing-images/ff476e45-7978-46b4-967a-9291c38e150b_29e6e923-564e-48d9-a52e-d7b5653d222f.jpg/250x188.webp,8000,90.37195651627515,4543,165
02ce72a8-10ca-4655-9b18-75bbfba44523,BMW,730,Berline,PrivateSeller,6100,b,238720,11-1994,https://prod.pictures.autoscout24.net/listing-images/02ce72a8-10ca-4655-9b18-75bbfba44523_e156f4b7-4fc0-43ec-89ab-2cdae3c9dd7c.jpg/250x188.webp,1030,66.85598932704684,10264,78
2dabbf85-0580-4eae-a855-bd97e6280e44,BMW,318,Break,PrivateSeller,6150,d,202000,10-2010,https://prod.pictures.autoscout24.net/listing-images/2dabbf85-0580-4eae-a855-bd97e6280e44_f60dfa39-b247-48cc-9fb8-aaa964bff6e3.jpg/250x188.webp,1000,69.17270624549755,4451,131
91ce2b95-9565-41c7-b8aa-5860a7b639e7,BMW,318,Break,PrivateSeller,6150,d,202000,06-2010,https://prod.pictures.autoscout24.net/listing-images/91ce2b95-9565-41c7-b8aa-5860a7b639e7_295576f9-a950-4a3c-9ea4-fad559464376.jpg/250x188.webp,1000,69.17270624549755,4573,173
966751f6-1ae4-44c9-b6f0-eb2f8de87b65,BMW,118,Berline,PrivateSeller,6200,d,264994,07-2008,https://prod.pictures.autoscout24.net/listing-images/966751f6-1ae4-44c9-b6f0-eb2f8de87b65_257e91d2-8c29-4b52-846a-97caef7e6237.jpg/250x188.webp,5002,113.22503086685693,5273,10
9feaa246-c55b-455a-80c8-e05baf74679e,BMW,318,Break,PrivateSeller,6200,d,270000,06-2010,https://prod.pictures.autoscout24.net/listing-images/9feaa246-c55b-455a-80c8-e05baf74679e_b6938671-0b90-4a84-a3b1-be95f778a51c.jpg/250x188.webp,1140,66.17447866127165,4573,20
5b4b8ae0-3073-4d17-a282-7b40026c42e6,BMW,330,Berline,PrivateSeller,6200,d,353800,05-2008,https://prod.pictures.autoscout24.net/listing-images/5b4b8ae0-3073-4d17-a282-7b40026c42e6_42ad60e2-08d0-48a4-956c-38e98e7b4c5a.jpg/250x188.webp,2840,43.35213990196281,5334,166
1f3e75a5-8409-48e2-a3cc-710b87d7a5bf,BMW,318,Break,PrivateSeller,6250,d,235000,07-2009,https://prod.pictures.autoscout24.net/listing-images/1f3e75a5-8409-48e2-a3cc-710b87d7a5bf_5f1fe31d-f45e-45df-a8ef-0d77cac6285f.jpg/250x188.webp,8530,105.8653486907627,4908,2
0960cf2d-1309-4011-8d69-cf03adf3eebb,BMW,320,Coupé,PrivateSeller,6250,d,234000,05-2008,https://prod.pictures.autoscout24.net/listing-images/0960cf2d-1309-4011-8d69-cf03adf3eebb_b751d718-c659-4e54-a8b0-d2310e145a82.jpg/250x188.webp,4460,114.8668906662163,5334,5
e6173676-e527-4c7d-911c-a8234d5da299,BMW,318,Break,PrivateSeller,6250,d,205000,01-2010,https://prod.pictures.autoscout24.net/listing-images/e6173676-e527-4c7d-911c-a8234d5da299_ead25cbe-838d-477d-8846-3006559aa707.jpg/250x188.webp,9600,100.62421555744224,4724,19
6f206c2e-5398-4f1c-b014-b4e439d38dd5,BMW,120,Cabriolet,Dealer,6250,d,205000,02-2008,https://prod.pictures.autoscout24.net/listing-images/6f206c2e-5398-4f1c-b014-b4e439d38dd5_2fe5b1e9-31bd-4100-bd27-44e016453987.jpg/250x188.webp,1081,68.14090124789017,5424,43
5b257496-86e0-4645-95d3-cafd0f35f67b,BMW,525,Berline,PrivateSeller,6250,b,295822,06-1989,https://prod.pictures.autoscout24.net/listing-images/5b257496-86e0-4645-95d3-cafd0f35f67b_81be7e75-4f46-451e-8da4-d1fa4d404adf.jpg/250x188.webp,7370,128.14216834969352,12243,66
29a9d57e-137a-4e8c-9086-c2f11dbcb332,BMW,320,Berline,Dealer,6250,d,179800,10-2008,https://prod.pictures.autoscout24.net/listing-images/29a9d57e-137a-4e8c-9086-c2f11dbcb332_519f63a1-41c0-4703-8f94-51f796a31d3b.jpg/250x188.webp,1640,80.60400182928595,5181,66
d54120b9-6722-436c-b5ee-d5c3cb9dc0e4,BMW,116,Berline,PrivateSeller,6250,b,188200,06-2010,https://prod.pictures.autoscout24.net/listing-images/d54120b9-6722-436c-b5ee-d5c3cb9dc0e4_34468c44-cade-498b-99e0-1f25e427d507.jpg/250x188.webp,3440,85.56004650270671,4573,81
cd7a4ac3-5479-4ad8-ae06-08a6587609b8,BMW,318,Break,PrivateSeller,6250,d,248000,04-2012,https://prod.pictures.autoscout24.net/listing-images/cd7a4ac3-5479-4ad8-ae06-08a6587609b8_02786f19-4f9d-4f46-9a1b-4a7d6c30e761.jpg/250x188.webp,4020,121.60247278825214,3903,107
7912783a-0d0c-4504-affc-81d0b94b0968,BMW,116,Berline,PrivateSeller,6290,d,229990,03-2010,https://prod.pictures.autoscout24.net/listing-images/7912783a-0d0c-4504-affc-81d0b94b0968_969c46b6-0578-4766-a0bd-7757d2006ae5.jpg/250x188.webp,5650,134.20153138251405,4665,33
3707af50-32f5-4a29-a32a-18082d776214,BMW,116,Berline,PrivateSeller,6300,b,144000,03-2007,https://prod.pictures.autoscout24.net/listing-images/3707af50-32f5-4a29-a32a-18082d776214_52b19f5a-9460-4c21-b9eb-629d9e2300e4.jpg/250x188.webp,8520,107.45339579517565,5761,16
59e3ea96-1994-4a71-a931-46e422f48e9f,BMW,520,Berline,PrivateSeller,6300,d,184500,01-2006,https://prod.pictures.autoscout24.net/listing-images/59e3ea96-1994-4a71-a931-46e422f48e9f_54e3d13d-c341-4b28-80a0-86c3285622a4.jpg/250x188.webp,2610,33.817501233272104,6185,28
1eb0058d-f83c-48ea-b258-86ac036ab7b0,BMW,118,Berline,PrivateSeller,6300,d,200000,01-2012,https://prod.pictures.autoscout24.net/listing-images/1eb0058d-f83c-48ea-b258-86ac036ab7b0_90686f2c-5c0f-46e0-88b9-f8c06ddc3ee4.jpg/250x188.webp,9160,52.83263590517851,3994,37
18a9ed1f-3819-41b9-943f-43360d4ddec7,BMW,318,Coupé,PrivateSeller,6300,b,173000,07-1984,https://prod.pictures.autoscout24.net/listing-images/18a9ed1f-3819-41b9-943f-43360d4ddec7_0a27e532-a386-49bc-aa54-e229551bd4c4.jpg/250x188.webp,9550,79.58604301591988,14039,74
14235efd-cb27-4b1e-afc9-9133497fb17f,BMW,320,Break,PrivateSeller,6300,d,232000,04-2006,https://prod.pictures.autoscout24.net/listing-images/14235efd-cb27-4b1e-afc9-9133497fb17f_e13f3ef5-8cd7-4b4e-8fbb-8cb26396f798.jpg/250x188.webp,9100,39.90739495574749,6095,124
cea2ab99-8cb4-4dee-8413-6a038dde1178,BMW,116,Berline,PrivateSeller,6400,d,200000,01-2012,https://prod.pictures.autoscout24.net/listing-images/cea2ab99-8cb4-4dee-8413-6a038dde1178_cec95e55-8ac3-40df-8f84-3c76ca3f8b61.jpg/250x188.webp,2430,55.198027110467564,3994,26
2eea4f24-dc5f-42d0-ac7d-ac0103346f47,BMW,116,Berline,PrivateSeller,6400,b,89000,03-2005,https://prod.pictures.autoscout24.net/listing-images/2eea4f24-dc5f-42d0-ac7d-ac0103346f47_28a87068-f90c-4e3b-8ffe-1f9309f358b1.jpg/250x188.webp,2812,50.89171354630399,6491,114
1035eb40-ab9b-484e-8849-c95ecbcd0464,BMW,316,Berline,Dealer,6450,d,184532,06-2010,https://prod.pictures.autoscout24.net/listing-images/1035eb40-ab9b-484e-8849-c95ecbcd0464_7842f907-f28b-4ad2-b117-3a07c21af2b8.jpg/250x188.webp,6043,111.88562923228113,4573,31
84a3dd73-0f36-479c-8037-310a5b56e4e1,BMW,116,Berline,Dealer,6450,d,202010,05-2011,https://prod.pictures.autoscout24.net/listing-images/84a3dd73-0f36-479c-8037-310a5b56e4e1_f5070123-0c2d-445a-be0f-0862ac762ff1.jpg/250x188.webp,7760,113.54709294766661,4239,322
4dd9bc80-8531-42bc-8927-8bbfecb2c2d3,BMW,116,Berline,Dealer,6490,d,198396,06-2010,https://prod.pictures.autoscout24.net/listing-images/4dd9bc80-8531-42bc-8927-8bbfecb2c2d3_99d5703e-3a70-4eca-b863-647c5d3cf938.jpg/250x188.webp,3510,78.62636142772035,4573,1
a18eb663-7c18-4f34-91e8-9227c130ebb4,BMW,318,Berline,Dealer,6490,d,185000,03-2007,https://prod.pictures.autoscout24.net/listing-images/a18eb663-7c18-4f34-91e8-9227c130ebb4_95e2a440-8f2f-4ebe-bfae-17f93d97bc08.jpg/250x188.webp,7390,121.56764290915724,5761,13
c100c30b-600b-47e7-b599-3f627de174e6,BMW,116,Andere,Dealer,6499,b,95288,10-2006,https://prod.pictures.autoscout24.net/listing-images/c100c30b-600b-47e7-b599-3f627de174e6_ea9e6e23-1c85-40d5-a802-b7eb4bd6c494.jpg/250x188.webp,1480,90.6722887329444,5912,40
51cdf787-848f-4db2-8999-ef7642fb4df2,BMW,316,Berline,PrivateSeller,6499,b,118000,11-1985,https://prod.pictures.autoscout24.net/listing-images/51cdf787-848f-4db2-8999-ef7642fb4df2_197bf64b-372c-4d45-9e91-aa0d6dfb4bf1.jpg/250x188.webp,1750,76.75328563765976,13551,117
6a5707e8-12ac-48e1-9c3c-b3e1cee063fe,BMW,Z3,Cabriolet,PrivateSeller,6499,b,180900,04-1997,https://prod.pictures.autoscout24.net/listing-images/6a5707e8-12ac-48e1-9c3c-b3e1cee063fe_3b265383-cd13-4681-8f22-4d567d7ac66f.jpg/250x188.webp,2040,28.209668858342965,9382,176
07e6298f-b4dd-4b25-892b-6d35e0bd899e,BMW,316,Berline,PrivateSeller,6500,b,200000,10-1989,https://prod.pictures.autoscout24.net/listing-images/07e6298f-b4dd-4b25-892b-6d35e0bd899e_0ce6cbe1-b60e-4e81-9cf5-ec366b307ff1.jpg/250x188.webp,5500,136.40807183238792,12121,0
48b80e10-7ffe-4fcb-a59c-66430ba7abde,BMW,730,Berline,PrivateSeller,6500,d,298000,12-2005,https://prod.pictures.autoscout24.net/listing-images/48b80e10-7ffe-4fcb-a59c-66430ba7abde_6fa49c11-a73c-438f-8a4c-8f742d7550dc.jpg/250x188.webp,9100,39.90739495574749,6216,0
8d4df63f-0b57-49a4-ae52-6564cf612e1f,BMW,323,Andere,PrivateSeller,6500,b,168000,07-1979,https://prod.pictures.autoscout24.net/listing-images/8d4df63f-0b57-49a4-ae52-6564cf612e1f_f7811888-1634-4c58-a4d1-688236670a43.jpg/250x188.webp,1080,69.57979227671277,15866,0
1905ae0a-7e7e-47b9-b806-ad80b67938cf,BMW,118,Berline,Dealer,6500,b,127187,12-2008,https://prod.pictures.autoscout24.net/listing-images/1905ae0a-7e7e-47b9-b806-ad80b67938cf_e9d828b0-94de-45a0-b830-aad541718dd4.jpg/250x188.webp,2830,45.04397020411872,5120,2
ed40e35e-e23f-4009-8e9d-cc3322dfec7b,BMW,316,Berline,PrivateSeller,6500,b,156000,09-1988,https://prod.pictures.autoscout24.net/listing-images/ed40e35e-e23f-4009-8e9d-cc3322dfec7b_fb739daf-5cae-4af9-b081-b5876ae0e1be.jpg/250x188.webp,3500,86.84432103923942,12516,4
3a3acd8a-135e-4c64-a152-9caa0b4b10f0,BMW,116,Berline,PrivateSeller,6500,b,152221,01-2008,https://prod.pictures.autoscout24.net/listing-images/3a3acd8a-135e-4c64-a152-9caa0b4b10f0_06224d53-6af4-439c-926e-4971c46256ca.jpg/250x188.webp,6280,125.71995865757935,5455,5
87bd6647-28b0-4e0d-99fa-9747a076fa2b,BMW,Z4,Cabriolet,Dealer,6500,b,200000,05-2006,https://prod.pictures.autoscout24.net/listing-images/87bd6647-28b0-4e0d-99fa-9747a076fa2b_ee6ee254-aabc-4386-9595-9cc0ce38d2bd.jpg/250x188.webp,2340,29.26614947790753,6065,5
c4cf3a08-ed9d-4565-ba47-ab3d49f24f20,BMW,318,Berline,PrivateSeller,6500,b,79000,04-2004,https://prod.pictures.autoscout24.net/listing-images/c4cf3a08-ed9d-4565-ba47-ab3d49f24f20_4da619d9-50de-4f8d-b481-b74c892722bc.jpg/250x188.webp,1020,66.36225311284039,6825,6
818fa2bf-787a-4856-a479-c8b70dd4dee1,BMW,116,Berline,PrivateSeller,6500,b,130000,11-2007,https://prod.pictures.autoscout24.net/listing-images/818fa2bf-787a-4856-a479-c8b70dd4dee1_084a9d86-db20-4315-bdab-b608d2a7cd38.jpg/250x188.webp,5000,115.13665852422378,5516,16
5205a0e2-7186-4953-b2f3-0c15f4d3e656,BMW,118,Berline,Dealer,6500,d,179573,06-2010,https://prod.pictures.autoscout24.net/listing-images/5205a0e2-7186-4953-b2f3-0c15f4d3e656_a7c329cb-61ea-4f98-9ee8-9df300c22970.jpg/250x188.webp,8840,116.35276756135268,4573,17
cb217ad1-d364-4693-81da-458059c18637,BMW,318,Break,PrivateSeller,6500,d,164583,12-2010,https://prod.pictures.autoscout24.net/listing-images/cb217ad1-d364-4693-81da-458059c18637_76077db9-d0d1-401d-964e-1707b81bfe0f.jpg/250x188.webp,3630,102.97605198560623,4390,32
e370f812-6aa3-4b08-8fa4-649621fdb2ac,BMW,318,Break,PrivateSeller,6500,d,199900,06-2012,https://prod.pictures.autoscout24.net/listing-images/e370f812-6aa3-4b08-8fa4-649621fdb2ac_cc1b72b0-b922-4465-97e0-2488d62694ac.jpg/250x188.webp,6800,177.7465643211455,3842,49
239827e6-0198-4d00-8ba0-26788647f6f0,BMW,118,Stadswagen,PrivateSeller,6500,b,149000,06-2005,https://prod.pictures.autoscout24.net/listing-images/239827e6-0198-4d00-8ba0-26788647f6f0_7d414398-f6d4-48cc-9b0e-eb00d86b2192.jpg/250x188.webp,9030,70.0084957664576,6399,53
7e00187f-0ed1-4a57-b618-dad566bcf827,BMW,120,Break,PrivateSeller,6500,d,268000,11-2010,https://prod.pictures.autoscout24.net/listing-images/7e00187f-0ed1-4a57-b618-dad566bcf827_af69c028-f696-40bb-aebc-648932ed6ccd.jpg/250x188.webp,9800,85.43781742981923,4420,58
d5e0e06b-7b3c-400f-8d79-54c228b0ce5e,BMW,318,Andere,PrivateSeller,6500,b,171000,08-2000,https://prod.pictures.autoscout24.net/listing-images/d5e0e06b-7b3c-400f-8d79-54c228b0ce5e_97b34dc5-3b5b-41c9-a155-3647d610cfee.jpg/250x188.webp,5000,115.13665852422378,8164,59
3a702488-1743-4e9f-8c4b-6b243217d3fc,BMW,Z3,Cabriolet,PrivateSeller,6500,b,244000,07-1998,https://prod.pictures.autoscout24.net/listing-images/3a702488-1743-4e9f-8c4b-6b243217d3fc_7e842091-3a6c-4290-9927-bbc515728561.jpg/250x188.webp,9000,69.99787275902874,8926,70
d8297238-24a5-42aa-8d8d-f80fd9e96c4d,BMW,118,Break,PrivateSeller,6500,d,185000,04-2008,https://prod.pictures.autoscout24.net/listing-images/d8297238-24a5-42aa-8d8d-f80fd9e96c4d_6df25bf7-29ab-492b-b7bb-a6fdce5b3da6.jpg/250x188.webp,4680,117.16819648416717,5364,72
2ed55ac4-72c1-454c-b49c-74eb62d18144,BMW,318,Berline,PrivateSeller,6500,d,167000,09-2007,https://prod.pictures.autoscout24.net/listing-images/2ed55ac4-72c1-454c-b49c-74eb62d18144_ba441c91-4594-4a53-9af4-4bf322fbe3e5.jpg/250x188.webp,6031,117.04479587125066,5577,79
8177dc76-3579-4804-8269-6d67d702a91d,BMW,320,Cabriolet,Dealer,6500,b,253472,05-2005,https://prod.pictures.autoscout24.net/listing-images/8177dc76-3579-4804-8269-6d67d702a91d_c8e08ee7-f35f-43c9-90df-ff4d904f900b.jpg/250x188.webp,1070,71.06367211068877,6430,81
4470b748-2ce3-4577-954f-89ba7449e42d,BMW,320,Cabriolet,PrivateSeller,6500,b,240000,08-2001,https://prod.pictures.autoscout24.net/listing-images/4470b748-2ce3-4577-954f-89ba7449e42d_c9560a64-1298-4c67-a5b0-372886f1f407.jpg/250x188.webp,2000,27.94913546724415,7799,85
062f6ffc-26a4-44b2-8b11-ca233cf0ac81,BMW,118,Berline,PrivateSeller,6500,d,183000,05-2007,https://prod.pictures.autoscout24.net/listing-images/062f6ffc-26a4-44b2-8b11-ca233cf0ac81_2a5f154d-8824-4df8-bf59-8da20a0d3bba.jpg/250x188.webp,6440,141.40876452366408,5700,86
3e21645d-5619-4143-b69c-1a002f790173,BMW,728,Berline,Dealer,6500,b,166200,11-1998,https://prod.pictures.autoscout24.net/listing-images/3e21645d-5619-4143-b69c-1a002f790173_9f62db23-994f-4bd5-bfeb-c962e20ce47d.jpg/250x188.webp,2400,54.46395713654512,8803,91
0ff74426-6ce2-42cc-a11e-4156d48ea11f,BMW,318,Berline,PrivateSeller,6500,d,190000,07-2010,https://prod.pictures.autoscout24.net/listing-images/0ff74426-6ce2-42cc-a11e-4156d48ea11f_f288bdbe-b9df-4f6b-92f8-2a1756c37037.jpg/250x188.webp,1030,66.85598932704684,4543,92
097bfe5f-1f12-4fa3-9ebe-71b33c20c702,BMW,318,Break,PrivateSeller,6500,d,228515,02-2011,https://prod.pictures.autoscout24.net/listing-images/097bfe5f-1f12-4fa3-9ebe-71b33c20c702_e9574197-68eb-4a9f-9622-8ae8f8504220.jpg/250x188.webp,1932,66.67198913187099,4328,102
fa066561-6473-4ba8-8528-aa30f8210117,BMW,520,Break,PrivateSeller,6500,d,260000,04-2009,https://prod.pictures.autoscout24.net/listing-images/fa066561-6473-4ba8-8528-aa30f8210117_318aa0ab-e1a8-46f4-96a0-df1dfe23e56f.jpg/250x188.webp,1083,67.26476839570763,4999,97
d4d8e3a6-71e8-436f-9073-80b6beefc0a9,BMW,318,Berline,Dealer,6500,b,185000,09-2008,https://prod.pictures.autoscout24.net/listing-images/d4d8e3a6-71e8-436f-9073-80b6beefc0a9_900b811a-3f1d-4113-87e6-fca4b52d5adf.jpg/250x188.webp,7012,120.36322565219064,5211,100
843ed350-7e42-4970-82dc-a5646cd1e4be,BMW,520,Berline,PrivateSeller,6500,d,226000,03-2008,https://prod.pictures.autoscout24.net/listing-images/843ed350-7e42-4970-82dc-a5646cd1e4be_29683296-ecfb-4259-b211-d87730af0614.jpg/250x188.webp,4970,152.85252210081651,5395,101
8af742af-eb07-444d-975b-a88917cdc734,BMW,116,Berline,PrivateSeller,6500,b,114000,09-2009,https://prod.pictures.autoscout24.net/listing-images/8af742af-eb07-444d-975b-a88917cdc734_15b4848f-f47f-4527-b965-3b0e2306b4a9.jpg/250x188.webp,1030,66.85598932704684,4846,112
998944b6-9535-4ab1-9332-7db5a1b8ca0e,BMW,320,Berline,PrivateSeller,6500,b,168000,01-2006,https://prod.pictures.autoscout24.net/listing-images/998944b6-9535-4ab1-9332-7db5a1b8ca0e_075647ad-2f74-47b1-a0d2-58c45ebb028c.jpg/250x188.webp,9120,31.412557196808976,6185,114
d37daf98-2754-4882-9771-179f9ee220c1,BMW,116,Berline,PrivateSeller,6500,d,193000,03-2010,https://prod.pictures.autoscout24.net/listing-images/d37daf98-2754-4882-9771-179f9ee220c1_94cbfa9b-cab4-4c95-becf-bb0fe193d48a.jpg/250x188.webp,4557,127.08538796813787,4665,114
f9387baa-21d4-47e4-9000-a2693f385f7f,BMW,525,Berline,PrivateSeller,6500,d,240000,07-2009,https://prod.pictures.autoscout24.net/listing-images/f9387baa-21d4-47e4-9000-a2693f385f7f_a151b6ab-95e4-4a1e-b0f1-6875e39319da.jpg/250x188.webp,9520,73.10515277787435,4908,133
79f8c364-6753-431e-90df-69545e23fe7f,BMW,116,Berline,PrivateSeller,6500,d,193000,04-2010,https://prod.pictures.autoscout24.net/listing-images/79f8c364-6753-431e-90df-69545e23fe7f_3ceab69d-5261-41bf-9274-1d2cd258de23.jpg/250x188.webp,4121,122.75666883858509,4634,138
b652cf61-d6a8-4771-a05c-3ba87e8af9c5,BMW,318,Berline,PrivateSeller,6500,d,205000,04-2008,https://prod.pictures.autoscout24.net/listing-images/b652cf61-d6a8-4771-a05c-3ba87e8af9c5_c306e5a8-92cc-4c73-81da-a3092e1e8794.jpg/250x188.webp,4600,117.87746038285867,5364,155
259c7b19-281f-4230-aef7-37470b1f64c8,BMW,118,Berline,PrivateSeller,6500,d,206111,07-2012,https://prod.pictures.autoscout24.net/listing-images/259c7b19-281f-4230-aef7-37470b1f64c8_1cf31bf4-f5b7-47a5-bc33-c14ba884bf7c.jpg/250x188.webp,1070,71.06367211068877,3812,156
3cc6290d-a85a-4269-9482-cbe52da1e37a,BMW,318,Break,PrivateSeller,6500,d,310000,02-2013,https://prod.pictures.autoscout24.net/listing-images/3cc6290d-a85a-4269-9482-cbe52da1e37a_c6a497f1-f096-4536-8d61-1185a86498e9.jpg/250x188.webp,4700,143.97766881241236,3597,175
bad148eb-895c-4db3-a5c1-1b39aaabcf64,BMW,318,Berline,PrivateSeller,6500,d,236000,12-2010,https://prod.pictures.autoscout24.net/listing-images/bad148eb-895c-4db3-a5c1-1b39aaabcf64_bbbffc23-44d2-4379-8cc1-48b8511f64ac.jpg/250x188.webp,4040,120.39133917274062,4390,218
143600dd-3057-4c6d-998d-60a7e4df31a4,BMW,118,Cabriolet,Dealer,6500,b,65727,04-2009,https://prod.pictures.autoscout24.net/listing-images/143600dd-3057-4c6d-998d-60a7e4df31a4_403b0991-acc7-4984-83f5-56cd1e6b87f8.jpg/250x188.webp,1400,97.35176357549375,4999,247
a90d7886-9102-4f8b-87ba-210b86fe7786,BMW,116,Berline,PrivateSeller,6500,b,102222,12-2010,https://prod.pictures.autoscout24.net/listing-images/a90d7886-9102-4f8b-87ba-210b86fe7786_01d40e12-d896-4e54-9974-dabfae18883e.jpg/250x188.webp,1000,69.17270624549755,4390,287
42119212-ea58-45e0-b421-a171ac586951,BMW,318,Berline,PrivateSeller,6599,d,278900,06-2010,https://prod.pictures.autoscout24.net/listing-images/42119212-ea58-45e0-b421-a171ac586951_2951ae98-3851-4293-b717-37c0cb0b462b.jpg/250x188.webp,1030,66.85598932704684,4573,19
327eb9ff-bcd5-4eb5-8dc7-3266614e835b,BMW,116,Berline,PrivateSeller,6600,b,135632,05-2007,https://prod.pictures.autoscout24.net/listing-images/327eb9ff-bcd5-4eb5-8dc7-3266614e835b_e926c0bd-d9ee-4f17-8089-877d4a5069e2.jpg/250x188.webp,9940,62.66558746753047,5700,156
f4a8ffbd-e66c-4855-8dd3-a6f760375738,BMW,116,Berline,PrivateSeller,6700,d,182000,12-2011,https://prod.pictures.autoscout24.net/listing-images/f4a8ffbd-e66c-4855-8dd3-a6f760375738_773f0d9a-9658-4be0-b7f0-dee4c3b40629.jpg/250x188.webp,4800,137.3735948615729,4025,7
64df19b7-35bf-4031-93e4-018b37831d3e,BMW,Z4,Cabriolet,PrivateSeller,6700,b,242000,09-2004,https://prod.pictures.autoscout24.net/listing-images/64df19b7-35bf-4031-93e4-018b37831d3e_f316e8c0-1afb-414a-8400-63cc189db56a.jpg/250x188.webp,4920,138.78209404804628,6672,8
4c09bf5f-4eec-4066-b8e7-305111f16cc3,BMW,116,Berline,PrivateSeller,6700,b,169000,03-2011,https://prod.pictures.autoscout24.net/listing-images/4c09bf5f-4eec-4066-b8e7-305111f16cc3_e45cda6f-c3a5-4583-bc1d-045d64ff2765.jpg/250x188.webp,1083,67.26476839570763,4300,37
6fd5b04d-4a87-4134-8374-dd6e079bfb95,BMW,320,Cabriolet,Dealer,6750,d,220000,09-2005,https://prod.pictures.autoscout24.net/listing-images/6fd5b04d-4a87-4134-8374-dd6e079bfb95_d57d2676-6447-4bf5-a927-db5fd4ed4365.jpg/250x188.webp,3970,66.88973710098982,6307,62
8136cbbf-d7ac-40c7-a442-31694c2b7096,BMW,120,Berline,PrivateSeller,6750,b,158000,12-2005,https://prod.pictures.autoscout24.net/listing-images/8136cbbf-d7ac-40c7-a442-31694c2b7096_eba3141f-1162-44a3-9ab2-71510859ecb2.jpg/250x188.webp,3220,64.33728653836629,6216,6
07751078-d417-42aa-a0bb-b3a4da1ba31c,BMW,330,Break,PrivateSeller,6750,b,195000,10-2006,https://prod.pictures.autoscout24.net/listing-images/07751078-d417-42aa-a0bb-b3a4da1ba31c_e29f131b-ed11-4d58-b67e-ac0414e09c24.jpg/250x188.webp,3540,76.60412810401502,5912,20
690f135d-3ed1-4d63-89fc-c2b1f0a86d2b,BMW,318,Break,PrivateSeller,6750,d,331000,12-2009,https://prod.pictures.autoscout24.net/listing-images/690f135d-3ed1-4d63-89fc-c2b1f0a86d2b_98dcfe8d-ef62-4740-b249-c594265bcd85.jpg/250x188.webp,1820,61.11806276432271,4755,99
661317a4-375e-4850-8277-85866ce6cb1d,BMW,730,Berline,PrivateSeller,6750,b,230000,10-1991,https://prod.pictures.autoscout24.net/listing-images/661317a4-375e-4850-8277-85866ce6cb1d_1134f684-37ad-4825-a820-55896e88024d.jpg/250x188.webp,3550,75.75580829789837,11391,234
627daefe-7a8f-43a7-8215-0bc9d12bd8a3,BMW,320,Berline,Dealer,6750,b,180000,07-2006,https://prod.pictures.autoscout24.net/listing-images/627daefe-7a8f-43a7-8215-0bc9d12bd8a3_cefd539a-c141-48b5-950c-0e046f22ae9b.jpg/250x188.webp,2840,43.35213990196281,6004,358
bceda176-5dd3-475d-ac73-839672949ef1,BMW,320,Cabriolet,PrivateSeller,6800,b,222900,03-1996,https://prod.pictures.autoscout24.net/listing-images/bceda176-5dd3-475d-ac73-839672949ef1_12b73a33-338a-43b7-aeea-70d8f504a617.jpg/250x188.webp,9000,69.99787275902874,9778,19
b2a143dc-9bdb-4598-ba8a-bacda9735894,BMW,X5,SUV/4x4/Pick-up,PrivateSeller,6800,d,266100,11-2004,https://prod.pictures.autoscout24.net/listing-images/b2a143dc-9bdb-4598-ba8a-bacda9735894_4caa4e4c-1f6e-4913-8f17-5a93560f5d6e.jpg/250x188.webp,3000,67.38410339411878,6611,24
dd2f9d5e-0e7d-492d-b91f-87de34c7b5b9,BMW,316,Coupé,PrivateSeller,6800,b,200000,01-1991,https://prod.pictures.autoscout24.net/listing-images/dd2f9d5e-0e7d-492d-b91f-87de34c7b5b9_45d66e18-c5ec-4b03-b019-012d1d295b41.jpg/250x188.webp,7973,119.5717540875148,11664,25
c980b488-e7b0-4ea3-874c-7dcdf1947222,BMW,118,Berline,PrivateSeller,6800,d,174722,08-2011,https://prod.pictures.autoscout24.net/listing-images/c980b488-e7b0-4ea3-874c-7dcdf1947222_637ae63f-ee0e-4a0a-b730-452ec2d82cf5.jpg/250x188.webp,8540,103.49888255567093,4147,36
86c0a3c9-2513-427d-92f3-de19b0d0911d,BMW,323,Berline,PrivateSeller,6800,b,138744,07-1998,https://prod.pictures.autoscout24.net/listing-images/86c0a3c9-2513-427d-92f3-de19b0d0911d_07e6e702-f834-4311-8382-5d8e94b1e7d1.jpg/250x188.webp,1050,70.92422613330518,8926,100
058001de-d0e7-492b-afc0-afbe67a9181c,BMW,320,Break,PrivateSeller,6850,d,237000,11-2012,https://prod.pictures.autoscout24.net/listing-images/058001de-d0e7-492b-afc0-afbe67a9181c_14b7005b-dc63-4ca0-a45e-e91eadf1d0f5.jpg/250x188.webp,2830,45.04397020411872,3689,37
5db2995a-0e0d-494f-baaf-3cb55f3813e5,BMW,318,Break,PrivateSeller,6850,d,260,02-2009,https://prod.pictures.autoscout24.net/listing-images/5db2995a-0e0d-494f-baaf-3cb55f3813e5_0695eb49-0282-4be8-b566-fad0d0044ccc.jpg/250x188.webp,4020,121.60247278825214,5058,78
e2a37dda-261b-449d-b1a6-2fc6723ba492,BMW,320,Berline,PrivateSeller,6850,d,102000,12-2009,https://prod.pictures.autoscout24.net/listing-images/e2a37dda-261b-449d-b1a6-2fc6723ba492_1e85c547-7af5-4211-b610-039befd2c975.jpg/250x188.webp,1190,73.06612059240499,4755,84
0a93a037-01f7-43e4-be74-18583c130ed9,BMW,118,Cabriolet,PrivateSeller,6899,b,169773,04-2008,https://prod.pictures.autoscout24.net/listing-images/0a93a037-01f7-43e4-be74-18583c130ed9_04cf0326-fe96-41e1-ad9f-43c9c95f3d7c.jpg/250x188.webp,4102,122.20973776491603,5364,51
23294e5f-9cde-4485-9fb2-d848a5cdaa2f,BMW,X3,SUV/4x4/Pick-up,Dealer,6899,d,190025,06-2007,https://prod.pictures.autoscout24.net/listing-images/23294e5f-9cde-4485-9fb2-d848a5cdaa2f_af3d81da-a25e-4b07-9016-8452f54a5b31.jpg/250x188.webp,1080,69.57979227671277,5669,71
4a6c6bfa-f2eb-4890-8dd9-c1dc65857a50,BMW,325,Berline,PrivateSeller,6900,d,163898,06-1992,https://prod.pictures.autoscout24.net/listing-images/4a6c6bfa-f2eb-4890-8dd9-c1dc65857a50_66a6da20-c6d7-43c2-a1c1-a87c62da67d2.jpg/250x188.webp,3550,75.75580829789837,11147,12
bcbe6c84-bb2c-4c50-b136-3313df4f6a03,BMW,316,Berline,Dealer,6900,b,100000,03-1995,https://prod.pictures.autoscout24.net/listing-images/bcbe6c84-bb2c-4c50-b136-3313df4f6a03_c576168d-d3a4-4c6d-b8d8-e3ef3a19629b.jpg/250x188.webp,8520,107.45339579517565,10144,42
b0d31bda-2de6-4432-81d5-cb6a320a3d06,BMW,520,Berline,PrivateSeller,6900,b,215000,04-1987,https://prod.pictures.autoscout24.net/listing-images/b0d31bda-2de6-4432-81d5-cb6a320a3d06_7776a4d4-1678-41eb-b429-23eed05a9e36.jpg/250x188.webp,3150,57.64276308921818,13035,55
8cb12ac1-a252-428b-ba97-05ebe4efd8bc,BMW,525,Andere,Dealer,6900,d,210000,10-2007,https://prod.pictures.autoscout24.net/listing-images/8cb12ac1-a252-428b-ba97-05ebe4efd8bc_ca53393c-8a71-4776-ab9a-432e4a184adf.jpg/250x188.webp,6200,119.77990387531518,5547,63
526b1be7-00d3-4db7-8886-b35636878cab,BMW,320,Coupé,PrivateSeller,6900,d,181000,06-2008,https://prod.pictures.autoscout24.net/listing-images/526b1be7-00d3-4db7-8886-b35636878cab_c67c2861-88c6-4a63-9247-53541060ce2d.jpg/250x188.webp,1420,87.49639779077864,5303,77
5ec63792-b2fa-4efc-8d7e-68c4860ff1ca,BMW,728,Berline,Dealer,6900,b,193600,01-1984,https://prod.pictures.autoscout24.net/listing-images/5ec63792-b2fa-4efc-8d7e-68c4860ff1ca_1c0f9ad7-9361-41a6-932d-f9048307cdac.jpg/250x188.webp,3920,64.30712183830964,14221,80
02851c17-2878-4e61-8c28-eb880ef7fc6f,BMW,316,Berline,PrivateSeller,6900,d,174000,03-2011,https://prod.pictures.autoscout24.net/listing-images/02851c17-2878-4e61-8c28-eb880ef7fc6f_ba5917b9-8ee8-4ff4-b53a-45873fbd52b5.jpg/250x188.webp,5060,116.00750129472273,4300,85
a6da9ba2-e8eb-4395-af92-dededde7cbc3,BMW,Z3,Cabriolet,Dealer,6900,b,194931,07-1998,https://prod.pictures.autoscout24.net/listing-images/a6da9ba2-e8eb-4395-af92-dededde7cbc3_619a66d0-bb2e-4052-8bdd-6f81068fe04c.jpg/250x188.webp,2382,39.86743595258549,8926,129
5a0a570d-d41c-4266-9996-5eb1b52a2e04,BMW,320,Coupé,PrivateSeller,6950,d,296000,06-2010,https://prod.pictures.autoscout24.net/listing-images/5a0a570d-d41c-4266-9996-5eb1b52a2e04_d76c8eaf-3829-45c9-9851-e90944c37042.jpg/250x188.webp,3920,64.30712183830964,4573,5
a5f106e5-c613-475a-8f02-69a7d3133a03,BMW,320,Berline,Dealer,6950,d,243920,01-2006,https://prod.pictures.autoscout24.net/listing-images/a5f106e5-c613-475a-8f02-69a7d3133a03_c9dce543-eeb2-4553-bfc3-cf2afadece24.jpg/250x188.webp,6020,116.87427855072593,6185,13
395d2323-db4c-47d6-971a-316ff9c9829b,BMW,116,Berline,Dealer,6950,d,200000,05-2013,https://prod.pictures.autoscout24.net/listing-images/395d2323-db4c-47d6-971a-316ff9c9829b_f90e88c2-9ac8-4bf8-9a4b-7b8be1eaa687.jpg/250x188.webp,6150,118.77654030835686,3508,34
0fe63f52-ab9b-4233-9cc6-2ae9474175d6,BMW,320,Berline,PrivateSeller,6950,b,272000,08-1997,https://prod.pictures.autoscout24.net/listing-images/0fe63f52-ab9b-4233-9cc6-2ae9474175d6_1879cc8e-2cf2-41c7-b22c-e06355b690b3.jpg/250x188.webp,4300,100.81569162486942,9260,114
03ef035a-c6ab-4332-9dd2-cc65e1b53ee1,BMW,318,Break,PrivateSeller,6950,d,178000,12-2007,https://prod.pictures.autoscout24.net/listing-images/03ef035a-c6ab-4332-9dd2-cc65e1b53ee1_ded4b1ca-8f8e-4ab2-a998-77304ab70c68.jpg/250x188.webp,8640,133.75966675440452,5486,137
c77ec3fd-0a68-4fc4-af4b-05976574a4ad,BMW,730,Berline,PrivateSeller,6950,b,229351,10-1987,https://prod.pictures.autoscout24.net/listing-images/c77ec3fd-0a68-4fc4-af4b-05976574a4ad_a2b5f2be-b98f-483c-90f4-ec2129b876f3.jpg/250x188.webp,9040,67.59494645605788,12852,173
6672062c-49ed-44a8-82f2-a53609e590f5,BMW,X3,SUV/4x4/Pick-up,Dealer,6950,b,324000,04-2010,https://prod.pictures.autoscout24.net/listing-images/6672062c-49ed-44a8-82f2-a53609e590f5_cb2b65a9-938b-45e7-8d48-3893873d648b.jpg/250x188.webp,4100,122.70999344916741,4634,174
c5d42f7b-8efb-4d46-afda-b4a27f7ace09,BMW,520,Break,Dealer,6990,d,262096,04-2010,https://prod.pictures.autoscout24.net/listing-images/c5d42f7b-8efb-4d46-afda-b4a27f7ace09_b906c205-e554-4e22-911c-4752084e86d3.jpg/250x188.webp,6200,119.77990387531518,4634,22
7eaa2b73-428c-44c1-83e5-0f4bde487ff0,BMW,320,Cabriolet,Dealer,6990,d,187150,09-2011,https://prod.pictures.autoscout24.net/listing-images/7eaa2b73-428c-44c1-83e5-0f4bde487ff0_1a90f8fb-0971-482d-a1de-022beffb4bd7.jpg/250x188.webp,7080,124.84754400917438,4116,11
71f99aa3-20fb-4e06-b890-7f3fda5912cd,BMW,118,Berline,Dealer,6990,d,199000,03-2009,https://prod.pictures.autoscout24.net/listing-images/71f99aa3-20fb-4e06-b890-7f3fda5912cd_3f8fe59f-dc0a-41ae-9741-717d560d3f46.jpg/250x188.webp,4020,121.60247278825214,5030,34
aea68361-7e48-4b59-916f-a53c053001af,BMW,118,Berline,Dealer,6990,d,129421,04-2009,https://prod.pictures.autoscout24.net/listing-images/aea68361-7e48-4b59-916f-a53c053001af_2fabbc22-fea0-42b0-b83a-a0d80088d819.jpg/250x188.webp,6200,119.77990387531518,4999,136
5f8a72a3-2515-470b-80cd-99d4449317e0,BMW,118,Berline,Dealer,6990,d,192000,06-2012,https://prod.pictures.autoscout24.net/listing-images/5f8a72a3-2515-470b-80cd-99d4449317e0_6acc4739-6a4d-4e64-924b-76bf8148f32a.jpg/250x188.webp,4040,120.39133917274062,3842,142
6eadf3e4-0a82-40dc-b76c-bb596edaecbf,BMW,116,Berline,Dealer,6990,b,129000,10-2008,https://prod.pictures.autoscout24.net/listing-images/6eadf3e4-0a82-40dc-b76c-bb596edaecbf_cc4efa0f-5f9b-4da2-9a35-720b436bd138.jpg/250x188.webp,6110,121.07873748213329,5181,149
8b02085e-397f-4343-9ca9-51352840212d,BMW,118,Cabriolet,PrivateSeller,6990,d,225000,10-2011,https://prod.pictures.autoscout24.net/listing-images/8b02085e-397f-4343-9ca9-51352840212d_81289a9d-e0db-463b-af35-240aebb1f61a.jpg/250x188.webp,7700,118.9523807230755,4086,162
5efe54eb-3477-4fba-adfa-6c4e20890db2,BMW,320,Berline,Dealer,6990,b,135000,11-2006,https://prod.pictures.autoscout24.net/listing-images/5efe54eb-3477-4fba-adfa-6c4e20890db2_824e54a8-393d-4b60-99de-c1d0315832be.jpg/250x188.webp,4000,118.53949006185148,5881,257
621865db-2ea4-4856-b764-eef776872040,BMW,330,Break,Dealer,6999,d,256902,10-2008,https://prod.pictures.autoscout24.net/listing-images/621865db-2ea4-4856-b764-eef776872040_00d7c463-12a4-42a8-b86e-66e941727d13.jpg/250x188.webp,6030,118.28038734858286,5181,31
e0a9bda5-514b-4d2d-b253-d3326cbd8255,BMW,118,Coupé,Dealer,6999,d,269887,01-2010,https://prod.pictures.autoscout24.net/listing-images/e0a9bda5-514b-4d2d-b253-d3326cbd8255_e4a1dd96-8fcc-4d32-832f-b9da47b02fd3.jpg/250x188.webp,5000,115.13665852422378,4724,36
eb011575-eab1-4896-b54c-888caa2db08b,BMW,320,Berline,PrivateSeller,6999,d,222126,01-2011,https://prod.pictures.autoscout24.net/listing-images/eb011575-eab1-4896-b54c-888caa2db08b_e67a87cc-3cc2-41b2-a7de-d21c27c7b9c1.jpg/250x188.webp,2900,24.06544367495776,4359,71
ada14bf7-f059-436c-b4b1-a58b16e02aa1,BMW,,Berline,Dealer,6999,b,87768,03-1970,https://prod.pictures.autoscout24.net/listing-images/ada14bf7-f059-436c-b4b1-a58b16e02aa1_93d304e6-2796-4886-81e9-8839074dd079.jpg/250x188.webp,9280,57.52425726435139,19275,50
6068a8b6-65e5-47cb-9b44-a041bcc2df13,BMW,116,Berline,Dealer,6999,d,147000,08-2010,https://prod.pictures.autoscout24.net/listing-images/6068a8b6-65e5-47cb-9b44-a041bcc2df13_97792912-736f-4c8b-87a8-25a00a76331b.jpg/250x188.webp,6567,129.25595990135483,4512,59
bbecac7a-a6ef-443e-af58-e73a31dac841,BMW,318,Berline,PrivateSeller,6999,d,180000,12-2009,https://prod.pictures.autoscout24.net/listing-images/bbecac7a-a6ef-443e-af58-e73a31dac841_50c6614f-fac0-4b0a-9b4d-b1567b8ac8b7.jpg/250x188.webp,7350,126.64469659762254,4755,150
9e86a832-b9a8-4901-a632-4899e03d1f4b,BMW,118,Berline,PrivateSeller,6999,d,164000,08-2011,https://prod.pictures.autoscout24.net/listing-images/9e86a832-b9a8-4901-a632-4899e03d1f4b_ebc896a0-5415-43ed-aa0a-f0d668a451b7.jpg/250x188.webp,2020,27.94913546724415,4147,168
6903984d-8e0a-47d5-a446-e76f2a91779c,BMW,520,Break,Dealer,7000,d,260539,11-2010,https://prod.pictures.autoscout24.net/listing-images/6903984d-8e0a-47d5-a446-e76f2a91779c_aba3f3ee-454c-4282-8b54-2bfba3fdcd69.jpg/250x188.webp,2830,45.04397020411872,4420,3
0d5d2fe0-7ec3-4289-8766-4466704717bb,BMW,520,Berline,PrivateSeller,7000,b,169000,04-2008,https://prod.pictures.autoscout24.net/listing-images/0d5d2fe0-7ec3-4289-8766-4466704717bb_2a1b7db6-965c-42f1-8d1c-1674b8c75e90.jpg/250x188.webp,1160,72.45305351002509,5364,7
95197801-5aa0-432e-8cb6-5f2b1a9283ce,BMW,X1,SUV/4x4/Pick-up,PrivateSeller,7000,d,244000,09-2012,https://prod.pictures.autoscout24.net/listing-images/95197801-5aa0-432e-8cb6-5f2b1a9283ce_577ebc69-c030-4d2f-885c-016cdd42d37a.jpg/250x188.webp,7532,115.81402921683011,3750,9
8ebf9a0e-7b83-4328-9ad5-ed54bb1077ff,BMW,320,Cabriolet,PrivateSeller,7000,b,295000,05-1995,https://prod.pictures.autoscout24.net/listing-images/8ebf9a0e-7b83-4328-9ad5-ed54bb1077ff_c88356fe-6322-4a06-8254-4ef9d2a66269.jpg/250x188.webp,9340,67.51567995441158,10083,12
90d8000b-21a9-4853-a729-a831f6d596ed,BMW,520,Berline,PrivateSeller,7000,b,169000,11-2008,https://prod.pictures.autoscout24.net/listing-images/90d8000b-21a9-4853-a729-a831f6d596ed_8328b929-2a51-433d-aad3-fe64a67d21b1.jpg/250x188.webp,1160,72.45305351002509,5150,12
2186ff48-1922-401f-b73a-c020ca6c3a6d,BMW,316,Berline,PrivateSeller,7000,b,75500,08-1984,https://prod.pictures.autoscout24.net/listing-images/2186ff48-1922-401f-b73a-c020ca6c3a6d_21af4d8b-dc53-493c-ba28-ad6af0163775.jpg/250x188.webp,2200,44.17776031794284,14008,16
c20e760b-91ac-4a49-8c71-71fe75fcdd01,BMW,114,Berline,PrivateSeller,7000,b,195000,11-2012,https://prod.pictures.autoscout24.net/listing-images/c20e760b-91ac-4a49-8c71-71fe75fcdd01_fc45fd7b-650e-4cd7-9504-6f42ba636548.jpg/250x188.webp,6860,193.29620168823212,3689,17
89562cfa-9dcb-4132-90de-b9f59da325fa,BMW,318,Break,PrivateSeller,7000,d,170000,11-2009,https://prod.pictures.autoscout24.net/listing-images/89562cfa-9dcb-4132-90de-b9f59da325fa_2e10e1ca-4413-4879-8c62-44b27f03e67a.jpg/250x188.webp,2275,33.4248057925053,4785,23
fe718048-4034-47f0-9b90-afa6f0154ea0,BMW,318,Break,PrivateSeller,7000,d,170000,11-2009,https://prod.pictures.autoscout24.net/listing-images/fe718048-4034-47f0-9b90-afa6f0154ea0_7dc4fc7a-d4ce-4118-98ac-1d6ea808af03.jpg/250x188.webp,2275,33.4248057925053,4785,23
417f20f5-644f-4977-9c3c-568487e629ee,BMW,116,Berline,PrivateSeller,7000,d,197000,01-2013,https://prod.pictures.autoscout24.net/listing-images/417f20f5-644f-4977-9c3c-568487e629ee_4cde58eb-46ef-4236-833b-44587fb207b8.jpg/250x188.webp,6860,193.29620168823212,3628,24
f680b90e-8c25-4c28-bb2a-a3c69892893f,BMW,520,Berline,PrivateSeller,7000,d,218000,10-2009,https://prod.pictures.autoscout24.net/listing-images/f680b90e-8c25-4c28-bb2a-a3c69892893f_3c49dde8-f391-40a5-85d9-39238c796723.jpg/250x188.webp,4800,137.3735948615729,4816,25
b8dac40f-2488-4494-88fd-2ad786037b37,BMW,320,Andere,PrivateSeller,7000,b,172000,11-2006,https://prod.pictures.autoscout24.net/listing-images/b8dac40f-2488-4494-88fd-2ad786037b37_c491b1d8-3882-4f3a-b97f-61b25511650d.jpg/250x188.webp,1000,69.17270624549755,5881,33
708c88f9-eecc-4642-b7a1-4d9f3eaf31ec,BMW,114,Berline,Dealer,7000,d,190000,11-2016,https://prod.pictures.autoscout24.net/listing-images/708c88f9-eecc-4642-b7a1-4d9f3eaf31ec_424022b8-cd72-4a50-a885-002892f4f145.jpg/250x188.webp,1800,60.05560122441548,2228,35
16a3c538-5fa0-4903-98ab-f6b9e171cc9f,BMW,118,Coupé,PrivateSeller,7000,d,205000,10-2009,https://prod.pictures.autoscout24.net/listing-images/16a3c538-5fa0-4903-98ab-f6b9e171cc9f_bbf5d653-0073-4b12-86c0-65b2142bbe96.jpg/250x188.webp,6140,118.16906783395082,4816,39
d5509cb8-d1d7-4a4a-b10f-780be6ff37ef,BMW,520,Berline,PrivateSeller,7000,d,210000,07-2007,https://prod.pictures.autoscout24.net/listing-images/d5509cb8-d1d7-4a4a-b10f-780be6ff37ef_bd1bcda7-4003-4d92-8971-1c424ca812ec.jpg/250x188.webp,8850,104.1023268661436,5639,41
34dd2af0-d6c0-48d7-93f8-745278d2aa3b,BMW,Z3,Cabriolet,PrivateSeller,7000,b,130000,06-1997,https://prod.pictures.autoscout24.net/listing-images/34dd2af0-d6c0-48d7-93f8-745278d2aa3b_9163dac6-939d-421a-806b-0c08c0903d5f.jpg/250x188.webp,5310,103.9456108013131,9321,45
cd067dde-f3cb-49c6-9f2f-239f36c38a34,BMW,116,Coupé,PrivateSeller,7000,b,84253,01-1990,https://prod.pictures.autoscout24.net/listing-images/cd067dde-f3cb-49c6-9f2f-239f36c38a34_1b4c0504-f898-41ea-b4ad-b32e323930bf.jpg/250x188.webp,3270,64.63308240631308,12029,45
9473198e-9779-4697-affb-6b629f6da1fc,BMW,318,Berline,PrivateSeller,7000,d,121360,03-2006,https://prod.pictures.autoscout24.net/listing-images/9473198e-9779-4697-affb-6b629f6da1fc_c5989b9b-b816-4bb9-b99a-f02aad44f75a.jpg/250x188.webp,9400,81.6799978132908,6126,51
3a18df7d-bab2-4a6b-b594-f134cb59f69e,BMW,325,Berline,PrivateSeller,7000,b,199000,06-2007,https://prod.pictures.autoscout24.net/listing-images/3a18df7d-bab2-4a6b-b594-f134cb59f69e_704eda97-d1cf-422b-b44b-85fe6ad88e91.jpg/250x188.webp,1000,69.17270624549755,5669,57
9a53f7a5-6590-4448-87e5-a8fdbc5bdf3b,BMW,316,Andere,PrivateSeller,7000,b,75000,10-1984,https://prod.pictures.autoscout24.net/listing-images/9a53f7a5-6590-4448-87e5-a8fdbc5bdf3b_43ffd337-b4ab-4576-b544-ded152308f05.jpg/250x188.webp,2200,44.17776031794284,13947,59
0f161724-8f4a-4987-84d3-ac5835932dcc,BMW,328,Andere,PrivateSeller,7000,b,175000,02-1994,https://prod.pictures.autoscout24.net/listing-images/0f161724-8f4a-4987-84d3-ac5835932dcc_06d78421-dac5-4907-bc1d-ca976542b651.jpg/250x188.webp,8650,123.17495676946584,10537,65
ae877353-4a86-4851-9a02-aa5b121a36f0,BMW,Z3,Andere,PrivateSeller,7000,b,150000,06-1997,https://prod.pictures.autoscout24.net/listing-images/ae877353-4a86-4851-9a02-aa5b121a36f0_20426fda-80d0-4a59-b17b-0fdbb26a8f32.jpg/250x188.webp,6700,222.44484417522085,9321,66
63d81ace-e781-4482-8e8d-b39f38b34757,BMW,Z3,Cabriolet,PrivateSeller,7000,b,157000,02-1998,https://prod.pictures.autoscout24.net/listing-images/63d81ace-e781-4482-8e8d-b39f38b34757_80523778-8dd1-4cbd-bca4-7ccdd18c19b0.jpg/250x188.webp,4800,137.3735948615729,9076,68
cf0d55ff-f219-4580-9a6e-1c61a9f37dda,BMW,540,Berline,PrivateSeller,7000,b,198000,03-1996,https://prod.pictures.autoscout24.net/listing-images/cf0d55ff-f219-4580-9a6e-1c61a9f37dda_6ecf81de-c767-4d14-93b3-66aee710e8a7.jpg/250x188.webp,1910,61.06717284299515,9778,92
610298cc-2e23-439f-88b0-c0b0f6a324d7,BMW,318,Cabriolet,PrivateSeller,7000,b,141000,03-2004,https://prod.pictures.autoscout24.net/listing-images/610298cc-2e23-439f-88b0-c0b0f6a324d7_02e44136-cc0c-43a2-b4b8-6c0c02ca47a6.jpg/250x188.webp,4000,118.53949006185148,6856,95
874b76ec-ba4f-4209-b4bc-bd914623ede5,BMW,118,Cabriolet,PrivateSeller,7000,d,216122,02-2009,https://prod.pictures.autoscout24.net/listing-images/874b76ec-ba4f-4209-b4bc-bd914623ede5_8bf8787c-32db-404f-bde3-802e3978051a.jpg/250x188.webp,3650,99.0209056978415,5058,99
c0ead979-d9fc-4acf-b3e2-9fa1d9d4ec3a,BMW,118,Coupé,PrivateSeller,7000,d,207351,05-2010,https://prod.pictures.autoscout24.net/listing-images/c0ead979-d9fc-4acf-b3e2-9fa1d9d4ec3a_e4990fc1-9fbd-48d7-a6e3-48d9633971e5.jpg/250x188.webp,4040,120.39133917274062,4604,127
c2492f4d-ed70-4a04-beb9-ed7a7484bee8,BMW,116,Berline,PrivateSeller,7000,b,170000,07-2006,https://prod.pictures.autoscout24.net/listing-images/c2492f4d-ed70-4a04-beb9-ed7a7484bee8_505e8eb1-3e30-434e-a026-96e591db8f90.jpg/250x188.webp,1090,66.80320352454842,6004,136
7a02ce7a-7297-435f-b4e7-a30668993df2,BMW,116,Berline,PrivateSeller,7000,b,190000,06-2004,https://prod.pictures.autoscout24.net/listing-images/7a02ce7a-7297-435f-b4e7-a30668993df2_62e1a3bf-5dd6-41f4-85e0-515ff80e92cc.jpg/250x188.webp,8580,104.99033721114048,6764,165
d59452f9-3bb3-4014-867b-c288ae874091,BMW,318,Cabriolet,PrivateSeller,7000,b,165456,05-2004,https://prod.pictures.autoscout24.net/listing-images/d59452f9-3bb3-4014-867b-c288ae874091_96b49986-dd6f-4571-b3d3-a4a948e1fb52.jpg/250x188.webp,9000,69.99787275902874,6795,140
2d4518af-5a13-441e-ac8b-704bd7e17075,BMW,320,Break,PrivateSeller,7000,d,200000,12-2010,https://prod.pictures.autoscout24.net/listing-images/2d4518af-5a13-441e-ac8b-704bd7e17075_f98053de-4b1a-4ae8-8dc4-4eefcf0d318d.jpg/250x188.webp,5000,115.13665852422378,4390,164
0f5d6708-60f2-4348-b12d-f1ccf17b9f0c,BMW,320,Break,PrivateSeller,7000,b,174000,12-2006,https://prod.pictures.autoscout24.net/listing-images/0f5d6708-60f2-4348-b12d-f1ccf17b9f0c_0dc7377b-95cc-4024-af5a-272a57e4539a.jpg/250x188.webp,3803,83.85989468709893,5851,168
c02fc1f3-921d-4db7-b4cf-34d117c22199,BMW,730,Berline,PrivateSeller,7000,b,116000,01-1978,https://prod.pictures.autoscout24.net/listing-images/c02fc1f3-921d-4db7-b4cf-34d117c22199_e39b9710-66c5-4b80-88e6-d4e1acdb42f1.jpg/250x188.webp,3300,76.19991947951956,16412,169
2c0d300a-bd02-45f4-a217-0e1ec24f248c,BMW,116,Berline,PrivateSeller,7100,b,80238,12-2009,https://prod.pictures.autoscout24.net/listing-images/2c0d300a-bd02-45f4-a217-0e1ec24f248c_dfbec3ff-2c86-42f0-b359-df1b048c8dae.jpg/250x188.webp,7700,118.9523807230755,4755,40
88a2524e-020e-47f2-a3d6-b25dce3ece8a,BMW,116,Berline,PrivateSeller,7150,d,300000,10-2013,https://prod.pictures.autoscout24.net/listing-images/88a2524e-020e-47f2-a3d6-b25dce3ece8a_728044e1-c6bd-4105-b9a2-976ed00a342f.jpg/250x188.webp,3940,72.49261206065027,3355,0
1603a05d-3274-4ce1-86f2-65ba828d7770,BMW,520,Berline,Dealer,7190,d,203543,03-2007,https://prod.pictures.autoscout24.net/listing-images/1603a05d-3274-4ce1-86f2-65ba828d7770_779e734b-529d-415f-8e7c-db4de4bc74f9.jpg/250x188.webp,7350,126.64469659762254,5761,26
11aceebb-17ea-45d4-9e28-b0f3bcf04910,BMW,118,Cabriolet,Dealer,7200,d,218500,10-2008,https://prod.pictures.autoscout24.net/listing-images/11aceebb-17ea-45d4-9e28-b0f3bcf04910_e21e3d38-b2fb-46f8-a280-a61a7ccf1a90.jpg/250x188.webp,7080,124.84754400917438,5181,7
412eae71-c40f-481f-a4d3-ccbfe7dd998e,BMW,330,Coupé,PrivateSeller,7200,d,375000,02-2007,https://prod.pictures.autoscout24.net/listing-images/412eae71-c40f-481f-a4d3-ccbfe7dd998e_bfc207cf-d647-43ad-b586-b4e307fed4bb.jpg/250x188.webp,6534,126.28097697558577,5789,33
93b75bb2-13d8-4426-8cef-c5c76c017e63,BMW,116,Berline,PrivateSeller,7200,d,181100,11-2011,https://prod.pictures.autoscout24.net/listing-images/93b75bb2-13d8-4426-8cef-c5c76c017e63_4fc0ba8d-0af0-423d-b96d-0f58c1d6b4ff.jpg/250x188.webp,6061,117.55452099458994,4055,40
5652f214-d1f6-4c0e-b3f0-bdabb776f8be,BMW,320,Coupé,PrivateSeller,7200,b,242000,06-1984,https://prod.pictures.autoscout24.net/listing-images/5652f214-d1f6-4c0e-b3f0-bdabb776f8be_d69c7a81-b1c7-4f4f-9e4a-6d1c4e25bb6f.jpg/250x188.webp,5070,122.22662855592974,14069,49
c51f8418-0213-48ea-b89c-4cd09a14e531,BMW,116,Berline,PrivateSeller,7200,d,181100,12-2011,https://prod.pictures.autoscout24.net/listing-images/c51f8418-0213-48ea-b89c-4cd09a14e531_8fc87f5b-0a2a-47a1-9281-8d8ebbf8c8c6.jpg/250x188.webp,6061,117.55452099458994,4025,83
429be0d5-be0e-48b1-96dd-a349c45ea92b,BMW,530,Berline,Dealer,7200,d,225000,07-2011,https://prod.pictures.autoscout24.net/listing-images/429be0d5-be0e-48b1-96dd-a349c45ea92b_b4b48154-4fb2-48b8-8c24-b34665b5a6bf.jpg/250x188.webp,5140,104.85389989976589,4178,276
09bfccc6-0cda-2974-e053-0100007fb525,BMW,118,Cabriolet,PrivateSeller,7200,d,235000,08-2011,https://prod.pictures.autoscout24.net/listing-images/09bfccc6-0cda-2974-e053-0100007fb525_fc872b42-b14a-4112-a01e-f36acb2ae6ba.jpg/250x188.webp,3500,86.84432103923942,4147,516
bb856cb7-5504-4062-9e0a-14c1d95c72fd,BMW,118,Cabriolet,PrivateSeller,7250,b,160000,01-2009,https://prod.pictures.autoscout24.net/listing-images/bb856cb7-5504-4062-9e0a-14c1d95c72fd_42badbda-a364-49be-bdad-0468966d3c26.jpg/250x188.webp,2570,41.502398539267695,5089,3
dbd7cf46-f219-4651-9eaf-b6219e65acf6,BMW,116,Berline,Dealer,7250,d,185000,05-2012,https://prod.pictures.autoscout24.net/listing-images/dbd7cf46-f219-4651-9eaf-b6219e65acf6_74b01bbb-5943-49fc-8c55-7a9d3cd32088.jpg/250x188.webp,7390,121.56764290915724,3873,14
c35f0d92-f33e-4a40-90a2-6831b28046fe,BMW,318,Berline,Dealer,7250,d,184095,02-2011,https://prod.pictures.autoscout24.net/listing-images/c35f0d92-f33e-4a40-90a2-6831b28046fe_dfb30670-bafc-4fb5-b386-524eaca331f6.jpg/250x188.webp,2382,39.86743595258549,4328,24
41969315-fbc0-45a7-9416-bb3c8d67588d,BMW,520,Break,PrivateSeller,7250,d,429000,11-2008,https://prod.pictures.autoscout24.net/listing-images/41969315-fbc0-45a7-9416-bb3c8d67588d_4feb1b01-91d5-4f3d-8e7b-e42fafad1a8d.jpg/250x188.webp,2180,21.09149267089788,5150,48
5d64cebf-f3b7-485e-98d8-ab91c5a2b15d,BMW,118,Cabriolet,PrivateSeller,7250,b,169500,04-2008,https://prod.pictures.autoscout24.net/listing-images/5d64cebf-f3b7-485e-98d8-ab91c5a2b15d_b49ef8bc-55cd-4023-bf42-b690360c397b.jpg/250x188.webp,4102,122.20973776491603,5364,66
93512995-87d3-42f4-b820-28d19a67b88b,BMW,325,Berline,PrivateSeller,7250,b,160000,12-2006,https://prod.pictures.autoscout24.net/listing-images/93512995-87d3-42f4-b820-28d19a67b88b_5cce3587-0297-483a-b230-54371cb07c11.jpg/250x188.webp,9070,67.44647219974722,5851,81
c5464a6d-0afb-4137-b338-f84a4b4350d9,BMW,318,Break,Dealer,7250,d,165511,10-2010,https://prod.pictures.autoscout24.net/listing-images/c5464a6d-0afb-4137-b338-f84a4b4350d9_d4fbda01-8998-4579-b66d-861c02a74552.jpg/250x188.webp,7100,111.04432979756132,4451,1135
ec908bfc-d408-4f52-901d-626fbdc9b3ff,BMW,116,Berline,PrivateSeller,7300,d,180000,05-2012,https://prod.pictures.autoscout24.net/listing-images/ec908bfc-d408-4f52-901d-626fbdc9b3ff_a8c2b680-dc93-47c8-b912-d27312af0ea0.jpg/250x188.webp,2050,27.94913546724415,3873,11
4fe83186-9a61-4488-b9c9-0255aa58050d,BMW,116,Coupé,PrivateSeller,7300,d,210000,11-2011,https://prod.pictures.autoscout24.net/listing-images/4fe83186-9a61-4488-b9c9-0255aa58050d_2f9d8791-128f-40ad-8d42-4ada85da7911.jpg/250x188.webp,1020,66.36225311284039,4055,43
105ddf5d-03e1-4cab-9fe5-35f952404c94,BMW,520,Break,Dealer,7300,d,280000,03-2011,https://prod.pictures.autoscout24.net/listing-images/105ddf5d-03e1-4cab-9fe5-35f952404c94_3ee48b3f-cf00-4dc1-aa8b-fa31d3a79694.jpg/250x188.webp,5140,104.85389989976589,4300,311
466ea876-a2b7-45fa-b59f-8146345a5c3e,BMW,X1,SUV/4x4/Pick-up,Dealer,7350,d,270000,06-2013,https://prod.pictures.autoscout24.net/listing-images/466ea876-a2b7-45fa-b59f-8146345a5c3e_15388bba-61ab-4e65-803f-0d60805825d9.jpg/250x188.webp,6061,117.55452099458994,3477,0
f1ef6e05-7264-4e71-99c8-a602c6034d80,BMW,X3,SUV/4x4/Pick-up,Dealer,7350,b,194000,11-2009,https://prod.pictures.autoscout24.net/listing-images/f1ef6e05-7264-4e71-99c8-a602c6034d80_17e7e31a-a0ca-4287-ac6c-9b6dd940c629.jpg/250x188.webp,9250,48.29700857036449,4785,5
427b5148-9ee9-41b8-8ac0-e8b4dba52122,BMW,Z3,Cabriolet,Dealer,7390,b,188070,07-1997,https://prod.pictures.autoscout24.net/listing-images/427b5148-9ee9-41b8-8ac0-e8b4dba52122_ed6a9816-39c6-4f5f-9d0e-93263b5bf30d.jpg/250x188.webp,1760,76.61048840680004,9291,54
a7dfbc68-6c60-4290-a509-f02878df69cd,BMW,316,Cabriolet,Dealer,7400,b,330000,08-1990,https://prod.pictures.autoscout24.net/listing-images/a7dfbc68-6c60-4290-a509-f02878df69cd_6cefd7ae-9d82-40ea-bc8e-ee17da924f83.jpg/250x188.webp,8520,107.45339579517565,11817,99
979195aa-843c-480f-976c-eb548ff74af5,BMW,Z3,Cabriolet,Dealer,7400,b,167200,07-1998,https://prod.pictures.autoscout24.net/listing-images/979195aa-843c-480f-976c-eb548ff74af5_5fe3a731-0d76-4401-ab26-a2338ad633b0.jpg/250x188.webp,3920,64.30712183830964,8926,33
2f71091f-2046-410b-9a04-6ca0ce0599d0,BMW,320,Cabriolet,PrivateSeller,7400,d,208000,01-2005,https://prod.pictures.autoscout24.net/listing-images/2f71091f-2046-410b-9a04-6ca0ce0599d0_1375ad1b-b3a4-47ff-91d7-d5efc7778969.jpg/250x188.webp,3800,90.52950000718796,6550,91
ef29f62b-1515-492e-9405-6e51e6fcbf8d,BMW,Z3,Cabriolet,Dealer,7400,b,169150,02-1997,https://prod.pictures.autoscout24.net/listing-images/ef29f62b-1515-492e-9405-6e51e6fcbf8d_92c0e5cf-fbcf-464a-89fb-97bd4af71140.jpg/250x188.webp,3920,64.30712183830964,9441,62
e5c81c20-11b9-4d92-8961-8f3823c9d06d,BMW,316,Berline,PrivateSeller,7400,d,200000,10-2010,https://prod.pictures.autoscout24.net/listing-images/e5c81c20-11b9-4d92-8961-8f3823c9d06d_a0ac2966-306f-4458-9016-50f594cde0ad.jpg/250x188.webp,5100,120.21149902452048,4451,67
d5b7dd64-7f48-4bec-b31c-7d10f7526719,BMW,530,Break,Dealer,7450,d,235618,09-2008,https://prod.pictures.autoscout24.net/listing-images/d5b7dd64-7f48-4bec-b31c-7d10f7526719_59667369-546e-46f9-bdb2-5d1ec863a5ab.jpg/250x188.webp,6043,111.88562923228113,5211,55
4aaacd6c-d8c6-4fe9-8230-20fe7c3f20f7,BMW,535,Break,Dealer,7450,d,419355,05-2011,https://prod.pictures.autoscout24.net/listing-images/4aaacd6c-d8c6-4fe9-8230-20fe7c3f20f7_e3805779-ee0d-4ede-8718-d02828eb8c75.jpg/250x188.webp,1400,97.35176357549375,4239,6
ef4979d9-e139-4721-9a42-9b0a7f65bfc5,BMW,118,Andere,Dealer,7450,d,265000,12-2012,https://prod.pictures.autoscout24.net/listing-images/ef4979d9-e139-4721-9a42-9b0a7f65bfc5_30bc90ec-fe88-44f4-b80d-05b6ee126ee8.jpg/250x188.webp,1400,97.35176357549375,3659,39
b1abfe84-d4eb-4acd-91dd-75f9a97b0e06,BMW,118,Coupé,Dealer,7450,d,185000,03-2010,https://prod.pictures.autoscout24.net/listing-images/b1abfe84-d4eb-4acd-91dd-75f9a97b0e06_e3359312-75a2-43cf-a39d-86e51e06ed1b.jpg/250x188.webp,8791,102.62748120507626,4665,156
d3a7e094-297a-48f4-b9d6-e48476d03d92,BMW,116,Berline,Dealer,7480,b,138705,09-2010,https://prod.pictures.autoscout24.net/listing-images/d3a7e094-297a-48f4-b9d6-e48476d03d92_6d09e149-3bce-4988-ade2-dcf33754e430.jpg/250x188.webp,8570,100.49126072839948,4481,0
18bdb439-afb1-4bdf-9fc1-7f0b74b7b010,BMW,116,Berline,Dealer,7490,d,200000,07-2012,https://prod.pictures.autoscout24.net/listing-images/18bdb439-afb1-4bdf-9fc1-7f0b74b7b010_018f0dbb-1d1b-4f4e-a5aa-aba14d4b9f4b.jpg/250x188.webp,7090,96.30849119801513,3812,6
c39b0af5-f42a-435d-bb3c-eb17a06a1c10,BMW,320,Berline,PrivateSeller,7490,b,164458,12-1981,https://prod.pictures.autoscout24.net/listing-images/c39b0af5-f42a-435d-bb3c-eb17a06a1c10_c855b0cd-3025-430c-9638-fabd8d598446.jpg/250x188.webp,1370,89.26135356419556,14982,49
8ca09589-99ff-4e10-ad4d-3a932af9ee44,BMW,118,Cabriolet,Dealer,7490,d,220000,04-2009,https://prod.pictures.autoscout24.net/listing-images/8ca09589-99ff-4e10-ad4d-3a932af9ee44_5cf8aa6c-11a8-4b09-b360-d75882024338.jpg/250x188.webp,7090,96.30849119801513,4999,54
88939d23-9e5d-495f-aaf9-e4939442a2e4,BMW,320,Berline,PrivateSeller,7490,b,178000,08-2007,https://prod.pictures.autoscout24.net/listing-images/88939d23-9e5d-495f-aaf9-e4939442a2e4_666e3036-5772-4098-849e-10a8fe06da7d.jpg/250x188.webp,2020,27.94913546724415,5608,76
405472c7-a2a6-42c0-8d6f-8cd1f6235388,BMW,318,Berline,Dealer,7490,b,134000,10-1995,https://prod.pictures.autoscout24.net/listing-images/405472c7-a2a6-42c0-8d6f-8cd1f6235388_cba367c1-fe68-4df0-9250-6bed326c232a.jpg/250x188.webp,5030,102.63381600593108,9930,143
d3745f4b-6b91-4830-ac20-a6198173ed59,BMW,X5,SUV/4x4/Pick-up,Dealer,7499,d,308818,08-2008,https://prod.pictures.autoscout24.net/listing-images/d3745f4b-6b91-4830-ac20-a6198173ed59_add3af7d-a52f-41dd-913f-7d4c9a93a0d8.jpg/250x188.webp,1410,83.89428081314767,5242,72
384ad492-485c-cd19-e053-e250040a5528,BMW,Z3,Cabriolet,PrivateSeller,7499,b,205000,09-1998,https://prod.pictures.autoscout24.net/listing-images/384ad492-485c-cd19-e053-e250040a5528_d26ac973-fe15-409c-be77-e3646a7e5a9f.jpg/250x188.webp,4280,100.603559971339,8864,1177
1f06d6ff-3279-43be-8b43-235105e1026d,BMW,116,Berline,Dealer,7500,b,92000,06-2010,https://prod.pictures.autoscout24.net/listing-images/1f06d6ff-3279-43be-8b43-235105e1026d_5cf7e826-abd5-43e8-bb7c-3c03e9739595.jpg/250x188.webp,8550,107.36766166002549,4573,1
07ecb072-e7e9-4fe0-809c-9cd385252658,BMW,320,Break,PrivateSeller,7500,b,250000,07-1989,https://prod.pictures.autoscout24.net/listing-images/07ecb072-e7e9-4fe0-809c-9cd385252658_55e5d0a9-89b6-4d96-b4e3-a55dad39bbcb.jpg/250x188.webp,8710,99.69669111251099,12213,1
88810fb5-1b8c-4b19-b466-163b3e4bd7a0,BMW,116,Berline,PrivateSeller,7500,d,260000,12-2014,https://prod.pictures.autoscout24.net/listing-images/88810fb5-1b8c-4b19-b466-163b3e4bd7a0_8700f22a-0fb8-49dc-a2f9-47063ef44294.jpg/250x188.webp,6030,118.28038734858286,2929,3
cf7ee14c-de3e-4e15-b132-36725fc3f707,BMW,116,Andere,PrivateSeller,7500,d,89000,01-2010,https://prod.pictures.autoscout24.net/listing-images/cf7ee14c-de3e-4e15-b132-36725fc3f707_dc254a27-ceb1-4346-b7eb-bfa58218ac90.jpg/250x188.webp,7340,126.38155252550393,4724,4
db9d27c1-1076-44a9-a355-1ef72d96751d,BMW,X5,SUV/4x4/Pick-up,Dealer,7500,d,213000,03-2004,https://prod.pictures.autoscout24.net/listing-images/db9d27c1-1076-44a9-a355-1ef72d96751d_563c42b3-cd1c-4176-82b8-364a31957415.jpg/250x188.webp,2400,54.46395713654512,6856,4
2c6a1134-ce61-4f78-a2e8-f640e2a685be,BMW,118,Cabriolet,PrivateSeller,7500,d,249500,01-2011,https://prod.pictures.autoscout24.net/listing-images/2c6a1134-ce61-4f78-a2e8-f640e2a685be_4da0f47c-4934-4ad1-bb4f-8613b5dce6d1.jpg/250x188.webp,3971,66.20545894985422,4359,5
0c32f271-7e87-4c7c-b04d-143f70e94bad,BMW,X1,SUV/4x4/Pick-up,PrivateSeller,7500,d,117258,01-2018,https://prod.pictures.autoscout24.net/listing-images/0c32f271-7e87-4c7c-b04d-143f70e94bad_a35b0b80-11f3-49db-8d6d-cab2459ecb9e.jpg/250x188.webp,2000,27.94913546724415,1802,15
ee58187d-6f98-4227-8944-50751109167e,BMW,118,Cabriolet,PrivateSeller,7500,d,222005,02-2009,https://prod.pictures.autoscout24.net/listing-images/ee58187d-6f98-4227-8944-50751109167e_37d5091a-ed71-4cd5-9d84-17a745df9914.jpg/250x188.webp,3620,104.36478822085542,5058,15
9fbb109b-071e-40b1-91d2-ceb83451ed02,BMW,320,Coupé,PrivateSeller,7500,b,178000,02-1992,https://prod.pictures.autoscout24.net/listing-images/9fbb109b-071e-40b1-91d2-ceb83451ed02_edd11360-e1a7-424a-ba36-e83ff1f6786f.jpg/250x188.webp,3970,66.88973710098982,11268,19
57aa77c5-9803-42ba-9ac3-69aee84975b5,BMW,320,Berline,PrivateSeller,7500,d,185000,03-2011,https://prod.pictures.autoscout24.net/listing-images/57aa77c5-9803-42ba-9ac3-69aee84975b5_2e9fcef6-d610-4274-aa02-9016c652fad6.jpg/250x188.webp,7301,123.56105896109892,4300,17
4c5c86ef-ea22-4f70-bd1e-4a908ee31958,BMW,116,Berline,PrivateSeller,7500,d,155000,03-2014,https://prod.pictures.autoscout24.net/listing-images/4c5c86ef-ea22-4f70-bd1e-4a908ee31958_96e532a2-d32a-4f03-92a3-b3b3174fa39e.jpg/250x188.webp,3080,71.81912493945508,3204,21
1a36edc6-82cb-4f93-b23d-32cde11e8449,BMW,318,Break,PrivateSeller,7500,d,193450,05-2011,https://prod.pictures.autoscout24.net/listing-images/1a36edc6-82cb-4f93-b23d-32cde11e8449_b57c06f6-f7b3-43a9-ba95-1a1a10eaca3f.jpg/250x188.webp,8860,107.47860619254739,4239,28
9dce5491-cfbb-429b-a384-37c4ebd69b2d,BMW,318,Berline,PrivateSeller,7500,b,106000,06-2007,https://prod.pictures.autoscout24.net/listing-images/9dce5491-cfbb-429b-a384-37c4ebd69b2d_5139c1fe-b995-45da-bc3b-9ccaa7f76bc9.jpg/250x188.webp,2100,27.421552979694752,5669,30
ac2ca14e-17bd-471c-bc24-595ec49129ff,BMW,116,Berline,PrivateSeller,7500,d,214000,11-2013,https://prod.pictures.autoscout24.net/listing-images/ac2ca14e-17bd-471c-bc24-595ec49129ff_270446bd-9034-4b04-bd20-1e82a405215b.jpg/250x188.webp,9040,67.59494645605788,3324,37
105a29cb-6276-4a44-b199-9293e0d7ca44,BMW,114,Berline,PrivateSeller,7500,d,192000,11-2014,https://prod.pictures.autoscout24.net/listing-images/105a29cb-6276-4a44-b199-9293e0d7ca44_d3ba5ee7-e0de-44db-83b1-9b6ce80b6426.jpg/250x188.webp,2610,33.817501233272104,2959,38
ade24db4-24a1-4cfa-aed1-7a11fa627d93,BMW,520,Berline,PrivateSeller,7500,l,268000,10-2003,https://prod.pictures.autoscout24.net/listing-images/ade24db4-24a1-4cfa-aed1-7a11fa627d93_a13c1667-ff38-47cf-a114-b170c6e0485a.jpg/250x188.webp,2660,33.51153490320288,7008,42
2b5e5de3-82d8-44a9-bfb6-3c2e0761dbab,BMW,118,Cabriolet,PrivateSeller,7500,d,180000,10-2009,https://prod.pictures.autoscout24.net/listing-images/2b5e5de3-82d8-44a9-bfb6-3c2e0761dbab_a0b199a7-9808-4b0d-b723-d2a7faf2f7df.jpg/250x188.webp,1430,91.89718716064273,4816,41
0f99e6bd-22e1-4a2d-91dd-df12b033aaf8,BMW,330,Cabriolet,PrivateSeller,7500,d,337000,11-2007,https://prod.pictures.autoscout24.net/listing-images/0f99e6bd-22e1-4a2d-91dd-df12b033aaf8_8c36fce7-7eca-4523-b25c-ce9d324f7c77.jpg/250x188.webp,4000,118.53949006185148,5516,46
f6a3e1f8-4da1-4091-a284-eab996048b2d,BMW,116,Berline,PrivateSeller,7500,b,125000,10-2011,https://prod.pictures.autoscout24.net/listing-images/f6a3e1f8-4da1-4091-a284-eab996048b2d_a3d7795c-af65-4698-96e5-359de5545a5b.jpg/250x188.webp,9300,66.4098627619792,4086,51
fba5fc58-9d86-409f-8a99-4642442efb0c,BMW,330,Cabriolet,PrivateSeller,7500,d,285000,10-2007,https://prod.pictures.autoscout24.net/listing-images/fba5fc58-9d86-409f-8a99-4642442efb0c_dc9c9d01-1a47-4365-8d39-f50bbdbe76b4.jpg/250x188.webp,1190,73.06612059240499,5547,53
cfe44164-ec60-4320-a71b-c962d9eb809d,BMW,X5,SUV/4x4/Pick-up,Dealer,7500,d,311000,08-2009,https://prod.pictures.autoscout24.net/listing-images/cfe44164-ec60-4320-a71b-c962d9eb809d_98242bfd-7051-4752-9c9f-8146d878f801.jpg/250x188.webp,6044,114.30340847106793,4877,55
d4b9e87b-4824-4563-b4e3-7b947258d71a,BMW,Z3,Cabriolet,PrivateSeller,7500,b,277000,01-1997,https://prod.pictures.autoscout24.net/listing-images/d4b9e87b-4824-4563-b4e3-7b947258d71a_e920ac8c-b2fb-4087-b872-e314522fb13f.jpg/250x188.webp,4040,120.39133917274062,9472,55
fbf0de61-890a-4a82-ab4b-bb3bcafd3e67,BMW,318,Cabriolet,PrivateSeller,7500,b,165000,04-2002,https://prod.pictures.autoscout24.net/listing-images/fbf0de61-890a-4a82-ab4b-bb3bcafd3e67_7765de5e-e976-4ab5-b86b-8cf4b4888721.jpg/250x188.webp,8700,90.43310642675891,7556,60
e3b63d34-2613-4e15-9756-bbf93b6a23b2,BMW,320,Andere,PrivateSeller,7500,b,170000,06-1982,https://prod.pictures.autoscout24.net/listing-images/e3b63d34-2613-4e15-9756-bbf93b6a23b2_d7688df7-bc78-4503-acf2-c19b513522bb.jpg/250x188.webp,1301,84.5190781907067,14800,63
4e3af0cc-7094-4e4a-acc0-a41db44cd4ed,BMW,116,Andere,PrivateSeller,7500,d,205000,10-2012,https://prod.pictures.autoscout24.net/listing-images/4e3af0cc-7094-4e4a-acc0-a41db44cd4ed_1252672a-7280-4c71-9ffd-6db6386bee27.jpg/250x188.webp,2800,49.170515286575046,3720,64
df7c7baf-7fb3-4539-af5c-a9532a5da1a7,BMW,320,Cabriolet,PrivateSeller,7500,b,180955,06-2002,https://prod.pictures.autoscout24.net/listing-images/df7c7baf-7fb3-4539-af5c-a9532a5da1a7_9689fac0-81c1-4e84-a0ed-743ffdbe6a51.jpg/250x188.webp,2480,51.57496167372229,7495,91
2fb154ae-4863-48f9-9948-1280424568f5,BMW,116,Berline,PrivateSeller,7500,d,250000,11-2013,https://prod.pictures.autoscout24.net/listing-images/2fb154ae-4863-48f9-9948-1280424568f5_31351229-2790-480f-b741-92c931eb73b9.jpg/250x188.webp,1030,66.85598932704684,3324,98
c82e90ed-32ef-49a4-87e2-2b04a04d5102,BMW,316,Coupé,PrivateSeller,7500,b,150000,08-1990,https://prod.pictures.autoscout24.net/listing-images/c82e90ed-32ef-49a4-87e2-2b04a04d5102_0129597d-73f7-42c6-b11d-e2b6022e49cc.jpg/250x188.webp,8930,119.0088533447813,11817,106
6bfcdd14-afff-46fa-a296-66758637fb61,BMW,116,Berline,PrivateSeller,7500,d,184000,06-2011,https://prod.pictures.autoscout24.net/listing-images/6bfcdd14-afff-46fa-a296-66758637fb61_2970a1c0-3e45-4db6-a60f-733f3527825d.jpg/250x188.webp,5600,141.55185821596254,4208,108
f1b1d006-ad24-44ee-8826-eb5a6ec46b87,BMW,120,Coupé,PrivateSeller,7500,d,219300,03-2009,https://prod.pictures.autoscout24.net/listing-images/f1b1d006-ad24-44ee-8826-eb5a6ec46b87_e88d7cb8-0332-4621-8ac9-6faf6e6e142e.jpg/250x188.webp,1060,71.73094529250689,5030,140
7ac7b503-0c65-4008-b617-d00f2b0a8699,BMW,118,Berline,PrivateSeller,7500,d,178000,08-2010,https://prod.pictures.autoscout24.net/listing-images/7ac7b503-0c65-4008-b617-d00f2b0a8699_6a69382c-48b2-43a9-9c0e-feca79dfddcb.jpg/250x188.webp,8930,119.0088533447813,4512,146
cd9d3b8a-d16e-41de-9581-90094410a0a9,BMW,X3,SUV/4x4/Pick-up,PrivateSeller,7500,d,172000,07-2008,https://prod.pictures.autoscout24.net/listing-images/cd9d3b8a-d16e-41de-9581-90094410a0a9_8edc36b9-fc52-41b0-a5b9-9645d83f4581.jpg/250x188.webp,4500,119.58764611108163,5273,156
f1684971-2a1e-427b-9f2f-b5d3b39a0403,BMW,520,Break,Dealer,7500,d,212000,01-2009,https://prod.pictures.autoscout24.net/listing-images/f1684971-2a1e-427b-9f2f-b5d3b39a0403_02acc2c6-e715-4c9c-9515-d1de943f7ea2.jpg/250x188.webp,7301,123.56105896109892,5089,169
ddddaf91-1d79-49f0-822d-7902240b3fab,BMW,318,Berline,PrivateSeller,7500,d,200900,06-2007,https://prod.pictures.autoscout24.net/listing-images/ddddaf91-1d79-49f0-822d-7902240b3fab_ecf8bd16-1a51-4d30-9eac-47e1fa60d3c7.jpg/250x188.webp,5000,115.13665852422378,5669,178
3824f7c7-881a-4cea-9a3d-7aed50d82dbe,BMW,Z3,Cabriolet,PrivateSeller,7500,b,170000,10-1996,https://prod.pictures.autoscout24.net/listing-images/3824f7c7-881a-4cea-9a3d-7aed50d82dbe_4fd28814-eff4-4698-b769-56f31fb8108d.jpg/250x188.webp,9870,92.66676027439331,9564,219
24e382b6-b341-4ca7-9bbe-2baba92c5d3f,BMW,Z3,Cabriolet,PrivateSeller,7500,b,237000,03-2000,https://prod.pictures.autoscout24.net/listing-images/24e382b6-b341-4ca7-9bbe-2baba92c5d3f_e83b30f5-da49-46d4-ba4a-7bd927350937.jpg/250x188.webp,7000,118.39471915054493,8317,278
e5313e1d-89e2-4429-b0cb-cc5a157cbc9d,BMW,320,Berline,PrivateSeller,7600,d,160000,07-2011,https://prod.pictures.autoscout24.net/listing-images/e5313e1d-89e2-4429-b0cb-cc5a157cbc9d_e65c5a95-ad16-4d5c-ad62-4119c31714d5.jpg/250x188.webp,1000,69.17270624549755,4178,104
9690c851-9aca-45a7-8a7a-43dd026349fa,BMW,116,Berline,PrivateSeller,7650,b,164000,11-2010,https://prod.pictures.autoscout24.net/listing-images/9690c851-9aca-45a7-8a7a-43dd026349fa_c36905bc-1ae7-481f-aa65-918774a71a85.jpg/250x188.webp,1090,66.80320352454842,4420,25
93a47c37-c8be-465b-9ca4-a5789548510b,BMW,118,Cabriolet,Dealer,7650,d,168456,05-2011,https://prod.pictures.autoscout24.net/listing-images/93a47c37-c8be-465b-9ca4-a5789548510b_30c0b03d-cdd3-4151-afff-e6bd317d360a.jpg/250x188.webp,1910,61.06717284299515,4239,41
d8aa26c5-65d1-4914-ad82-df7909a1212a,BMW,320,Cabriolet,PrivateSeller,7650,b,221000,09-2001,https://prod.pictures.autoscout24.net/listing-images/d8aa26c5-65d1-4914-ad82-df7909a1212a_c449c8f2-5c1d-468f-bca8-66443a022ec6.jpg/250x188.webp,4120,124.28749895805954,7768,117
f816a690-1715-4ea5-924d-069fb7f8086c,BMW,316,Berline,PrivateSeller,7650,d,220,02-2010,https://prod.pictures.autoscout24.net/listing-images/f816a690-1715-4ea5-924d-069fb7f8086c_ab96b51d-c800-4de8-833f-d5828787cdb7.jpg/250x188.webp,2050,27.94913546724415,4693,143
4b02647d-cfa9-443e-83e6-22576f56f4ea,BMW,X3,SUV/4x4/Pick-up,PrivateSeller,7700,d,190000,02-2010,https://prod.pictures.autoscout24.net/listing-images/4b02647d-cfa9-443e-83e6-22576f56f4ea_00ca3d93-b8e4-4181-948b-9c544904b0d2.jpg/250x188.webp,1082,68.04437182438213,4693,80
8f447336-4f77-4356-8d89-ac8289fa586c,BMW,X1,SUV/4x4/Pick-up,Dealer,7700,d,192522,07-2011,https://prod.pictures.autoscout24.net/listing-images/8f447336-4f77-4356-8d89-ac8289fa586c_1bf995cb-75c4-45f1-a22d-75fe03a01c42.jpg/250x188.webp,5060,116.00750129472273,4178,97
1e02ba12-9152-481f-a435-dc4934d4c5c2,BMW,118,Berline,Dealer,7750,d,197000,10-2012,https://prod.pictures.autoscout24.net/listing-images/1e02ba12-9152-481f-a435-dc4934d4c5c2_92142bc8-4739-4b17-839d-71f09ff4128b.jpg/250x188.webp,4400,117.24460891533398,3720,28
c1dd16ad-c3a7-4574-8001-66e6eaffd803,BMW,120,Berline,PrivateSeller,7750,b,170000,05-2004,https://prod.pictures.autoscout24.net/listing-images/c1dd16ad-c3a7-4574-8001-66e6eaffd803_b8bef82a-4f44-4576-a4ac-620d06267904.jpg/250x188.webp,6240,115.29065835205232,6795,107
c1839fe5-9f43-4fbd-a905-68a13f6ca45c,BMW,116,Break,PrivateSeller,7750,d,90000,10-2010,https://prod.pictures.autoscout24.net/listing-images/c1839fe5-9f43-4fbd-a905-68a13f6ca45c_a4281d3b-5094-4bc4-a230-113c0e575d58.jpg/250x188.webp,1190,73.06612059240499,4451,179
6609432d-a88e-43dc-a156-00af37f8fe26,BMW,520,Berline,Dealer,7750,d,277000,05-2009,https://prod.pictures.autoscout24.net/listing-images/6609432d-a88e-43dc-a156-00af37f8fe26_d5aa9baf-6367-4054-8208-a9517b25ed50.jpg/250x188.webp,1300,83.88957347991013,4969,233
ba82c86d-ee2b-4d2f-a618-fa072178efb4,BMW,120,Cabriolet,Dealer,7790,b,171667,06-2009,https://prod.pictures.autoscout24.net/listing-images/ba82c86d-ee2b-4d2f-a618-fa072178efb4_deb7b79d-2073-46cd-a528-23b2d39a45c2.jpg/250x188.webp,7540,116.1518990630203,4938,19
9fc041a8-8bb2-4af0-9128-a7a6b5686e84,BMW,118,Andere,PrivateSeller,7800,d,164000,05-2010,https://prod.pictures.autoscout24.net/listing-images/9fc041a8-8bb2-4af0-9128-a7a6b5686e84_1b079c9a-ce83-48f3-b3ce-0ca49f4103c2.jpg/250x188.webp,1140,66.17447866127165,4604,10
df023149-2009-46a9-b853-f7b20a411dc3,BMW,325,Berline,PrivateSeller,7800,b,160000,01-2006,https://prod.pictures.autoscout24.net/listing-images/df023149-2009-46a9-b853-f7b20a411dc3_86346ef6-f00b-4348-8c56-e1d5a8aa2d87.jpg/250x188.webp,1030,66.85598932704684,6185,23
186903d2-de15-4923-9f8e-c16ce6adee1c,BMW,118,Berline,PrivateSeller,7800,d,188000,06-2010,https://prod.pictures.autoscout24.net/listing-images/186903d2-de15-4923-9f8e-c16ce6adee1c_1e431ba7-e53a-4c19-92c3-dffedae1757b.jpg/250x188.webp,6020,116.87427855072593,4573,26
4df3ba19-ec69-4d97-a80e-035bccc3d9d7,BMW,116,Andere,PrivateSeller,7800,d,168000,08-2014,https://prod.pictures.autoscout24.net/listing-images/4df3ba19-ec69-4d97-a80e-035bccc3d9d7_6e22d956-86aa-479d-85d2-6e9718e45299.jpg/250x188.webp,4020,121.60247278825214,3051,60
ddeee1d4-8700-4f2b-a141-c9f8ee1d2ca1,BMW,325,Coupé,PrivateSeller,7800,b,159000,06-2007,https://prod.pictures.autoscout24.net/listing-images/ddeee1d4-8700-4f2b-a141-c9f8ee1d2ca1_8574aa3b-1dec-4120-862c-52e6c4dbcc22.jpg/250x188.webp,1210,68.61361841336421,5669,172
75b37a10-d8dd-41e4-be46-8b929adfca1f,BMW,320,Berline,Dealer,7850,d,159000,01-2011,https://prod.pictures.autoscout24.net/listing-images/75b37a10-d8dd-41e4-be46-8b929adfca1f_7a5396b2-afa5-494f-acac-55c3f5ff7769.jpg/250x188.webp,3600,91.05707630102727,4359,10
dbcf76aa-b551-4cbb-8a5e-f2ec9d051964,BMW,316,Berline,PrivateSeller,7850,d,185000,06-2010,https://prod.pictures.autoscout24.net/listing-images/dbcf76aa-b551-4cbb-8a5e-f2ec9d051964_d0069421-d5a1-4c5e-b7df-d03326e9f457.jpg/250x188.webp,8830,110.14495439154433,4573,23
e83b8124-a563-4ef3-81a7-2948f763f981,BMW,320,Coupé,PrivateSeller,7850,d,178000,05-2007,https://prod.pictures.autoscout24.net/listing-images/e83b8124-a563-4ef3-81a7-2948f763f981_7d604746-feb5-42ad-b7bb-8babfd2449fa.jpg/250x188.webp,7700,118.9523807230755,5700,80
ae3b9ad9-36d6-4038-9ad0-2185613e5e88,BMW,318,Berline,Dealer,7890,d,122762,02-2008,https://prod.pictures.autoscout24.net/listing-images/ae3b9ad9-36d6-4038-9ad0-2185613e5e88_c076219f-b39c-4cc7-b3e2-aa2386c1734a.jpg/250x188.webp,7350,126.64469659762254,5424,21
ec378b9e-6440-452c-8cbc-028e50c98631,BMW,318,Berline,Dealer,7900,d,173000,06-2009,https://prod.pictures.autoscout24.net/listing-images/ec378b9e-6440-452c-8cbc-028e50c98631_79f42048-0ab6-4cb6-8090-3bc78381db88.jpg/250x188.webp,5060,116.00750129472273,4938,1
0b55062a-15f2-4a04-87a7-de5debe9d740,BMW,318,Berline,Dealer,7900,d,160000,10-2011,https://prod.pictures.autoscout24.net/listing-images/0b55062a-15f2-4a04-87a7-de5debe9d740_faacefec-d65a-4255-8f83-28de99d71a0f.jpg/250x188.webp,7033,120.92234590410432,4086,0
6c7af75e-ba26-49ae-9d2f-d88974044b36,BMW,116,Andere,Dealer,7900,d,220000,08-2013,https://prod.pictures.autoscout24.net/listing-images/6c7af75e-ba26-49ae-9d2f-d88974044b36_1a3c9149-75d4-4493-a25f-8e61c19fa966.jpg/250x188.webp,9120,31.412557196808976,3416,3
4a6b4c66-7004-4232-a3c8-4733f7ba4f01,BMW,525,Break,PrivateSeller,7900,d,400000,03-2012,https://prod.pictures.autoscout24.net/listing-images/4a6b4c66-7004-4232-a3c8-4733f7ba4f01_dd526568-a546-4300-b9c0-5dc047ca13e9.jpg/250x188.webp,4624,126.75973187027684,3934,14
82ed5029-5e98-45c5-9d6c-dc73a751d767,BMW,318,Break,PrivateSeller,7900,d,175000,07-2011,https://prod.pictures.autoscout24.net/listing-images/82ed5029-5e98-45c5-9d6c-dc73a751d767_4a35f1e3-3c65-4324-8aee-eb42b1bc3cdb.jpg/250x188.webp,1800,60.05560122441548,4178,29
8747eb04-dabf-45d3-9dce-26cc90eda6bb,BMW,318,Berline,Dealer,7900,d,359000,01-2013,https://prod.pictures.autoscout24.net/listing-images/8747eb04-dabf-45d3-9dce-26cc90eda6bb_7ed3c95a-0691-40d5-81fe-60e31f25fae2.jpg/250x188.webp,6150,118.77654030835686,3628,34
8a9a378c-9ac9-4aa1-a73c-a1530abb4ddb,BMW,116,Berline,PrivateSeller,7900,d,140000,02-2011,https://prod.pictures.autoscout24.net/listing-images/8a9a378c-9ac9-4aa1-a73c-a1530abb4ddb_01fbef4f-96b9-4375-8e1d-b27a438ce3d0.jpg/250x188.webp,8820,105.17632863208843,4328,34
54745e1f-9913-4db5-bfaa-fe11d359555d,BMW,316,Coupé,Dealer,7900,b,258834,05-1993,https://prod.pictures.autoscout24.net/listing-images/54745e1f-9913-4db5-bfaa-fe11d359555d_5295e514-95fe-4e28-bc61-f8b51f6f438d.jpg/250x188.webp,8210,99.33164828760937,10813,50
7f8af0d7-c25d-4166-b164-526ed53a75fd,BMW,320,Berline,PrivateSeller,7900,b,210000,05-2002,https://prod.pictures.autoscout24.net/listing-images/7f8af0d7-c25d-4166-b164-526ed53a75fd_4734ff9e-1bab-4a5c-a620-bceae6a3673b.jpg/250x188.webp,1030,66.85598932704684,7526,57
d49d3589-f61f-4bc6-be28-80fa9923cf13,BMW,Z3,Cabriolet,Dealer,7900,b,138400,06-1998,https://prod.pictures.autoscout24.net/listing-images/d49d3589-f61f-4bc6-be28-80fa9923cf13_a446e3db-7c71-4149-a3c6-e8646a4aecfa.jpg/250x188.webp,3920,64.30712183830964,8956,92
fa1c9ba3-c6c3-437f-adbb-ff59dd26c7e9,BMW,X3,SUV/4x4/Pick-up,PrivateSeller,7900,d,170000,05-2009,https://prod.pictures.autoscout24.net/listing-images/fa1c9ba3-c6c3-437f-adbb-ff59dd26c7e9_98da26af-1bf8-4822-9a1c-8886ee9b8604.jpg/250x188.webp,4500,119.58764611108163,4969,149
65aa0ed3-08dd-4fe8-a136-2272fca3d471,BMW,320,Coupé,PrivateSeller,7900,d,235000,01-2010,https://prod.pictures.autoscout24.net/listing-images/65aa0ed3-08dd-4fe8-a136-2272fca3d471_a719b30a-fe88-480b-a51c-fcd80b0fcf63.jpg/250x188.webp,4590,133.3084744439676,4724,182
1ad040d7-9df7-4f1b-b8e1-6497b0e125cd,BMW,520,Break,PrivateSeller,7950,d,243105,08-2012,https://prod.pictures.autoscout24.net/listing-images/1ad040d7-9df7-4f1b-b8e1-6497b0e125cd_f5d88a2a-2ae6-4969-94e1-7306b21a2d98.jpg/250x188.webp,1850,59.738651260413086,3781,1
b58a5daa-5df8-419f-9c61-9cbed15ae2f3,BMW,X1,SUV/4x4/Pick-up,Dealer,7950,d,222000,03-2010,https://prod.pictures.autoscout24.net/listing-images/b58a5daa-5df8-419f-9c61-9cbed15ae2f3_4b8a4b85-7f1e-43e2-b5c2-83bf05d529ef.jpg/250x188.webp,4460,114.8668906662163,4665,1
80217308-43c1-41dd-b188-207e42bfb571,BMW,118,Berline,Dealer,7950,d,160000,03-2013,https://prod.pictures.autoscout24.net/listing-images/80217308-43c1-41dd-b188-207e42bfb571_c1923ff8-d008-4ee8-8dd7-35595e86c8de.jpg/250x188.webp,2870,48.59068591419226,3569,1
a02a2cda-c6cf-452d-893f-a347c7ab1816,BMW,316,Berline,Dealer,7950,b,160000,01-2010,https://prod.pictures.autoscout24.net/listing-images/a02a2cda-c6cf-452d-893f-a347c7ab1816_ffdefa8d-c479-496f-b8be-4b349d9b69ed.jpg/250x188.webp,4100,122.70999344916741,4724,3
7411103c-3669-4ff3-8d60-f911a73ee49d,BMW,325,Coupé,Dealer,7950,b,168000,04-2002,https://prod.pictures.autoscout24.net/listing-images/7411103c-3669-4ff3-8d60-f911a73ee49d_d43a40cb-4f8f-4de0-ac85-8c68d213a091.jpg/250x188.webp,7390,121.56764290915724,7556,29
896ed20b-3ddf-402b-a4a1-1307f48a0b39,BMW,318,Berline,Dealer,7950,d,296000,08-2012,https://prod.pictures.autoscout24.net/listing-images/896ed20b-3ddf-402b-a4a1-1307f48a0b39_3715ef8c-4fac-459c-bf42-be4cb848d614.jpg/250x188.webp,9160,52.83263590517851,3781,8
cac9bcff-69b3-4c56-8870-96249d43be08,BMW,116,Berline,Dealer,7950,d,192000,01-2013,https://prod.pictures.autoscout24.net/listing-images/cac9bcff-69b3-4c56-8870-96249d43be08_a9cb34f5-c860-4cfb-924b-640ee13263b7.jpg/250x188.webp,6060,116.023023143389,3628,10
d21340b8-f5af-4666-9f63-754f1672c0e6,BMW,316,Break,Dealer,7950,d,343007,02-2015,https://prod.pictures.autoscout24.net/listing-images/d21340b8-f5af-4666-9f63-754f1672c0e6_9bcf73f2-d9bf-459d-a643-c181cc0686a2.jpg/250x188.webp,6030,118.28038734858286,2867,21
be2a46bf-3542-4f6d-bcc3-7ecec56e8f9e,BMW,116,Berline,Dealer,7950,d,218000,01-2014,https://prod.pictures.autoscout24.net/listing-images/be2a46bf-3542-4f6d-bcc3-7ecec56e8f9e_c1a1aaac-fd02-46da-a088-cf3ef8445245.jpg/250x188.webp,6150,118.77654030835686,3263,24
a84b2694-3b61-4ab6-acf2-fe5be2a8a072,BMW,318,Cabriolet,Dealer,7950,b,99511,07-1996,https://prod.pictures.autoscout24.net/listing-images/a84b2694-3b61-4ab6-acf2-fe5be2a8a072_34976f20-9e0f-44bf-970e-fb3014ec92c1.jpg/250x188.webp,1180,74.57281408996285,9656,26
2eb63c3d-7e86-4da0-894c-51f09a226969,BMW,316,Break,Dealer,7950,d,240000,11-2012,https://prod.pictures.autoscout24.net/listing-images/2eb63c3d-7e86-4da0-894c-51f09a226969_bc6df319-5ac0-4992-a450-1a73324b1ca5.jpg/250x188.webp,6150,118.77654030835686,3689,33
24e9e0f0-32db-4c62-8bec-23f0948ff843,BMW,125,Cabriolet,Dealer,7950,b,253000,09-2008,https://prod.pictures.autoscout24.net/listing-images/24e9e0f0-32db-4c62-8bec-23f0948ff843_232ce5d1-24d4-4165-8b45-0b645fe88550.jpg/250x188.webp,2930,19.7117884178022,5211,46
dc321fe0-e872-4b1e-a58d-f21f9c6d7c4a,BMW,318,Berline,Dealer,7950,b,90000,12-2008,https://prod.pictures.autoscout24.net/listing-images/dc321fe0-e872-4b1e-a58d-f21f9c6d7c4a_38ba2e8a-d717-4225-abe9-72232ac2a38e.jpg/250x188.webp,3080,71.81912493945508,5120,61
7b8083d7-f0f0-406f-bf0f-7023ce69b73a,BMW,X1,SUV/4x4/Pick-up,PrivateSeller,7950,d,200000,09-2011,https://prod.pictures.autoscout24.net/listing-images/7b8083d7-f0f0-406f-bf0f-7023ce69b73a_324c567e-c1b7-4b4b-bc11-a92b2b6aa0bc.jpg/250x188.webp,4020,121.60247278825214,4116,93
e7168d4a-1e45-46c1-b1db-021fa2527a98,BMW,520,Berline,PrivateSeller,7950,d,269000,01-2010,https://prod.pictures.autoscout24.net/listing-images/e7168d4a-1e45-46c1-b1db-021fa2527a98_652b0e02-7216-4bc9-a2c8-faf3b190e4e2.jpg/250x188.webp,6061,117.55452099458994,4724,119
377f6bd4-53c3-4ab4-8aad-af69313d6cc4,BMW,318,Break,Dealer,7990,d,225000,12-2010,https://prod.pictures.autoscout24.net/listing-images/377f6bd4-53c3-4ab4-8aad-af69313d6cc4_082bc185-fc7e-4451-a68b-d5ed46d12786.jpg/250x188.webp,7300,124.27618354461573,4390,49
752020f3-7f67-46e6-997e-3298f3e433be,BMW,114,Berline,Dealer,7990,d,198000,11-2013,https://prod.pictures.autoscout24.net/listing-images/752020f3-7f67-46e6-997e-3298f3e433be_585e0105-3766-4424-bf61-6a1eebea782a.jpg/250x188.webp,7134,116.23444273110738,3324,203
b2011c20-1a1e-43d3-8b8d-c0ad1ea1631e,BMW,318,Berline,Dealer,7990,d,304345,10-2010,https://prod.pictures.autoscout24.net/listing-images/b2011c20-1a1e-43d3-8b8d-c0ad1ea1631e_878fea8d-6f14-4a75-870b-40972a19f05b.jpg/250x188.webp,7000,118.39471915054493,4451,12
ee917812-05be-43f7-88c3-bc032acd11e0,BMW,X1,SUV/4x4/Pick-up,Dealer,7990,d,189135,03-2012,https://prod.pictures.autoscout24.net/listing-images/ee917812-05be-43f7-88c3-bc032acd11e0_4b315a05-f522-4e72-880f-91e872ee5cca.jpg/250x188.webp,1930,65.18883147641638,3934,16
f34ad9c8-14ee-42ad-bb61-381d8711d1ad,BMW,X1,Break,PrivateSeller,7990,d,198178,04-2010,https://prod.pictures.autoscout24.net/listing-images/f34ad9c8-14ee-42ad-bb61-381d8711d1ad_7cf483b0-9b76-4fd7-8d75-24b40a5056d7.jpg/250x188.webp,9000,69.99787275902874,4634,18
12875a35-018e-48dd-b05c-3abcc9bed09d,BMW,Z3,Cabriolet,PrivateSeller,7990,b,193890,06-1996,https://prod.pictures.autoscout24.net/listing-images/12875a35-018e-48dd-b05c-3abcc9bed09d_14ac42c1-52ff-4b9d-bd35-9d096f3707be.jpg/250x188.webp,6280,125.71995865757935,9686,39
dd026750-274a-4030-b3e9-c71b8e33bda0,BMW,120,Cabriolet,Dealer,7990,d,221000,12-2012,https://prod.pictures.autoscout24.net/listing-images/dd026750-274a-4030-b3e9-c71b8e33bda0_d7dad901-29f3-4141-8e29-517c61d5c9c5.jpg/250x188.webp,1932,66.67198913187099,3659,57
e7aad4ab-1f3d-47f7-9570-215fd6d9d2cf,BMW,118,Berline,PrivateSeller,7990,b,140000,03-2010,https://prod.pictures.autoscout24.net/listing-images/e7aad4ab-1f3d-47f7-9570-215fd6d9d2cf_cdba9012-5c19-42fa-9bc8-278981e6d3c1.jpg/250x188.webp,1030,66.85598932704684,4665,98
391f80f2-592b-4c08-b4c3-a107b1d30a15,BMW,X1,SUV/4x4/Pick-up,Dealer,7990,d,231454,05-2012,https://prod.pictures.autoscout24.net/listing-images/391f80f2-592b-4c08-b4c3-a107b1d30a15_0b496a8b-1de6-4927-b5d2-158461c24113.jpg/250x188.webp,1315,85.40551029135231,3873,149
8072bfc5-4a84-4c9a-acac-713e5a082b32,BMW,X3,SUV/4x4/Pick-up,Dealer,7990,b,167653,07-2004,https://prod.pictures.autoscout24.net/listing-images/8072bfc5-4a84-4c9a-acac-713e5a082b32_8ffab280-e642-4848-9c0d-6bbee35368f4.jpg/250x188.webp,6061,117.55452099458994,6734,365
3a66c50d-5c04-42f4-8364-f861a2eef264,BMW,520,Break,Dealer,7999,d,299000,07-2011,https://prod.pictures.autoscout24.net/listing-images/3a66c50d-5c04-42f4-8364-f861a2eef264_7f8d6c5b-db64-4b00-a114-d690b8d874b3.jpg/250x188.webp,1703,72.53884447632319,4178,3
95348933-b59f-41d6-9045-2fcbac441f11,BMW,318,Berline,PrivateSeller,7999,b,105000,11-2008,https://prod.pictures.autoscout24.net/listing-images/95348933-b59f-41d6-9045-2fcbac441f11_6e30d9dc-2328-4174-840f-30e4af94c5e1.jpg/250x188.webp,4020,121.60247278825214,5150,12
c164fba6-66bd-4d50-9886-bc7f6a116788,BMW,118,Berline,Dealer,7999,b,108000,04-2005,https://prod.pictures.autoscout24.net/listing-images/c164fba6-66bd-4d50-9886-bc7f6a116788_1c70e9f6-4f68-40f7-a97d-98e24e6d2978.jpg/250x188.webp,9250,48.29700857036449,6460,19
0db369cc-154a-4f6f-8122-8e312d8727a8,BMW,X5,SUV/4x4/Pick-up,Dealer,7999,d,201000,04-2006,https://prod.pictures.autoscout24.net/listing-images/0db369cc-154a-4f6f-8122-8e312d8727a8_779a767c-505e-434a-bd0f-5ea5cf85520c.jpg/250x188.webp,1602,75.23922327931528,6095,24
661c036e-d4ae-43be-a6e2-ab8153ba0866,BMW,X1,SUV/4x4/Pick-up,Dealer,7999,d,198263,11-2010,https://prod.pictures.autoscout24.net/listing-images/661c036e-d4ae-43be-a6e2-ab8153ba0866_9992c226-f61b-4a9b-9c8c-9692257c7e98.jpg/250x188.webp,6030,118.28038734858286,4420,34
641f55d5-e830-445e-aeec-96de385a60e6,BMW,330,Coupé,Dealer,7999,d,289000,07-2007,https://prod.pictures.autoscout24.net/listing-images/641f55d5-e830-445e-aeec-96de385a60e6_661c6458-3f8a-4f1b-805f-2fb3b46364e5.jpg/250x188.webp,6700,222.44484417522085,5639,48
4581637a-a24d-4d96-bafe-18792b97d750,BMW,520,Berline,PrivateSeller,7999,d,233000,01-2011,https://prod.pictures.autoscout24.net/listing-images/4581637a-a24d-4d96-bafe-18792b97d750_4132ae8f-b1d8-4cae-aae2-336bab3f8a2f.jpg/250x188.webp,6200,119.77990387531518,4359,82
ae95dd03-d145-40d1-9ebd-f1f780e9dda3,BMW,X1,SUV/4x4/Pick-up,PrivateSeller,7999,d,252000,12-2009,https://prod.pictures.autoscout24.net/listing-images/ae95dd03-d145-40d1-9ebd-f1f780e9dda3_37492eff-004c-469f-a584-c15ef1e32c20.jpg/250x188.webp,2800,49.170515286575046,4755,113
6129f4a5-cc60-47c4-85c1-064ea55b96ac,BMW,116,Berline,PrivateSeller,7999,d,220000,01-2014,https://prod.pictures.autoscout24.net/listing-images/6129f4a5-cc60-47c4-85c1-064ea55b96ac_bdc426cb-8881-4fe0-815e-1ddb70452040.jpg/250x188.webp,7000,118.39471915054493,3263,120
a69d263b-776f-4823-9c9a-de250473d8d2,BMW,Z3,Cabriolet,PrivateSeller,7999,b,160000,10-1998,https://prod.pictures.autoscout24.net/listing-images/a69d263b-776f-4823-9c9a-de250473d8d2_57c0467f-cdab-49e1-aa97-140ca6954623.jpg/250x188.webp,7012,120.36322565219064,8834,171
ec546677-a595-4caa-aa81-87a361295e43,BMW,116,Berline,PrivateSeller,8000,d,220000,01-2014,https://prod.pictures.autoscout24.net/listing-images/ec546677-a595-4caa-aa81-87a361295e43_2ae729e8-b949-422e-9126-9c03f5915387.jpg/250x188.webp,1040,70.85448790939559,3263,5
35953121-4a26-48ad-b728-70505ef5f247,BMW,320,Cabriolet,PrivateSeller,8000,d,240000,06-2008,https://prod.pictures.autoscout24.net/listing-images/35953121-4a26-48ad-b728-70505ef5f247_d47285b4-185e-4bfc-8886-fff6890ec4bf.jpg/250x188.webp,2460,40.4924448840909,5303,3
22d55cd5-6598-4ac3-89a2-e7eaaa51558a,BMW,118,Cabriolet,PrivateSeller,8000,d,241000,04-2010,https://prod.pictures.autoscout24.net/listing-images/22d55cd5-6598-4ac3-89a2-e7eaaa51558a_177c8647-c224-49c0-b86a-9edc52d68754.jpg/250x188.webp,5081,107.80871877520319,4634,3
90f0e113-0f9b-4dfa-aacc-0c8bc169a5ec,BMW,218,Monovolume,PrivateSeller,8000,d,197500,12-2016,https://prod.pictures.autoscout24.net/listing-images/90f0e113-0f9b-4dfa-aacc-0c8bc169a5ec_34242a7a-e7ac-4d84-b89f-e3965edefd4d.jpg/250x188.webp,1933,67.42863651453277,2198,7
3f3867a6-1c5b-4088-a8cd-2402b1f23576,BMW,116,Berline,PrivateSeller,8000,d,159100,01-2013,https://prod.pictures.autoscout24.net/listing-images/3f3867a6-1c5b-4088-a8cd-2402b1f23576_88d95e8b-74b2-46ad-8208-e36cb0a10191.jpg/250x188.webp,8700,90.43310642675891,3628,12
421964b1-3e7a-47f7-940c-b65955e62fbb,BMW,118,Berline,PrivateSeller,8000,d,125000,07-2011,https://prod.pictures.autoscout24.net/listing-images/421964b1-3e7a-47f7-940c-b65955e62fbb_4e3b068a-7158-4d70-8a04-71fc359bd6b2.jpg/250x188.webp,5500,136.40807183238792,4178,12
fd0f9a2a-0f71-45b9-a55d-e5cd23b05bc3,BMW,520,Break,PrivateSeller,8000,d,300000,09-2012,https://prod.pictures.autoscout24.net/listing-images/fd0f9a2a-0f71-45b9-a55d-e5cd23b05bc3_9d1a6d21-e088-41e3-a0d3-97955851c6e1.jpg/250x188.webp,8540,103.49888255567093,3750,12
5f27c350-c0b3-4299-9dac-56cdfe4e1fa0,BMW,316,Berline,PrivateSeller,8000,d,222441,10-2014,https://prod.pictures.autoscout24.net/listing-images/5f27c350-c0b3-4299-9dac-56cdfe4e1fa0_13397b8c-db0b-487f-a714-d7992d5cfce1.jpg/250x188.webp,4600,117.87746038285867,2990,17
29108c3e-43bf-4405-b492-132b3d2c97cd,BMW,525,Berline,PrivateSeller,8000,d,240000,12-2009,https://prod.pictures.autoscout24.net/listing-images/29108c3e-43bf-4405-b492-132b3d2c97cd_c8447377-2702-4570-98a7-bd6d6c5b6e6d.jpg/250x188.webp,7130,117.49117131592739,4755,17
8f4fbd6a-222f-4b5b-980d-193f6a653e8c,BMW,320,Break,PrivateSeller,8000,b,233000,06-1992,https://prod.pictures.autoscout24.net/listing-images/8f4fbd6a-222f-4b5b-980d-193f6a653e8c_fba4553b-50e4-402a-abf4-4f6e4210737f.jpg/250x188.webp,8480,108.37030503019517,11147,25
39d21259-fe89-4d65-b8f9-ab5cb5751556,BMW,316,Berline,PrivateSeller,8000,d,248664,04-2012,https://prod.pictures.autoscout24.net/listing-images/39d21259-fe89-4d65-b8f9-ab5cb5751556_d853d754-288a-4acf-969d-6d873baa4150.jpg/250x188.webp,3700,103.11033326257076,3903,29
445eb90d-f1c1-4d86-8e3f-392389c59a1c,BMW,X3,SUV/4x4/Pick-up,PrivateSeller,8000,d,185000,12-2009,https://prod.pictures.autoscout24.net/listing-images/445eb90d-f1c1-4d86-8e3f-392389c59a1c_35965aea-236b-4a6f-a63a-862190388bcf.jpg/250x188.webp,1601,76.3100421089918,4755,30
f3104169-48ae-482b-bd96-63f0563de896,BMW,316,Break,PrivateSeller,8000,d,284000,10-2013,https://prod.pictures.autoscout24.net/listing-images/f3104169-48ae-482b-bd96-63f0563de896_c9a1e3f3-fedb-4fc3-9ee6-0c07af3f97d8.jpg/250x188.webp,7100,111.04432979756132,3355,35
206aa7b7-8430-497c-a4a3-12f764747cf6,BMW,318,Berline,Dealer,8000,d,70000,08-2008,https://prod.pictures.autoscout24.net/listing-images/206aa7b7-8430-497c-a4a3-12f764747cf6_33cce452-3c8a-4e6d-9055-c58ef64662c7.jpg/250x188.webp,1480,90.6722887329444,5242,35
341bda14-6fcf-4ecf-b83e-80010ac3662b,BMW,120,Coupé,PrivateSeller,8000,d,253000,05-2010,https://prod.pictures.autoscout24.net/listing-images/341bda14-6fcf-4ecf-b83e-80010ac3662b_3514b8d7-15b8-48c0-a41e-8c682a62558f.jpg/250x188.webp,8680,112.18097417678707,4604,39
948cd2d0-6de5-469f-97c4-8ee701628d1e,BMW,116,Berline,PrivateSeller,8000,d,155000,12-2011,https://prod.pictures.autoscout24.net/listing-images/948cd2d0-6de5-469f-97c4-8ee701628d1e_c47cef39-a8f1-4c32-ae07-41b93989bc4a.jpg/250x188.webp,2500,38.36429357421789,4025,41
34221bfc-ce51-4872-a1ad-a43177566bc3,BMW,116,Berline,PrivateSeller,8000,d,212000,01-2012,https://prod.pictures.autoscout24.net/listing-images/34221bfc-ce51-4872-a1ad-a43177566bc3_34ee89f5-1a9c-44b6-833a-e2a0ace0e303.jpg/250x188.webp,1210,68.61361841336421,3994,43
67e1f1bc-c231-4899-bf11-a5eb028a87d8,BMW,316,Berline,PrivateSeller,8000,d,226000,08-2011,https://prod.pictures.autoscout24.net/listing-images/67e1f1bc-c231-4899-bf11-a5eb028a87d8_fe51499b-88f4-42c7-9115-4bbe05cc6fa2.jpg/250x188.webp,4190,138.68878430326495,4147,48
204294ff-bab7-4367-b3a4-007ff98f1b9b,BMW,116,Berline,PrivateSeller,8000,b,73000,12-2009,https://prod.pictures.autoscout24.net/listing-images/204294ff-bab7-4367-b3a4-007ff98f1b9b_bd27e97f-93e9-4699-b4fb-9cd4b5a0ef95.jpg/250x188.webp,7800,104.58581336862675,4755,48
ee3d8a5e-6479-4d2e-a22e-f6f7c7708830,BMW,116,Andere,PrivateSeller,8000,d,191000,10-2014,https://prod.pictures.autoscout24.net/listing-images/ee3d8a5e-6479-4d2e-a22e-f6f7c7708830_75f37fc1-e5af-47e8-a848-e4157da909e0.jpg/250x188.webp,6010,119.70351809317113,2990,49
e9ad49dc-84ab-4e23-a79f-b40dad0a5d82,BMW,520,Break,PrivateSeller,8000,d,290000,10-2010,https://prod.pictures.autoscout24.net/listing-images/e9ad49dc-84ab-4e23-a79f-b40dad0a5d82_3945070c-9cd3-4752-96c3-4b176c613e6c.jpg/250x188.webp,4630,129.1452608018519,4451,56
cd1704fe-0949-474c-b996-2408b787e15b,BMW,320,Berline,PrivateSeller,8000,d,260000,10-2009,https://prod.pictures.autoscout24.net/listing-images/cd1704fe-0949-474c-b996-2408b787e15b_f820e0d2-6306-440a-ace4-68197ec01747.jpg/250x188.webp,3600,91.05707630102727,4816,66
d2a98e8a-8e24-4161-a15f-ac29c95c7622,BMW,318,Berline,PrivateSeller,8000,d,82000,02-2006,https://prod.pictures.autoscout24.net/listing-images/d2a98e8a-8e24-4161-a15f-ac29c95c7622_36ac09f9-9e47-4c61-afaf-8131f40c8344.jpg/250x188.webp,8560,116.79638105292675,6154,80
1b4b2f43-cf51-4389-af8f-288273a38f48,BMW,118,Berline,PrivateSeller,8000,d,185000,02-2010,https://prod.pictures.autoscout24.net/listing-images/1b4b2f43-cf51-4389-af8f-288273a38f48_d068b724-16e6-4f51-9da6-35f8dbafa013.jpg/250x188.webp,1600,78.61296004280759,4693,85
e8df5167-c901-4ef9-84dc-8644888d47d1,BMW,320,Coupé,PrivateSeller,8000,d,360000,08-2010,https://prod.pictures.autoscout24.net/listing-images/e8df5167-c901-4ef9-84dc-8644888d47d1_91521d5c-1d4b-4d1a-a0a3-5de4dd9858f2.jpg/250x188.webp,2950,17.29303589868688,4512,123
11f7eb2a-1875-435b-b5e7-f0c8bac7a26d,BMW,318,Berline,PrivateSeller,8000,b,153000,04-2009,https://prod.pictures.autoscout24.net/listing-images/11f7eb2a-1875-435b-b5e7-f0c8bac7a26d_81b1f17f-bdee-4565-9551-4e2121a52f55.jpg/250x188.webp,1000,69.17270624549755,4999,95
16ac5b20-b510-4b68-9220-643e268d085a,BMW,320,Berline,PrivateSeller,8000,b,163000,12-2001,https://prod.pictures.autoscout24.net/listing-images/16ac5b20-b510-4b68-9220-643e268d085a_ffc9dca6-3bf8-49d9-84d3-fdb1259a9408.jpg/250x188.webp,2000,27.94913546724415,7677,98
aea2744a-9230-4859-892b-69c216011d0a,BMW,318,Coupé,PrivateSeller,8000,b,160000,07-1987,https://prod.pictures.autoscout24.net/listing-images/aea2744a-9230-4859-892b-69c216011d0a_dd785ad3-d896-4576-93ca-b7cdbc32a143.jpg/250x188.webp,1150,68.48425146100755,12944,109
c309b547-73bd-4119-a4dd-a3ef6a400ba0,BMW,735,Berline,PrivateSeller,8000,b,315000,12-1990,https://prod.pictures.autoscout24.net/listing-images/c309b547-73bd-4119-a4dd-a3ef6a400ba0_197687a4-e284-414b-9231-0da02913e85f.jpg/250x188.webp,3700,103.11033326257076,11695,113
4700f867-0145-49d7-ba74-0dce6427544d,BMW,318,Break,PrivateSeller,8000,d,183000,12-2011,https://prod.pictures.autoscout24.net/listing-images/4700f867-0145-49d7-ba74-0dce6427544d_0186f366-e669-4d30-8ff0-2b63fc67bba4.jpg/250x188.webp,1800,60.05560122441548,4025,113
2da94b79-7db4-487c-adaa-e6907531881d,BMW,316,Break,PrivateSeller,8000,d,230000,07-2013,https://prod.pictures.autoscout24.net/listing-images/2da94b79-7db4-487c-adaa-e6907531881d_fbf29d80-b68e-45eb-b802-c9d52aee65f5.jpg/250x188.webp,1160,72.45305351002509,3447,113
c7ec986c-e025-4fb8-989e-1be3292c3128,BMW,118,Berline,PrivateSeller,8000,d,205000,08-2012,https://prod.pictures.autoscout24.net/listing-images/c7ec986c-e025-4fb8-989e-1be3292c3128_6ab52e84-aa34-4033-859f-6db05c54d925.jpg/250x188.webp,4800,137.3735948615729,3781,125
dc9bde7c-405c-41d6-8131-fa570c84e6b2,BMW,116,Berline,PrivateSeller,8000,d,184000,07-2009,https://prod.pictures.autoscout24.net/listing-images/dc9bde7c-405c-41d6-8131-fa570c84e6b2_9a9855be-fd13-498f-a79f-77aac6f06a56.jpg/250x188.webp,6940,144.48624639731975,4908,130
0ae96d23-8958-4931-a946-48b727f21b41,BMW,320,Cabriolet,PrivateSeller,8000,b,202000,06-2001,https://prod.pictures.autoscout24.net/listing-images/0ae96d23-8958-4931-a946-48b727f21b41_07f0ed1e-3e99-4a3a-8e41-03ea9a34e552.jpg/250x188.webp,2580,47.81608453320808,7860,132
acc077c9-1eed-4733-acd7-874a0f421175,BMW,316,Coupé,PrivateSeller,8000,b,155000,06-1987,https://prod.pictures.autoscout24.net/listing-images/acc077c9-1eed-4733-acd7-874a0f421175_38f76ca2-b29c-48d0-b723-80ece073f748.jpg/250x188.webp,3061,69.48348283820793,12974,133
d763ad3c-2bb3-46bf-af57-973982015fee,BMW,750,Berline,PrivateSeller,8000,b,210000,06-1995,https://prod.pictures.autoscout24.net/listing-images/d763ad3c-2bb3-46bf-af57-973982015fee_5787bd6c-dd85-446a-91da-ebd7b5335f80.jpg/250x188.webp,9600,100.62421555744224,10052,156
597f52fc-772d-48cf-af65-e52e62f7b300,BMW,318,Coupé,PrivateSeller,8000,b,164000,02-1995,https://prod.pictures.autoscout24.net/listing-images/597f52fc-772d-48cf-af65-e52e62f7b300_ea993384-d9ea-449f-af5b-b7133f93d631.jpg/250x188.webp,6791,232.6736596090297,10172,165
6d5ce674-e279-4db3-9557-8e2b12ea9f6e,BMW,318,Cabriolet,PrivateSeller,8000,b,223248,07-1996,https://prod.pictures.autoscout24.net/listing-images/6d5ce674-e279-4db3-9557-8e2b12ea9f6e_863faca3-d2eb-489b-83cf-c9900383968e.jpg/250x188.webp,8800,107.24415982689398,9656,170
1f460018-6ad8-4c0a-a926-5f8dee4c8c16,BMW,120,Cabriolet,PrivateSeller,8000,d,193000,03-2009,https://prod.pictures.autoscout24.net/listing-images/1f460018-6ad8-4c0a-a926-5f8dee4c8c16_a9d8432f-ab11-4be9-812d-8e67f0a2959f.jpg/250x188.webp,7100,111.04432979756132,5030,171
27030df3-94c2-4850-b8f8-9d0ac51f57ec,BMW,325,Berline,PrivateSeller,8000,d,168000,12-2008,https://prod.pictures.autoscout24.net/listing-images/27030df3-94c2-4850-b8f8-9d0ac51f57ec_91fbc658-73d0-495b-97fd-819a5017ac1a.jpg/250x188.webp,5523,135.10339388245373,5120,176
