guid,make,model,version,seller-type,price,fuel-type,mileage,first-reg-date,zip-code,images,distance,reg-age
95fd2196-b7de-4c55-a3d4-e46e1ccb4995,Land Rover,Defender,Model 110 3 deurs 2.5 Diesel Motor,PrivateSeller,39,d,85000,01-1992,2000,https://prod.pictures.autoscout24.net/listing-images/95fd2196-b7de-4c55-a3d4-e46e1ccb4995_560c8e96-cf7d-430b-9188-55ce5c51a59d.jpg/250x188.webp https://prod.pictures.autoscout24.net/listing-images/95fd2196-b7de-4c55-a3d4-e46e1ccb4995_aa27e078-9b2c-405c-a08d-d2003e7d62e0.jpg/250x188.webp https://prod.pictures.autoscout24.net/listing-images/95fd2196-b7de-4c55-a3d4-e46e1ccb4995_20d4a680-3575-4dab-bb7c-9d10bb98cd14.jpg/250x188.webp https://prod.pictures.autoscout24.net/listing-images/95fd2196-b7de-4c55-a3d4-e46e1ccb4995_f03decec-83d5-4226-bc34-c45093335d8a.jpg/250x188.webp https://prod.pictures.autoscout24.net/listing-images/95fd2196-b7de-4c55-a3d4-e46e1ccb4995_8ce683b7-8d71-4ea0-a513-32d6d2efb933.jpg/250x188.webp https://prod.pictures.autoscout24.net/listing-images/95fd2196-b7de-4c55-a3d4-e46e1ccb4995_cf351033-f0f9-4d33-97b5-c6d55db25431.jpg/250x188.webp https://prod.pictures.autoscout24.net/listing-images/95fd2196-b7de-4c55-a3d4-e46e1ccb4995_32a25fa6-5f5f-4dee-b205-a744d5c4ee09.jpg/250x188.webp https://prod.pictures.autoscout24.net/listing-images/95fd2196-b7de-4c55-a3d4-e46e1ccb4995_456eaf97-9f18-4e0e-ac88-a5694ba0350b.jpg/250x188.webp https://prod.pictures.autoscout24.net/listing-images/95fd2196-b7de-4c55-a3d4-e46e1ccb4995_f7d9528c-1f57-46b5-81f4-34b915cdef18.jpg/250x188.webp https://prod.pictures.autoscout24.net/listing-images/95fd2196-b7de-4c55-a3d4-e46e1ccb4995_d53e3ab2-342f-45c7-b403-f96cc34cd204.jpg/250x188.webp https://prod.pictures.autoscout24.net/listing-images/95fd2196-b7de-4c55-a3d4-e46e1ccb4995_01210e5f-4d37-447b-bbb1-b417ee2c6269.jpg/250x188.webp https://prod.pictures.autoscout24.net/listing-images/95fd2196-b7de-4c55-a3d4-e46e1ccb4995_0327c5f9-259b-4187-91e0-7b15c59cb6ca.jpg/250x188.webp https://prod.pictures.autoscout24.net/listing-images/95fd2196-b7de-4c55-a3d4-e46e1ccb4995_49b65b19-496d-4468-aa76-e5585b8f6570.jpg/250x188.webp https://prod.pictures.autoscout24.net/listing-images/95fd2196-b7de-4c55-a3d4-e46e1ccb4995_1e064a22-ce0d-453f-9fd1-d7f3a34239dc.jpg/250x188.webp https://prod.pictures.autoscout24.net/listing-images/95fd2196-b7de-4c55-a3d4-e46e1ccb4995_5b412303-a99b-4bfd-b677-71947d9806b5.jpg/250x188.webp https://prod.pictures.autoscout24.net/listing-images/95fd2196-b7de-4c55-a3d4-e46e1ccb4995_dea192e6-ee65-4526-b92d-4395ac9616c5.jpg/250x188.webp https://prod.pictures.autoscout24.net/listing-images/95fd2196-b7de-4c55-a3d4-e46e1ccb4995_a860a9fe-a622-46f3-aab5-7633dfeff40c.jpg/250x188.webp https://prod.pictures.autoscout24.net/listing-images/95fd2196-b7de-4c55-a3d4-e46e1ccb4995_939b5f5b-dcd1-4892-8bac-e58118562e30.jpg/250x188.webp https://prod.pictures.autoscout24.net/listing-images/95fd2196-b7de-4c55-a3d4-e46e1ccb4995_b3836de2-7f67-41f3-993c-75ad41f04d38.jpg/250x188.webp,27.94913546724415,11309
f6d02a46-01fc-4539-93e6-8da120e81d7e,Land Rover,Range Rover,2.5 Turbo DT,PrivateSeller,1200,d,350000,03-1999,4357,https://prod.pictures.autoscout24.net/listing-images/f6d02a46-01fc-4539-93e6-8da120e81d7e_188674f4-ece8-4800-93a7-71c21ae398b4.jpg/250x188.webp https://prod.pictures.autoscout24.net/listing-images/f6d02a46-01fc-4539-93e6-8da120e81d7e_a251e20c-bc6c-45ee-942e-9cf825409f69.jpg/250x188.webp https://prod.pictures.autoscout24.net/listing-images/f6d02a46-01fc-4539-93e6-8da120e81d7e_582c9545-606c-4048-8f65-d78e6aa744a0.jpg/250x188.webp https://prod.pictures.autoscout24.net/listing-images/f6d02a46-01fc-4539-93e6-8da120e81d7e_f5fa2885-34d2-417a-9db9-ce55587da756.jpg/250x188.webp https://prod.pictures.autoscout24.net/listing-images/f6d02a46-01fc-4539-93e6-8da120e81d7e_0ac7438b-e509-4b36-bd0f-b76da5036874.jpg/250x188.webp https://prod.pictures.autoscout24.net/listing-images/f6d02a46-01fc-4539-93e6-8da120e81d7e_46ba2d2c-4c30-4f29-a99b-eacd8eadd525.jpg/250x188.webp https://prod.pictures.autoscout24.net/listing-images/f6d02a46-01fc-4539-93e6-8da120e81d7e_ea8ccb85-b1f8-41db-8233-f66f52b6ca00.jpg/250x188.webp https://prod.pictures.autoscout24.net/listing-images/f6d02a46-01fc-4539-93e6-8da120e81d7e_8c0c5391-6cc9-436e-8798-2073fdc7ffa6.jpg/250x188.webp,107.81763962637915,8693
e735ec2a-49e5-4a18-869f-832396eaf778,Land Rover,Freelander,1.8i 16v                EXPORT,Dealer,1400,b,228000,04-2000,1080,https://prod.pictures.autoscout24.net/listing-images/e735ec2a-49e5-4a18-869f-832396eaf778_8b2ec361-b487-41ff-bfd6-06059a444046.jpg/250x188.webp https://prod.pictures.autoscout24.net/listing-images/e735ec2a-49e5-4a18-869f-832396eaf778_33dffb66-5fa3-4441-b735-5ea12b7fd387.jpg/250x188.webp https://prod.pictures.autoscout24.net/listing-images/e735ec2a-49e5-4a18-869f-832396eaf778_bc92e5c0-2ec8-45b9-8952-83ccfadd35d4.jpg/250x188.webp https://prod.pictures.autoscout24.net/listing-images/e735ec2a-49e5-4a18-869f-832396eaf778_ada81823-9497-4dce-8faf-1e6ef1014282.jpg/250x188.webp https://prod.pictures.autoscout24.net/listing-images/e735ec2a-49e5-4a18-869f-832396eaf778_365bdaf6-407f-4366-8dee-66a983178cf0.jpg/250x188.webp https://prod.pictures.autoscout24.net/listing-images/e735ec2a-49e5-4a18-869f-832396eaf778_75b98e8a-cd53-4396-9f9f-0cd7c4e7d3a6.jpg/250x188.webp https://prod.pictures.autoscout24.net/listing-images/e735ec2a-49e5-4a18-869f-832396eaf778_2b51b350-f918-48ac-a5e6-1b661c35bfce.jpg/250x188.webp,69.57979227671277,8296
9e0492d4-e1d1-4b94-a118-84b009af3cd1,Land Rover,Freelander,1.8i airco(((0484245555))),PrivateSeller,2200,b,198000,11-2001,1800,https://prod.pictures.autoscout24.net/listing-images/9e0492d4-e1d1-4b94-a118-84b009af3cd1_699300d2-25be-494a-b005-0758019a56ee.jpg/250x188.webp https://prod.pictures.autoscout24.net/listing-images/9e0492d4-e1d1-4b94-a118-84b009af3cd1_3950d667-31c1-4bfa-836e-96627eb9c4c2.jpg/250x188.webp https://prod.pictures.autoscout24.net/listing-images/9e0492d4-e1d1-4b94-a118-84b009af3cd1_ee5d2ca1-063d-4000-868c-638e7cd99b71.jpg/250x188.webp https://prod.pictures.autoscout24.net/listing-images/9e0492d4-e1d1-4b94-a118-84b009af3cd1_f93e201b-4a58-4d3f-8640-d4164a2f6f34.jpg/250x188.webp https://prod.pictures.autoscout24.net/listing-images/9e0492d4-e1d1-4b94-a118-84b009af3cd1_b7ead296-500d-414c-acfa-6b5868b63b78.jpg/250x188.webp https://prod.pictures.autoscout24.net/listing-images/9e0492d4-e1d1-4b94-a118-84b009af3cd1_15a29e5b-545d-497d-a05a-1f7e71312cee.jpg/250x188.webp https://prod.pictures.autoscout24.net/listing-images/9e0492d4-e1d1-4b94-a118-84b009af3cd1_66d75feb-b45c-42e3-b416-0d108f1b9146.jpg/250x188.webp,60.05560122441548,7717
5b4d2ffc-8f55-4549-bfa4-fc82b3e243e3,Land Rover,Freelander,2.0 Turbo di,PrivateSeller,2500,d,252000,03-2001,1853,https://prod.pictures.autoscout24.net/listing-images/5b4d2ffc-8f55-4549-bfa4-fc82b3e243e3_868cf9f5-d443-4bc7-a6fe-fe1a80bdab0c.jpg/250x188.webp https://prod.pictures.autoscout24.net/listing-images/5b4d2ffc-8f55-4549-bfa4-fc82b3e243e3_8567a46a-5deb-47d8-a0d3-57a8b72bfecd.jpg/250x188.webp https://prod.pictures.autoscout24.net/listing-images/5b4d2ffc-8f55-4549-bfa4-fc82b3e243e3_3fba3a04-fd3a-49ba-8712-86ea6c81b36b.jpg/250x188.webp https://prod.pictures.autoscout24.net/listing-images/5b4d2ffc-8f55-4549-bfa4-fc82b3e243e3_417fd7d5-c572-454a-957c-d89d94e4c322.jpg/250x188.webp https://prod.pictures.autoscout24.net/listing-images/5b4d2ffc-8f55-4549-bfa4-fc82b3e243e3_e6aae034-08da-4a03-b272-a7416afa4ab8.jpg/250x188.webp https://prod.pictures.autoscout24.net/listing-images/5b4d2ffc-8f55-4549-bfa4-fc82b3e243e3_cfc7c262-17e5-4a11-99f5-afdd428e1a03.jpg/250x188.webp https://prod.pictures.autoscout24.net/listing-images/5b4d2ffc-8f55-4549-bfa4-fc82b3e243e3_290a93a3-a099-4d6c-a67d-f049991a321b.jpg/250x188.webp https://prod.pictures.autoscout24.net/listing-images/5b4d2ffc-8f55-4549-bfa4-fc82b3e243e3_a117ab34-7593-4629-9962-354655b66d5b.jpg/250x188.webp https://prod.pictures.autoscout24.net/listing-images/5b4d2ffc-8f55-4549-bfa4-fc82b3e243e3_4fd8b904-6490-4d08-9819-c671eeef54ad.jpg/250x188.webp https://prod.pictures.autoscout24.net/listing-images/5b4d2ffc-8f55-4549-bfa4-fc82b3e243e3_920fc33d-3114-417f-97d4-74d6542fb713.jpg/250x188.webp https://prod.pictures.autoscout24.net/listing-images/5b4d2ffc-8f55-4549-bfa4-fc82b3e243e3_da96397b-aa65-490f-b54f-8767e80e478c.jpg/250x188.webp https://prod.pictures.autoscout24.net/listing-images/5b4d2ffc-8f55-4549-bfa4-fc82b3e243e3_c58b316b-23d1-46f5-9c90-01e90f8803b6.jpg/250x188.webp,62.49120970441575,7962
8012c135-17a8-46ac-b5e2-939f55d139c0,Land Rover,Freelander,TD4 SE,Dealer,2650,d,242000,05-2007,5140,https://prod.pictures.autoscout24.net/listing-images/8012c135-17a8-46ac-b5e2-939f55d139c0_9b0bc9cf-b5a1-4d70-8e57-8e5c02c86f9a.jpg/250x188.webp https://prod.pictures.autoscout24.net/listing-images/8012c135-17a8-46ac-b5e2-939f55d139c0_5ca25509-9d9e-4ae3-80c1-842f660d6f3b.jpg/250x188.webp https://prod.pictures.autoscout24.net/listing-images/8012c135-17a8-46ac-b5e2-939f55d139c0_42b4182b-c5f0-45a3-a755-6afb15acc007.jpg/250x188.webp https://prod.pictures.autoscout24.net/listing-images/8012c135-17a8-46ac-b5e2-939f55d139c0_672fd59c-de4d-45e4-b972-63bbc7e62d5e.jpg/250x188.webp https://prod.pictures.autoscout24.net/listing-images/8012c135-17a8-46ac-b5e2-939f55d139c0_a65afcc6-1c1f-4e2d-88c0-66e665da7ee9.jpg/250x188.webp https://prod.pictures.autoscout24.net/listing-images/8012c135-17a8-46ac-b5e2-939f55d139c0_4d82a69a-f92a-4c4a-bac3-9f446be83c65.jpg/250x188.webp https://prod.pictures.autoscout24.net/listing-images/8012c135-17a8-46ac-b5e2-939f55d139c0_a0ff8764-c8ea-42bf-a98f-488c1045ae2b.jpg/250x188.webp https://prod.pictures.autoscout24.net/listing-images/8012c135-17a8-46ac-b5e2-939f55d139c0_44673c3f-06d1-4977-b4c9-0b0bbfe7b53d.jpg/250x188.webp https://prod.pictures.autoscout24.net/listing-images/8012c135-17a8-46ac-b5e2-939f55d139c0_3a8ac961-c6ac-4a3f-b4f2-42cac40e5744.jpg/250x188.webp https://prod.pictures.autoscout24.net/listing-images/8012c135-17a8-46ac-b5e2-939f55d139c0_1df3ae8f-4219-4c1c-89d0-2ea0aab4a14a.jpg/250x188.webp https://prod.pictures.autoscout24.net/listing-images/8012c135-17a8-46ac-b5e2-939f55d139c0_6ca319f8-9298-48d6-aae4-e58bcdbcc2b3.jpg/250x188.webp,104.85389989976589,5710
979e70ce-b3cc-4f09-87e5-1af2933bfac6,Land Rover,Range Rover,classic rangerover 2.5 td  uitgeruste tereinwagen,PrivateSeller,3000,d,360000,03-1991,2620,https://prod.pictures.autoscout24.net/listing-images/979e70ce-b3cc-4f09-87e5-1af2933bfac6_19438373-6540-436b-9a69-6aec8cf848db.jpg/250x188.webp https://prod.pictures.autoscout24.net/listing-images/979e70ce-b3cc-4f09-87e5-1af2933bfac6_c7b44fd7-be15-4fab-82a0-301b5df1d517.jpg/250x188.webp https://prod.pictures.autoscout24.net/listing-images/979e70ce-b3cc-4f09-87e5-1af2933bfac6_d321a3d9-19cb-4711-852f-59a2996b9d30.jpg/250x188.webp https://prod.pictures.autoscout24.net/listing-images/979e70ce-b3cc-4f09-87e5-1af2933bfac6_371a8a4a-baaa-4e20-ac51-c2cd27bb27b6.jpg/250x188.webp https://prod.pictures.autoscout24.net/listing-images/979e70ce-b3cc-4f09-87e5-1af2933bfac6_ce5e5244-00c1-438f-8ece-064dfa153e2d.jpg/250x188.webp https://prod.pictures.autoscout24.net/listing-images/979e70ce-b3cc-4f09-87e5-1af2933bfac6_e7e6b52e-6395-4a75-b3cd-832294f3476e.jpg/250x188.webp https://prod.pictures.autoscout24.net/listing-images/979e70ce-b3cc-4f09-87e5-1af2933bfac6_66a48ece-bf52-4b2c-9547-048087e2c8b2.jpg/250x188.webp https://prod.pictures.autoscout24.net/listing-images/979e70ce-b3cc-4f09-87e5-1af2933bfac6_06d2e866-70b4-408b-9206-a4b56ba04291.jpg/250x188.webp https://prod.pictures.autoscout24.net/listing-images/979e70ce-b3cc-4f09-87e5-1af2933bfac6_3fbdf843-7f77-43a6-ba8c-65c8d169a155.jpg/250x188.webp https://prod.pictures.autoscout24.net/listing-images/979e70ce-b3cc-4f09-87e5-1af2933bfac6_89add064-626a-4bfd-b6b3-11c204fbfd2b.jpg/250x188.webp https://prod.pictures.autoscout24.net/listing-images/979e70ce-b3cc-4f09-87e5-1af2933bfac6_d1cc1ddf-16bf-4edf-b246-dc9ab301c605.jpg/250x188.webp https://prod.pictures.autoscout24.net/listing-images/979e70ce-b3cc-4f09-87e5-1af2933bfac6_15cc01e1-9aa0-4ffa-9a34-276006b43ab4.jpg/250x188.webp https://prod.pictures.autoscout24.net/listing-images/979e70ce-b3cc-4f09-87e5-1af2933bfac6_cc7feabd-9d88-478f-8de7-dc2886d538b6.jpg/250x188.webp https://prod.pictures.autoscout24.net/listing-images/979e70ce-b3cc-4f09-87e5-1af2933bfac6_58810285-55d7-494b-902f-df073f6f07f4.jpg/250x188.webp https://prod.pictures.autoscout24.net/listing-images/979e70ce-b3cc-4f09-87e5-1af2933bfac6_552ea249-dd92-4777-bf85-3a1dd942007e.jpg/250x188.webp https://prod.pictures.autoscout24.net/listing-images/979e70ce-b3cc-4f09-87e5-1af2933bfac6_17e14cb4-f406-44af-b747-7acf42476b42.jpg/250x188.webp,37.051311388895606,11615
d5f0ac42-087c-4fda-89d6-8c405381683c,Land Rover,Range Rover,Turbo d6 HSE,Dealer,3250,d,379669,03-2006,1400,https://prod.pictures.autoscout24.net/listing-images/d5f0ac42-087c-4fda-89d6-8c405381683c_334aa243-4917-42cd-841a-3b814b57e29f.jpg/250x188.webp https://prod.pictures.autoscout24.net/listing-images/d5f0ac42-087c-4fda-89d6-8c405381683c_952a2f76-fa33-4547-aa5f-49af84af85ae.jpg/250x188.webp https://prod.pictures.autoscout24.net/listing-images/d5f0ac42-087c-4fda-89d6-8c405381683c_21344039-7f28-4f84-bd3f-3995ede1fdc8.jpg/250x188.webp https://prod.pictures.autoscout24.net/listing-images/d5f0ac42-087c-4fda-89d6-8c405381683c_553e7341-a58b-4270-bbb4-725d861bd9d9.jpg/250x188.webp https://prod.pictures.autoscout24.net/listing-images/d5f0ac42-087c-4fda-89d6-8c405381683c_629ab690-85a1-4907-8ad3-5c9cfb143a4d.jpg/250x188.webp https://prod.pictures.autoscout24.net/listing-images/d5f0ac42-087c-4fda-89d6-8c405381683c_d0890ee7-d300-46a7-96bb-a152ae1f15b7.jpg/250x188.webp https://prod.pictures.autoscout24.net/listing-images/d5f0ac42-087c-4fda-89d6-8c405381683c_30a7abc0-fb93-43b4-a720-b9e587af6535.jpg/250x188.webp https://prod.pictures.autoscout24.net/listing-images/d5f0ac42-087c-4fda-89d6-8c405381683c_c12c467e-3712-4155-9874-e254fe866092.jpg/250x188.webp https://prod.pictures.autoscout24.net/listing-images/d5f0ac42-087c-4fda-89d6-8c405381683c_507b4a92-4b9f-437e-813e-4e70a10055d9.jpg/250x188.webp https://prod.pictures.autoscout24.net/listing-images/d5f0ac42-087c-4fda-89d6-8c405381683c_36ed47cb-27f7-46e5-9785-4d6b568e0c71.jpg/250x188.webp https://prod.pictures.autoscout24.net/listing-images/d5f0ac42-087c-4fda-89d6-8c405381683c_e81796bf-60ca-4af6-a08e-a38eba39adb9.jpg/250x188.webp https://prod.pictures.autoscout24.net/listing-images/d5f0ac42-087c-4fda-89d6-8c405381683c_b61ff59e-01ac-4682-a25a-a1bd992323bd.jpg/250x188.webp https://prod.pictures.autoscout24.net/listing-images/d5f0ac42-087c-4fda-89d6-8c405381683c_12df4bbe-1f89-4171-8fd4-ff86b2800d12.jpg/250x188.webp https://prod.pictures.autoscout24.net/listing-images/d5f0ac42-087c-4fda-89d6-8c405381683c_becd594e-cdf0-4cd2-b37b-e699b2e5c05b.jpg/250x188.webp https://prod.pictures.autoscout24.net/listing-images/d5f0ac42-087c-4fda-89d6-8c405381683c_4b79cdd8-1d90-468a-ab2f-aaf8e635896e.jpg/250x188.webp,97.35176357549375,6136
395be746-856a-4b7f-b37d-56e534f5c934,Land Rover,Discovery,TDi Automatik,PrivateSeller,3500,d,390000,04-1996,2430,https://prod.pictures.autoscout24.net/listing-images/395be746-856a-4b7f-b37d-56e534f5c934_15cb46fb-1d73-4f2b-bf61-affff3e7366c.jpg/250x188.webp https://prod.pictures.autoscout24.net/listing-images/395be746-856a-4b7f-b37d-56e534f5c934_f738116e-53bc-4528-be5e-d5479741290e.jpg/250x188.webp https://prod.pictures.autoscout24.net/listing-images/395be746-856a-4b7f-b37d-56e534f5c934_85e59b98-75b8-4b6b-af2c-6a74f8552519.jpg/250x188.webp https://prod.pictures.autoscout24.net/listing-images/395be746-856a-4b7f-b37d-56e534f5c934_361b41c6-db53-4c07-8887-026a1529ce59.jpg/250x188.webp https://prod.pictures.autoscout24.net/listing-images/395be746-856a-4b7f-b37d-56e534f5c934_5f040bb6-d47f-4b77-a891-1cf66b50e390.jpg/250x188.webp https://prod.pictures.autoscout24.net/listing-images/395be746-856a-4b7f-b37d-56e534f5c934_ebdf56d3-b7d1-4422-87fb-5b37fd913e3e.jpg/250x188.webp https://prod.pictures.autoscout24.net/listing-images/395be746-856a-4b7f-b37d-56e534f5c934_691c7f7b-1b89-47a2-bb7e-dc7a4fa16749.jpg/250x188.webp,55.198027110467564,9757
9bb48e54-32ba-4416-92e9-3fa748c9856d,Land Rover,Discovery,1,PrivateSeller,3500,d,530000,07-1991,9270,https://prod.pictures.autoscout24.net/listing-images/9bb48e54-32ba-4416-92e9-3fa748c9856d_cb52db17-7e25-4e34-b254-d46b07bf27a0.jpg/250x188.webp https://prod.pictures.autoscout24.net/listing-images/9bb48e54-32ba-4416-92e9-3fa748c9856d_e9805a6c-11de-47bb-a7e8-dcfdceabb77d.jpg/250x188.webp https://prod.pictures.autoscout24.net/listing-images/9bb48e54-32ba-4416-92e9-3fa748c9856d_32f17af5-60a1-4dd5-aa9f-7fd2a5e832c8.jpg/250x188.webp https://prod.pictures.autoscout24.net/listing-images/9bb48e54-32ba-4416-92e9-3fa748c9856d_a76ea86f-826d-49c3-a4ea-91c73fb1480e.jpg/250x188.webp https://prod.pictures.autoscout24.net/listing-images/9bb48e54-32ba-4416-92e9-3fa748c9856d_5e0502f4-02a8-4d42-9ae2-19aa99780228.jpg/250x188.webp https://prod.pictures.autoscout24.net/listing-images/9bb48e54-32ba-4416-92e9-3fa748c9856d_ca5eaa33-3e53-48dc-a82c-a550af6542de.jpg/250x188.webp https://prod.pictures.autoscout24.net/listing-images/9bb48e54-32ba-4416-92e9-3fa748c9856d_54eabf61-abcf-4b31-97b5-4ab5d4d03934.jpg/250x188.webp https://prod.pictures.autoscout24.net/listing-images/9bb48e54-32ba-4416-92e9-3fa748c9856d_e8c2856f-1fe5-413f-8e92-ac25383172a2.jpg/250x188.webp,62.72467041152718,11493
5e926ec2-ab23-4f6b-9811-5a5ddcc9cfb9,Land Rover,Discovery,CAMIONNETTE automatique,Dealer,3580,d,210000,12-2009,1325,https://prod.pictures.autoscout24.net/listing-images/5e926ec2-ab23-4f6b-9811-5a5ddcc9cfb9_bdb1348d-503c-4d6f-99f3-a11e7c8fd02e.jpg/250x188.webp https://prod.pictures.autoscout24.net/listing-images/5e926ec2-ab23-4f6b-9811-5a5ddcc9cfb9_9dc09799-f17d-4ea5-a4f7-484e1448b34b.jpg/250x188.webp https://prod.pictures.autoscout24.net/listing-images/5e926ec2-ab23-4f6b-9811-5a5ddcc9cfb9_0a093fb1-244a-45f8-bc78-48090ec37105.jpg/250x188.webp https://prod.pictures.autoscout24.net/listing-images/5e926ec2-ab23-4f6b-9811-5a5ddcc9cfb9_4bd454e3-1e8e-46b2-acae-fb8ced95479d.jpg/250x188.webp https://prod.pictures.autoscout24.net/listing-images/5e926ec2-ab23-4f6b-9811-5a5ddcc9cfb9_42319191-412f-4c7e-b887-3ca9d489b9a3.jpg/250x188.webp https://prod.pictures.autoscout24.net/listing-images/5e926ec2-ab23-4f6b-9811-5a5ddcc9cfb9_aded9e5d-fec0-44a0-88ba-adcdda3293a9.jpg/250x188.webp https://prod.pictures.autoscout24.net/listing-images/5e926ec2-ab23-4f6b-9811-5a5ddcc9cfb9_a9f19dd5-761a-481d-9aea-c6660cdf40d9.jpg/250x188.webp https://prod.pictures.autoscout24.net/listing-images/5e926ec2-ab23-4f6b-9811-5a5ddcc9cfb9_e1e296c7-cf12-4785-bc81-1aaa3ca48c79.jpg/250x188.webp https://prod.pictures.autoscout24.net/listing-images/5e926ec2-ab23-4f6b-9811-5a5ddcc9cfb9_2c119771-c031-4be7-9715-1ea0cc71a88a.jpg/250x188.webp,85.97978805911903,4765
2f4dc97f-bdb0-409d-8176-54d5e3cb99a6,Land Rover,Discovery,2.7 TdV6 24v !PROBLEME MOTEUR! 7 places utilitaire,Dealer,3750,d,380000,04-2008,5580,https://prod.pictures.autoscout24.net/listing-images/2f4dc97f-bdb0-409d-8176-54d5e3cb99a6_33420599-c6cb-4abe-ab91-6428f958d289.jpg/250x188.webp https://prod.pictures.autoscout24.net/listing-images/2f4dc97f-bdb0-409d-8176-54d5e3cb99a6_d1b619ff-a442-423b-b1b5-a87c6712708d.jpg/250x188.webp https://prod.pictures.autoscout24.net/listing-images/2f4dc97f-bdb0-409d-8176-54d5e3cb99a6_d36dcfe8-16bb-4da1-b850-08fbd57db2d9.jpg/250x188.webp https://prod.pictures.autoscout24.net/listing-images/2f4dc97f-bdb0-409d-8176-54d5e3cb99a6_b96c70c7-6428-4c1c-87bb-609c4a63d1c8.jpg/250x188.webp https://prod.pictures.autoscout24.net/listing-images/2f4dc97f-bdb0-409d-8176-54d5e3cb99a6_df999e82-2be7-40bd-af9e-6abe8aa397cb.jpg/250x188.webp https://prod.pictures.autoscout24.net/listing-images/2f4dc97f-bdb0-409d-8176-54d5e3cb99a6_7044efdd-0202-4476-9a4f-eccbc6125f24.jpg/250x188.webp https://prod.pictures.autoscout24.net/listing-images/2f4dc97f-bdb0-409d-8176-54d5e3cb99a6_b8906471-ad5a-4cf3-a3b0-1755b9f5fb20.jpg/250x188.webp https://prod.pictures.autoscout24.net/listing-images/2f4dc97f-bdb0-409d-8176-54d5e3cb99a6_c4583954-d304-47dc-8b42-a7f98c7cd4c0.jpg/250x188.webp https://prod.pictures.autoscout24.net/listing-images/2f4dc97f-bdb0-409d-8176-54d5e3cb99a6_02806c1b-7b22-4622-95c7-77acc2981769.jpg/250x188.webp https://prod.pictures.autoscout24.net/listing-images/2f4dc97f-bdb0-409d-8176-54d5e3cb99a6_cfdf6e86-3a3f-4aad-863a-f58158e4b937.jpg/250x188.webp https://prod.pictures.autoscout24.net/listing-images/2f4dc97f-bdb0-409d-8176-54d5e3cb99a6_fb65204c-b2fe-4504-b22b-ae60f34448f2.jpg/250x188.webp https://prod.pictures.autoscout24.net/listing-images/2f4dc97f-bdb0-409d-8176-54d5e3cb99a6_680803a8-26ef-444e-a01e-33ba6ba4385d.jpg/250x188.webp https://prod.pictures.autoscout24.net/listing-images/2f4dc97f-bdb0-409d-8176-54d5e3cb99a6_4821000e-7189-46aa-affa-fd3acf1b97b7.jpg/250x188.webp https://prod.pictures.autoscout24.net/listing-images/2f4dc97f-bdb0-409d-8176-54d5e3cb99a6_ed5af15b-3af2-41d2-8098-4e8997bb3832.jpg/250x188.webp https://prod.pictures.autoscout24.net/listing-images/2f4dc97f-bdb0-409d-8176-54d5e3cb99a6_7f8548d8-9200-49e7-89b1-295227e65b7f.jpg/250x188.webp,153.28424572738868,5374
36636ce6-9a1d-4f1d-91c9-03997a5f3728,Land Rover,Freelander,V6 HSE,Dealer,3900,b,238000,05-2004,1602,https://prod.pictures.autoscout24.net/listing-images/36636ce6-9a1d-4f1d-91c9-03997a5f3728_bfea847f-4ee3-4a78-b42c-91e2b9da1ef0.jpg/250x188.webp https://prod.pictures.autoscout24.net/listing-images/36636ce6-9a1d-4f1d-91c9-03997a5f3728_3cb4fbf5-7c54-417a-94c9-4c33f8092dac.jpg/250x188.webp https://prod.pictures.autoscout24.net/listing-images/36636ce6-9a1d-4f1d-91c9-03997a5f3728_8405f9a3-a918-4600-8d14-8aa89def2f57.jpg/250x188.webp https://prod.pictures.autoscout24.net/listing-images/36636ce6-9a1d-4f1d-91c9-03997a5f3728_1f9fc386-f2cb-4487-8228-a0cae84f8e09.jpg/250x188.webp https://prod.pictures.autoscout24.net/listing-images/36636ce6-9a1d-4f1d-91c9-03997a5f3728_794bb9ed-4850-46fe-bc34-6e497abe1091.jpg/250x188.webp https://prod.pictures.autoscout24.net/listing-images/36636ce6-9a1d-4f1d-91c9-03997a5f3728_7b74c573-fcf5-4545-afd0-fcf3c895bc0f.jpg/250x188.webp https://prod.pictures.autoscout24.net/listing-images/36636ce6-9a1d-4f1d-91c9-03997a5f3728_8982c36e-788f-4b78-bcf0-2dd3501268e6.jpg/250x188.webp https://prod.pictures.autoscout24.net/listing-images/36636ce6-9a1d-4f1d-91c9-03997a5f3728_5b42aac7-aa60-4d24-ac93-0662c3319bc6.jpg/250x188.webp,75.23922327931528,6805
40c5589c-3f93-46a9-938b-ef65b4fa0beb,Land Rover,Range Rover,4.0i V8,Dealer,4000,b,160000,01-2003,2610,https://prod.pictures.autoscout24.net/listing-images/40c5589c-3f93-46a9-938b-ef65b4fa0beb_6e267422-03b5-4a1a-ad6f-1b3e4e26d0bd.jpg/250x188.webp https://prod.pictures.autoscout24.net/listing-images/40c5589c-3f93-46a9-938b-ef65b4fa0beb_2ff651f8-9e95-42ad-8d2b-1bdb5a7dde85.jpg/250x188.webp https://prod.pictures.autoscout24.net/listing-images/40c5589c-3f93-46a9-938b-ef65b4fa0beb_3cb9a506-179f-4e10-b714-7f47381f4ed5.jpg/250x188.webp https://prod.pictures.autoscout24.net/listing-images/40c5589c-3f93-46a9-938b-ef65b4fa0beb_00ab3bef-4b58-46d8-8c84-28a35cb9f56e.jpg/250x188.webp https://prod.pictures.autoscout24.net/listing-images/40c5589c-3f93-46a9-938b-ef65b4fa0beb_2d707363-5d0d-4345-a6b3-8d409910a9dc.jpg/250x188.webp https://prod.pictures.autoscout24.net/listing-images/40c5589c-3f93-46a9-938b-ef65b4fa0beb_451efd6f-b8fc-451e-8ca6-185be3d68c26.jpg/250x188.webp,33.817501233272104,7291
52fad2ad-86e4-4c13-85e3-62775cf142b2,Land Rover,Discovery,2.7 TdV6 24v SE,PrivateSeller,4000,d,279000,06-2005,4845,https://prod.pictures.autoscout24.net/listing-images/52fad2ad-86e4-4c13-85e3-62775cf142b2_1fa9eac9-afb4-4e18-bb7e-1a0d563c68c6.jpg/250x188.webp https://prod.pictures.autoscout24.net/listing-images/52fad2ad-86e4-4c13-85e3-62775cf142b2_4cc64fb6-69a5-4f54-aa7a-b82af9858a1c.jpg/250x188.webp https://prod.pictures.autoscout24.net/listing-images/52fad2ad-86e4-4c13-85e3-62775cf142b2_e1c98695-5e3c-4745-9a27-af67fe8de2a4.jpg/250x188.webp https://prod.pictures.autoscout24.net/listing-images/52fad2ad-86e4-4c13-85e3-62775cf142b2_bd4cfbc4-064f-443b-b41f-767e2718a2b6.jpg/250x188.webp https://prod.pictures.autoscout24.net/listing-images/52fad2ad-86e4-4c13-85e3-62775cf142b2_b7641d8b-8d40-42b2-94b4-4cfc8b2c1458.jpg/250x188.webp https://prod.pictures.autoscout24.net/listing-images/52fad2ad-86e4-4c13-85e3-62775cf142b2_3d414d02-f111-421d-b0ab-1fc7239ba28b.jpg/250x188.webp https://prod.pictures.autoscout24.net/listing-images/52fad2ad-86e4-4c13-85e3-62775cf142b2_6b3e5d75-6828-4c90-9ae2-7b2bfbe4ff8e.jpg/250x188.webp https://prod.pictures.autoscout24.net/listing-images/52fad2ad-86e4-4c13-85e3-62775cf142b2_690de262-dc5c-4bef-a1e3-890552816a2b.jpg/250x188.webp https://prod.pictures.autoscout24.net/listing-images/52fad2ad-86e4-4c13-85e3-62775cf142b2_679686ae-27c5-4747-827f-2868c08cd4b0.jpg/250x188.webp https://prod.pictures.autoscout24.net/listing-images/52fad2ad-86e4-4c13-85e3-62775cf142b2_42e53a7b-35a7-4a1a-ae39-bb5abeadbf21.jpg/250x188.webp https://prod.pictures.autoscout24.net/listing-images/52fad2ad-86e4-4c13-85e3-62775cf142b2_4d6ff91b-1618-470c-8ec7-f9347e791b8e.jpg/250x188.webp https://prod.pictures.autoscout24.net/listing-images/52fad2ad-86e4-4c13-85e3-62775cf142b2_1c22a6df-efe1-461d-9de3-f39c74d810e7.jpg/250x188.webp https://prod.pictures.autoscout24.net/listing-images/52fad2ad-86e4-4c13-85e3-62775cf142b2_edc80c7b-15b5-4cc8-9809-dc3964252134.jpg/250x188.webp https://prod.pictures.autoscout24.net/listing-images/52fad2ad-86e4-4c13-85e3-62775cf142b2_49471306-5973-4cb6-8de2-de9fde08d6d6.jpg/250x188.webp https://prod.pictures.autoscout24.net/listing-images/52fad2ad-86e4-4c13-85e3-62775cf142b2_6442a767-8419-4a79-9008-a30306eb6ae9.jpg/250x188.webp,145.9433878746416,6409
8ec86b77-7123-47a8-9cfd-29c16aff1408,Land Rover,Range Rover,2.5 Tbo DSE 50th Anniversary,PrivateSeller,4100,d,298000,05-1998,3740,https://prod.pictures.autoscout24.net/listing-images/8ec86b77-7123-47a8-9cfd-29c16aff1408_31e9c559-5cd9-4402-a8f8-443f7f8ac05e.jpg/250x188.webp https://prod.pictures.autoscout24.net/listing-images/8ec86b77-7123-47a8-9cfd-29c16aff1408_cacd245c-4e54-43ff-98b3-cc9431939e9b.jpg/250x188.webp,102.74515560675786,8997
6e75efee-6b7a-4fbe-b1e3-494e41ac4df4,Land Rover,Freelander,2.0 *1er propriétaire *,Dealer,4800,d,166000,12-2005,4651,https://prod.pictures.autoscout24.net/listing-images/6e75efee-6b7a-4fbe-b1e3-494e41ac4df4_d87c9924-ebbf-424f-ba2e-f30b8aa27ecf.jpg/250x188.webp https://prod.pictures.autoscout24.net/listing-images/6e75efee-6b7a-4fbe-b1e3-494e41ac4df4_9944ff9c-f642-4b8b-80db-cf08f76e9586.jpg/250x188.webp https://prod.pictures.autoscout24.net/listing-images/6e75efee-6b7a-4fbe-b1e3-494e41ac4df4_f89934dc-66cc-478e-8c61-05988c0f2508.jpg/250x188.webp https://prod.pictures.autoscout24.net/listing-images/6e75efee-6b7a-4fbe-b1e3-494e41ac4df4_73acd451-0633-461e-8419-919a9c4fb4e5.jpg/250x188.webp,131.35282163921022,6226
e99f09da-d46f-4f3b-9d29-e740c4e30287,Land Rover,Range Rover,3.6 TdV8 32v HSE° NO START° ENGINE K.O°,Dealer,4800,d,175000,03-2009,5580,https://prod.pictures.autoscout24.net/listing-images/e99f09da-d46f-4f3b-9d29-e740c4e30287_7246bb8d-ee55-4123-8a13-ea4222fdf3c9.jpg/250x188.webp https://prod.pictures.autoscout24.net/listing-images/e99f09da-d46f-4f3b-9d29-e740c4e30287_0e8fe442-0c29-4a0a-bb59-daa6e8ab15d4.jpg/250x188.webp https://prod.pictures.autoscout24.net/listing-images/e99f09da-d46f-4f3b-9d29-e740c4e30287_60b970a4-546f-46db-b72d-91ccee5797fb.jpg/250x188.webp https://prod.pictures.autoscout24.net/listing-images/e99f09da-d46f-4f3b-9d29-e740c4e30287_abe52618-46bc-4694-8ef4-bce8e560b5ac.jpg/250x188.webp https://prod.pictures.autoscout24.net/listing-images/e99f09da-d46f-4f3b-9d29-e740c4e30287_e469e2c6-849b-47bb-9d66-bfe37d0cf5ef.jpg/250x188.webp https://prod.pictures.autoscout24.net/listing-images/e99f09da-d46f-4f3b-9d29-e740c4e30287_6d79fb28-b29e-400c-923a-00d8dd977897.jpg/250x188.webp https://prod.pictures.autoscout24.net/listing-images/e99f09da-d46f-4f3b-9d29-e740c4e30287_17db7d56-be64-43ff-be81-2f817d2e50b8.jpg/250x188.webp https://prod.pictures.autoscout24.net/listing-images/e99f09da-d46f-4f3b-9d29-e740c4e30287_d1d1afac-17b7-43ff-8eac-ecb8344ec52e.jpg/250x188.webp https://prod.pictures.autoscout24.net/listing-images/e99f09da-d46f-4f3b-9d29-e740c4e30287_5defa307-0ac8-4c2b-9a06-a87eb5ccd22b.jpg/250x188.webp https://prod.pictures.autoscout24.net/listing-images/e99f09da-d46f-4f3b-9d29-e740c4e30287_6b1f81d9-500a-4afb-b5e5-6f0896e91e6e.jpg/250x188.webp https://prod.pictures.autoscout24.net/listing-images/e99f09da-d46f-4f3b-9d29-e740c4e30287_687e9908-90fa-442a-ac7b-26b168cf213a.jpg/250x188.webp https://prod.pictures.autoscout24.net/listing-images/e99f09da-d46f-4f3b-9d29-e740c4e30287_458e7326-2307-482b-a5cd-a6dbbf23371f.jpg/250x188.webp https://prod.pictures.autoscout24.net/listing-images/e99f09da-d46f-4f3b-9d29-e740c4e30287_b78526b6-9b4e-430e-8276-b13928d7c177.jpg/250x188.webp https://prod.pictures.autoscout24.net/listing-images/e99f09da-d46f-4f3b-9d29-e740c4e30287_77239eb5-31bb-427c-8911-dcdf7fe7ea10.jpg/250x188.webp https://prod.pictures.autoscout24.net/listing-images/e99f09da-d46f-4f3b-9d29-e740c4e30287_bd5bf1af-8116-4d9b-918d-7fa42ddcde76.jpg/250x188.webp,153.28424572738868,5040
957f1c10-1d5b-400d-a780-8e7896504749,Land Rover,Freelander,eD4 S,Dealer,4900,d,181000,12-2011,1730,https://prod.pictures.autoscout24.net/listing-images/957f1c10-1d5b-400d-a780-8e7896504749_625a92d8-e47e-4166-96e6-5e24b9cfaaeb.jpg/250x188.webp https://prod.pictures.autoscout24.net/listing-images/957f1c10-1d5b-400d-a780-8e7896504749_e94df423-6302-4d81-ac9a-e7c5287d1e0b.jpg/250x188.webp https://prod.pictures.autoscout24.net/listing-images/957f1c10-1d5b-400d-a780-8e7896504749_cfd32e75-dbaf-4e3a-b2d6-ee258133e1ea.jpg/250x188.webp https://prod.pictures.autoscout24.net/listing-images/957f1c10-1d5b-400d-a780-8e7896504749_1b6e2f6e-38f2-4d5d-9f4f-d34cc50df2c8.jpg/250x188.webp https://prod.pictures.autoscout24.net/listing-images/957f1c10-1d5b-400d-a780-8e7896504749_baa56962-7679-4ba8-a904-b0c16e051e2f.jpg/250x188.webp https://prod.pictures.autoscout24.net/listing-images/957f1c10-1d5b-400d-a780-8e7896504749_aa4c00b1-ac02-445b-9f1c-d3362565073b.jpg/250x188.webp https://prod.pictures.autoscout24.net/listing-images/957f1c10-1d5b-400d-a780-8e7896504749_21bb66c6-2677-46f3-b3ba-bef5886e2037.jpg/250x188.webp,61.98157406185932,4035
13cd26d2-be7a-4b4a-83bf-5d9473b768af,Land Rover,Range Rover,4.6i V8 Autobiographie,Dealer,4900,b,330000,08-2000,1932,https://prod.pictures.autoscout24.net/listing-images/13cd26d2-be7a-4b4a-83bf-5d9473b768af_61bf3de9-be3d-49c4-922d-8d4de7a2927c.jpg/250x188.webp https://prod.pictures.autoscout24.net/listing-images/13cd26d2-be7a-4b4a-83bf-5d9473b768af_6e2874a6-c62b-4185-95d9-e76327bfd926.jpg/250x188.webp https://prod.pictures.autoscout24.net/listing-images/13cd26d2-be7a-4b4a-83bf-5d9473b768af_c60ac071-f18b-46b8-8d35-88c81dc1d2ab.jpg/250x188.webp https://prod.pictures.autoscout24.net/listing-images/13cd26d2-be7a-4b4a-83bf-5d9473b768af_ee05bc58-72f9-47bd-99b1-ef5e56a78cb7.jpg/250x188.webp https://prod.pictures.autoscout24.net/listing-images/13cd26d2-be7a-4b4a-83bf-5d9473b768af_066cd792-5f71-4675-8eba-1e7b2430ec77.jpg/250x188.webp https://prod.pictures.autoscout24.net/listing-images/13cd26d2-be7a-4b4a-83bf-5d9473b768af_647cad7f-3762-4529-bd6b-845eeffdbc35.jpg/250x188.webp https://prod.pictures.autoscout24.net/listing-images/13cd26d2-be7a-4b4a-83bf-5d9473b768af_6e9f6ca6-7cbd-4368-aa63-17516deda979.jpg/250x188.webp https://prod.pictures.autoscout24.net/listing-images/13cd26d2-be7a-4b4a-83bf-5d9473b768af_d6d4fe87-0172-4975-a015-963d88381e61.jpg/250x188.webp https://prod.pictures.autoscout24.net/listing-images/13cd26d2-be7a-4b4a-83bf-5d9473b768af_93282596-bb33-4d5d-9097-512d71d3fb40.jpg/250x188.webp https://prod.pictures.autoscout24.net/listing-images/13cd26d2-be7a-4b4a-83bf-5d9473b768af_a0c89818-a03e-42bb-8d76-ec61d3298ed5.jpg/250x188.webp https://prod.pictures.autoscout24.net/listing-images/13cd26d2-be7a-4b4a-83bf-5d9473b768af_b5711bba-eac9-4530-b35b-2a67eaec8f67.jpg/250x188.webp https://prod.pictures.autoscout24.net/listing-images/13cd26d2-be7a-4b4a-83bf-5d9473b768af_66d872d3-4288-4abe-bb14-2dbb33537621.jpg/250x188.webp,66.67198913187099,8174
d592ac2b-b5fb-491e-b8b8-b51c82cbb310,Land Rover,Range Rover,3.0 Turbo d6 HSE,PrivateSeller,4900,d,470000,01-2004,4537,https://prod.pictures.autoscout24.net/listing-images/d592ac2b-b5fb-491e-b8b8-b51c82cbb310_4263f6bc-424a-42eb-a158-d53a8032a705.jpg/250x188.webp https://prod.pictures.autoscout24.net/listing-images/d592ac2b-b5fb-491e-b8b8-b51c82cbb310_ee3b1563-80c0-406c-8fef-14c77a5a2a04.jpg/250x188.webp https://prod.pictures.autoscout24.net/listing-images/d592ac2b-b5fb-491e-b8b8-b51c82cbb310_afd88079-372d-488b-9e66-ae249a7677c1.jpg/250x188.webp https://prod.pictures.autoscout24.net/listing-images/d592ac2b-b5fb-491e-b8b8-b51c82cbb310_36fe0ff0-7496-4577-8257-c8a2ee073bdf.jpg/250x188.webp https://prod.pictures.autoscout24.net/listing-images/d592ac2b-b5fb-491e-b8b8-b51c82cbb310_cd06afe1-eb27-444c-9e9b-8504661b03a1.jpg/250x188.webp https://prod.pictures.autoscout24.net/listing-images/d592ac2b-b5fb-491e-b8b8-b51c82cbb310_2ef52c4b-dfc9-46b4-914d-51f904de23e5.jpg/250x188.webp https://prod.pictures.autoscout24.net/listing-images/d592ac2b-b5fb-491e-b8b8-b51c82cbb310_b324b2c7-c6b6-4c89-9700-6031dff05b3f.jpg/250x188.webp https://prod.pictures.autoscout24.net/listing-images/d592ac2b-b5fb-491e-b8b8-b51c82cbb310_02bd89f9-d2da-44df-842f-ae8ea82650cb.jpg/250x188.webp https://prod.pictures.autoscout24.net/listing-images/d592ac2b-b5fb-491e-b8b8-b51c82cbb310_32d1c5cb-ae51-414c-b7b9-2cc0772323ce.jpg/250x188.webp,111.70318498346515,6926
f07f1558-5266-49f8-ae4d-acd6d2ba2812,Land Rover,Discovery,TD V6 Aut. HSE lichte vracht zetels ok,Dealer,4950,d,340000,06-2006,3300,https://prod.pictures.autoscout24.net/listing-images/f07f1558-5266-49f8-ae4d-acd6d2ba2812_f8c5ad59-f36b-414f-b33b-96c19843a2b9.jpg/250x188.webp https://prod.pictures.autoscout24.net/listing-images/f07f1558-5266-49f8-ae4d-acd6d2ba2812_ee1901aa-f0fc-40c0-bbdb-10aca7a31436.jpg/250x188.webp https://prod.pictures.autoscout24.net/listing-images/f07f1558-5266-49f8-ae4d-acd6d2ba2812_02a61488-9352-447b-bf54-0698ab54a910.jpg/250x188.webp https://prod.pictures.autoscout24.net/listing-images/f07f1558-5266-49f8-ae4d-acd6d2ba2812_5397b9e1-a5a4-4fc6-8e3a-c2253a3ba2a4.jpg/250x188.webp https://prod.pictures.autoscout24.net/listing-images/f07f1558-5266-49f8-ae4d-acd6d2ba2812_67b2a333-46b8-430b-9332-8995db47ed4f.jpg/250x188.webp https://prod.pictures.autoscout24.net/listing-images/f07f1558-5266-49f8-ae4d-acd6d2ba2812_5aae97e2-7018-4a5a-94ed-3b5ec744fee5.jpg/250x188.webp https://prod.pictures.autoscout24.net/listing-images/f07f1558-5266-49f8-ae4d-acd6d2ba2812_992fa013-ed53-4f87-96c9-78823dece4f5.jpg/250x188.webp https://prod.pictures.autoscout24.net/listing-images/f07f1558-5266-49f8-ae4d-acd6d2ba2812_563b7966-d817-43e1-a1e2-03692d3dbad8.jpg/250x188.webp https://prod.pictures.autoscout24.net/listing-images/f07f1558-5266-49f8-ae4d-acd6d2ba2812_0980f90e-68dd-4869-8a7e-520952cc3ff8.jpg/250x188.webp https://prod.pictures.autoscout24.net/listing-images/f07f1558-5266-49f8-ae4d-acd6d2ba2812_10bb543f-23b8-42df-9940-ecd4d917b23f.jpg/250x188.webp https://prod.pictures.autoscout24.net/listing-images/f07f1558-5266-49f8-ae4d-acd6d2ba2812_e1b7da74-fb85-4154-9840-18ed08654a4c.jpg/250x188.webp https://prod.pictures.autoscout24.net/listing-images/f07f1558-5266-49f8-ae4d-acd6d2ba2812_aa2853a8-5379-466c-bda8-78c5ea5adad0.jpg/250x188.webp https://prod.pictures.autoscout24.net/listing-images/f07f1558-5266-49f8-ae4d-acd6d2ba2812_34c29af9-fbe7-4cd3-bca4-73f78e2df5dc.jpg/250x188.webp https://prod.pictures.autoscout24.net/listing-images/f07f1558-5266-49f8-ae4d-acd6d2ba2812_9091c51d-7d44-4e29-8ae2-0d0cc6910781.jpg/250x188.webp https://prod.pictures.autoscout24.net/listing-images/f07f1558-5266-49f8-ae4d-acd6d2ba2812_d37b1782-d431-4f53-aec3-acbb9150fe02.jpg/250x188.webp,76.19991947951956,6044
73bab85c-6d4f-49d1-82a2-0ef258f8a7e0,Land Rover,Freelander,1.8i 16v ES,Dealer,4950,b,125000,01-2003,2100,https://prod.pictures.autoscout24.net/listing-images/73bab85c-6d4f-49d1-82a2-0ef258f8a7e0_39781a96-96c0-476c-aac1-5dc723da466c.jpg/250x188.webp https://prod.pictures.autoscout24.net/listing-images/73bab85c-6d4f-49d1-82a2-0ef258f8a7e0_1c72c1aa-e8dd-4b11-b20f-8e8758f28b1b.jpg/250x188.webp https://prod.pictures.autoscout24.net/listing-images/73bab85c-6d4f-49d1-82a2-0ef258f8a7e0_9e4a0e67-7063-43f7-a1a2-d98f6fe796a2.jpg/250x188.webp https://prod.pictures.autoscout24.net/listing-images/73bab85c-6d4f-49d1-82a2-0ef258f8a7e0_0a6b1fdd-21f2-4088-994f-4d813acedd64.jpg/250x188.webp https://prod.pictures.autoscout24.net/listing-images/73bab85c-6d4f-49d1-82a2-0ef258f8a7e0_6415c485-1d8e-44d9-a6db-65e017df2497.jpg/250x188.webp,27.421552979694752,7291
5c31b44d-e0c7-43e8-914d-9a45ab642a4d,Land Rover,Freelander,2.2 Td4 SX AUT. 2009 CT OK// GEKEURD,Dealer,4999,d,220000,04-2009,8300,https://prod.pictures.autoscout24.net/listing-images/5c31b44d-e0c7-43e8-914d-9a45ab642a4d_d6c674af-17b5-4b3a-a486-685b6fae5c3d.jpg/250x188.webp https://prod.pictures.autoscout24.net/listing-images/5c31b44d-e0c7-43e8-914d-9a45ab642a4d_b277df6c-475c-4978-9318-9550c8b44d2b.jpg/250x188.webp https://prod.pictures.autoscout24.net/listing-images/5c31b44d-e0c7-43e8-914d-9a45ab642a4d_f99a6d36-1d26-4581-b599-f31de6aa12f1.jpg/250x188.webp https://prod.pictures.autoscout24.net/listing-images/5c31b44d-e0c7-43e8-914d-9a45ab642a4d_1974a4a0-36ea-4119-b248-c69caeee5841.jpg/250x188.webp https://prod.pictures.autoscout24.net/listing-images/5c31b44d-e0c7-43e8-914d-9a45ab642a4d_eafb753b-cb23-4b7a-ac05-0a36496954d1.jpg/250x188.webp https://prod.pictures.autoscout24.net/listing-images/5c31b44d-e0c7-43e8-914d-9a45ab642a4d_aba06f4c-d28c-40db-b075-ae7ba2fabc21.jpg/250x188.webp https://prod.pictures.autoscout24.net/listing-images/5c31b44d-e0c7-43e8-914d-9a45ab642a4d_d54e41a6-5368-4f64-b4d2-604988a08888.jpg/250x188.webp https://prod.pictures.autoscout24.net/listing-images/5c31b44d-e0c7-43e8-914d-9a45ab642a4d_b24554f4-2373-459d-b4f2-8e68bd719f0d.jpg/250x188.webp https://prod.pictures.autoscout24.net/listing-images/5c31b44d-e0c7-43e8-914d-9a45ab642a4d_f7437d74-a3d9-4935-b6f3-d8a354fc9eba.jpg/250x188.webp https://prod.pictures.autoscout24.net/listing-images/5c31b44d-e0c7-43e8-914d-9a45ab642a4d_c9845fb3-6318-4907-be4c-04f275d3afc6.jpg/250x188.webp https://prod.pictures.autoscout24.net/listing-images/5c31b44d-e0c7-43e8-914d-9a45ab642a4d_ae15eee5-3b5d-4d53-86d3-39b4d55b647d.jpg/250x188.webp https://prod.pictures.autoscout24.net/listing-images/5c31b44d-e0c7-43e8-914d-9a45ab642a4d_52e39a47-7b77-4c3d-aad5-8eb4714cef36.jpg/250x188.webp https://prod.pictures.autoscout24.net/listing-images/5c31b44d-e0c7-43e8-914d-9a45ab642a4d_b787b621-7cab-4bbc-ae05-2d8e6b94ab8a.jpg/250x188.webp,83.12124171830764,5009
8afafa53-2596-49c8-ac52-8fd969458380,Land Rover,Freelander,2.2 Td4 SE,Dealer,4999,d,195000,06-2009,1400,https://prod.pictures.autoscout24.net/listing-images/8afafa53-2596-49c8-ac52-8fd969458380_a24c84d2-4056-4379-9b9a-f987fd698bda.jpg/250x188.webp https://prod.pictures.autoscout24.net/listing-images/8afafa53-2596-49c8-ac52-8fd969458380_cb467723-631d-45e8-b275-7f92c74b297a.jpg/250x188.webp https://prod.pictures.autoscout24.net/listing-images/8afafa53-2596-49c8-ac52-8fd969458380_640e8f1f-570a-446c-828b-9777cfee3ef9.jpg/250x188.webp https://prod.pictures.autoscout24.net/listing-images/8afafa53-2596-49c8-ac52-8fd969458380_a71e685c-b2a6-42d1-9f96-2ad1a61996b1.jpg/250x188.webp https://prod.pictures.autoscout24.net/listing-images/8afafa53-2596-49c8-ac52-8fd969458380_3ebb4283-694b-4d90-9b7c-82bf70449de6.jpg/250x188.webp https://prod.pictures.autoscout24.net/listing-images/8afafa53-2596-49c8-ac52-8fd969458380_51c87e1a-901a-4a52-abba-01e244063089.jpg/250x188.webp https://prod.pictures.autoscout24.net/listing-images/8afafa53-2596-49c8-ac52-8fd969458380_c25b082a-123d-43f1-8145-42563911a9e0.jpg/250x188.webp https://prod.pictures.autoscout24.net/listing-images/8afafa53-2596-49c8-ac52-8fd969458380_0a3c1aff-0ad2-4173-aeae-dc06ec840c91.jpg/250x188.webp https://prod.pictures.autoscout24.net/listing-images/8afafa53-2596-49c8-ac52-8fd969458380_e519dd3b-8dfe-42ec-8e48-078fe49a01a8.jpg/250x188.webp https://prod.pictures.autoscout24.net/listing-images/8afafa53-2596-49c8-ac52-8fd969458380_3485f3db-e845-4f46-87f5-4d699d32597f.jpg/250x188.webp https://prod.pictures.autoscout24.net/listing-images/8afafa53-2596-49c8-ac52-8fd969458380_4d4f3bbc-c511-4072-a56e-70c734f48f8e.jpg/250x188.webp https://prod.pictures.autoscout24.net/listing-images/8afafa53-2596-49c8-ac52-8fd969458380_2de7c2ba-4c97-4df2-87b7-1fdbc6502096.jpg/250x188.webp,97.35176357549375,4948
2ee57124-2018-42be-853f-6e323a97eb5e,Land Rover,Range Rover,3.0 Turbo d6 HSE !!! Uniquement marchand!!!!!,Dealer,4999,d,314000,01-2004,1400,https://prod.pictures.autoscout24.net/listing-images/2ee57124-2018-42be-853f-6e323a97eb5e_f52d7134-16cb-4583-8fa4-44acf11f4050.jpg/250x188.webp https://prod.pictures.autoscout24.net/listing-images/2ee57124-2018-42be-853f-6e323a97eb5e_e59ec9e9-12f3-4dc5-a51a-6006fe1777f2.jpg/250x188.webp https://prod.pictures.autoscout24.net/listing-images/2ee57124-2018-42be-853f-6e323a97eb5e_62ded3af-bb57-4d29-b479-2c7ae2948897.jpg/250x188.webp https://prod.pictures.autoscout24.net/listing-images/2ee57124-2018-42be-853f-6e323a97eb5e_944b964e-e632-480f-92a3-c6072b508c2e.jpg/250x188.webp https://prod.pictures.autoscout24.net/listing-images/2ee57124-2018-42be-853f-6e323a97eb5e_814bb723-9b37-41a7-bbd8-61f187db496f.jpg/250x188.webp https://prod.pictures.autoscout24.net/listing-images/2ee57124-2018-42be-853f-6e323a97eb5e_a5d61294-ce07-4517-a7d5-1b59cfe32ed7.jpg/250x188.webp https://prod.pictures.autoscout24.net/listing-images/2ee57124-2018-42be-853f-6e323a97eb5e_10d6888c-813a-4ec2-87f8-59a037f34ef0.jpg/250x188.webp https://prod.pictures.autoscout24.net/listing-images/2ee57124-2018-42be-853f-6e323a97eb5e_9b520989-c83f-48af-91ff-2438059bc3de.jpg/250x188.webp https://prod.pictures.autoscout24.net/listing-images/2ee57124-2018-42be-853f-6e323a97eb5e_8742c8af-20c6-4e89-bb16-b2249311330f.jpg/250x188.webp https://prod.pictures.autoscout24.net/listing-images/2ee57124-2018-42be-853f-6e323a97eb5e_b2dde149-bc06-4a7b-8b94-4326e46c680d.jpg/250x188.webp https://prod.pictures.autoscout24.net/listing-images/2ee57124-2018-42be-853f-6e323a97eb5e_fa794bc1-401d-465b-883b-00744257c83b.jpg/250x188.webp https://prod.pictures.autoscout24.net/listing-images/2ee57124-2018-42be-853f-6e323a97eb5e_f4a1b11c-b4e0-4423-9907-6c068fc8c65c.jpg/250x188.webp https://prod.pictures.autoscout24.net/listing-images/2ee57124-2018-42be-853f-6e323a97eb5e_1c8eba0c-e799-466d-a68a-babe6071e72e.jpg/250x188.webp,97.35176357549375,6926
4c3367de-87c5-4cb9-a55b-3da648f6c291,Land Rover,Freelander,2.0 Turbo d4 ES,PrivateSeller,5000,d,153000,09-2002,8430,https://prod.pictures.autoscout24.net/listing-images/4c3367de-87c5-4cb9-a55b-3da648f6c291_54519b8f-964e-4681-8603-b141915402ed.jpg/250x188.webp https://prod.pictures.autoscout24.net/listing-images/4c3367de-87c5-4cb9-a55b-3da648f6c291_a3890bf2-91d4-400c-9974-1f9a52a58165.jpg/250x188.webp https://prod.pictures.autoscout24.net/listing-images/4c3367de-87c5-4cb9-a55b-3da648f6c291_43f7a3c4-8182-4d33-b0ca-4d3f4bb882d0.jpg/250x188.webp https://prod.pictures.autoscout24.net/listing-images/4c3367de-87c5-4cb9-a55b-3da648f6c291_8c7f0e92-eae9-4d1e-8abb-e6012694495f.jpg/250x188.webp https://prod.pictures.autoscout24.net/listing-images/4c3367de-87c5-4cb9-a55b-3da648f6c291_55668edc-ef75-4d33-9995-bce9d2e875ac.jpg/250x188.webp https://prod.pictures.autoscout24.net/listing-images/4c3367de-87c5-4cb9-a55b-3da648f6c291_af009343-58fe-47ed-86fc-cc36fc4be529.jpg/250x188.webp https://prod.pictures.autoscout24.net/listing-images/4c3367de-87c5-4cb9-a55b-3da648f6c291_b0a6f28c-f5c6-4906-a1f7-da5cb345e68b.jpg/250x188.webp,118.7528580465508,7413
beb012b4-a0f3-4bb1-b0e3-312ee9e9c443,Land Rover,Range Rover Sport,2.7 TdV6 24v Black (moteur hors service),Dealer,5250,d,251000,11-2008,1700,https://prod.pictures.autoscout24.net/listing-images/beb012b4-a0f3-4bb1-b0e3-312ee9e9c443_36eef30c-275e-472d-add1-54396535efb5.jpg/250x188.webp https://prod.pictures.autoscout24.net/listing-images/beb012b4-a0f3-4bb1-b0e3-312ee9e9c443_e42eb4b6-7b60-441c-a90c-8d701cd742f9.jpg/250x188.webp https://prod.pictures.autoscout24.net/listing-images/beb012b4-a0f3-4bb1-b0e3-312ee9e9c443_d4a974fd-832f-453f-a9f5-ca3ab0a7e797.jpg/250x188.webp https://prod.pictures.autoscout24.net/listing-images/beb012b4-a0f3-4bb1-b0e3-312ee9e9c443_00dc3dc8-f587-476e-a6c4-fcdb615d6485.jpg/250x188.webp https://prod.pictures.autoscout24.net/listing-images/beb012b4-a0f3-4bb1-b0e3-312ee9e9c443_48344e0a-515c-4a59-831d-f8ce91a7cec2.jpg/250x188.webp https://prod.pictures.autoscout24.net/listing-images/beb012b4-a0f3-4bb1-b0e3-312ee9e9c443_707bda94-23e8-4663-a8ff-45ba67d470b9.jpg/250x188.webp https://prod.pictures.autoscout24.net/listing-images/beb012b4-a0f3-4bb1-b0e3-312ee9e9c443_7a129a2d-fd15-4351-b8d9-67b008d4a45e.jpg/250x188.webp https://prod.pictures.autoscout24.net/listing-images/beb012b4-a0f3-4bb1-b0e3-312ee9e9c443_4dfe062b-cb69-48a7-a54a-a50eab26789f.jpg/250x188.webp https://prod.pictures.autoscout24.net/listing-images/beb012b4-a0f3-4bb1-b0e3-312ee9e9c443_0a2ac561-8471-47e9-912e-aa199cb698a9.jpg/250x188.webp https://prod.pictures.autoscout24.net/listing-images/beb012b4-a0f3-4bb1-b0e3-312ee9e9c443_52a72902-c8a3-470f-af5b-675f62cb9cb4.jpg/250x188.webp https://prod.pictures.autoscout24.net/listing-images/beb012b4-a0f3-4bb1-b0e3-312ee9e9c443_0def2ca7-0deb-4969-bb82-7c4e4541a79e.jpg/250x188.webp https://prod.pictures.autoscout24.net/listing-images/beb012b4-a0f3-4bb1-b0e3-312ee9e9c443_cf00bb3a-b2b6-4455-a585-565e84eee3f1.jpg/250x188.webp,70.90697373704198,5160
1389dbe6-2262-47a8-a401-4e1745548faa,Land Rover,Discovery,2.7 TdV6 24v SE,PrivateSeller,5500,d,330000,11-2005,1495,https://prod.pictures.autoscout24.net/listing-images/1389dbe6-2262-47a8-a401-4e1745548faa_f2dd0178-86f4-4096-9281-e8bb8bd2f5ee.jpg/250x188.webp https://prod.pictures.autoscout24.net/listing-images/1389dbe6-2262-47a8-a401-4e1745548faa_9760b8e5-e510-41e0-b963-f49c88b70f8d.jpg/250x188.webp https://prod.pictures.autoscout24.net/listing-images/1389dbe6-2262-47a8-a401-4e1745548faa_210bf218-1efd-4664-81eb-2b59e32ae97b.jpg/250x188.webp https://prod.pictures.autoscout24.net/listing-images/1389dbe6-2262-47a8-a401-4e1745548faa_b1107502-f946-4de4-ab24-16a398777b0f.jpg/250x188.webp https://prod.pictures.autoscout24.net/listing-images/1389dbe6-2262-47a8-a401-4e1745548faa_f70f7385-2be7-4d14-9222-780132978105.jpg/250x188.webp,100.31070706891583,6256
a319ff58-0c5d-4f81-ae8a-b577728a8cbb,Land Rover,Range Rover Sport,3.6 TdV8 32v HSE,PrivateSeller,5500,d,260000,07-2007,4630,https://prod.pictures.autoscout24.net/listing-images/a319ff58-0c5d-4f81-ae8a-b577728a8cbb_c0aa258d-ce60-4ecf-98a9-a00d1fe1eb02.jpg/250x188.webp https://prod.pictures.autoscout24.net/listing-images/a319ff58-0c5d-4f81-ae8a-b577728a8cbb_92059447-31fb-4f38-92d8-e0bc4e38fc83.jpg/250x188.webp https://prod.pictures.autoscout24.net/listing-images/a319ff58-0c5d-4f81-ae8a-b577728a8cbb_9b7d89d5-f2d5-4695-85d9-dba62efc6965.jpg/250x188.webp https://prod.pictures.autoscout24.net/listing-images/a319ff58-0c5d-4f81-ae8a-b577728a8cbb_1acdf41a-910c-4191-8789-220ea95acded.jpg/250x188.webp https://prod.pictures.autoscout24.net/listing-images/a319ff58-0c5d-4f81-ae8a-b577728a8cbb_d0dfcd79-8e61-452e-a457-b2acbe8f7465.jpg/250x188.webp https://prod.pictures.autoscout24.net/listing-images/a319ff58-0c5d-4f81-ae8a-b577728a8cbb_1346a671-dd76-429e-b5f1-0603f83ede8e.jpg/250x188.webp https://prod.pictures.autoscout24.net/listing-images/a319ff58-0c5d-4f81-ae8a-b577728a8cbb_4d24b805-2dde-4ed1-bfd4-d9b415c46817.jpg/250x188.webp https://prod.pictures.autoscout24.net/listing-images/a319ff58-0c5d-4f81-ae8a-b577728a8cbb_6310a622-1f47-418c-85bc-4f7622fea79f.jpg/250x188.webp,129.1452608018519,5649
712d3ec2-3b08-4b13-96f9-461768a7f31b,Land Rover,Range Rover Sport,2.7 TdV6 24v HSE contrôle technique ok,Dealer,6000,d,370000,12-2005,1703,https://prod.pictures.autoscout24.net/listing-images/712d3ec2-3b08-4b13-96f9-461768a7f31b_14e9a474-f9bd-4c8d-a833-7e329edc42f4.jpg/250x188.webp https://prod.pictures.autoscout24.net/listing-images/712d3ec2-3b08-4b13-96f9-461768a7f31b_3bf8bb9b-06ef-485f-bdf5-4d30cbe095b1.jpg/250x188.webp https://prod.pictures.autoscout24.net/listing-images/712d3ec2-3b08-4b13-96f9-461768a7f31b_451ad93e-c896-4100-9d81-d47edae314ee.jpg/250x188.webp https://prod.pictures.autoscout24.net/listing-images/712d3ec2-3b08-4b13-96f9-461768a7f31b_78bfd961-fc4c-41ec-b70f-f859349a04cc.jpg/250x188.webp https://prod.pictures.autoscout24.net/listing-images/712d3ec2-3b08-4b13-96f9-461768a7f31b_9633b9ff-752e-4c01-bb07-1a35b9f898a7.jpg/250x188.webp https://prod.pictures.autoscout24.net/listing-images/712d3ec2-3b08-4b13-96f9-461768a7f31b_b4399ed3-ed2b-4e8c-ad39-8d3f88cccb79.jpg/250x188.webp https://prod.pictures.autoscout24.net/listing-images/712d3ec2-3b08-4b13-96f9-461768a7f31b_7a21d55e-a1f7-448b-8e89-4564b1da9f0f.jpg/250x188.webp https://prod.pictures.autoscout24.net/listing-images/712d3ec2-3b08-4b13-96f9-461768a7f31b_1e6b78c6-2fd8-4828-8602-6ee1451819eb.jpg/250x188.webp https://prod.pictures.autoscout24.net/listing-images/712d3ec2-3b08-4b13-96f9-461768a7f31b_87c8fc88-a175-4f19-b47f-efc2f10b9690.jpg/250x188.webp https://prod.pictures.autoscout24.net/listing-images/712d3ec2-3b08-4b13-96f9-461768a7f31b_6fe86bb0-725f-43ae-9e66-df7efc099ad1.jpg/250x188.webp https://prod.pictures.autoscout24.net/listing-images/712d3ec2-3b08-4b13-96f9-461768a7f31b_41f651ed-6169-4aac-b585-13810e3d3644.jpg/250x188.webp https://prod.pictures.autoscout24.net/listing-images/712d3ec2-3b08-4b13-96f9-461768a7f31b_c55899c9-a2af-4792-9d31-fa9bf7a90795.jpg/250x188.webp https://prod.pictures.autoscout24.net/listing-images/712d3ec2-3b08-4b13-96f9-461768a7f31b_a38418ef-36ae-4813-8412-5f70490d9d8d.jpg/250x188.webp https://prod.pictures.autoscout24.net/listing-images/712d3ec2-3b08-4b13-96f9-461768a7f31b_84cea4cd-9eda-4525-a983-e358ee830e44.jpg/250x188.webp https://prod.pictures.autoscout24.net/listing-images/712d3ec2-3b08-4b13-96f9-461768a7f31b_cd75406a-c283-4a26-83aa-48b114a79bed.jpg/250x188.webp https://prod.pictures.autoscout24.net/listing-images/712d3ec2-3b08-4b13-96f9-461768a7f31b_ab0c40b7-fbc8-4fcf-bf1e-df67c3896116.jpg/250x188.webp https://prod.pictures.autoscout24.net/listing-images/712d3ec2-3b08-4b13-96f9-461768a7f31b_debff944-7fcb-4c99-a8c3-d78142f7d8d4.jpg/250x188.webp https://prod.pictures.autoscout24.net/listing-images/712d3ec2-3b08-4b13-96f9-461768a7f31b_2c67eff1-6469-4c40-ab31-7256c1e78518.jpg/250x188.webp https://prod.pictures.autoscout24.net/listing-images/712d3ec2-3b08-4b13-96f9-461768a7f31b_6f390f6b-b05c-46b2-a784-2f302da43962.jpg/250x188.webp https://prod.pictures.autoscout24.net/listing-images/712d3ec2-3b08-4b13-96f9-461768a7f31b_c7275c79-5e4a-422d-b295-c185f1583d07.jpg/250x188.webp https://prod.pictures.autoscout24.net/listing-images/712d3ec2-3b08-4b13-96f9-461768a7f31b_f24ab86f-bdae-4a39-a468-e4a3b7e74b88.jpg/250x188.webp https://prod.pictures.autoscout24.net/listing-images/712d3ec2-3b08-4b13-96f9-461768a7f31b_6cb1bb0b-d296-4b39-b7ee-b2f841f02945.jpg/250x188.webp https://prod.pictures.autoscout24.net/listing-images/712d3ec2-3b08-4b13-96f9-461768a7f31b_ec23ba3c-733e-40ed-b5b7-6618d83ecca6.jpg/250x188.webp https://prod.pictures.autoscout24.net/listing-images/712d3ec2-3b08-4b13-96f9-461768a7f31b_ae4cf72b-9fcd-4c8d-a22a-8667a4419475.jpg/250x188.webp https://prod.pictures.autoscout24.net/listing-images/712d3ec2-3b08-4b13-96f9-461768a7f31b_d801d69d-6772-4b94-af44-984e3bca1389.jpg/250x188.webp https://prod.pictures.autoscout24.net/listing-images/712d3ec2-3b08-4b13-96f9-461768a7f31b_5b82e19d-6f0c-44e0-8400-425a0109af8b.jpg/250x188.webp https://prod.pictures.autoscout24.net/listing-images/712d3ec2-3b08-4b13-96f9-461768a7f31b_4dd673dd-def2-48c1-852e-e6c1027b1eff.jpg/250x188.webp,72.53884447632319,6226
93951728-7fab-44e2-919e-7ab346101c71,Land Rover,Range Rover Sport,2.7 TdV6 24v HSE Automaat Xenon Navi Trekhaak,Dealer,6250,d,246000,06-2006,3800,https://prod.pictures.autoscout24.net/listing-images/93951728-7fab-44e2-919e-7ab346101c71_9de1c36a-a524-4d43-ab46-b556072df898.jpg/250x188.webp https://prod.pictures.autoscout24.net/listing-images/93951728-7fab-44e2-919e-7ab346101c71_f7747b96-66cd-419d-81ba-934eed294d33.jpg/250x188.webp https://prod.pictures.autoscout24.net/listing-images/93951728-7fab-44e2-919e-7ab346101c71_858cf6e0-e4e9-41c1-b084-589d63d8be1d.jpg/250x188.webp https://prod.pictures.autoscout24.net/listing-images/93951728-7fab-44e2-919e-7ab346101c71_1a5f9f06-155e-44d4-a8ed-6b55f19427ac.jpg/250x188.webp https://prod.pictures.autoscout24.net/listing-images/93951728-7fab-44e2-919e-7ab346101c71_40473312-1ad4-430d-a34d-360e6a1181a6.jpg/250x188.webp https://prod.pictures.autoscout24.net/listing-images/93951728-7fab-44e2-919e-7ab346101c71_cd44da4f-77a4-4bb4-b006-408b3b016c28.jpg/250x188.webp https://prod.pictures.autoscout24.net/listing-images/93951728-7fab-44e2-919e-7ab346101c71_65bad6df-33f7-44ec-b4c0-f7b853b946f7.jpg/250x188.webp https://prod.pictures.autoscout24.net/listing-images/93951728-7fab-44e2-919e-7ab346101c71_d943515f-bcae-444d-b739-ee01eada614e.jpg/250x188.webp https://prod.pictures.autoscout24.net/listing-images/93951728-7fab-44e2-919e-7ab346101c71_0ccb0a75-8b8e-4d72-9831-4a7880fab3cf.jpg/250x188.webp https://prod.pictures.autoscout24.net/listing-images/93951728-7fab-44e2-919e-7ab346101c71_a7ffc9fd-deed-40d1-9b20-e39056917a63.jpg/250x188.webp https://prod.pictures.autoscout24.net/listing-images/93951728-7fab-44e2-919e-7ab346101c71_d1056251-3ebb-4f96-a335-b72de2ce62ac.jpg/250x188.webp https://prod.pictures.autoscout24.net/listing-images/93951728-7fab-44e2-919e-7ab346101c71_eb4474e0-0733-4aee-b51b-9c204e217772.jpg/250x188.webp https://prod.pictures.autoscout24.net/listing-images/93951728-7fab-44e2-919e-7ab346101c71_88d128a2-a518-415a-8049-2a7edb1fbe84.jpg/250x188.webp https://prod.pictures.autoscout24.net/listing-images/93951728-7fab-44e2-919e-7ab346101c71_ff6268c9-7342-4e69-8b5e-24e2db6c2c11.jpg/250x188.webp https://prod.pictures.autoscout24.net/listing-images/93951728-7fab-44e2-919e-7ab346101c71_7668ed2a-8c9c-41ec-b410-cb453a11b2dc.jpg/250x188.webp,90.52950000718796,6044
850b509c-18af-4d28-a8f2-2f136178cb45,Land Rover,Series,Santana Especial,PrivateSeller,6300,d,99999,09-1980,1970,https://prod.pictures.autoscout24.net/listing-images/850b509c-18af-4d28-a8f2-2f136178cb45_33b4b7d8-1e8e-49d0-aa15-5c8b4d8b5864.jpg/250x188.webp https://prod.pictures.autoscout24.net/listing-images/850b509c-18af-4d28-a8f2-2f136178cb45_c24a990f-4df3-4d10-99d8-6c0cbe32791b.jpg/250x188.webp https://prod.pictures.autoscout24.net/listing-images/850b509c-18af-4d28-a8f2-2f136178cb45_3bafd86a-e3b7-4a45-8664-ae8be795f233.jpg/250x188.webp https://prod.pictures.autoscout24.net/listing-images/850b509c-18af-4d28-a8f2-2f136178cb45_8202473e-8095-4248-957b-1b5f2c94df67.jpg/250x188.webp https://prod.pictures.autoscout24.net/listing-images/850b509c-18af-4d28-a8f2-2f136178cb45_5445e828-db14-4ec4-bb89-4ba297384010.jpg/250x188.webp https://prod.pictures.autoscout24.net/listing-images/850b509c-18af-4d28-a8f2-2f136178cb45_83211e5d-6cb4-4b71-955d-0c9f797c5d3e.jpg/250x188.webp https://prod.pictures.autoscout24.net/listing-images/850b509c-18af-4d28-a8f2-2f136178cb45_ea128e28-307a-4c44-8f0f-cfd800a88f2d.jpg/250x188.webp https://prod.pictures.autoscout24.net/listing-images/850b509c-18af-4d28-a8f2-2f136178cb45_839c6d54-b507-47ff-bda5-ed174397a3d9.jpg/250x188.webp https://prod.pictures.autoscout24.net/listing-images/850b509c-18af-4d28-a8f2-2f136178cb45_51bb6416-5380-498a-a900-de7fdf7b45a6.jpg/250x188.webp https://prod.pictures.autoscout24.net/listing-images/850b509c-18af-4d28-a8f2-2f136178cb45_1fad8119-68f4-4780-a0f3-6ca298cd8be5.jpg/250x188.webp https://prod.pictures.autoscout24.net/listing-images/850b509c-18af-4d28-a8f2-2f136178cb45_aba849b1-e24e-491d-bbb9-af61d7f0e045.jpg/250x188.webp https://prod.pictures.autoscout24.net/listing-images/850b509c-18af-4d28-a8f2-2f136178cb45_d9e3289e-de85-469d-9f19-a6086264deba.jpg/250x188.webp https://prod.pictures.autoscout24.net/listing-images/850b509c-18af-4d28-a8f2-2f136178cb45_a418fbd1-d945-4e48-9b18-a28e1e4c1eec.jpg/250x188.webp https://prod.pictures.autoscout24.net/listing-images/850b509c-18af-4d28-a8f2-2f136178cb45_da9ad893-b459-49f5-a7ee-6e82f6b93041.jpg/250x188.webp,69.8972659895319,15448
b2fe31aa-6277-4f83-bf4f-6aa02c7cb899,Land Rover,Range Rover Sport,2.7 TdV6 24v HSE,Dealer,6350,d,244000,07-2007,1840,https://prod.pictures.autoscout24.net/listing-images/b2fe31aa-6277-4f83-bf4f-6aa02c7cb899_6e22c2e7-10e4-4614-bdae-ccde49c63c0b.jpg/250x188.webp https://prod.pictures.autoscout24.net/listing-images/b2fe31aa-6277-4f83-bf4f-6aa02c7cb899_6b94f5bb-0f25-43e8-b0c2-7733b9c6e6e0.jpg/250x188.webp https://prod.pictures.autoscout24.net/listing-images/b2fe31aa-6277-4f83-bf4f-6aa02c7cb899_8c680d39-29c6-4002-8868-b105dd3e992a.jpg/250x188.webp https://prod.pictures.autoscout24.net/listing-images/b2fe31aa-6277-4f83-bf4f-6aa02c7cb899_903b43d6-765f-4732-91d5-e10ae4f49678.jpg/250x188.webp https://prod.pictures.autoscout24.net/listing-images/b2fe31aa-6277-4f83-bf4f-6aa02c7cb899_373ccc12-060a-466f-a624-2d26db38acc4.jpg/250x188.webp https://prod.pictures.autoscout24.net/listing-images/b2fe31aa-6277-4f83-bf4f-6aa02c7cb899_c75c647a-c423-40f0-95e5-c9c8e26506d9.jpg/250x188.webp https://prod.pictures.autoscout24.net/listing-images/b2fe31aa-6277-4f83-bf4f-6aa02c7cb899_7bdc3902-25d0-4052-9a7b-5be9dfcf1516.jpg/250x188.webp https://prod.pictures.autoscout24.net/listing-images/b2fe31aa-6277-4f83-bf4f-6aa02c7cb899_893babec-57b8-4dd8-9ba7-7d6be8f41ae0.jpg/250x188.webp https://prod.pictures.autoscout24.net/listing-images/b2fe31aa-6277-4f83-bf4f-6aa02c7cb899_ecf83f28-e4fa-4fa3-a149-d0392b11e7be.jpg/250x188.webp https://prod.pictures.autoscout24.net/listing-images/b2fe31aa-6277-4f83-bf4f-6aa02c7cb899_f01a6b06-d3f9-484d-b333-22d32525b169.jpg/250x188.webp https://prod.pictures.autoscout24.net/listing-images/b2fe31aa-6277-4f83-bf4f-6aa02c7cb899_7348fedf-d91c-4126-8351-b7586c28f312.jpg/250x188.webp https://prod.pictures.autoscout24.net/listing-images/b2fe31aa-6277-4f83-bf4f-6aa02c7cb899_a88c994a-a94c-4d6b-8678-40985795979f.jpg/250x188.webp,54.29299877782283,5649
5196609c-56ee-4d2c-92aa-cc4d5867161c,Land Rover,Discovery,2.7 TDV6 ..utilitaires,Dealer,6350,d,300000,09-2007,7500,https://prod.pictures.autoscout24.net/listing-images/5196609c-56ee-4d2c-92aa-cc4d5867161c_3a49d772-6099-4af4-bd98-d9551bb63501.jpg/250x188.webp https://prod.pictures.autoscout24.net/listing-images/5196609c-56ee-4d2c-92aa-cc4d5867161c_0d3f8de8-3d6c-40ca-b2bf-177462615048.jpg/250x188.webp https://prod.pictures.autoscout24.net/listing-images/5196609c-56ee-4d2c-92aa-cc4d5867161c_5c91906b-8ae9-4447-bf12-fd1e192e58f6.jpg/250x188.webp https://prod.pictures.autoscout24.net/listing-images/5196609c-56ee-4d2c-92aa-cc4d5867161c_2e60f01b-bcda-4abc-9fd7-5ae02bc9e4e3.jpg/250x188.webp https://prod.pictures.autoscout24.net/listing-images/5196609c-56ee-4d2c-92aa-cc4d5867161c_1d097f0b-4d93-4b4c-b84d-23a47568d63c.jpg/250x188.webp https://prod.pictures.autoscout24.net/listing-images/5196609c-56ee-4d2c-92aa-cc4d5867161c_749b242e-b018-47a0-9816-4c8ce2d3a55f.jpg/250x188.webp https://prod.pictures.autoscout24.net/listing-images/5196609c-56ee-4d2c-92aa-cc4d5867161c_e39af5f5-91c0-4bfc-b806-b6bd3446fb18.jpg/250x188.webp https://prod.pictures.autoscout24.net/listing-images/5196609c-56ee-4d2c-92aa-cc4d5867161c_23497e25-d898-4fef-b495-308c4b37d43c.jpg/250x188.webp https://prod.pictures.autoscout24.net/listing-images/5196609c-56ee-4d2c-92aa-cc4d5867161c_b7e34ba1-67da-4565-a6a2-953f964dd595.jpg/250x188.webp https://prod.pictures.autoscout24.net/listing-images/5196609c-56ee-4d2c-92aa-cc4d5867161c_a4b32d4d-f92d-4175-af81-32d1b4ad7f81.jpg/250x188.webp https://prod.pictures.autoscout24.net/listing-images/5196609c-56ee-4d2c-92aa-cc4d5867161c_57c25f0a-77c0-4044-9b7c-b3142db8c09e.jpg/250x188.webp https://prod.pictures.autoscout24.net/listing-images/5196609c-56ee-4d2c-92aa-cc4d5867161c_ac6ba6fe-9b09-4dbd-8a5e-01cc20927db6.jpg/250x188.webp https://prod.pictures.autoscout24.net/listing-images/5196609c-56ee-4d2c-92aa-cc4d5867161c_bc0a8b8b-8de8-4f56-8dae-928bc3740789.jpg/250x188.webp https://prod.pictures.autoscout24.net/listing-images/5196609c-56ee-4d2c-92aa-cc4d5867161c_183bbdd0-08e8-457a-b564-fc70827f14d1.jpg/250x188.webp https://prod.pictures.autoscout24.net/listing-images/5196609c-56ee-4d2c-92aa-cc4d5867161c_734777ce-5b9e-4afe-acd6-354d4b395cbe.jpg/250x188.webp https://prod.pictures.autoscout24.net/listing-images/5196609c-56ee-4d2c-92aa-cc4d5867161c_064b748d-ded7-4f4a-a438-7e5679c77e8f.jpg/250x188.webp https://prod.pictures.autoscout24.net/listing-images/5196609c-56ee-4d2c-92aa-cc4d5867161c_e4676120-26a5-4fbb-b41f-15ab46641f67.jpg/250x188.webp https://prod.pictures.autoscout24.net/listing-images/5196609c-56ee-4d2c-92aa-cc4d5867161c_e7dc5542-71ee-42da-86aa-4e3aa836fdca.jpg/250x188.webp,124.32337959708627,5587
dce8b03b-c0c2-4308-bd25-4a49243614e2,Land Rover,Range Rover Sport,3.0 TdV6 HSE //MOTOR DEFECT 5300 NETTO,Dealer,6400,d,253845,10-2010,3840,https://prod.pictures.autoscout24.net/listing-images/dce8b03b-c0c2-4308-bd25-4a49243614e2_377b519e-18a7-4f2b-a37f-545a429e94c7.jpg/250x188.webp https://prod.pictures.autoscout24.net/listing-images/dce8b03b-c0c2-4308-bd25-4a49243614e2_3c81453e-c196-4098-8e7f-333f13cdce5b.jpg/250x188.webp https://prod.pictures.autoscout24.net/listing-images/dce8b03b-c0c2-4308-bd25-4a49243614e2_3b1b21c4-a57e-4051-8442-6d398e642271.jpg/250x188.webp https://prod.pictures.autoscout24.net/listing-images/dce8b03b-c0c2-4308-bd25-4a49243614e2_fa061477-f5fd-4009-b464-09e925a01411.jpg/250x188.webp https://prod.pictures.autoscout24.net/listing-images/dce8b03b-c0c2-4308-bd25-4a49243614e2_50d9d0af-92b2-4a9a-900c-df4479a6cc14.jpg/250x188.webp https://prod.pictures.autoscout24.net/listing-images/dce8b03b-c0c2-4308-bd25-4a49243614e2_225aa63a-6357-443a-836b-0265b9533709.jpg/250x188.webp https://prod.pictures.autoscout24.net/listing-images/dce8b03b-c0c2-4308-bd25-4a49243614e2_95d4437e-f0b6-4d4e-9192-6a2dd15d9a07.jpg/250x188.webp https://prod.pictures.autoscout24.net/listing-images/dce8b03b-c0c2-4308-bd25-4a49243614e2_f6c503fb-ca06-4a25-acd4-a062aba30574.jpg/250x188.webp https://prod.pictures.autoscout24.net/listing-images/dce8b03b-c0c2-4308-bd25-4a49243614e2_237aa35b-00ab-4fba-8acd-e9d599bdf425.jpg/250x188.webp https://prod.pictures.autoscout24.net/listing-images/dce8b03b-c0c2-4308-bd25-4a49243614e2_1dd6ad56-83a9-4c92-b8a6-cd74e728795b.jpg/250x188.webp https://prod.pictures.autoscout24.net/listing-images/dce8b03b-c0c2-4308-bd25-4a49243614e2_d80df1d9-1014-4afe-9781-1a8cb589743e.jpg/250x188.webp https://prod.pictures.autoscout24.net/listing-images/dce8b03b-c0c2-4308-bd25-4a49243614e2_ac5324dd-4432-44bc-bcf1-689901787024.jpg/250x188.webp https://prod.pictures.autoscout24.net/listing-images/dce8b03b-c0c2-4308-bd25-4a49243614e2_67896a7f-57f5-4528-8995-1942fb2eae16.jpg/250x188.webp https://prod.pictures.autoscout24.net/listing-images/dce8b03b-c0c2-4308-bd25-4a49243614e2_ed1bafc1-1ad5-4534-849e-e08370583d3a.jpg/250x188.webp https://prod.pictures.autoscout24.net/listing-images/dce8b03b-c0c2-4308-bd25-4a49243614e2_1d632df6-54e1-4202-b6df-4bfec7320a2a.jpg/250x188.webp,95.80189373827943,4461
c13d63d1-cdf1-4e36-ab93-ca380ffb47e8,Land Rover,Range Rover,2.5 Turbo DSE,PrivateSeller,6499,d,258000,01-1999,8300,https://prod.pictures.autoscout24.net/listing-images/c13d63d1-cdf1-4e36-ab93-ca380ffb47e8_4e053987-64cf-406b-883a-ff004f0b7ef5.jpg/250x188.webp https://prod.pictures.autoscout24.net/listing-images/c13d63d1-cdf1-4e36-ab93-ca380ffb47e8_18c30b2b-59d0-40f0-868d-2f956f015841.jpg/250x188.webp https://prod.pictures.autoscout24.net/listing-images/c13d63d1-cdf1-4e36-ab93-ca380ffb47e8_d2578f90-3fdb-484c-98c4-2aef39f8c2e8.jpg/250x188.webp https://prod.pictures.autoscout24.net/listing-images/c13d63d1-cdf1-4e36-ab93-ca380ffb47e8_629f66e0-befa-4125-9f22-ac72db7d0084.jpg/250x188.webp,83.12124171830764,8752
d72a725b-4ce4-406e-853e-e985b4a31a5c,Land Rover,Discovery,Td5,PrivateSeller,6500,d,200000,01-2003,9260,https://prod.pictures.autoscout24.net/listing-images/d72a725b-4ce4-406e-853e-e985b4a31a5c_a6d03e5c-9d87-46f1-8dcd-b4a8411bbb0d.jpg/250x188.webp https://prod.pictures.autoscout24.net/listing-images/d72a725b-4ce4-406e-853e-e985b4a31a5c_42979e2e-a908-43bf-9771-cd24aaf82f6a.jpg/250x188.webp https://prod.pictures.autoscout24.net/listing-images/d72a725b-4ce4-406e-853e-e985b4a31a5c_2c454fb5-e674-4b1d-9799-eb7cc1176412.jpg/250x188.webp https://prod.pictures.autoscout24.net/listing-images/d72a725b-4ce4-406e-853e-e985b4a31a5c_23d4e7a6-ab0a-4739-a960-06b9218eac70.jpg/250x188.webp https://prod.pictures.autoscout24.net/listing-images/d72a725b-4ce4-406e-853e-e985b4a31a5c_ed488352-027b-4f58-9767-10039f7e525f.jpg/250x188.webp https://prod.pictures.autoscout24.net/listing-images/d72a725b-4ce4-406e-853e-e985b4a31a5c_a902e131-f403-467f-a006-d0ed51664dae.jpg/250x188.webp https://prod.pictures.autoscout24.net/listing-images/d72a725b-4ce4-406e-853e-e985b4a31a5c_e1abebf5-e8a1-43c5-beee-ba3a351d1332.jpg/250x188.webp https://prod.pictures.autoscout24.net/listing-images/d72a725b-4ce4-406e-853e-e985b4a31a5c_6b7942cf-8fe8-4f27-9bb9-e0b59aecde1a.jpg/250x188.webp,64.90244926494331,7291
b541c4b0-9435-4aa8-941c-9dd2d2ed0971,Land Rover,Range Rover Sport,2.7 TdV6 24v S,PrivateSeller,6500,d,349000,02-2006,8400,https://prod.pictures.autoscout24.net/listing-images/b541c4b0-9435-4aa8-941c-9dd2d2ed0971_94a6adb0-b9ff-4a9a-be07-3103890aa0de.jpg/250x188.webp https://prod.pictures.autoscout24.net/listing-images/b541c4b0-9435-4aa8-941c-9dd2d2ed0971_36ebdb23-8fe9-4b18-b4e8-b5945a244c30.jpg/250x188.webp https://prod.pictures.autoscout24.net/listing-images/b541c4b0-9435-4aa8-941c-9dd2d2ed0971_53a4941a-17fe-453f-90e2-a157d268e9b9.jpg/250x188.webp https://prod.pictures.autoscout24.net/listing-images/b541c4b0-9435-4aa8-941c-9dd2d2ed0971_866372a1-ffa3-4812-8dee-ce1715d7ce13.jpg/250x188.webp https://prod.pictures.autoscout24.net/listing-images/b541c4b0-9435-4aa8-941c-9dd2d2ed0971_971c5e98-f8ba-483d-b4c2-22b3d57271e1.jpg/250x188.webp https://prod.pictures.autoscout24.net/listing-images/b541c4b0-9435-4aa8-941c-9dd2d2ed0971_bc9082e2-9799-4400-a085-416c7f19b255.jpg/250x188.webp https://prod.pictures.autoscout24.net/listing-images/b541c4b0-9435-4aa8-941c-9dd2d2ed0971_158a4a2a-acb8-4261-b77b-9c136e6f1100.jpg/250x188.webp https://prod.pictures.autoscout24.net/listing-images/b541c4b0-9435-4aa8-941c-9dd2d2ed0971_569582c8-4b6f-4b2d-aaad-ceacc0f72f20.jpg/250x188.webp,110.03239888716801,6164
85fbea19-1ea1-4bcb-8887-221764744486,Land Rover,Freelander,2.2 Td4 S,Dealer,6500,d,245000,05-2008,8940,https://prod.pictures.autoscout24.net/listing-images/85fbea19-1ea1-4bcb-8887-221764744486_55040316-80f6-4cfb-a8ff-731173df63ea.jpg/250x188.webp https://prod.pictures.autoscout24.net/listing-images/85fbea19-1ea1-4bcb-8887-221764744486_66dd3a5b-1b52-4ea1-838a-d233e946c070.jpg/250x188.webp https://prod.pictures.autoscout24.net/listing-images/85fbea19-1ea1-4bcb-8887-221764744486_c21a33c5-2546-456c-b147-11ba47ad2ad6.jpg/250x188.webp https://prod.pictures.autoscout24.net/listing-images/85fbea19-1ea1-4bcb-8887-221764744486_a177462e-704b-4e08-a349-123ea836a37d.jpg/250x188.webp https://prod.pictures.autoscout24.net/listing-images/85fbea19-1ea1-4bcb-8887-221764744486_a34c3db6-b241-4e7c-98ac-ef7cc3366597.jpg/250x188.webp https://prod.pictures.autoscout24.net/listing-images/85fbea19-1ea1-4bcb-8887-221764744486_400e0dde-3b9f-46c3-9983-4a63f4b605ab.jpg/250x188.webp https://prod.pictures.autoscout24.net/listing-images/85fbea19-1ea1-4bcb-8887-221764744486_66391dd5-ee38-4fb1-94cd-c37c9bd96b13.jpg/250x188.webp https://prod.pictures.autoscout24.net/listing-images/85fbea19-1ea1-4bcb-8887-221764744486_9e22ce4b-118f-4826-9029-dffad1e605cc.jpg/250x188.webp https://prod.pictures.autoscout24.net/listing-images/85fbea19-1ea1-4bcb-8887-221764744486_e3ce9635-ec80-4bc3-ba17-e763cab6b147.jpg/250x188.webp https://prod.pictures.autoscout24.net/listing-images/85fbea19-1ea1-4bcb-8887-221764744486_e6ee112e-abfe-495e-b159-aff6228fbd7f.jpg/250x188.webp https://prod.pictures.autoscout24.net/listing-images/85fbea19-1ea1-4bcb-8887-221764744486_24b6c20c-3f6a-45b3-b667-51c1d433ccbe.jpg/250x188.webp https://prod.pictures.autoscout24.net/listing-images/85fbea19-1ea1-4bcb-8887-221764744486_74f96354-4c49-42df-a48d-1a89c028b53d.jpg/250x188.webp https://prod.pictures.autoscout24.net/listing-images/85fbea19-1ea1-4bcb-8887-221764744486_34d8efba-2aed-45f0-b7e3-0ffa3fa0bd39.jpg/250x188.webp https://prod.pictures.autoscout24.net/listing-images/85fbea19-1ea1-4bcb-8887-221764744486_2604aa1f-984c-48fd-a52b-0738a7578f4f.jpg/250x188.webp https://prod.pictures.autoscout24.net/listing-images/85fbea19-1ea1-4bcb-8887-221764744486_417e06a4-3f17-4a82-9566-873d9b17ec0e.jpg/250x188.webp https://prod.pictures.autoscout24.net/listing-images/85fbea19-1ea1-4bcb-8887-221764744486_e3deacab-9f3b-41f3-b54e-9bf29c87ddb1.jpg/250x188.webp https://prod.pictures.autoscout24.net/listing-images/85fbea19-1ea1-4bcb-8887-221764744486_0b6915e5-85f6-4596-b135-ebb515949871.jpg/250x188.webp https://prod.pictures.autoscout24.net/listing-images/85fbea19-1ea1-4bcb-8887-221764744486_d29e5eb4-d55e-41c5-98a7-f8d846631f48.jpg/250x188.webp https://prod.pictures.autoscout24.net/listing-images/85fbea19-1ea1-4bcb-8887-221764744486_01b7449d-2e91-44e8-953c-e0f9f8eec585.jpg/250x188.webp,122.67454531275294,5344
c245fd72-cc65-404a-9a17-8b8748a68cbb,Land Rover,Series,3 V8 '81,Dealer,6500,b,104276,01-1981,9880,https://prod.pictures.autoscout24.net/listing-images/c245fd72-cc65-404a-9a17-8b8748a68cbb_c2dda9c6-283b-4761-a52a-7a8be5099aac.jpg/250x188.webp https://prod.pictures.autoscout24.net/listing-images/c245fd72-cc65-404a-9a17-8b8748a68cbb_3edf2dd2-8f2c-4a83-8cd6-201a38f07a6a.jpg/250x188.webp https://prod.pictures.autoscout24.net/listing-images/c245fd72-cc65-404a-9a17-8b8748a68cbb_6157583c-5cda-4a0d-97d2-beb4dc2044ae.jpg/250x188.webp https://prod.pictures.autoscout24.net/listing-images/c245fd72-cc65-404a-9a17-8b8748a68cbb_b3f7810f-10c8-4b41-8ffb-ec4040407dcb.jpg/250x188.webp https://prod.pictures.autoscout24.net/listing-images/c245fd72-cc65-404a-9a17-8b8748a68cbb_9ae7cf4b-aa9f-4fb3-9440-8cde94cbdbaa.jpg/250x188.webp https://prod.pictures.autoscout24.net/listing-images/c245fd72-cc65-404a-9a17-8b8748a68cbb_7c4ab767-da80-4781-8770-4e80422bacdd.jpg/250x188.webp https://prod.pictures.autoscout24.net/listing-images/c245fd72-cc65-404a-9a17-8b8748a68cbb_bb8162a7-40e8-4059-8e65-2669a539ef34.jpg/250x188.webp https://prod.pictures.autoscout24.net/listing-images/c245fd72-cc65-404a-9a17-8b8748a68cbb_49948fbb-7167-44e1-a0a1-21253988a68f.jpg/250x188.webp https://prod.pictures.autoscout24.net/listing-images/c245fd72-cc65-404a-9a17-8b8748a68cbb_ba7eff18-5475-48dd-b5b8-62f5725e5328.jpg/250x188.webp https://prod.pictures.autoscout24.net/listing-images/c245fd72-cc65-404a-9a17-8b8748a68cbb_b99c8eb6-5dec-4268-b93a-edd603a6eb77.jpg/250x188.webp https://prod.pictures.autoscout24.net/listing-images/c245fd72-cc65-404a-9a17-8b8748a68cbb_564b8571-c581-49ff-9fdd-6425df79de6c.jpg/250x188.webp https://prod.pictures.autoscout24.net/listing-images/c245fd72-cc65-404a-9a17-8b8748a68cbb_9d87dda7-654c-4f4a-afb0-ad6cddd4b851.jpg/250x188.webp https://prod.pictures.autoscout24.net/listing-images/c245fd72-cc65-404a-9a17-8b8748a68cbb_a301c9ac-939a-42dd-8d98-8d5c4368698f.jpg/250x188.webp https://prod.pictures.autoscout24.net/listing-images/c245fd72-cc65-404a-9a17-8b8748a68cbb_380dade7-4694-4e81-bb13-a16c6c2b1abc.jpg/250x188.webp https://prod.pictures.autoscout24.net/listing-images/c245fd72-cc65-404a-9a17-8b8748a68cbb_903e1aed-e237-4e82-a3d8-c1a37a878295.jpg/250x188.webp https://prod.pictures.autoscout24.net/listing-images/c245fd72-cc65-404a-9a17-8b8748a68cbb_6115128f-3ccb-47b8-b8ac-a7667f14d98d.jpg/250x188.webp https://prod.pictures.autoscout24.net/listing-images/c245fd72-cc65-404a-9a17-8b8748a68cbb_b3296a9a-3982-45ba-845d-402d68a41f06.jpg/250x188.webp https://prod.pictures.autoscout24.net/listing-images/c245fd72-cc65-404a-9a17-8b8748a68cbb_1173616b-cb9a-46d1-b405-76e092e05b3a.jpg/250x188.webp https://prod.pictures.autoscout24.net/listing-images/c245fd72-cc65-404a-9a17-8b8748a68cbb_4bcef0a6-68b3-4b68-9292-cc13c6a9a7bc.jpg/250x188.webp https://prod.pictures.autoscout24.net/listing-images/c245fd72-cc65-404a-9a17-8b8748a68cbb_2be1f07f-3047-4f04-a108-401a8a96fe3f.jpg/250x188.webp https://prod.pictures.autoscout24.net/listing-images/c245fd72-cc65-404a-9a17-8b8748a68cbb_537572f6-c090-4bae-b517-154ad0b14688.jpg/250x188.webp https://prod.pictures.autoscout24.net/listing-images/c245fd72-cc65-404a-9a17-8b8748a68cbb_bb505813-8a0f-4f06-9bfe-a3a18be0394f.jpg/250x188.webp https://prod.pictures.autoscout24.net/listing-images/c245fd72-cc65-404a-9a17-8b8748a68cbb_2a64d537-86b5-4bc0-bccf-483520dae646.jpg/250x188.webp https://prod.pictures.autoscout24.net/listing-images/c245fd72-cc65-404a-9a17-8b8748a68cbb_4fcbda59-5d5d-4762-bba2-9a1b8aeda094.jpg/250x188.webp https://prod.pictures.autoscout24.net/listing-images/c245fd72-cc65-404a-9a17-8b8748a68cbb_106f67b4-1dac-4a7c-ac14-7279fa5713f6.jpg/250x188.webp https://prod.pictures.autoscout24.net/listing-images/c245fd72-cc65-404a-9a17-8b8748a68cbb_f9692225-bf4c-41df-98ca-2f3b7b888bf8.jpg/250x188.webp https://prod.pictures.autoscout24.net/listing-images/c245fd72-cc65-404a-9a17-8b8748a68cbb_0643753b-a01f-4613-9ee0-0291fa2d5110.jpg/250x188.webp https://prod.pictures.autoscout24.net/listing-images/c245fd72-cc65-404a-9a17-8b8748a68cbb_b9a4c994-ddf2-424f-83e8-2feb74e64739.jpg/250x188.webp https://prod.pictures.autoscout24.net/listing-images/c245fd72-cc65-404a-9a17-8b8748a68cbb_48778725-cc44-488c-ab24-9f5d82cd177e.jpg/250x188.webp https://prod.pictures.autoscout24.net/listing-images/c245fd72-cc65-404a-9a17-8b8748a68cbb_cdacf008-b5af-450f-8fd2-7f75c7398bac.jpg/250x188.webp,82.30703511379957,15326
b756c966-0202-457a-8d19-ba1db1d08415,Land Rover,Freelander,2.2 Td4 S,PrivateSeller,6500,d,146000,01-2009,5370,https://prod.pictures.autoscout24.net/listing-images/b756c966-0202-457a-8d19-ba1db1d08415_07014999-c0b6-452f-bf61-0c0a0e4883ba.jpg/250x188.webp https://prod.pictures.autoscout24.net/listing-images/b756c966-0202-457a-8d19-ba1db1d08415_6dcf6831-3113-4750-af77-0663572e5934.jpg/250x188.webp https://prod.pictures.autoscout24.net/listing-images/b756c966-0202-457a-8d19-ba1db1d08415_49fd0581-78db-4c3e-a2e4-6697430909fa.jpg/250x188.webp https://prod.pictures.autoscout24.net/listing-images/b756c966-0202-457a-8d19-ba1db1d08415_ade8a9ed-5feb-4529-bdd2-064709464f19.jpg/250x188.webp https://prod.pictures.autoscout24.net/listing-images/b756c966-0202-457a-8d19-ba1db1d08415_7b4178e7-b78a-4c58-addb-d14662fe8c06.jpg/250x188.webp,131.57391899428777,5099
e8be316c-fe7e-4952-bdcd-00d901f28fa7,Land Rover,Discovery,.,PrivateSeller,7250,d,194000,08-2009,4000,https://prod.pictures.autoscout24.net/listing-images/e8be316c-fe7e-4952-bdcd-00d901f28fa7_1abf1f46-1b67-4277-9285-735c9514c0b3.jpg/250x188.webp https://prod.pictures.autoscout24.net/listing-images/e8be316c-fe7e-4952-bdcd-00d901f28fa7_9fe5da09-e684-4e2d-b730-3c6d4939ce3a.jpg/250x188.webp https://prod.pictures.autoscout24.net/listing-images/e8be316c-fe7e-4952-bdcd-00d901f28fa7_4bcebbc1-27de-4490-8499-28d2f6797bbd.jpg/250x188.webp https://prod.pictures.autoscout24.net/listing-images/e8be316c-fe7e-4952-bdcd-00d901f28fa7_5a29546f-fee6-4b3e-913b-7c5ba1f5234e.jpg/250x188.webp https://prod.pictures.autoscout24.net/listing-images/e8be316c-fe7e-4952-bdcd-00d901f28fa7_1f8a5055-67dc-4514-a84e-5c8667ea302b.jpg/250x188.webp https://prod.pictures.autoscout24.net/listing-images/e8be316c-fe7e-4952-bdcd-00d901f28fa7_689b7e7a-015d-426e-8f72-a52ee9e4bd93.jpg/250x188.webp https://prod.pictures.autoscout24.net/listing-images/e8be316c-fe7e-4952-bdcd-00d901f28fa7_3c6f27a1-dc51-4174-b82c-7eb1a517d33a.jpg/250x188.webp https://prod.pictures.autoscout24.net/listing-images/e8be316c-fe7e-4952-bdcd-00d901f28fa7_22e3a883-4db1-4c8c-80fd-edf2aec3bef0.jpg/250x188.webp https://prod.pictures.autoscout24.net/listing-images/e8be316c-fe7e-4952-bdcd-00d901f28fa7_1afda688-7852-4699-b3de-c2661b1e6bc0.jpg/250x188.webp,118.53949006185148,4887
411efad4-d15c-46d9-b79c-2ed414dbd7b4,Land Rover,Freelander,2.2 Td4 S Start/Stop,PrivateSeller,7350,d,258000,12-2011,1090,https://prod.pictures.autoscout24.net/listing-images/411efad4-d15c-46d9-b79c-2ed414dbd7b4_227fc1e1-cab8-4a2a-a65c-a174cf01b23d.jpg/250x188.webp https://prod.pictures.autoscout24.net/listing-images/411efad4-d15c-46d9-b79c-2ed414dbd7b4_3d2c4a76-c11c-4e9f-8a44-8de15448d02a.jpg/250x188.webp https://prod.pictures.autoscout24.net/listing-images/411efad4-d15c-46d9-b79c-2ed414dbd7b4_ad2ec287-6ed0-4c66-824b-74569dbe45b3.jpg/250x188.webp https://prod.pictures.autoscout24.net/listing-images/411efad4-d15c-46d9-b79c-2ed414dbd7b4_e68616e0-9477-4d34-b48e-4dacf0d6600c.jpg/250x188.webp https://prod.pictures.autoscout24.net/listing-images/411efad4-d15c-46d9-b79c-2ed414dbd7b4_e59d098f-71ea-4054-b2ba-d06e08612d47.jpg/250x188.webp https://prod.pictures.autoscout24.net/listing-images/411efad4-d15c-46d9-b79c-2ed414dbd7b4_60e707cb-7a72-45b7-8429-80ca0f325a0e.jpg/250x188.webp,66.80320352454842,4035
19e42b4d-c17a-4b77-961e-3f178784bd81,Land Rover,Range Rover Sport,2.7 TdV6 HSE Euro 4 - 5 Places,Dealer,7450,d,273000,02-2007,6950,https://prod.pictures.autoscout24.net/listing-images/19e42b4d-c17a-4b77-961e-3f178784bd81_2f5d2ae9-11f8-436e-8db7-a2b4821a8719.jpg/250x188.webp https://prod.pictures.autoscout24.net/listing-images/19e42b4d-c17a-4b77-961e-3f178784bd81_99792469-4491-484e-bff6-a63b9734accb.jpg/250x188.webp https://prod.pictures.autoscout24.net/listing-images/19e42b4d-c17a-4b77-961e-3f178784bd81_f231eddf-c941-4463-b8fe-4b7bd7538d41.jpg/250x188.webp https://prod.pictures.autoscout24.net/listing-images/19e42b4d-c17a-4b77-961e-3f178784bd81_37c439fb-fc24-4a90-83f2-0f5a68962c6b.jpg/250x188.webp https://prod.pictures.autoscout24.net/listing-images/19e42b4d-c17a-4b77-961e-3f178784bd81_7ba16a04-cb71-4e43-ba1d-56fed38a6b29.jpg/250x188.webp https://prod.pictures.autoscout24.net/listing-images/19e42b4d-c17a-4b77-961e-3f178784bd81_e99030ef-35b3-4f70-b2be-e17bc71cd243.jpg/250x188.webp https://prod.pictures.autoscout24.net/listing-images/19e42b4d-c17a-4b77-961e-3f178784bd81_81e0f7c3-cd4b-4872-bf4b-0ba19bcb683c.jpg/250x188.webp https://prod.pictures.autoscout24.net/listing-images/19e42b4d-c17a-4b77-961e-3f178784bd81_682fe22e-e9f9-4177-ace7-cde626a2b796.jpg/250x188.webp https://prod.pictures.autoscout24.net/listing-images/19e42b4d-c17a-4b77-961e-3f178784bd81_68ee95eb-1790-43c0-9a98-558a1d30d32b.jpg/250x188.webp https://prod.pictures.autoscout24.net/listing-images/19e42b4d-c17a-4b77-961e-3f178784bd81_f5b01cf2-978a-40a6-b472-b0f270f992e5.jpg/250x188.webp https://prod.pictures.autoscout24.net/listing-images/19e42b4d-c17a-4b77-961e-3f178784bd81_6d74cf9e-41dd-4078-9d9c-0cca5365d499.jpg/250x188.webp,161.16047264566197,5799
7aa0596b-8074-4e95-a4a1-bfdacfed747f,Land Rover,Freelander,2.2 Td4 HSE,PrivateSeller,7500,d,209000,01-2011,2280,https://prod.pictures.autoscout24.net/listing-images/7aa0596b-8074-4e95-a4a1-bfdacfed747f_9e59a3c2-4fc5-4f8a-854e-44a6782a8568.jpg/250x188.webp https://prod.pictures.autoscout24.net/listing-images/7aa0596b-8074-4e95-a4a1-bfdacfed747f_b7a8c412-5b13-4892-8ae5-4e33d5fa15c0.jpg/250x188.webp https://prod.pictures.autoscout24.net/listing-images/7aa0596b-8074-4e95-a4a1-bfdacfed747f_a0f4e1a5-9169-4c31-b4ef-0816d4ebb8c4.jpg/250x188.webp https://prod.pictures.autoscout24.net/listing-images/7aa0596b-8074-4e95-a4a1-bfdacfed747f_13848b02-8130-49d9-9488-6b37117906c0.jpg/250x188.webp https://prod.pictures.autoscout24.net/listing-images/7aa0596b-8074-4e95-a4a1-bfdacfed747f_bdedbc2b-08ef-4f51-a63d-6f64ccd34d49.jpg/250x188.webp https://prod.pictures.autoscout24.net/listing-images/7aa0596b-8074-4e95-a4a1-bfdacfed747f_20a9a3f2-f0eb-4098-93e2-578e36ef2332.jpg/250x188.webp https://prod.pictures.autoscout24.net/listing-images/7aa0596b-8074-4e95-a4a1-bfdacfed747f_501bca86-87a3-461f-b61f-243179bfb4a0.jpg/250x188.webp https://prod.pictures.autoscout24.net/listing-images/7aa0596b-8074-4e95-a4a1-bfdacfed747f_0b8f25a6-6d85-4547-b08c-91103311beea.jpg/250x188.webp https://prod.pictures.autoscout24.net/listing-images/7aa0596b-8074-4e95-a4a1-bfdacfed747f_052ff110-f72c-44a8-8f23-11f3d3e60cb3.jpg/250x188.webp https://prod.pictures.autoscout24.net/listing-images/7aa0596b-8074-4e95-a4a1-bfdacfed747f_ea598f9b-f8a5-47b3-8870-c1662148ccfe.jpg/250x188.webp https://prod.pictures.autoscout24.net/listing-images/7aa0596b-8074-4e95-a4a1-bfdacfed747f_07717db3-a948-449f-af3e-1214abf9b0c3.jpg/250x188.webp https://prod.pictures.autoscout24.net/listing-images/7aa0596b-8074-4e95-a4a1-bfdacfed747f_b4f25f84-ad84-4dd3-ac9a-20d6ff8edc09.jpg/250x188.webp https://prod.pictures.autoscout24.net/listing-images/7aa0596b-8074-4e95-a4a1-bfdacfed747f_450f01c2-9320-48f6-a6ad-b7b74276bd42.jpg/250x188.webp https://prod.pictures.autoscout24.net/listing-images/7aa0596b-8074-4e95-a4a1-bfdacfed747f_7b9cc88b-aa07-410e-a656-70b768c6ce6c.jpg/250x188.webp https://prod.pictures.autoscout24.net/listing-images/7aa0596b-8074-4e95-a4a1-bfdacfed747f_a200d6cc-4761-4b89-aefa-064ac84e6397.jpg/250x188.webp https://prod.pictures.autoscout24.net/listing-images/7aa0596b-8074-4e95-a4a1-bfdacfed747f_0a2737d8-8a95-4606-ba04-107a9018395b.jpg/250x188.webp https://prod.pictures.autoscout24.net/listing-images/7aa0596b-8074-4e95-a4a1-bfdacfed747f_f4f5a309-8002-45ce-8886-b3d11f337f1d.jpg/250x188.webp,35.98944945809368,4369
c67c9a8f-5d30-43bb-9bdc-4b07d2cf11f9,Land Rover,Range Rover Sport,2.7 TdV6 24v HSE,PrivateSeller,7500,d,350600,01-2006,8400,https://prod.pictures.autoscout24.net/listing-images/c67c9a8f-5d30-43bb-9bdc-4b07d2cf11f9_e93695ef-2005-4c15-ad4d-80c23c192f68.jpg/250x188.webp https://prod.pictures.autoscout24.net/listing-images/c67c9a8f-5d30-43bb-9bdc-4b07d2cf11f9_1e626a74-09fc-4c1c-b3a9-36c0eda8b0ea.jpg/250x188.webp https://prod.pictures.autoscout24.net/listing-images/c67c9a8f-5d30-43bb-9bdc-4b07d2cf11f9_d14a6a41-9dc1-4e51-a376-107a44dfb2ff.jpg/250x188.webp https://prod.pictures.autoscout24.net/listing-images/c67c9a8f-5d30-43bb-9bdc-4b07d2cf11f9_cdc1a935-2bd1-454d-9216-62bbdd093baf.jpg/250x188.webp https://prod.pictures.autoscout24.net/listing-images/c67c9a8f-5d30-43bb-9bdc-4b07d2cf11f9_ff688a1b-0db1-45da-9859-b13a6bd95363.jpg/250x188.webp https://prod.pictures.autoscout24.net/listing-images/c67c9a8f-5d30-43bb-9bdc-4b07d2cf11f9_a5c63ebe-1981-4898-89c1-d95a7f64c6fa.jpg/250x188.webp https://prod.pictures.autoscout24.net/listing-images/c67c9a8f-5d30-43bb-9bdc-4b07d2cf11f9_70baca29-abb0-46f7-9f24-e34f0a716c31.jpg/250x188.webp https://prod.pictures.autoscout24.net/listing-images/c67c9a8f-5d30-43bb-9bdc-4b07d2cf11f9_3cddaaea-ec5d-48a9-b2ff-b0d32d984450.jpg/250x188.webp https://prod.pictures.autoscout24.net/listing-images/c67c9a8f-5d30-43bb-9bdc-4b07d2cf11f9_e92a4cd1-ef31-4d91-bc12-6eab76bc6b8b.jpg/250x188.webp https://prod.pictures.autoscout24.net/listing-images/c67c9a8f-5d30-43bb-9bdc-4b07d2cf11f9_cb4a77a4-3479-4715-b0c4-21feb66747b8.jpg/250x188.webp,110.03239888716801,6195
47b99a33-b08e-4a8e-8f69-8fd2cdaaf201,Land Rover,Freelander,freelander 2 .Td4 hse,PrivateSeller,7500,d,218000,10-2009,6141,https://prod.pictures.autoscout24.net/listing-images/47b99a33-b08e-4a8e-8f69-8fd2cdaaf201_0e04b7ee-2e1a-4788-8fc0-36253cf6aad3.jpg/250x188.webp https://prod.pictures.autoscout24.net/listing-images/47b99a33-b08e-4a8e-8f69-8fd2cdaaf201_5837be69-ce7d-4b92-b341-606930947e48.jpg/250x188.webp https://prod.pictures.autoscout24.net/listing-images/47b99a33-b08e-4a8e-8f69-8fd2cdaaf201_85908978-df24-4148-80e0-f36f870992ab.jpg/250x188.webp https://prod.pictures.autoscout24.net/listing-images/47b99a33-b08e-4a8e-8f69-8fd2cdaaf201_c89f1827-3636-4611-b498-39e3682a0412.jpg/250x188.webp https://prod.pictures.autoscout24.net/listing-images/47b99a33-b08e-4a8e-8f69-8fd2cdaaf201_fc1c2603-ab94-49f3-812d-172d06f6793c.jpg/250x188.webp https://prod.pictures.autoscout24.net/listing-images/47b99a33-b08e-4a8e-8f69-8fd2cdaaf201_ae2382c7-b7ee-45f7-ab6b-9d5f04247942.jpg/250x188.webp https://prod.pictures.autoscout24.net/listing-images/47b99a33-b08e-4a8e-8f69-8fd2cdaaf201_c9f846cb-4e41-4c21-b2a0-dce97c6394f7.jpg/250x188.webp https://prod.pictures.autoscout24.net/listing-images/47b99a33-b08e-4a8e-8f69-8fd2cdaaf201_fc29386b-08f9-43f3-a031-1a9dd0737259.jpg/250x188.webp https://prod.pictures.autoscout24.net/listing-images/47b99a33-b08e-4a8e-8f69-8fd2cdaaf201_652732be-071e-413d-bb13-92ab3fee9e03.jpg/250x188.webp https://prod.pictures.autoscout24.net/listing-images/47b99a33-b08e-4a8e-8f69-8fd2cdaaf201_0bb712a6-7534-41fe-bad6-48a43c15393c.jpg/250x188.webp https://prod.pictures.autoscout24.net/listing-images/47b99a33-b08e-4a8e-8f69-8fd2cdaaf201_53790c18-c2d5-4d6c-83d3-58388b20031a.jpg/250x188.webp https://prod.pictures.autoscout24.net/listing-images/47b99a33-b08e-4a8e-8f69-8fd2cdaaf201_676c4172-d982-43bc-b8e4-87090efb4de9.jpg/250x188.webp https://prod.pictures.autoscout24.net/listing-images/47b99a33-b08e-4a8e-8f69-8fd2cdaaf201_a034a5c3-0187-4896-8b5a-3778baa40cce.jpg/250x188.webp https://prod.pictures.autoscout24.net/listing-images/47b99a33-b08e-4a8e-8f69-8fd2cdaaf201_78e247a2-3dd6-4dc9-88fa-9307d00364e1.jpg/250x188.webp https://prod.pictures.autoscout24.net/listing-images/47b99a33-b08e-4a8e-8f69-8fd2cdaaf201_3dabcb60-2969-482a-8729-12ed77e2cb5a.jpg/250x188.webp,115.10924013686974,4826
2fa0cabc-26d5-4ae0-b7da-4e2a7a52d8b2,Land Rover,Range Rover,Rover Td6 Vogue,PrivateSeller,7500,d,320000,01-2006,8301,https://prod.pictures.autoscout24.net/listing-images/2fa0cabc-26d5-4ae0-b7da-4e2a7a52d8b2_4c975faa-1e15-4c29-a013-3ac154e19b47.jpg/250x188.webp https://prod.pictures.autoscout24.net/listing-images/2fa0cabc-26d5-4ae0-b7da-4e2a7a52d8b2_2fdb88d3-53e2-4448-a2bc-d88971e5791d.jpg/250x188.webp https://prod.pictures.autoscout24.net/listing-images/2fa0cabc-26d5-4ae0-b7da-4e2a7a52d8b2_0e20e2d7-b56d-4377-b3f4-8cdd221992e7.jpg/250x188.webp,86.62972814082708,6195
759f53f7-c227-4617-87af-741e13e62201,Land Rover,Freelander,2.2 Td4 SE LICHTE VRACHT MOGELIJK  2 plaatsen,Dealer,7900,d,198321,09-2009,3945,https://prod.pictures.autoscout24.net/listing-images/759f53f7-c227-4617-87af-741e13e62201_6c01304c-cc83-47de-9999-05e91383d49b.jpg/250x188.webp https://prod.pictures.autoscout24.net/listing-images/759f53f7-c227-4617-87af-741e13e62201_bed39dfc-5042-4ce2-ba9e-ccb7a250eab1.jpg/250x188.webp https://prod.pictures.autoscout24.net/listing-images/759f53f7-c227-4617-87af-741e13e62201_6bab4af1-679b-4be6-8570-24787f03cf43.jpg/250x188.webp https://prod.pictures.autoscout24.net/listing-images/759f53f7-c227-4617-87af-741e13e62201_de38e7b5-6f3b-4ba8-9e1e-7a0f77bce73f.jpg/250x188.webp https://prod.pictures.autoscout24.net/listing-images/759f53f7-c227-4617-87af-741e13e62201_cdf3e32c-30a2-41ab-9a41-4401cb153700.jpg/250x188.webp https://prod.pictures.autoscout24.net/listing-images/759f53f7-c227-4617-87af-741e13e62201_5e3d6f17-2b63-43d0-8ddd-d1d5b3d2af26.jpg/250x188.webp https://prod.pictures.autoscout24.net/listing-images/759f53f7-c227-4617-87af-741e13e62201_7c1558b9-3985-43e9-ae21-b5ed448993d8.jpg/250x188.webp https://prod.pictures.autoscout24.net/listing-images/759f53f7-c227-4617-87af-741e13e62201_f16da313-3288-43af-9b8f-de555901bedd.jpg/250x188.webp https://prod.pictures.autoscout24.net/listing-images/759f53f7-c227-4617-87af-741e13e62201_c373faf8-6576-4843-b0a3-4e0c3fca9c80.jpg/250x188.webp https://prod.pictures.autoscout24.net/listing-images/759f53f7-c227-4617-87af-741e13e62201_6343ffeb-c9e0-4d7a-8b8e-d772dfad32e3.jpg/250x188.webp https://prod.pictures.autoscout24.net/listing-images/759f53f7-c227-4617-87af-741e13e62201_5b4bf1b9-6ea2-42f1-93d0-6f93cbc1c1cb.jpg/250x188.webp,62.89337299154107,4856
84ed7825-41cd-4a50-8666-da99fc55a0d9,Land Rover,Freelander,TD4 Aut. HSE,Dealer,7900,d,173000,11-2008,1730,https://prod.pictures.autoscout24.net/listing-images/84ed7825-41cd-4a50-8666-da99fc55a0d9_399cbda4-012c-4a29-9cd5-7a8ae0bb5a05.jpg/250x188.webp https://prod.pictures.autoscout24.net/listing-images/84ed7825-41cd-4a50-8666-da99fc55a0d9_96352c7a-a831-4d2b-a3f6-2612cf98c73f.jpg/250x188.webp https://prod.pictures.autoscout24.net/listing-images/84ed7825-41cd-4a50-8666-da99fc55a0d9_5902c9a0-d4ad-4b65-8309-94c95ecfe189.jpg/250x188.webp https://prod.pictures.autoscout24.net/listing-images/84ed7825-41cd-4a50-8666-da99fc55a0d9_43237cce-8a66-47c4-9f6a-3004667427e3.jpg/250x188.webp https://prod.pictures.autoscout24.net/listing-images/84ed7825-41cd-4a50-8666-da99fc55a0d9_1a14bfcf-8016-4da1-a45c-555c75a3ad26.jpg/250x188.webp https://prod.pictures.autoscout24.net/listing-images/84ed7825-41cd-4a50-8666-da99fc55a0d9_af199e75-5ca5-4178-8240-c5504ce60730.jpg/250x188.webp https://prod.pictures.autoscout24.net/listing-images/84ed7825-41cd-4a50-8666-da99fc55a0d9_76938351-09ee-47f3-b44e-5c950b1ffea9.jpg/250x188.webp https://prod.pictures.autoscout24.net/listing-images/84ed7825-41cd-4a50-8666-da99fc55a0d9_560acd4d-dc8d-4d7d-a387-06d21f3b6bac.jpg/250x188.webp,61.98157406185932,5160
85128078-e611-4dc3-85ed-0a5dfd52fb6c,Land Rover,Defender,110,PrivateSeller,7900,d,260000,01-1997,7334,https://prod.pictures.autoscout24.net/listing-images/85128078-e611-4dc3-85ed-0a5dfd52fb6c_bb824928-a523-41b7-9c89-60840394d09b.jpg/250x188.webp https://prod.pictures.autoscout24.net/listing-images/85128078-e611-4dc3-85ed-0a5dfd52fb6c_4492a1d4-a198-4a7e-8971-261182363495.jpg/250x188.webp https://prod.pictures.autoscout24.net/listing-images/85128078-e611-4dc3-85ed-0a5dfd52fb6c_43d01ea1-51cc-4a18-9fbe-46c7885f828f.jpg/250x188.webp https://prod.pictures.autoscout24.net/listing-images/85128078-e611-4dc3-85ed-0a5dfd52fb6c_042971a7-f1c5-46bc-8cf7-e6d3ed3b6327.jpg/250x188.webp https://prod.pictures.autoscout24.net/listing-images/85128078-e611-4dc3-85ed-0a5dfd52fb6c_0e25f554-7905-49ce-a052-c29a0a0dfb37.jpg/250x188.webp https://prod.pictures.autoscout24.net/listing-images/85128078-e611-4dc3-85ed-0a5dfd52fb6c_3ad2b1d5-e1ac-4acd-b65e-40a201f9a1f8.jpg/250x188.webp https://prod.pictures.autoscout24.net/listing-images/85128078-e611-4dc3-85ed-0a5dfd52fb6c_833adb23-5f71-4487-9307-bee85929bb07.jpg/250x188.webp https://prod.pictures.autoscout24.net/listing-images/85128078-e611-4dc3-85ed-0a5dfd52fb6c_937b01ef-85a3-45b7-b243-4518f1b0276e.jpg/250x188.webp https://prod.pictures.autoscout24.net/listing-images/85128078-e611-4dc3-85ed-0a5dfd52fb6c_242813d8-bfd5-4b07-b8dc-abef939a33cf.jpg/250x188.webp https://prod.pictures.autoscout24.net/listing-images/85128078-e611-4dc3-85ed-0a5dfd52fb6c_b530af1c-3714-41b1-aa0f-359cdc79c3c6.jpg/250x188.webp https://prod.pictures.autoscout24.net/listing-images/85128078-e611-4dc3-85ed-0a5dfd52fb6c_4177ac06-0310-4a95-b273-722154235c44.jpg/250x188.webp,119.8412190961509,9482
5b0de529-2151-4358-a42e-359216931c08,Land Rover,Freelander,TD4 XS,PrivateSeller,8000,d,290000,02-2009,3550,https://prod.pictures.autoscout24.net/listing-images/5b0de529-2151-4358-a42e-359216931c08_b4fb308d-1db7-46fe-8370-c1b331f0748b.jpg/250x188.webp https://prod.pictures.autoscout24.net/listing-images/5b0de529-2151-4358-a42e-359216931c08_b680e736-a385-4368-97e0-dddf7fe7825c.jpg/250x188.webp https://prod.pictures.autoscout24.net/listing-images/5b0de529-2151-4358-a42e-359216931c08_03a269a3-1a1e-408d-98a5-b658b6f03b1d.jpg/250x188.webp https://prod.pictures.autoscout24.net/listing-images/5b0de529-2151-4358-a42e-359216931c08_dc1aa577-d879-48d0-832f-aef38a9b7b5f.jpg/250x188.webp https://prod.pictures.autoscout24.net/listing-images/5b0de529-2151-4358-a42e-359216931c08_5855f0fc-ec7b-4d06-93f3-8d52283b4b98.jpg/250x188.webp https://prod.pictures.autoscout24.net/listing-images/5b0de529-2151-4358-a42e-359216931c08_692dbafe-85ab-414b-b3f8-135145beb0b7.jpg/250x188.webp https://prod.pictures.autoscout24.net/listing-images/5b0de529-2151-4358-a42e-359216931c08_10dc21e5-125f-4de5-af56-f47ea88b634e.jpg/250x188.webp https://prod.pictures.autoscout24.net/listing-images/5b0de529-2151-4358-a42e-359216931c08_0c057d21-ba12-4213-a0e7-5d6550ce33e2.jpg/250x188.webp https://prod.pictures.autoscout24.net/listing-images/5b0de529-2151-4358-a42e-359216931c08_10fcc320-386e-47eb-b41c-ae39e24bd9b9.jpg/250x188.webp,75.75580829789837,5068
06a7d480-ff5d-4d5d-8a4c-8a170f41edf0,Land Rover,Freelander,TD4 Aut. S,PrivateSeller,8000,d,240000,05-2010,9940,https://prod.pictures.autoscout24.net/listing-images/06a7d480-ff5d-4d5d-8a4c-8a170f41edf0_80600005-6a38-4c01-9340-6a72c1bb5cd6.jpg/250x188.webp https://prod.pictures.autoscout24.net/listing-images/06a7d480-ff5d-4d5d-8a4c-8a170f41edf0_3c5b96e3-e7a8-4806-bb6b-085d380ce167.jpg/250x188.webp https://prod.pictures.autoscout24.net/listing-images/06a7d480-ff5d-4d5d-8a4c-8a170f41edf0_fcde2fc6-57ff-4d0e-b08c-a77260ec4972.jpg/250x188.webp https://prod.pictures.autoscout24.net/listing-images/06a7d480-ff5d-4d5d-8a4c-8a170f41edf0_2804c855-42b4-4616-a8ee-792c949b7dae.jpg/250x188.webp https://prod.pictures.autoscout24.net/listing-images/06a7d480-ff5d-4d5d-8a4c-8a170f41edf0_05864243-d9c3-4b58-99aa-1d698868c6f6.jpg/250x188.webp https://prod.pictures.autoscout24.net/listing-images/06a7d480-ff5d-4d5d-8a4c-8a170f41edf0_9ccecec1-8729-4473-8d0b-49aabed92a3d.jpg/250x188.webp https://prod.pictures.autoscout24.net/listing-images/06a7d480-ff5d-4d5d-8a4c-8a170f41edf0_b4475512-baef-4be0-a52b-42a507bed630.jpg/250x188.webp https://prod.pictures.autoscout24.net/listing-images/06a7d480-ff5d-4d5d-8a4c-8a170f41edf0_0577b385-0efe-438b-888d-13aca5d81c4b.jpg/250x188.webp https://prod.pictures.autoscout24.net/listing-images/06a7d480-ff5d-4d5d-8a4c-8a170f41edf0_d26c87b7-aa8d-4f0f-8b5e-1c5e695a28e0.jpg/250x188.webp https://prod.pictures.autoscout24.net/listing-images/06a7d480-ff5d-4d5d-8a4c-8a170f41edf0_57355432-ff54-4cc0-8767-e5e4a7e70487.jpg/250x188.webp https://prod.pictures.autoscout24.net/listing-images/06a7d480-ff5d-4d5d-8a4c-8a170f41edf0_d388bb99-46a5-4f20-b9c5-6ee89afe3bc6.jpg/250x188.webp https://prod.pictures.autoscout24.net/listing-images/06a7d480-ff5d-4d5d-8a4c-8a170f41edf0_2106247c-585a-4ada-a33c-44c2e8ef485e.jpg/250x188.webp https://prod.pictures.autoscout24.net/listing-images/06a7d480-ff5d-4d5d-8a4c-8a170f41edf0_4fff9cd7-38a8-4e4d-9992-2c6cfb87cc7d.jpg/250x188.webp https://prod.pictures.autoscout24.net/listing-images/06a7d480-ff5d-4d5d-8a4c-8a170f41edf0_bcb107e5-e081-4f53-a9fa-97e072e9fa49.jpg/250x188.webp https://prod.pictures.autoscout24.net/listing-images/06a7d480-ff5d-4d5d-8a4c-8a170f41edf0_97dae18b-e32d-47b2-a64d-1f9c1c397072.jpg/250x188.webp,62.66558746753047,4614
4c9de6af-e0fb-405e-a3c8-b8770b177b28,Land Rover,Range Rover Sport,2.7 TdV6 24v SE,PrivateSeller,8000,d,264000,07-2006,4960,https://prod.pictures.autoscout24.net/listing-images/4c9de6af-e0fb-405e-a3c8-b8770b177b28_24814440-8f72-434c-9800-2382f7be39c1.jpg/250x188.webp https://prod.pictures.autoscout24.net/listing-images/4c9de6af-e0fb-405e-a3c8-b8770b177b28_c8855843-54d6-439f-bb3d-c4912a5df142.jpg/250x188.webp https://prod.pictures.autoscout24.net/listing-images/4c9de6af-e0fb-405e-a3c8-b8770b177b28_33e9d2d7-4ac3-47f6-a7d9-5af97e766223.jpg/250x188.webp https://prod.pictures.autoscout24.net/listing-images/4c9de6af-e0fb-405e-a3c8-b8770b177b28_7a162790-a470-4b7f-84d6-ab4164b7e616.jpg/250x188.webp https://prod.pictures.autoscout24.net/listing-images/4c9de6af-e0fb-405e-a3c8-b8770b177b28_610809fe-c7ad-4b3f-a7ce-ff79faacaa70.jpg/250x188.webp https://prod.pictures.autoscout24.net/listing-images/4c9de6af-e0fb-405e-a3c8-b8770b177b28_15cf5aa8-ab2b-4e42-894c-1bfc6bfac0d7.jpg/250x188.webp https://prod.pictures.autoscout24.net/listing-images/4c9de6af-e0fb-405e-a3c8-b8770b177b28_36e62c57-bff5-4607-8a34-4adb497acb4f.jpg/250x188.webp https://prod.pictures.autoscout24.net/listing-images/4c9de6af-e0fb-405e-a3c8-b8770b177b28_b6d41af1-933c-4373-9663-b55a61308f40.jpg/250x188.webp https://prod.pictures.autoscout24.net/listing-images/4c9de6af-e0fb-405e-a3c8-b8770b177b28_e2826c57-777f-40a4-a387-5e0a67f3741e.jpg/250x188.webp https://prod.pictures.autoscout24.net/listing-images/4c9de6af-e0fb-405e-a3c8-b8770b177b28_4d2140fe-9352-450c-98d6-fb26fb2f2e2b.jpg/250x188.webp,157.83179397169627,6014
9c8d5c8b-af1c-4404-b805-1cede627a930,Land Rover,Range Rover,3.0 Turbo d6 Vogue,PrivateSeller,8000,d,307000,04-2005,7131,https://prod.pictures.autoscout24.net/listing-images/9c8d5c8b-af1c-4404-b805-1cede627a930_631b4d7b-3bb3-4831-8d50-5805438ec943.jpg/250x188.webp https://prod.pictures.autoscout24.net/listing-images/9c8d5c8b-af1c-4404-b805-1cede627a930_725dc339-c45a-47c2-95e2-13d3ba836f77.jpg/250x188.webp https://prod.pictures.autoscout24.net/listing-images/9c8d5c8b-af1c-4404-b805-1cede627a930_6f943024-7e09-4892-81b9-2732d1597b51.jpg/250x188.webp https://prod.pictures.autoscout24.net/listing-images/9c8d5c8b-af1c-4404-b805-1cede627a930_d49aa4b6-63b8-4a3d-8914-712fcfef5990.jpg/250x188.webp https://prod.pictures.autoscout24.net/listing-images/9c8d5c8b-af1c-4404-b805-1cede627a930_7d79d8cc-8cc6-49ae-87f4-2dce81d42075.jpg/250x188.webp https://prod.pictures.autoscout24.net/listing-images/9c8d5c8b-af1c-4404-b805-1cede627a930_291309ec-fe3d-44c0-901b-31a4d5b3b715.jpg/250x188.webp https://prod.pictures.autoscout24.net/listing-images/9c8d5c8b-af1c-4404-b805-1cede627a930_288896a2-003b-4b84-9832-1a53bc846f08.jpg/250x188.webp,119.34870957431832,6470
a83d3ac9-d6bf-4540-b929-28a4f5bed253,Land Rover,Range Rover Sport,3.0 TdV6 HSE.  *** Turbo Problème ***,Dealer,8300,d,142000,01-2010,1750,https://prod.pictures.autoscout24.net/listing-images/a83d3ac9-d6bf-4540-b929-28a4f5bed253_2c644edc-718d-4ac7-905a-4b41edf78a90.jpg/250x188.webp https://prod.pictures.autoscout24.net/listing-images/a83d3ac9-d6bf-4540-b929-28a4f5bed253_745fc614-5be9-40dd-a9bc-4f20a266b98d.jpg/250x188.webp https://prod.pictures.autoscout24.net/listing-images/a83d3ac9-d6bf-4540-b929-28a4f5bed253_18793d95-32f8-4347-abbd-8117964749c9.jpg/250x188.webp https://prod.pictures.autoscout24.net/listing-images/a83d3ac9-d6bf-4540-b929-28a4f5bed253_e8d198fe-43d7-4ce7-80b4-5c6f8c88a95e.jpg/250x188.webp https://prod.pictures.autoscout24.net/listing-images/a83d3ac9-d6bf-4540-b929-28a4f5bed253_9d3977f3-0ede-4348-8edc-d108962c901c.jpg/250x188.webp https://prod.pictures.autoscout24.net/listing-images/a83d3ac9-d6bf-4540-b929-28a4f5bed253_478640b4-c405-48ae-a525-f4c2907ced1c.jpg/250x188.webp https://prod.pictures.autoscout24.net/listing-images/a83d3ac9-d6bf-4540-b929-28a4f5bed253_ece935ba-ed7c-4465-baa6-704f2e80e388.jpg/250x188.webp https://prod.pictures.autoscout24.net/listing-images/a83d3ac9-d6bf-4540-b929-28a4f5bed253_a3201ad5-3021-470f-a3fe-54d31cd22f01.jpg/250x188.webp https://prod.pictures.autoscout24.net/listing-images/a83d3ac9-d6bf-4540-b929-28a4f5bed253_24a9edcf-362b-428e-b9e0-e0d65250ee8b.jpg/250x188.webp https://prod.pictures.autoscout24.net/listing-images/a83d3ac9-d6bf-4540-b929-28a4f5bed253_242b26cb-1ed7-4f8e-9e6b-a491dbdfa933.jpg/250x188.webp https://prod.pictures.autoscout24.net/listing-images/a83d3ac9-d6bf-4540-b929-28a4f5bed253_9dfbc23d-d65a-4f93-a217-6487a475f41f.jpg/250x188.webp https://prod.pictures.autoscout24.net/listing-images/a83d3ac9-d6bf-4540-b929-28a4f5bed253_c53471f8-dc70-4f17-8817-77fc8ab032c4.jpg/250x188.webp,76.75328563765976,4734
a8b7ec60-031f-43d7-8cd1-40585e9a5f32,Land Rover,Discovery,200 TDI,PrivateSeller,8300,d,175300,05-1992,1180,https://prod.pictures.autoscout24.net/listing-images/a8b7ec60-031f-43d7-8cd1-40585e9a5f32_ce3519fa-3b14-41dd-92fd-8162a60b960f.jpg/250x188.webp https://prod.pictures.autoscout24.net/listing-images/a8b7ec60-031f-43d7-8cd1-40585e9a5f32_6b821081-67fa-40d5-b5d9-85a1680b0aa9.jpg/250x188.webp https://prod.pictures.autoscout24.net/listing-images/a8b7ec60-031f-43d7-8cd1-40585e9a5f32_fc223b44-cae3-4bd1-acfe-9031df54b1fa.jpg/250x188.webp https://prod.pictures.autoscout24.net/listing-images/a8b7ec60-031f-43d7-8cd1-40585e9a5f32_1658f9e0-0ea2-46e4-886d-4e4949953d78.jpg/250x188.webp https://prod.pictures.autoscout24.net/listing-images/a8b7ec60-031f-43d7-8cd1-40585e9a5f32_f10f360c-5195-4b19-b842-0147ef4e409e.jpg/250x188.webp,74.57281408996285,11188
5d362634-35dd-4bcf-9a84-79cbd979fbda,Land Rover,Range Rover Sport,2.7 TdV6 HSE Camionnette/Lichte Vrachtwagen,Dealer,8499,d,182000,07-2008,1800,https://prod.pictures.autoscout24.net/listing-images/5d362634-35dd-4bcf-9a84-79cbd979fbda_e3709191-1053-4886-b9b0-8ae63d585798.jpg/250x188.webp https://prod.pictures.autoscout24.net/listing-images/5d362634-35dd-4bcf-9a84-79cbd979fbda_1b439250-7007-4a43-b649-f442c1de9d84.jpg/250x188.webp https://prod.pictures.autoscout24.net/listing-images/5d362634-35dd-4bcf-9a84-79cbd979fbda_76ba0d68-e4d1-442d-8f92-1915b5f67cd6.jpg/250x188.webp https://prod.pictures.autoscout24.net/listing-images/5d362634-35dd-4bcf-9a84-79cbd979fbda_c8dbf8e3-915b-4e44-9b60-6e0ca2318586.jpg/250x188.webp https://prod.pictures.autoscout24.net/listing-images/5d362634-35dd-4bcf-9a84-79cbd979fbda_16e3c54a-e69b-469d-8756-8e30e89d8e29.jpg/250x188.webp https://prod.pictures.autoscout24.net/listing-images/5d362634-35dd-4bcf-9a84-79cbd979fbda_3273ad59-11b8-4675-83b1-103ecb8b4de6.jpg/250x188.webp https://prod.pictures.autoscout24.net/listing-images/5d362634-35dd-4bcf-9a84-79cbd979fbda_60e68cc9-de18-48ac-a3df-cf0dcb63ffcb.jpg/250x188.webp https://prod.pictures.autoscout24.net/listing-images/5d362634-35dd-4bcf-9a84-79cbd979fbda_18da6524-806d-43de-9331-549451bd8485.jpg/250x188.webp https://prod.pictures.autoscout24.net/listing-images/5d362634-35dd-4bcf-9a84-79cbd979fbda_6376d5b6-e099-4cca-badd-5886b376007c.jpg/250x188.webp https://prod.pictures.autoscout24.net/listing-images/5d362634-35dd-4bcf-9a84-79cbd979fbda_8cf32438-4131-4d99-a5c8-fd416dfe24d3.jpg/250x188.webp https://prod.pictures.autoscout24.net/listing-images/5d362634-35dd-4bcf-9a84-79cbd979fbda_e3fb4cf0-a0da-4e07-8d45-41476fde1565.jpg/250x188.webp https://prod.pictures.autoscout24.net/listing-images/5d362634-35dd-4bcf-9a84-79cbd979fbda_27e1d8a8-ac52-4c13-8a9c-339d24bfe0f5.jpg/250x188.webp https://prod.pictures.autoscout24.net/listing-images/5d362634-35dd-4bcf-9a84-79cbd979fbda_014b9bbc-67e3-4fee-b4fc-8f4025442438.jpg/250x188.webp https://prod.pictures.autoscout24.net/listing-images/5d362634-35dd-4bcf-9a84-79cbd979fbda_bced3c64-d529-4670-8cc2-d780b9ad42de.jpg/250x188.webp https://prod.pictures.autoscout24.net/listing-images/5d362634-35dd-4bcf-9a84-79cbd979fbda_c83c6ab0-8dd5-4deb-8792-c8dc9a45e9c0.jpg/250x188.webp,60.05560122441548,5283
bee0cc90-f5cf-4118-a76b-48006e03a019,Land Rover,Range Rover Sport,TDV6 HSE,PrivateSeller,8500,d,375500,01-2006,8400,https://prod.pictures.autoscout24.net/listing-images/bee0cc90-f5cf-4118-a76b-48006e03a019_a38f9910-dd97-4574-b6dc-e2a69e3964ee.jpg/250x188.webp https://prod.pictures.autoscout24.net/listing-images/bee0cc90-f5cf-4118-a76b-48006e03a019_5e43449b-c449-4150-8389-6b3e7967d69e.jpg/250x188.webp https://prod.pictures.autoscout24.net/listing-images/bee0cc90-f5cf-4118-a76b-48006e03a019_40af57a6-8398-4ef2-808a-bd3955a1cdee.jpg/250x188.webp https://prod.pictures.autoscout24.net/listing-images/bee0cc90-f5cf-4118-a76b-48006e03a019_5caf3b3b-34a8-4e9d-abc4-eeaf1cc40302.jpg/250x188.webp,110.03239888716801,6195
3be2fee1-7393-4ed1-a807-e09151debe1b,Land Rover,Range Rover Sport,TDV6 HSE,PrivateSeller,8500,d,370540,01-2006,8400,https://prod.pictures.autoscout24.net/listing-images/3be2fee1-7393-4ed1-a807-e09151debe1b_34eef442-2181-4708-9a81-8e2ddea77eeb.jpg/250x188.webp,110.03239888716801,6195
c48a8d50-9fd7-47b3-a588-8d3b0184bf11,Land Rover,Discovery,2.5 Td5 E,PrivateSeller,8900,d,234200,04-2002,3600,https://prod.pictures.autoscout24.net/listing-images/c48a8d50-9fd7-47b3-a588-8d3b0184bf11_5f859213-059e-4c04-a9b3-15f9298553d2.jpg/250x188.webp https://prod.pictures.autoscout24.net/listing-images/c48a8d50-9fd7-47b3-a588-8d3b0184bf11_8129ed43-9812-42ba-bae3-a4e80a3f92b1.jpg/250x188.webp https://prod.pictures.autoscout24.net/listing-images/c48a8d50-9fd7-47b3-a588-8d3b0184bf11_94d442e8-323c-4720-981d-2f2673ef96da.jpg/250x188.webp https://prod.pictures.autoscout24.net/listing-images/c48a8d50-9fd7-47b3-a588-8d3b0184bf11_f8bde5b1-6a77-4b7a-ae10-7c2ca4205320.jpg/250x188.webp https://prod.pictures.autoscout24.net/listing-images/c48a8d50-9fd7-47b3-a588-8d3b0184bf11_c1834193-55ed-4dc2-bd4e-f2c0daa895f5.jpg/250x188.webp https://prod.pictures.autoscout24.net/listing-images/c48a8d50-9fd7-47b3-a588-8d3b0184bf11_39c7991a-d1df-4081-a25c-2f874084a046.jpg/250x188.webp https://prod.pictures.autoscout24.net/listing-images/c48a8d50-9fd7-47b3-a588-8d3b0184bf11_b58a9f8f-3936-4f6c-9262-1af0f51c5dcb.jpg/250x188.webp https://prod.pictures.autoscout24.net/listing-images/c48a8d50-9fd7-47b3-a588-8d3b0184bf11_96bfed8c-d289-46e2-b7a8-19c499b4978f.jpg/250x188.webp https://prod.pictures.autoscout24.net/listing-images/c48a8d50-9fd7-47b3-a588-8d3b0184bf11_bc42266a-0233-42d8-a266-0e10fbfcef3f.jpg/250x188.webp https://prod.pictures.autoscout24.net/listing-images/c48a8d50-9fd7-47b3-a588-8d3b0184bf11_93ea5970-42c8-4fb0-8dc2-036803aa6843.jpg/250x188.webp https://prod.pictures.autoscout24.net/listing-images/c48a8d50-9fd7-47b3-a588-8d3b0184bf11_c85a06dd-1ea7-4128-904d-3056c3cb688a.jpg/250x188.webp https://prod.pictures.autoscout24.net/listing-images/c48a8d50-9fd7-47b3-a588-8d3b0184bf11_32e76a8e-6503-4b60-bfde-91f98e83ad5b.jpg/250x188.webp https://prod.pictures.autoscout24.net/listing-images/c48a8d50-9fd7-47b3-a588-8d3b0184bf11_b4b42721-d94e-41c0-8bb2-61a7ac14d47a.jpg/250x188.webp https://prod.pictures.autoscout24.net/listing-images/c48a8d50-9fd7-47b3-a588-8d3b0184bf11_3680bf2a-d5b1-4b1d-98f0-9096d5c1d6b7.jpg/250x188.webp https://prod.pictures.autoscout24.net/listing-images/c48a8d50-9fd7-47b3-a588-8d3b0184bf11_69ae4103-0486-40d9-a6d8-e47c0c42daa8.jpg/250x188.webp https://prod.pictures.autoscout24.net/listing-images/c48a8d50-9fd7-47b3-a588-8d3b0184bf11_da93e639-69e8-436d-9ad1-b4d4706a16f9.jpg/250x188.webp https://prod.pictures.autoscout24.net/listing-images/c48a8d50-9fd7-47b3-a588-8d3b0184bf11_283bd6fd-4993-4cce-86bf-7ceba8b74aad.jpg/250x188.webp https://prod.pictures.autoscout24.net/listing-images/c48a8d50-9fd7-47b3-a588-8d3b0184bf11_6dfbd97c-3166-4840-8199-d4442de070f9.jpg/250x188.webp https://prod.pictures.autoscout24.net/listing-images/c48a8d50-9fd7-47b3-a588-8d3b0184bf11_91573561-a61e-4c5e-bae3-77b68ee5be84.jpg/250x188.webp https://prod.pictures.autoscout24.net/listing-images/c48a8d50-9fd7-47b3-a588-8d3b0184bf11_dfcaf240-c7ae-4830-99a2-e51877117a1d.jpg/250x188.webp https://prod.pictures.autoscout24.net/listing-images/c48a8d50-9fd7-47b3-a588-8d3b0184bf11_a9b2f389-e83a-4e29-a754-e4cc112723bf.jpg/250x188.webp https://prod.pictures.autoscout24.net/listing-images/c48a8d50-9fd7-47b3-a588-8d3b0184bf11_1f3f2c2a-580f-439f-b2df-891f39326bfe.jpg/250x188.webp https://prod.pictures.autoscout24.net/listing-images/c48a8d50-9fd7-47b3-a588-8d3b0184bf11_6ae28f36-3c21-4edd-9eb9-5c877eff4d09.jpg/250x188.webp https://prod.pictures.autoscout24.net/listing-images/c48a8d50-9fd7-47b3-a588-8d3b0184bf11_458e9ee1-8032-4d4d-9a5d-5926b1dd844e.jpg/250x188.webp https://prod.pictures.autoscout24.net/listing-images/c48a8d50-9fd7-47b3-a588-8d3b0184bf11_0c960bcf-915c-4257-ae70-a1017e983b52.jpg/250x188.webp https://prod.pictures.autoscout24.net/listing-images/c48a8d50-9fd7-47b3-a588-8d3b0184bf11_7738a892-b694-4c41-a3d3-795a7038c973.jpg/250x188.webp https://prod.pictures.autoscout24.net/listing-images/c48a8d50-9fd7-47b3-a588-8d3b0184bf11_72c6d1a6-ddb5-4511-940d-e362d08bf860.jpg/250x188.webp,91.05707630102727,7566
a0db1d2b-7528-4bc1-80ee-4dca48772a4d,Land Rover,Defender,2.5 TDi,PrivateSeller,8900,d,260000,01-1997,7334,https://prod.pictures.autoscout24.net/listing-images/a0db1d2b-7528-4bc1-80ee-4dca48772a4d_ea9eca90-fa59-46f1-9b84-a08651c80d43.jpg/250x188.webp https://prod.pictures.autoscout24.net/listing-images/a0db1d2b-7528-4bc1-80ee-4dca48772a4d_aaf13e34-dfd2-4517-a600-2565cbc0402b.jpg/250x188.webp https://prod.pictures.autoscout24.net/listing-images/a0db1d2b-7528-4bc1-80ee-4dca48772a4d_db940fcc-d68c-48cc-b2f3-48977bb8fcaa.jpg/250x188.webp https://prod.pictures.autoscout24.net/listing-images/a0db1d2b-7528-4bc1-80ee-4dca48772a4d_6fae1663-600d-4109-8f21-be22e27511f1.jpg/250x188.webp https://prod.pictures.autoscout24.net/listing-images/a0db1d2b-7528-4bc1-80ee-4dca48772a4d_a22f3fce-77f2-4ee1-9cca-34713925b71d.jpg/250x188.webp https://prod.pictures.autoscout24.net/listing-images/a0db1d2b-7528-4bc1-80ee-4dca48772a4d_d15827bd-0d48-4edd-a98b-c2ebc888ff42.jpg/250x188.webp https://prod.pictures.autoscout24.net/listing-images/a0db1d2b-7528-4bc1-80ee-4dca48772a4d_f275b5b9-d7e6-4518-9374-160dac06ad93.jpg/250x188.webp https://prod.pictures.autoscout24.net/listing-images/a0db1d2b-7528-4bc1-80ee-4dca48772a4d_ff99a13c-fbae-46d0-9c14-80ee10b49b1e.jpg/250x188.webp https://prod.pictures.autoscout24.net/listing-images/a0db1d2b-7528-4bc1-80ee-4dca48772a4d_1c5d5268-cb1d-46d7-aa21-78a2b5d24a25.jpg/250x188.webp https://prod.pictures.autoscout24.net/listing-images/a0db1d2b-7528-4bc1-80ee-4dca48772a4d_1de4d22d-20e6-448d-b93e-f325eda61279.jpg/250x188.webp https://prod.pictures.autoscout24.net/listing-images/a0db1d2b-7528-4bc1-80ee-4dca48772a4d_61ac66b8-ff81-4ddb-a48d-bdc545ffe156.jpg/250x188.webp https://prod.pictures.autoscout24.net/listing-images/a0db1d2b-7528-4bc1-80ee-4dca48772a4d_6d2f4283-9474-4b37-b8a3-8ffb9d98c1ad.jpg/250x188.webp https://prod.pictures.autoscout24.net/listing-images/a0db1d2b-7528-4bc1-80ee-4dca48772a4d_d97061a9-539a-4cf4-9fbf-383443df026d.jpg/250x188.webp https://prod.pictures.autoscout24.net/listing-images/a0db1d2b-7528-4bc1-80ee-4dca48772a4d_3bb9ff44-3d0b-4259-bc8a-3b876743f102.jpg/250x188.webp,119.8412190961509,9482
da7e4e01-0744-4a9f-b009-77a44095cf38,Land Rover,Range Rover Sport,3.0 TdV6 HSE prix marchand au export,Dealer,8950,d,240000,07-2011,1400,https://prod.pictures.autoscout24.net/listing-images/da7e4e01-0744-4a9f-b009-77a44095cf38_e7328c40-7af4-4e0b-9416-890062a66140.jpg/250x188.webp https://prod.pictures.autoscout24.net/listing-images/da7e4e01-0744-4a9f-b009-77a44095cf38_276a88af-1461-4dff-a01b-4adc1d487b79.jpg/250x188.webp https://prod.pictures.autoscout24.net/listing-images/da7e4e01-0744-4a9f-b009-77a44095cf38_0e5812a1-066a-4a60-a9fc-3206da072dad.jpg/250x188.webp https://prod.pictures.autoscout24.net/listing-images/da7e4e01-0744-4a9f-b009-77a44095cf38_a8f942c0-20d7-42ce-8e2e-8005b0bad8d2.jpg/250x188.webp https://prod.pictures.autoscout24.net/listing-images/da7e4e01-0744-4a9f-b009-77a44095cf38_1fd4cee6-8e3b-44b5-b508-42f597316bfb.jpg/250x188.webp https://prod.pictures.autoscout24.net/listing-images/da7e4e01-0744-4a9f-b009-77a44095cf38_b2026071-8a11-49fb-8754-23eb27c72003.jpg/250x188.webp https://prod.pictures.autoscout24.net/listing-images/da7e4e01-0744-4a9f-b009-77a44095cf38_e021b4ea-c521-4ab4-b1da-d6b110472bcf.jpg/250x188.webp https://prod.pictures.autoscout24.net/listing-images/da7e4e01-0744-4a9f-b009-77a44095cf38_6a4b7a8f-0968-4db1-b3e7-c1beadacc33f.jpg/250x188.webp https://prod.pictures.autoscout24.net/listing-images/da7e4e01-0744-4a9f-b009-77a44095cf38_9eabaa97-0ada-448d-933c-70c551d4b041.jpg/250x188.webp https://prod.pictures.autoscout24.net/listing-images/da7e4e01-0744-4a9f-b009-77a44095cf38_684821a3-62ee-4b33-9827-8e0243e09640.jpg/250x188.webp https://prod.pictures.autoscout24.net/listing-images/da7e4e01-0744-4a9f-b009-77a44095cf38_c5c333b5-4ee0-4ec3-a1c2-026022016ca5.jpg/250x188.webp https://prod.pictures.autoscout24.net/listing-images/da7e4e01-0744-4a9f-b009-77a44095cf38_db6afd6e-3467-4d5f-8884-8f79234bd639.jpg/250x188.webp https://prod.pictures.autoscout24.net/listing-images/da7e4e01-0744-4a9f-b009-77a44095cf38_53b4e209-1aaa-4824-acd2-97d71a3a0247.jpg/250x188.webp https://prod.pictures.autoscout24.net/listing-images/da7e4e01-0744-4a9f-b009-77a44095cf38_c4becfec-c114-4484-b6b5-b6e73f0e41ff.jpg/250x188.webp,97.35176357549375,4188
6d59eb99-9e90-420e-bcef-f6343cba3358,Land Rover,Defender,110 LT / Lichte Vracht / Voiture Utilitaire,Dealer,8990,d,400036,02-1988,3960,https://prod.pictures.autoscout24.net/listing-images/6d59eb99-9e90-420e-bcef-f6343cba3358_6a6647c8-e14c-48f1-bdbb-617790fa1591.jpg/250x188.webp https://prod.pictures.autoscout24.net/listing-images/6d59eb99-9e90-420e-bcef-f6343cba3358_73e8d4ee-b974-4bcc-a24f-5596e1cf482d.jpg/250x188.webp https://prod.pictures.autoscout24.net/listing-images/6d59eb99-9e90-420e-bcef-f6343cba3358_1681448d-a7df-4704-bc6f-5408e76b1f94.jpg/250x188.webp https://prod.pictures.autoscout24.net/listing-images/6d59eb99-9e90-420e-bcef-f6343cba3358_75693f08-e0fd-4559-a011-5ad7c8ca0df1.jpg/250x188.webp https://prod.pictures.autoscout24.net/listing-images/6d59eb99-9e90-420e-bcef-f6343cba3358_a4bd4332-1ff1-4986-bd90-d6a70a86d5db.jpg/250x188.webp https://prod.pictures.autoscout24.net/listing-images/6d59eb99-9e90-420e-bcef-f6343cba3358_798ce745-b2cb-427e-be31-bd3e36969cac.jpg/250x188.webp https://prod.pictures.autoscout24.net/listing-images/6d59eb99-9e90-420e-bcef-f6343cba3358_94bf2e22-8664-4453-ba22-69e46b2443ad.jpg/250x188.webp https://prod.pictures.autoscout24.net/listing-images/6d59eb99-9e90-420e-bcef-f6343cba3358_20a3a5fe-e96b-43e1-a4a3-76300c345d7c.jpg/250x188.webp https://prod.pictures.autoscout24.net/listing-images/6d59eb99-9e90-420e-bcef-f6343cba3358_273c3d1b-7b04-41c7-9bff-633d08232038.jpg/250x188.webp https://prod.pictures.autoscout24.net/listing-images/6d59eb99-9e90-420e-bcef-f6343cba3358_124b7c36-d08a-4d09-9496-29f0b54afa85.jpg/250x188.webp https://prod.pictures.autoscout24.net/listing-images/6d59eb99-9e90-420e-bcef-f6343cba3358_bafb0d69-b2de-442a-a3ac-1f7e51059b4b.jpg/250x188.webp https://prod.pictures.autoscout24.net/listing-images/6d59eb99-9e90-420e-bcef-f6343cba3358_fbef9f31-6ccc-4790-8f7b-81dc6d080d2b.jpg/250x188.webp https://prod.pictures.autoscout24.net/listing-images/6d59eb99-9e90-420e-bcef-f6343cba3358_d9955847-fe58-48c1-a6a3-0d1ac89aa6e4.jpg/250x188.webp https://prod.pictures.autoscout24.net/listing-images/6d59eb99-9e90-420e-bcef-f6343cba3358_97c258c1-22e1-4e38-8a6e-91b6f85a3028.jpg/250x188.webp https://prod.pictures.autoscout24.net/listing-images/6d59eb99-9e90-420e-bcef-f6343cba3358_a400b60f-de53-41a3-9ee2-d731e4232ffe.jpg/250x188.webp https://prod.pictures.autoscout24.net/listing-images/6d59eb99-9e90-420e-bcef-f6343cba3358_1b60cae7-22f4-474b-8059-7d2d12a490c3.jpg/250x188.webp,88.39034768583157,12739
8db932a1-39a6-4614-bb4c-1a24b636c4e0,Land Rover,Discovery,Td5 lichte vracht,PrivateSeller,9000,d,207000,04-2004,1860,https://prod.pictures.autoscout24.net/listing-images/8db932a1-39a6-4614-bb4c-1a24b636c4e0_e6d87dcb-e1ad-4247-be71-88bd7a1426e5.jpg/250x188.webp https://prod.pictures.autoscout24.net/listing-images/8db932a1-39a6-4614-bb4c-1a24b636c4e0_70a8c900-416b-40c9-a58d-121ca6588b7a.jpg/250x188.webp https://prod.pictures.autoscout24.net/listing-images/8db932a1-39a6-4614-bb4c-1a24b636c4e0_3ef2061a-73b4-4826-94e1-5365f9036e52.jpg/250x188.webp https://prod.pictures.autoscout24.net/listing-images/8db932a1-39a6-4614-bb4c-1a24b636c4e0_d5452cfc-d88e-431d-9998-c53154e866db.jpg/250x188.webp https://prod.pictures.autoscout24.net/listing-images/8db932a1-39a6-4614-bb4c-1a24b636c4e0_e6f7a05a-cb03-4936-a3a9-0f343d10d76b.jpg/250x188.webp https://prod.pictures.autoscout24.net/listing-images/8db932a1-39a6-4614-bb4c-1a24b636c4e0_f6885ee7-933c-40f0-bb54-1679a3dea621.jpg/250x188.webp https://prod.pictures.autoscout24.net/listing-images/8db932a1-39a6-4614-bb4c-1a24b636c4e0_5613596f-3abe-4b8b-839d-3a6197e7f189.jpg/250x188.webp https://prod.pictures.autoscout24.net/listing-images/8db932a1-39a6-4614-bb4c-1a24b636c4e0_50928b62-f031-4184-8957-6c82677bb662.jpg/250x188.webp https://prod.pictures.autoscout24.net/listing-images/8db932a1-39a6-4614-bb4c-1a24b636c4e0_8890e6be-766c-4c99-a564-6b0077a55ad3.jpg/250x188.webp https://prod.pictures.autoscout24.net/listing-images/8db932a1-39a6-4614-bb4c-1a24b636c4e0_ccb6bd51-4843-4c1c-b681-b4d34ac90a53.jpg/250x188.webp https://prod.pictures.autoscout24.net/listing-images/8db932a1-39a6-4614-bb4c-1a24b636c4e0_1bda20da-47e5-4434-99dd-b304a7a3bb9a.jpg/250x188.webp,59.6090801187706,6835
22f4fabf-aa09-4240-a1ed-88a513313ca0,Land Rover,Range Rover,Classic 3500cc V8 Suffix F,Dealer,9000,b,117788,03-1980,4671,https://prod.pictures.autoscout24.net/listing-images/22f4fabf-aa09-4240-a1ed-88a513313ca0_54a659dd-c44a-497a-ac28-30230371f9a4.jpg/250x188.webp https://prod.pictures.autoscout24.net/listing-images/22f4fabf-aa09-4240-a1ed-88a513313ca0_96473528-ca43-4557-9130-168c3ac05543.jpg/250x188.webp https://prod.pictures.autoscout24.net/listing-images/22f4fabf-aa09-4240-a1ed-88a513313ca0_0bd8ecff-3acf-4c18-8c80-075829506778.jpg/250x188.webp https://prod.pictures.autoscout24.net/listing-images/22f4fabf-aa09-4240-a1ed-88a513313ca0_4c4a90bb-01a6-4949-8a48-280469811e96.jpg/250x188.webp https://prod.pictures.autoscout24.net/listing-images/22f4fabf-aa09-4240-a1ed-88a513313ca0_74cf8c99-bff9-40b9-ab45-632c58a8ff32.jpg/250x188.webp https://prod.pictures.autoscout24.net/listing-images/22f4fabf-aa09-4240-a1ed-88a513313ca0_73cf5bb1-86fe-4b8e-a1ca-339a6533dcb1.jpg/250x188.webp https://prod.pictures.autoscout24.net/listing-images/22f4fabf-aa09-4240-a1ed-88a513313ca0_d54d1f77-dd0a-45e6-b04b-118c7b5b666e.jpg/250x188.webp https://prod.pictures.autoscout24.net/listing-images/22f4fabf-aa09-4240-a1ed-88a513313ca0_4e821221-5a5f-433f-833b-7b7f96772317.jpg/250x188.webp https://prod.pictures.autoscout24.net/listing-images/22f4fabf-aa09-4240-a1ed-88a513313ca0_089cd116-8590-40a4-88de-7ca733e5f60e.jpg/250x188.webp https://prod.pictures.autoscout24.net/listing-images/22f4fabf-aa09-4240-a1ed-88a513313ca0_8e9672d7-07a8-4d53-b579-18e59b977cf3.jpg/250x188.webp https://prod.pictures.autoscout24.net/listing-images/22f4fabf-aa09-4240-a1ed-88a513313ca0_12ce7411-145c-41ab-b1d6-7f9fbd5e8534.jpg/250x188.webp https://prod.pictures.autoscout24.net/listing-images/22f4fabf-aa09-4240-a1ed-88a513313ca0_fdd44635-2f0a-406c-a39e-86de74edd16f.jpg/250x188.webp https://prod.pictures.autoscout24.net/listing-images/22f4fabf-aa09-4240-a1ed-88a513313ca0_43e3bb30-1117-43d1-8afa-4ea9cfa810ac.jpg/250x188.webp https://prod.pictures.autoscout24.net/listing-images/22f4fabf-aa09-4240-a1ed-88a513313ca0_dfbbfe57-4e7e-453e-b4e3-0d88f404af9c.jpg/250x188.webp https://prod.pictures.autoscout24.net/listing-images/22f4fabf-aa09-4240-a1ed-88a513313ca0_bd92de2e-af97-437e-9cb9-d85fd189af4a.jpg/250x188.webp https://prod.pictures.autoscout24.net/listing-images/22f4fabf-aa09-4240-a1ed-88a513313ca0_f5ac00e8-e19c-4d89-80d4-da4071a4be66.jpg/250x188.webp,124.54964130122502,15632
af9ce2b4-1a43-4e0f-9411-9a4b66c34ed7,Land Rover,Range Rover Sport,2.7 TdV6 24v HSE,PrivateSeller,9000,d,282150,10-2009,3700,https://prod.pictures.autoscout24.net/listing-images/af9ce2b4-1a43-4e0f-9411-9a4b66c34ed7_e38e4a6f-53c6-4f22-a765-c05ca1993e10.jpg/250x188.webp https://prod.pictures.autoscout24.net/listing-images/af9ce2b4-1a43-4e0f-9411-9a4b66c34ed7_c09c7eab-048d-4df8-82af-dd234f6e7794.jpg/250x188.webp https://prod.pictures.autoscout24.net/listing-images/af9ce2b4-1a43-4e0f-9411-9a4b66c34ed7_527d2530-18b3-49d3-a735-307cef881902.jpg/250x188.webp https://prod.pictures.autoscout24.net/listing-images/af9ce2b4-1a43-4e0f-9411-9a4b66c34ed7_0bf81f8c-b49d-4d6c-9bc8-1290f65a9012.jpg/250x188.webp https://prod.pictures.autoscout24.net/listing-images/af9ce2b4-1a43-4e0f-9411-9a4b66c34ed7_7e96dddd-6810-4640-a0ab-049f9559e0b4.jpg/250x188.webp https://prod.pictures.autoscout24.net/listing-images/af9ce2b4-1a43-4e0f-9411-9a4b66c34ed7_cfa834f7-2aeb-40c8-afa4-7c9321c844bd.jpg/250x188.webp https://prod.pictures.autoscout24.net/listing-images/af9ce2b4-1a43-4e0f-9411-9a4b66c34ed7_bc8d6480-b9b3-4593-8e57-155c4085d910.jpg/250x188.webp https://prod.pictures.autoscout24.net/listing-images/af9ce2b4-1a43-4e0f-9411-9a4b66c34ed7_cfdb32d2-bd11-41c9-85bb-0fcef11b2c5d.jpg/250x188.webp https://prod.pictures.autoscout24.net/listing-images/af9ce2b4-1a43-4e0f-9411-9a4b66c34ed7_61cb81de-b66a-4b4c-8813-c11948fd03b1.jpg/250x188.webp https://prod.pictures.autoscout24.net/listing-images/af9ce2b4-1a43-4e0f-9411-9a4b66c34ed7_fbd547ef-29af-4dcc-87fb-1c8afef418d2.jpg/250x188.webp,103.11033326257076,4826
fb3af39c-c138-4d75-985d-528f20b2d499,Land Rover,Range Rover,4.6i HSE,PrivateSeller,9000,b,139000,10-1996,5600,https://prod.pictures.autoscout24.net/listing-images/fb3af39c-c138-4d75-985d-528f20b2d499_48574d80-091d-48f6-bf17-fb241d4b4e53.jpg/250x188.webp https://prod.pictures.autoscout24.net/listing-images/fb3af39c-c138-4d75-985d-528f20b2d499_5e152223-0735-4751-a746-744522c37d50.jpg/250x188.webp https://prod.pictures.autoscout24.net/listing-images/fb3af39c-c138-4d75-985d-528f20b2d499_9ec61a3b-18fe-450a-a4f0-36b48d7eb5cf.jpg/250x188.webp,141.55185821596254,9574
f28488ba-b054-4b1b-8414-4abfc6ae86f5,Land Rover,Discovery Sport,2.0 TD4 HSE Luxury + EURO 6b + PROBLÈME MOTEUR,Dealer,9500,d,160000,05-2017,1410,https://prod.pictures.autoscout24.net/listing-images/f28488ba-b054-4b1b-8414-4abfc6ae86f5_817001a0-864d-4633-aa5e-e0ef28d99d64.jpg/250x188.webp https://prod.pictures.autoscout24.net/listing-images/f28488ba-b054-4b1b-8414-4abfc6ae86f5_7348906f-735c-4b40-9809-06082197f8f9.jpg/250x188.webp https://prod.pictures.autoscout24.net/listing-images/f28488ba-b054-4b1b-8414-4abfc6ae86f5_1aadc40e-48df-4852-8d46-05ed8ae2c9f4.jpg/250x188.webp https://prod.pictures.autoscout24.net/listing-images/f28488ba-b054-4b1b-8414-4abfc6ae86f5_df1ea34a-0abd-4ce9-b9c4-d12789997d54.jpg/250x188.webp https://prod.pictures.autoscout24.net/listing-images/f28488ba-b054-4b1b-8414-4abfc6ae86f5_f473cac2-67da-4695-a224-6e5368b02a26.jpg/250x188.webp https://prod.pictures.autoscout24.net/listing-images/f28488ba-b054-4b1b-8414-4abfc6ae86f5_1db14198-c9f6-4dc8-949a-42a2b29e5e4f.jpg/250x188.webp https://prod.pictures.autoscout24.net/listing-images/f28488ba-b054-4b1b-8414-4abfc6ae86f5_27df82a1-a55f-4f3a-bb36-0a9e6f7daf55.jpg/250x188.webp https://prod.pictures.autoscout24.net/listing-images/f28488ba-b054-4b1b-8414-4abfc6ae86f5_67a60338-42dc-4ae9-98dc-aba2481bcc3a.jpg/250x188.webp https://prod.pictures.autoscout24.net/listing-images/f28488ba-b054-4b1b-8414-4abfc6ae86f5_febc7182-3b35-445a-876c-1ad6a432b905.jpg/250x188.webp https://prod.pictures.autoscout24.net/listing-images/f28488ba-b054-4b1b-8414-4abfc6ae86f5_6e01203f-8a64-4d0e-9ebe-7bde943974a8.jpg/250x188.webp,83.89428081314767,2057
87bcb722-0117-4014-8785-737ca78f1cd5,Land Rover,Discovery Sport,2.0 TD4 E-Capability HSE  *** problme moteur ***,Dealer,9500,d,146000,06-2016,4000,https://prod.pictures.autoscout24.net/listing-images/87bcb722-0117-4014-8785-737ca78f1cd5_ebaca184-d960-40e4-ab99-4b979be157dc.jpg/250x188.webp https://prod.pictures.autoscout24.net/listing-images/87bcb722-0117-4014-8785-737ca78f1cd5_6c90b1c6-c046-4079-8600-6de1c64ea611.jpg/250x188.webp https://prod.pictures.autoscout24.net/listing-images/87bcb722-0117-4014-8785-737ca78f1cd5_8e28e028-8eba-415b-a0d5-bf64fd2ef3d5.jpg/250x188.webp https://prod.pictures.autoscout24.net/listing-images/87bcb722-0117-4014-8785-737ca78f1cd5_2101f8ad-1f39-4902-893f-c8a39284f63d.jpg/250x188.webp https://prod.pictures.autoscout24.net/listing-images/87bcb722-0117-4014-8785-737ca78f1cd5_1d730e66-0f9e-45d6-8ca8-ffac39535a7d.jpg/250x188.webp https://prod.pictures.autoscout24.net/listing-images/87bcb722-0117-4014-8785-737ca78f1cd5_00e94ca5-6da9-4dd0-b437-8290286a2c01.jpg/250x188.webp https://prod.pictures.autoscout24.net/listing-images/87bcb722-0117-4014-8785-737ca78f1cd5_c72797e9-ecee-439f-949d-25dc7887abab.jpg/250x188.webp https://prod.pictures.autoscout24.net/listing-images/87bcb722-0117-4014-8785-737ca78f1cd5_00207550-6b62-408e-81f7-d23cd7c5fada.jpg/250x188.webp https://prod.pictures.autoscout24.net/listing-images/87bcb722-0117-4014-8785-737ca78f1cd5_cbf5dca3-d440-4179-ad5f-6f5af36ffab7.jpg/250x188.webp,118.53949006185148,2391
d291a24a-6613-4d51-8454-a7117f34d12f,Land Rover,Freelander,2.2 Td4 E,PrivateSeller,9500,d,99061,05-2010,2540,https://prod.pictures.autoscout24.net/listing-images/d291a24a-6613-4d51-8454-a7117f34d12f_9b91f551-d8da-4925-a10d-63ecbfbb70de.jpg/250x188.webp https://prod.pictures.autoscout24.net/listing-images/d291a24a-6613-4d51-8454-a7117f34d12f_82d5da25-7ec8-4d08-a3e2-0539b1251850.jpg/250x188.webp https://prod.pictures.autoscout24.net/listing-images/d291a24a-6613-4d51-8454-a7117f34d12f_45dc47ae-9401-43d1-ac55-93acba661289.jpg/250x188.webp https://prod.pictures.autoscout24.net/listing-images/d291a24a-6613-4d51-8454-a7117f34d12f_b432cefe-7e36-48f6-848b-963ae7193608.jpg/250x188.webp https://prod.pictures.autoscout24.net/listing-images/d291a24a-6613-4d51-8454-a7117f34d12f_f89c6db6-6726-4f5a-98d8-d67febf558b6.jpg/250x188.webp https://prod.pictures.autoscout24.net/listing-images/d291a24a-6613-4d51-8454-a7117f34d12f_33f18631-93f8-4db6-86b6-fd349a06a666.jpg/250x188.webp https://prod.pictures.autoscout24.net/listing-images/d291a24a-6613-4d51-8454-a7117f34d12f_ed9e72bc-32e9-49a6-b2b7-e5d253311950.jpg/250x188.webp https://prod.pictures.autoscout24.net/listing-images/d291a24a-6613-4d51-8454-a7117f34d12f_f7e2c599-051b-40d9-b632-d7052405949c.jpg/250x188.webp https://prod.pictures.autoscout24.net/listing-images/d291a24a-6613-4d51-8454-a7117f34d12f_ec5e1e4c-22a2-4c8a-88bc-d76c99b3dd09.jpg/250x188.webp https://prod.pictures.autoscout24.net/listing-images/d291a24a-6613-4d51-8454-a7117f34d12f_87757894-f356-4cc3-ae4d-3601e4cafcb8.jpg/250x188.webp https://prod.pictures.autoscout24.net/listing-images/d291a24a-6613-4d51-8454-a7117f34d12f_fb42ab7e-8378-4a5d-bbd1-2981ad5a50a6.jpg/250x188.webp https://prod.pictures.autoscout24.net/listing-images/d291a24a-6613-4d51-8454-a7117f34d12f_cc8df7fd-09ca-435a-81d3-a4444c1a3d2d.jpg/250x188.webp https://prod.pictures.autoscout24.net/listing-images/d291a24a-6613-4d51-8454-a7117f34d12f_82f24f2c-1443-4f1a-9b80-816cde16f793.jpg/250x188.webp https://prod.pictures.autoscout24.net/listing-images/d291a24a-6613-4d51-8454-a7117f34d12f_3be1e035-68d9-48c9-b99a-74361fdf0e50.jpg/250x188.webp https://prod.pictures.autoscout24.net/listing-images/d291a24a-6613-4d51-8454-a7117f34d12f_2e4953fc-6ccf-462f-a80b-fea5443204b0.jpg/250x188.webp https://prod.pictures.autoscout24.net/listing-images/d291a24a-6613-4d51-8454-a7117f34d12f_4275b5f3-bc74-41f2-af5c-9d489e5f6a1e.jpg/250x188.webp https://prod.pictures.autoscout24.net/listing-images/d291a24a-6613-4d51-8454-a7117f34d12f_f563054d-9d5e-4ed1-b106-997282b4cb5f.jpg/250x188.webp https://prod.pictures.autoscout24.net/listing-images/d291a24a-6613-4d51-8454-a7117f34d12f_6a7fe79c-75e5-44f5-8409-8e9f3d651a5e.jpg/250x188.webp,34.848739562832755,4614
f0ca2bc1-5e48-4bf5-95cd-8d9e1fb1ab13,Land Rover,Range Rover Sport,2.7 TdV6 24v HSE,PrivateSeller,9500,d,295000,11-2009,6060,https://prod.pictures.autoscout24.net/listing-images/f0ca2bc1-5e48-4bf5-95cd-8d9e1fb1ab13_a28a7618-5c5c-4390-91a2-5e945ede1666.jpg/250x188.webp https://prod.pictures.autoscout24.net/listing-images/f0ca2bc1-5e48-4bf5-95cd-8d9e1fb1ab13_3bb6836c-71c7-4307-abd7-ca1ca1cba748.jpg/250x188.webp https://prod.pictures.autoscout24.net/listing-images/f0ca2bc1-5e48-4bf5-95cd-8d9e1fb1ab13_5185e7f1-c5ae-4ea8-b251-6c844f764c25.jpg/250x188.webp https://prod.pictures.autoscout24.net/listing-images/f0ca2bc1-5e48-4bf5-95cd-8d9e1fb1ab13_de434c2c-753c-4389-ac2d-4e3954cf0c0c.jpg/250x188.webp https://prod.pictures.autoscout24.net/listing-images/f0ca2bc1-5e48-4bf5-95cd-8d9e1fb1ab13_c5181680-4668-4bf2-9374-8f3bfb821ee9.jpg/250x188.webp https://prod.pictures.autoscout24.net/listing-images/f0ca2bc1-5e48-4bf5-95cd-8d9e1fb1ab13_3c6a0f35-40aa-453b-93de-b3bada73fc62.jpg/250x188.webp https://prod.pictures.autoscout24.net/listing-images/f0ca2bc1-5e48-4bf5-95cd-8d9e1fb1ab13_4c20630b-fa7b-447f-8984-0018044790d4.jpg/250x188.webp https://prod.pictures.autoscout24.net/listing-images/f0ca2bc1-5e48-4bf5-95cd-8d9e1fb1ab13_4b119555-3efe-4aba-a01f-956d91b4e095.jpg/250x188.webp https://prod.pictures.autoscout24.net/listing-images/f0ca2bc1-5e48-4bf5-95cd-8d9e1fb1ab13_804ab872-828a-4e53-9a44-60a7d2bfae14.jpg/250x188.webp https://prod.pictures.autoscout24.net/listing-images/f0ca2bc1-5e48-4bf5-95cd-8d9e1fb1ab13_cce9bdf0-8861-4787-b677-7c8fd1ac9fbd.jpg/250x188.webp https://prod.pictures.autoscout24.net/listing-images/f0ca2bc1-5e48-4bf5-95cd-8d9e1fb1ab13_1d0a5ecd-9459-4d3a-893c-620e0c97dc75.jpg/250x188.webp,116.023023143389,4795
3b4bfafd-0b89-4f8b-ab1c-5ce90d9a905a,Land Rover,Discovery,Td5 HSE lichte vracht,PrivateSeller,9500,d,220000,08-2003,2980,https://prod.pictures.autoscout24.net/listing-images/3b4bfafd-0b89-4f8b-ab1c-5ce90d9a905a_a638e444-f0c9-4b3e-bc2a-3ba111ffa659.jpg/250x188.webp https://prod.pictures.autoscout24.net/listing-images/3b4bfafd-0b89-4f8b-ab1c-5ce90d9a905a_51129c85-e77a-4ee8-b52f-f809ea5f3603.jpg/250x188.webp https://prod.pictures.autoscout24.net/listing-images/3b4bfafd-0b89-4f8b-ab1c-5ce90d9a905a_df7068a5-4335-408a-a361-def603d5fcb0.jpg/250x188.webp https://prod.pictures.autoscout24.net/listing-images/3b4bfafd-0b89-4f8b-ab1c-5ce90d9a905a_4a9e3f6f-a271-403f-b754-218bf99a5d5b.jpg/250x188.webp https://prod.pictures.autoscout24.net/listing-images/3b4bfafd-0b89-4f8b-ab1c-5ce90d9a905a_1ebcd98c-eb44-4538-b62b-b241f80cf41a.jpg/250x188.webp https://prod.pictures.autoscout24.net/listing-images/3b4bfafd-0b89-4f8b-ab1c-5ce90d9a905a_3874e9ba-5437-474a-b231-f9cf7b3ceb30.jpg/250x188.webp,26.521830769361618,7079
0570f11b-91ca-43c6-ad65-98f88342d43d,Land Rover,Series,Land Rover 88 pick up,PrivateSeller,9500,d,27500,01-1975,1404,https://prod.pictures.autoscout24.net/listing-images/0570f11b-91ca-43c6-ad65-98f88342d43d_8b77130d-46ac-4cfb-a996-0afc2e8f1fa6.jpg/250x188.webp https://prod.pictures.autoscout24.net/listing-images/0570f11b-91ca-43c6-ad65-98f88342d43d_084e4364-dfb9-4515-a0f5-d518b0977973.jpg/250x188.webp https://prod.pictures.autoscout24.net/listing-images/0570f11b-91ca-43c6-ad65-98f88342d43d_d9ff52dc-fd93-48ba-8c9c-de2a8c3e39ee.jpg/250x188.webp https://prod.pictures.autoscout24.net/listing-images/0570f11b-91ca-43c6-ad65-98f88342d43d_996fa609-88a6-4feb-b998-1caf0d6eb570.jpg/250x188.webp https://prod.pictures.autoscout24.net/listing-images/0570f11b-91ca-43c6-ad65-98f88342d43d_469a9567-7998-4317-87c1-3665b7d3f33e.jpg/250x188.webp https://prod.pictures.autoscout24.net/listing-images/0570f11b-91ca-43c6-ad65-98f88342d43d_668c14a0-88fc-4823-9098-9470043b07a1.jpg/250x188.webp https://prod.pictures.autoscout24.net/listing-images/0570f11b-91ca-43c6-ad65-98f88342d43d_63e7ef8c-7c83-4ef8-ba37-b5b06ee916e2.jpg/250x188.webp https://prod.pictures.autoscout24.net/listing-images/0570f11b-91ca-43c6-ad65-98f88342d43d_ad81183f-3cda-470e-a291-dc7a955694ec.jpg/250x188.webp,97.23107364921599,17518
92f3f25c-be82-40ed-ac67-bf223734548e,Land Rover,Range Rover,TDV8 Vogue full-option lichtevracht,PrivateSeller,9922,d,298000,03-2007,2110,https://prod.pictures.autoscout24.net/listing-images/92f3f25c-be82-40ed-ac67-bf223734548e_0395f741-9240-47d5-9849-aef7e910f017.jpg/250x188.webp https://prod.pictures.autoscout24.net/listing-images/92f3f25c-be82-40ed-ac67-bf223734548e_67a192f5-415a-4cfd-a333-294491f3f716.jpg/250x188.webp https://prod.pictures.autoscout24.net/listing-images/92f3f25c-be82-40ed-ac67-bf223734548e_d955b8c5-00de-4b67-8508-49e501387ac6.jpg/250x188.webp https://prod.pictures.autoscout24.net/listing-images/92f3f25c-be82-40ed-ac67-bf223734548e_34e832de-6fa8-406d-a82d-9b5457529cee.jpg/250x188.webp https://prod.pictures.autoscout24.net/listing-images/92f3f25c-be82-40ed-ac67-bf223734548e_497dd950-e443-4e99-8211-8e3facf6a2db.jpg/250x188.webp https://prod.pictures.autoscout24.net/listing-images/92f3f25c-be82-40ed-ac67-bf223734548e_bd36f27f-77b6-4780-886e-6cad0e3860ea.jpg/250x188.webp https://prod.pictures.autoscout24.net/listing-images/92f3f25c-be82-40ed-ac67-bf223734548e_94b1d72c-843c-437f-876f-b97653012fc9.jpg/250x188.webp https://prod.pictures.autoscout24.net/listing-images/92f3f25c-be82-40ed-ac67-bf223734548e_cb0de6b1-92c4-4b17-8856-9f737e7b2df7.jpg/250x188.webp https://prod.pictures.autoscout24.net/listing-images/92f3f25c-be82-40ed-ac67-bf223734548e_6b66e960-ff4f-453b-a2af-4528fc1a9f21.jpg/250x188.webp https://prod.pictures.autoscout24.net/listing-images/92f3f25c-be82-40ed-ac67-bf223734548e_67a74f35-50bf-4866-9d77-460bf6bc0be2.jpg/250x188.webp https://prod.pictures.autoscout24.net/listing-images/92f3f25c-be82-40ed-ac67-bf223734548e_3b2e99ca-0c3a-4162-a1d8-4eeb6c78762f.jpg/250x188.webp https://prod.pictures.autoscout24.net/listing-images/92f3f25c-be82-40ed-ac67-bf223734548e_1577f375-d311-432a-9ca9-bb6017c5afc3.jpg/250x188.webp https://prod.pictures.autoscout24.net/listing-images/92f3f25c-be82-40ed-ac67-bf223734548e_c8691538-d65f-4042-8776-2401844b2eaf.jpg/250x188.webp https://prod.pictures.autoscout24.net/listing-images/92f3f25c-be82-40ed-ac67-bf223734548e_dd6b3624-6e80-4ef0-b391-858cbad40932.jpg/250x188.webp https://prod.pictures.autoscout24.net/listing-images/92f3f25c-be82-40ed-ac67-bf223734548e_67a7cd11-fdec-4628-8a1e-3cfcbac0f01b.jpg/250x188.webp https://prod.pictures.autoscout24.net/listing-images/92f3f25c-be82-40ed-ac67-bf223734548e_1a658bec-c472-49c4-90aa-eb02b2446dd9.jpg/250x188.webp https://prod.pictures.autoscout24.net/listing-images/92f3f25c-be82-40ed-ac67-bf223734548e_bf94e585-dd3c-4f65-a7a5-61b14d3d1822.jpg/250x188.webp https://prod.pictures.autoscout24.net/listing-images/92f3f25c-be82-40ed-ac67-bf223734548e_024fb95b-5628-46cb-b473-daef53373b1a.jpg/250x188.webp https://prod.pictures.autoscout24.net/listing-images/92f3f25c-be82-40ed-ac67-bf223734548e_8e1af131-ea97-44c4-a3b8-51b7f59131ec.jpg/250x188.webp https://prod.pictures.autoscout24.net/listing-images/92f3f25c-be82-40ed-ac67-bf223734548e_b3d57d8a-a570-45ed-abce-4ee924beb0c7.jpg/250x188.webp https://prod.pictures.autoscout24.net/listing-images/92f3f25c-be82-40ed-ac67-bf223734548e_9f596635-2b7f-4cdd-8eb7-a5b3440641cf.jpg/250x188.webp https://prod.pictures.autoscout24.net/listing-images/92f3f25c-be82-40ed-ac67-bf223734548e_cf3670ac-ebf8-4f79-9959-577e104683ad.jpg/250x188.webp https://prod.pictures.autoscout24.net/listing-images/92f3f25c-be82-40ed-ac67-bf223734548e_81a88653-df82-43a3-9e31-88679180b4e5.jpg/250x188.webp https://prod.pictures.autoscout24.net/listing-images/92f3f25c-be82-40ed-ac67-bf223734548e_fb8553fe-ae5d-4f52-a88f-11f8940ecd4c.jpg/250x188.webp https://prod.pictures.autoscout24.net/listing-images/92f3f25c-be82-40ed-ac67-bf223734548e_0af3b3a2-f3ec-4bb4-8f4e-c417714fa193.jpg/250x188.webp https://prod.pictures.autoscout24.net/listing-images/92f3f25c-be82-40ed-ac67-bf223734548e_4f124f87-1b2b-4b37-ac52-1cfeb39bc7bd.jpg/250x188.webp,26.910904850539477,5771
cf613899-9290-4dc8-8e2d-1296be29d956,Land Rover,Freelander,2.2 ed4 SE / boite automatique / etat neuf /,Dealer,9950,d,147000,11-2011,6020,https://prod.pictures.autoscout24.net/listing-images/cf613899-9290-4dc8-8e2d-1296be29d956_46d71cf0-76a8-48c2-915d-97eea80d289a.jpg/250x188.webp https://prod.pictures.autoscout24.net/listing-images/cf613899-9290-4dc8-8e2d-1296be29d956_7096c8c4-0fff-4a6f-8e3c-43e9b765ca6b.jpg/250x188.webp https://prod.pictures.autoscout24.net/listing-images/cf613899-9290-4dc8-8e2d-1296be29d956_2ba33ea3-122d-444c-9811-ec9b45c83e75.jpg/250x188.webp https://prod.pictures.autoscout24.net/listing-images/cf613899-9290-4dc8-8e2d-1296be29d956_59ae0d7d-7b68-4dd9-b718-73ce614a2659.jpg/250x188.webp https://prod.pictures.autoscout24.net/listing-images/cf613899-9290-4dc8-8e2d-1296be29d956_4bf266da-63d3-46c6-ac23-55e3137696a6.jpg/250x188.webp https://prod.pictures.autoscout24.net/listing-images/cf613899-9290-4dc8-8e2d-1296be29d956_d2a696e6-d1c6-453b-970e-273d94aa1cbe.jpg/250x188.webp https://prod.pictures.autoscout24.net/listing-images/cf613899-9290-4dc8-8e2d-1296be29d956_c704fa64-140f-48a4-80ee-48ec91f069e9.jpg/250x188.webp https://prod.pictures.autoscout24.net/listing-images/cf613899-9290-4dc8-8e2d-1296be29d956_40e0a7b9-b75e-4a3b-bb00-c4bc0b24e094.jpg/250x188.webp https://prod.pictures.autoscout24.net/listing-images/cf613899-9290-4dc8-8e2d-1296be29d956_4b349fde-c9e9-4dbe-adf5-07a03203bc0e.jpg/250x188.webp https://prod.pictures.autoscout24.net/listing-images/cf613899-9290-4dc8-8e2d-1296be29d956_9cb684d6-1503-4400-b214-3611646c3793.jpg/250x188.webp https://prod.pictures.autoscout24.net/listing-images/cf613899-9290-4dc8-8e2d-1296be29d956_2c4cd9f2-ae8f-404c-aca1-c9752ddbf51d.jpg/250x188.webp https://prod.pictures.autoscout24.net/listing-images/cf613899-9290-4dc8-8e2d-1296be29d956_6d4fc877-77d8-4d0b-976c-d74691250e63.jpg/250x188.webp,116.87427855072593,4065
38434023-32cd-4cbe-be00-13124e90a2c2,Land Rover,Freelander,face lieft !! boîte automatique,Dealer,9950,d,230000,03-2013,3080,https://prod.pictures.autoscout24.net/listing-images/38434023-32cd-4cbe-be00-13124e90a2c2_c5d8a275-955e-4dda-99b8-68dcb325b93e.jpg/250x188.webp https://prod.pictures.autoscout24.net/listing-images/38434023-32cd-4cbe-be00-13124e90a2c2_f4956257-24f1-450e-96ea-cf48a138008d.jpg/250x188.webp https://prod.pictures.autoscout24.net/listing-images/38434023-32cd-4cbe-be00-13124e90a2c2_123de6e7-39ff-475f-a370-7df3a4ff838a.jpg/250x188.webp https://prod.pictures.autoscout24.net/listing-images/38434023-32cd-4cbe-be00-13124e90a2c2_596c102c-2a1b-4d4a-95f6-092079fb6923.jpg/250x188.webp https://prod.pictures.autoscout24.net/listing-images/38434023-32cd-4cbe-be00-13124e90a2c2_28c73601-d6bc-42fb-8df4-44858174caf3.jpg/250x188.webp https://prod.pictures.autoscout24.net/listing-images/38434023-32cd-4cbe-be00-13124e90a2c2_4282d0ee-df10-4848-bd50-eb0d1a4a2521.jpg/250x188.webp https://prod.pictures.autoscout24.net/listing-images/38434023-32cd-4cbe-be00-13124e90a2c2_86402c83-fc24-4c07-9266-6e9805ddd5df.jpg/250x188.webp https://prod.pictures.autoscout24.net/listing-images/38434023-32cd-4cbe-be00-13124e90a2c2_58706a7d-04f2-42b0-9bdc-a46082383426.jpg/250x188.webp https://prod.pictures.autoscout24.net/listing-images/38434023-32cd-4cbe-be00-13124e90a2c2_e4839fb4-7586-436e-a372-e150fe069245.jpg/250x188.webp https://prod.pictures.autoscout24.net/listing-images/38434023-32cd-4cbe-be00-13124e90a2c2_62406544-6c66-4847-974c-9225a91cddc7.jpg/250x188.webp https://prod.pictures.autoscout24.net/listing-images/38434023-32cd-4cbe-be00-13124e90a2c2_b0ae1c2b-81f0-4524-94be-c8abf0a89d51.jpg/250x188.webp https://prod.pictures.autoscout24.net/listing-images/38434023-32cd-4cbe-be00-13124e90a2c2_5c955471-c46c-4bca-b763-c2c77fe88e16.jpg/250x188.webp https://prod.pictures.autoscout24.net/listing-images/38434023-32cd-4cbe-be00-13124e90a2c2_7a0c5c5f-adca-411f-b9d5-f20b4329665d.jpg/250x188.webp https://prod.pictures.autoscout24.net/listing-images/38434023-32cd-4cbe-be00-13124e90a2c2_455baf6b-2cf6-4d05-aeec-2d9cd2b84b0a.jpg/250x188.webp,71.81912493945508,3579
718962be-b341-41d0-80fe-ba639b1563c1,Land Rover,Freelander,2.2 TD4 S 4WD Dynamic Lichte Vracht,Dealer,9950,d,98000,02-2013,9160,https://prod.pictures.autoscout24.net/listing-images/718962be-b341-41d0-80fe-ba639b1563c1_29195916-17b6-4e2c-b91d-f32e1624f39b.jpg/250x188.webp https://prod.pictures.autoscout24.net/listing-images/718962be-b341-41d0-80fe-ba639b1563c1_5a0d3553-0455-459d-9037-ca043005e393.jpg/250x188.webp https://prod.pictures.autoscout24.net/listing-images/718962be-b341-41d0-80fe-ba639b1563c1_d771a489-4ab5-4182-8fe6-4ddf3db4d5af.jpg/250x188.webp https://prod.pictures.autoscout24.net/listing-images/718962be-b341-41d0-80fe-ba639b1563c1_dae797f2-4d57-4ac2-b268-8086f5a0c907.jpg/250x188.webp https://prod.pictures.autoscout24.net/listing-images/718962be-b341-41d0-80fe-ba639b1563c1_d4975431-3476-4796-8cc3-2ad754f00f96.jpg/250x188.webp https://prod.pictures.autoscout24.net/listing-images/718962be-b341-41d0-80fe-ba639b1563c1_10269010-615a-481a-a333-3d757819406e.jpg/250x188.webp https://prod.pictures.autoscout24.net/listing-images/718962be-b341-41d0-80fe-ba639b1563c1_e341a83f-167d-41ac-af02-e0c49202e07f.jpg/250x188.webp https://prod.pictures.autoscout24.net/listing-images/718962be-b341-41d0-80fe-ba639b1563c1_9f8aa873-0147-4a7f-a2a5-b53596c9f3f6.jpg/250x188.webp https://prod.pictures.autoscout24.net/listing-images/718962be-b341-41d0-80fe-ba639b1563c1_5ca88745-dce3-44b3-bac2-e4e246e83f80.jpg/250x188.webp https://prod.pictures.autoscout24.net/listing-images/718962be-b341-41d0-80fe-ba639b1563c1_f11f975d-f094-4d11-9bf2-983d470f3fe1.jpg/250x188.webp https://prod.pictures.autoscout24.net/listing-images/718962be-b341-41d0-80fe-ba639b1563c1_c261f270-3c32-4676-a6ed-05c8b38bcbf1.jpg/250x188.webp https://prod.pictures.autoscout24.net/listing-images/718962be-b341-41d0-80fe-ba639b1563c1_18e9ea65-5c9c-4795-b3a5-dc7e605bd68f.jpg/250x188.webp https://prod.pictures.autoscout24.net/listing-images/718962be-b341-41d0-80fe-ba639b1563c1_db0f6b1f-5187-4ff4-9d00-9a71a28345af.jpg/250x188.webp https://prod.pictures.autoscout24.net/listing-images/718962be-b341-41d0-80fe-ba639b1563c1_e28b6ae1-d75e-409d-907f-a1d6a8ed19ed.jpg/250x188.webp,52.83263590517851,3607
5f1268d2-0909-405b-8bf7-c2c9c02d9441,Land Rover,Freelander,2.2 Td4 S*BOIT-AUTO*CUIR*GPS*AIRCO*GARANTIE 12M**,Dealer,9950,d,147000,09-2008,4170,https://prod.pictures.autoscout24.net/listing-images/5f1268d2-0909-405b-8bf7-c2c9c02d9441_74c2c8f1-4bc0-4a19-a976-e2c53a1922ca.jpg/250x188.webp https://prod.pictures.autoscout24.net/listing-images/5f1268d2-0909-405b-8bf7-c2c9c02d9441_31b18a78-9c41-4374-a2f0-5ee4ce581bdd.jpg/250x188.webp https://prod.pictures.autoscout24.net/listing-images/5f1268d2-0909-405b-8bf7-c2c9c02d9441_42bfb9d0-6ea6-4c36-b3b8-13faf2505911.jpg/250x188.webp https://prod.pictures.autoscout24.net/listing-images/5f1268d2-0909-405b-8bf7-c2c9c02d9441_d198a636-a1c1-4406-afad-1996c7c6aae7.jpg/250x188.webp https://prod.pictures.autoscout24.net/listing-images/5f1268d2-0909-405b-8bf7-c2c9c02d9441_3873edb4-a04c-4eb7-a8a6-bf02200b25d5.jpg/250x188.webp https://prod.pictures.autoscout24.net/listing-images/5f1268d2-0909-405b-8bf7-c2c9c02d9441_6791b69b-3a9d-4cd0-abb7-b07649bde2fe.jpg/250x188.webp https://prod.pictures.autoscout24.net/listing-images/5f1268d2-0909-405b-8bf7-c2c9c02d9441_ebd1abe8-9da4-41e3-9fac-822a9e879524.jpg/250x188.webp https://prod.pictures.autoscout24.net/listing-images/5f1268d2-0909-405b-8bf7-c2c9c02d9441_b17e2b1c-019d-4ca5-b3a3-8bd5e909dbe4.jpg/250x188.webp https://prod.pictures.autoscout24.net/listing-images/5f1268d2-0909-405b-8bf7-c2c9c02d9441_5bf22b0c-d79a-458b-8fa6-27b02b8b9001.jpg/250x188.webp https://prod.pictures.autoscout24.net/listing-images/5f1268d2-0909-405b-8bf7-c2c9c02d9441_e72a18d1-7e06-471b-bd11-cd7fb72ebfe4.jpg/250x188.webp https://prod.pictures.autoscout24.net/listing-images/5f1268d2-0909-405b-8bf7-c2c9c02d9441_505e4c45-43c4-4d20-99dc-f361feea36ba.jpg/250x188.webp https://prod.pictures.autoscout24.net/listing-images/5f1268d2-0909-405b-8bf7-c2c9c02d9441_38121d83-60d5-4751-be10-4ac0fef3d4bf.jpg/250x188.webp https://prod.pictures.autoscout24.net/listing-images/5f1268d2-0909-405b-8bf7-c2c9c02d9441_6b1c0e7d-3b21-4437-8854-17433f68c463.jpg/250x188.webp https://prod.pictures.autoscout24.net/listing-images/5f1268d2-0909-405b-8bf7-c2c9c02d9441_9fe86691-30da-444b-b6ca-464a9b43413c.jpg/250x188.webp https://prod.pictures.autoscout24.net/listing-images/5f1268d2-0909-405b-8bf7-c2c9c02d9441_52f527cf-d56f-4535-982f-4cd9c66efa36.jpg/250x188.webp https://prod.pictures.autoscout24.net/listing-images/5f1268d2-0909-405b-8bf7-c2c9c02d9441_de4850b9-05ce-4dab-99cd-d53beaa5aa60.jpg/250x188.webp https://prod.pictures.autoscout24.net/listing-images/5f1268d2-0909-405b-8bf7-c2c9c02d9441_4bc04a48-f8a9-4639-ae09-9ea80a2a5a0d.jpg/250x188.webp https://prod.pictures.autoscout24.net/listing-images/5f1268d2-0909-405b-8bf7-c2c9c02d9441_6b0b0ed2-3952-4e87-86a2-625730596da0.jpg/250x188.webp https://prod.pictures.autoscout24.net/listing-images/5f1268d2-0909-405b-8bf7-c2c9c02d9441_1f33cb67-3099-4359-93b4-5c99817e41d4.jpg/250x188.webp https://prod.pictures.autoscout24.net/listing-images/5f1268d2-0909-405b-8bf7-c2c9c02d9441_284df62d-b50c-4120-975e-bfef8b7f7df1.jpg/250x188.webp https://prod.pictures.autoscout24.net/listing-images/5f1268d2-0909-405b-8bf7-c2c9c02d9441_8160d2e0-cf1f-4341-b0fb-d79f65ac716a.jpg/250x188.webp https://prod.pictures.autoscout24.net/listing-images/5f1268d2-0909-405b-8bf7-c2c9c02d9441_382287fa-7b1a-421d-a333-b6ff83f4ce7c.jpg/250x188.webp https://prod.pictures.autoscout24.net/listing-images/5f1268d2-0909-405b-8bf7-c2c9c02d9441_ff7413a9-d25f-43e0-802a-3af427741a83.jpg/250x188.webp https://prod.pictures.autoscout24.net/listing-images/5f1268d2-0909-405b-8bf7-c2c9c02d9441_9c37269b-215a-465c-acb4-bb68790b0a06.jpg/250x188.webp https://prod.pictures.autoscout24.net/listing-images/5f1268d2-0909-405b-8bf7-c2c9c02d9441_176491d2-7373-40c5-bf92-d50f7809781a.jpg/250x188.webp https://prod.pictures.autoscout24.net/listing-images/5f1268d2-0909-405b-8bf7-c2c9c02d9441_4cefa850-83d5-47a5-afb8-96adb2af38b8.jpg/250x188.webp,134.94834896628382,5221
207f3f67-f35e-42a6-989d-0ac21a9e976c,Land Rover,Range Rover,4.6 HSE,PrivateSeller,9999,b,151045,06-2001,5000,https://prod.pictures.autoscout24.net/listing-images/207f3f67-f35e-42a6-989d-0ac21a9e976c_e9a45c53-7de3-4102-9a01-5aa121ac23c3.jpg/250x188.webp https://prod.pictures.autoscout24.net/listing-images/207f3f67-f35e-42a6-989d-0ac21a9e976c_37acb3c9-06e8-4ebb-b688-c036ab55970d.jpg/250x188.webp https://prod.pictures.autoscout24.net/listing-images/207f3f67-f35e-42a6-989d-0ac21a9e976c_1e9de738-360d-4e1f-8925-0d98394b1cb8.jpg/250x188.webp https://prod.pictures.autoscout24.net/listing-images/207f3f67-f35e-42a6-989d-0ac21a9e976c_ee6b2557-e0e1-4dbc-87d7-67cb7192b332.jpg/250x188.webp https://prod.pictures.autoscout24.net/listing-images/207f3f67-f35e-42a6-989d-0ac21a9e976c_550cec7c-9d84-43ce-8b54-62e7ae75218d.jpg/250x188.webp,115.13665852422378,7870
