guid,make,model,version,seller-type,price,fuel-type,mileage,first-reg-date,zip-code,images,distance,reg-age
1dff7ecb-4721-410c-971e-d6704b1fcf28,Mazda,2,1.5L SKYACTIV-G SKYDRIVE A/T,Dealer,16990,b,45077,04-2023,2070,https://prod.pictures.autoscout24.net/listing-images/1dff7ecb-4721-410c-971e-d6704b1fcf28_a0165c5b-ec5e-4c50-aee1-3d4b8b436302.jpg/250x188.webp https://prod.pictures.autoscout24.net/listing-images/1dff7ecb-4721-410c-971e-d6704b1fcf28_bff3d229-e1d2-4dd8-8d67-137199770f2d.jpg/250x188.webp https://prod.pictures.autoscout24.net/listing-images/1dff7ecb-4721-410c-971e-d6704b1fcf28_58093899-629b-4bc8-ae51-778ba9ce9378.jpg/250x188.webp https://prod.pictures.autoscout24.net/listing-images/1dff7ecb-4721-410c-971e-d6704b1fcf28_8689159b-9121-4cf4-9e8a-77dbf7acab8d.jpg/250x188.webp https://prod.pictures.autoscout24.net/listing-images/1dff7ecb-4721-410c-971e-d6704b1fcf28_ad8912ad-443d-44e5-81a0-9e695b8debf7.jpg/250x188.webp https://prod.pictures.autoscout24.net/listing-images/1dff7ecb-4721-410c-971e-d6704b1fcf28_f405be6b-cf1d-479e-859b-57623a0934ed.jpg/250x188.webp https://prod.pictures.autoscout24.net/listing-images/1dff7ecb-4721-410c-971e-d6704b1fcf28_d9d54f10-605c-4616-bbfa-047a82098e9f.jpg/250x188.webp https://prod.pictures.autoscout24.net/listing-images/1dff7ecb-4721-410c-971e-d6704b1fcf28_93b55008-b1c6-4a61-9066-bd7bd6c977f0.jpg/250x188.webp https://prod.pictures.autoscout24.net/listing-images/1dff7ecb-4721-410c-971e-d6704b1fcf28_787dc860-5e3c-4ba9-bccb-28a9c31dd8a2.jpg/250x188.webp https://prod.pictures.autoscout24.net/listing-images/1dff7ecb-4721-410c-971e-d6704b1fcf28_85f3a6ec-71b6-4557-9d32-ca1507e989a8.jpg/250x188.webp https://prod.pictures.autoscout24.net/listing-images/1dff7ecb-4721-410c-971e-d6704b1fcf28_ab0cce30-d89d-4d27-be83-87fe77908c40.jpg/250x188.webp https://prod.pictures.autoscout24.net/listing-images/1dff7ecb-4721-410c-971e-d6704b1fcf28_7901097e-4f95-4420-b94a-d6490f9ccf0e.jpg/250x188.webp https://prod.pictures.autoscout24.net/listing-images/1dff7ecb-4721-410c-971e-d6704b1fcf28_efccbbae-18a9-4921-80aa-af114c01c4c8.jpg/250x188.webp https://prod.pictures.autoscout24.net/listing-images/1dff7ecb-4721-410c-971e-d6704b1fcf28_2a2d5624-d821-42dd-a235-442f06911f32.jpg/250x188.webp https://prod.pictures.autoscout24.net/listing-images/1dff7ecb-4721-410c-971e-d6704b1fcf28_36b54bce-9f9d-4626-afaf-2c781acd68b1.jpg/250x188.webp https://prod.pictures.autoscout24.net/listing-images/1dff7ecb-4721-410c-971e-d6704b1fcf28_1feda923-ffa6-4aa1-9c41-3433ee880909.jpg/250x188.webp https://prod.pictures.autoscout24.net/listing-images/1dff7ecb-4721-410c-971e-d6704b1fcf28_8fc88cab-c930-418a-9510-d8d8ac2016fe.jpg/250x188.webp https://prod.pictures.autoscout24.net/listing-images/1dff7ecb-4721-410c-971e-d6704b1fcf28_3ba2185b-f3f2-468d-9a09-965bc362bdc9.jpg/250x188.webp https://prod.pictures.autoscout24.net/listing-images/1dff7ecb-4721-410c-971e-d6704b1fcf28_5734ffc4-bf0c-4d0f-94f7-b1c16c288df3.jpg/250x188.webp https://prod.pictures.autoscout24.net/listing-images/1dff7ecb-4721-410c-971e-d6704b1fcf28_b46e783c-e721-4dde-8fd6-efb1254a8135.jpg/250x188.webp https://prod.pictures.autoscout24.net/listing-images/1dff7ecb-4721-410c-971e-d6704b1fcf28_f4708bd2-7c91-499a-b381-448f1dc4f5c7.jpg/250x188.webp https://prod.pictures.autoscout24.net/listing-images/1dff7ecb-4721-410c-971e-d6704b1fcf28_61768a6d-c6f9-4e50-9177-b3143aa411fe.jpg/250x188.webp,29.959806565059733,1059
d811cb59-b554-4175-a9b7-b7344db52326,Mazda,2,1.5L SKYACTIV-G,Dealer,16990,b,39859,04-2023,2070,https://prod.pictures.autoscout24.net/listing-images/d811cb59-b554-4175-a9b7-b7344db52326_457933ce-a310-4a9e-99e5-3139c35c69be.jpg/250x188.webp https://prod.pictures.autoscout24.net/listing-images/d811cb59-b554-4175-a9b7-b7344db52326_a68bf60c-061f-40c5-a173-53bc5e2c6cea.jpg/250x188.webp https://prod.pictures.autoscout24.net/listing-images/d811cb59-b554-4175-a9b7-b7344db52326_2c7d535c-4a4a-438e-9ebd-08b071a10f29.jpg/250x188.webp https://prod.pictures.autoscout24.net/listing-images/d811cb59-b554-4175-a9b7-b7344db52326_290c4268-0fae-4f35-b304-2f9433364ac7.jpg/250x188.webp https://prod.pictures.autoscout24.net/listing-images/d811cb59-b554-4175-a9b7-b7344db52326_ace1fbe8-7808-4194-8d2c-4c494c3cd364.jpg/250x188.webp https://prod.pictures.autoscout24.net/listing-images/d811cb59-b554-4175-a9b7-b7344db52326_eb5b9705-ce57-45d8-80c2-b6a55491d860.jpg/250x188.webp https://prod.pictures.autoscout24.net/listing-images/d811cb59-b554-4175-a9b7-b7344db52326_329a9b5d-093c-441f-ad95-4cf93995895e.jpg/250x188.webp https://prod.pictures.autoscout24.net/listing-images/d811cb59-b554-4175-a9b7-b7344db52326_018d8b3f-3f3b-47ce-b0a5-2a604da405d4.jpg/250x188.webp https://prod.pictures.autoscout24.net/listing-images/d811cb59-b554-4175-a9b7-b7344db52326_672d6578-182a-455f-b0b1-f615e73b6f99.jpg/250x188.webp https://prod.pictures.autoscout24.net/listing-images/d811cb59-b554-4175-a9b7-b7344db52326_a443115d-a45a-46fb-b712-8b55d4c7914c.jpg/250x188.webp https://prod.pictures.autoscout24.net/listing-images/d811cb59-b554-4175-a9b7-b7344db52326_6e8af500-45b1-4752-ba4b-5bced211d983.jpg/250x188.webp https://prod.pictures.autoscout24.net/listing-images/d811cb59-b554-4175-a9b7-b7344db52326_da8ad7c2-a880-432f-8969-7d6d1cb0ff4f.jpg/250x188.webp https://prod.pictures.autoscout24.net/listing-images/d811cb59-b554-4175-a9b7-b7344db52326_34812197-7a9b-4f28-8672-a09376d91970.jpg/250x188.webp https://prod.pictures.autoscout24.net/listing-images/d811cb59-b554-4175-a9b7-b7344db52326_a78e2f44-fcda-4933-8a5d-ae2c595947a2.jpg/250x188.webp https://prod.pictures.autoscout24.net/listing-images/d811cb59-b554-4175-a9b7-b7344db52326_5db977dc-1222-4558-9936-02a73b91394c.jpg/250x188.webp https://prod.pictures.autoscout24.net/listing-images/d811cb59-b554-4175-a9b7-b7344db52326_73e723c4-a860-4e35-9e66-32a744f8ae88.jpg/250x188.webp https://prod.pictures.autoscout24.net/listing-images/d811cb59-b554-4175-a9b7-b7344db52326_a1564517-0eb7-49b3-9e9a-b294a5801fbf.jpg/250x188.webp https://prod.pictures.autoscout24.net/listing-images/d811cb59-b554-4175-a9b7-b7344db52326_90f7fe14-64fa-4f1e-b169-58723b8a26a5.jpg/250x188.webp https://prod.pictures.autoscout24.net/listing-images/d811cb59-b554-4175-a9b7-b7344db52326_17cd6e36-ba2b-48b1-86a6-e0d5b50186c4.jpg/250x188.webp https://prod.pictures.autoscout24.net/listing-images/d811cb59-b554-4175-a9b7-b7344db52326_3d38360d-3d8f-48f0-b89f-773e588e283b.jpg/250x188.webp https://prod.pictures.autoscout24.net/listing-images/d811cb59-b554-4175-a9b7-b7344db52326_c8988b6f-86ee-429c-a719-5d42deaa9392.jpg/250x188.webp https://prod.pictures.autoscout24.net/listing-images/d811cb59-b554-4175-a9b7-b7344db52326_ac99ba30-25ce-4a61-9ba5-2c4e44a9d39d.jpg/250x188.webp,29.959806565059733,1059
95bbb42c-f9e1-45f9-8fe9-dcc8a65e25c3,Mazda,CX-30,2.0i SKYACTIV-X MHE Skycruise Keyless ACC Bose,Dealer,19250,b,82755,07-2020,8840,https://prod.pictures.autoscout24.net/listing-images/95bbb42c-f9e1-45f9-8fe9-dcc8a65e25c3_ecfaea77-1aca-436b-ab9d-5c1b9e5c89c6.jpg/250x188.webp https://prod.pictures.autoscout24.net/listing-images/95bbb42c-f9e1-45f9-8fe9-dcc8a65e25c3_43c51fdc-ff8b-4d5c-8bc7-1e081e760669.jpg/250x188.webp https://prod.pictures.autoscout24.net/listing-images/95bbb42c-f9e1-45f9-8fe9-dcc8a65e25c3_a00fdb31-f2c2-4986-8007-c96f35ffa601.jpg/250x188.webp https://prod.pictures.autoscout24.net/listing-images/95bbb42c-f9e1-45f9-8fe9-dcc8a65e25c3_a674a013-50dd-41d3-9c48-46d39b3d9de3.jpg/250x188.webp https://prod.pictures.autoscout24.net/listing-images/95bbb42c-f9e1-45f9-8fe9-dcc8a65e25c3_3cf5c60f-4fb2-4567-a049-4f1f7dbff537.jpg/250x188.webp https://prod.pictures.autoscout24.net/listing-images/95bbb42c-f9e1-45f9-8fe9-dcc8a65e25c3_aa576e18-ae5d-4768-a25b-3bab31e7b574.jpg/250x188.webp https://prod.pictures.autoscout24.net/listing-images/95bbb42c-f9e1-45f9-8fe9-dcc8a65e25c3_3803c066-aaad-442b-92be-5040f7948095.jpg/250x188.webp https://prod.pictures.autoscout24.net/listing-images/95bbb42c-f9e1-45f9-8fe9-dcc8a65e25c3_51990b4b-68ec-4dfe-9d30-099c3dd99fdd.jpg/250x188.webp https://prod.pictures.autoscout24.net/listing-images/95bbb42c-f9e1-45f9-8fe9-dcc8a65e25c3_d4465e21-de1c-4078-8c61-fbd8b0a391fa.jpg/250x188.webp https://prod.pictures.autoscout24.net/listing-images/95bbb42c-f9e1-45f9-8fe9-dcc8a65e25c3_186f2ab0-ada5-4a2a-aef7-3b722dd26433.jpg/250x188.webp https://prod.pictures.autoscout24.net/listing-images/95bbb42c-f9e1-45f9-8fe9-dcc8a65e25c3_fc135a4a-e020-4d35-954e-759481c6cc68.jpg/250x188.webp https://prod.pictures.autoscout24.net/listing-images/95bbb42c-f9e1-45f9-8fe9-dcc8a65e25c3_99ef8621-18af-4ab3-9d1a-70e221c5de5b.jpg/250x188.webp https://prod.pictures.autoscout24.net/listing-images/95bbb42c-f9e1-45f9-8fe9-dcc8a65e25c3_496e5787-dd5b-4495-b582-97a6cc667f82.jpg/250x188.webp https://prod.pictures.autoscout24.net/listing-images/95bbb42c-f9e1-45f9-8fe9-dcc8a65e25c3_b594bfdf-290b-4213-aca9-09ea66412424.jpg/250x188.webp https://prod.pictures.autoscout24.net/listing-images/95bbb42c-f9e1-45f9-8fe9-dcc8a65e25c3_4191b0ed-a848-4499-b400-581ea0622e4a.jpg/250x188.webp https://prod.pictures.autoscout24.net/listing-images/95bbb42c-f9e1-45f9-8fe9-dcc8a65e25c3_b2969a39-9261-4ab1-bad0-c1a087f8eb8c.jpg/250x188.webp https://prod.pictures.autoscout24.net/listing-images/95bbb42c-f9e1-45f9-8fe9-dcc8a65e25c3_dd15e160-f4a9-49fe-97a2-20b9472cca94.jpg/250x188.webp https://prod.pictures.autoscout24.net/listing-images/95bbb42c-f9e1-45f9-8fe9-dcc8a65e25c3_dac58ef2-ca3d-4526-b936-daee045f7a16.jpg/250x188.webp https://prod.pictures.autoscout24.net/listing-images/95bbb42c-f9e1-45f9-8fe9-dcc8a65e25c3_c05dca61-6a10-48d0-88be-b9a481750cb5.jpg/250x188.webp https://prod.pictures.autoscout24.net/listing-images/95bbb42c-f9e1-45f9-8fe9-dcc8a65e25c3_b70f28ff-52d6-4ed1-aac9-b1b8274d17e9.jpg/250x188.webp https://prod.pictures.autoscout24.net/listing-images/95bbb42c-f9e1-45f9-8fe9-dcc8a65e25c3_64490b41-1a64-499f-bfc9-ada7f3506649.jpg/250x188.webp https://prod.pictures.autoscout24.net/listing-images/95bbb42c-f9e1-45f9-8fe9-dcc8a65e25c3_e52e7953-bb40-4635-b83a-55357f3e10a7.jpg/250x188.webp https://prod.pictures.autoscout24.net/listing-images/95bbb42c-f9e1-45f9-8fe9-dcc8a65e25c3_1a94cc23-9414-4c08-830c-78320e5ea61a.jpg/250x188.webp https://prod.pictures.autoscout24.net/listing-images/95bbb42c-f9e1-45f9-8fe9-dcc8a65e25c3_26a62e9b-a585-4b34-a762-789cd6fd9c0f.jpg/250x188.webp https://prod.pictures.autoscout24.net/listing-images/95bbb42c-f9e1-45f9-8fe9-dcc8a65e25c3_b4c2758c-cfc6-4f5f-9491-d6bdaa892101.jpg/250x188.webp https://prod.pictures.autoscout24.net/listing-images/95bbb42c-f9e1-45f9-8fe9-dcc8a65e25c3_710b5145-6309-41d9-8db8-12604750281f.jpg/250x188.webp https://prod.pictures.autoscout24.net/listing-images/95bbb42c-f9e1-45f9-8fe9-dcc8a65e25c3_7270cbe0-ff07-4da9-8a01-0e94389a64b4.jpg/250x188.webp https://prod.pictures.autoscout24.net/listing-images/95bbb42c-f9e1-45f9-8fe9-dcc8a65e25c3_5a023fe0-7307-4b09-90c9-f062ee073ed7.jpg/250x188.webp https://prod.pictures.autoscout24.net/listing-images/95bbb42c-f9e1-45f9-8fe9-dcc8a65e25c3_02aad7e5-9651-4139-a5f3-0fb4e0d61019.jpg/250x188.webp https://prod.pictures.autoscout24.net/listing-images/95bbb42c-f9e1-45f9-8fe9-dcc8a65e25c3_2c953927-1a7e-44fe-aa81-280fdec9a4f4.jpg/250x188.webp https://prod.pictures.autoscout24.net/listing-images/95bbb42c-f9e1-45f9-8fe9-dcc8a65e25c3_5ee8a1a4-6899-43d3-addd-53d030613d44.jpg/250x188.webp,115.83851915222661,2063
1216451b-a283-4121-8387-9b1078bc5479,Mazda,2,Pure MY2022 5DR HATCH 1.5L Hybrid VVT-i 116 hp,Dealer,17500,2,22270,12-2023,3000,https://prod.pictures.autoscout24.net/listing-images/1216451b-a283-4121-8387-9b1078bc5479_a69e6488-d2b0-41ca-9bbf-0e40c8450c38.jpg/250x188.webp https://prod.pictures.autoscout24.net/listing-images/1216451b-a283-4121-8387-9b1078bc5479_cbadf04c-cfd1-4bb8-a678-fb6bce31e7d5.jpg/250x188.webp https://prod.pictures.autoscout24.net/listing-images/1216451b-a283-4121-8387-9b1078bc5479_5a583d53-3c8a-4b4f-855a-bce3eb33d635.jpg/250x188.webp https://prod.pictures.autoscout24.net/listing-images/1216451b-a283-4121-8387-9b1078bc5479_f9753c66-57b1-45a5-8fb0-fa6512d09e56.jpg/250x188.webp https://prod.pictures.autoscout24.net/listing-images/1216451b-a283-4121-8387-9b1078bc5479_ed24a0b5-aeff-4c29-a4db-472ca0156260.jpg/250x188.webp https://prod.pictures.autoscout24.net/listing-images/1216451b-a283-4121-8387-9b1078bc5479_722f4ae5-becd-4032-b1ea-869ce88d4884.jpg/250x188.webp https://prod.pictures.autoscout24.net/listing-images/1216451b-a283-4121-8387-9b1078bc5479_82dcb99a-5f6d-49c2-8ed5-843a23d26620.jpg/250x188.webp https://prod.pictures.autoscout24.net/listing-images/1216451b-a283-4121-8387-9b1078bc5479_172d19ae-3f0a-4c6c-bbda-746aa05bd99f.jpg/250x188.webp https://prod.pictures.autoscout24.net/listing-images/1216451b-a283-4121-8387-9b1078bc5479_d2a6a115-87b6-44b8-8a9a-104451eaedf5.jpg/250x188.webp https://prod.pictures.autoscout24.net/listing-images/1216451b-a283-4121-8387-9b1078bc5479_b23f4436-a0fe-47b5-b4fd-58c1ec576a53.jpg/250x188.webp https://prod.pictures.autoscout24.net/listing-images/1216451b-a283-4121-8387-9b1078bc5479_7090c1c2-d1bd-4165-8803-6f0eabbb7261.jpg/250x188.webp https://prod.pictures.autoscout24.net/listing-images/1216451b-a283-4121-8387-9b1078bc5479_de1bfaf0-80ea-42ff-9643-cd5645e3d859.jpg/250x188.webp https://prod.pictures.autoscout24.net/listing-images/1216451b-a283-4121-8387-9b1078bc5479_67898b31-e0cf-415c-b70d-c1fcbbe00685.jpg/250x188.webp https://prod.pictures.autoscout24.net/listing-images/1216451b-a283-4121-8387-9b1078bc5479_6192be33-88aa-4ba8-8cb3-d96c7ac3774b.jpg/250x188.webp https://prod.pictures.autoscout24.net/listing-images/1216451b-a283-4121-8387-9b1078bc5479_e1ff8b57-e0f7-4655-bf19-d59fe3a35cac.jpg/250x188.webp,67.38410339411878,815
1c85f78b-2073-4da3-8e0a-d17684588fee,Mazda,CX-30,SKYACTIV-X 2.0 M-Hybrid AT SKYCRUISE FULL OPTION,Dealer,17800,b,173560,01-2020,9900,https://prod.pictures.autoscout24.net/listing-images/1c85f78b-2073-4da3-8e0a-d17684588fee_ec5062e1-4610-4218-9689-d230a7d78507.jpg/250x188.webp https://prod.pictures.autoscout24.net/listing-images/1c85f78b-2073-4da3-8e0a-d17684588fee_b26f84f0-c283-4d82-a2d8-7f09b63c6a4a.jpg/250x188.webp https://prod.pictures.autoscout24.net/listing-images/1c85f78b-2073-4da3-8e0a-d17684588fee_0c0b9702-5df2-4992-91af-8289918690c2.jpg/250x188.webp https://prod.pictures.autoscout24.net/listing-images/1c85f78b-2073-4da3-8e0a-d17684588fee_edc0c0e0-0806-494d-bb36-22ab8b2cd139.jpg/250x188.webp https://prod.pictures.autoscout24.net/listing-images/1c85f78b-2073-4da3-8e0a-d17684588fee_61c43d69-c2f4-4b9d-8bf1-ee7d228ae303.jpg/250x188.webp https://prod.pictures.autoscout24.net/listing-images/1c85f78b-2073-4da3-8e0a-d17684588fee_b57a74d3-1bcb-4d19-89c2-eed4aced98b1.jpg/250x188.webp https://prod.pictures.autoscout24.net/listing-images/1c85f78b-2073-4da3-8e0a-d17684588fee_56ca1786-0896-4072-a3bc-2fa29c196209.jpg/250x188.webp https://prod.pictures.autoscout24.net/listing-images/1c85f78b-2073-4da3-8e0a-d17684588fee_c974d1eb-d5b3-4313-9307-4b10616f2c65.jpg/250x188.webp https://prod.pictures.autoscout24.net/listing-images/1c85f78b-2073-4da3-8e0a-d17684588fee_ca9fb55c-ef66-48b5-b901-927751302b29.jpg/250x188.webp https://prod.pictures.autoscout24.net/listing-images/1c85f78b-2073-4da3-8e0a-d17684588fee_35802b9c-b783-4889-b808-bb1bffb1def1.jpg/250x188.webp https://prod.pictures.autoscout24.net/listing-images/1c85f78b-2073-4da3-8e0a-d17684588fee_5cc50e17-eab3-4669-b1b3-bd5b45eda34c.jpg/250x188.webp https://prod.pictures.autoscout24.net/listing-images/1c85f78b-2073-4da3-8e0a-d17684588fee_d10f844d-c434-4158-9667-1910cc7f55b3.jpg/250x188.webp https://prod.pictures.autoscout24.net/listing-images/1c85f78b-2073-4da3-8e0a-d17684588fee_b0316c56-daf4-4fa6-97a8-aa257fedc251.jpg/250x188.webp https://prod.pictures.autoscout24.net/listing-images/1c85f78b-2073-4da3-8e0a-d17684588fee_26c84a31-c4e1-48ea-9389-c304f3ffdddb.jpg/250x188.webp https://prod.pictures.autoscout24.net/listing-images/1c85f78b-2073-4da3-8e0a-d17684588fee_10d3b4e1-ca8d-4e38-8ffd-611afd33db46.jpg/250x188.webp https://prod.pictures.autoscout24.net/listing-images/1c85f78b-2073-4da3-8e0a-d17684588fee_989f8a71-0b9a-4a34-9501-20bd10450a8a.jpg/250x188.webp,70.67815356163106,2245
bc968cfd-cf69-4e3d-8f65-f92aad15eab6,Mazda,2,HYBRIDE 1.5 VVT-i Pure / 37000km / BTW AFTRB,Dealer,17900,2,37000,10-2022,9620,https://prod.pictures.autoscout24.net/listing-images/bc968cfd-cf69-4e3d-8f65-f92aad15eab6_e64801e0-c762-4801-b64d-2d903370afa1.jpg/250x188.webp https://prod.pictures.autoscout24.net/listing-images/bc968cfd-cf69-4e3d-8f65-f92aad15eab6_aaa3f36e-116e-467f-b220-c4be409520d9.jpg/250x188.webp https://prod.pictures.autoscout24.net/listing-images/bc968cfd-cf69-4e3d-8f65-f92aad15eab6_5f0d5653-1f69-4198-a3cc-d7d4ba1b2c2b.jpg/250x188.webp https://prod.pictures.autoscout24.net/listing-images/bc968cfd-cf69-4e3d-8f65-f92aad15eab6_533608c1-79ad-4023-b398-6427f765fe42.jpg/250x188.webp https://prod.pictures.autoscout24.net/listing-images/bc968cfd-cf69-4e3d-8f65-f92aad15eab6_58a7fafc-fcce-4a7e-9c89-a3e9b88c28a3.jpg/250x188.webp https://prod.pictures.autoscout24.net/listing-images/bc968cfd-cf69-4e3d-8f65-f92aad15eab6_4b7bba9f-e374-4e3e-92a7-d1f85536d1c3.jpg/250x188.webp https://prod.pictures.autoscout24.net/listing-images/bc968cfd-cf69-4e3d-8f65-f92aad15eab6_ab0266ea-0326-4f03-b700-cf6682e59d39.jpg/250x188.webp https://prod.pictures.autoscout24.net/listing-images/bc968cfd-cf69-4e3d-8f65-f92aad15eab6_497162e4-8e51-404e-ad87-a75c38f3897a.jpg/250x188.webp https://prod.pictures.autoscout24.net/listing-images/bc968cfd-cf69-4e3d-8f65-f92aad15eab6_d2979f43-5368-4a77-af2f-b75bbca49d46.jpg/250x188.webp https://prod.pictures.autoscout24.net/listing-images/bc968cfd-cf69-4e3d-8f65-f92aad15eab6_82b6b680-c826-4e9c-97e0-b5c9bc3624e5.jpg/250x188.webp https://prod.pictures.autoscout24.net/listing-images/bc968cfd-cf69-4e3d-8f65-f92aad15eab6_38ac0f59-bc6c-4011-8187-da2eacf078b1.jpg/250x188.webp https://prod.pictures.autoscout24.net/listing-images/bc968cfd-cf69-4e3d-8f65-f92aad15eab6_940f44c0-c17c-4f99-9ae3-127573506d2e.jpg/250x188.webp https://prod.pictures.autoscout24.net/listing-images/bc968cfd-cf69-4e3d-8f65-f92aad15eab6_3839228f-4827-4519-9620-142a8db07b8d.jpg/250x188.webp https://prod.pictures.autoscout24.net/listing-images/bc968cfd-cf69-4e3d-8f65-f92aad15eab6_1f91bf11-7fe0-474a-92aa-5d028dc1a1e5.jpg/250x188.webp https://prod.pictures.autoscout24.net/listing-images/bc968cfd-cf69-4e3d-8f65-f92aad15eab6_08134523-41c2-4fdb-ae32-f885576767e7.jpg/250x188.webp https://prod.pictures.autoscout24.net/listing-images/bc968cfd-cf69-4e3d-8f65-f92aad15eab6_daf25cce-b4c4-40fa-9eb4-a5af480f2937.jpg/250x188.webp https://prod.pictures.autoscout24.net/listing-images/bc968cfd-cf69-4e3d-8f65-f92aad15eab6_f23fee2b-cc63-49f1-abca-a05b749fbb55.jpg/250x188.webp,80.93030107503533,1241
185b2226-03fc-413d-bfa4-cdf62d528dfc,Mazda,CX-30,2.0 Skyactiv-G Mild-Hybrid 2WD,Dealer,17999,b,136989,11-2021,1000,https://prod.pictures.autoscout24.net/listing-images/185b2226-03fc-413d-bfa4-cdf62d528dfc_bcf964df-56ef-498f-99d7-97636e1f5007.jpg/250x188.webp https://prod.pictures.autoscout24.net/listing-images/185b2226-03fc-413d-bfa4-cdf62d528dfc_ea53e5d3-6da5-422d-898c-d8b2e4ec0a51.png/250x188.webp https://prod.pictures.autoscout24.net/listing-images/185b2226-03fc-413d-bfa4-cdf62d528dfc_bd96d220-ae08-4301-8570-27edca6f16a0.jpg/250x188.webp https://prod.pictures.autoscout24.net/listing-images/185b2226-03fc-413d-bfa4-cdf62d528dfc_fa1e4068-d610-4af0-8fba-2c5dd7a529a2.jpg/250x188.webp https://prod.pictures.autoscout24.net/listing-images/185b2226-03fc-413d-bfa4-cdf62d528dfc_6200c2b8-ca75-4f2d-a6ae-15b0333da62e.jpg/250x188.webp https://prod.pictures.autoscout24.net/listing-images/185b2226-03fc-413d-bfa4-cdf62d528dfc_08758391-9bef-43a8-bf2b-a3ac3545976d.jpg/250x188.webp https://prod.pictures.autoscout24.net/listing-images/185b2226-03fc-413d-bfa4-cdf62d528dfc_641b4e4a-6eac-4c83-8a55-2dd5c568025b.jpg/250x188.webp https://prod.pictures.autoscout24.net/listing-images/185b2226-03fc-413d-bfa4-cdf62d528dfc_9b2dbc93-6ff4-45f3-a776-ec5e92a53f95.jpg/250x188.webp https://prod.pictures.autoscout24.net/listing-images/185b2226-03fc-413d-bfa4-cdf62d528dfc_42a79a81-ce1e-4605-b6c2-5e79e86120b3.jpg/250x188.webp https://prod.pictures.autoscout24.net/listing-images/185b2226-03fc-413d-bfa4-cdf62d528dfc_06d256fc-789c-4e2e-892e-92b7b4ed8807.jpg/250x188.webp https://prod.pictures.autoscout24.net/listing-images/185b2226-03fc-413d-bfa4-cdf62d528dfc_4215ba07-9fc9-456c-bafd-4693627d2b30.jpg/250x188.webp https://prod.pictures.autoscout24.net/listing-images/185b2226-03fc-413d-bfa4-cdf62d528dfc_bece2de3-9f31-4de8-b625-bd7a8936ccd6.jpg/250x188.webp https://prod.pictures.autoscout24.net/listing-images/185b2226-03fc-413d-bfa4-cdf62d528dfc_2c50d10f-33ad-4e85-9b55-a8ff5bb5990c.jpg/250x188.webp https://prod.pictures.autoscout24.net/listing-images/185b2226-03fc-413d-bfa4-cdf62d528dfc_e363d647-eaf1-446f-a5b9-13a7755a5723.jpg/250x188.webp https://prod.pictures.autoscout24.net/listing-images/185b2226-03fc-413d-bfa4-cdf62d528dfc_d3943070-d0d1-4638-b836-084e31702f98.jpg/250x188.webp https://prod.pictures.autoscout24.net/listing-images/185b2226-03fc-413d-bfa4-cdf62d528dfc_d77ff8c1-5858-4b17-944f-6e43ae04d8dc.jpg/250x188.webp https://prod.pictures.autoscout24.net/listing-images/185b2226-03fc-413d-bfa4-cdf62d528dfc_af34a0e1-8b78-4a21-9312-b3b8f9196940.jpg/250x188.webp https://prod.pictures.autoscout24.net/listing-images/185b2226-03fc-413d-bfa4-cdf62d528dfc_9017d2b9-ea56-4e9e-a751-582d3587a824.png/250x188.webp https://prod.pictures.autoscout24.net/listing-images/185b2226-03fc-413d-bfa4-cdf62d528dfc_c5c5daa5-ca40-40e3-a41b-fdb1dc0682d8.jpg/250x188.webp https://prod.pictures.autoscout24.net/listing-images/185b2226-03fc-413d-bfa4-cdf62d528dfc_23a2c25e-f88a-40f4-8031-70cfc2463bcb.jpg/250x188.webp https://prod.pictures.autoscout24.net/listing-images/185b2226-03fc-413d-bfa4-cdf62d528dfc_0b980d2f-7b87-4410-b4e8-f05148bbd202.jpg/250x188.webp https://prod.pictures.autoscout24.net/listing-images/185b2226-03fc-413d-bfa4-cdf62d528dfc_ff61b61b-cce2-463f-a486-55404a437c54.jpg/250x188.webp https://prod.pictures.autoscout24.net/listing-images/185b2226-03fc-413d-bfa4-cdf62d528dfc_dc397296-9416-47e3-8a65-7ac38fafa627.jpg/250x188.webp https://prod.pictures.autoscout24.net/listing-images/185b2226-03fc-413d-bfa4-cdf62d528dfc_c14015ae-dbbc-475f-b937-db0df7efe60c.jpg/250x188.webp https://prod.pictures.autoscout24.net/listing-images/185b2226-03fc-413d-bfa4-cdf62d528dfc_33172801-7dc2-46e2-a39f-e9fe4111ccc8.jpg/250x188.webp https://prod.pictures.autoscout24.net/listing-images/185b2226-03fc-413d-bfa4-cdf62d528dfc_4550bbbd-5adf-4650-8160-f068dfd6d285.jpg/250x188.webp https://prod.pictures.autoscout24.net/listing-images/185b2226-03fc-413d-bfa4-cdf62d528dfc_2afc3a43-9a79-4550-abdc-7ff87669406f.jpg/250x188.webp https://prod.pictures.autoscout24.net/listing-images/185b2226-03fc-413d-bfa4-cdf62d528dfc_2b0ef12c-6f0b-42e3-bace-897563f09fae.jpg/250x188.webp https://prod.pictures.autoscout24.net/listing-images/185b2226-03fc-413d-bfa4-cdf62d528dfc_5f4ba8e5-5c55-44c2-86f1-875dabc4e714.jpg/250x188.webp https://prod.pictures.autoscout24.net/listing-images/185b2226-03fc-413d-bfa4-cdf62d528dfc_fd101ee1-79ed-4047-bec6-90e507b45b90.jpg/250x188.webp,69.17270624549755,1575
7eec2670-1d07-4dd0-9f51-400d7f884c44,Mazda,2,1.5 Hybrid Pure,Dealer,18999,2,8367,06-2023,1000,https://prod.pictures.autoscout24.net/listing-images/7eec2670-1d07-4dd0-9f51-400d7f884c44_e062a7d7-b462-450e-9238-62847d105acc.jpg/250x188.webp https://prod.pictures.autoscout24.net/listing-images/7eec2670-1d07-4dd0-9f51-400d7f884c44_cb70951a-17a0-454b-8fae-29db1daa78eb.png/250x188.webp https://prod.pictures.autoscout24.net/listing-images/7eec2670-1d07-4dd0-9f51-400d7f884c44_f5eaa313-56bf-4c85-9e7c-73268667f2f6.jpg/250x188.webp https://prod.pictures.autoscout24.net/listing-images/7eec2670-1d07-4dd0-9f51-400d7f884c44_a82f734b-6936-4b87-b5f3-01ba1c57bfbe.jpg/250x188.webp https://prod.pictures.autoscout24.net/listing-images/7eec2670-1d07-4dd0-9f51-400d7f884c44_0610a78b-ebc2-497b-9745-a0258fa8e6f3.jpg/250x188.webp https://prod.pictures.autoscout24.net/listing-images/7eec2670-1d07-4dd0-9f51-400d7f884c44_b19b59c3-74a1-4581-ad8e-8c682be6e0e2.jpg/250x188.webp https://prod.pictures.autoscout24.net/listing-images/7eec2670-1d07-4dd0-9f51-400d7f884c44_5a9c49ac-480a-4ca4-ae64-54ed25723053.jpg/250x188.webp https://prod.pictures.autoscout24.net/listing-images/7eec2670-1d07-4dd0-9f51-400d7f884c44_e45b1518-83c9-49ff-97ba-525b39cdf735.jpg/250x188.webp https://prod.pictures.autoscout24.net/listing-images/7eec2670-1d07-4dd0-9f51-400d7f884c44_90060418-b535-4219-938a-e5e0c6895505.jpg/250x188.webp https://prod.pictures.autoscout24.net/listing-images/7eec2670-1d07-4dd0-9f51-400d7f884c44_97c44af4-ded2-47c8-a72a-c2961413c2d1.jpg/250x188.webp https://prod.pictures.autoscout24.net/listing-images/7eec2670-1d07-4dd0-9f51-400d7f884c44_5cfc1e22-8eb1-4d5e-aeec-4d3098186c25.jpg/250x188.webp https://prod.pictures.autoscout24.net/listing-images/7eec2670-1d07-4dd0-9f51-400d7f884c44_242f12ca-9487-444f-95c7-5c6b9813a36d.jpg/250x188.webp https://prod.pictures.autoscout24.net/listing-images/7eec2670-1d07-4dd0-9f51-400d7f884c44_efdb3ff7-3773-4290-b05a-a3e6d1d2b7ba.jpg/250x188.webp https://prod.pictures.autoscout24.net/listing-images/7eec2670-1d07-4dd0-9f51-400d7f884c44_eb324a7a-fb4a-459c-bfbd-9a0a36251668.jpg/250x188.webp https://prod.pictures.autoscout24.net/listing-images/7eec2670-1d07-4dd0-9f51-400d7f884c44_80d54eeb-68cf-48f6-91b0-07d0d32e6242.jpg/250x188.webp https://prod.pictures.autoscout24.net/listing-images/7eec2670-1d07-4dd0-9f51-400d7f884c44_d88cb8c6-7242-44f4-8b33-862ed75d9369.jpg/250x188.webp https://prod.pictures.autoscout24.net/listing-images/7eec2670-1d07-4dd0-9f51-400d7f884c44_1e8a2c75-0351-4daa-8cbf-68bc029b5e9e.jpg/250x188.webp https://prod.pictures.autoscout24.net/listing-images/7eec2670-1d07-4dd0-9f51-400d7f884c44_ff136b82-8816-4585-8017-63c62a1ec3e9.png/250x188.webp https://prod.pictures.autoscout24.net/listing-images/7eec2670-1d07-4dd0-9f51-400d7f884c44_e9ddeb8b-ddd6-4492-bed0-03283d0094af.jpg/250x188.webp https://prod.pictures.autoscout24.net/listing-images/7eec2670-1d07-4dd0-9f51-400d7f884c44_b13acf73-bd74-4f35-8398-ccf19d009e1e.jpg/250x188.webp https://prod.pictures.autoscout24.net/listing-images/7eec2670-1d07-4dd0-9f51-400d7f884c44_e2eae6f4-0336-46d3-8cf7-7bdc2b1c852c.jpg/250x188.webp https://prod.pictures.autoscout24.net/listing-images/7eec2670-1d07-4dd0-9f51-400d7f884c44_38f34894-367e-41e1-a464-8b736a5d0a62.jpg/250x188.webp https://prod.pictures.autoscout24.net/listing-images/7eec2670-1d07-4dd0-9f51-400d7f884c44_20ed0a34-ee40-487e-93a1-566be7aa43a8.jpg/250x188.webp https://prod.pictures.autoscout24.net/listing-images/7eec2670-1d07-4dd0-9f51-400d7f884c44_4b34d58d-0f15-4bfc-a7e9-11e12fc67130.jpg/250x188.webp https://prod.pictures.autoscout24.net/listing-images/7eec2670-1d07-4dd0-9f51-400d7f884c44_8cbdec00-2fa3-4b99-842c-69b64fcaaca4.jpg/250x188.webp https://prod.pictures.autoscout24.net/listing-images/7eec2670-1d07-4dd0-9f51-400d7f884c44_8cb93b2d-04a8-4f49-8bd9-0661fd3eeb08.jpg/250x188.webp https://prod.pictures.autoscout24.net/listing-images/7eec2670-1d07-4dd0-9f51-400d7f884c44_c781c1f5-ced3-4025-9f55-cad1935ece1e.jpg/250x188.webp,69.17270624549755,998
7ef3da35-b25e-4344-8e71-d233818eee63,Mazda,2,Hybrid VVT-i Centre-Line CVT (20 stuks op voorraad),Dealer,19500,2,25400,02-2025,2160,https://prod.pictures.autoscout24.net/listing-images/7ef3da35-b25e-4344-8e71-d233818eee63_da4327cb-f4d5-420a-9d44-954444e95cc3.jpg/250x188.webp https://prod.pictures.autoscout24.net/listing-images/7ef3da35-b25e-4344-8e71-d233818eee63_5c623a5e-fa63-43ba-b2c2-c6e855399ba0.jpg/250x188.webp https://prod.pictures.autoscout24.net/listing-images/7ef3da35-b25e-4344-8e71-d233818eee63_ae5546e1-c07b-400b-a0cc-bd3069ddb390.jpg/250x188.webp https://prod.pictures.autoscout24.net/listing-images/7ef3da35-b25e-4344-8e71-d233818eee63_b92373d3-0311-4989-9469-221d8c90c033.jpg/250x188.webp https://prod.pictures.autoscout24.net/listing-images/7ef3da35-b25e-4344-8e71-d233818eee63_1cdb1a48-e9e6-4fa6-8b4b-5dcd3896655e.jpg/250x188.webp https://prod.pictures.autoscout24.net/listing-images/7ef3da35-b25e-4344-8e71-d233818eee63_5db0acfd-e92c-4904-b3b6-7dde8d5a3f00.jpg/250x188.webp https://prod.pictures.autoscout24.net/listing-images/7ef3da35-b25e-4344-8e71-d233818eee63_7da328e9-a6d0-4036-a511-7b51ba5590e7.jpg/250x188.webp https://prod.pictures.autoscout24.net/listing-images/7ef3da35-b25e-4344-8e71-d233818eee63_38b23db8-3f61-449d-9da6-5abd6eac1fd9.jpg/250x188.webp https://prod.pictures.autoscout24.net/listing-images/7ef3da35-b25e-4344-8e71-d233818eee63_1297a179-dd8a-422f-8b08-faa5a2342a0d.jpg/250x188.webp https://prod.pictures.autoscout24.net/listing-images/7ef3da35-b25e-4344-8e71-d233818eee63_45fde010-aabc-45cf-afce-dffcc1cda27a.jpg/250x188.webp https://prod.pictures.autoscout24.net/listing-images/7ef3da35-b25e-4344-8e71-d233818eee63_9709e928-d0e4-4b71-bc35-f05111bdc7bc.jpg/250x188.webp,29.52364933489528,387
66718f62-c5cc-4365-b5fe-8bb1ac3dd982,Mazda,2,Hybrid VVT-i Centre-Line CVT (meerdere kleuren be,Dealer,19500,2,27653,03-2025,2160,https://prod.pictures.autoscout24.net/listing-images/66718f62-c5cc-4365-b5fe-8bb1ac3dd982_7693cd4d-e448-4b9c-a289-e42587d78acb.jpg/250x188.webp https://prod.pictures.autoscout24.net/listing-images/66718f62-c5cc-4365-b5fe-8bb1ac3dd982_57200b32-7084-466e-a75b-026b61b03a1e.jpg/250x188.webp https://prod.pictures.autoscout24.net/listing-images/66718f62-c5cc-4365-b5fe-8bb1ac3dd982_8a75cecc-6b4f-4556-9db0-f8ffd7a8ad4b.jpg/250x188.webp https://prod.pictures.autoscout24.net/listing-images/66718f62-c5cc-4365-b5fe-8bb1ac3dd982_dd1536ef-974d-43cf-a996-6d4942308654.jpg/250x188.webp https://prod.pictures.autoscout24.net/listing-images/66718f62-c5cc-4365-b5fe-8bb1ac3dd982_b6daeda9-8652-4ceb-b70a-b70e1c804fa8.jpg/250x188.webp https://prod.pictures.autoscout24.net/listing-images/66718f62-c5cc-4365-b5fe-8bb1ac3dd982_7e4aa97f-92a1-433a-92f9-6fbb265254ad.jpg/250x188.webp https://prod.pictures.autoscout24.net/listing-images/66718f62-c5cc-4365-b5fe-8bb1ac3dd982_c223729d-bda9-4767-af66-1733a81e1173.jpg/250x188.webp https://prod.pictures.autoscout24.net/listing-images/66718f62-c5cc-4365-b5fe-8bb1ac3dd982_7af30158-baf8-4c17-b5ff-b6cec8ccce08.jpg/250x188.webp https://prod.pictures.autoscout24.net/listing-images/66718f62-c5cc-4365-b5fe-8bb1ac3dd982_225f8045-ecc1-41b7-89eb-f74801d798ff.jpg/250x188.webp https://prod.pictures.autoscout24.net/listing-images/66718f62-c5cc-4365-b5fe-8bb1ac3dd982_a4de63c8-9cdf-4f12-8d64-4bc66eb67248.jpg/250x188.webp https://prod.pictures.autoscout24.net/listing-images/66718f62-c5cc-4365-b5fe-8bb1ac3dd982_e96a5074-c545-4645-ac5b-ff90ec784544.jpg/250x188.webp https://prod.pictures.autoscout24.net/listing-images/66718f62-c5cc-4365-b5fe-8bb1ac3dd982_0967a65a-7a37-4747-bd28-ea4d4a8040c3.jpg/250x188.webp https://prod.pictures.autoscout24.net/listing-images/66718f62-c5cc-4365-b5fe-8bb1ac3dd982_dfad0316-3259-4ce9-8e4c-96399b7bf0b6.jpg/250x188.webp https://prod.pictures.autoscout24.net/listing-images/66718f62-c5cc-4365-b5fe-8bb1ac3dd982_fe0a82d1-30c3-4090-9d76-73b6881178e8.jpg/250x188.webp,29.52364933489528,359
f11a0cb9-50c7-4dad-b6ab-36e5023c200f,Mazda,CX-3,Hakoné - Automaat Met Trekhaak,Dealer,19900,b,39393,01-2021,2960,https://prod.pictures.autoscout24.net/listing-images/f11a0cb9-50c7-4dad-b6ab-36e5023c200f_863d9cdb-5337-44d7-ac25-6beee832d472.jpg/250x188.webp https://prod.pictures.autoscout24.net/listing-images/f11a0cb9-50c7-4dad-b6ab-36e5023c200f_b3760a9f-fb01-44e0-88f0-02c29036e96e.jpg/250x188.webp https://prod.pictures.autoscout24.net/listing-images/f11a0cb9-50c7-4dad-b6ab-36e5023c200f_63654dcf-9309-4871-a6f1-4d2c148dac27.jpg/250x188.webp https://prod.pictures.autoscout24.net/listing-images/f11a0cb9-50c7-4dad-b6ab-36e5023c200f_f4e7b5de-011d-4e58-8ef2-4a2f076205dc.jpg/250x188.webp https://prod.pictures.autoscout24.net/listing-images/f11a0cb9-50c7-4dad-b6ab-36e5023c200f_22fc7148-dd74-4c6c-a350-32d1d4fd90fd.jpg/250x188.webp https://prod.pictures.autoscout24.net/listing-images/f11a0cb9-50c7-4dad-b6ab-36e5023c200f_9dcc31b3-9bde-4f77-9806-bc76018c3ab4.jpg/250x188.webp https://prod.pictures.autoscout24.net/listing-images/f11a0cb9-50c7-4dad-b6ab-36e5023c200f_e406f914-6fde-4b1f-a12a-a3009cc9a7ae.jpg/250x188.webp https://prod.pictures.autoscout24.net/listing-images/f11a0cb9-50c7-4dad-b6ab-36e5023c200f_59405f71-efb8-4c69-8168-ca34f028e07b.jpg/250x188.webp https://prod.pictures.autoscout24.net/listing-images/f11a0cb9-50c7-4dad-b6ab-36e5023c200f_a9746712-d695-4d2b-a82e-67b6d378bde8.jpg/250x188.webp https://prod.pictures.autoscout24.net/listing-images/f11a0cb9-50c7-4dad-b6ab-36e5023c200f_1f6c5ed9-b73c-44e0-b5ee-9b693d3be5fa.jpg/250x188.webp https://prod.pictures.autoscout24.net/listing-images/f11a0cb9-50c7-4dad-b6ab-36e5023c200f_2d14bedd-8446-4d59-aa1f-76fe52942697.jpg/250x188.webp https://prod.pictures.autoscout24.net/listing-images/f11a0cb9-50c7-4dad-b6ab-36e5023c200f_8323b63a-b9dc-46ff-aec9-46e393d03564.jpg/250x188.webp https://prod.pictures.autoscout24.net/listing-images/f11a0cb9-50c7-4dad-b6ab-36e5023c200f_bb0e6fcd-ca53-4ba9-a810-0004791939ba.jpg/250x188.webp https://prod.pictures.autoscout24.net/listing-images/f11a0cb9-50c7-4dad-b6ab-36e5023c200f_26121a8d-042f-4d4c-bfb2-d2bdf17936f4.jpg/250x188.webp https://prod.pictures.autoscout24.net/listing-images/f11a0cb9-50c7-4dad-b6ab-36e5023c200f_db880618-3af7-4c16-9799-b28ed9112bce.jpg/250x188.webp https://prod.pictures.autoscout24.net/listing-images/f11a0cb9-50c7-4dad-b6ab-36e5023c200f_c8f6dff7-382a-451f-91b1-24a88c76332a.jpg/250x188.webp https://prod.pictures.autoscout24.net/listing-images/f11a0cb9-50c7-4dad-b6ab-36e5023c200f_57c1b747-1fa9-4496-bfb7-63377ebad0a7.jpg/250x188.webp https://prod.pictures.autoscout24.net/listing-images/f11a0cb9-50c7-4dad-b6ab-36e5023c200f_a5462897-629b-4214-99c6-d9892b5335aa.jpg/250x188.webp https://prod.pictures.autoscout24.net/listing-images/f11a0cb9-50c7-4dad-b6ab-36e5023c200f_9c3c8d16-eaae-46e9-95c7-b507197798ec.jpg/250x188.webp https://prod.pictures.autoscout24.net/listing-images/f11a0cb9-50c7-4dad-b6ab-36e5023c200f_4efb0c6e-12da-4148-a1e5-b568883466f5.jpg/250x188.webp https://prod.pictures.autoscout24.net/listing-images/f11a0cb9-50c7-4dad-b6ab-36e5023c200f_dd5bec20-65d6-462a-b2a6-56dc1fdf5954.jpg/250x188.webp https://prod.pictures.autoscout24.net/listing-images/f11a0cb9-50c7-4dad-b6ab-36e5023c200f_7d57b878-3a3b-444c-9c8f-14673900c072.jpg/250x188.webp https://prod.pictures.autoscout24.net/listing-images/f11a0cb9-50c7-4dad-b6ab-36e5023c200f_adf63d92-9967-49e9-a7e0-44b8931f99c1.jpg/250x188.webp,18.74928543559842,1879
6ea32207-9539-4cdd-9553-ad6ebcc05238,Mazda,2,Centre-Line,Dealer,19990,2,10313,03-2025,3000,https://prod.pictures.autoscout24.net/listing-images/6ea32207-9539-4cdd-9553-ad6ebcc05238_650fa6e7-6ba7-45ee-99a3-9bb29d54850c.jpg/250x188.webp https://prod.pictures.autoscout24.net/listing-images/6ea32207-9539-4cdd-9553-ad6ebcc05238_9daef48c-6b62-441d-8c93-8b0bd6d4f259.jpg/250x188.webp https://prod.pictures.autoscout24.net/listing-images/6ea32207-9539-4cdd-9553-ad6ebcc05238_513f937f-1cf7-4222-899c-943c0682394f.jpg/250x188.webp https://prod.pictures.autoscout24.net/listing-images/6ea32207-9539-4cdd-9553-ad6ebcc05238_7028dc7e-fd25-43f8-84e6-c088e88cabc7.jpg/250x188.webp https://prod.pictures.autoscout24.net/listing-images/6ea32207-9539-4cdd-9553-ad6ebcc05238_f00a1776-aa55-48d7-bb52-7697e5977cf2.jpg/250x188.webp https://prod.pictures.autoscout24.net/listing-images/6ea32207-9539-4cdd-9553-ad6ebcc05238_f2e063a1-4c2e-47b8-bbf7-bdb06f828d04.jpg/250x188.webp https://prod.pictures.autoscout24.net/listing-images/6ea32207-9539-4cdd-9553-ad6ebcc05238_12eda696-163c-4652-9435-d4d13daa2953.jpg/250x188.webp https://prod.pictures.autoscout24.net/listing-images/6ea32207-9539-4cdd-9553-ad6ebcc05238_638f198b-5850-4557-8ed2-51553c658685.jpg/250x188.webp https://prod.pictures.autoscout24.net/listing-images/6ea32207-9539-4cdd-9553-ad6ebcc05238_0f193079-6c22-43c4-87f2-4d07d131f120.jpg/250x188.webp https://prod.pictures.autoscout24.net/listing-images/6ea32207-9539-4cdd-9553-ad6ebcc05238_9e021290-f032-4554-b6ca-c63e90391b43.jpg/250x188.webp https://prod.pictures.autoscout24.net/listing-images/6ea32207-9539-4cdd-9553-ad6ebcc05238_41be68f1-7216-41ee-8c92-493e565a815c.jpg/250x188.webp https://prod.pictures.autoscout24.net/listing-images/6ea32207-9539-4cdd-9553-ad6ebcc05238_8cbe5538-b583-4cca-b2fd-a2e4c25ace49.jpg/250x188.webp https://prod.pictures.autoscout24.net/listing-images/6ea32207-9539-4cdd-9553-ad6ebcc05238_9cb4bdaf-bc5a-478e-9587-ce348a682922.jpg/250x188.webp https://prod.pictures.autoscout24.net/listing-images/6ea32207-9539-4cdd-9553-ad6ebcc05238_b0c98134-1a58-4cb7-922e-d0dce7b837a2.jpg/250x188.webp https://prod.pictures.autoscout24.net/listing-images/6ea32207-9539-4cdd-9553-ad6ebcc05238_a258add6-cdc3-4946-ac32-df99fb38a466.jpg/250x188.webp https://prod.pictures.autoscout24.net/listing-images/6ea32207-9539-4cdd-9553-ad6ebcc05238_0468f171-987e-4fc7-b734-4b60a8d1df8c.jpg/250x188.webp https://prod.pictures.autoscout24.net/listing-images/6ea32207-9539-4cdd-9553-ad6ebcc05238_c038e0af-52f5-4595-bffd-e3bc3786fd2d.jpg/250x188.webp,67.38410339411878,359
4509cebe-7c4b-4cf2-a9ee-0de0cfd852ee,Mazda,CX-5,SKYCRUISE 163 AUTO,Dealer,19990,b,101078,10-2020,4040,https://prod.pictures.autoscout24.net/listing-images/4509cebe-7c4b-4cf2-a9ee-0de0cfd852ee_bc8d8565-2470-4dc6-8410-7e1752a22508.jpg/250x188.webp https://prod.pictures.autoscout24.net/listing-images/4509cebe-7c4b-4cf2-a9ee-0de0cfd852ee_40bdda32-4155-41ad-8493-3e8defdb8a73.jpg/250x188.webp https://prod.pictures.autoscout24.net/listing-images/4509cebe-7c4b-4cf2-a9ee-0de0cfd852ee_d7b8fc99-ac14-43ea-a17c-e449eb7c7d63.jpg/250x188.webp https://prod.pictures.autoscout24.net/listing-images/4509cebe-7c4b-4cf2-a9ee-0de0cfd852ee_7434d006-73dd-411f-83c0-f344844c81ce.jpg/250x188.webp https://prod.pictures.autoscout24.net/listing-images/4509cebe-7c4b-4cf2-a9ee-0de0cfd852ee_7fe19e6d-7858-4b6f-b177-789d271b0c0f.jpg/250x188.webp https://prod.pictures.autoscout24.net/listing-images/4509cebe-7c4b-4cf2-a9ee-0de0cfd852ee_dcedac62-8307-452f-b9d6-75786a3f4855.jpg/250x188.webp https://prod.pictures.autoscout24.net/listing-images/4509cebe-7c4b-4cf2-a9ee-0de0cfd852ee_4d05cb07-1edb-4f83-aefa-635c359f7f8b.jpg/250x188.webp https://prod.pictures.autoscout24.net/listing-images/4509cebe-7c4b-4cf2-a9ee-0de0cfd852ee_03f82e95-97bd-43a4-8b00-8e2cb1bd7a18.jpg/250x188.webp https://prod.pictures.autoscout24.net/listing-images/4509cebe-7c4b-4cf2-a9ee-0de0cfd852ee_f001bab4-c648-40d4-96c3-79fe2def5729.jpg/250x188.webp https://prod.pictures.autoscout24.net/listing-images/4509cebe-7c4b-4cf2-a9ee-0de0cfd852ee_68ad3fec-b39b-4c19-84f2-4890875f55de.jpg/250x188.webp https://prod.pictures.autoscout24.net/listing-images/4509cebe-7c4b-4cf2-a9ee-0de0cfd852ee_61739c3b-09be-4f84-ba14-50ad2953e8ff.jpg/250x188.webp https://prod.pictures.autoscout24.net/listing-images/4509cebe-7c4b-4cf2-a9ee-0de0cfd852ee_12430777-15ca-4875-b6e1-7f19c55943d4.jpg/250x188.webp https://prod.pictures.autoscout24.net/listing-images/4509cebe-7c4b-4cf2-a9ee-0de0cfd852ee_e3b1344f-24e0-47e1-b425-843fd2573049.jpg/250x188.webp https://prod.pictures.autoscout24.net/listing-images/4509cebe-7c4b-4cf2-a9ee-0de0cfd852ee_570e1be2-b3a6-430c-b22a-4f65e11ecbca.jpg/250x188.webp,120.39133917274062,1971
ffabb307-3e0c-41a7-b313-7e42f053d8fd,Mazda,CX-3,2.0i SKYACTIV-G 2WD Skydrive/BOITE AUTO/NAVI,Dealer,19990,b,77665,02-2021,5536,https://prod.pictures.autoscout24.net/listing-images/ffabb307-3e0c-41a7-b313-7e42f053d8fd_4e59a33d-b26b-476b-ade4-d84790f9f76d.jpg/250x188.webp https://prod.pictures.autoscout24.net/listing-images/ffabb307-3e0c-41a7-b313-7e42f053d8fd_eae6cc63-1efe-4018-bb89-7d7960fcb414.jpg/250x188.webp https://prod.pictures.autoscout24.net/listing-images/ffabb307-3e0c-41a7-b313-7e42f053d8fd_7c4ab98a-8e9a-4a2c-abba-2c3a0c6b2260.jpg/250x188.webp https://prod.pictures.autoscout24.net/listing-images/ffabb307-3e0c-41a7-b313-7e42f053d8fd_692f1893-5a6f-4dea-bbad-be4eaf98dae6.jpg/250x188.webp https://prod.pictures.autoscout24.net/listing-images/ffabb307-3e0c-41a7-b313-7e42f053d8fd_5f814a64-1e70-44d1-b494-3debd316dfdd.jpg/250x188.webp https://prod.pictures.autoscout24.net/listing-images/ffabb307-3e0c-41a7-b313-7e42f053d8fd_cc7fae58-0a6f-4617-a4c9-5761dd028762.jpg/250x188.webp https://prod.pictures.autoscout24.net/listing-images/ffabb307-3e0c-41a7-b313-7e42f053d8fd_2075710a-6980-441a-9bf4-0497d3b140c8.jpg/250x188.webp https://prod.pictures.autoscout24.net/listing-images/ffabb307-3e0c-41a7-b313-7e42f053d8fd_0689e82e-251b-4bdc-946c-a0a2f8fbc8c2.jpg/250x188.webp https://prod.pictures.autoscout24.net/listing-images/ffabb307-3e0c-41a7-b313-7e42f053d8fd_fc464f8a-26ec-4fdc-b674-5961a4874c20.jpg/250x188.webp https://prod.pictures.autoscout24.net/listing-images/ffabb307-3e0c-41a7-b313-7e42f053d8fd_566125fb-c8bf-45b5-a83f-1af6a796d9f0.jpg/250x188.webp https://prod.pictures.autoscout24.net/listing-images/ffabb307-3e0c-41a7-b313-7e42f053d8fd_018f649c-5fcc-4bf7-88f3-949d91100321.jpg/250x188.webp https://prod.pictures.autoscout24.net/listing-images/ffabb307-3e0c-41a7-b313-7e42f053d8fd_970b0b5b-148d-432f-a832-e5b18c72abad.jpg/250x188.webp https://prod.pictures.autoscout24.net/listing-images/ffabb307-3e0c-41a7-b313-7e42f053d8fd_af73389e-9de4-494b-b722-353de4412a67.jpg/250x188.webp https://prod.pictures.autoscout24.net/listing-images/ffabb307-3e0c-41a7-b313-7e42f053d8fd_9ae84ffc-5837-40b3-a1f6-478cbe3bf6c0.jpg/250x188.webp https://prod.pictures.autoscout24.net/listing-images/ffabb307-3e0c-41a7-b313-7e42f053d8fd_8ece8fd1-b597-481a-bda1-e569e4776812.jpg/250x188.webp https://prod.pictures.autoscout24.net/listing-images/ffabb307-3e0c-41a7-b313-7e42f053d8fd_907d4667-04a1-4394-b754-8a56f1f73dc5.jpg/250x188.webp https://prod.pictures.autoscout24.net/listing-images/ffabb307-3e0c-41a7-b313-7e42f053d8fd_2a4a64ef-e63a-48c7-8e1b-b0c6095bcc32.jpg/250x188.webp https://prod.pictures.autoscout24.net/listing-images/ffabb307-3e0c-41a7-b313-7e42f053d8fd_2be82751-633f-4e84-8055-7873e3d1367a.jpg/250x188.webp https://prod.pictures.autoscout24.net/listing-images/ffabb307-3e0c-41a7-b313-7e42f053d8fd_a966174e-7a08-4bdc-a159-364bf440123a.jpg/250x188.webp https://prod.pictures.autoscout24.net/listing-images/ffabb307-3e0c-41a7-b313-7e42f053d8fd_95468dcd-d4e4-4a43-b3d9-759a1ad0fc4f.jpg/250x188.webp https://prod.pictures.autoscout24.net/listing-images/ffabb307-3e0c-41a7-b313-7e42f053d8fd_f5cb6631-0dce-44d8-a2eb-ff064414c2d9.jpg/250x188.webp https://prod.pictures.autoscout24.net/listing-images/ffabb307-3e0c-41a7-b313-7e42f053d8fd_5effa141-6fe6-41e2-977b-9673ac2d230b.jpg/250x188.webp,,1848
ce16afa5-cb4a-4e6b-b1a3-0cb9a9a1337c,Mazda,CX-30,CX-30 2.0i SKYACTIV-G MHE Skydrive,Dealer,19999,2,79999,10-2020,6200,https://prod.pictures.autoscout24.net/listing-images/ce16afa5-cb4a-4e6b-b1a3-0cb9a9a1337c_86dbe3a9-df8d-4e4a-b4aa-01ecee4fb848.jpg/250x188.webp https://prod.pictures.autoscout24.net/listing-images/ce16afa5-cb4a-4e6b-b1a3-0cb9a9a1337c_b389d055-1205-4286-b442-8b2493d45823.jpg/250x188.webp https://prod.pictures.autoscout24.net/listing-images/ce16afa5-cb4a-4e6b-b1a3-0cb9a9a1337c_6869161d-ee2f-4a95-b0b6-ae34d731ab9c.jpg/250x188.webp https://prod.pictures.autoscout24.net/listing-images/ce16afa5-cb4a-4e6b-b1a3-0cb9a9a1337c_7932173d-c8c9-465e-b8f8-2a61379251ef.jpg/250x188.webp https://prod.pictures.autoscout24.net/listing-images/ce16afa5-cb4a-4e6b-b1a3-0cb9a9a1337c_d426d8ac-3b42-4e19-b8a9-252e6ccf69eb.jpg/250x188.webp https://prod.pictures.autoscout24.net/listing-images/ce16afa5-cb4a-4e6b-b1a3-0cb9a9a1337c_a9805e0e-e357-4a52-b0c3-054d020248e1.jpg/250x188.webp https://prod.pictures.autoscout24.net/listing-images/ce16afa5-cb4a-4e6b-b1a3-0cb9a9a1337c_9beb2c43-cd87-4605-b388-79bacf61f41a.jpg/250x188.webp,118.44618105987009,1971
03ec932b-df43-4542-82de-5275f07965c9,Mazda,CX-30,CX-30 2.0i SKYACTIV-G MHE Skycruise Bose,PrivateSeller,20000,b,84000,06-2020,9860,https://prod.pictures.autoscout24.net/listing-images/03ec932b-df43-4542-82de-5275f07965c9_59f893c5-e186-4b0d-b46c-71b5823cd756.jpg/250x188.webp https://prod.pictures.autoscout24.net/listing-images/03ec932b-df43-4542-82de-5275f07965c9_dd37d08a-0e91-4c96-8ea8-b1de61ce54d5.jpg/250x188.webp https://prod.pictures.autoscout24.net/listing-images/03ec932b-df43-4542-82de-5275f07965c9_e1270496-debb-48b7-85b7-d7588dc84a5e.jpg/250x188.webp https://prod.pictures.autoscout24.net/listing-images/03ec932b-df43-4542-82de-5275f07965c9_28c6738e-ed7d-45b9-894e-14efe45566e3.jpg/250x188.webp https://prod.pictures.autoscout24.net/listing-images/03ec932b-df43-4542-82de-5275f07965c9_138344ad-de93-47f7-adf3-f2b4d96fa476.jpg/250x188.webp https://prod.pictures.autoscout24.net/listing-images/03ec932b-df43-4542-82de-5275f07965c9_6c4c2f2b-55b8-4c76-b4b8-59c0ada792e9.jpg/250x188.webp https://prod.pictures.autoscout24.net/listing-images/03ec932b-df43-4542-82de-5275f07965c9_8996bb52-8002-4856-883b-1d78342f1696.jpg/250x188.webp https://prod.pictures.autoscout24.net/listing-images/03ec932b-df43-4542-82de-5275f07965c9_12a186b4-e976-4802-8614-4dd8d017609a.jpg/250x188.webp https://prod.pictures.autoscout24.net/listing-images/03ec932b-df43-4542-82de-5275f07965c9_057fae92-985f-4859-90c3-84c13bd06d58.jpg/250x188.webp https://prod.pictures.autoscout24.net/listing-images/03ec932b-df43-4542-82de-5275f07965c9_97568b90-f622-4591-870f-8032cc0ecc0c.jpg/250x188.webp,74.17890728926801,2093
96e62357-27b9-463b-a3a9-05bb28ef2759,Mazda,CX-30,SKYCRUISE 180 AUTOMATIQUE,Dealer,20490,b,87514,01-2023,4040,https://prod.pictures.autoscout24.net/listing-images/96e62357-27b9-463b-a3a9-05bb28ef2759_4002a8fe-8309-46f8-be60-ebbc71b3fa0b.jpg/250x188.webp https://prod.pictures.autoscout24.net/listing-images/96e62357-27b9-463b-a3a9-05bb28ef2759_4509831f-3fc8-4ca7-85d1-e9c33d525d5d.jpg/250x188.webp https://prod.pictures.autoscout24.net/listing-images/96e62357-27b9-463b-a3a9-05bb28ef2759_96f20bcc-1a11-4d90-8af1-330dd57da9e2.jpg/250x188.webp https://prod.pictures.autoscout24.net/listing-images/96e62357-27b9-463b-a3a9-05bb28ef2759_8e96fd70-7ab7-4975-9e2d-8d0c2c615c30.jpg/250x188.webp https://prod.pictures.autoscout24.net/listing-images/96e62357-27b9-463b-a3a9-05bb28ef2759_e1ab82fe-7daf-453a-97a9-1458d368d17a.jpg/250x188.webp https://prod.pictures.autoscout24.net/listing-images/96e62357-27b9-463b-a3a9-05bb28ef2759_37c56466-f94c-45ff-b338-5072d253aa42.jpg/250x188.webp https://prod.pictures.autoscout24.net/listing-images/96e62357-27b9-463b-a3a9-05bb28ef2759_63251d44-b7ee-4a83-ac98-cb90398fcbe9.jpg/250x188.webp https://prod.pictures.autoscout24.net/listing-images/96e62357-27b9-463b-a3a9-05bb28ef2759_3dedf881-d83f-44ec-8f13-26f0b10829ed.jpg/250x188.webp https://prod.pictures.autoscout24.net/listing-images/96e62357-27b9-463b-a3a9-05bb28ef2759_a5373a69-6675-4b6a-8b77-d43a5de08963.jpg/250x188.webp https://prod.pictures.autoscout24.net/listing-images/96e62357-27b9-463b-a3a9-05bb28ef2759_5c219fd1-11ee-43c9-8f18-47b71eb1481b.jpg/250x188.webp https://prod.pictures.autoscout24.net/listing-images/96e62357-27b9-463b-a3a9-05bb28ef2759_d1d44f8f-5ecc-4312-9c62-463b1d291441.jpg/250x188.webp https://prod.pictures.autoscout24.net/listing-images/96e62357-27b9-463b-a3a9-05bb28ef2759_d1a24318-5be5-4a68-8841-6031f03314be.jpg/250x188.webp https://prod.pictures.autoscout24.net/listing-images/96e62357-27b9-463b-a3a9-05bb28ef2759_b29ad595-badf-49b0-8155-e9bb870e4e9a.jpg/250x188.webp https://prod.pictures.autoscout24.net/listing-images/96e62357-27b9-463b-a3a9-05bb28ef2759_e16b86a5-26e4-44c6-9eee-79168a4cc0f2.jpg/250x188.webp https://prod.pictures.autoscout24.net/listing-images/96e62357-27b9-463b-a3a9-05bb28ef2759_3e46220e-8a09-43ca-90f8-479ec9a9bc3d.jpg/250x188.webp https://prod.pictures.autoscout24.net/listing-images/96e62357-27b9-463b-a3a9-05bb28ef2759_39945c80-e770-4869-947e-603c88661b24.jpg/250x188.webp https://prod.pictures.autoscout24.net/listing-images/96e62357-27b9-463b-a3a9-05bb28ef2759_0f5a535f-1112-4554-acbe-c8144220eb4b.jpg/250x188.webp https://prod.pictures.autoscout24.net/listing-images/96e62357-27b9-463b-a3a9-05bb28ef2759_2d3d6636-4a24-4e53-83f8-ed372f112607.jpg/250x188.webp,120.39133917274062,1149
66718f62-c5cc-4365-b5fe-8bb1ac3dd982,Mazda,2,Hybrid VVT-i Centre-Line CVT (meerdere kleuren be,Dealer,19500,2,27653,03-2025,2160,https://prod.pictures.autoscout24.net/listing-images/66718f62-c5cc-4365-b5fe-8bb1ac3dd982_7693cd4d-e448-4b9c-a289-e42587d78acb.jpg/250x188.webp https://prod.pictures.autoscout24.net/listing-images/66718f62-c5cc-4365-b5fe-8bb1ac3dd982_57200b32-7084-466e-a75b-026b61b03a1e.jpg/250x188.webp https://prod.pictures.autoscout24.net/listing-images/66718f62-c5cc-4365-b5fe-8bb1ac3dd982_8a75cecc-6b4f-4556-9db0-f8ffd7a8ad4b.jpg/250x188.webp https://prod.pictures.autoscout24.net/listing-images/66718f62-c5cc-4365-b5fe-8bb1ac3dd982_dd1536ef-974d-43cf-a996-6d4942308654.jpg/250x188.webp https://prod.pictures.autoscout24.net/listing-images/66718f62-c5cc-4365-b5fe-8bb1ac3dd982_b6daeda9-8652-4ceb-b70a-b70e1c804fa8.jpg/250x188.webp https://prod.pictures.autoscout24.net/listing-images/66718f62-c5cc-4365-b5fe-8bb1ac3dd982_7e4aa97f-92a1-433a-92f9-6fbb265254ad.jpg/250x188.webp https://prod.pictures.autoscout24.net/listing-images/66718f62-c5cc-4365-b5fe-8bb1ac3dd982_c223729d-bda9-4767-af66-1733a81e1173.jpg/250x188.webp https://prod.pictures.autoscout24.net/listing-images/66718f62-c5cc-4365-b5fe-8bb1ac3dd982_7af30158-baf8-4c17-b5ff-b6cec8ccce08.jpg/250x188.webp https://prod.pictures.autoscout24.net/listing-images/66718f62-c5cc-4365-b5fe-8bb1ac3dd982_225f8045-ecc1-41b7-89eb-f74801d798ff.jpg/250x188.webp https://prod.pictures.autoscout24.net/listing-images/66718f62-c5cc-4365-b5fe-8bb1ac3dd982_a4de63c8-9cdf-4f12-8d64-4bc66eb67248.jpg/250x188.webp https://prod.pictures.autoscout24.net/listing-images/66718f62-c5cc-4365-b5fe-8bb1ac3dd982_e96a5074-c545-4645-ac5b-ff90ec784544.jpg/250x188.webp https://prod.pictures.autoscout24.net/listing-images/66718f62-c5cc-4365-b5fe-8bb1ac3dd982_0967a65a-7a37-4747-bd28-ea4d4a8040c3.jpg/250x188.webp https://prod.pictures.autoscout24.net/listing-images/66718f62-c5cc-4365-b5fe-8bb1ac3dd982_dfad0316-3259-4ce9-8e4c-96399b7bf0b6.jpg/250x188.webp https://prod.pictures.autoscout24.net/listing-images/66718f62-c5cc-4365-b5fe-8bb1ac3dd982_fe0a82d1-30c3-4090-9d76-73b6881178e8.jpg/250x188.webp,29.52364933489528,359
4509cebe-7c4b-4cf2-a9ee-0de0cfd852ee,Mazda,CX-5,SKYCRUISE 163 AUTO,Dealer,19990,b,101078,10-2020,4040,https://prod.pictures.autoscout24.net/listing-images/4509cebe-7c4b-4cf2-a9ee-0de0cfd852ee_bc8d8565-2470-4dc6-8410-7e1752a22508.jpg/250x188.webp https://prod.pictures.autoscout24.net/listing-images/4509cebe-7c4b-4cf2-a9ee-0de0cfd852ee_40bdda32-4155-41ad-8493-3e8defdb8a73.jpg/250x188.webp https://prod.pictures.autoscout24.net/listing-images/4509cebe-7c4b-4cf2-a9ee-0de0cfd852ee_d7b8fc99-ac14-43ea-a17c-e449eb7c7d63.jpg/250x188.webp https://prod.pictures.autoscout24.net/listing-images/4509cebe-7c4b-4cf2-a9ee-0de0cfd852ee_7434d006-73dd-411f-83c0-f344844c81ce.jpg/250x188.webp https://prod.pictures.autoscout24.net/listing-images/4509cebe-7c4b-4cf2-a9ee-0de0cfd852ee_7fe19e6d-7858-4b6f-b177-789d271b0c0f.jpg/250x188.webp https://prod.pictures.autoscout24.net/listing-images/4509cebe-7c4b-4cf2-a9ee-0de0cfd852ee_dcedac62-8307-452f-b9d6-75786a3f4855.jpg/250x188.webp https://prod.pictures.autoscout24.net/listing-images/4509cebe-7c4b-4cf2-a9ee-0de0cfd852ee_4d05cb07-1edb-4f83-aefa-635c359f7f8b.jpg/250x188.webp https://prod.pictures.autoscout24.net/listing-images/4509cebe-7c4b-4cf2-a9ee-0de0cfd852ee_03f82e95-97bd-43a4-8b00-8e2cb1bd7a18.jpg/250x188.webp https://prod.pictures.autoscout24.net/listing-images/4509cebe-7c4b-4cf2-a9ee-0de0cfd852ee_f001bab4-c648-40d4-96c3-79fe2def5729.jpg/250x188.webp https://prod.pictures.autoscout24.net/listing-images/4509cebe-7c4b-4cf2-a9ee-0de0cfd852ee_68ad3fec-b39b-4c19-84f2-4890875f55de.jpg/250x188.webp https://prod.pictures.autoscout24.net/listing-images/4509cebe-7c4b-4cf2-a9ee-0de0cfd852ee_61739c3b-09be-4f84-ba14-50ad2953e8ff.jpg/250x188.webp https://prod.pictures.autoscout24.net/listing-images/4509cebe-7c4b-4cf2-a9ee-0de0cfd852ee_12430777-15ca-4875-b6e1-7f19c55943d4.jpg/250x188.webp https://prod.pictures.autoscout24.net/listing-images/4509cebe-7c4b-4cf2-a9ee-0de0cfd852ee_e3b1344f-24e0-47e1-b425-843fd2573049.jpg/250x188.webp https://prod.pictures.autoscout24.net/listing-images/4509cebe-7c4b-4cf2-a9ee-0de0cfd852ee_570e1be2-b3a6-430c-b22a-4f65e11ecbca.jpg/250x188.webp,120.39133917274062,1971
96e62357-27b9-463b-a3a9-05bb28ef2759,Mazda,CX-30,SKYCRUISE 180 AUTOMATIQUE,Dealer,20490,b,87514,01-2023,4040,https://prod.pictures.autoscout24.net/listing-images/96e62357-27b9-463b-a3a9-05bb28ef2759_4002a8fe-8309-46f8-be60-ebbc71b3fa0b.jpg/250x188.webp https://prod.pictures.autoscout24.net/listing-images/96e62357-27b9-463b-a3a9-05bb28ef2759_4509831f-3fc8-4ca7-85d1-e9c33d525d5d.jpg/250x188.webp https://prod.pictures.autoscout24.net/listing-images/96e62357-27b9-463b-a3a9-05bb28ef2759_96f20bcc-1a11-4d90-8af1-330dd57da9e2.jpg/250x188.webp https://prod.pictures.autoscout24.net/listing-images/96e62357-27b9-463b-a3a9-05bb28ef2759_8e96fd70-7ab7-4975-9e2d-8d0c2c615c30.jpg/250x188.webp https://prod.pictures.autoscout24.net/listing-images/96e62357-27b9-463b-a3a9-05bb28ef2759_e1ab82fe-7daf-453a-97a9-1458d368d17a.jpg/250x188.webp https://prod.pictures.autoscout24.net/listing-images/96e62357-27b9-463b-a3a9-05bb28ef2759_37c56466-f94c-45ff-b338-5072d253aa42.jpg/250x188.webp https://prod.pictures.autoscout24.net/listing-images/96e62357-27b9-463b-a3a9-05bb28ef2759_63251d44-b7ee-4a83-ac98-cb90398fcbe9.jpg/250x188.webp https://prod.pictures.autoscout24.net/listing-images/96e62357-27b9-463b-a3a9-05bb28ef2759_3dedf881-d83f-44ec-8f13-26f0b10829ed.jpg/250x188.webp https://prod.pictures.autoscout24.net/listing-images/96e62357-27b9-463b-a3a9-05bb28ef2759_a5373a69-6675-4b6a-8b77-d43a5de08963.jpg/250x188.webp https://prod.pictures.autoscout24.net/listing-images/96e62357-27b9-463b-a3a9-05bb28ef2759_5c219fd1-11ee-43c9-8f18-47b71eb1481b.jpg/250x188.webp https://prod.pictures.autoscout24.net/listing-images/96e62357-27b9-463b-a3a9-05bb28ef2759_d1d44f8f-5ecc-4312-9c62-463b1d291441.jpg/250x188.webp https://prod.pictures.autoscout24.net/listing-images/96e62357-27b9-463b-a3a9-05bb28ef2759_d1a24318-5be5-4a68-8841-6031f03314be.jpg/250x188.webp https://prod.pictures.autoscout24.net/listing-images/96e62357-27b9-463b-a3a9-05bb28ef2759_b29ad595-badf-49b0-8155-e9bb870e4e9a.jpg/250x188.webp https://prod.pictures.autoscout24.net/listing-images/96e62357-27b9-463b-a3a9-05bb28ef2759_e16b86a5-26e4-44c6-9eee-79168a4cc0f2.jpg/250x188.webp https://prod.pictures.autoscout24.net/listing-images/96e62357-27b9-463b-a3a9-05bb28ef2759_3e46220e-8a09-43ca-90f8-479ec9a9bc3d.jpg/250x188.webp https://prod.pictures.autoscout24.net/listing-images/96e62357-27b9-463b-a3a9-05bb28ef2759_39945c80-e770-4869-947e-603c88661b24.jpg/250x188.webp https://prod.pictures.autoscout24.net/listing-images/96e62357-27b9-463b-a3a9-05bb28ef2759_0f5a535f-1112-4554-acbe-c8144220eb4b.jpg/250x188.webp https://prod.pictures.autoscout24.net/listing-images/96e62357-27b9-463b-a3a9-05bb28ef2759_2d3d6636-4a24-4e53-83f8-ed372f112607.jpg/250x188.webp,120.39133917274062,1149
77a3e53d-d1bb-4329-873d-6fc1f435604d,Mazda,CX-30,2.0 Skyactiv-G Mild-Hybrid 2WD,Dealer,20799,b,71652,01-2021,1000,https://prod.pictures.autoscout24.net/listing-images/77a3e53d-d1bb-4329-873d-6fc1f435604d_4a5f946e-d715-4dab-bd95-938b9967fe69.jpg/250x188.webp https://prod.pictures.autoscout24.net/listing-images/77a3e53d-d1bb-4329-873d-6fc1f435604d_b2cb60c9-2f55-4e0a-a9f8-4c3d65149086.png/250x188.webp https://prod.pictures.autoscout24.net/listing-images/77a3e53d-d1bb-4329-873d-6fc1f435604d_91b0005b-1ede-45f4-b6fb-e308b34ca884.jpg/250x188.webp https://prod.pictures.autoscout24.net/listing-images/77a3e53d-d1bb-4329-873d-6fc1f435604d_6cfd71b9-b02b-42d9-974e-141fadbecdb6.jpg/250x188.webp https://prod.pictures.autoscout24.net/listing-images/77a3e53d-d1bb-4329-873d-6fc1f435604d_471207d1-f6b4-43fc-ab69-d6ebcad59c43.jpg/250x188.webp https://prod.pictures.autoscout24.net/listing-images/77a3e53d-d1bb-4329-873d-6fc1f435604d_af1f701f-a443-4282-9a03-136747b6a531.jpg/250x188.webp https://prod.pictures.autoscout24.net/listing-images/77a3e53d-d1bb-4329-873d-6fc1f435604d_ef996190-804e-4bf2-a96a-6161e5120f03.jpg/250x188.webp https://prod.pictures.autoscout24.net/listing-images/77a3e53d-d1bb-4329-873d-6fc1f435604d_39ab5ba2-76af-4e76-8ba4-160230f7929f.jpg/250x188.webp https://prod.pictures.autoscout24.net/listing-images/77a3e53d-d1bb-4329-873d-6fc1f435604d_674f5b8b-2952-402c-a361-711c48e42bf5.jpg/250x188.webp https://prod.pictures.autoscout24.net/listing-images/77a3e53d-d1bb-4329-873d-6fc1f435604d_9a8cedf1-1186-4ceb-a9af-19c90f0eb948.png/250x188.webp https://prod.pictures.autoscout24.net/listing-images/77a3e53d-d1bb-4329-873d-6fc1f435604d_e19d398a-3cf1-40ff-87e4-55570d141446.jpg/250x188.webp https://prod.pictures.autoscout24.net/listing-images/77a3e53d-d1bb-4329-873d-6fc1f435604d_a41355e0-8074-4e70-9459-212a735d3b83.jpg/250x188.webp https://prod.pictures.autoscout24.net/listing-images/77a3e53d-d1bb-4329-873d-6fc1f435604d_0f25fcf1-5065-4e48-b368-4fe710dab9d9.jpg/250x188.webp https://prod.pictures.autoscout24.net/listing-images/77a3e53d-d1bb-4329-873d-6fc1f435604d_153d475b-2cfd-4e9a-8685-91ae27237ae1.jpg/250x188.webp https://prod.pictures.autoscout24.net/listing-images/77a3e53d-d1bb-4329-873d-6fc1f435604d_0c3e05bb-d44d-4d28-8e49-48cc77ed7262.jpg/250x188.webp https://prod.pictures.autoscout24.net/listing-images/77a3e53d-d1bb-4329-873d-6fc1f435604d_f3e6cc7d-e400-49d4-8397-e83bc59103c9.jpg/250x188.webp https://prod.pictures.autoscout24.net/listing-images/77a3e53d-d1bb-4329-873d-6fc1f435604d_e06087e7-737e-416e-aee4-98a3a8ba83e2.jpg/250x188.webp https://prod.pictures.autoscout24.net/listing-images/77a3e53d-d1bb-4329-873d-6fc1f435604d_4a3811ca-b116-4745-a3f1-b08f281ff54b.jpg/250x188.webp https://prod.pictures.autoscout24.net/listing-images/77a3e53d-d1bb-4329-873d-6fc1f435604d_fd3e7cc7-1911-4682-97a3-f4677037821e.jpg/250x188.webp https://prod.pictures.autoscout24.net/listing-images/77a3e53d-d1bb-4329-873d-6fc1f435604d_17c2d32a-a60c-461e-b4c1-7aa5367d1749.jpg/250x188.webp https://prod.pictures.autoscout24.net/listing-images/77a3e53d-d1bb-4329-873d-6fc1f435604d_c9c4defa-9573-45be-a190-3e5fc322a5ee.jpg/250x188.webp https://prod.pictures.autoscout24.net/listing-images/77a3e53d-d1bb-4329-873d-6fc1f435604d_fd670538-8c71-428d-b238-531d46cfa449.jpg/250x188.webp https://prod.pictures.autoscout24.net/listing-images/77a3e53d-d1bb-4329-873d-6fc1f435604d_45a4a3c7-c22d-41ce-b58a-34e97bd40a52.jpg/250x188.webp https://prod.pictures.autoscout24.net/listing-images/77a3e53d-d1bb-4329-873d-6fc1f435604d_60073897-3974-42df-95a2-0133a217f872.jpg/250x188.webp https://prod.pictures.autoscout24.net/listing-images/77a3e53d-d1bb-4329-873d-6fc1f435604d_b98440cf-5025-49f1-a767-19f582f3223e.jpg/250x188.webp https://prod.pictures.autoscout24.net/listing-images/77a3e53d-d1bb-4329-873d-6fc1f435604d_c47a223a-9e1a-4ec5-a385-e349ae6e1656.jpg/250x188.webp https://prod.pictures.autoscout24.net/listing-images/77a3e53d-d1bb-4329-873d-6fc1f435604d_334c4a99-5bcd-4699-a3a4-a3458282b77d.jpg/250x188.webp https://prod.pictures.autoscout24.net/listing-images/77a3e53d-d1bb-4329-873d-6fc1f435604d_4a5ccf65-381f-44ef-9b7a-581316e59705.jpg/250x188.webp https://prod.pictures.autoscout24.net/listing-images/77a3e53d-d1bb-4329-873d-6fc1f435604d_c02a93b4-94c0-4c17-9642-16916508539c.jpg/250x188.webp https://prod.pictures.autoscout24.net/listing-images/77a3e53d-d1bb-4329-873d-6fc1f435604d_cec5c978-b76b-4a92-9be0-7ddd21e9d649.jpg/250x188.webp https://prod.pictures.autoscout24.net/listing-images/77a3e53d-d1bb-4329-873d-6fc1f435604d_069ac8b3-01ab-48a5-a6d2-17369b9f6a1d.jpg/250x188.webp https://prod.pictures.autoscout24.net/listing-images/77a3e53d-d1bb-4329-873d-6fc1f435604d_2bf03d11-977f-45a5-9e66-8c147f94cdb3.jpg/250x188.webp https://prod.pictures.autoscout24.net/listing-images/77a3e53d-d1bb-4329-873d-6fc1f435604d_51304e35-36f9-46e1-beb5-e025d7ab667f.jpg/250x188.webp,69.17270624549755,1879
d19bc7a9-4b90-47b3-a288-7a0182bc946c,Mazda,6,2.0 SKYACTIV-G Privilege Edition AUT,Dealer,20900,b,97670,01-2020,2300,https://prod.pictures.autoscout24.net/listing-images/d19bc7a9-4b90-47b3-a288-7a0182bc946c_fb722373-90a7-42fe-a1ac-e0515afd0138.jpg/250x188.webp https://prod.pictures.autoscout24.net/listing-images/d19bc7a9-4b90-47b3-a288-7a0182bc946c_f2b3fdc3-66c1-4230-8b0e-6cc24e9a8de3.jpg/250x188.webp https://prod.pictures.autoscout24.net/listing-images/d19bc7a9-4b90-47b3-a288-7a0182bc946c_cf7a9f10-b63a-4a57-8c00-c99a4e16eff9.jpg/250x188.webp https://prod.pictures.autoscout24.net/listing-images/d19bc7a9-4b90-47b3-a288-7a0182bc946c_aa5c258f-fcf9-4765-af2a-211f7c869967.jpg/250x188.webp https://prod.pictures.autoscout24.net/listing-images/d19bc7a9-4b90-47b3-a288-7a0182bc946c_16c43f4e-2a14-4544-a2e1-787b835a57f9.jpg/250x188.webp https://prod.pictures.autoscout24.net/listing-images/d19bc7a9-4b90-47b3-a288-7a0182bc946c_7b49e021-5070-4b34-a3d1-120f29a72793.jpg/250x188.webp https://prod.pictures.autoscout24.net/listing-images/d19bc7a9-4b90-47b3-a288-7a0182bc946c_e503f1bd-5999-4f76-b58b-597e4148583b.jpg/250x188.webp https://prod.pictures.autoscout24.net/listing-images/d19bc7a9-4b90-47b3-a288-7a0182bc946c_57e64d7f-2af1-4616-ab41-ac5d1f8ec8ad.jpg/250x188.webp https://prod.pictures.autoscout24.net/listing-images/d19bc7a9-4b90-47b3-a288-7a0182bc946c_24a903b0-7b10-474b-8426-c5c10860ca61.jpg/250x188.webp https://prod.pictures.autoscout24.net/listing-images/d19bc7a9-4b90-47b3-a288-7a0182bc946c_c2a086b1-df47-4d4b-a77f-b6491d9ebe5f.jpg/250x188.webp https://prod.pictures.autoscout24.net/listing-images/d19bc7a9-4b90-47b3-a288-7a0182bc946c_a52c46df-0d59-4ca4-bd71-337714c86681.jpg/250x188.webp https://prod.pictures.autoscout24.net/listing-images/d19bc7a9-4b90-47b3-a288-7a0182bc946c_9817caee-c42c-456f-a082-c194a21aab86.jpg/250x188.webp https://prod.pictures.autoscout24.net/listing-images/d19bc7a9-4b90-47b3-a288-7a0182bc946c_8f6e33ce-ea09-420e-b709-4e329eab7c34.jpg/250x188.webp https://prod.pictures.autoscout24.net/listing-images/d19bc7a9-4b90-47b3-a288-7a0182bc946c_124f9494-34d0-428e-bbac-117f17ad4da3.jpg/250x188.webp https://prod.pictures.autoscout24.net/listing-images/d19bc7a9-4b90-47b3-a288-7a0182bc946c_952b6b30-c998-4f5a-83ea-dee6e4903953.jpg/250x188.webp https://prod.pictures.autoscout24.net/listing-images/d19bc7a9-4b90-47b3-a288-7a0182bc946c_68e18310-800e-4d6a-b52e-6a8760d09b49.jpg/250x188.webp https://prod.pictures.autoscout24.net/listing-images/d19bc7a9-4b90-47b3-a288-7a0182bc946c_093961d0-fef7-48ac-af60-3331403dc2eb.jpg/250x188.webp https://prod.pictures.autoscout24.net/listing-images/d19bc7a9-4b90-47b3-a288-7a0182bc946c_9f585d00-5d52-411e-94ed-205c46b63d1a.jpg/250x188.webp https://prod.pictures.autoscout24.net/listing-images/d19bc7a9-4b90-47b3-a288-7a0182bc946c_09610bf5-2108-4591-8801-ba4edfe0cb71.jpg/250x188.webp https://prod.pictures.autoscout24.net/listing-images/d19bc7a9-4b90-47b3-a288-7a0182bc946c_fe48215a-70ab-48ee-be08-7aa1715d9877.jpg/250x188.webp https://prod.pictures.autoscout24.net/listing-images/d19bc7a9-4b90-47b3-a288-7a0182bc946c_7185d83e-a63e-4142-9ecb-ec5c910e6b87.jpg/250x188.webp https://prod.pictures.autoscout24.net/listing-images/d19bc7a9-4b90-47b3-a288-7a0182bc946c_655641dd-7da1-44f0-bbb5-40f843f21d0b.jpg/250x188.webp https://prod.pictures.autoscout24.net/listing-images/d19bc7a9-4b90-47b3-a288-7a0182bc946c_b7d01c48-3549-4490-9e57-d8c17096f7ec.jpg/250x188.webp https://prod.pictures.autoscout24.net/listing-images/d19bc7a9-4b90-47b3-a288-7a0182bc946c_32a1559c-a3d4-49ad-b1cd-db6e0b654681.jpg/250x188.webp https://prod.pictures.autoscout24.net/listing-images/d19bc7a9-4b90-47b3-a288-7a0182bc946c_d234a210-ab04-4c58-a473-1279e5053870.jpg/250x188.webp https://prod.pictures.autoscout24.net/listing-images/d19bc7a9-4b90-47b3-a288-7a0182bc946c_eb836388-72dc-46ca-9cf0-ef206b527503.jpg/250x188.webp https://prod.pictures.autoscout24.net/listing-images/d19bc7a9-4b90-47b3-a288-7a0182bc946c_0e633486-09db-4c03-9c72-caea90303e10.jpg/250x188.webp https://prod.pictures.autoscout24.net/listing-images/d19bc7a9-4b90-47b3-a288-7a0182bc946c_e8b9bd9b-93d5-44a7-82bc-6c9477b250b9.jpg/250x188.webp https://prod.pictures.autoscout24.net/listing-images/d19bc7a9-4b90-47b3-a288-7a0182bc946c_77d61aae-0ee5-4e89-bf40-745a70acc35e.jpg/250x188.webp https://prod.pictures.autoscout24.net/listing-images/d19bc7a9-4b90-47b3-a288-7a0182bc946c_df6eb897-a63f-4c41-90b0-a81c6f5bb2e9.jpg/250x188.webp,36.751136569594,2245
4033092f-9686-4837-a61c-ba8e1474e3e1,Mazda,CX-30,CX-30 2.0i SKYACTIV-G MHE Hakoné Bose,PrivateSeller,21000,b,85000,03-2021,1640,https://prod.pictures.autoscout24.net/listing-images/4033092f-9686-4837-a61c-ba8e1474e3e1_047014e1-3d3d-4e74-96a7-4c1932b0f3e7.jpg/250x188.webp https://prod.pictures.autoscout24.net/listing-images/4033092f-9686-4837-a61c-ba8e1474e3e1_2199db4e-3c21-4439-be28-b47e349759b4.jpg/250x188.webp https://prod.pictures.autoscout24.net/listing-images/4033092f-9686-4837-a61c-ba8e1474e3e1_32490a29-daef-414d-a9ea-89bc4d2dfcc1.jpg/250x188.webp https://prod.pictures.autoscout24.net/listing-images/4033092f-9686-4837-a61c-ba8e1474e3e1_507706c2-7be1-4d57-b92e-7fefb420b9e9.jpg/250x188.webp,80.60400182928595,1820
c6018460-4d56-4f76-87fe-6c391b666e1b,Mazda,CX-3,SKYACTIV-G Hakoné AUT,Dealer,21950,b,44040,09-2021,2300,https://prod.pictures.autoscout24.net/listing-images/c6018460-4d56-4f76-87fe-6c391b666e1b_e64ad43f-129e-43d3-9b60-5f2b44d41a06.jpg/250x188.webp https://prod.pictures.autoscout24.net/listing-images/c6018460-4d56-4f76-87fe-6c391b666e1b_1f2980d6-a69c-404c-a66f-d462aeeee2f4.jpg/250x188.webp https://prod.pictures.autoscout24.net/listing-images/c6018460-4d56-4f76-87fe-6c391b666e1b_13fd72fc-da2c-4aad-bff3-ade4b4b7b057.jpg/250x188.webp https://prod.pictures.autoscout24.net/listing-images/c6018460-4d56-4f76-87fe-6c391b666e1b_949f3bb8-ff9e-4ed9-9576-7f73859481d5.jpg/250x188.webp https://prod.pictures.autoscout24.net/listing-images/c6018460-4d56-4f76-87fe-6c391b666e1b_ccdf3903-4614-4514-90dd-f967523bc4b4.jpg/250x188.webp https://prod.pictures.autoscout24.net/listing-images/c6018460-4d56-4f76-87fe-6c391b666e1b_f85ca73c-b0d1-4551-8c03-1205069cfd2b.jpg/250x188.webp https://prod.pictures.autoscout24.net/listing-images/c6018460-4d56-4f76-87fe-6c391b666e1b_c5e5dee7-6ac1-45e9-860b-b717d7f35595.jpg/250x188.webp https://prod.pictures.autoscout24.net/listing-images/c6018460-4d56-4f76-87fe-6c391b666e1b_c5e253f7-480d-4151-a4c1-9e09546e03aa.jpg/250x188.webp https://prod.pictures.autoscout24.net/listing-images/c6018460-4d56-4f76-87fe-6c391b666e1b_091f3bed-b432-4092-b7f3-6540cc221162.jpg/250x188.webp https://prod.pictures.autoscout24.net/listing-images/c6018460-4d56-4f76-87fe-6c391b666e1b_035466c7-2f9c-4caf-9d73-4a1921b24356.jpg/250x188.webp https://prod.pictures.autoscout24.net/listing-images/c6018460-4d56-4f76-87fe-6c391b666e1b_a30db76b-c17f-4717-8046-35c6d1afea5a.jpg/250x188.webp https://prod.pictures.autoscout24.net/listing-images/c6018460-4d56-4f76-87fe-6c391b666e1b_139aa385-1b9b-4b58-af04-6b9f47570cba.jpg/250x188.webp https://prod.pictures.autoscout24.net/listing-images/c6018460-4d56-4f76-87fe-6c391b666e1b_746d47e4-4c0a-4b23-9d67-a2dfa6511fc7.jpg/250x188.webp https://prod.pictures.autoscout24.net/listing-images/c6018460-4d56-4f76-87fe-6c391b666e1b_66a8af6f-8751-46fd-bfbb-c9c1d7b9a5a1.jpg/250x188.webp https://prod.pictures.autoscout24.net/listing-images/c6018460-4d56-4f76-87fe-6c391b666e1b_c44b291d-b2bb-4a6b-84f5-6b17da5c0101.jpg/250x188.webp https://prod.pictures.autoscout24.net/listing-images/c6018460-4d56-4f76-87fe-6c391b666e1b_0f6d394f-37e4-48f4-b9c2-6e49e43f383a.jpg/250x188.webp https://prod.pictures.autoscout24.net/listing-images/c6018460-4d56-4f76-87fe-6c391b666e1b_04ab9f5f-fb8d-4bbf-95b8-c0fbbdecffdc.jpg/250x188.webp https://prod.pictures.autoscout24.net/listing-images/c6018460-4d56-4f76-87fe-6c391b666e1b_4cbf3024-0e7c-4069-ad64-874327a3deff.jpg/250x188.webp https://prod.pictures.autoscout24.net/listing-images/c6018460-4d56-4f76-87fe-6c391b666e1b_9d6a86ab-d1bd-43b5-ab68-c93aa4aa626f.jpg/250x188.webp https://prod.pictures.autoscout24.net/listing-images/c6018460-4d56-4f76-87fe-6c391b666e1b_9dc4ec65-4465-4251-b9a7-4bf2d32cdff1.jpg/250x188.webp https://prod.pictures.autoscout24.net/listing-images/c6018460-4d56-4f76-87fe-6c391b666e1b_f1560d72-ae9e-4f06-a726-945a21f8857c.jpg/250x188.webp https://prod.pictures.autoscout24.net/listing-images/c6018460-4d56-4f76-87fe-6c391b666e1b_2f8d2777-94ba-4310-9db0-0f6731469cb3.jpg/250x188.webp https://prod.pictures.autoscout24.net/listing-images/c6018460-4d56-4f76-87fe-6c391b666e1b_baab8bdd-4040-426b-aa15-81cb44cebefc.jpg/250x188.webp https://prod.pictures.autoscout24.net/listing-images/c6018460-4d56-4f76-87fe-6c391b666e1b_dfeb1894-d437-476b-ba58-982efd5f7a6e.jpg/250x188.webp https://prod.pictures.autoscout24.net/listing-images/c6018460-4d56-4f76-87fe-6c391b666e1b_2a90c738-0478-451e-8fec-a075b7e637bc.jpg/250x188.webp https://prod.pictures.autoscout24.net/listing-images/c6018460-4d56-4f76-87fe-6c391b666e1b_125d9c42-8697-4fe8-9f4d-45f5959fbd1c.jpg/250x188.webp https://prod.pictures.autoscout24.net/listing-images/c6018460-4d56-4f76-87fe-6c391b666e1b_fa701f6b-852a-4883-934a-33f48a43273b.jpg/250x188.webp https://prod.pictures.autoscout24.net/listing-images/c6018460-4d56-4f76-87fe-6c391b666e1b_3f62d3f6-3531-47fa-bcf2-eea04e833936.jpg/250x188.webp https://prod.pictures.autoscout24.net/listing-images/c6018460-4d56-4f76-87fe-6c391b666e1b_23fd9d49-5998-47f5-af08-7126017dc852.jpg/250x188.webp https://prod.pictures.autoscout24.net/listing-images/c6018460-4d56-4f76-87fe-6c391b666e1b_81f735ae-1f31-4cdf-805c-aa647847ade2.jpg/250x188.webp,36.751136569594,1636
4fa0f57b-e2b4-42e8-8ed8-530cb344974e,Mazda,CX-30,2.0i SKYACTIV-G MHEV  Bose - Carplay - GARANTIE12M,Dealer,21990,2,87557,04-2021,6020,https://prod.pictures.autoscout24.net/listing-images/4fa0f57b-e2b4-42e8-8ed8-530cb344974e_7f0b1801-49df-4e10-af9e-7365555f87b5.jpg/250x188.webp https://prod.pictures.autoscout24.net/listing-images/4fa0f57b-e2b4-42e8-8ed8-530cb344974e_6bca26ff-3871-4e9a-94c5-596573a91a22.jpg/250x188.webp https://prod.pictures.autoscout24.net/listing-images/4fa0f57b-e2b4-42e8-8ed8-530cb344974e_30fba945-23c6-4ffe-b45d-a26f6c04a2f1.jpg/250x188.webp https://prod.pictures.autoscout24.net/listing-images/4fa0f57b-e2b4-42e8-8ed8-530cb344974e_8ebc0626-39de-4d9e-9ee4-daf5c97dbdff.jpg/250x188.webp https://prod.pictures.autoscout24.net/listing-images/4fa0f57b-e2b4-42e8-8ed8-530cb344974e_70fe1120-5e8d-46d7-af72-887965ba1b07.jpg/250x188.webp https://prod.pictures.autoscout24.net/listing-images/4fa0f57b-e2b4-42e8-8ed8-530cb344974e_6677da4a-40ea-4b48-9488-6c9702391d48.jpg/250x188.webp https://prod.pictures.autoscout24.net/listing-images/4fa0f57b-e2b4-42e8-8ed8-530cb344974e_6dae0486-6d39-449f-9602-254900c551cb.jpg/250x188.webp https://prod.pictures.autoscout24.net/listing-images/4fa0f57b-e2b4-42e8-8ed8-530cb344974e_9ad100e8-e6ca-4f43-900b-40360ba9bdb7.jpg/250x188.webp https://prod.pictures.autoscout24.net/listing-images/4fa0f57b-e2b4-42e8-8ed8-530cb344974e_d5bedbd5-144f-4b36-9517-1d626475216f.jpg/250x188.webp https://prod.pictures.autoscout24.net/listing-images/4fa0f57b-e2b4-42e8-8ed8-530cb344974e_b9754260-7322-401d-b05e-d782cc69b3c1.jpg/250x188.webp https://prod.pictures.autoscout24.net/listing-images/4fa0f57b-e2b4-42e8-8ed8-530cb344974e_b6b0e911-ccf1-434d-ba25-03f62e813a77.jpg/250x188.webp https://prod.pictures.autoscout24.net/listing-images/4fa0f57b-e2b4-42e8-8ed8-530cb344974e_9e26f6db-39fc-4f37-86b9-edfd8ae5a5c2.jpg/250x188.webp https://prod.pictures.autoscout24.net/listing-images/4fa0f57b-e2b4-42e8-8ed8-530cb344974e_a756d436-c51d-4b6c-b030-c3554c0f5734.jpg/250x188.webp https://prod.pictures.autoscout24.net/listing-images/4fa0f57b-e2b4-42e8-8ed8-530cb344974e_a182d180-bcfe-4c7b-a97d-48bd52cf2640.jpg/250x188.webp https://prod.pictures.autoscout24.net/listing-images/4fa0f57b-e2b4-42e8-8ed8-530cb344974e_aa7f30dc-ab34-4791-bc66-3048a7adbacf.jpg/250x188.webp,116.87427855072593,1789
72889f4b-e2bc-4323-a4be-2b203bcc9f25,Mazda,MX-30,17.8 kWh e-SKYACTIV R-EV Exclusive-Line (125kW),PrivateSeller,22000,2,17500,09-2024,3500,https://prod.pictures.autoscout24.net/listing-images/72889f4b-e2bc-4323-a4be-2b203bcc9f25_193552e3-7655-40c3-834e-1aade27e3c5f.jpg/250x188.webp https://prod.pictures.autoscout24.net/listing-images/72889f4b-e2bc-4323-a4be-2b203bcc9f25_a21d92eb-14c7-45b7-9f3b-12fca3245dbc.jpg/250x188.webp https://prod.pictures.autoscout24.net/listing-images/72889f4b-e2bc-4323-a4be-2b203bcc9f25_fdd7d88a-b7f0-4489-83e9-85b4fba08a29.jpg/250x188.webp https://prod.pictures.autoscout24.net/listing-images/72889f4b-e2bc-4323-a4be-2b203bcc9f25_77029512-f16f-44e4-bef0-b86f061f563c.jpg/250x188.webp https://prod.pictures.autoscout24.net/listing-images/72889f4b-e2bc-4323-a4be-2b203bcc9f25_5792d1d2-c909-4beb-aa65-cdd62ea38990.jpg/250x188.webp https://prod.pictures.autoscout24.net/listing-images/72889f4b-e2bc-4323-a4be-2b203bcc9f25_25504326-81da-4c5a-a93b-63ea685b592b.jpg/250x188.webp,85.55016165277146,540
fa43aedc-4bff-4a94-9e13-0389aa4f0b48,Mazda,CX-30,2.0 M-HYBRID (150pk) / Automaat / 52000km / 12m wb,Dealer,22500,b,52000,12-2021,9620,https://prod.pictures.autoscout24.net/listing-images/fa43aedc-4bff-4a94-9e13-0389aa4f0b48_29e87da2-acc1-4314-88e8-9b428cb9ba9f.jpg/250x188.webp https://prod.pictures.autoscout24.net/listing-images/fa43aedc-4bff-4a94-9e13-0389aa4f0b48_0e80e1f2-2e5d-4317-80f4-392c7f4c5c0e.jpg/250x188.webp https://prod.pictures.autoscout24.net/listing-images/fa43aedc-4bff-4a94-9e13-0389aa4f0b48_855ae744-dda3-4378-8a89-92cd1e9a9aea.jpg/250x188.webp https://prod.pictures.autoscout24.net/listing-images/fa43aedc-4bff-4a94-9e13-0389aa4f0b48_8b723c38-c8e0-4de0-b041-f5aec595aab3.jpg/250x188.webp https://prod.pictures.autoscout24.net/listing-images/fa43aedc-4bff-4a94-9e13-0389aa4f0b48_815ac182-1c35-447d-a82d-f86dc498cd78.jpg/250x188.webp https://prod.pictures.autoscout24.net/listing-images/fa43aedc-4bff-4a94-9e13-0389aa4f0b48_110c0752-65bc-407c-9aef-9572abe4a9bd.jpg/250x188.webp https://prod.pictures.autoscout24.net/listing-images/fa43aedc-4bff-4a94-9e13-0389aa4f0b48_2146528f-fee6-4cef-a62e-033fe9c32826.jpg/250x188.webp https://prod.pictures.autoscout24.net/listing-images/fa43aedc-4bff-4a94-9e13-0389aa4f0b48_3580b05c-20b3-479a-bf93-50fcdef38baf.jpg/250x188.webp https://prod.pictures.autoscout24.net/listing-images/fa43aedc-4bff-4a94-9e13-0389aa4f0b48_7098ad20-68ef-4725-887b-b30fc7028352.jpg/250x188.webp https://prod.pictures.autoscout24.net/listing-images/fa43aedc-4bff-4a94-9e13-0389aa4f0b48_2d014da6-6d0a-45ee-a9ce-3b2b8f0dd9fc.jpg/250x188.webp https://prod.pictures.autoscout24.net/listing-images/fa43aedc-4bff-4a94-9e13-0389aa4f0b48_b96c6c15-5ea1-4939-8b07-4c788958c57e.jpg/250x188.webp https://prod.pictures.autoscout24.net/listing-images/fa43aedc-4bff-4a94-9e13-0389aa4f0b48_b8cce31e-bc7e-43d8-ba1c-729ec983336a.jpg/250x188.webp https://prod.pictures.autoscout24.net/listing-images/fa43aedc-4bff-4a94-9e13-0389aa4f0b48_c9d174ba-1730-4820-879a-aa96c7a44ae5.jpg/250x188.webp https://prod.pictures.autoscout24.net/listing-images/fa43aedc-4bff-4a94-9e13-0389aa4f0b48_aad70e2f-3cff-4e0d-b11a-e23311e1d5b8.jpg/250x188.webp https://prod.pictures.autoscout24.net/listing-images/fa43aedc-4bff-4a94-9e13-0389aa4f0b48_f00a3443-4694-4186-ba77-a5baa9151612.jpg/250x188.webp https://prod.pictures.autoscout24.net/listing-images/fa43aedc-4bff-4a94-9e13-0389aa4f0b48_6f378766-3245-422c-be42-e0d6e34498aa.jpg/250x188.webp https://prod.pictures.autoscout24.net/listing-images/fa43aedc-4bff-4a94-9e13-0389aa4f0b48_6e826424-9e82-45f8-875f-abeafd91b415.jpg/250x188.webp,80.93030107503533,1545
1faf93b3-a10a-40d5-b2da-1dfebfd977c6,Mazda,MX-30,MX-30 e-SKYACTIV R-EVMAKOTO PLUS,PrivateSeller,22550,2,11000,01-2025,8800,https://prod.pictures.autoscout24.net/listing-images/1faf93b3-a10a-40d5-b2da-1dfebfd977c6_058c1693-2266-4d22-a522-28a2b95b20bf.jpg/250x188.webp https://prod.pictures.autoscout24.net/listing-images/1faf93b3-a10a-40d5-b2da-1dfebfd977c6_6697e571-29b1-4a88-b6f0-16d0222f236c.jpg/250x188.webp https://prod.pictures.autoscout24.net/listing-images/1faf93b3-a10a-40d5-b2da-1dfebfd977c6_a88e1c58-3ca8-46a6-b867-5a50e741f836.jpg/250x188.webp https://prod.pictures.autoscout24.net/listing-images/1faf93b3-a10a-40d5-b2da-1dfebfd977c6_6b113c88-7638-4ce3-bfb7-49034c274ef4.jpg/250x188.webp,109.03360945246584,418
a3caec5b-b725-4aaf-9bd8-efa13e248084,Mazda,CX-30,Skydrive Mild Hybride AT 122 PK,Dealer,22790,b,80680,04-2023,8980,https://prod.pictures.autoscout24.net/listing-images/a3caec5b-b725-4aaf-9bd8-efa13e248084_bc6e5db8-83ae-46ce-b45d-56f62c205ea0.jpg/250x188.webp https://prod.pictures.autoscout24.net/listing-images/a3caec5b-b725-4aaf-9bd8-efa13e248084_0d0ce816-79fa-4ede-b985-90ce5d55eb1d.jpg/250x188.webp https://prod.pictures.autoscout24.net/listing-images/a3caec5b-b725-4aaf-9bd8-efa13e248084_385f8410-e97b-4065-877c-74aa8d12ee04.jpg/250x188.webp https://prod.pictures.autoscout24.net/listing-images/a3caec5b-b725-4aaf-9bd8-efa13e248084_0236c10b-2dae-467b-bf93-cd2b4785cf38.jpg/250x188.webp https://prod.pictures.autoscout24.net/listing-images/a3caec5b-b725-4aaf-9bd8-efa13e248084_60d10bd3-60ec-4861-9fe4-36f773430cad.jpg/250x188.webp https://prod.pictures.autoscout24.net/listing-images/a3caec5b-b725-4aaf-9bd8-efa13e248084_664ae3cd-ff67-4119-95cd-33057b81ff01.jpg/250x188.webp https://prod.pictures.autoscout24.net/listing-images/a3caec5b-b725-4aaf-9bd8-efa13e248084_d37c5db3-58ad-45bf-9637-57a921a1ed11.jpg/250x188.webp https://prod.pictures.autoscout24.net/listing-images/a3caec5b-b725-4aaf-9bd8-efa13e248084_e842ca71-5fcb-45b3-bdbb-82dc18876fe0.jpg/250x188.webp https://prod.pictures.autoscout24.net/listing-images/a3caec5b-b725-4aaf-9bd8-efa13e248084_1f9396f0-cce4-451e-a5e2-e2956142c2c6.jpg/250x188.webp https://prod.pictures.autoscout24.net/listing-images/a3caec5b-b725-4aaf-9bd8-efa13e248084_a361b3a1-4f79-46f9-9635-7d5e587a2776.jpg/250x188.webp https://prod.pictures.autoscout24.net/listing-images/a3caec5b-b725-4aaf-9bd8-efa13e248084_417f4abe-2bdf-4a33-aca7-c3bd1464f616.jpg/250x188.webp https://prod.pictures.autoscout24.net/listing-images/a3caec5b-b725-4aaf-9bd8-efa13e248084_2f34f1c9-01e8-4872-a919-eb571e58d7f1.jpg/250x188.webp https://prod.pictures.autoscout24.net/listing-images/a3caec5b-b725-4aaf-9bd8-efa13e248084_8f51ec72-5bca-4fff-bb8c-533e254916ca.jpg/250x188.webp,123.02728434511636,1059
ccb92c39-9ae6-4a1a-93df-f7aa7eadf8f2,Mazda,CX-30,CX-30 e-SKYACTIV-X 2.0 M HYBRID AWD DRIVEHOMURA,PrivateSeller,22850,b,49000,03-2023,3830,https://prod.pictures.autoscout24.net/listing-images/ccb92c39-9ae6-4a1a-93df-f7aa7eadf8f2_8edb4812-bc42-4907-992c-4095249c3e0b.jpg/250x188.webp https://prod.pictures.autoscout24.net/listing-images/ccb92c39-9ae6-4a1a-93df-f7aa7eadf8f2_e13a38bc-c170-4897-bee5-b81b471190d4.jpg/250x188.webp https://prod.pictures.autoscout24.net/listing-images/ccb92c39-9ae6-4a1a-93df-f7aa7eadf8f2_32fd3a97-65af-47de-9f41-1f8d9a5efecc.jpg/250x188.webp https://prod.pictures.autoscout24.net/listing-images/ccb92c39-9ae6-4a1a-93df-f7aa7eadf8f2_2d397f13-f745-403e-be63-47e7d2864898.jpg/250x188.webp https://prod.pictures.autoscout24.net/listing-images/ccb92c39-9ae6-4a1a-93df-f7aa7eadf8f2_b8c55677-0fac-40f0-9830-2990e91822e5.jpg/250x188.webp https://prod.pictures.autoscout24.net/listing-images/ccb92c39-9ae6-4a1a-93df-f7aa7eadf8f2_bde7aa69-e818-4c83-a13b-5a085073e0ba.jpg/250x188.webp,92.69787020259066,1090
1d61e6f9-1cb3-40f6-b645-827ce09a3a3c,Mazda,CX-30,CX-30 2.0 M HYBRID / Automaat / 60000km,Dealer,22900,b,60000,03-2022,9620,https://prod.pictures.autoscout24.net/listing-images/1d61e6f9-1cb3-40f6-b645-827ce09a3a3c_f41154ae-b346-4759-8eab-e18a94a8e13e.jpg/250x188.webp https://prod.pictures.autoscout24.net/listing-images/1d61e6f9-1cb3-40f6-b645-827ce09a3a3c_bf827681-e43f-4618-8361-16d68d49ede5.jpg/250x188.webp https://prod.pictures.autoscout24.net/listing-images/1d61e6f9-1cb3-40f6-b645-827ce09a3a3c_b619b877-b1b4-4468-8d1c-970b78e49a6f.jpg/250x188.webp https://prod.pictures.autoscout24.net/listing-images/1d61e6f9-1cb3-40f6-b645-827ce09a3a3c_ae15b4b5-2efe-409a-beac-794187dc3fa6.jpg/250x188.webp https://prod.pictures.autoscout24.net/listing-images/1d61e6f9-1cb3-40f6-b645-827ce09a3a3c_38719676-9783-4719-a290-a52d0df405e9.jpg/250x188.webp https://prod.pictures.autoscout24.net/listing-images/1d61e6f9-1cb3-40f6-b645-827ce09a3a3c_b035997b-5544-480e-9307-ad910a64d299.jpg/250x188.webp https://prod.pictures.autoscout24.net/listing-images/1d61e6f9-1cb3-40f6-b645-827ce09a3a3c_85c321f0-b5e1-477d-bb02-d906a92c257c.jpg/250x188.webp https://prod.pictures.autoscout24.net/listing-images/1d61e6f9-1cb3-40f6-b645-827ce09a3a3c_89fa5b3b-27bb-431a-a68a-d0b9e544a4e5.jpg/250x188.webp https://prod.pictures.autoscout24.net/listing-images/1d61e6f9-1cb3-40f6-b645-827ce09a3a3c_db23d8ba-ee64-4d10-9cf0-cc4a4be6084e.jpg/250x188.webp https://prod.pictures.autoscout24.net/listing-images/1d61e6f9-1cb3-40f6-b645-827ce09a3a3c_ab99114e-4c4e-4450-9bce-af16b7eddd86.jpg/250x188.webp https://prod.pictures.autoscout24.net/listing-images/1d61e6f9-1cb3-40f6-b645-827ce09a3a3c_baffc2c6-e1a2-4fb1-be7e-7f89000f2d25.jpg/250x188.webp https://prod.pictures.autoscout24.net/listing-images/1d61e6f9-1cb3-40f6-b645-827ce09a3a3c_1ae6294f-b6b9-4152-ba92-66f35e07a7f9.jpg/250x188.webp https://prod.pictures.autoscout24.net/listing-images/1d61e6f9-1cb3-40f6-b645-827ce09a3a3c_48f7a9c9-75fe-43fb-a094-afd8859f2234.jpg/250x188.webp https://prod.pictures.autoscout24.net/listing-images/1d61e6f9-1cb3-40f6-b645-827ce09a3a3c_6c02c008-1f89-4bd8-ab13-cad54720f468.jpg/250x188.webp https://prod.pictures.autoscout24.net/listing-images/1d61e6f9-1cb3-40f6-b645-827ce09a3a3c_8b00e629-4bea-451a-a121-484b5b9e87df.jpg/250x188.webp https://prod.pictures.autoscout24.net/listing-images/1d61e6f9-1cb3-40f6-b645-827ce09a3a3c_bc94b973-decf-4cc7-865b-ebfdf4544460.jpg/250x188.webp,80.93030107503533,1455
290bfcb8-f67c-4238-b4d5-86795d40d9de,Mazda,CX-30,CX-30 2.0i SKYACTIV-G MHE Skydrive Business,Dealer,22950,b,27651,09-2020,1651,https://prod.pictures.autoscout24.net/listing-images/290bfcb8-f67c-4238-b4d5-86795d40d9de_7eaf4f6e-2ad0-4d6e-a955-578c0db7ec9d.jpg/250x188.webp https://prod.pictures.autoscout24.net/listing-images/290bfcb8-f67c-4238-b4d5-86795d40d9de_054840fa-930d-44e5-9e8a-dba2b36324c3.jpg/250x188.webp https://prod.pictures.autoscout24.net/listing-images/290bfcb8-f67c-4238-b4d5-86795d40d9de_150cf0fe-8fb8-4788-bc65-7ae1a0664f0b.jpg/250x188.webp https://prod.pictures.autoscout24.net/listing-images/290bfcb8-f67c-4238-b4d5-86795d40d9de_de7722e9-6c93-4edf-a483-356a3a3781ee.jpg/250x188.webp https://prod.pictures.autoscout24.net/listing-images/290bfcb8-f67c-4238-b4d5-86795d40d9de_339eac4e-097f-4518-b34c-ed878dd3ac7d.jpg/250x188.webp https://prod.pictures.autoscout24.net/listing-images/290bfcb8-f67c-4238-b4d5-86795d40d9de_2f9169aa-6769-49e6-9bd0-2fcf18d51be9.jpg/250x188.webp https://prod.pictures.autoscout24.net/listing-images/290bfcb8-f67c-4238-b4d5-86795d40d9de_97d09ae0-4153-47da-999c-d9d26dda000f.jpg/250x188.webp https://prod.pictures.autoscout24.net/listing-images/290bfcb8-f67c-4238-b4d5-86795d40d9de_94f5481e-40de-4577-8266-00290c327359.jpg/250x188.webp https://prod.pictures.autoscout24.net/listing-images/290bfcb8-f67c-4238-b4d5-86795d40d9de_4f625379-c80e-4bc6-b406-28a335cf9800.jpg/250x188.webp https://prod.pictures.autoscout24.net/listing-images/290bfcb8-f67c-4238-b4d5-86795d40d9de_75aaa15e-ba8f-4dac-b4d1-c24a9fa49fc2.jpg/250x188.webp https://prod.pictures.autoscout24.net/listing-images/290bfcb8-f67c-4238-b4d5-86795d40d9de_dc38d753-95c4-4829-a64a-864422e6ec90.jpg/250x188.webp https://prod.pictures.autoscout24.net/listing-images/290bfcb8-f67c-4238-b4d5-86795d40d9de_2091352d-e287-4aaf-91ac-54ff3549ccd2.jpg/250x188.webp https://prod.pictures.autoscout24.net/listing-images/290bfcb8-f67c-4238-b4d5-86795d40d9de_df9f5d88-0bdc-436f-9d5b-f80efa6a6acf.jpg/250x188.webp https://prod.pictures.autoscout24.net/listing-images/290bfcb8-f67c-4238-b4d5-86795d40d9de_bdabbe00-ffc4-4d54-8f35-901b713652a2.jpg/250x188.webp https://prod.pictures.autoscout24.net/listing-images/290bfcb8-f67c-4238-b4d5-86795d40d9de_49294f4d-1ee7-4a86-b0ef-b39ea316d773.jpg/250x188.webp https://prod.pictures.autoscout24.net/listing-images/290bfcb8-f67c-4238-b4d5-86795d40d9de_cee788d8-62a3-4f61-9a6d-d66f0e559df9.jpg/250x188.webp https://prod.pictures.autoscout24.net/listing-images/290bfcb8-f67c-4238-b4d5-86795d40d9de_61708e7f-8da1-43a7-95c9-57b8f3fcbd30.jpg/250x188.webp https://prod.pictures.autoscout24.net/listing-images/290bfcb8-f67c-4238-b4d5-86795d40d9de_863013e4-3563-4025-8848-052d40feb2f6.jpg/250x188.webp https://prod.pictures.autoscout24.net/listing-images/290bfcb8-f67c-4238-b4d5-86795d40d9de_a6797ae6-4dae-4b9f-b1e9-55d3d8e3a76b.jpg/250x188.webp,78.98056604317188,2001
39fd5ad1-6759-4f55-934c-67df476071e1,Mazda,CX-30,2.0 SKYACTIV *CAMERA 360* RADAR AV/ARR * CARPLAY *,Dealer,22950,b,70288,07-2022,1440,https://prod.pictures.autoscout24.net/listing-images/39fd5ad1-6759-4f55-934c-67df476071e1_a076ce17-7ce4-499d-9acf-625f0bec5cfc.jpg/250x188.webp https://prod.pictures.autoscout24.net/listing-images/39fd5ad1-6759-4f55-934c-67df476071e1_d7c5dd12-e721-42ab-b3e8-2c03c38edd39.jpg/250x188.webp https://prod.pictures.autoscout24.net/listing-images/39fd5ad1-6759-4f55-934c-67df476071e1_22dd5d6d-6ef8-4fc7-8811-bd2490eb7685.jpg/250x188.webp https://prod.pictures.autoscout24.net/listing-images/39fd5ad1-6759-4f55-934c-67df476071e1_896f5ab4-96ef-49cc-ac3c-68a25bd2a946.jpg/250x188.webp https://prod.pictures.autoscout24.net/listing-images/39fd5ad1-6759-4f55-934c-67df476071e1_3a4959ea-9389-4fce-815e-81b5ee5acea9.jpg/250x188.webp https://prod.pictures.autoscout24.net/listing-images/39fd5ad1-6759-4f55-934c-67df476071e1_c792e37c-43e2-4f29-8fff-89c787fc0909.jpg/250x188.webp https://prod.pictures.autoscout24.net/listing-images/39fd5ad1-6759-4f55-934c-67df476071e1_ea225c47-5d47-41f8-bc90-0daca7a44202.jpg/250x188.webp https://prod.pictures.autoscout24.net/listing-images/39fd5ad1-6759-4f55-934c-67df476071e1_112f97b1-17b2-4ee7-b899-abeb7e70bfed.jpg/250x188.webp https://prod.pictures.autoscout24.net/listing-images/39fd5ad1-6759-4f55-934c-67df476071e1_a7d7669b-e6f9-4e63-b023-805196e792ca.jpg/250x188.webp https://prod.pictures.autoscout24.net/listing-images/39fd5ad1-6759-4f55-934c-67df476071e1_aa2ed13f-95d1-4ed4-bf81-e59166c389f3.jpg/250x188.webp https://prod.pictures.autoscout24.net/listing-images/39fd5ad1-6759-4f55-934c-67df476071e1_b88455bf-9a7e-4054-9095-8129eecf8eb8.jpg/250x188.webp https://prod.pictures.autoscout24.net/listing-images/39fd5ad1-6759-4f55-934c-67df476071e1_5b1dad11-e9dc-4371-9077-f8b01158bf5d.jpg/250x188.webp https://prod.pictures.autoscout24.net/listing-images/39fd5ad1-6759-4f55-934c-67df476071e1_1ee4e624-ea9c-4685-8c4d-70e2d54b5b88.jpg/250x188.webp https://prod.pictures.autoscout24.net/listing-images/39fd5ad1-6759-4f55-934c-67df476071e1_664c2838-b0d2-4cf7-a5de-3e349a0dfee5.jpg/250x188.webp https://prod.pictures.autoscout24.net/listing-images/39fd5ad1-6759-4f55-934c-67df476071e1_d83050f6-8dd1-496f-bf33-d82c85ae61f0.jpg/250x188.webp https://prod.pictures.autoscout24.net/listing-images/39fd5ad1-6759-4f55-934c-67df476071e1_590eafc4-a6b0-4e6b-83a8-3564ef494c47.jpg/250x188.webp https://prod.pictures.autoscout24.net/listing-images/39fd5ad1-6759-4f55-934c-67df476071e1_65601cbe-264b-4d8c-b633-5922e555afbf.jpg/250x188.webp https://prod.pictures.autoscout24.net/listing-images/39fd5ad1-6759-4f55-934c-67df476071e1_977f452f-e6f0-4b1c-ad92-a5e50afc5270.jpg/250x188.webp,88.44296926342845,1333
5303c266-f316-4e43-b599-467969d3806d,Mazda,2,1.5 Hybrid 85kW Homura,Dealer,22990,2,12000,01-2025,2440,https://prod.pictures.autoscout24.net/listing-images/5303c266-f316-4e43-b599-467969d3806d_961fa959-6054-4189-a730-780a125f6a32.jpg/250x188.webp,49.365434961335374,418
01065491-b0f2-4ed3-8940-cd9da5384d08,Mazda,CX-30,2.0L e-Skyactiv X 186 hp 6AT SKYDRIVE,Dealer,22990,b,59858,10-2021,3800,https://prod.pictures.autoscout24.net/listing-images/01065491-b0f2-4ed3-8940-cd9da5384d08_7bc6268c-cf04-42a3-ae6c-97a4a98c2866.jpg/250x188.webp https://prod.pictures.autoscout24.net/listing-images/01065491-b0f2-4ed3-8940-cd9da5384d08_e11aeff9-69d5-4b1d-a098-c050711ea1e8.jpg/250x188.webp https://prod.pictures.autoscout24.net/listing-images/01065491-b0f2-4ed3-8940-cd9da5384d08_8cf8e4ed-ab65-4f84-badd-2ce224a8f7ff.jpg/250x188.webp https://prod.pictures.autoscout24.net/listing-images/01065491-b0f2-4ed3-8940-cd9da5384d08_1c7b219d-55aa-45e5-8690-8f073c69d986.jpg/250x188.webp https://prod.pictures.autoscout24.net/listing-images/01065491-b0f2-4ed3-8940-cd9da5384d08_4e00f8d0-90e6-451b-b68a-b895a9be670d.jpg/250x188.webp https://prod.pictures.autoscout24.net/listing-images/01065491-b0f2-4ed3-8940-cd9da5384d08_1509eeff-d387-4ce5-97ae-3db7be8984f7.jpg/250x188.webp https://prod.pictures.autoscout24.net/listing-images/01065491-b0f2-4ed3-8940-cd9da5384d08_6efb65ae-6edf-47f3-97df-993b681a867b.jpg/250x188.webp https://prod.pictures.autoscout24.net/listing-images/01065491-b0f2-4ed3-8940-cd9da5384d08_1ce30292-c960-4e6d-bbcd-e366df00be97.jpg/250x188.webp https://prod.pictures.autoscout24.net/listing-images/01065491-b0f2-4ed3-8940-cd9da5384d08_74a51b14-73a3-42c9-a1af-7afe5b562b0b.jpg/250x188.webp https://prod.pictures.autoscout24.net/listing-images/01065491-b0f2-4ed3-8940-cd9da5384d08_8cbb568e-3ddf-47d9-94e7-a34853cb4c5e.jpg/250x188.webp https://prod.pictures.autoscout24.net/listing-images/01065491-b0f2-4ed3-8940-cd9da5384d08_4f21af28-5ad1-449e-913f-5db5f64ef8e8.jpg/250x188.webp https://prod.pictures.autoscout24.net/listing-images/01065491-b0f2-4ed3-8940-cd9da5384d08_f53d9fbd-d08d-428d-8f24-c50f433f4f12.jpg/250x188.webp https://prod.pictures.autoscout24.net/listing-images/01065491-b0f2-4ed3-8940-cd9da5384d08_3404f714-7d79-45e4-9a1b-90ddf7c4d753.jpg/250x188.webp https://prod.pictures.autoscout24.net/listing-images/01065491-b0f2-4ed3-8940-cd9da5384d08_a6919c6e-abbe-45b6-8696-2a37c3d4da35.jpg/250x188.webp https://prod.pictures.autoscout24.net/listing-images/01065491-b0f2-4ed3-8940-cd9da5384d08_bc3e6642-1461-438e-af59-819e78fe6807.jpg/250x188.webp https://prod.pictures.autoscout24.net/listing-images/01065491-b0f2-4ed3-8940-cd9da5384d08_3dae7969-70ae-4ba3-a801-0a15c6e3210a.jpg/250x188.webp https://prod.pictures.autoscout24.net/listing-images/01065491-b0f2-4ed3-8940-cd9da5384d08_6e20af32-b666-4159-b647-181a6737b4f0.jpg/250x188.webp https://prod.pictures.autoscout24.net/listing-images/01065491-b0f2-4ed3-8940-cd9da5384d08_0b33d7d8-fbb7-400a-b040-18ac72fafef9.jpg/250x188.webp https://prod.pictures.autoscout24.net/listing-images/01065491-b0f2-4ed3-8940-cd9da5384d08_13f71ffa-bbe6-433f-96e9-b22bf9b5658a.jpg/250x188.webp https://prod.pictures.autoscout24.net/listing-images/01065491-b0f2-4ed3-8940-cd9da5384d08_3970b1fc-d7a1-40be-a6f5-e8d891f06417.jpg/250x188.webp https://prod.pictures.autoscout24.net/listing-images/01065491-b0f2-4ed3-8940-cd9da5384d08_640c1534-05f0-46a9-8e65-55f5166f96bf.jpg/250x188.webp https://prod.pictures.autoscout24.net/listing-images/01065491-b0f2-4ed3-8940-cd9da5384d08_7cfc9bd6-322d-4f30-b7aa-e96a494e4df9.jpg/250x188.webp https://prod.pictures.autoscout24.net/listing-images/01065491-b0f2-4ed3-8940-cd9da5384d08_2f1cd160-0155-4403-adfb-08e537b783e1.jpg/250x188.webp https://prod.pictures.autoscout24.net/listing-images/01065491-b0f2-4ed3-8940-cd9da5384d08_c8c1e6a7-63a4-48cb-b9e1-6c024efa6d64.jpg/250x188.webp https://prod.pictures.autoscout24.net/listing-images/01065491-b0f2-4ed3-8940-cd9da5384d08_3783092b-0f97-46dc-b877-528e3455bb1b.jpg/250x188.webp https://prod.pictures.autoscout24.net/listing-images/01065491-b0f2-4ed3-8940-cd9da5384d08_5f9f0002-5a47-41ea-a270-fbc77e4ef552.jpg/250x188.webp https://prod.pictures.autoscout24.net/listing-images/01065491-b0f2-4ed3-8940-cd9da5384d08_04e669cf-f120-47d1-804d-667cafa1b7e1.jpg/250x188.webp https://prod.pictures.autoscout24.net/listing-images/01065491-b0f2-4ed3-8940-cd9da5384d08_d255efd8-c01c-4007-9909-243ab3b0006c.jpg/250x188.webp https://prod.pictures.autoscout24.net/listing-images/01065491-b0f2-4ed3-8940-cd9da5384d08_7b99dbfc-e023-46ae-ab5d-72abbba200bf.jpg/250x188.webp https://prod.pictures.autoscout24.net/listing-images/01065491-b0f2-4ed3-8940-cd9da5384d08_ac9fd629-fd10-4e14-872d-5e2c294bef35.jpg/250x188.webp,91.50869615616915,1606
5526e7c6-5cee-4cbe-b8ff-b19fc26cfabd,Mazda,MX-30,17.8 kWh e-SKYACTIV R-EV Makoto GARANTIE 2030,Dealer,22990,2,10220,02-2024,6041,https://prod.pictures.autoscout24.net/listing-images/5526e7c6-5cee-4cbe-b8ff-b19fc26cfabd_c9583248-0635-4e05-b520-21f4eaaeca29.jpg/250x188.webp https://prod.pictures.autoscout24.net/listing-images/5526e7c6-5cee-4cbe-b8ff-b19fc26cfabd_943a6dfc-a599-47fe-b478-70fa2b48191c.jpg/250x188.webp https://prod.pictures.autoscout24.net/listing-images/5526e7c6-5cee-4cbe-b8ff-b19fc26cfabd_4c413a89-c7e4-4ce5-ac60-709978650191.jpg/250x188.webp https://prod.pictures.autoscout24.net/listing-images/5526e7c6-5cee-4cbe-b8ff-b19fc26cfabd_bbaa7fac-f468-4782-875a-0a0cd69b368b.jpg/250x188.webp https://prod.pictures.autoscout24.net/listing-images/5526e7c6-5cee-4cbe-b8ff-b19fc26cfabd_53603f02-1eac-495a-b63e-6dd80629a55f.jpg/250x188.webp https://prod.pictures.autoscout24.net/listing-images/5526e7c6-5cee-4cbe-b8ff-b19fc26cfabd_60d08deb-4ba8-4de8-8894-be384da6d765.jpg/250x188.webp https://prod.pictures.autoscout24.net/listing-images/5526e7c6-5cee-4cbe-b8ff-b19fc26cfabd_9acb86c3-7660-4212-b83a-5d90f98e629d.jpg/250x188.webp https://prod.pictures.autoscout24.net/listing-images/5526e7c6-5cee-4cbe-b8ff-b19fc26cfabd_a613cb46-0cdc-4b0b-a31a-cd74cc73bdbc.jpg/250x188.webp https://prod.pictures.autoscout24.net/listing-images/5526e7c6-5cee-4cbe-b8ff-b19fc26cfabd_dc57d940-e344-4196-915f-2476f0e798ec.jpg/250x188.webp https://prod.pictures.autoscout24.net/listing-images/5526e7c6-5cee-4cbe-b8ff-b19fc26cfabd_fce795c1-4a5f-46e3-ba78-726c52dd694d.jpg/250x188.webp https://prod.pictures.autoscout24.net/listing-images/5526e7c6-5cee-4cbe-b8ff-b19fc26cfabd_1a0df226-ad91-44fc-b45b-ed27f4a4132b.jpg/250x188.webp https://prod.pictures.autoscout24.net/listing-images/5526e7c6-5cee-4cbe-b8ff-b19fc26cfabd_535a262c-0cd0-4ba9-9d6c-7d940241a946.jpg/250x188.webp https://prod.pictures.autoscout24.net/listing-images/5526e7c6-5cee-4cbe-b8ff-b19fc26cfabd_e50689df-8c07-47f9-aa61-f1997531d0fa.jpg/250x188.webp https://prod.pictures.autoscout24.net/listing-images/5526e7c6-5cee-4cbe-b8ff-b19fc26cfabd_ae9232c6-cc0d-4809-b358-806efad96022.jpg/250x188.webp https://prod.pictures.autoscout24.net/listing-images/5526e7c6-5cee-4cbe-b8ff-b19fc26cfabd_b24d95db-abed-4671-8d37-ed1873e2be61.jpg/250x188.webp https://prod.pictures.autoscout24.net/listing-images/5526e7c6-5cee-4cbe-b8ff-b19fc26cfabd_23a8bccd-4041-452b-a4ef-9ae66dab49fb.jpg/250x188.webp https://prod.pictures.autoscout24.net/listing-images/5526e7c6-5cee-4cbe-b8ff-b19fc26cfabd_1be16ec6-334c-45ee-a1d2-5c7203408c05.jpg/250x188.webp https://prod.pictures.autoscout24.net/listing-images/5526e7c6-5cee-4cbe-b8ff-b19fc26cfabd_4430bc99-8dcb-4c3a-8367-d9e4140b0f29.jpg/250x188.webp https://prod.pictures.autoscout24.net/listing-images/5526e7c6-5cee-4cbe-b8ff-b19fc26cfabd_91d31b7e-4ce1-49ca-a1c2-a17eb29578ce.jpg/250x188.webp https://prod.pictures.autoscout24.net/listing-images/5526e7c6-5cee-4cbe-b8ff-b19fc26cfabd_a715ac90-ae8c-4869-aa81-f7a01c69837a.jpg/250x188.webp https://prod.pictures.autoscout24.net/listing-images/5526e7c6-5cee-4cbe-b8ff-b19fc26cfabd_2c6521a2-8907-4459-bd13-ae6d1442fc68.jpg/250x188.webp https://prod.pictures.autoscout24.net/listing-images/5526e7c6-5cee-4cbe-b8ff-b19fc26cfabd_46fc61e2-97fb-44ff-811c-d8f4cf731b1e.jpg/250x188.webp https://prod.pictures.autoscout24.net/listing-images/5526e7c6-5cee-4cbe-b8ff-b19fc26cfabd_0f22b044-ef0e-46c1-af02-2aca4622b050.jpg/250x188.webp https://prod.pictures.autoscout24.net/listing-images/5526e7c6-5cee-4cbe-b8ff-b19fc26cfabd_13b38054-9b08-485f-af77-9bd333edad23.jpg/250x188.webp https://prod.pictures.autoscout24.net/listing-images/5526e7c6-5cee-4cbe-b8ff-b19fc26cfabd_989416ee-95b5-44b3-91c8-a4cedbc396ba.jpg/250x188.webp https://prod.pictures.autoscout24.net/listing-images/5526e7c6-5cee-4cbe-b8ff-b19fc26cfabd_14787e0e-ace4-4017-8cb6-a086c83f95a6.jpg/250x188.webp https://prod.pictures.autoscout24.net/listing-images/5526e7c6-5cee-4cbe-b8ff-b19fc26cfabd_cff9a5b0-7670-4d01-8241-2750a0670d37.jpg/250x188.webp https://prod.pictures.autoscout24.net/listing-images/5526e7c6-5cee-4cbe-b8ff-b19fc26cfabd_2d2724e2-0f25-4949-9652-ef762a5e930b.jpg/250x188.webp https://prod.pictures.autoscout24.net/listing-images/5526e7c6-5cee-4cbe-b8ff-b19fc26cfabd_3d29b997-8dff-4e9b-bc3b-bae04884af2e.jpg/250x188.webp,111.05658463532626,753
433362a8-f3c2-4de3-b809-1ebe9c02f639,Mazda,2,1.5 Hybrid VVT-i Centre-Line CVT,Dealer,22990,2,1120,12-2025,2300,https://prod.pictures.autoscout24.net/listing-images/433362a8-f3c2-4de3-b809-1ebe9c02f639_2858daa7-69b4-408b-81b3-e369e0af6796.jpg/250x188.webp https://prod.pictures.autoscout24.net/listing-images/433362a8-f3c2-4de3-b809-1ebe9c02f639_3e3a3b9a-ca52-4b85-a1d8-bb10802c9113.jpg/250x188.webp https://prod.pictures.autoscout24.net/listing-images/433362a8-f3c2-4de3-b809-1ebe9c02f639_99ce6713-4f9a-42df-a9a6-84042d0d59cc.jpg/250x188.webp https://prod.pictures.autoscout24.net/listing-images/433362a8-f3c2-4de3-b809-1ebe9c02f639_05722e85-05a4-4683-887a-9e86e2345e06.jpg/250x188.webp https://prod.pictures.autoscout24.net/listing-images/433362a8-f3c2-4de3-b809-1ebe9c02f639_c3884056-6c58-480f-a2a6-c7441d62b294.jpg/250x188.webp https://prod.pictures.autoscout24.net/listing-images/433362a8-f3c2-4de3-b809-1ebe9c02f639_18f9d0e4-7ca7-48e4-a8ef-b92eb360c518.jpg/250x188.webp https://prod.pictures.autoscout24.net/listing-images/433362a8-f3c2-4de3-b809-1ebe9c02f639_97045a36-343a-43c3-a7bb-b11be44f70fe.jpg/250x188.webp https://prod.pictures.autoscout24.net/listing-images/433362a8-f3c2-4de3-b809-1ebe9c02f639_8997577e-56c2-450e-965c-ad557b6483bf.jpg/250x188.webp https://prod.pictures.autoscout24.net/listing-images/433362a8-f3c2-4de3-b809-1ebe9c02f639_19afa046-95e8-4cd2-a16a-518abed63fba.jpg/250x188.webp https://prod.pictures.autoscout24.net/listing-images/433362a8-f3c2-4de3-b809-1ebe9c02f639_8bfcedb7-00de-48ec-b337-b15c86da523b.jpg/250x188.webp https://prod.pictures.autoscout24.net/listing-images/433362a8-f3c2-4de3-b809-1ebe9c02f639_f9a5d5ed-94e4-4b78-84c6-6b2066cd9403.jpg/250x188.webp https://prod.pictures.autoscout24.net/listing-images/433362a8-f3c2-4de3-b809-1ebe9c02f639_4c3d9331-dede-4131-92ec-5fc35cb89ac8.jpg/250x188.webp https://prod.pictures.autoscout24.net/listing-images/433362a8-f3c2-4de3-b809-1ebe9c02f639_9348f1e4-adda-4a2b-b574-f1e3a719683a.jpg/250x188.webp https://prod.pictures.autoscout24.net/listing-images/433362a8-f3c2-4de3-b809-1ebe9c02f639_352fff39-6b10-4b89-8ea8-427217604aaa.jpg/250x188.webp https://prod.pictures.autoscout24.net/listing-images/433362a8-f3c2-4de3-b809-1ebe9c02f639_5a529b9e-ca61-447c-a8a9-ee11226ba340.jpg/250x188.webp https://prod.pictures.autoscout24.net/listing-images/433362a8-f3c2-4de3-b809-1ebe9c02f639_bb2f6590-fd1f-4542-b14f-c57e38bb770b.jpg/250x188.webp https://prod.pictures.autoscout24.net/listing-images/433362a8-f3c2-4de3-b809-1ebe9c02f639_4bdc3120-594c-41e7-8819-d322c51f8ffb.jpg/250x188.webp https://prod.pictures.autoscout24.net/listing-images/433362a8-f3c2-4de3-b809-1ebe9c02f639_a10ad741-ebd5-45e4-8cb7-a12c12acdba4.jpg/250x188.webp https://prod.pictures.autoscout24.net/listing-images/433362a8-f3c2-4de3-b809-1ebe9c02f639_0462dba7-b275-4059-9851-872245258cd0.jpg/250x188.webp https://prod.pictures.autoscout24.net/listing-images/433362a8-f3c2-4de3-b809-1ebe9c02f639_2bfca381-b4c9-4190-89fb-1c3b0f8c0421.jpg/250x188.webp https://prod.pictures.autoscout24.net/listing-images/433362a8-f3c2-4de3-b809-1ebe9c02f639_e406863b-9787-49b5-a855-11af137c0f0d.jpg/250x188.webp https://prod.pictures.autoscout24.net/listing-images/433362a8-f3c2-4de3-b809-1ebe9c02f639_3141fc4c-490d-4145-bfca-be87a4ecb621.jpg/250x188.webp https://prod.pictures.autoscout24.net/listing-images/433362a8-f3c2-4de3-b809-1ebe9c02f639_06ebda0f-cefa-4778-a1c9-32b7d53ca453.jpg/250x188.webp https://prod.pictures.autoscout24.net/listing-images/433362a8-f3c2-4de3-b809-1ebe9c02f639_e29e4769-bee2-4f35-921d-ffd1ff60a8cc.jpg/250x188.webp,36.751136569594,84
754c3a5f-1c4b-47aa-831c-96d5bd287912,Mazda,6,Wagon 2.0iA SkyActiv-G Skycruise Takumi LEDER/CUIR,Dealer,23490,b,89727,11-2022,2630,https://prod.pictures.autoscout24.net/listing-images/754c3a5f-1c4b-47aa-831c-96d5bd287912_70b0c86f-55d3-4af0-8047-c84575ca3eca.jpg/250x188.webp https://prod.pictures.autoscout24.net/listing-images/754c3a5f-1c4b-47aa-831c-96d5bd287912_b3eb69dd-df32-4fe3-b337-5c7fb7d2e5f3.jpg/250x188.webp https://prod.pictures.autoscout24.net/listing-images/754c3a5f-1c4b-47aa-831c-96d5bd287912_8525958d-5a6d-4172-a832-864a8f2cc0cd.jpg/250x188.webp https://prod.pictures.autoscout24.net/listing-images/754c3a5f-1c4b-47aa-831c-96d5bd287912_8f5e0a79-58f8-4a3f-9eac-4e3a29784f50.jpg/250x188.webp https://prod.pictures.autoscout24.net/listing-images/754c3a5f-1c4b-47aa-831c-96d5bd287912_8b880101-8c18-4a92-8007-2e8c43739bba.jpg/250x188.webp https://prod.pictures.autoscout24.net/listing-images/754c3a5f-1c4b-47aa-831c-96d5bd287912_84cda40c-b8e4-487e-8a12-7c438b6b2685.jpg/250x188.webp https://prod.pictures.autoscout24.net/listing-images/754c3a5f-1c4b-47aa-831c-96d5bd287912_ae92d1eb-8c00-4e9e-a44c-7840efa148dd.jpg/250x188.webp https://prod.pictures.autoscout24.net/listing-images/754c3a5f-1c4b-47aa-831c-96d5bd287912_540a072e-a348-46f2-939b-e76d1f198935.jpg/250x188.webp https://prod.pictures.autoscout24.net/listing-images/754c3a5f-1c4b-47aa-831c-96d5bd287912_6d503285-4ac7-4051-88f4-599c49576b4b.jpg/250x188.webp https://prod.pictures.autoscout24.net/listing-images/754c3a5f-1c4b-47aa-831c-96d5bd287912_d9dd372f-d57f-4385-9b62-1e9cd9234e62.jpg/250x188.webp https://prod.pictures.autoscout24.net/listing-images/754c3a5f-1c4b-47aa-831c-96d5bd287912_ed6ef08a-ac49-4239-8c61-218428ffc174.jpg/250x188.webp https://prod.pictures.autoscout24.net/listing-images/754c3a5f-1c4b-47aa-831c-96d5bd287912_ac1d740d-5eeb-4c25-8031-14999a99db6f.jpg/250x188.webp https://prod.pictures.autoscout24.net/listing-images/754c3a5f-1c4b-47aa-831c-96d5bd287912_2e166f59-0561-4bb5-b7dc-a5db578e75e3.jpg/250x188.webp https://prod.pictures.autoscout24.net/listing-images/754c3a5f-1c4b-47aa-831c-96d5bd287912_ad2f958e-721c-4f48-bc64-0b74ab8f2fb2.jpg/250x188.webp https://prod.pictures.autoscout24.net/listing-images/754c3a5f-1c4b-47aa-831c-96d5bd287912_5c410c6c-a443-4aee-9868-a215f07908ef.jpg/250x188.webp https://prod.pictures.autoscout24.net/listing-images/754c3a5f-1c4b-47aa-831c-96d5bd287912_ad42499c-9099-4c4c-be0a-aac0f76f5519.jpg/250x188.webp https://prod.pictures.autoscout24.net/listing-images/754c3a5f-1c4b-47aa-831c-96d5bd287912_284ac354-15d4-4bbd-b45a-1f8af6828899.jpg/250x188.webp https://prod.pictures.autoscout24.net/listing-images/754c3a5f-1c4b-47aa-831c-96d5bd287912_cb21e779-0666-4c41-8d02-c3613f12fcda.jpg/250x188.webp https://prod.pictures.autoscout24.net/listing-images/754c3a5f-1c4b-47aa-831c-96d5bd287912_feeacc70-700c-4e77-83c5-a1e335d1a2ff.jpg/250x188.webp https://prod.pictures.autoscout24.net/listing-images/754c3a5f-1c4b-47aa-831c-96d5bd287912_41d639c8-8d70-4374-97ad-95f254a8347f.jpg/250x188.webp https://prod.pictures.autoscout24.net/listing-images/754c3a5f-1c4b-47aa-831c-96d5bd287912_20c46223-82ac-4bbc-91ef-f30bf93835a9.jpg/250x188.webp https://prod.pictures.autoscout24.net/listing-images/754c3a5f-1c4b-47aa-831c-96d5bd287912_62ab7763-4075-4ebf-94c2-03d211dfb5b8.jpg/250x188.webp https://prod.pictures.autoscout24.net/listing-images/754c3a5f-1c4b-47aa-831c-96d5bd287912_59636023-1c80-4f7e-8636-e90e66768825.jpg/250x188.webp https://prod.pictures.autoscout24.net/listing-images/754c3a5f-1c4b-47aa-831c-96d5bd287912_f53c5d2c-04e9-4ed8-a6d2-44371f14e27b.jpg/250x188.webp https://prod.pictures.autoscout24.net/listing-images/754c3a5f-1c4b-47aa-831c-96d5bd287912_25a3ae29-f1c0-4b27-beef-4944915b374d.jpg/250x188.webp https://prod.pictures.autoscout24.net/listing-images/754c3a5f-1c4b-47aa-831c-96d5bd287912_330373c8-8a2b-4604-bad9-f85e9f1bff9e.jpg/250x188.webp https://prod.pictures.autoscout24.net/listing-images/754c3a5f-1c4b-47aa-831c-96d5bd287912_4925768b-3e6c-481e-9545-b1939bbea9b8.jpg/250x188.webp https://prod.pictures.autoscout24.net/listing-images/754c3a5f-1c4b-47aa-831c-96d5bd287912_d9745c43-9529-4049-b9da-7740eecb10d1.jpg/250x188.webp https://prod.pictures.autoscout24.net/listing-images/754c3a5f-1c4b-47aa-831c-96d5bd287912_68886c46-19c5-4f78-85e0-b430e027363f.jpg/250x188.webp https://prod.pictures.autoscout24.net/listing-images/754c3a5f-1c4b-47aa-831c-96d5bd287912_148cf79f-af96-4fee-afb3-fdcf2fa57857.jpg/250x188.webp https://prod.pictures.autoscout24.net/listing-images/754c3a5f-1c4b-47aa-831c-96d5bd287912_837e09ea-80e6-4909-9af0-3f7514c818ec.jpg/250x188.webp https://prod.pictures.autoscout24.net/listing-images/754c3a5f-1c4b-47aa-831c-96d5bd287912_cb4ce56d-069c-436f-8c58-b83bd65a94ea.jpg/250x188.webp https://prod.pictures.autoscout24.net/listing-images/754c3a5f-1c4b-47aa-831c-96d5bd287912_fcc41411-a449-4a79-bbdb-44303c332f80.jpg/250x188.webp https://prod.pictures.autoscout24.net/listing-images/754c3a5f-1c4b-47aa-831c-96d5bd287912_8925d5d5-6787-448a-a1f3-9c1825a2fee2.jpg/250x188.webp https://prod.pictures.autoscout24.net/listing-images/754c3a5f-1c4b-47aa-831c-96d5bd287912_ca975642-f046-4b7e-b412-d8869209774b.jpg/250x188.webp https://prod.pictures.autoscout24.net/listing-images/754c3a5f-1c4b-47aa-831c-96d5bd287912_05651fec-5617-4c95-b816-f685fdec43fb.jpg/250x188.webp https://prod.pictures.autoscout24.net/listing-images/754c3a5f-1c4b-47aa-831c-96d5bd287912_3de3315d-5325-4829-aab7-7e18e3e4f113.jpg/250x188.webp https://prod.pictures.autoscout24.net/listing-images/754c3a5f-1c4b-47aa-831c-96d5bd287912_e9dea076-3df1-4ee6-8eb2-7b6b05b77298.jpg/250x188.webp,37.55427282853161,1210
aeff8db9-07fa-4907-b300-2ab37851871e,Mazda,3,e-Skyactiv-G Exclusive-Line Aut. ** ACC | Zetel...,Dealer,25990,b,8106,02-2025,2830,https://prod.pictures.autoscout24.net/listing-images/aeff8db9-07fa-4907-b300-2ab37851871e_88fc865a-675c-43c5-9892-91aea4697a20.jpg/250x188.webp https://prod.pictures.autoscout24.net/listing-images/aeff8db9-07fa-4907-b300-2ab37851871e_f57a6825-10b4-44bf-9334-9569cbf6259a.jpg/250x188.webp https://prod.pictures.autoscout24.net/listing-images/aeff8db9-07fa-4907-b300-2ab37851871e_504e8eba-3502-4b61-b2a2-485d49893000.jpg/250x188.webp https://prod.pictures.autoscout24.net/listing-images/aeff8db9-07fa-4907-b300-2ab37851871e_56639c61-7f8e-4d3b-aa34-327b9df3ea02.jpg/250x188.webp https://prod.pictures.autoscout24.net/listing-images/aeff8db9-07fa-4907-b300-2ab37851871e_12ac6ac5-12c6-4a5e-8118-23c98eaa834f.jpg/250x188.webp https://prod.pictures.autoscout24.net/listing-images/aeff8db9-07fa-4907-b300-2ab37851871e_45b9d331-9eb6-419e-bba3-4a0838c45288.jpg/250x188.webp https://prod.pictures.autoscout24.net/listing-images/aeff8db9-07fa-4907-b300-2ab37851871e_d758df37-bb5d-4369-9678-96d18939bc59.jpg/250x188.webp https://prod.pictures.autoscout24.net/listing-images/aeff8db9-07fa-4907-b300-2ab37851871e_34634a01-ec4d-4370-acc6-bf6f17466552.jpg/250x188.webp https://prod.pictures.autoscout24.net/listing-images/aeff8db9-07fa-4907-b300-2ab37851871e_ee303838-cd38-42c4-8025-1b3c8e316c5f.jpg/250x188.webp https://prod.pictures.autoscout24.net/listing-images/aeff8db9-07fa-4907-b300-2ab37851871e_18d4d878-bf27-4910-8323-b0a7f3c40c7b.jpg/250x188.webp https://prod.pictures.autoscout24.net/listing-images/aeff8db9-07fa-4907-b300-2ab37851871e_5633f4a1-58db-4b3c-861c-c769f548a529.jpg/250x188.webp https://prod.pictures.autoscout24.net/listing-images/aeff8db9-07fa-4907-b300-2ab37851871e_a02b8331-4dd1-4a32-8663-0a99dfe04704.jpg/250x188.webp https://prod.pictures.autoscout24.net/listing-images/aeff8db9-07fa-4907-b300-2ab37851871e_07562a2f-7e74-4939-ba57-bd2a7503726f.jpg/250x188.webp https://prod.pictures.autoscout24.net/listing-images/aeff8db9-07fa-4907-b300-2ab37851871e_88cd36b7-0aca-4224-a6db-6cbef3ad48dd.jpg/250x188.webp https://prod.pictures.autoscout24.net/listing-images/aeff8db9-07fa-4907-b300-2ab37851871e_c3470051-4bf8-4130-b6c3-da702b7489a6.jpg/250x188.webp https://prod.pictures.autoscout24.net/listing-images/aeff8db9-07fa-4907-b300-2ab37851871e_b6bcad00-9790-4db8-8dc4-50226e2ccf09.jpg/250x188.webp https://prod.pictures.autoscout24.net/listing-images/aeff8db9-07fa-4907-b300-2ab37851871e_9d7c0d5e-40e7-496d-bba8-e111f5f13f6c.jpg/250x188.webp https://prod.pictures.autoscout24.net/listing-images/aeff8db9-07fa-4907-b300-2ab37851871e_333b1155-1387-4acd-a378-4ad2388e9267.jpg/250x188.webp https://prod.pictures.autoscout24.net/listing-images/aeff8db9-07fa-4907-b300-2ab37851871e_2f64b592-89c5-43bb-8ec7-3c60f42ecde1.jpg/250x188.webp https://prod.pictures.autoscout24.net/listing-images/aeff8db9-07fa-4907-b300-2ab37851871e_67ae6e16-1250-44f2-82ec-fc3ebbf62c28.jpg/250x188.webp https://prod.pictures.autoscout24.net/listing-images/aeff8db9-07fa-4907-b300-2ab37851871e_6c1012ca-6637-4f0c-a125-f4584f4ae5d9.jpg/250x188.webp https://prod.pictures.autoscout24.net/listing-images/aeff8db9-07fa-4907-b300-2ab37851871e_1bb09cb4-955b-4b41-9c56-4b0c82dad81c.jpg/250x188.webp https://prod.pictures.autoscout24.net/listing-images/aeff8db9-07fa-4907-b300-2ab37851871e_90dcc5e2-1b86-4a2e-bd33-b456568f64c6.jpg/250x188.webp https://prod.pictures.autoscout24.net/listing-images/aeff8db9-07fa-4907-b300-2ab37851871e_050869c4-1590-418e-b6b3-bdcfe8316942.jpg/250x188.webp https://prod.pictures.autoscout24.net/listing-images/aeff8db9-07fa-4907-b300-2ab37851871e_9115b8f9-b8bb-4c5c-a1c3-909603665c25.jpg/250x188.webp https://prod.pictures.autoscout24.net/listing-images/aeff8db9-07fa-4907-b300-2ab37851871e_ee19f88f-fad2-4460-a9be-667e6f185edb.jpg/250x188.webp https://prod.pictures.autoscout24.net/listing-images/aeff8db9-07fa-4907-b300-2ab37851871e_b755afae-d708-4c1a-8099-cc3eb729d317.jpg/250x188.webp https://prod.pictures.autoscout24.net/listing-images/aeff8db9-07fa-4907-b300-2ab37851871e_1759e7d1-65ee-43b2-bbd5-6926d4992ef0.jpg/250x188.webp https://prod.pictures.autoscout24.net/listing-images/aeff8db9-07fa-4907-b300-2ab37851871e_00ebae89-bf27-474f-81eb-4a2690722869.jpg/250x188.webp https://prod.pictures.autoscout24.net/listing-images/aeff8db9-07fa-4907-b300-2ab37851871e_a5210ad1-251c-4407-9eec-15bd9eb767bc.jpg/250x188.webp,46.439354809886915,387
00dc38e7-eec8-41b4-9012-207dd2a7b481,Mazda,CX-30,e-SKYACTIV-G 140 HK Homura Aut.,Dealer,26795,b,9447,03-2025,9200,https://prod.pictures.autoscout24.net/listing-images/00dc38e7-eec8-41b4-9012-207dd2a7b481_275888ba-881a-47af-a43f-42c59a3415bb.jpg/250x188.webp https://prod.pictures.autoscout24.net/listing-images/00dc38e7-eec8-41b4-9012-207dd2a7b481_fada6d78-5b93-44b2-a91a-3170d6dca471.jpg/250x188.webp https://prod.pictures.autoscout24.net/listing-images/00dc38e7-eec8-41b4-9012-207dd2a7b481_ee23a874-8662-4516-83da-31e5e3ec099a.jpg/250x188.webp https://prod.pictures.autoscout24.net/listing-images/00dc38e7-eec8-41b4-9012-207dd2a7b481_cd70359a-a343-4348-84e4-4637eacb7bc6.jpg/250x188.webp https://prod.pictures.autoscout24.net/listing-images/00dc38e7-eec8-41b4-9012-207dd2a7b481_0f39702e-17a4-4313-b2ed-ed87d4a8fe41.jpg/250x188.webp https://prod.pictures.autoscout24.net/listing-images/00dc38e7-eec8-41b4-9012-207dd2a7b481_eb19e6aa-ce3b-4d80-ac7c-e0ede68674e2.jpg/250x188.webp https://prod.pictures.autoscout24.net/listing-images/00dc38e7-eec8-41b4-9012-207dd2a7b481_eecc7c25-2046-4bdf-bb37-23f85b8177e9.jpg/250x188.webp https://prod.pictures.autoscout24.net/listing-images/00dc38e7-eec8-41b4-9012-207dd2a7b481_d0a363c8-b43a-42c4-8a47-66ed740fa88f.jpg/250x188.webp https://prod.pictures.autoscout24.net/listing-images/00dc38e7-eec8-41b4-9012-207dd2a7b481_403f01d6-e5a0-4409-af17-35485213d281.jpg/250x188.webp https://prod.pictures.autoscout24.net/listing-images/00dc38e7-eec8-41b4-9012-207dd2a7b481_f4b19545-54f7-4149-996d-5e780bcfc7e7.jpg/250x188.webp https://prod.pictures.autoscout24.net/listing-images/00dc38e7-eec8-41b4-9012-207dd2a7b481_006079be-fe56-40bd-92bc-c10dbc19157b.jpg/250x188.webp https://prod.pictures.autoscout24.net/listing-images/00dc38e7-eec8-41b4-9012-207dd2a7b481_e04f8d35-f104-410d-aa10-10f0ec14cb8e.jpg/250x188.webp https://prod.pictures.autoscout24.net/listing-images/00dc38e7-eec8-41b4-9012-207dd2a7b481_3ddcb10e-16b8-4f64-a106-bc738ba14ba9.jpg/250x188.webp https://prod.pictures.autoscout24.net/listing-images/00dc38e7-eec8-41b4-9012-207dd2a7b481_65b6e544-3d4e-4c94-a8a6-c7fc2dfc6e07.jpg/250x188.webp https://prod.pictures.autoscout24.net/listing-images/00dc38e7-eec8-41b4-9012-207dd2a7b481_f43014f0-10e3-4c7d-b3c5-6e1916800623.jpg/250x188.webp https://prod.pictures.autoscout24.net/listing-images/00dc38e7-eec8-41b4-9012-207dd2a7b481_690de3b3-74c0-4b09-9b0b-b25a9b302db6.jpg/250x188.webp https://prod.pictures.autoscout24.net/listing-images/00dc38e7-eec8-41b4-9012-207dd2a7b481_55e3224d-54b5-45b2-9ddb-4433c803d4d2.jpg/250x188.webp https://prod.pictures.autoscout24.net/listing-images/00dc38e7-eec8-41b4-9012-207dd2a7b481_6d53e6ec-b2a2-4de6-9a5d-52baf6f5d5a4.jpg/250x188.webp https://prod.pictures.autoscout24.net/listing-images/00dc38e7-eec8-41b4-9012-207dd2a7b481_9001417d-84d4-4b47-8704-853cd0ded0b5.jpg/250x188.webp https://prod.pictures.autoscout24.net/listing-images/00dc38e7-eec8-41b4-9012-207dd2a7b481_145c3184-37b3-416e-9d9b-2b6c1fa1eff7.jpg/250x188.webp https://prod.pictures.autoscout24.net/listing-images/00dc38e7-eec8-41b4-9012-207dd2a7b481_ae6341de-314c-4db9-b989-6ea1ea5722fb.jpg/250x188.webp https://prod.pictures.autoscout24.net/listing-images/00dc38e7-eec8-41b4-9012-207dd2a7b481_f79a5f96-3790-4e08-9aeb-7adbf541f75f.jpg/250x188.webp https://prod.pictures.autoscout24.net/listing-images/00dc38e7-eec8-41b4-9012-207dd2a7b481_15cb52c7-d71c-41d5-89ac-443d30d2b15a.jpg/250x188.webp https://prod.pictures.autoscout24.net/listing-images/00dc38e7-eec8-41b4-9012-207dd2a7b481_17c230c1-378c-4b9a-a1dc-c9abc6fdc185.jpg/250x188.webp https://prod.pictures.autoscout24.net/listing-images/00dc38e7-eec8-41b4-9012-207dd2a7b481_f107e3ec-f963-467a-b02d-5a57d276a427.jpg/250x188.webp https://prod.pictures.autoscout24.net/listing-images/00dc38e7-eec8-41b4-9012-207dd2a7b481_350ff71b-3695-480b-8756-831e14632dcd.jpg/250x188.webp https://prod.pictures.autoscout24.net/listing-images/00dc38e7-eec8-41b4-9012-207dd2a7b481_a883e40a-be39-4123-ad85-6a946873c206.jpg/250x188.webp https://prod.pictures.autoscout24.net/listing-images/00dc38e7-eec8-41b4-9012-207dd2a7b481_94a366ca-e724-4d0b-a9cb-215b6151b1fd.jpg/250x188.webp https://prod.pictures.autoscout24.net/listing-images/00dc38e7-eec8-41b4-9012-207dd2a7b481_011103b7-44b2-40fa-8032-b894dcc0ea7d.jpg/250x188.webp https://prod.pictures.autoscout24.net/listing-images/00dc38e7-eec8-41b4-9012-207dd2a7b481_f046c29b-0f9b-4fbf-843c-8fb900d9337d.jpg/250x188.webp https://prod.pictures.autoscout24.net/listing-images/00dc38e7-eec8-41b4-9012-207dd2a7b481_16152ee6-d231-484b-82dc-ed4c29dc7a2f.jpg/250x188.webp https://prod.pictures.autoscout24.net/listing-images/00dc38e7-eec8-41b4-9012-207dd2a7b481_5bd7b2e1-5f09-4523-9d2c-37a48769df22.jpg/250x188.webp https://prod.pictures.autoscout24.net/listing-images/00dc38e7-eec8-41b4-9012-207dd2a7b481_7c284edc-a335-45ab-b0c4-cb971474c24a.jpg/250x188.webp https://prod.pictures.autoscout24.net/listing-images/00dc38e7-eec8-41b4-9012-207dd2a7b481_1b28abf0-9379-4e6c-ba55-662ae618ec1d.jpg/250x188.webp https://prod.pictures.autoscout24.net/listing-images/00dc38e7-eec8-41b4-9012-207dd2a7b481_8d2635b7-4c5d-462a-ae15-b3871d82f604.jpg/250x188.webp https://prod.pictures.autoscout24.net/listing-images/00dc38e7-eec8-41b4-9012-207dd2a7b481_31bc41f4-eb6d-4324-8819-a644de06dd84.jpg/250x188.webp https://prod.pictures.autoscout24.net/listing-images/00dc38e7-eec8-41b4-9012-207dd2a7b481_b20dc495-45c3-4cde-977a-cc2fff3751fa.jpg/250x188.webp https://prod.pictures.autoscout24.net/listing-images/00dc38e7-eec8-41b4-9012-207dd2a7b481_50dcc423-8d28-489f-8f8e-0d5c9224ccac.jpg/250x188.webp https://prod.pictures.autoscout24.net/listing-images/00dc38e7-eec8-41b4-9012-207dd2a7b481_5b3e9942-7353-4f4d-b3e4-6b39a0d22247.jpg/250x188.webp https://prod.pictures.autoscout24.net/listing-images/00dc38e7-eec8-41b4-9012-207dd2a7b481_78be9594-754d-419d-8c9e-fb19e99b91da.jpg/250x188.webp https://prod.pictures.autoscout24.net/listing-images/00dc38e7-eec8-41b4-9012-207dd2a7b481_24b757f6-5889-48e9-84c3-2c7068bc43ec.jpg/250x188.webp https://prod.pictures.autoscout24.net/listing-images/00dc38e7-eec8-41b4-9012-207dd2a7b481_f6fd824c-d6e7-4024-929a-a5d9c05cea5e.jpg/250x188.webp https://prod.pictures.autoscout24.net/listing-images/00dc38e7-eec8-41b4-9012-207dd2a7b481_b5a32e6a-e54b-4e4f-8536-6698f0c79510.jpg/250x188.webp,56.25408218723809,359
6468c635-dc75-496f-b358-17b96328f783,Mazda,2,HOMURA HEV,Dealer,22990,2,15390,05-2024,4040,https://prod.pictures.autoscout24.net/listing-images/6468c635-dc75-496f-b358-17b96328f783_dcf62a75-099d-4f99-9fba-f098a2585adf.jpg/250x188.webp https://prod.pictures.autoscout24.net/listing-images/6468c635-dc75-496f-b358-17b96328f783_bf9f7529-2766-441f-a44f-74411fe5057f.jpg/250x188.webp https://prod.pictures.autoscout24.net/listing-images/6468c635-dc75-496f-b358-17b96328f783_a450eb48-a13e-48fd-895b-ad8cc9da51d3.jpg/250x188.webp https://prod.pictures.autoscout24.net/listing-images/6468c635-dc75-496f-b358-17b96328f783_8cf43c31-e68b-4575-b6bd-f025f2556e8c.jpg/250x188.webp https://prod.pictures.autoscout24.net/listing-images/6468c635-dc75-496f-b358-17b96328f783_91837cc5-c764-478f-923e-cfe838c619b9.jpg/250x188.webp https://prod.pictures.autoscout24.net/listing-images/6468c635-dc75-496f-b358-17b96328f783_92f79807-d7b2-488d-8298-0309d7f4126a.jpg/250x188.webp https://prod.pictures.autoscout24.net/listing-images/6468c635-dc75-496f-b358-17b96328f783_6b909cff-8622-4af6-9616-eaff30146f3c.jpg/250x188.webp https://prod.pictures.autoscout24.net/listing-images/6468c635-dc75-496f-b358-17b96328f783_35dcccdb-2edf-4d2e-995d-c57bb5c8b21d.jpg/250x188.webp https://prod.pictures.autoscout24.net/listing-images/6468c635-dc75-496f-b358-17b96328f783_c742d4e5-01ed-4221-82bf-90eb85eb8e93.jpg/250x188.webp https://prod.pictures.autoscout24.net/listing-images/6468c635-dc75-496f-b358-17b96328f783_241f9302-a02a-4849-89e5-c0c3abdcd9c6.jpg/250x188.webp https://prod.pictures.autoscout24.net/listing-images/6468c635-dc75-496f-b358-17b96328f783_61eb7781-7f18-4e9d-beba-09c60c1af643.jpg/250x188.webp https://prod.pictures.autoscout24.net/listing-images/6468c635-dc75-496f-b358-17b96328f783_7e75d20f-b4e6-47c2-b254-8f0067792ddc.jpg/250x188.webp https://prod.pictures.autoscout24.net/listing-images/6468c635-dc75-496f-b358-17b96328f783_b3545560-17e2-4f8a-bb50-28ab52e810fd.jpg/250x188.webp https://prod.pictures.autoscout24.net/listing-images/6468c635-dc75-496f-b358-17b96328f783_89ac33eb-637a-4b46-8967-09e68ec53983.jpg/250x188.webp https://prod.pictures.autoscout24.net/listing-images/6468c635-dc75-496f-b358-17b96328f783_6c4f39d6-0d2b-4093-8847-4174cf9b3f20.jpg/250x188.webp https://prod.pictures.autoscout24.net/listing-images/6468c635-dc75-496f-b358-17b96328f783_e59d0a7a-e398-41a3-8dfe-adb892284740.jpg/250x188.webp https://prod.pictures.autoscout24.net/listing-images/6468c635-dc75-496f-b358-17b96328f783_96e4b13b-5cc2-4a88-8158-146bbb02172f.jpg/250x188.webp https://prod.pictures.autoscout24.net/listing-images/6468c635-dc75-496f-b358-17b96328f783_ffea43a3-3f0e-474c-b6e1-7910e17dbaf9.jpg/250x188.webp https://prod.pictures.autoscout24.net/listing-images/6468c635-dc75-496f-b358-17b96328f783_db47a7a3-f918-4da9-83ad-0fa01a3dd39f.jpg/250x188.webp https://prod.pictures.autoscout24.net/listing-images/6468c635-dc75-496f-b358-17b96328f783_8cf49254-5c26-4ffb-bbce-755f9adcf833.jpg/250x188.webp,120.39133917274062,663
e5be309a-0172-4f4f-9c69-44dab2da68af,Mazda,MX-30,17.8 kWh e-SKYACTIV R-EV Makoto (125kW),Dealer,22990,2,2500,12-2023,3090,https://prod.pictures.autoscout24.net/listing-images/e5be309a-0172-4f4f-9c69-44dab2da68af_e4dc6647-83d9-4afb-8488-cce57609666d.jpg/250x188.webp https://prod.pictures.autoscout24.net/listing-images/e5be309a-0172-4f4f-9c69-44dab2da68af_56b9f7a7-9b55-461c-adeb-346294b3fd1f.jpg/250x188.webp https://prod.pictures.autoscout24.net/listing-images/e5be309a-0172-4f4f-9c69-44dab2da68af_1deb9d4f-dc34-444e-8b90-414b38a6a4ae.jpg/250x188.webp https://prod.pictures.autoscout24.net/listing-images/e5be309a-0172-4f4f-9c69-44dab2da68af_3b58397c-2767-42f8-8ac9-3448403b661c.jpg/250x188.webp https://prod.pictures.autoscout24.net/listing-images/e5be309a-0172-4f4f-9c69-44dab2da68af_48427868-d780-4a4a-a479-d3e5f6ba30bd.jpg/250x188.webp https://prod.pictures.autoscout24.net/listing-images/e5be309a-0172-4f4f-9c69-44dab2da68af_e4acea84-dd43-412b-aa6e-dc05cebc2d6f.jpg/250x188.webp https://prod.pictures.autoscout24.net/listing-images/e5be309a-0172-4f4f-9c69-44dab2da68af_094d653d-b463-4d16-9b2b-3826b40883c7.jpg/250x188.webp https://prod.pictures.autoscout24.net/listing-images/e5be309a-0172-4f4f-9c69-44dab2da68af_21892ef4-0f14-489b-9c68-d754af9ea68e.jpg/250x188.webp https://prod.pictures.autoscout24.net/listing-images/e5be309a-0172-4f4f-9c69-44dab2da68af_0dd7d9a4-77d3-40f2-943a-ce89fdc6e88b.jpg/250x188.webp https://prod.pictures.autoscout24.net/listing-images/e5be309a-0172-4f4f-9c69-44dab2da68af_3fda97f1-6a6d-416a-a1ed-a83f1ae1a69c.jpg/250x188.webp https://prod.pictures.autoscout24.net/listing-images/e5be309a-0172-4f4f-9c69-44dab2da68af_d66bffbf-a318-41a1-bc94-8ed111aeff33.jpg/250x188.webp https://prod.pictures.autoscout24.net/listing-images/e5be309a-0172-4f4f-9c69-44dab2da68af_398bbb68-cacf-4f3e-8a55-69b1f8bfb256.jpg/250x188.webp https://prod.pictures.autoscout24.net/listing-images/e5be309a-0172-4f4f-9c69-44dab2da68af_f2238c71-fa08-4956-a072-96d5675726c6.jpg/250x188.webp,77.24958296507762,815
395f8bcb-c459-4835-845a-d1bed7d7bbe4,Mazda,CX-30,2.0 eSKYACTIVE-X 4x4 Skycruise automaat  - full option,Dealer,23300,2,84329,05-2021,2300,https://prod.pictures.autoscout24.net/listing-images/395f8bcb-c459-4835-845a-d1bed7d7bbe4_8ce9bc80-024c-4c19-821c-b873cdbd0de2.jpg/250x188.webp https://prod.pictures.autoscout24.net/listing-images/395f8bcb-c459-4835-845a-d1bed7d7bbe4_65e24bb4-769b-4975-8209-7182af1860c8.jpg/250x188.webp https://prod.pictures.autoscout24.net/listing-images/395f8bcb-c459-4835-845a-d1bed7d7bbe4_aa96ce19-cd4f-4d8c-82d4-99b2562d9329.jpg/250x188.webp https://prod.pictures.autoscout24.net/listing-images/395f8bcb-c459-4835-845a-d1bed7d7bbe4_0189ab14-5e0e-493c-85c2-36e788fd26fe.jpg/250x188.webp https://prod.pictures.autoscout24.net/listing-images/395f8bcb-c459-4835-845a-d1bed7d7bbe4_43493ce9-846a-4794-9ef4-6ade982ead1a.jpg/250x188.webp https://prod.pictures.autoscout24.net/listing-images/395f8bcb-c459-4835-845a-d1bed7d7bbe4_0ae8c586-84b8-4816-b399-684f9f510de6.jpg/250x188.webp https://prod.pictures.autoscout24.net/listing-images/395f8bcb-c459-4835-845a-d1bed7d7bbe4_95220b7a-1c0c-4612-858c-89a2c3deaba6.jpg/250x188.webp https://prod.pictures.autoscout24.net/listing-images/395f8bcb-c459-4835-845a-d1bed7d7bbe4_4da7f894-b908-4086-93cf-fd13e7eda530.jpg/250x188.webp https://prod.pictures.autoscout24.net/listing-images/395f8bcb-c459-4835-845a-d1bed7d7bbe4_bb887dee-e81c-4539-8cde-94d1c88c223b.jpg/250x188.webp https://prod.pictures.autoscout24.net/listing-images/395f8bcb-c459-4835-845a-d1bed7d7bbe4_fcee506f-22d4-4fb9-8893-4e193bfcdbb7.jpg/250x188.webp https://prod.pictures.autoscout24.net/listing-images/395f8bcb-c459-4835-845a-d1bed7d7bbe4_a6425cbe-d28d-4bd9-8bc9-1d8b9025cca7.jpg/250x188.webp https://prod.pictures.autoscout24.net/listing-images/395f8bcb-c459-4835-845a-d1bed7d7bbe4_9913eb43-6a4b-4a99-a6b0-d050082a7106.jpg/250x188.webp https://prod.pictures.autoscout24.net/listing-images/395f8bcb-c459-4835-845a-d1bed7d7bbe4_5ff67401-d6f6-4b0b-9a83-fe258d914f35.jpg/250x188.webp https://prod.pictures.autoscout24.net/listing-images/395f8bcb-c459-4835-845a-d1bed7d7bbe4_207d1dcd-ede2-4861-b6d7-949e2ecd411c.jpg/250x188.webp https://prod.pictures.autoscout24.net/listing-images/395f8bcb-c459-4835-845a-d1bed7d7bbe4_96a346f3-91f4-49a4-b796-8780bd5201a0.jpg/250x188.webp https://prod.pictures.autoscout24.net/listing-images/395f8bcb-c459-4835-845a-d1bed7d7bbe4_ab47f1ad-178c-4c49-9237-5040bba6a7a8.jpg/250x188.webp https://prod.pictures.autoscout24.net/listing-images/395f8bcb-c459-4835-845a-d1bed7d7bbe4_64ae756f-2270-4abf-92d8-c07b2635d1dd.jpg/250x188.webp https://prod.pictures.autoscout24.net/listing-images/395f8bcb-c459-4835-845a-d1bed7d7bbe4_4fd6d75c-1706-4a12-a524-678e34dee2da.jpg/250x188.webp https://prod.pictures.autoscout24.net/listing-images/395f8bcb-c459-4835-845a-d1bed7d7bbe4_d9c20bbf-8369-413a-b19a-185110a117f4.jpg/250x188.webp https://prod.pictures.autoscout24.net/listing-images/395f8bcb-c459-4835-845a-d1bed7d7bbe4_7b65596d-80af-48cd-aed4-40c73113df73.jpg/250x188.webp https://prod.pictures.autoscout24.net/listing-images/395f8bcb-c459-4835-845a-d1bed7d7bbe4_8fad6533-53de-4345-9582-65913aa3c10e.jpg/250x188.webp https://prod.pictures.autoscout24.net/listing-images/395f8bcb-c459-4835-845a-d1bed7d7bbe4_9bbd1f34-73d2-48ea-884f-b84f21a85800.jpg/250x188.webp https://prod.pictures.autoscout24.net/listing-images/395f8bcb-c459-4835-845a-d1bed7d7bbe4_758d209e-9afa-40e3-92c6-90cbcb1b8657.jpg/250x188.webp https://prod.pictures.autoscout24.net/listing-images/395f8bcb-c459-4835-845a-d1bed7d7bbe4_3e8c6c4e-29e9-4de5-b969-c7e8623d1dfc.jpg/250x188.webp https://prod.pictures.autoscout24.net/listing-images/395f8bcb-c459-4835-845a-d1bed7d7bbe4_573aa21c-1e4c-4d37-959e-7f5293ffc61c.jpg/250x188.webp https://prod.pictures.autoscout24.net/listing-images/395f8bcb-c459-4835-845a-d1bed7d7bbe4_1d67aecf-0f0f-492c-902d-885295a40965.jpg/250x188.webp https://prod.pictures.autoscout24.net/listing-images/395f8bcb-c459-4835-845a-d1bed7d7bbe4_32411c54-2a1c-4b7c-bf60-4116e379e66f.jpg/250x188.webp https://prod.pictures.autoscout24.net/listing-images/395f8bcb-c459-4835-845a-d1bed7d7bbe4_726e03aa-efb0-4b70-8746-55fd0e359d8e.jpg/250x188.webp https://prod.pictures.autoscout24.net/listing-images/395f8bcb-c459-4835-845a-d1bed7d7bbe4_f3fdc589-4619-473d-ad98-a78bc0b5a175.jpg/250x188.webp https://prod.pictures.autoscout24.net/listing-images/395f8bcb-c459-4835-845a-d1bed7d7bbe4_4b76877e-2657-4f83-919d-d252f6fb6f2b.jpg/250x188.webp,36.751136569594,1759
cd2874f8-18ee-4920-a021-f5fed7bca0f0,Mazda,CX-30,SKYACTIVE-G MHEV + GPS + CAMERA + PDC + CRUISE (AC,Dealer,23495,b,47473,03-2022,2030,https://prod.pictures.autoscout24.net/listing-images/cd2874f8-18ee-4920-a021-f5fed7bca0f0_5ea819d8-8000-4f56-9894-e3e683b22674.jpg/250x188.webp https://prod.pictures.autoscout24.net/listing-images/cd2874f8-18ee-4920-a021-f5fed7bca0f0_ad5a8b70-bdb7-4f30-9173-aa0a1c16eaac.jpg/250x188.webp https://prod.pictures.autoscout24.net/listing-images/cd2874f8-18ee-4920-a021-f5fed7bca0f0_41c9d292-ee99-41b2-af39-30c176dfc43b.jpg/250x188.webp https://prod.pictures.autoscout24.net/listing-images/cd2874f8-18ee-4920-a021-f5fed7bca0f0_1af0ac25-7ca2-484c-8af9-83cd10103296.jpg/250x188.webp https://prod.pictures.autoscout24.net/listing-images/cd2874f8-18ee-4920-a021-f5fed7bca0f0_ca6d4108-9a92-4ae3-8182-430541de2852.jpg/250x188.webp https://prod.pictures.autoscout24.net/listing-images/cd2874f8-18ee-4920-a021-f5fed7bca0f0_f6d8616e-f97c-4ef9-8095-05df7ab15bc4.jpg/250x188.webp https://prod.pictures.autoscout24.net/listing-images/cd2874f8-18ee-4920-a021-f5fed7bca0f0_7b6a9004-a545-48c4-a189-bd2e5eb549ed.jpg/250x188.webp https://prod.pictures.autoscout24.net/listing-images/cd2874f8-18ee-4920-a021-f5fed7bca0f0_f15fefcd-9ebe-4e64-b00c-a921cd422279.jpg/250x188.webp https://prod.pictures.autoscout24.net/listing-images/cd2874f8-18ee-4920-a021-f5fed7bca0f0_72617c71-9f4f-4e3e-8121-7fb192dd39a7.jpg/250x188.webp https://prod.pictures.autoscout24.net/listing-images/cd2874f8-18ee-4920-a021-f5fed7bca0f0_1b4a1ae3-7e3f-4e91-98e5-271fc9f94653.jpg/250x188.webp https://prod.pictures.autoscout24.net/listing-images/cd2874f8-18ee-4920-a021-f5fed7bca0f0_03374a67-ad39-463d-80e5-e8d8fc408188.jpg/250x188.webp https://prod.pictures.autoscout24.net/listing-images/cd2874f8-18ee-4920-a021-f5fed7bca0f0_15f43063-6876-4b7c-84ff-83acb9c74c6f.jpg/250x188.webp https://prod.pictures.autoscout24.net/listing-images/cd2874f8-18ee-4920-a021-f5fed7bca0f0_d91768e4-f2af-47a0-9426-3d7f4dc8b246.jpg/250x188.webp https://prod.pictures.autoscout24.net/listing-images/cd2874f8-18ee-4920-a021-f5fed7bca0f0_f0eb5e22-3489-42a1-a8d6-df0150036dbd.jpg/250x188.webp https://prod.pictures.autoscout24.net/listing-images/cd2874f8-18ee-4920-a021-f5fed7bca0f0_d79b8738-eb2a-4d9b-97f5-9aad3c73212b.jpg/250x188.webp https://prod.pictures.autoscout24.net/listing-images/cd2874f8-18ee-4920-a021-f5fed7bca0f0_7f5cce24-f3f6-4985-980e-5c81fd838996.jpg/250x188.webp https://prod.pictures.autoscout24.net/listing-images/cd2874f8-18ee-4920-a021-f5fed7bca0f0_b4be133e-70f7-473b-b578-72b8c957a293.jpg/250x188.webp https://prod.pictures.autoscout24.net/listing-images/cd2874f8-18ee-4920-a021-f5fed7bca0f0_8527cfee-ca86-470a-ac1a-0361f27ccd1c.jpg/250x188.webp https://prod.pictures.autoscout24.net/listing-images/cd2874f8-18ee-4920-a021-f5fed7bca0f0_c960ffb2-9a48-4094-b169-9f541335fcc1.jpg/250x188.webp https://prod.pictures.autoscout24.net/listing-images/cd2874f8-18ee-4920-a021-f5fed7bca0f0_5a1d0c7e-5df9-47e4-a752-0b1519df0646.jpg/250x188.webp https://prod.pictures.autoscout24.net/listing-images/cd2874f8-18ee-4920-a021-f5fed7bca0f0_f52bb19d-7cd6-4b41-bea0-3deb40ba4c4d.jpg/250x188.webp https://prod.pictures.autoscout24.net/listing-images/cd2874f8-18ee-4920-a021-f5fed7bca0f0_3de8383c-bbf5-4831-b4b6-3e300b82bd3e.jpg/250x188.webp https://prod.pictures.autoscout24.net/listing-images/cd2874f8-18ee-4920-a021-f5fed7bca0f0_5165da24-4435-41bf-8516-173e7718c781.jpg/250x188.webp https://prod.pictures.autoscout24.net/listing-images/cd2874f8-18ee-4920-a021-f5fed7bca0f0_1b17831a-948e-41f5-ac80-e40cc5a17e7c.jpg/250x188.webp https://prod.pictures.autoscout24.net/listing-images/cd2874f8-18ee-4920-a021-f5fed7bca0f0_1dd9eed9-b9af-4793-85f3-304650bdc093.jpg/250x188.webp https://prod.pictures.autoscout24.net/listing-images/cd2874f8-18ee-4920-a021-f5fed7bca0f0_2fed3eec-90a7-46c1-8221-558f5694bb89.jpg/250x188.webp https://prod.pictures.autoscout24.net/listing-images/cd2874f8-18ee-4920-a021-f5fed7bca0f0_e2789897-316c-4fdd-920e-3e9d2a0e8703.jpg/250x188.webp https://prod.pictures.autoscout24.net/listing-images/cd2874f8-18ee-4920-a021-f5fed7bca0f0_a9fadda5-26f3-423f-ba41-51bd69eaaae9.jpg/250x188.webp https://prod.pictures.autoscout24.net/listing-images/cd2874f8-18ee-4920-a021-f5fed7bca0f0_6619f726-62b0-4fa6-8809-38ae99fb5b92.jpg/250x188.webp https://prod.pictures.autoscout24.net/listing-images/cd2874f8-18ee-4920-a021-f5fed7bca0f0_eac86444-c122-4d47-9038-a162b34118fb.jpg/250x188.webp,27.94913546724415,1455
bdfa5add-9530-4fa9-8ebd-235a67a55612,Mazda,MX-30,MX-30 e-SKYACTIV R-EV MAKOTO,Dealer,23750,2,26500,12-2023,2801,https://prod.pictures.autoscout24.net/listing-images/bdfa5add-9530-4fa9-8ebd-235a67a55612_6eeebb91-7148-4674-b4e1-e2b3fe3e017e.jpg/250x188.webp https://prod.pictures.autoscout24.net/listing-images/bdfa5add-9530-4fa9-8ebd-235a67a55612_a2f81ed4-c6da-41cd-9962-db66af2ec213.jpg/250x188.webp https://prod.pictures.autoscout24.net/listing-images/bdfa5add-9530-4fa9-8ebd-235a67a55612_d18a7336-74f2-427a-9c38-b125afefd0f7.jpg/250x188.webp https://prod.pictures.autoscout24.net/listing-images/bdfa5add-9530-4fa9-8ebd-235a67a55612_ed1a6e49-0634-4a47-abb0-62f9050757b6.jpg/250x188.webp https://prod.pictures.autoscout24.net/listing-images/bdfa5add-9530-4fa9-8ebd-235a67a55612_76a80d59-ec8f-4cce-92fb-df8700dd00ee.jpg/250x188.webp https://prod.pictures.autoscout24.net/listing-images/bdfa5add-9530-4fa9-8ebd-235a67a55612_be7df137-f917-468f-8fde-86c4e45a5e18.jpg/250x188.webp https://prod.pictures.autoscout24.net/listing-images/bdfa5add-9530-4fa9-8ebd-235a67a55612_edfc5645-a6fb-43bc-b48d-bed1d0e967e9.jpg/250x188.webp https://prod.pictures.autoscout24.net/listing-images/bdfa5add-9530-4fa9-8ebd-235a67a55612_6bd4d513-1842-4df7-b21a-6549270214b3.jpg/250x188.webp https://prod.pictures.autoscout24.net/listing-images/bdfa5add-9530-4fa9-8ebd-235a67a55612_056b0085-1437-4c78-8e42-4dadeec92885.jpg/250x188.webp https://prod.pictures.autoscout24.net/listing-images/bdfa5add-9530-4fa9-8ebd-235a67a55612_37098efe-ac5e-44ba-aa4a-abe8345454ed.jpg/250x188.webp https://prod.pictures.autoscout24.net/listing-images/bdfa5add-9530-4fa9-8ebd-235a67a55612_adb33bfe-85cd-4ce8-adbe-2d33e9f8aa8c.jpg/250x188.webp https://prod.pictures.autoscout24.net/listing-images/bdfa5add-9530-4fa9-8ebd-235a67a55612_96970307-d2d1-4979-8dee-833469e85142.jpg/250x188.webp https://prod.pictures.autoscout24.net/listing-images/bdfa5add-9530-4fa9-8ebd-235a67a55612_78fdc234-2973-4ca6-a922-496ff0bd5f7f.jpg/250x188.webp https://prod.pictures.autoscout24.net/listing-images/bdfa5add-9530-4fa9-8ebd-235a67a55612_96d7afac-990e-4e93-a4f5-2c819b422745.jpg/250x188.webp https://prod.pictures.autoscout24.net/listing-images/bdfa5add-9530-4fa9-8ebd-235a67a55612_198a6c97-6a92-43d5-8811-fae40db92492.jpg/250x188.webp https://prod.pictures.autoscout24.net/listing-images/bdfa5add-9530-4fa9-8ebd-235a67a55612_a1fcfa9e-ac16-46ac-b986-23a6c69a143c.jpg/250x188.webp https://prod.pictures.autoscout24.net/listing-images/bdfa5add-9530-4fa9-8ebd-235a67a55612_24cd6a8c-0806-4a7b-9be9-71e4f326e1db.jpg/250x188.webp https://prod.pictures.autoscout24.net/listing-images/bdfa5add-9530-4fa9-8ebd-235a67a55612_c99297ab-663d-4249-8c3c-0a43af1ca188.jpg/250x188.webp https://prod.pictures.autoscout24.net/listing-images/bdfa5add-9530-4fa9-8ebd-235a67a55612_a31f1e09-e075-400e-bb66-a7cf381e5af6.jpg/250x188.webp https://prod.pictures.autoscout24.net/listing-images/bdfa5add-9530-4fa9-8ebd-235a67a55612_833ac93d-4773-4e4d-8421-9713fd28cba2.jpg/250x188.webp https://prod.pictures.autoscout24.net/listing-images/bdfa5add-9530-4fa9-8ebd-235a67a55612_3148b042-eeaa-4a8e-917a-671615336b0c.jpg/250x188.webp,46.92493283951117,815
8a44fcee-8b4c-4884-9c77-ad7c4d69ecc7,Mazda,CX-30,2.0L e-Skyactiv G 122 hp 6AT SKYCRUISE,Dealer,23990,b,56937,01-2022,3800,https://prod.pictures.autoscout24.net/listing-images/8a44fcee-8b4c-4884-9c77-ad7c4d69ecc7_ec61c61c-d2b1-4bd7-81bf-2a8fc3fca0ba.jpg/250x188.webp https://prod.pictures.autoscout24.net/listing-images/8a44fcee-8b4c-4884-9c77-ad7c4d69ecc7_7ea7d512-b36b-4b97-848a-8987156ee024.jpg/250x188.webp https://prod.pictures.autoscout24.net/listing-images/8a44fcee-8b4c-4884-9c77-ad7c4d69ecc7_d84b6503-f29a-4bd4-8c11-9eee82df0e91.jpg/250x188.webp https://prod.pictures.autoscout24.net/listing-images/8a44fcee-8b4c-4884-9c77-ad7c4d69ecc7_484f5a3b-6987-4123-b477-a2a815ab2ac9.jpg/250x188.webp https://prod.pictures.autoscout24.net/listing-images/8a44fcee-8b4c-4884-9c77-ad7c4d69ecc7_a1e2b13c-fedc-402f-bbbe-a693798f071e.jpg/250x188.webp https://prod.pictures.autoscout24.net/listing-images/8a44fcee-8b4c-4884-9c77-ad7c4d69ecc7_886f7425-50d2-41b3-b495-37faac84d4fe.jpg/250x188.webp https://prod.pictures.autoscout24.net/listing-images/8a44fcee-8b4c-4884-9c77-ad7c4d69ecc7_9c746268-ca86-45b1-a15e-107b953263e1.jpg/250x188.webp https://prod.pictures.autoscout24.net/listing-images/8a44fcee-8b4c-4884-9c77-ad7c4d69ecc7_6ccddc80-7939-40cc-9c99-729772d9bad4.jpg/250x188.webp https://prod.pictures.autoscout24.net/listing-images/8a44fcee-8b4c-4884-9c77-ad7c4d69ecc7_e5512bf7-e567-4f33-9a50-559f130dd418.jpg/250x188.webp https://prod.pictures.autoscout24.net/listing-images/8a44fcee-8b4c-4884-9c77-ad7c4d69ecc7_580d187d-abaa-49ef-9198-4bd5e51443e4.jpg/250x188.webp https://prod.pictures.autoscout24.net/listing-images/8a44fcee-8b4c-4884-9c77-ad7c4d69ecc7_f6bf47cf-99cd-450a-af61-052b456c0206.jpg/250x188.webp https://prod.pictures.autoscout24.net/listing-images/8a44fcee-8b4c-4884-9c77-ad7c4d69ecc7_93d1cb2f-4bf5-44fe-9941-ef66afece469.jpg/250x188.webp https://prod.pictures.autoscout24.net/listing-images/8a44fcee-8b4c-4884-9c77-ad7c4d69ecc7_642a6c8d-ace9-45cf-b948-4f5047679150.jpg/250x188.webp https://prod.pictures.autoscout24.net/listing-images/8a44fcee-8b4c-4884-9c77-ad7c4d69ecc7_5c6f8df7-0e32-4de6-b5e8-512d77459492.jpg/250x188.webp https://prod.pictures.autoscout24.net/listing-images/8a44fcee-8b4c-4884-9c77-ad7c4d69ecc7_37d8a36c-6e8a-413b-8bf0-f94257d92831.jpg/250x188.webp https://prod.pictures.autoscout24.net/listing-images/8a44fcee-8b4c-4884-9c77-ad7c4d69ecc7_291057a7-29c3-481f-a7f4-5650ce1dd589.jpg/250x188.webp https://prod.pictures.autoscout24.net/listing-images/8a44fcee-8b4c-4884-9c77-ad7c4d69ecc7_b5e7b15f-d6fb-49c2-966b-fd488c650c85.jpg/250x188.webp https://prod.pictures.autoscout24.net/listing-images/8a44fcee-8b4c-4884-9c77-ad7c4d69ecc7_532379de-9a7e-4a7d-9872-fd37cad2795e.jpg/250x188.webp https://prod.pictures.autoscout24.net/listing-images/8a44fcee-8b4c-4884-9c77-ad7c4d69ecc7_ea70c12f-161c-4ef6-bbda-37ca12a7c185.jpg/250x188.webp https://prod.pictures.autoscout24.net/listing-images/8a44fcee-8b4c-4884-9c77-ad7c4d69ecc7_290f126b-ff52-458f-ac49-1d71d2bdf6f8.jpg/250x188.webp https://prod.pictures.autoscout24.net/listing-images/8a44fcee-8b4c-4884-9c77-ad7c4d69ecc7_5b7ea2b6-b03f-4d89-ab6e-974a1cd13f19.jpg/250x188.webp https://prod.pictures.autoscout24.net/listing-images/8a44fcee-8b4c-4884-9c77-ad7c4d69ecc7_c20f56b0-5ced-48bc-a7d7-28d96a1c0c48.jpg/250x188.webp https://prod.pictures.autoscout24.net/listing-images/8a44fcee-8b4c-4884-9c77-ad7c4d69ecc7_c28804c0-1d38-4de1-a958-06c0a43100be.jpg/250x188.webp https://prod.pictures.autoscout24.net/listing-images/8a44fcee-8b4c-4884-9c77-ad7c4d69ecc7_c715c400-a20b-457a-b8df-fea0d25b06bf.jpg/250x188.webp https://prod.pictures.autoscout24.net/listing-images/8a44fcee-8b4c-4884-9c77-ad7c4d69ecc7_6e57a660-3031-4e4a-a68f-e1318a8de010.jpg/250x188.webp https://prod.pictures.autoscout24.net/listing-images/8a44fcee-8b4c-4884-9c77-ad7c4d69ecc7_37779b23-0bd2-4b19-b858-948def4559c9.jpg/250x188.webp https://prod.pictures.autoscout24.net/listing-images/8a44fcee-8b4c-4884-9c77-ad7c4d69ecc7_56137b7d-b514-476c-9504-ae9fbcbabd1a.jpg/250x188.webp https://prod.pictures.autoscout24.net/listing-images/8a44fcee-8b4c-4884-9c77-ad7c4d69ecc7_38df8a0a-d2fe-47e7-b31b-3265b0f3ba34.jpg/250x188.webp https://prod.pictures.autoscout24.net/listing-images/8a44fcee-8b4c-4884-9c77-ad7c4d69ecc7_5f7e4b7f-d1ff-4adb-b3a1-a63712eebb47.jpg/250x188.webp https://prod.pictures.autoscout24.net/listing-images/8a44fcee-8b4c-4884-9c77-ad7c4d69ecc7_fc64fb62-5055-4479-8ff3-c7be83284240.jpg/250x188.webp,91.50869615616915,1514
67df4ecb-d216-4d98-8509-40e276c0885c,Mazda,CX-30,SKYACTIVE -G 150 PK COSMO MHEV + A/T + GPS + LEDER,Dealer,23995,b,41929,06-2021,2030,https://prod.pictures.autoscout24.net/listing-images/67df4ecb-d216-4d98-8509-40e276c0885c_5d07e4d5-4754-43b3-a9f2-d1679d5eef4a.jpg/250x188.webp https://prod.pictures.autoscout24.net/listing-images/67df4ecb-d216-4d98-8509-40e276c0885c_06ffb599-b616-47dc-bf5d-93217055282f.jpg/250x188.webp https://prod.pictures.autoscout24.net/listing-images/67df4ecb-d216-4d98-8509-40e276c0885c_eeb97477-10f1-4dbe-8f22-3745af2482ae.jpg/250x188.webp https://prod.pictures.autoscout24.net/listing-images/67df4ecb-d216-4d98-8509-40e276c0885c_7a3a6891-97f5-4645-8af7-74e95227dc8c.jpg/250x188.webp https://prod.pictures.autoscout24.net/listing-images/67df4ecb-d216-4d98-8509-40e276c0885c_1173594b-e437-453a-9f68-83757053e72a.jpg/250x188.webp https://prod.pictures.autoscout24.net/listing-images/67df4ecb-d216-4d98-8509-40e276c0885c_a435bf4e-a470-449f-b40f-50834f86a929.jpg/250x188.webp https://prod.pictures.autoscout24.net/listing-images/67df4ecb-d216-4d98-8509-40e276c0885c_a506d074-ed41-4df0-bc24-ca3ab07e6efe.jpg/250x188.webp https://prod.pictures.autoscout24.net/listing-images/67df4ecb-d216-4d98-8509-40e276c0885c_085cc98b-6402-4745-be63-d66a4a41b2d9.jpg/250x188.webp https://prod.pictures.autoscout24.net/listing-images/67df4ecb-d216-4d98-8509-40e276c0885c_bb3a3307-d462-498e-a68c-9b42eefffcf1.jpg/250x188.webp https://prod.pictures.autoscout24.net/listing-images/67df4ecb-d216-4d98-8509-40e276c0885c_b5ff7bec-e10b-4148-803a-d95630c0a274.jpg/250x188.webp https://prod.pictures.autoscout24.net/listing-images/67df4ecb-d216-4d98-8509-40e276c0885c_ffeeb0a2-7b5c-490b-870b-575ae21dfaa9.jpg/250x188.webp https://prod.pictures.autoscout24.net/listing-images/67df4ecb-d216-4d98-8509-40e276c0885c_24310a98-af5d-47a0-8f66-155b4db53077.jpg/250x188.webp https://prod.pictures.autoscout24.net/listing-images/67df4ecb-d216-4d98-8509-40e276c0885c_8b4d7851-200b-496c-b45e-170e3738a4e6.jpg/250x188.webp https://prod.pictures.autoscout24.net/listing-images/67df4ecb-d216-4d98-8509-40e276c0885c_e8f54da2-063c-4a11-adb8-6d9aba9588c1.jpg/250x188.webp https://prod.pictures.autoscout24.net/listing-images/67df4ecb-d216-4d98-8509-40e276c0885c_7318a193-de06-4ea6-b891-ee449779c06a.jpg/250x188.webp https://prod.pictures.autoscout24.net/listing-images/67df4ecb-d216-4d98-8509-40e276c0885c_8a47f1c5-6640-4f93-834a-b2f60b6f1358.jpg/250x188.webp https://prod.pictures.autoscout24.net/listing-images/67df4ecb-d216-4d98-8509-40e276c0885c_66b65af9-3056-45cf-987c-9a453a707d5c.jpg/250x188.webp https://prod.pictures.autoscout24.net/listing-images/67df4ecb-d216-4d98-8509-40e276c0885c_d8940d3a-16f6-489e-87cb-20d94e848f96.jpg/250x188.webp https://prod.pictures.autoscout24.net/listing-images/67df4ecb-d216-4d98-8509-40e276c0885c_fcb60cc7-78fe-47f0-8f38-6f797a36c6a2.jpg/250x188.webp https://prod.pictures.autoscout24.net/listing-images/67df4ecb-d216-4d98-8509-40e276c0885c_f841c0be-331a-4dd2-866f-5bcdd170dfac.jpg/250x188.webp https://prod.pictures.autoscout24.net/listing-images/67df4ecb-d216-4d98-8509-40e276c0885c_1528a876-4ee8-426b-b08a-3d408bd06adc.jpg/250x188.webp https://prod.pictures.autoscout24.net/listing-images/67df4ecb-d216-4d98-8509-40e276c0885c_321f3f65-0ad5-43a6-a2e0-722023a9f8c2.jpg/250x188.webp https://prod.pictures.autoscout24.net/listing-images/67df4ecb-d216-4d98-8509-40e276c0885c_ce28964f-6195-4030-a440-55de3b66ff79.jpg/250x188.webp https://prod.pictures.autoscout24.net/listing-images/67df4ecb-d216-4d98-8509-40e276c0885c_bcb2d166-fedb-4296-a5b7-578e473cde2f.jpg/250x188.webp https://prod.pictures.autoscout24.net/listing-images/67df4ecb-d216-4d98-8509-40e276c0885c_814e831b-8faa-403e-8667-c03cdc812efa.jpg/250x188.webp https://prod.pictures.autoscout24.net/listing-images/67df4ecb-d216-4d98-8509-40e276c0885c_89143cef-8efb-463a-8635-01b5803a01ae.jpg/250x188.webp https://prod.pictures.autoscout24.net/listing-images/67df4ecb-d216-4d98-8509-40e276c0885c_bf0ecc10-c679-48fe-9ad9-5e295f888f25.jpg/250x188.webp https://prod.pictures.autoscout24.net/listing-images/67df4ecb-d216-4d98-8509-40e276c0885c_e279c71d-65e3-45e1-941a-e5e8aade0fe8.jpg/250x188.webp https://prod.pictures.autoscout24.net/listing-images/67df4ecb-d216-4d98-8509-40e276c0885c_63d67844-80d4-401c-94fe-44b53ce0e237.jpg/250x188.webp https://prod.pictures.autoscout24.net/listing-images/67df4ecb-d216-4d98-8509-40e276c0885c_006bdcdd-4d2f-4481-a0e8-d483a4d3725d.jpg/250x188.webp,27.94913546724415,1728
3e182dc9-f959-4e52-b554-0448e58a3181,Mazda,CX-5,SKYACTIV-G 165 AWD Aut. HOMURA,PrivateSeller,24000,b,95000,02-2021,1160,https://prod.pictures.autoscout24.net/listing-images/3e182dc9-f959-4e52-b554-0448e58a3181_7fe76a64-dc54-4633-91e9-b3737c02955b.jpg/250x188.webp https://prod.pictures.autoscout24.net/listing-images/3e182dc9-f959-4e52-b554-0448e58a3181_04c541a8-215a-4acf-b6f1-05ddc2f1fc85.jpg/250x188.webp https://prod.pictures.autoscout24.net/listing-images/3e182dc9-f959-4e52-b554-0448e58a3181_bffee1ba-d0af-4cda-9bd0-ad8973d67b09.jpg/250x188.webp https://prod.pictures.autoscout24.net/listing-images/3e182dc9-f959-4e52-b554-0448e58a3181_dbb47128-9eed-445c-835b-18603a32a5f7.jpg/250x188.webp,72.45305351002509,1848
2e16009a-e5a8-42bb-9dc0-c0494c16ba76,Mazda,2,1.5I Hybrid VVT-i Centre-Line CVT,Dealer,24415,2,2,new,2300,https://prod.pictures.autoscout24.net/listing-images/2e16009a-e5a8-42bb-9dc0-c0494c16ba76_0f7ee257-9f88-4a00-90a0-9bb9b11da35f.jpg/250x188.webp https://prod.pictures.autoscout24.net/listing-images/2e16009a-e5a8-42bb-9dc0-c0494c16ba76_28aff7c5-b8b4-4f9c-84fe-3a30d80e0a18.jpg/250x188.webp https://prod.pictures.autoscout24.net/listing-images/2e16009a-e5a8-42bb-9dc0-c0494c16ba76_c828d37a-b22c-49ab-8bca-0217ddd38b46.jpg/250x188.webp https://prod.pictures.autoscout24.net/listing-images/2e16009a-e5a8-42bb-9dc0-c0494c16ba76_e5783139-cbc9-4d9f-aaca-b473b8f8fef9.jpg/250x188.webp https://prod.pictures.autoscout24.net/listing-images/2e16009a-e5a8-42bb-9dc0-c0494c16ba76_86c96bbe-698d-4d33-835e-a731d2aa2517.jpg/250x188.webp https://prod.pictures.autoscout24.net/listing-images/2e16009a-e5a8-42bb-9dc0-c0494c16ba76_96f7fdb2-f2e6-4a0e-868d-057102167e2d.jpg/250x188.webp https://prod.pictures.autoscout24.net/listing-images/2e16009a-e5a8-42bb-9dc0-c0494c16ba76_19ac1629-c32c-45ac-b197-003e22d26c41.jpg/250x188.webp https://prod.pictures.autoscout24.net/listing-images/2e16009a-e5a8-42bb-9dc0-c0494c16ba76_912d5b3f-38eb-436a-8fe9-eb9066f7c674.jpg/250x188.webp https://prod.pictures.autoscout24.net/listing-images/2e16009a-e5a8-42bb-9dc0-c0494c16ba76_b8f6b707-1bf0-411d-a907-f4434c9600d4.jpg/250x188.webp https://prod.pictures.autoscout24.net/listing-images/2e16009a-e5a8-42bb-9dc0-c0494c16ba76_c3bc6630-ccf5-4ffb-ad13-e54c6b04be28.jpg/250x188.webp https://prod.pictures.autoscout24.net/listing-images/2e16009a-e5a8-42bb-9dc0-c0494c16ba76_3b3fd536-b964-4511-8f67-dde56dab1c81.jpg/250x188.webp https://prod.pictures.autoscout24.net/listing-images/2e16009a-e5a8-42bb-9dc0-c0494c16ba76_1058d580-a4c4-4983-a6c5-c04d3432ba6c.jpg/250x188.webp https://prod.pictures.autoscout24.net/listing-images/2e16009a-e5a8-42bb-9dc0-c0494c16ba76_d36ba1be-1274-4013-9b81-704ba2dfb0ca.jpg/250x188.webp https://prod.pictures.autoscout24.net/listing-images/2e16009a-e5a8-42bb-9dc0-c0494c16ba76_4c679f33-2402-4b3e-a983-4b0bf03a4ace.jpg/250x188.webp https://prod.pictures.autoscout24.net/listing-images/2e16009a-e5a8-42bb-9dc0-c0494c16ba76_cf8b251f-3458-4550-ae44-62ada93c7efa.jpg/250x188.webp https://prod.pictures.autoscout24.net/listing-images/2e16009a-e5a8-42bb-9dc0-c0494c16ba76_4b8c17c9-8b9d-4f27-9b83-0f53f316e2db.jpg/250x188.webp https://prod.pictures.autoscout24.net/listing-images/2e16009a-e5a8-42bb-9dc0-c0494c16ba76_18f31af2-a550-4532-8a09-d0f73556ba5d.jpg/250x188.webp https://prod.pictures.autoscout24.net/listing-images/2e16009a-e5a8-42bb-9dc0-c0494c16ba76_842272cc-f9f3-405f-900d-d16583786136.jpg/250x188.webp https://prod.pictures.autoscout24.net/listing-images/2e16009a-e5a8-42bb-9dc0-c0494c16ba76_23f7d112-cfe8-48bf-8e15-b3a5042d96c0.jpg/250x188.webp https://prod.pictures.autoscout24.net/listing-images/2e16009a-e5a8-42bb-9dc0-c0494c16ba76_6169c4a0-d1a9-48d5-b1c0-f6d631aa0e24.jpg/250x188.webp,36.751136569594,0
97913c6d-2634-4883-94c3-d9ffcb298e35,Mazda,CX-30,Hakoné,Dealer,24450,2,54412,01-2021,3800,https://prod.pictures.autoscout24.net/listing-images/97913c6d-2634-4883-94c3-d9ffcb298e35_3addac78-ef7c-4c5f-9aae-c03b5948923a.jpg/250x188.webp https://prod.pictures.autoscout24.net/listing-images/97913c6d-2634-4883-94c3-d9ffcb298e35_8beeabe3-de83-4f79-ab8e-e299a6f51499.jpg/250x188.webp https://prod.pictures.autoscout24.net/listing-images/97913c6d-2634-4883-94c3-d9ffcb298e35_34974419-3916-4900-a943-3cf7179e16c4.jpg/250x188.webp https://prod.pictures.autoscout24.net/listing-images/97913c6d-2634-4883-94c3-d9ffcb298e35_16810161-5cb9-4a1c-a791-7e64b544b6ba.jpg/250x188.webp https://prod.pictures.autoscout24.net/listing-images/97913c6d-2634-4883-94c3-d9ffcb298e35_c7c73b68-588f-4a32-b998-b695e557a846.jpg/250x188.webp https://prod.pictures.autoscout24.net/listing-images/97913c6d-2634-4883-94c3-d9ffcb298e35_b388cadd-ca7c-4028-98b0-2972e4f739b0.jpg/250x188.webp https://prod.pictures.autoscout24.net/listing-images/97913c6d-2634-4883-94c3-d9ffcb298e35_3a290346-58f5-4fec-9772-5f43b544dc53.jpg/250x188.webp https://prod.pictures.autoscout24.net/listing-images/97913c6d-2634-4883-94c3-d9ffcb298e35_efcd3968-7f27-4f68-9b3e-3af8687d95b4.jpg/250x188.webp https://prod.pictures.autoscout24.net/listing-images/97913c6d-2634-4883-94c3-d9ffcb298e35_d2e7807c-c4bc-4757-900c-702d5f27496c.jpg/250x188.webp https://prod.pictures.autoscout24.net/listing-images/97913c6d-2634-4883-94c3-d9ffcb298e35_6550ec11-8e1c-4628-870d-ae9c8299d092.jpg/250x188.webp https://prod.pictures.autoscout24.net/listing-images/97913c6d-2634-4883-94c3-d9ffcb298e35_53376678-fc28-47fd-bbb3-f5c3ef252f09.jpg/250x188.webp https://prod.pictures.autoscout24.net/listing-images/97913c6d-2634-4883-94c3-d9ffcb298e35_b5c0a543-07fd-41e0-a891-fbd7c48f0258.jpg/250x188.webp https://prod.pictures.autoscout24.net/listing-images/97913c6d-2634-4883-94c3-d9ffcb298e35_d4fa626c-4dba-464a-94b7-66e5e86df2bc.jpg/250x188.webp https://prod.pictures.autoscout24.net/listing-images/97913c6d-2634-4883-94c3-d9ffcb298e35_d9d178ec-0306-4c4b-84f8-b8cee0904200.jpg/250x188.webp https://prod.pictures.autoscout24.net/listing-images/97913c6d-2634-4883-94c3-d9ffcb298e35_74520b08-beb4-4744-87c2-8044e8c1dd97.jpg/250x188.webp https://prod.pictures.autoscout24.net/listing-images/97913c6d-2634-4883-94c3-d9ffcb298e35_2794901c-1bb3-422e-8995-2c9b70d9762d.jpg/250x188.webp https://prod.pictures.autoscout24.net/listing-images/97913c6d-2634-4883-94c3-d9ffcb298e35_ab3f6cc1-8c75-44a5-921c-594141c579b0.jpg/250x188.webp https://prod.pictures.autoscout24.net/listing-images/97913c6d-2634-4883-94c3-d9ffcb298e35_c89796d6-a728-417d-91cb-86d1869169fc.jpg/250x188.webp https://prod.pictures.autoscout24.net/listing-images/97913c6d-2634-4883-94c3-d9ffcb298e35_8bffb26d-26ff-4483-a61c-1727f296ecf5.jpg/250x188.webp https://prod.pictures.autoscout24.net/listing-images/97913c6d-2634-4883-94c3-d9ffcb298e35_3dba6283-04e7-4c66-9623-8eea9a877f08.jpg/250x188.webp https://prod.pictures.autoscout24.net/listing-images/97913c6d-2634-4883-94c3-d9ffcb298e35_dab4b478-5cca-416a-a2ac-084d2cb0818a.jpg/250x188.webp https://prod.pictures.autoscout24.net/listing-images/97913c6d-2634-4883-94c3-d9ffcb298e35_66264bd0-29d4-4ca3-9e03-ddbc524af36f.jpg/250x188.webp https://prod.pictures.autoscout24.net/listing-images/97913c6d-2634-4883-94c3-d9ffcb298e35_5b6ee539-5fbe-4cda-8dd9-9094051e184d.jpg/250x188.webp https://prod.pictures.autoscout24.net/listing-images/97913c6d-2634-4883-94c3-d9ffcb298e35_7e39e7ea-6748-456d-abb4-3438e3f408a2.jpg/250x188.webp https://prod.pictures.autoscout24.net/listing-images/97913c6d-2634-4883-94c3-d9ffcb298e35_644e6d2a-5b71-49b9-adc6-588c25f3e777.jpg/250x188.webp https://prod.pictures.autoscout24.net/listing-images/97913c6d-2634-4883-94c3-d9ffcb298e35_829f9f56-4b60-4f47-8465-5053c5e1167f.jpg/250x188.webp https://prod.pictures.autoscout24.net/listing-images/97913c6d-2634-4883-94c3-d9ffcb298e35_7f69db02-0feb-4f61-bd50-1332068282ad.jpg/250x188.webp https://prod.pictures.autoscout24.net/listing-images/97913c6d-2634-4883-94c3-d9ffcb298e35_08a48a75-b520-4351-b920-120c54b64c6e.jpg/250x188.webp https://prod.pictures.autoscout24.net/listing-images/97913c6d-2634-4883-94c3-d9ffcb298e35_3d2ee3ec-dddb-46e9-923e-89e7325ac46c.jpg/250x188.webp https://prod.pictures.autoscout24.net/listing-images/97913c6d-2634-4883-94c3-d9ffcb298e35_7fdb3d3c-bc7b-4e75-a081-61ae900d995d.jpg/250x188.webp,91.50869615616915,1879
a7224061-91c5-4da2-977d-2c9d9eb4118d,Mazda,CX-5,*GARANTIE 12 MOIS* CX-5 2.0i SKY-G 2WD Skycruise,Dealer,24900,b,48000,02-2020,4367,https://prod.pictures.autoscout24.net/listing-images/a7224061-91c5-4da2-977d-2c9d9eb4118d_dd2de48a-a4e6-448a-8f1a-c8a634bd70a7.jpg/250x188.webp https://prod.pictures.autoscout24.net/listing-images/a7224061-91c5-4da2-977d-2c9d9eb4118d_f7ae23b6-a8d4-40ca-9611-79d2d42fd0cf.jpg/250x188.webp https://prod.pictures.autoscout24.net/listing-images/a7224061-91c5-4da2-977d-2c9d9eb4118d_d57cfedd-b56a-42da-8bae-8710d6eb6db8.jpg/250x188.webp https://prod.pictures.autoscout24.net/listing-images/a7224061-91c5-4da2-977d-2c9d9eb4118d_ea158fd0-df02-43ae-9147-b57ae4391a14.jpg/250x188.webp https://prod.pictures.autoscout24.net/listing-images/a7224061-91c5-4da2-977d-2c9d9eb4118d_d13740ec-80df-4a09-89c2-db68ce75c268.jpg/250x188.webp https://prod.pictures.autoscout24.net/listing-images/a7224061-91c5-4da2-977d-2c9d9eb4118d_1d05802e-6e99-460f-9684-bd9cb5b8e635.jpg/250x188.webp https://prod.pictures.autoscout24.net/listing-images/a7224061-91c5-4da2-977d-2c9d9eb4118d_0f6f346a-59ee-4ddd-88c9-15a7f03073c8.jpg/250x188.webp https://prod.pictures.autoscout24.net/listing-images/a7224061-91c5-4da2-977d-2c9d9eb4118d_01f18085-ea51-44ca-b4d3-54af99b1a763.jpg/250x188.webp https://prod.pictures.autoscout24.net/listing-images/a7224061-91c5-4da2-977d-2c9d9eb4118d_3b0bd0ad-462a-40a5-94e5-86031aa832f5.jpg/250x188.webp https://prod.pictures.autoscout24.net/listing-images/a7224061-91c5-4da2-977d-2c9d9eb4118d_40242c0c-a5c0-45e5-9acf-1fe70fe1c591.jpg/250x188.webp https://prod.pictures.autoscout24.net/listing-images/a7224061-91c5-4da2-977d-2c9d9eb4118d_6481866f-2d1c-4191-84da-7d8ac668bb0a.jpg/250x188.webp https://prod.pictures.autoscout24.net/listing-images/a7224061-91c5-4da2-977d-2c9d9eb4118d_e2d467c2-6f2c-4fd3-b0ca-884bb65bc0e3.jpg/250x188.webp https://prod.pictures.autoscout24.net/listing-images/a7224061-91c5-4da2-977d-2c9d9eb4118d_0685cc25-33b8-490e-8f86-894d68c3f839.jpg/250x188.webp https://prod.pictures.autoscout24.net/listing-images/a7224061-91c5-4da2-977d-2c9d9eb4118d_e46162e2-0cc9-4fba-ae9d-224d602ac62c.jpg/250x188.webp https://prod.pictures.autoscout24.net/listing-images/a7224061-91c5-4da2-977d-2c9d9eb4118d_3870ee9a-89de-42ad-a713-8a0ca8c05db3.jpg/250x188.webp https://prod.pictures.autoscout24.net/listing-images/a7224061-91c5-4da2-977d-2c9d9eb4118d_ef4d8ce0-7edd-4211-845c-986e3bb160fc.jpg/250x188.webp https://prod.pictures.autoscout24.net/listing-images/a7224061-91c5-4da2-977d-2c9d9eb4118d_1b04a272-0772-414f-af34-04881f22cc7d.jpg/250x188.webp https://prod.pictures.autoscout24.net/listing-images/a7224061-91c5-4da2-977d-2c9d9eb4118d_02d96c2e-5c3d-4545-8b62-6f5de7eb8e62.jpg/250x188.webp https://prod.pictures.autoscout24.net/listing-images/a7224061-91c5-4da2-977d-2c9d9eb4118d_b9bf59bc-cd19-4838-ab99-e4a7af803206.jpg/250x188.webp https://prod.pictures.autoscout24.net/listing-images/a7224061-91c5-4da2-977d-2c9d9eb4118d_9cd1e104-b5c6-40ea-bd01-49e99b995882.jpg/250x188.webp,106.50085516999796,2214
4ee2e646-d56c-4a15-b43e-8187ab8e6b24,Mazda,2,Full Hybrid - Homura - Automaat - Garantie 12/2030,Dealer,24900,2,14866,12-2024,2960,https://prod.pictures.autoscout24.net/listing-images/4ee2e646-d56c-4a15-b43e-8187ab8e6b24_1265c4b9-833d-4af6-ad70-5d44d42ada22.jpg/250x188.webp https://prod.pictures.autoscout24.net/listing-images/4ee2e646-d56c-4a15-b43e-8187ab8e6b24_46f2be52-c1ff-4515-b0cc-f9b966a592d3.jpg/250x188.webp https://prod.pictures.autoscout24.net/listing-images/4ee2e646-d56c-4a15-b43e-8187ab8e6b24_d3e9107d-14ff-4a73-99c5-a1843de0cc7d.jpg/250x188.webp https://prod.pictures.autoscout24.net/listing-images/4ee2e646-d56c-4a15-b43e-8187ab8e6b24_cd31b58b-7847-44b9-bd8c-94a3efc0438b.jpg/250x188.webp https://prod.pictures.autoscout24.net/listing-images/4ee2e646-d56c-4a15-b43e-8187ab8e6b24_bc3472b7-dd07-49df-b6a1-eb21f9ba14a6.jpg/250x188.webp https://prod.pictures.autoscout24.net/listing-images/4ee2e646-d56c-4a15-b43e-8187ab8e6b24_d3c77d91-3aeb-4c71-905e-9a80f53aa8b9.jpg/250x188.webp https://prod.pictures.autoscout24.net/listing-images/4ee2e646-d56c-4a15-b43e-8187ab8e6b24_7027281f-4104-4b6f-a0f7-342bc8e66852.jpg/250x188.webp https://prod.pictures.autoscout24.net/listing-images/4ee2e646-d56c-4a15-b43e-8187ab8e6b24_b883ea41-9b32-4678-85e0-8fdeb5a32c7c.jpg/250x188.webp https://prod.pictures.autoscout24.net/listing-images/4ee2e646-d56c-4a15-b43e-8187ab8e6b24_6c733184-f191-40e1-bee6-891f7caffdc1.jpg/250x188.webp https://prod.pictures.autoscout24.net/listing-images/4ee2e646-d56c-4a15-b43e-8187ab8e6b24_b89bd2c8-3114-4f66-aae2-558eee8413d8.jpg/250x188.webp https://prod.pictures.autoscout24.net/listing-images/4ee2e646-d56c-4a15-b43e-8187ab8e6b24_ba44ffd3-9e37-4583-9f34-591a15f8d5b2.jpg/250x188.webp https://prod.pictures.autoscout24.net/listing-images/4ee2e646-d56c-4a15-b43e-8187ab8e6b24_4e3267e9-1bd8-42ef-9c3f-298f66273db9.jpg/250x188.webp https://prod.pictures.autoscout24.net/listing-images/4ee2e646-d56c-4a15-b43e-8187ab8e6b24_c5dfe35c-59c7-4062-8e07-257669aaf922.jpg/250x188.webp https://prod.pictures.autoscout24.net/listing-images/4ee2e646-d56c-4a15-b43e-8187ab8e6b24_5a5ee882-145a-4143-ba18-28a8af2af459.jpg/250x188.webp https://prod.pictures.autoscout24.net/listing-images/4ee2e646-d56c-4a15-b43e-8187ab8e6b24_cb8d969e-116f-484d-be4e-1af4933c05f1.jpg/250x188.webp https://prod.pictures.autoscout24.net/listing-images/4ee2e646-d56c-4a15-b43e-8187ab8e6b24_87c4acb4-f0bc-41f5-b312-0dab2964eb10.jpg/250x188.webp https://prod.pictures.autoscout24.net/listing-images/4ee2e646-d56c-4a15-b43e-8187ab8e6b24_4786814e-10c9-40d4-a889-e982f216a0d9.jpg/250x188.webp https://prod.pictures.autoscout24.net/listing-images/4ee2e646-d56c-4a15-b43e-8187ab8e6b24_745fe6c9-c1a4-4c57-8790-fc83be02c88e.jpg/250x188.webp https://prod.pictures.autoscout24.net/listing-images/4ee2e646-d56c-4a15-b43e-8187ab8e6b24_c9991133-362b-4536-a361-b467ba85e5b6.jpg/250x188.webp https://prod.pictures.autoscout24.net/listing-images/4ee2e646-d56c-4a15-b43e-8187ab8e6b24_b8d53176-b065-4bd5-be8d-43e7f412ff9c.jpg/250x188.webp https://prod.pictures.autoscout24.net/listing-images/4ee2e646-d56c-4a15-b43e-8187ab8e6b24_13a55c27-846c-4147-9063-870c02c0a6d5.jpg/250x188.webp https://prod.pictures.autoscout24.net/listing-images/4ee2e646-d56c-4a15-b43e-8187ab8e6b24_ce8cc4d5-2572-48e8-a79d-1e30f1997fd0.jpg/250x188.webp,18.74928543559842,449
18afdabb-4c6f-47cb-83eb-2887e609a165,Mazda,MX-30,MX-30 17.8 kWh e-SKYACTIV R-EV 125KW Garantie*,Dealer,24999,2,27422,01-2024,3530,https://prod.pictures.autoscout24.net/listing-images/18afdabb-4c6f-47cb-83eb-2887e609a165_06b9a390-7987-4f51-af0c-4b504ab3da60.jpg/250x188.webp https://prod.pictures.autoscout24.net/listing-images/18afdabb-4c6f-47cb-83eb-2887e609a165_5fd9952f-525a-478e-824d-f117a16708da.jpg/250x188.webp https://prod.pictures.autoscout24.net/listing-images/18afdabb-4c6f-47cb-83eb-2887e609a165_c09914db-0d27-437a-88a7-71954acb7d37.jpg/250x188.webp https://prod.pictures.autoscout24.net/listing-images/18afdabb-4c6f-47cb-83eb-2887e609a165_37646625-8a0c-49f2-ab85-7b7a49c787af.jpg/250x188.webp https://prod.pictures.autoscout24.net/listing-images/18afdabb-4c6f-47cb-83eb-2887e609a165_ba01911b-4bf0-470e-acf1-a29895619ed0.jpg/250x188.webp https://prod.pictures.autoscout24.net/listing-images/18afdabb-4c6f-47cb-83eb-2887e609a165_4c7e460e-966f-436e-a8e9-d6110b95740b.jpg/250x188.webp https://prod.pictures.autoscout24.net/listing-images/18afdabb-4c6f-47cb-83eb-2887e609a165_dcceead6-dba1-4bc8-8225-a20d4acba836.jpg/250x188.webp https://prod.pictures.autoscout24.net/listing-images/18afdabb-4c6f-47cb-83eb-2887e609a165_5d8bb41f-6dc8-426e-b1a1-13bbf11de4f7.jpg/250x188.webp https://prod.pictures.autoscout24.net/listing-images/18afdabb-4c6f-47cb-83eb-2887e609a165_49c3d68e-a9ad-4f1f-b8e9-725fc2518560.jpg/250x188.webp https://prod.pictures.autoscout24.net/listing-images/18afdabb-4c6f-47cb-83eb-2887e609a165_979b1b9f-0804-4c7a-8a05-00e825caf96f.jpg/250x188.webp https://prod.pictures.autoscout24.net/listing-images/18afdabb-4c6f-47cb-83eb-2887e609a165_fe99160a-aa22-4a9c-9d9c-e6cce6925c0d.jpg/250x188.webp https://prod.pictures.autoscout24.net/listing-images/18afdabb-4c6f-47cb-83eb-2887e609a165_cdf5ad16-eb56-4e4d-9f2f-a1a6493ba79d.jpg/250x188.webp https://prod.pictures.autoscout24.net/listing-images/18afdabb-4c6f-47cb-83eb-2887e609a165_6c0ed42f-7e71-450c-90c4-3d287db6736e.jpg/250x188.webp https://prod.pictures.autoscout24.net/listing-images/18afdabb-4c6f-47cb-83eb-2887e609a165_29ca58d5-fafe-41e8-b9ad-c36bfa7b438e.jpg/250x188.webp https://prod.pictures.autoscout24.net/listing-images/18afdabb-4c6f-47cb-83eb-2887e609a165_b1b65e59-b84b-4417-8ae8-2b4b35510854.jpg/250x188.webp https://prod.pictures.autoscout24.net/listing-images/18afdabb-4c6f-47cb-83eb-2887e609a165_902e2017-afcd-4d6d-a5f7-44d2eaf8d872.jpg/250x188.webp https://prod.pictures.autoscout24.net/listing-images/18afdabb-4c6f-47cb-83eb-2887e609a165_fabd4960-e2cc-4618-bd22-9f5c40774b62.jpg/250x188.webp https://prod.pictures.autoscout24.net/listing-images/18afdabb-4c6f-47cb-83eb-2887e609a165_27eff0e1-4091-4a1c-b55f-4ec22b707605.jpg/250x188.webp https://prod.pictures.autoscout24.net/listing-images/18afdabb-4c6f-47cb-83eb-2887e609a165_ee70cc78-09f5-4eed-89d6-3e1a3299543d.jpg/250x188.webp,79.12418866259183,784
ee7caec5-57c1-49ec-8a4a-1e6d751301e0,Mazda,MX-30,MX-30 17.8 kWh e-SKYACTIV R-EV Makoto (125kW),PrivateSeller,25000,b,20000,12-2023,6180,https://prod.pictures.autoscout24.net/listing-images/ee7caec5-57c1-49ec-8a4a-1e6d751301e0_54106fc6-f38b-4dd0-b061-7137486af966.jpg/250x188.webp https://prod.pictures.autoscout24.net/listing-images/ee7caec5-57c1-49ec-8a4a-1e6d751301e0_3af533ef-2eec-4aba-8395-1d65391d514b.jpg/250x188.webp https://prod.pictures.autoscout24.net/listing-images/ee7caec5-57c1-49ec-8a4a-1e6d751301e0_e3269a55-ebc7-456f-8d67-603b8a714710.jpg/250x188.webp https://prod.pictures.autoscout24.net/listing-images/ee7caec5-57c1-49ec-8a4a-1e6d751301e0_0fdae565-693d-4e87-9269-8ab0f90dba49.jpg/250x188.webp https://prod.pictures.autoscout24.net/listing-images/ee7caec5-57c1-49ec-8a4a-1e6d751301e0_07390d49-73bd-452e-918a-a13f4c51eb65.jpg/250x188.webp https://prod.pictures.autoscout24.net/listing-images/ee7caec5-57c1-49ec-8a4a-1e6d751301e0_3eac965f-bc5b-4aee-9a6b-61f404ba2002.jpg/250x188.webp https://prod.pictures.autoscout24.net/listing-images/ee7caec5-57c1-49ec-8a4a-1e6d751301e0_3bb54d93-a47c-4c8c-b52a-cd0e4ed8aa71.jpg/250x188.webp https://prod.pictures.autoscout24.net/listing-images/ee7caec5-57c1-49ec-8a4a-1e6d751301e0_9625caf4-3c15-4bf3-91ce-8e445fdd26ed.jpg/250x188.webp https://prod.pictures.autoscout24.net/listing-images/ee7caec5-57c1-49ec-8a4a-1e6d751301e0_5568526f-4607-4bf4-9d5e-cfac146f49b0.jpg/250x188.webp https://prod.pictures.autoscout24.net/listing-images/ee7caec5-57c1-49ec-8a4a-1e6d751301e0_5799e644-2aa9-4a1a-a8a5-c1043457a0ce.jpg/250x188.webp https://prod.pictures.autoscout24.net/listing-images/ee7caec5-57c1-49ec-8a4a-1e6d751301e0_6aaab37e-7b6b-442b-bde2-10467db80d23.jpg/250x188.webp https://prod.pictures.autoscout24.net/listing-images/ee7caec5-57c1-49ec-8a4a-1e6d751301e0_c3042826-d0d7-4611-a72d-ca1c9c707959.jpg/250x188.webp https://prod.pictures.autoscout24.net/listing-images/ee7caec5-57c1-49ec-8a4a-1e6d751301e0_476b671e-adea-4929-9f3a-80a040063a6f.jpg/250x188.webp https://prod.pictures.autoscout24.net/listing-images/ee7caec5-57c1-49ec-8a4a-1e6d751301e0_59c50e08-0bbb-4554-8eb7-752803e82c1f.jpg/250x188.webp,111.8460773215552,815
d00429aa-f4cc-4132-9f9c-5a0b253e87f3,Mazda,CX-30,2.0 Skyactiv-X Mild-Hybrid Exclusive-Line AWD,Dealer,25099,b,30262,11-2023,1000,https://prod.pictures.autoscout24.net/listing-images/d00429aa-f4cc-4132-9f9c-5a0b253e87f3_4e8d593a-95b8-4b37-bf9c-18d1b90c1e1f.jpg/250x188.webp https://prod.pictures.autoscout24.net/listing-images/d00429aa-f4cc-4132-9f9c-5a0b253e87f3_b3d42c0b-ee57-4be6-90e8-193b9a41f9b9.png/250x188.webp https://prod.pictures.autoscout24.net/listing-images/d00429aa-f4cc-4132-9f9c-5a0b253e87f3_9fa3f7e5-2f3f-4e7f-8813-d21098a1e131.jpg/250x188.webp https://prod.pictures.autoscout24.net/listing-images/d00429aa-f4cc-4132-9f9c-5a0b253e87f3_0fdd15ae-6fec-4824-b65e-338c9ed204bb.jpg/250x188.webp https://prod.pictures.autoscout24.net/listing-images/d00429aa-f4cc-4132-9f9c-5a0b253e87f3_bbe1b712-94d9-4d9c-9729-dc5cdb1dc38f.jpg/250x188.webp https://prod.pictures.autoscout24.net/listing-images/d00429aa-f4cc-4132-9f9c-5a0b253e87f3_7b5c01c4-a6c5-40bf-b350-611f476c2e51.jpg/250x188.webp https://prod.pictures.autoscout24.net/listing-images/d00429aa-f4cc-4132-9f9c-5a0b253e87f3_5c0177a7-bb2a-45c7-920f-99401bc1a651.jpg/250x188.webp https://prod.pictures.autoscout24.net/listing-images/d00429aa-f4cc-4132-9f9c-5a0b253e87f3_0684f2c3-2abe-4ebc-b246-38012412bc96.jpg/250x188.webp https://prod.pictures.autoscout24.net/listing-images/d00429aa-f4cc-4132-9f9c-5a0b253e87f3_855e7522-c5c4-4379-8ad8-396e1282c7bb.jpg/250x188.webp https://prod.pictures.autoscout24.net/listing-images/d00429aa-f4cc-4132-9f9c-5a0b253e87f3_20ac5c50-1225-494a-b05a-c364701dea33.jpg/250x188.webp https://prod.pictures.autoscout24.net/listing-images/d00429aa-f4cc-4132-9f9c-5a0b253e87f3_85d149f6-5bbd-432f-9500-75ab6b25d7e1.jpg/250x188.webp https://prod.pictures.autoscout24.net/listing-images/d00429aa-f4cc-4132-9f9c-5a0b253e87f3_fbc6903d-2e4b-41f1-b6bb-13b80e40a3ed.jpg/250x188.webp https://prod.pictures.autoscout24.net/listing-images/d00429aa-f4cc-4132-9f9c-5a0b253e87f3_2d15a8bc-02d7-4982-a34f-9fd931718f11.jpg/250x188.webp https://prod.pictures.autoscout24.net/listing-images/d00429aa-f4cc-4132-9f9c-5a0b253e87f3_9ec0a2a6-d59b-4e0f-a110-c4036fc77f1b.jpg/250x188.webp https://prod.pictures.autoscout24.net/listing-images/d00429aa-f4cc-4132-9f9c-5a0b253e87f3_fbce6e53-bb9f-45c7-b781-6984ed793e17.jpg/250x188.webp https://prod.pictures.autoscout24.net/listing-images/d00429aa-f4cc-4132-9f9c-5a0b253e87f3_25987243-3838-494c-8b4c-129c0cff446e.jpg/250x188.webp https://prod.pictures.autoscout24.net/listing-images/d00429aa-f4cc-4132-9f9c-5a0b253e87f3_6db650be-02af-4969-bfe6-59987ed924db.jpg/250x188.webp https://prod.pictures.autoscout24.net/listing-images/d00429aa-f4cc-4132-9f9c-5a0b253e87f3_b34477b9-4a15-4023-8374-e5dc89fa49fa.png/250x188.webp https://prod.pictures.autoscout24.net/listing-images/d00429aa-f4cc-4132-9f9c-5a0b253e87f3_e7d5497a-9300-43a8-bd68-c7db0dc39315.jpg/250x188.webp https://prod.pictures.autoscout24.net/listing-images/d00429aa-f4cc-4132-9f9c-5a0b253e87f3_bd13da9f-1d87-45a8-99c0-b0ef05e1888e.jpg/250x188.webp https://prod.pictures.autoscout24.net/listing-images/d00429aa-f4cc-4132-9f9c-5a0b253e87f3_fe309d68-1f12-4f78-9dd8-5766cd7dbd6a.jpg/250x188.webp https://prod.pictures.autoscout24.net/listing-images/d00429aa-f4cc-4132-9f9c-5a0b253e87f3_f2266b2e-9078-4184-8c07-d474f97112b9.jpg/250x188.webp https://prod.pictures.autoscout24.net/listing-images/d00429aa-f4cc-4132-9f9c-5a0b253e87f3_86626ab1-9e7d-4721-8480-a79d3f86313e.jpg/250x188.webp https://prod.pictures.autoscout24.net/listing-images/d00429aa-f4cc-4132-9f9c-5a0b253e87f3_4a0b5ad8-640f-4599-8822-c01ab2b9f767.jpg/250x188.webp https://prod.pictures.autoscout24.net/listing-images/d00429aa-f4cc-4132-9f9c-5a0b253e87f3_8e25620f-510a-421e-b940-171413d41bd9.jpg/250x188.webp https://prod.pictures.autoscout24.net/listing-images/d00429aa-f4cc-4132-9f9c-5a0b253e87f3_85db3b97-6f7b-4edd-958c-09022e7163d4.jpg/250x188.webp https://prod.pictures.autoscout24.net/listing-images/d00429aa-f4cc-4132-9f9c-5a0b253e87f3_46092b6c-80ba-4586-9203-c37f44fc0cbb.jpg/250x188.webp https://prod.pictures.autoscout24.net/listing-images/d00429aa-f4cc-4132-9f9c-5a0b253e87f3_9243d279-4faf-431b-a472-14ea039bf41e.jpg/250x188.webp https://prod.pictures.autoscout24.net/listing-images/d00429aa-f4cc-4132-9f9c-5a0b253e87f3_c75c2a4d-120e-49e2-bed6-f2bfcc17813b.jpg/250x188.webp https://prod.pictures.autoscout24.net/listing-images/d00429aa-f4cc-4132-9f9c-5a0b253e87f3_adefeefb-1e8d-43d5-9efe-dd0355b19965.jpg/250x188.webp,69.17270624549755,845
6a98f23a-3b58-44c5-9a2f-9b739ef990fe,Mazda,CX-5,CX-5 2.0i SKYACTIV-G 2WD Homura,Dealer,25400,b,50100,12-2022,2030,https://prod.pictures.autoscout24.net/listing-images/6a98f23a-3b58-44c5-9a2f-9b739ef990fe_591cbbdb-664f-4b89-be01-5d1b78d5aed8.jpg/250x188.webp https://prod.pictures.autoscout24.net/listing-images/6a98f23a-3b58-44c5-9a2f-9b739ef990fe_baa51459-0854-448e-974c-265745b1437c.jpg/250x188.webp https://prod.pictures.autoscout24.net/listing-images/6a98f23a-3b58-44c5-9a2f-9b739ef990fe_38c78eef-cd86-4fd0-abf8-584d868861d9.jpg/250x188.webp https://prod.pictures.autoscout24.net/listing-images/6a98f23a-3b58-44c5-9a2f-9b739ef990fe_5608b423-fa9c-4f0b-a3de-a01f2194822e.jpg/250x188.webp https://prod.pictures.autoscout24.net/listing-images/6a98f23a-3b58-44c5-9a2f-9b739ef990fe_177bdf3b-7d1c-4c40-a59c-0307b1fb0b93.jpg/250x188.webp https://prod.pictures.autoscout24.net/listing-images/6a98f23a-3b58-44c5-9a2f-9b739ef990fe_101b8e77-b703-4ae3-8c68-544b961fdb3a.jpg/250x188.webp https://prod.pictures.autoscout24.net/listing-images/6a98f23a-3b58-44c5-9a2f-9b739ef990fe_2246ee71-04b0-487b-842f-095548d6e432.jpg/250x188.webp https://prod.pictures.autoscout24.net/listing-images/6a98f23a-3b58-44c5-9a2f-9b739ef990fe_303f3e92-f7ca-41e1-b61a-17fb4aea92ef.jpg/250x188.webp https://prod.pictures.autoscout24.net/listing-images/6a98f23a-3b58-44c5-9a2f-9b739ef990fe_f39d45d9-88c6-4cdf-8ffa-5a7c10b0ca90.jpg/250x188.webp https://prod.pictures.autoscout24.net/listing-images/6a98f23a-3b58-44c5-9a2f-9b739ef990fe_82555e93-b109-415d-b3fc-8f6c5c56716b.jpg/250x188.webp https://prod.pictures.autoscout24.net/listing-images/6a98f23a-3b58-44c5-9a2f-9b739ef990fe_dc8312d4-2aff-49f4-925a-e3d81ed2bbce.jpg/250x188.webp https://prod.pictures.autoscout24.net/listing-images/6a98f23a-3b58-44c5-9a2f-9b739ef990fe_ede57c56-11d3-413d-bc4d-5fe3ef77468a.jpg/250x188.webp https://prod.pictures.autoscout24.net/listing-images/6a98f23a-3b58-44c5-9a2f-9b739ef990fe_800fe86e-818e-448c-8eac-d537801d57ec.jpg/250x188.webp https://prod.pictures.autoscout24.net/listing-images/6a98f23a-3b58-44c5-9a2f-9b739ef990fe_c7f7544d-f067-4d32-b908-45264e6c4e0c.jpg/250x188.webp https://prod.pictures.autoscout24.net/listing-images/6a98f23a-3b58-44c5-9a2f-9b739ef990fe_f2731704-c8ce-4aba-8648-6bd0b826d737.jpg/250x188.webp https://prod.pictures.autoscout24.net/listing-images/6a98f23a-3b58-44c5-9a2f-9b739ef990fe_3faefdde-6682-4538-8108-7dbfe7d8d371.jpg/250x188.webp https://prod.pictures.autoscout24.net/listing-images/6a98f23a-3b58-44c5-9a2f-9b739ef990fe_099d378d-94b4-45ee-a55a-7f65f3eb325e.jpg/250x188.webp https://prod.pictures.autoscout24.net/listing-images/6a98f23a-3b58-44c5-9a2f-9b739ef990fe_df680ced-56d2-4e27-8fa8-fd970708a3bf.jpg/250x188.webp,27.94913546724415,1180
747d46e8-c33c-495c-bca5-94d7aef1b613,Mazda,CX-5,Skycruise Takumi 163pk AUT,Dealer,27490,b,54909,01-2021,2960,https://prod.pictures.autoscout24.net/listing-images/747d46e8-c33c-495c-bca5-94d7aef1b613_31d72793-460a-40ae-b773-41b433f6d11b.jpg/250x188.webp https://prod.pictures.autoscout24.net/listing-images/747d46e8-c33c-495c-bca5-94d7aef1b613_3c129ae3-4b0d-43ec-8e41-ad345d757b63.jpg/250x188.webp https://prod.pictures.autoscout24.net/listing-images/747d46e8-c33c-495c-bca5-94d7aef1b613_616e7f99-5ebf-4180-afd7-d60df23854a8.jpg/250x188.webp https://prod.pictures.autoscout24.net/listing-images/747d46e8-c33c-495c-bca5-94d7aef1b613_efb47ddd-2ad1-429d-9848-e5589839ea6c.jpg/250x188.webp https://prod.pictures.autoscout24.net/listing-images/747d46e8-c33c-495c-bca5-94d7aef1b613_1c615136-d5a4-4ae9-9abd-d97c17c57be5.jpg/250x188.webp https://prod.pictures.autoscout24.net/listing-images/747d46e8-c33c-495c-bca5-94d7aef1b613_d885bc97-11ac-49a9-a890-8a02a0c06598.jpg/250x188.webp https://prod.pictures.autoscout24.net/listing-images/747d46e8-c33c-495c-bca5-94d7aef1b613_ab02a507-6b6b-4d44-82f6-2342f0a24592.jpg/250x188.webp https://prod.pictures.autoscout24.net/listing-images/747d46e8-c33c-495c-bca5-94d7aef1b613_a4e58e5b-60ec-4231-9a44-e12aa2c0d6bf.jpg/250x188.webp https://prod.pictures.autoscout24.net/listing-images/747d46e8-c33c-495c-bca5-94d7aef1b613_c5a43f3e-dbec-4981-a4d5-3df2672446f6.jpg/250x188.webp https://prod.pictures.autoscout24.net/listing-images/747d46e8-c33c-495c-bca5-94d7aef1b613_0d13f9d6-a518-4cf2-8a2a-0d6a1e6ee24b.jpg/250x188.webp https://prod.pictures.autoscout24.net/listing-images/747d46e8-c33c-495c-bca5-94d7aef1b613_0ac88308-c35e-4948-8602-64dab88e5c24.jpg/250x188.webp https://prod.pictures.autoscout24.net/listing-images/747d46e8-c33c-495c-bca5-94d7aef1b613_e5554293-3fa8-4ea8-9819-d63c910de783.jpg/250x188.webp https://prod.pictures.autoscout24.net/listing-images/747d46e8-c33c-495c-bca5-94d7aef1b613_b0641d7f-16e2-4821-8721-2709dd8e69c3.jpg/250x188.webp https://prod.pictures.autoscout24.net/listing-images/747d46e8-c33c-495c-bca5-94d7aef1b613_0f428e35-0b1d-4529-9648-fb3bcc5db936.jpg/250x188.webp https://prod.pictures.autoscout24.net/listing-images/747d46e8-c33c-495c-bca5-94d7aef1b613_e64a6d2f-c74b-4e94-8d01-fca283509596.jpg/250x188.webp https://prod.pictures.autoscout24.net/listing-images/747d46e8-c33c-495c-bca5-94d7aef1b613_7e72b329-892d-41bd-b805-85a76f6ce9fa.jpg/250x188.webp https://prod.pictures.autoscout24.net/listing-images/747d46e8-c33c-495c-bca5-94d7aef1b613_f4189aeb-f3b4-4d16-9f9a-c8ab599a5b3c.jpg/250x188.webp https://prod.pictures.autoscout24.net/listing-images/747d46e8-c33c-495c-bca5-94d7aef1b613_7492de2c-c303-47be-83af-08a39b63e78f.jpg/250x188.webp https://prod.pictures.autoscout24.net/listing-images/747d46e8-c33c-495c-bca5-94d7aef1b613_bb4e78f2-7922-405d-ba53-f7fd0d6967f5.jpg/250x188.webp https://prod.pictures.autoscout24.net/listing-images/747d46e8-c33c-495c-bca5-94d7aef1b613_f5b2c9c3-f4b7-448d-9a97-75f31417b6cb.jpg/250x188.webp https://prod.pictures.autoscout24.net/listing-images/747d46e8-c33c-495c-bca5-94d7aef1b613_aba45227-ac7f-45bb-897e-f6bad4bc1f7f.jpg/250x188.webp https://prod.pictures.autoscout24.net/listing-images/747d46e8-c33c-495c-bca5-94d7aef1b613_e8e4ca32-e853-46fd-84eb-2de944bb5871.jpg/250x188.webp https://prod.pictures.autoscout24.net/listing-images/747d46e8-c33c-495c-bca5-94d7aef1b613_e8d01af4-48e2-4e85-97df-9594770f6ead.jpg/250x188.webp https://prod.pictures.autoscout24.net/listing-images/747d46e8-c33c-495c-bca5-94d7aef1b613_e0b16152-3569-4276-889b-a71f9cee144f.jpg/250x188.webp https://prod.pictures.autoscout24.net/listing-images/747d46e8-c33c-495c-bca5-94d7aef1b613_dd9666be-40dd-4940-a430-44c2f978a9ac.jpg/250x188.webp https://prod.pictures.autoscout24.net/listing-images/747d46e8-c33c-495c-bca5-94d7aef1b613_aa3f32e8-9ed2-4837-9037-a6de7305ddd7.jpg/250x188.webp https://prod.pictures.autoscout24.net/listing-images/747d46e8-c33c-495c-bca5-94d7aef1b613_f60d7af1-b882-4806-b0b8-40ddf4ed95e3.jpg/250x188.webp,18.74928543559842,1879
cbc6ea04-e280-4417-a477-e215b1e4b62d,Mazda,MX-30,17.8 kWh e-SKYACTIV R-EV Exclusive-Line(125kW,Dealer,27490,b,5,07-2025,4100,https://prod.pictures.autoscout24.net/listing-images/cbc6ea04-e280-4417-a477-e215b1e4b62d_305ed472-fecc-48ab-84ff-d662d79a47c7.jpg/250x188.webp https://prod.pictures.autoscout24.net/listing-images/cbc6ea04-e280-4417-a477-e215b1e4b62d_2231c68e-a29a-45c7-be88-dc3d0a3cabb2.jpg/250x188.webp https://prod.pictures.autoscout24.net/listing-images/cbc6ea04-e280-4417-a477-e215b1e4b62d_3689d485-4f54-4064-9634-f8e246912719.jpg/250x188.webp https://prod.pictures.autoscout24.net/listing-images/cbc6ea04-e280-4417-a477-e215b1e4b62d_1a6973e6-9b5d-4e63-800c-baeb16771e7b.jpg/250x188.webp https://prod.pictures.autoscout24.net/listing-images/cbc6ea04-e280-4417-a477-e215b1e4b62d_55b673c2-42da-47ac-ae22-c7b9e2e620ac.jpg/250x188.webp https://prod.pictures.autoscout24.net/listing-images/cbc6ea04-e280-4417-a477-e215b1e4b62d_863bb3fe-88ba-4bf4-9803-0c2482a284cc.jpg/250x188.webp https://prod.pictures.autoscout24.net/listing-images/cbc6ea04-e280-4417-a477-e215b1e4b62d_8329aac9-be25-428c-a0d1-26328cd759d3.jpg/250x188.webp https://prod.pictures.autoscout24.net/listing-images/cbc6ea04-e280-4417-a477-e215b1e4b62d_307a3a16-1326-4cb0-ac65-1170d015db9d.jpg/250x188.webp https://prod.pictures.autoscout24.net/listing-images/cbc6ea04-e280-4417-a477-e215b1e4b62d_066de81c-62ea-4fb3-bb9e-bf25d7c1ed24.jpg/250x188.webp https://prod.pictures.autoscout24.net/listing-images/cbc6ea04-e280-4417-a477-e215b1e4b62d_e05f1379-8c96-48d2-ba34-6ee435a69503.jpg/250x188.webp https://prod.pictures.autoscout24.net/listing-images/cbc6ea04-e280-4417-a477-e215b1e4b62d_88dd596a-02db-4b91-9318-fc6809b226f0.jpg/250x188.webp https://prod.pictures.autoscout24.net/listing-images/cbc6ea04-e280-4417-a477-e215b1e4b62d_ea1750dc-8052-4283-80f7-4e03038e7a97.jpg/250x188.webp https://prod.pictures.autoscout24.net/listing-images/cbc6ea04-e280-4417-a477-e215b1e4b62d_5bddadcf-e9f4-495a-bd25-3d5dd486bd93.jpg/250x188.webp https://prod.pictures.autoscout24.net/listing-images/cbc6ea04-e280-4417-a477-e215b1e4b62d_c46be04f-5eb9-454a-95c3-08eb66868979.jpg/250x188.webp https://prod.pictures.autoscout24.net/listing-images/cbc6ea04-e280-4417-a477-e215b1e4b62d_43e79d06-00a8-4696-9c27-b2a856d6fec7.jpg/250x188.webp https://prod.pictures.autoscout24.net/listing-images/cbc6ea04-e280-4417-a477-e215b1e4b62d_03aec58b-2b35-445c-a573-c4474f06887f.jpg/250x188.webp https://prod.pictures.autoscout24.net/listing-images/cbc6ea04-e280-4417-a477-e215b1e4b62d_ca031f88-5439-4307-b46e-c9a9bc22f3d0.jpg/250x188.webp https://prod.pictures.autoscout24.net/listing-images/cbc6ea04-e280-4417-a477-e215b1e4b62d_6f8cc2a3-5d39-43b1-89fc-dada2a498add.jpg/250x188.webp https://prod.pictures.autoscout24.net/listing-images/cbc6ea04-e280-4417-a477-e215b1e4b62d_41b20e6f-64ec-4f0e-9f66-27552cfe1b77.jpg/250x188.webp https://prod.pictures.autoscout24.net/listing-images/cbc6ea04-e280-4417-a477-e215b1e4b62d_e5e43059-6d0c-43c7-a668-b80dcd378183.jpg/250x188.webp https://prod.pictures.autoscout24.net/listing-images/cbc6ea04-e280-4417-a477-e215b1e4b62d_86c5b39b-de80-4798-bf1b-28ae4925a0dc.jpg/250x188.webp,123.27049980663475,237
722a4582-5691-465c-a165-7b7ef95fe178,Mazda,3,Nagisa - Automaat - MY2025,Dealer,29950,2,5,new,2960,https://prod.pictures.autoscout24.net/listing-images/722a4582-5691-465c-a165-7b7ef95fe178_74a16b51-7633-484a-bfd0-6ce43d7607ef.jpg/250x188.webp https://prod.pictures.autoscout24.net/listing-images/722a4582-5691-465c-a165-7b7ef95fe178_005b8063-b112-4975-b3e4-fec535cb001f.jpg/250x188.webp https://prod.pictures.autoscout24.net/listing-images/722a4582-5691-465c-a165-7b7ef95fe178_e1dfff7c-2a36-4037-b1b0-ab58d656c3ad.jpg/250x188.webp https://prod.pictures.autoscout24.net/listing-images/722a4582-5691-465c-a165-7b7ef95fe178_7ecf92a0-f212-4e71-a7e0-a866904c7e62.jpg/250x188.webp https://prod.pictures.autoscout24.net/listing-images/722a4582-5691-465c-a165-7b7ef95fe178_ad39d255-4720-451e-84eb-35b30834c4bd.jpg/250x188.webp https://prod.pictures.autoscout24.net/listing-images/722a4582-5691-465c-a165-7b7ef95fe178_d607e8e4-2f3a-449b-a36e-8bbc2522770b.jpg/250x188.webp https://prod.pictures.autoscout24.net/listing-images/722a4582-5691-465c-a165-7b7ef95fe178_a11d21ef-6ee9-4071-b33b-c04d7e005d10.jpg/250x188.webp https://prod.pictures.autoscout24.net/listing-images/722a4582-5691-465c-a165-7b7ef95fe178_ca997481-ea1b-49ed-8c94-906638eb0047.jpg/250x188.webp https://prod.pictures.autoscout24.net/listing-images/722a4582-5691-465c-a165-7b7ef95fe178_741fcccf-3a9f-4421-9037-c124fbc78ad8.jpg/250x188.webp https://prod.pictures.autoscout24.net/listing-images/722a4582-5691-465c-a165-7b7ef95fe178_a5a4e637-5579-4b21-b25a-ca6eaaf23576.jpg/250x188.webp https://prod.pictures.autoscout24.net/listing-images/722a4582-5691-465c-a165-7b7ef95fe178_0231acbd-bd99-4f8e-b406-8a3d2c944eee.jpg/250x188.webp https://prod.pictures.autoscout24.net/listing-images/722a4582-5691-465c-a165-7b7ef95fe178_07a85e89-e5df-4cb6-a625-04a61ffa9c9c.jpg/250x188.webp https://prod.pictures.autoscout24.net/listing-images/722a4582-5691-465c-a165-7b7ef95fe178_5f7a6ec7-15d8-4e4a-b726-5e3a199f3f1c.jpg/250x188.webp https://prod.pictures.autoscout24.net/listing-images/722a4582-5691-465c-a165-7b7ef95fe178_a4ca6e8b-dbcd-4a26-bb86-f7371460e9c1.jpg/250x188.webp https://prod.pictures.autoscout24.net/listing-images/722a4582-5691-465c-a165-7b7ef95fe178_19fe9d58-e632-4aeb-baf2-574f463270bf.jpg/250x188.webp https://prod.pictures.autoscout24.net/listing-images/722a4582-5691-465c-a165-7b7ef95fe178_4e124ed1-37c4-4db6-a551-40d7437debf4.jpg/250x188.webp https://prod.pictures.autoscout24.net/listing-images/722a4582-5691-465c-a165-7b7ef95fe178_84e2f6b2-8b89-460a-8e9d-755aa8ec322e.jpg/250x188.webp https://prod.pictures.autoscout24.net/listing-images/722a4582-5691-465c-a165-7b7ef95fe178_44d09659-d472-485e-b7a8-3cc7cf67abcb.jpg/250x188.webp https://prod.pictures.autoscout24.net/listing-images/722a4582-5691-465c-a165-7b7ef95fe178_747e1ab4-f12b-4790-b408-1bd2aec2cfd8.jpg/250x188.webp https://prod.pictures.autoscout24.net/listing-images/722a4582-5691-465c-a165-7b7ef95fe178_725f175f-623c-434e-a587-2a168b1f165e.jpg/250x188.webp https://prod.pictures.autoscout24.net/listing-images/722a4582-5691-465c-a165-7b7ef95fe178_fa10b595-8cbb-4501-b6e2-420fdc186e5c.jpg/250x188.webp https://prod.pictures.autoscout24.net/listing-images/722a4582-5691-465c-a165-7b7ef95fe178_9a327930-8cc5-49c1-b385-d3dbafa5f3d0.jpg/250x188.webp https://prod.pictures.autoscout24.net/listing-images/722a4582-5691-465c-a165-7b7ef95fe178_f8276d77-e2d2-4ebf-b523-0fa7140c9bd4.jpg/250x188.webp https://prod.pictures.autoscout24.net/listing-images/722a4582-5691-465c-a165-7b7ef95fe178_dd12777d-bbcf-4806-bae5-80138f9d174e.jpg/250x188.webp https://prod.pictures.autoscout24.net/listing-images/722a4582-5691-465c-a165-7b7ef95fe178_c59cb6d9-5a8b-4de0-b5ed-c54bb7c2a392.jpg/250x188.webp,18.74928543559842,0
65d9169e-6fe5-45d0-a84d-6d54d2cdc764,Mazda,CX-30,CX-30 2.0 SKY-X / Automaat / Leder / Trekhaak,Dealer,25500,b,32000,12-2022,9620,https://prod.pictures.autoscout24.net/listing-images/65d9169e-6fe5-45d0-a84d-6d54d2cdc764_cdda827f-0a24-4e1a-bb57-6175451f9725.jpg/250x188.webp https://prod.pictures.autoscout24.net/listing-images/65d9169e-6fe5-45d0-a84d-6d54d2cdc764_a1e8f7f1-4785-4513-bbb8-aa59bf1d15c3.jpg/250x188.webp https://prod.pictures.autoscout24.net/listing-images/65d9169e-6fe5-45d0-a84d-6d54d2cdc764_da0b6c9a-07e6-44b8-b2b0-2884fda529f1.jpg/250x188.webp https://prod.pictures.autoscout24.net/listing-images/65d9169e-6fe5-45d0-a84d-6d54d2cdc764_3ac06cce-1dd6-412e-81c4-c0612b2fdaaf.jpg/250x188.webp https://prod.pictures.autoscout24.net/listing-images/65d9169e-6fe5-45d0-a84d-6d54d2cdc764_755c125d-a03a-4f99-b474-1ff643dad13d.jpg/250x188.webp https://prod.pictures.autoscout24.net/listing-images/65d9169e-6fe5-45d0-a84d-6d54d2cdc764_18f7fa61-968f-4ced-bf30-f78d10653877.jpg/250x188.webp https://prod.pictures.autoscout24.net/listing-images/65d9169e-6fe5-45d0-a84d-6d54d2cdc764_d0b01cf8-fa7d-41aa-9fef-a935262f4126.jpg/250x188.webp https://prod.pictures.autoscout24.net/listing-images/65d9169e-6fe5-45d0-a84d-6d54d2cdc764_c6acd168-b249-4a31-80d2-c0ce8c3b150b.jpg/250x188.webp https://prod.pictures.autoscout24.net/listing-images/65d9169e-6fe5-45d0-a84d-6d54d2cdc764_0c54f5cc-86e9-4dc0-8fae-fa0e6ac6fc7e.jpg/250x188.webp https://prod.pictures.autoscout24.net/listing-images/65d9169e-6fe5-45d0-a84d-6d54d2cdc764_8b7cb248-860f-4f51-aa6f-691ba8bf8860.jpg/250x188.webp https://prod.pictures.autoscout24.net/listing-images/65d9169e-6fe5-45d0-a84d-6d54d2cdc764_9f739169-0812-4841-b11c-9cc3430fcebe.jpg/250x188.webp https://prod.pictures.autoscout24.net/listing-images/65d9169e-6fe5-45d0-a84d-6d54d2cdc764_d3737270-d327-4a4e-ad1d-dd9a0a8763f7.jpg/250x188.webp https://prod.pictures.autoscout24.net/listing-images/65d9169e-6fe5-45d0-a84d-6d54d2cdc764_86c1b7ae-7e90-408a-97c3-16ea2530aa92.jpg/250x188.webp https://prod.pictures.autoscout24.net/listing-images/65d9169e-6fe5-45d0-a84d-6d54d2cdc764_19977f75-0a18-42ba-ad19-ef03de228db0.jpg/250x188.webp https://prod.pictures.autoscout24.net/listing-images/65d9169e-6fe5-45d0-a84d-6d54d2cdc764_612f30d1-b25f-45b2-adbb-6def7e9efeca.jpg/250x188.webp https://prod.pictures.autoscout24.net/listing-images/65d9169e-6fe5-45d0-a84d-6d54d2cdc764_a617a985-f976-493f-ae2b-82792f0693c3.jpg/250x188.webp https://prod.pictures.autoscout24.net/listing-images/65d9169e-6fe5-45d0-a84d-6d54d2cdc764_7551be73-2069-4bdb-b1dc-f69fe4b7e487.jpg/250x188.webp,80.93030107503533,1180
aeff8db9-07fa-4907-b300-2ab37851871e,Mazda,3,e-Skyactiv-G Exclusive-Line Aut. ** ACC | Zetel...,Dealer,25990,b,8106,02-2025,2830,https://prod.pictures.autoscout24.net/listing-images/aeff8db9-07fa-4907-b300-2ab37851871e_88fc865a-675c-43c5-9892-91aea4697a20.jpg/250x188.webp https://prod.pictures.autoscout24.net/listing-images/aeff8db9-07fa-4907-b300-2ab37851871e_f57a6825-10b4-44bf-9334-9569cbf6259a.jpg/250x188.webp https://prod.pictures.autoscout24.net/listing-images/aeff8db9-07fa-4907-b300-2ab37851871e_504e8eba-3502-4b61-b2a2-485d49893000.jpg/250x188.webp https://prod.pictures.autoscout24.net/listing-images/aeff8db9-07fa-4907-b300-2ab37851871e_56639c61-7f8e-4d3b-aa34-327b9df3ea02.jpg/250x188.webp https://prod.pictures.autoscout24.net/listing-images/aeff8db9-07fa-4907-b300-2ab37851871e_12ac6ac5-12c6-4a5e-8118-23c98eaa834f.jpg/250x188.webp https://prod.pictures.autoscout24.net/listing-images/aeff8db9-07fa-4907-b300-2ab37851871e_45b9d331-9eb6-419e-bba3-4a0838c45288.jpg/250x188.webp https://prod.pictures.autoscout24.net/listing-images/aeff8db9-07fa-4907-b300-2ab37851871e_d758df37-bb5d-4369-9678-96d18939bc59.jpg/250x188.webp https://prod.pictures.autoscout24.net/listing-images/aeff8db9-07fa-4907-b300-2ab37851871e_34634a01-ec4d-4370-acc6-bf6f17466552.jpg/250x188.webp https://prod.pictures.autoscout24.net/listing-images/aeff8db9-07fa-4907-b300-2ab37851871e_ee303838-cd38-42c4-8025-1b3c8e316c5f.jpg/250x188.webp https://prod.pictures.autoscout24.net/listing-images/aeff8db9-07fa-4907-b300-2ab37851871e_18d4d878-bf27-4910-8323-b0a7f3c40c7b.jpg/250x188.webp https://prod.pictures.autoscout24.net/listing-images/aeff8db9-07fa-4907-b300-2ab37851871e_5633f4a1-58db-4b3c-861c-c769f548a529.jpg/250x188.webp https://prod.pictures.autoscout24.net/listing-images/aeff8db9-07fa-4907-b300-2ab37851871e_a02b8331-4dd1-4a32-8663-0a99dfe04704.jpg/250x188.webp https://prod.pictures.autoscout24.net/listing-images/aeff8db9-07fa-4907-b300-2ab37851871e_07562a2f-7e74-4939-ba57-bd2a7503726f.jpg/250x188.webp https://prod.pictures.autoscout24.net/listing-images/aeff8db9-07fa-4907-b300-2ab37851871e_88cd36b7-0aca-4224-a6db-6cbef3ad48dd.jpg/250x188.webp https://prod.pictures.autoscout24.net/listing-images/aeff8db9-07fa-4907-b300-2ab37851871e_c3470051-4bf8-4130-b6c3-da702b7489a6.jpg/250x188.webp https://prod.pictures.autoscout24.net/listing-images/aeff8db9-07fa-4907-b300-2ab37851871e_b6bcad00-9790-4db8-8dc4-50226e2ccf09.jpg/250x188.webp https://prod.pictures.autoscout24.net/listing-images/aeff8db9-07fa-4907-b300-2ab37851871e_9d7c0d5e-40e7-496d-bba8-e111f5f13f6c.jpg/250x188.webp https://prod.pictures.autoscout24.net/listing-images/aeff8db9-07fa-4907-b300-2ab37851871e_333b1155-1387-4acd-a378-4ad2388e9267.jpg/250x188.webp https://prod.pictures.autoscout24.net/listing-images/aeff8db9-07fa-4907-b300-2ab37851871e_2f64b592-89c5-43bb-8ec7-3c60f42ecde1.jpg/250x188.webp https://prod.pictures.autoscout24.net/listing-images/aeff8db9-07fa-4907-b300-2ab37851871e_67ae6e16-1250-44f2-82ec-fc3ebbf62c28.jpg/250x188.webp https://prod.pictures.autoscout24.net/listing-images/aeff8db9-07fa-4907-b300-2ab37851871e_6c1012ca-6637-4f0c-a125-f4584f4ae5d9.jpg/250x188.webp https://prod.pictures.autoscout24.net/listing-images/aeff8db9-07fa-4907-b300-2ab37851871e_1bb09cb4-955b-4b41-9c56-4b0c82dad81c.jpg/250x188.webp https://prod.pictures.autoscout24.net/listing-images/aeff8db9-07fa-4907-b300-2ab37851871e_90dcc5e2-1b86-4a2e-bd33-b456568f64c6.jpg/250x188.webp https://prod.pictures.autoscout24.net/listing-images/aeff8db9-07fa-4907-b300-2ab37851871e_050869c4-1590-418e-b6b3-bdcfe8316942.jpg/250x188.webp https://prod.pictures.autoscout24.net/listing-images/aeff8db9-07fa-4907-b300-2ab37851871e_9115b8f9-b8bb-4c5c-a1c3-909603665c25.jpg/250x188.webp https://prod.pictures.autoscout24.net/listing-images/aeff8db9-07fa-4907-b300-2ab37851871e_ee19f88f-fad2-4460-a9be-667e6f185edb.jpg/250x188.webp https://prod.pictures.autoscout24.net/listing-images/aeff8db9-07fa-4907-b300-2ab37851871e_b755afae-d708-4c1a-8099-cc3eb729d317.jpg/250x188.webp https://prod.pictures.autoscout24.net/listing-images/aeff8db9-07fa-4907-b300-2ab37851871e_1759e7d1-65ee-43b2-bbd5-6926d4992ef0.jpg/250x188.webp https://prod.pictures.autoscout24.net/listing-images/aeff8db9-07fa-4907-b300-2ab37851871e_00ebae89-bf27-474f-81eb-4a2690722869.jpg/250x188.webp https://prod.pictures.autoscout24.net/listing-images/aeff8db9-07fa-4907-b300-2ab37851871e_a5210ad1-251c-4407-9eec-15bd9eb767bc.jpg/250x188.webp,46.439354809886915,387
b0e67df1-ba97-4a45-a730-6852869c6f6f,Mazda,MX-30,MX-30 e-SKYACTIV R-EV PRIME-LINE/ AutoAirco/ LED,Dealer,25999,2,5933,06-2024,8520,https://prod.pictures.autoscout24.net/listing-images/b0e67df1-ba97-4a45-a730-6852869c6f6f_4bffbc72-6363-4e37-9f75-3101032ef0bc.jpg/250x188.webp https://prod.pictures.autoscout24.net/listing-images/b0e67df1-ba97-4a45-a730-6852869c6f6f_05576ded-2861-467f-95f3-ebc3dc6684c2.jpg/250x188.webp https://prod.pictures.autoscout24.net/listing-images/b0e67df1-ba97-4a45-a730-6852869c6f6f_a9496430-1927-4475-8d25-a4b2bdef7b19.jpg/250x188.webp https://prod.pictures.autoscout24.net/listing-images/b0e67df1-ba97-4a45-a730-6852869c6f6f_69aa7df3-dc8c-4960-b74f-447bbcf20328.jpg/250x188.webp https://prod.pictures.autoscout24.net/listing-images/b0e67df1-ba97-4a45-a730-6852869c6f6f_c014d0f4-f91f-4445-ba55-47915e2dd1bc.jpg/250x188.webp https://prod.pictures.autoscout24.net/listing-images/b0e67df1-ba97-4a45-a730-6852869c6f6f_f08f124b-b521-4c61-ab64-6be6e3972d8e.jpg/250x188.webp https://prod.pictures.autoscout24.net/listing-images/b0e67df1-ba97-4a45-a730-6852869c6f6f_65205860-2d2b-4bca-b144-3a5c1156c828.jpg/250x188.webp https://prod.pictures.autoscout24.net/listing-images/b0e67df1-ba97-4a45-a730-6852869c6f6f_3585cb05-906b-47a9-8194-629994da288d.jpg/250x188.webp https://prod.pictures.autoscout24.net/listing-images/b0e67df1-ba97-4a45-a730-6852869c6f6f_72637c56-8c7d-4297-82af-13c031dfaceb.jpg/250x188.webp https://prod.pictures.autoscout24.net/listing-images/b0e67df1-ba97-4a45-a730-6852869c6f6f_c91a63eb-f130-4571-b5ca-f82db19fe1b0.jpg/250x188.webp https://prod.pictures.autoscout24.net/listing-images/b0e67df1-ba97-4a45-a730-6852869c6f6f_f8d80891-2a1a-4f9d-b881-2c256caa2ab2.jpg/250x188.webp https://prod.pictures.autoscout24.net/listing-images/b0e67df1-ba97-4a45-a730-6852869c6f6f_2364603e-15d0-4fcd-9f8c-b6ede8a99b50.jpg/250x188.webp https://prod.pictures.autoscout24.net/listing-images/b0e67df1-ba97-4a45-a730-6852869c6f6f_464b9a49-05a0-4cf3-9fc7-5d947c5df518.jpg/250x188.webp https://prod.pictures.autoscout24.net/listing-images/b0e67df1-ba97-4a45-a730-6852869c6f6f_4893e4f2-313d-4161-87a7-72a9924674a0.jpg/250x188.webp https://prod.pictures.autoscout24.net/listing-images/b0e67df1-ba97-4a45-a730-6852869c6f6f_b6c15dfa-7d4b-4b30-b009-019da93f16c5.jpg/250x188.webp https://prod.pictures.autoscout24.net/listing-images/b0e67df1-ba97-4a45-a730-6852869c6f6f_a90e0b28-e8a6-4895-adfc-b164f40cd281.jpg/250x188.webp https://prod.pictures.autoscout24.net/listing-images/b0e67df1-ba97-4a45-a730-6852869c6f6f_791ac187-c5ea-4b83-a1cb-a3d75073626c.jpg/250x188.webp https://prod.pictures.autoscout24.net/listing-images/b0e67df1-ba97-4a45-a730-6852869c6f6f_dbabfc20-c484-4168-a6b0-8058f6ae19a1.jpg/250x188.webp https://prod.pictures.autoscout24.net/listing-images/b0e67df1-ba97-4a45-a730-6852869c6f6f_32574138-0e5e-4be7-8eb0-e824e23ea84e.jpg/250x188.webp https://prod.pictures.autoscout24.net/listing-images/b0e67df1-ba97-4a45-a730-6852869c6f6f_2e5d0d19-3221-41e5-a0fa-b38daae9ec12.jpg/250x188.webp https://prod.pictures.autoscout24.net/listing-images/b0e67df1-ba97-4a45-a730-6852869c6f6f_c09c36cb-030a-4841-aaec-0cba7555f0d2.jpg/250x188.webp https://prod.pictures.autoscout24.net/listing-images/b0e67df1-ba97-4a45-a730-6852869c6f6f_8e97f3e5-bd17-4de9-84f1-a293f752e791.jpg/250x188.webp,107.45339579517565,632
2ea96dee-b46c-4739-b074-75decd65d0ed,Mazda,MX-30,17.8 kWh e-SKYACTIV R-EV Exclusive-Line(125kW,Dealer,26300,b,5196,01-2024,3090,https://prod.pictures.autoscout24.net/listing-images/2ea96dee-b46c-4739-b074-75decd65d0ed_f28f8b16-0521-42b9-9fbe-d0ba0c24b1f2.jpg/250x188.webp https://prod.pictures.autoscout24.net/listing-images/2ea96dee-b46c-4739-b074-75decd65d0ed_db1f7447-04a8-45e3-baf4-4853adcfd2e0.jpg/250x188.webp https://prod.pictures.autoscout24.net/listing-images/2ea96dee-b46c-4739-b074-75decd65d0ed_ef15d4bf-d1d7-4448-87c6-d14fb05e95a8.jpg/250x188.webp https://prod.pictures.autoscout24.net/listing-images/2ea96dee-b46c-4739-b074-75decd65d0ed_473cc0ca-b4ae-4d30-83d9-13c30aaa9b70.jpg/250x188.webp https://prod.pictures.autoscout24.net/listing-images/2ea96dee-b46c-4739-b074-75decd65d0ed_f7115003-23a0-48b4-8142-8605e5759299.jpg/250x188.webp https://prod.pictures.autoscout24.net/listing-images/2ea96dee-b46c-4739-b074-75decd65d0ed_376aa482-2552-4f76-88e7-16f350ea6a1d.jpg/250x188.webp https://prod.pictures.autoscout24.net/listing-images/2ea96dee-b46c-4739-b074-75decd65d0ed_9ce1ec53-8846-45af-841a-535060718e78.jpg/250x188.webp https://prod.pictures.autoscout24.net/listing-images/2ea96dee-b46c-4739-b074-75decd65d0ed_8eeab6bb-ad1d-4a7d-98b2-6dbc3c172586.jpg/250x188.webp https://prod.pictures.autoscout24.net/listing-images/2ea96dee-b46c-4739-b074-75decd65d0ed_7ecd0dca-68f6-4fb0-b55e-28ac7ff65028.jpg/250x188.webp https://prod.pictures.autoscout24.net/listing-images/2ea96dee-b46c-4739-b074-75decd65d0ed_ea777ef6-b5d9-4a99-95d3-d95c6c28ac3a.jpg/250x188.webp https://prod.pictures.autoscout24.net/listing-images/2ea96dee-b46c-4739-b074-75decd65d0ed_99769b93-750a-4f81-afc9-09fc1824351a.jpg/250x188.webp,77.24958296507762,784
118bfad9-5c09-493f-9197-213d4cd3fa92,Mazda,CX-30,BENZINE EURO 6D/ HOMURA / AUTOMAAT / GARANTIE,Dealer,26500,b,21470,11-2023,9500,https://prod.pictures.autoscout24.net/listing-images/118bfad9-5c09-493f-9197-213d4cd3fa92_f47dc77a-c05f-4d02-9efe-3c7c111f7f7d.jpg/250x188.webp https://prod.pictures.autoscout24.net/listing-images/118bfad9-5c09-493f-9197-213d4cd3fa92_86f40b51-c1a9-465a-baea-035f9ad1b97d.jpg/250x188.webp https://prod.pictures.autoscout24.net/listing-images/118bfad9-5c09-493f-9197-213d4cd3fa92_01e582e0-10ae-4c78-82a6-7ec1ecd21b1f.jpg/250x188.webp https://prod.pictures.autoscout24.net/listing-images/118bfad9-5c09-493f-9197-213d4cd3fa92_35d9c816-b49c-4022-aa52-cf2ffbfa9887.jpg/250x188.webp https://prod.pictures.autoscout24.net/listing-images/118bfad9-5c09-493f-9197-213d4cd3fa92_5852e7bf-0931-487e-ad41-2c695b030a60.jpg/250x188.webp https://prod.pictures.autoscout24.net/listing-images/118bfad9-5c09-493f-9197-213d4cd3fa92_d7836a42-d189-4883-b4a3-775fe91169bf.jpg/250x188.webp https://prod.pictures.autoscout24.net/listing-images/118bfad9-5c09-493f-9197-213d4cd3fa92_f7efdbcc-e161-441a-81d1-f59c594432a3.jpg/250x188.webp https://prod.pictures.autoscout24.net/listing-images/118bfad9-5c09-493f-9197-213d4cd3fa92_300ad169-bdc7-4e87-93bc-d077891bf3bc.jpg/250x188.webp https://prod.pictures.autoscout24.net/listing-images/118bfad9-5c09-493f-9197-213d4cd3fa92_23a4271b-1d03-4665-b3d7-3d50aaf3709d.jpg/250x188.webp https://prod.pictures.autoscout24.net/listing-images/118bfad9-5c09-493f-9197-213d4cd3fa92_51795414-2832-4415-89df-40b284fd6f89.jpg/250x188.webp https://prod.pictures.autoscout24.net/listing-images/118bfad9-5c09-493f-9197-213d4cd3fa92_a580358a-4367-4db7-878a-9a58e88531d4.jpg/250x188.webp https://prod.pictures.autoscout24.net/listing-images/118bfad9-5c09-493f-9197-213d4cd3fa92_165f127d-4f64-4d55-9efc-5629eb347ae7.jpg/250x188.webp,87.71438691991675,845
00dc38e7-eec8-41b4-9012-207dd2a7b481,Mazda,CX-30,e-SKYACTIV-G 140 HK Homura Aut.,Dealer,26795,b,9447,03-2025,9200,https://prod.pictures.autoscout24.net/listing-images/00dc38e7-eec8-41b4-9012-207dd2a7b481_275888ba-881a-47af-a43f-42c59a3415bb.jpg/250x188.webp https://prod.pictures.autoscout24.net/listing-images/00dc38e7-eec8-41b4-9012-207dd2a7b481_fada6d78-5b93-44b2-a91a-3170d6dca471.jpg/250x188.webp https://prod.pictures.autoscout24.net/listing-images/00dc38e7-eec8-41b4-9012-207dd2a7b481_ee23a874-8662-4516-83da-31e5e3ec099a.jpg/250x188.webp https://prod.pictures.autoscout24.net/listing-images/00dc38e7-eec8-41b4-9012-207dd2a7b481_cd70359a-a343-4348-84e4-4637eacb7bc6.jpg/250x188.webp https://prod.pictures.autoscout24.net/listing-images/00dc38e7-eec8-41b4-9012-207dd2a7b481_0f39702e-17a4-4313-b2ed-ed87d4a8fe41.jpg/250x188.webp https://prod.pictures.autoscout24.net/listing-images/00dc38e7-eec8-41b4-9012-207dd2a7b481_eb19e6aa-ce3b-4d80-ac7c-e0ede68674e2.jpg/250x188.webp https://prod.pictures.autoscout24.net/listing-images/00dc38e7-eec8-41b4-9012-207dd2a7b481_eecc7c25-2046-4bdf-bb37-23f85b8177e9.jpg/250x188.webp https://prod.pictures.autoscout24.net/listing-images/00dc38e7-eec8-41b4-9012-207dd2a7b481_d0a363c8-b43a-42c4-8a47-66ed740fa88f.jpg/250x188.webp https://prod.pictures.autoscout24.net/listing-images/00dc38e7-eec8-41b4-9012-207dd2a7b481_403f01d6-e5a0-4409-af17-35485213d281.jpg/250x188.webp https://prod.pictures.autoscout24.net/listing-images/00dc38e7-eec8-41b4-9012-207dd2a7b481_f4b19545-54f7-4149-996d-5e780bcfc7e7.jpg/250x188.webp https://prod.pictures.autoscout24.net/listing-images/00dc38e7-eec8-41b4-9012-207dd2a7b481_006079be-fe56-40bd-92bc-c10dbc19157b.jpg/250x188.webp https://prod.pictures.autoscout24.net/listing-images/00dc38e7-eec8-41b4-9012-207dd2a7b481_e04f8d35-f104-410d-aa10-10f0ec14cb8e.jpg/250x188.webp https://prod.pictures.autoscout24.net/listing-images/00dc38e7-eec8-41b4-9012-207dd2a7b481_3ddcb10e-16b8-4f64-a106-bc738ba14ba9.jpg/250x188.webp https://prod.pictures.autoscout24.net/listing-images/00dc38e7-eec8-41b4-9012-207dd2a7b481_65b6e544-3d4e-4c94-a8a6-c7fc2dfc6e07.jpg/250x188.webp https://prod.pictures.autoscout24.net/listing-images/00dc38e7-eec8-41b4-9012-207dd2a7b481_f43014f0-10e3-4c7d-b3c5-6e1916800623.jpg/250x188.webp https://prod.pictures.autoscout24.net/listing-images/00dc38e7-eec8-41b4-9012-207dd2a7b481_690de3b3-74c0-4b09-9b0b-b25a9b302db6.jpg/250x188.webp https://prod.pictures.autoscout24.net/listing-images/00dc38e7-eec8-41b4-9012-207dd2a7b481_55e3224d-54b5-45b2-9ddb-4433c803d4d2.jpg/250x188.webp https://prod.pictures.autoscout24.net/listing-images/00dc38e7-eec8-41b4-9012-207dd2a7b481_6d53e6ec-b2a2-4de6-9a5d-52baf6f5d5a4.jpg/250x188.webp https://prod.pictures.autoscout24.net/listing-images/00dc38e7-eec8-41b4-9012-207dd2a7b481_9001417d-84d4-4b47-8704-853cd0ded0b5.jpg/250x188.webp https://prod.pictures.autoscout24.net/listing-images/00dc38e7-eec8-41b4-9012-207dd2a7b481_145c3184-37b3-416e-9d9b-2b6c1fa1eff7.jpg/250x188.webp https://prod.pictures.autoscout24.net/listing-images/00dc38e7-eec8-41b4-9012-207dd2a7b481_ae6341de-314c-4db9-b989-6ea1ea5722fb.jpg/250x188.webp https://prod.pictures.autoscout24.net/listing-images/00dc38e7-eec8-41b4-9012-207dd2a7b481_f79a5f96-3790-4e08-9aeb-7adbf541f75f.jpg/250x188.webp https://prod.pictures.autoscout24.net/listing-images/00dc38e7-eec8-41b4-9012-207dd2a7b481_15cb52c7-d71c-41d5-89ac-443d30d2b15a.jpg/250x188.webp https://prod.pictures.autoscout24.net/listing-images/00dc38e7-eec8-41b4-9012-207dd2a7b481_17c230c1-378c-4b9a-a1dc-c9abc6fdc185.jpg/250x188.webp https://prod.pictures.autoscout24.net/listing-images/00dc38e7-eec8-41b4-9012-207dd2a7b481_f107e3ec-f963-467a-b02d-5a57d276a427.jpg/250x188.webp https://prod.pictures.autoscout24.net/listing-images/00dc38e7-eec8-41b4-9012-207dd2a7b481_350ff71b-3695-480b-8756-831e14632dcd.jpg/250x188.webp https://prod.pictures.autoscout24.net/listing-images/00dc38e7-eec8-41b4-9012-207dd2a7b481_a883e40a-be39-4123-ad85-6a946873c206.jpg/250x188.webp https://prod.pictures.autoscout24.net/listing-images/00dc38e7-eec8-41b4-9012-207dd2a7b481_94a366ca-e724-4d0b-a9cb-215b6151b1fd.jpg/250x188.webp https://prod.pictures.autoscout24.net/listing-images/00dc38e7-eec8-41b4-9012-207dd2a7b481_011103b7-44b2-40fa-8032-b894dcc0ea7d.jpg/250x188.webp https://prod.pictures.autoscout24.net/listing-images/00dc38e7-eec8-41b4-9012-207dd2a7b481_f046c29b-0f9b-4fbf-843c-8fb900d9337d.jpg/250x188.webp https://prod.pictures.autoscout24.net/listing-images/00dc38e7-eec8-41b4-9012-207dd2a7b481_16152ee6-d231-484b-82dc-ed4c29dc7a2f.jpg/250x188.webp https://prod.pictures.autoscout24.net/listing-images/00dc38e7-eec8-41b4-9012-207dd2a7b481_5bd7b2e1-5f09-4523-9d2c-37a48769df22.jpg/250x188.webp https://prod.pictures.autoscout24.net/listing-images/00dc38e7-eec8-41b4-9012-207dd2a7b481_7c284edc-a335-45ab-b0c4-cb971474c24a.jpg/250x188.webp https://prod.pictures.autoscout24.net/listing-images/00dc38e7-eec8-41b4-9012-207dd2a7b481_1b28abf0-9379-4e6c-ba55-662ae618ec1d.jpg/250x188.webp https://prod.pictures.autoscout24.net/listing-images/00dc38e7-eec8-41b4-9012-207dd2a7b481_8d2635b7-4c5d-462a-ae15-b3871d82f604.jpg/250x188.webp https://prod.pictures.autoscout24.net/listing-images/00dc38e7-eec8-41b4-9012-207dd2a7b481_31bc41f4-eb6d-4324-8819-a644de06dd84.jpg/250x188.webp https://prod.pictures.autoscout24.net/listing-images/00dc38e7-eec8-41b4-9012-207dd2a7b481_b20dc495-45c3-4cde-977a-cc2fff3751fa.jpg/250x188.webp https://prod.pictures.autoscout24.net/listing-images/00dc38e7-eec8-41b4-9012-207dd2a7b481_50dcc423-8d28-489f-8f8e-0d5c9224ccac.jpg/250x188.webp https://prod.pictures.autoscout24.net/listing-images/00dc38e7-eec8-41b4-9012-207dd2a7b481_5b3e9942-7353-4f4d-b3e4-6b39a0d22247.jpg/250x188.webp https://prod.pictures.autoscout24.net/listing-images/00dc38e7-eec8-41b4-9012-207dd2a7b481_78be9594-754d-419d-8c9e-fb19e99b91da.jpg/250x188.webp https://prod.pictures.autoscout24.net/listing-images/00dc38e7-eec8-41b4-9012-207dd2a7b481_24b757f6-5889-48e9-84c3-2c7068bc43ec.jpg/250x188.webp https://prod.pictures.autoscout24.net/listing-images/00dc38e7-eec8-41b4-9012-207dd2a7b481_f6fd824c-d6e7-4024-929a-a5d9c05cea5e.jpg/250x188.webp https://prod.pictures.autoscout24.net/listing-images/00dc38e7-eec8-41b4-9012-207dd2a7b481_b5a32e6a-e54b-4e4f-8536-6698f0c79510.jpg/250x188.webp,56.25408218723809,359
4b78bba7-067f-4654-98b5-1f713c9cd6f2,Mazda,2,Hybrid HOMURA HYBRID VEEL OPTIES,Dealer,27000,2,4,new,3500,https://prod.pictures.autoscout24.net/listing-images/4b78bba7-067f-4654-98b5-1f713c9cd6f2_0538b697-8441-446b-b842-598a0b25c0e9.jpg/250x188.webp https://prod.pictures.autoscout24.net/listing-images/4b78bba7-067f-4654-98b5-1f713c9cd6f2_db12823a-20a0-43ad-a894-beb9c2b77b12.jpg/250x188.webp https://prod.pictures.autoscout24.net/listing-images/4b78bba7-067f-4654-98b5-1f713c9cd6f2_82de559a-8800-46eb-98ba-ad5aed92062f.jpg/250x188.webp https://prod.pictures.autoscout24.net/listing-images/4b78bba7-067f-4654-98b5-1f713c9cd6f2_5dd924a0-a37e-43b1-90d2-8d68693de1e5.jpg/250x188.webp https://prod.pictures.autoscout24.net/listing-images/4b78bba7-067f-4654-98b5-1f713c9cd6f2_03ae0c22-369d-44f9-b178-577d94de2097.jpg/250x188.webp https://prod.pictures.autoscout24.net/listing-images/4b78bba7-067f-4654-98b5-1f713c9cd6f2_e37c2008-2243-4f85-9872-0858fe8fe484.jpg/250x188.webp https://prod.pictures.autoscout24.net/listing-images/4b78bba7-067f-4654-98b5-1f713c9cd6f2_0bcb40ef-04d1-431d-88cb-c3d91bc6a8f5.jpg/250x188.webp https://prod.pictures.autoscout24.net/listing-images/4b78bba7-067f-4654-98b5-1f713c9cd6f2_909cb0e1-7279-4bef-ba9e-6b0ef9ba3536.jpg/250x188.webp,85.55016165277146,0
523748f5-ba44-413f-8d14-b7117d33a704,Mazda,CX-30,CX-30 e-SKYACTIVE G 122 SKYACTIV EXCLUSIVE-LINE,Dealer,27200,b,13334,08-2024,3020,https://prod.pictures.autoscout24.net/listing-images/523748f5-ba44-413f-8d14-b7117d33a704_83ccf504-ff99-42f5-8d38-4ae17fcea155.jpg/250x188.webp https://prod.pictures.autoscout24.net/listing-images/523748f5-ba44-413f-8d14-b7117d33a704_3949639b-6223-4d73-8f9d-f52e54919003.jpg/250x188.webp https://prod.pictures.autoscout24.net/listing-images/523748f5-ba44-413f-8d14-b7117d33a704_f94fbb0f-ddb6-425c-bcf4-55e7f20622a7.jpg/250x188.webp https://prod.pictures.autoscout24.net/listing-images/523748f5-ba44-413f-8d14-b7117d33a704_d0bed534-4aa3-4c38-ab54-c616a0fc28a5.jpg/250x188.webp https://prod.pictures.autoscout24.net/listing-images/523748f5-ba44-413f-8d14-b7117d33a704_d27788bd-2d52-4ece-a9c1-5fc639cd540a.jpg/250x188.webp https://prod.pictures.autoscout24.net/listing-images/523748f5-ba44-413f-8d14-b7117d33a704_fbfc8791-e71c-4d8f-9c62-d33031480a83.jpg/250x188.webp https://prod.pictures.autoscout24.net/listing-images/523748f5-ba44-413f-8d14-b7117d33a704_f29da0b8-0f8d-4371-8a55-d925dc7134be.jpg/250x188.webp https://prod.pictures.autoscout24.net/listing-images/523748f5-ba44-413f-8d14-b7117d33a704_5d1dd3ff-51f8-4f24-95d5-bed5f5e997c6.jpg/250x188.webp https://prod.pictures.autoscout24.net/listing-images/523748f5-ba44-413f-8d14-b7117d33a704_5345e6da-f11f-4424-9695-aa0afcc49c24.jpg/250x188.webp https://prod.pictures.autoscout24.net/listing-images/523748f5-ba44-413f-8d14-b7117d33a704_b3e4d82a-e9dc-4edf-b5e0-60e0bcc6736b.jpg/250x188.webp https://prod.pictures.autoscout24.net/listing-images/523748f5-ba44-413f-8d14-b7117d33a704_80011d75-3e87-45d5-9f17-c64f2243c574.jpg/250x188.webp https://prod.pictures.autoscout24.net/listing-images/523748f5-ba44-413f-8d14-b7117d33a704_c28f568e-4598-4449-9079-bae6591c5326.jpg/250x188.webp,63.774960340819405,571
ca0f0d0f-7707-4108-9786-703ecd95998d,Mazda,3,Homura MY2025 5DR Hatchback e-Skyactiv X 186 hp...,Dealer,27400,b,12753,04-2025,3000,https://prod.pictures.autoscout24.net/listing-images/ca0f0d0f-7707-4108-9786-703ecd95998d_3a2d322e-04a8-489a-a5fb-f0a1e80de60e.jpg/250x188.webp https://prod.pictures.autoscout24.net/listing-images/ca0f0d0f-7707-4108-9786-703ecd95998d_44f50b66-81d8-404e-a08a-d1d660e07287.jpg/250x188.webp https://prod.pictures.autoscout24.net/listing-images/ca0f0d0f-7707-4108-9786-703ecd95998d_9ee26bb8-8414-42e2-a8f5-178444fd72c6.jpg/250x188.webp https://prod.pictures.autoscout24.net/listing-images/ca0f0d0f-7707-4108-9786-703ecd95998d_e17f18d1-a909-45eb-96eb-32f91c8b84a4.jpg/250x188.webp https://prod.pictures.autoscout24.net/listing-images/ca0f0d0f-7707-4108-9786-703ecd95998d_aeb37502-174d-4cd2-ac77-6332b204fde8.jpg/250x188.webp https://prod.pictures.autoscout24.net/listing-images/ca0f0d0f-7707-4108-9786-703ecd95998d_1818e12e-9572-41bb-8264-e0cf3cf2427e.jpg/250x188.webp https://prod.pictures.autoscout24.net/listing-images/ca0f0d0f-7707-4108-9786-703ecd95998d_c87b89a0-4e4e-41a7-8709-8ae87a86d648.jpg/250x188.webp https://prod.pictures.autoscout24.net/listing-images/ca0f0d0f-7707-4108-9786-703ecd95998d_231e50b0-16da-4b80-9f4d-b8aa97b13af9.jpg/250x188.webp https://prod.pictures.autoscout24.net/listing-images/ca0f0d0f-7707-4108-9786-703ecd95998d_3c6a03d0-8e02-475e-8f93-1ea2b96f7c89.jpg/250x188.webp https://prod.pictures.autoscout24.net/listing-images/ca0f0d0f-7707-4108-9786-703ecd95998d_01f8861d-7fa0-421f-80aa-b6049b47159f.jpg/250x188.webp https://prod.pictures.autoscout24.net/listing-images/ca0f0d0f-7707-4108-9786-703ecd95998d_a4e67097-be8d-45dd-a3f8-4f569d95617a.jpg/250x188.webp https://prod.pictures.autoscout24.net/listing-images/ca0f0d0f-7707-4108-9786-703ecd95998d_4b5875dd-37a6-4aa2-8746-2c8a0958d294.jpg/250x188.webp https://prod.pictures.autoscout24.net/listing-images/ca0f0d0f-7707-4108-9786-703ecd95998d_430e036d-ad2d-4983-b9f4-0ea33e354f90.jpg/250x188.webp https://prod.pictures.autoscout24.net/listing-images/ca0f0d0f-7707-4108-9786-703ecd95998d_b45b0df4-95f9-48d8-82c1-57409c804043.jpg/250x188.webp,67.38410339411878,328
3d6849b2-5615-4ff7-be5d-02e38ded5870,Mazda,CX-5,2.0i e-SKYACTIV-G MHE 2WD Homura,PrivateSeller,27500,b,100792,02-2024,5570,https://prod.pictures.autoscout24.net/listing-images/3d6849b2-5615-4ff7-be5d-02e38ded5870_574246bc-6f15-4fb8-8146-2f752fcda96d.jpg/250x188.webp https://prod.pictures.autoscout24.net/listing-images/3d6849b2-5615-4ff7-be5d-02e38ded5870_00e4a0a9-a429-40da-8abd-7e33f7167ca6.jpg/250x188.webp https://prod.pictures.autoscout24.net/listing-images/3d6849b2-5615-4ff7-be5d-02e38ded5870_5860e6d6-fe9c-4b2f-b04b-595d1547167b.jpg/250x188.webp https://prod.pictures.autoscout24.net/listing-images/3d6849b2-5615-4ff7-be5d-02e38ded5870_c7a9e57e-0fbd-441c-b51f-3fb452421404.jpg/250x188.webp https://prod.pictures.autoscout24.net/listing-images/3d6849b2-5615-4ff7-be5d-02e38ded5870_48d97945-2c5a-4c34-9339-3858c243b791.jpg/250x188.webp https://prod.pictures.autoscout24.net/listing-images/3d6849b2-5615-4ff7-be5d-02e38ded5870_72a76b7f-3584-4557-8d4d-f4f1efd74a5b.jpg/250x188.webp https://prod.pictures.autoscout24.net/listing-images/3d6849b2-5615-4ff7-be5d-02e38ded5870_07cbe710-b694-443c-82ec-50fbcf9dd937.jpg/250x188.webp https://prod.pictures.autoscout24.net/listing-images/3d6849b2-5615-4ff7-be5d-02e38ded5870_0756c23f-73e1-4e34-a1a3-61164a74cad3.jpg/250x188.webp https://prod.pictures.autoscout24.net/listing-images/3d6849b2-5615-4ff7-be5d-02e38ded5870_e4ccb8b2-9f99-4ee2-8e63-037adfc65013.jpg/250x188.webp https://prod.pictures.autoscout24.net/listing-images/3d6849b2-5615-4ff7-be5d-02e38ded5870_f72947b7-1094-4627-b6b5-6cedb107eb3b.jpg/250x188.webp,155.47980579799537,753
ff309b05-8cdd-4453-9ac1-5d58f75ccd86,Mazda,CX-30,CX-30 2.0i SKYACTIV-X MHE Homura  Automaat,Dealer,27900,b,25760,01-2025,9900,https://prod.pictures.autoscout24.net/listing-images/ff309b05-8cdd-4453-9ac1-5d58f75ccd86_e14f7d0a-67bd-4155-b397-26ae4581dd40.jpg/250x188.webp https://prod.pictures.autoscout24.net/listing-images/ff309b05-8cdd-4453-9ac1-5d58f75ccd86_310d3edd-88dd-4549-a585-8c61e4d925b7.jpg/250x188.webp https://prod.pictures.autoscout24.net/listing-images/ff309b05-8cdd-4453-9ac1-5d58f75ccd86_25709ba3-5db1-4b58-9e68-6a8736bd3a45.jpg/250x188.webp https://prod.pictures.autoscout24.net/listing-images/ff309b05-8cdd-4453-9ac1-5d58f75ccd86_3f7ef940-638f-4ea4-9279-a2fe689f76e7.jpg/250x188.webp https://prod.pictures.autoscout24.net/listing-images/ff309b05-8cdd-4453-9ac1-5d58f75ccd86_67d80f52-c252-4d60-abc6-e07cf9d48dfe.jpg/250x188.webp https://prod.pictures.autoscout24.net/listing-images/ff309b05-8cdd-4453-9ac1-5d58f75ccd86_27c86b46-7fc9-43ac-b89d-35dda9d3c47b.jpg/250x188.webp https://prod.pictures.autoscout24.net/listing-images/ff309b05-8cdd-4453-9ac1-5d58f75ccd86_ec97eb20-b9ca-421b-8bcd-ffa2f7dea474.jpg/250x188.webp https://prod.pictures.autoscout24.net/listing-images/ff309b05-8cdd-4453-9ac1-5d58f75ccd86_3b1bfbae-d2a0-45e3-b62c-77d5d32e3c01.jpg/250x188.webp https://prod.pictures.autoscout24.net/listing-images/ff309b05-8cdd-4453-9ac1-5d58f75ccd86_706ae407-ada0-4f70-ab5f-ddfa97d42691.jpg/250x188.webp https://prod.pictures.autoscout24.net/listing-images/ff309b05-8cdd-4453-9ac1-5d58f75ccd86_0dabf7ba-254e-4bb0-b6fc-b1270d2218fe.jpg/250x188.webp https://prod.pictures.autoscout24.net/listing-images/ff309b05-8cdd-4453-9ac1-5d58f75ccd86_d71476ef-058a-499f-a0d1-64720e994676.jpg/250x188.webp https://prod.pictures.autoscout24.net/listing-images/ff309b05-8cdd-4453-9ac1-5d58f75ccd86_02ed89c5-c169-4979-8410-d3b40fed60d9.jpg/250x188.webp https://prod.pictures.autoscout24.net/listing-images/ff309b05-8cdd-4453-9ac1-5d58f75ccd86_0ce49453-06aa-4848-bbdf-8bd9182184ac.jpg/250x188.webp https://prod.pictures.autoscout24.net/listing-images/ff309b05-8cdd-4453-9ac1-5d58f75ccd86_340a4b24-03d3-4c5b-9fd6-b9b2a64804c4.jpg/250x188.webp https://prod.pictures.autoscout24.net/listing-images/ff309b05-8cdd-4453-9ac1-5d58f75ccd86_92271623-a785-4476-acb3-e10f7b6f2b87.jpg/250x188.webp,70.67815356163106,418
7862b0ad-7701-4599-8adf-80824ae0e105,Mazda,CX-5,CX-5 2.0 SKY-G HOMURA Automaat / Bose / 73000km,Dealer,27900,b,73000,01-2022,9620,https://prod.pictures.autoscout24.net/listing-images/7862b0ad-7701-4599-8adf-80824ae0e105_746b4675-f27c-4980-8924-1f86baef98b1.jpg/250x188.webp https://prod.pictures.autoscout24.net/listing-images/7862b0ad-7701-4599-8adf-80824ae0e105_daaf4ad2-2f14-4086-a941-7e885a63262d.jpg/250x188.webp https://prod.pictures.autoscout24.net/listing-images/7862b0ad-7701-4599-8adf-80824ae0e105_9d0c8b81-5a42-47ad-86da-8d201bf11c55.jpg/250x188.webp https://prod.pictures.autoscout24.net/listing-images/7862b0ad-7701-4599-8adf-80824ae0e105_afbb006f-ec1f-42df-9d99-5e0691d6ed58.jpg/250x188.webp https://prod.pictures.autoscout24.net/listing-images/7862b0ad-7701-4599-8adf-80824ae0e105_d887f62e-bb3b-4c10-9ea3-0bb5af883448.jpg/250x188.webp https://prod.pictures.autoscout24.net/listing-images/7862b0ad-7701-4599-8adf-80824ae0e105_38c9ad35-2247-4d2f-827a-ab82777247cc.jpg/250x188.webp https://prod.pictures.autoscout24.net/listing-images/7862b0ad-7701-4599-8adf-80824ae0e105_7c561190-38fa-4dbe-873b-16b6fe4c6858.jpg/250x188.webp https://prod.pictures.autoscout24.net/listing-images/7862b0ad-7701-4599-8adf-80824ae0e105_304bd93b-a67c-4194-b117-37877153bc85.jpg/250x188.webp https://prod.pictures.autoscout24.net/listing-images/7862b0ad-7701-4599-8adf-80824ae0e105_2eae2081-ef38-47f2-93b1-b77ad5994857.jpg/250x188.webp https://prod.pictures.autoscout24.net/listing-images/7862b0ad-7701-4599-8adf-80824ae0e105_ef05ff8a-dfa7-4feb-9055-cbe944dd4eef.jpg/250x188.webp https://prod.pictures.autoscout24.net/listing-images/7862b0ad-7701-4599-8adf-80824ae0e105_ec4ea59b-f97f-4c98-9992-1d8a6a329edc.jpg/250x188.webp https://prod.pictures.autoscout24.net/listing-images/7862b0ad-7701-4599-8adf-80824ae0e105_8ccc4eab-2acb-4c1a-aaf4-0153097bb5f5.jpg/250x188.webp https://prod.pictures.autoscout24.net/listing-images/7862b0ad-7701-4599-8adf-80824ae0e105_b4d5bdcd-76b4-4c44-be32-ac39514a5f03.jpg/250x188.webp https://prod.pictures.autoscout24.net/listing-images/7862b0ad-7701-4599-8adf-80824ae0e105_9c2a4dee-3099-420e-9333-7d12a9d4c002.jpg/250x188.webp https://prod.pictures.autoscout24.net/listing-images/7862b0ad-7701-4599-8adf-80824ae0e105_98115f1d-d5cd-4c9e-be7e-90ca39fb4040.jpg/250x188.webp https://prod.pictures.autoscout24.net/listing-images/7862b0ad-7701-4599-8adf-80824ae0e105_6503162d-b37d-4559-9625-6f4e9be74075.jpg/250x188.webp,80.93030107503533,1514
c75eb23b-a974-4606-abe5-84b3744c9f1f,Mazda,CX-30,Homura CX-30 MY2024 5DR WGN 2.0L e-Skyactiv G 1...,Dealer,27900,b,19984,02-2025,3000,https://prod.pictures.autoscout24.net/listing-images/c75eb23b-a974-4606-abe5-84b3744c9f1f_d7808cd6-4b08-4b25-bc7c-8c5c92aa2758.jpg/250x188.webp https://prod.pictures.autoscout24.net/listing-images/c75eb23b-a974-4606-abe5-84b3744c9f1f_7348451d-3263-4c1a-8c70-33849262eeaf.jpg/250x188.webp https://prod.pictures.autoscout24.net/listing-images/c75eb23b-a974-4606-abe5-84b3744c9f1f_bc13c518-5b6b-45bc-9009-22005d3befee.jpg/250x188.webp https://prod.pictures.autoscout24.net/listing-images/c75eb23b-a974-4606-abe5-84b3744c9f1f_7810bf3b-9dc1-4700-b05d-1b6c91074933.jpg/250x188.webp https://prod.pictures.autoscout24.net/listing-images/c75eb23b-a974-4606-abe5-84b3744c9f1f_f439fdda-de3a-4d07-affb-2b80aca64654.jpg/250x188.webp https://prod.pictures.autoscout24.net/listing-images/c75eb23b-a974-4606-abe5-84b3744c9f1f_09b5fbea-f8e0-42de-aab4-92c7da927956.jpg/250x188.webp https://prod.pictures.autoscout24.net/listing-images/c75eb23b-a974-4606-abe5-84b3744c9f1f_d4ee160a-d992-49a8-a82f-ac0d6f6a3b58.jpg/250x188.webp https://prod.pictures.autoscout24.net/listing-images/c75eb23b-a974-4606-abe5-84b3744c9f1f_9ef2a8e3-7a6c-4909-9a97-994e1a1a1ebc.jpg/250x188.webp https://prod.pictures.autoscout24.net/listing-images/c75eb23b-a974-4606-abe5-84b3744c9f1f_93e2476a-fd0b-4eb8-8269-967240c8cad2.jpg/250x188.webp https://prod.pictures.autoscout24.net/listing-images/c75eb23b-a974-4606-abe5-84b3744c9f1f_1b40920b-1c60-45cf-a11a-e58745470925.jpg/250x188.webp https://prod.pictures.autoscout24.net/listing-images/c75eb23b-a974-4606-abe5-84b3744c9f1f_31e611c4-c98d-4ebc-9cdd-61e44db25a11.jpg/250x188.webp https://prod.pictures.autoscout24.net/listing-images/c75eb23b-a974-4606-abe5-84b3744c9f1f_d188840d-79e5-4b90-a62f-03b43849fcd6.jpg/250x188.webp https://prod.pictures.autoscout24.net/listing-images/c75eb23b-a974-4606-abe5-84b3744c9f1f_f058d139-75a2-43f4-aa19-67bffd717d8d.jpg/250x188.webp https://prod.pictures.autoscout24.net/listing-images/c75eb23b-a974-4606-abe5-84b3744c9f1f_cf7fb6e0-53c8-49e4-952f-9ebf8049d0e5.jpg/250x188.webp https://prod.pictures.autoscout24.net/listing-images/c75eb23b-a974-4606-abe5-84b3744c9f1f_b22a3549-4a1d-4a8f-afa0-ddba841ea891.jpg/250x188.webp https://prod.pictures.autoscout24.net/listing-images/c75eb23b-a974-4606-abe5-84b3744c9f1f_4252fb92-064e-4cbf-abda-0bb4d3d9342e.jpg/250x188.webp https://prod.pictures.autoscout24.net/listing-images/c75eb23b-a974-4606-abe5-84b3744c9f1f_f5978a24-7586-446a-908e-0000d9e70765.jpg/250x188.webp,67.38410339411878,387
8cfbc29d-ffb6-4334-826e-01d7b57575ed,Mazda,MX-30,Makoto,Dealer,27900,2,6600,12-2023,8980,https://prod.pictures.autoscout24.net/listing-images/8cfbc29d-ffb6-4334-826e-01d7b57575ed_269f9eb6-5325-4f06-887a-141dd7dfc278.jpg/250x188.webp https://prod.pictures.autoscout24.net/listing-images/8cfbc29d-ffb6-4334-826e-01d7b57575ed_94d3bf08-44fa-44bf-a61f-6aa238362c49.jpg/250x188.webp https://prod.pictures.autoscout24.net/listing-images/8cfbc29d-ffb6-4334-826e-01d7b57575ed_1cdbce16-0827-4a20-988b-e3eb40907cf3.jpg/250x188.webp https://prod.pictures.autoscout24.net/listing-images/8cfbc29d-ffb6-4334-826e-01d7b57575ed_bf40b954-8b56-421d-bd9e-2a34f803dcd0.jpg/250x188.webp https://prod.pictures.autoscout24.net/listing-images/8cfbc29d-ffb6-4334-826e-01d7b57575ed_aaa24ef1-e3b9-43f1-b8bf-298bf91a52c2.jpg/250x188.webp https://prod.pictures.autoscout24.net/listing-images/8cfbc29d-ffb6-4334-826e-01d7b57575ed_a310bfb4-f624-4ea9-a122-4c5ae08a9802.jpg/250x188.webp https://prod.pictures.autoscout24.net/listing-images/8cfbc29d-ffb6-4334-826e-01d7b57575ed_d41a844f-75f2-4dd1-8123-81b08ec6b272.jpg/250x188.webp https://prod.pictures.autoscout24.net/listing-images/8cfbc29d-ffb6-4334-826e-01d7b57575ed_b74f99a7-5d3b-40b0-b4a4-0ff4a99202e3.jpg/250x188.webp https://prod.pictures.autoscout24.net/listing-images/8cfbc29d-ffb6-4334-826e-01d7b57575ed_9b5b1daa-03af-4b5e-905e-fb4803320c71.jpg/250x188.webp https://prod.pictures.autoscout24.net/listing-images/8cfbc29d-ffb6-4334-826e-01d7b57575ed_de961187-372a-4648-b391-1a257fdea8d1.jpg/250x188.webp https://prod.pictures.autoscout24.net/listing-images/8cfbc29d-ffb6-4334-826e-01d7b57575ed_ec67ceca-87be-4c08-b8d6-f42b3d9f43ae.jpg/250x188.webp https://prod.pictures.autoscout24.net/listing-images/8cfbc29d-ffb6-4334-826e-01d7b57575ed_e169358f-c9b0-4544-ac3f-449d3fa61d63.jpg/250x188.webp https://prod.pictures.autoscout24.net/listing-images/8cfbc29d-ffb6-4334-826e-01d7b57575ed_7fc31f40-eab2-4d22-b18f-653ff6d01d1c.jpg/250x188.webp,123.02728434511636,815
b88a969b-b3b6-4fb0-8ff2-c520a995eb54,Mazda,MX-30,17.8 kWh e-SKYACTIV R-EV Makoto + Premium Pack,Dealer,27950,2,25000,12-2023,2580,https://prod.pictures.autoscout24.net/listing-images/b88a969b-b3b6-4fb0-8ff2-c520a995eb54_2b509dda-675f-4b8f-b5b0-65bcc2690fad.jpg/250x188.webp https://prod.pictures.autoscout24.net/listing-images/b88a969b-b3b6-4fb0-8ff2-c520a995eb54_a48646ea-edd9-4908-a3eb-d95d1171850a.jpg/250x188.webp https://prod.pictures.autoscout24.net/listing-images/b88a969b-b3b6-4fb0-8ff2-c520a995eb54_c44f0472-62c3-4bac-927a-238a24baab98.jpg/250x188.webp https://prod.pictures.autoscout24.net/listing-images/b88a969b-b3b6-4fb0-8ff2-c520a995eb54_ec182229-5993-410e-b73c-a9377db1c049.jpg/250x188.webp https://prod.pictures.autoscout24.net/listing-images/b88a969b-b3b6-4fb0-8ff2-c520a995eb54_9816e5cf-c0fd-497f-be8c-55e429007dab.jpg/250x188.webp https://prod.pictures.autoscout24.net/listing-images/b88a969b-b3b6-4fb0-8ff2-c520a995eb54_411ea8b6-568c-412f-bcd3-90a2ba839b07.jpg/250x188.webp https://prod.pictures.autoscout24.net/listing-images/b88a969b-b3b6-4fb0-8ff2-c520a995eb54_843646a0-ece1-4684-9141-3d204ffe6f2a.jpg/250x188.webp https://prod.pictures.autoscout24.net/listing-images/b88a969b-b3b6-4fb0-8ff2-c520a995eb54_3cb37775-1beb-4466-887a-d010a4d010d1.jpg/250x188.webp https://prod.pictures.autoscout24.net/listing-images/b88a969b-b3b6-4fb0-8ff2-c520a995eb54_31760018-c771-40cb-84ad-79cdda950097.jpg/250x188.webp https://prod.pictures.autoscout24.net/listing-images/b88a969b-b3b6-4fb0-8ff2-c520a995eb54_d8dba1c8-f704-4064-b02e-41a818ce98d8.jpg/250x188.webp https://prod.pictures.autoscout24.net/listing-images/b88a969b-b3b6-4fb0-8ff2-c520a995eb54_343070b6-52f3-4150-91c4-c1f6362a35ca.jpg/250x188.webp https://prod.pictures.autoscout24.net/listing-images/b88a969b-b3b6-4fb0-8ff2-c520a995eb54_2d076a84-58d9-4b4e-8560-6b6fc9f3e490.jpg/250x188.webp,47.596324694057934,815
967becdf-ed29-44f3-911b-ddba18d43bf6,Mazda,CX-30,Nagisa Automaat,Dealer,27990,b,13969,08-2024,8980,https://prod.pictures.autoscout24.net/listing-images/967becdf-ed29-44f3-911b-ddba18d43bf6_e588bfec-463e-4797-98de-f1b56bb24261.jpg/250x188.webp https://prod.pictures.autoscout24.net/listing-images/967becdf-ed29-44f3-911b-ddba18d43bf6_fb432028-e1ad-4aa2-9ef9-cff9d7082a7c.jpg/250x188.webp https://prod.pictures.autoscout24.net/listing-images/967becdf-ed29-44f3-911b-ddba18d43bf6_7762280f-5c4e-4284-b01b-7678b88140fb.jpg/250x188.webp https://prod.pictures.autoscout24.net/listing-images/967becdf-ed29-44f3-911b-ddba18d43bf6_251dc5fc-d77b-4518-ab26-42981ed1886a.jpg/250x188.webp https://prod.pictures.autoscout24.net/listing-images/967becdf-ed29-44f3-911b-ddba18d43bf6_ece14fad-e6f3-4c95-9d9b-6b4a20aa0d1e.jpg/250x188.webp https://prod.pictures.autoscout24.net/listing-images/967becdf-ed29-44f3-911b-ddba18d43bf6_7549faa4-a79f-49fd-ae2f-d866b7a37b58.jpg/250x188.webp https://prod.pictures.autoscout24.net/listing-images/967becdf-ed29-44f3-911b-ddba18d43bf6_77e8328a-96e7-4844-8d9e-570be7889ecc.jpg/250x188.webp https://prod.pictures.autoscout24.net/listing-images/967becdf-ed29-44f3-911b-ddba18d43bf6_05a7d29d-3f4b-4a19-86a9-b73c97757885.jpg/250x188.webp https://prod.pictures.autoscout24.net/listing-images/967becdf-ed29-44f3-911b-ddba18d43bf6_9f7ef262-3c8e-4a82-a9d5-35de67a2eb74.jpg/250x188.webp https://prod.pictures.autoscout24.net/listing-images/967becdf-ed29-44f3-911b-ddba18d43bf6_23eb9de6-233b-4cd0-96b7-bd04c5510b89.jpg/250x188.webp https://prod.pictures.autoscout24.net/listing-images/967becdf-ed29-44f3-911b-ddba18d43bf6_b259774b-bb32-4a43-a31b-dd73aa16fe71.jpg/250x188.webp https://prod.pictures.autoscout24.net/listing-images/967becdf-ed29-44f3-911b-ddba18d43bf6_018858ea-6838-48cf-a3e1-2737c44c3d0c.jpg/250x188.webp https://prod.pictures.autoscout24.net/listing-images/967becdf-ed29-44f3-911b-ddba18d43bf6_532bf700-6f27-4cf0-b0ae-56536c189e15.jpg/250x188.webp https://prod.pictures.autoscout24.net/listing-images/967becdf-ed29-44f3-911b-ddba18d43bf6_939781ae-e8a2-458b-9ded-6ad94ce79e3b.jpg/250x188.webp https://prod.pictures.autoscout24.net/listing-images/967becdf-ed29-44f3-911b-ddba18d43bf6_0eff959b-6693-41d3-ab92-a2c4de5433ac.jpg/250x188.webp https://prod.pictures.autoscout24.net/listing-images/967becdf-ed29-44f3-911b-ddba18d43bf6_c656d7e8-dc27-4337-80aa-0e942930a2c7.jpg/250x188.webp https://prod.pictures.autoscout24.net/listing-images/967becdf-ed29-44f3-911b-ddba18d43bf6_bfc39f54-852b-48a7-8d9e-3fb99e307298.jpg/250x188.webp,123.02728434511636,571
59dcd3f9-905c-4a8a-a8e6-d12382779009,Mazda,CX-30,CX-30 2.5i SKYACTIV-G MHE Homura / CARPL. / ASSIST,Dealer,28400,2,22000,12-2024,9050,https://prod.pictures.autoscout24.net/listing-images/59dcd3f9-905c-4a8a-a8e6-d12382779009_f9aee06d-bbd2-455c-9ba1-3e63cb0dd4f2.jpg/250x188.webp https://prod.pictures.autoscout24.net/listing-images/59dcd3f9-905c-4a8a-a8e6-d12382779009_08289275-cba5-4c28-bba2-dc8d670b3630.jpg/250x188.webp https://prod.pictures.autoscout24.net/listing-images/59dcd3f9-905c-4a8a-a8e6-d12382779009_710aba28-ab83-4e1e-833b-0ed083291d53.jpg/250x188.webp https://prod.pictures.autoscout24.net/listing-images/59dcd3f9-905c-4a8a-a8e6-d12382779009_bbf0f607-f726-42b0-b3b5-b44839ddec25.jpg/250x188.webp https://prod.pictures.autoscout24.net/listing-images/59dcd3f9-905c-4a8a-a8e6-d12382779009_c10c3ee7-9475-4b59-af06-6dec54c66825.jpg/250x188.webp https://prod.pictures.autoscout24.net/listing-images/59dcd3f9-905c-4a8a-a8e6-d12382779009_aba004eb-b544-420f-be87-b59414438077.jpg/250x188.webp https://prod.pictures.autoscout24.net/listing-images/59dcd3f9-905c-4a8a-a8e6-d12382779009_670c3150-27ef-4c0b-adbc-ac20dfa1e58f.jpg/250x188.webp https://prod.pictures.autoscout24.net/listing-images/59dcd3f9-905c-4a8a-a8e6-d12382779009_3db94df3-94c2-4031-ba30-3995748b09e8.jpg/250x188.webp https://prod.pictures.autoscout24.net/listing-images/59dcd3f9-905c-4a8a-a8e6-d12382779009_60ced217-abb6-4496-8108-7ea97e0c6975.jpg/250x188.webp https://prod.pictures.autoscout24.net/listing-images/59dcd3f9-905c-4a8a-a8e6-d12382779009_aa23d578-2206-4231-9033-04b5e9b1c741.jpg/250x188.webp https://prod.pictures.autoscout24.net/listing-images/59dcd3f9-905c-4a8a-a8e6-d12382779009_2e4cd24a-776f-42f6-b431-7436e9bf4c16.jpg/250x188.webp https://prod.pictures.autoscout24.net/listing-images/59dcd3f9-905c-4a8a-a8e6-d12382779009_afda5b7c-d482-40fd-a84a-66973f7cb612.jpg/250x188.webp https://prod.pictures.autoscout24.net/listing-images/59dcd3f9-905c-4a8a-a8e6-d12382779009_8c5d551f-c88b-4ddf-8735-42bf97534801.jpg/250x188.webp https://prod.pictures.autoscout24.net/listing-images/59dcd3f9-905c-4a8a-a8e6-d12382779009_d01afc30-e15b-4fe8-ac98-3f13907382b2.jpg/250x188.webp https://prod.pictures.autoscout24.net/listing-images/59dcd3f9-905c-4a8a-a8e6-d12382779009_769e65cb-640b-43cf-b187-0f9833e14b38.jpg/250x188.webp https://prod.pictures.autoscout24.net/listing-images/59dcd3f9-905c-4a8a-a8e6-d12382779009_ab956131-0383-40b9-b823-6adc818e2c45.jpg/250x188.webp https://prod.pictures.autoscout24.net/listing-images/59dcd3f9-905c-4a8a-a8e6-d12382779009_eb30090e-42d2-4ec1-b212-906df7791024.jpg/250x188.webp https://prod.pictures.autoscout24.net/listing-images/59dcd3f9-905c-4a8a-a8e6-d12382779009_93da7560-ca6d-4d6f-b5b8-d8bb83e30821.jpg/250x188.webp https://prod.pictures.autoscout24.net/listing-images/59dcd3f9-905c-4a8a-a8e6-d12382779009_2475faf8-44ec-46b1-b76b-5db9ee59c6fc.jpg/250x188.webp https://prod.pictures.autoscout24.net/listing-images/59dcd3f9-905c-4a8a-a8e6-d12382779009_05035db8-004f-4116-81c4-49944cead827.jpg/250x188.webp https://prod.pictures.autoscout24.net/listing-images/59dcd3f9-905c-4a8a-a8e6-d12382779009_f5cec80c-6432-40a3-a859-6920343dd602.jpg/250x188.webp https://prod.pictures.autoscout24.net/listing-images/59dcd3f9-905c-4a8a-a8e6-d12382779009_a691435b-2599-4bd3-a363-30cd2ef56546.jpg/250x188.webp https://prod.pictures.autoscout24.net/listing-images/59dcd3f9-905c-4a8a-a8e6-d12382779009_9ff4e4ba-1aa4-4bfb-b92b-ec6ce0c05c96.jpg/250x188.webp https://prod.pictures.autoscout24.net/listing-images/59dcd3f9-905c-4a8a-a8e6-d12382779009_4970be53-e6c9-45c3-9fac-cfded6ceb467.jpg/250x188.webp https://prod.pictures.autoscout24.net/listing-images/59dcd3f9-905c-4a8a-a8e6-d12382779009_9d2aa81b-9aa4-4c44-a991-f841fe1ff8a3.jpg/250x188.webp https://prod.pictures.autoscout24.net/listing-images/59dcd3f9-905c-4a8a-a8e6-d12382779009_3b58f326-0fdc-428b-b303-fbbf37e38fad.jpg/250x188.webp https://prod.pictures.autoscout24.net/listing-images/59dcd3f9-905c-4a8a-a8e6-d12382779009_bc398b7c-9dc2-433c-926b-4bbb34249789.jpg/250x188.webp https://prod.pictures.autoscout24.net/listing-images/59dcd3f9-905c-4a8a-a8e6-d12382779009_7ffbf828-fd3e-4c29-a44e-86f9f596cea0.jpg/250x188.webp https://prod.pictures.autoscout24.net/listing-images/59dcd3f9-905c-4a8a-a8e6-d12382779009_2386b3ec-fa4c-4c4c-9c2e-423b685c051e.jpg/250x188.webp https://prod.pictures.autoscout24.net/listing-images/59dcd3f9-905c-4a8a-a8e6-d12382779009_60922713-5fa2-4ed9-bcd9-1dab3f7726e0.jpg/250x188.webp,68.97766278100696,449
b9b490b9-5ba7-4fa6-9a29-8db287f0f09c,Mazda,CX-5,2.0 SKY-G NEWGROUND / Automaat / 59000km / 12m wb,Dealer,28900,b,59000,08-2022,9620,https://prod.pictures.autoscout24.net/listing-images/b9b490b9-5ba7-4fa6-9a29-8db287f0f09c_7e8e2d1d-f300-4cf0-8e6d-b6e94e7f2302.jpg/250x188.webp https://prod.pictures.autoscout24.net/listing-images/b9b490b9-5ba7-4fa6-9a29-8db287f0f09c_ce6035da-2a70-494f-939f-fcf3129889ac.jpg/250x188.webp https://prod.pictures.autoscout24.net/listing-images/b9b490b9-5ba7-4fa6-9a29-8db287f0f09c_59ba20ae-99d7-4d78-b105-4447717a9481.jpg/250x188.webp https://prod.pictures.autoscout24.net/listing-images/b9b490b9-5ba7-4fa6-9a29-8db287f0f09c_071ce656-43d2-4241-99be-ebc4715f5891.jpg/250x188.webp https://prod.pictures.autoscout24.net/listing-images/b9b490b9-5ba7-4fa6-9a29-8db287f0f09c_ff8e303c-64c4-4286-828a-ab3f816724da.jpg/250x188.webp https://prod.pictures.autoscout24.net/listing-images/b9b490b9-5ba7-4fa6-9a29-8db287f0f09c_4b99e50b-f191-4352-afc9-279a378898e1.jpg/250x188.webp https://prod.pictures.autoscout24.net/listing-images/b9b490b9-5ba7-4fa6-9a29-8db287f0f09c_787c71ef-e395-40ab-a238-8b8df136685e.jpg/250x188.webp https://prod.pictures.autoscout24.net/listing-images/b9b490b9-5ba7-4fa6-9a29-8db287f0f09c_81a157e8-a53b-4e84-b411-7eb21fcc0802.jpg/250x188.webp https://prod.pictures.autoscout24.net/listing-images/b9b490b9-5ba7-4fa6-9a29-8db287f0f09c_3343e5be-69be-4f99-acf4-f648a73e9f3c.jpg/250x188.webp https://prod.pictures.autoscout24.net/listing-images/b9b490b9-5ba7-4fa6-9a29-8db287f0f09c_3323ba3c-a8b1-434b-986f-8c19a524564c.jpg/250x188.webp https://prod.pictures.autoscout24.net/listing-images/b9b490b9-5ba7-4fa6-9a29-8db287f0f09c_891df771-5a7d-457c-9383-c4708f691bfe.jpg/250x188.webp https://prod.pictures.autoscout24.net/listing-images/b9b490b9-5ba7-4fa6-9a29-8db287f0f09c_64856ea1-36c4-4a67-a8cc-99db29b1d4d8.jpg/250x188.webp https://prod.pictures.autoscout24.net/listing-images/b9b490b9-5ba7-4fa6-9a29-8db287f0f09c_0fee6206-cca5-4b07-825d-10f4345e4646.jpg/250x188.webp https://prod.pictures.autoscout24.net/listing-images/b9b490b9-5ba7-4fa6-9a29-8db287f0f09c_da13ccf5-bd96-4a02-ab7f-f5548d48fca8.jpg/250x188.webp https://prod.pictures.autoscout24.net/listing-images/b9b490b9-5ba7-4fa6-9a29-8db287f0f09c_f283efa3-6634-4b33-8cf4-9cb1c4f9e5f1.jpg/250x188.webp https://prod.pictures.autoscout24.net/listing-images/b9b490b9-5ba7-4fa6-9a29-8db287f0f09c_2560df6b-686b-413e-97f4-89e9e74cfb5f.jpg/250x188.webp,80.93030107503533,1302
b6cf340b-c506-4ff6-b50c-3b4c5b6c3b63,Mazda,CX-5,//VENDU**SOLD//,Dealer,28950,b,12000,06-2023,4500,https://prod.pictures.autoscout24.net/listing-images/b6cf340b-c506-4ff6-b50c-3b4c5b6c3b63_5d7e2344-1333-45dd-abae-a95b75aac021.jpg/250x188.webp https://prod.pictures.autoscout24.net/listing-images/b6cf340b-c506-4ff6-b50c-3b4c5b6c3b63_f2501fc5-53b3-465c-88cc-e56eaaeca7ba.jpg/250x188.webp https://prod.pictures.autoscout24.net/listing-images/b6cf340b-c506-4ff6-b50c-3b4c5b6c3b63_c7fe573b-ac21-444b-a9c9-2341ead9ff2c.jpg/250x188.webp https://prod.pictures.autoscout24.net/listing-images/b6cf340b-c506-4ff6-b50c-3b4c5b6c3b63_8f7a30c4-3b23-46d3-9b08-6a904d500c0d.jpg/250x188.webp https://prod.pictures.autoscout24.net/listing-images/b6cf340b-c506-4ff6-b50c-3b4c5b6c3b63_2747353b-fdc5-4d62-ba37-509e4df6a32b.jpg/250x188.webp https://prod.pictures.autoscout24.net/listing-images/b6cf340b-c506-4ff6-b50c-3b4c5b6c3b63_c047076a-a02f-40d2-a4b0-c474f676b271.jpg/250x188.webp https://prod.pictures.autoscout24.net/listing-images/b6cf340b-c506-4ff6-b50c-3b4c5b6c3b63_2b2ccbb1-5bc0-437c-9e40-ab08234ad8be.jpg/250x188.webp https://prod.pictures.autoscout24.net/listing-images/b6cf340b-c506-4ff6-b50c-3b4c5b6c3b63_08d6ddfb-0f8b-41df-b723-f3996a3933a5.jpg/250x188.webp https://prod.pictures.autoscout24.net/listing-images/b6cf340b-c506-4ff6-b50c-3b4c5b6c3b63_063ba1ec-bc88-4084-a18e-064079a2c3b2.jpg/250x188.webp https://prod.pictures.autoscout24.net/listing-images/b6cf340b-c506-4ff6-b50c-3b4c5b6c3b63_19178ec6-13dd-4e33-8cb3-5a29e879a200.jpg/250x188.webp https://prod.pictures.autoscout24.net/listing-images/b6cf340b-c506-4ff6-b50c-3b4c5b6c3b63_1618051b-cec5-4361-88ff-834742fccf29.jpg/250x188.webp https://prod.pictures.autoscout24.net/listing-images/b6cf340b-c506-4ff6-b50c-3b4c5b6c3b63_31b4f343-1c7f-4d39-9826-1e3cb15e03de.jpg/250x188.webp https://prod.pictures.autoscout24.net/listing-images/b6cf340b-c506-4ff6-b50c-3b4c5b6c3b63_f129a5ee-f8d7-4fef-b704-7dbf23c3b124.jpg/250x188.webp https://prod.pictures.autoscout24.net/listing-images/b6cf340b-c506-4ff6-b50c-3b4c5b6c3b63_2e7d4e2e-af90-4161-9e4d-d0e984946d09.jpg/250x188.webp https://prod.pictures.autoscout24.net/listing-images/b6cf340b-c506-4ff6-b50c-3b4c5b6c3b63_b1a7e31f-bc62-463d-ad43-fe2de0882ad2.jpg/250x188.webp https://prod.pictures.autoscout24.net/listing-images/b6cf340b-c506-4ff6-b50c-3b4c5b6c3b63_af715273-69f0-4b0d-b5b0-8e178105ab17.jpg/250x188.webp https://prod.pictures.autoscout24.net/listing-images/b6cf340b-c506-4ff6-b50c-3b4c5b6c3b63_73e8fa3b-15b5-489d-9865-cdbdc452c40f.jpg/250x188.webp https://prod.pictures.autoscout24.net/listing-images/b6cf340b-c506-4ff6-b50c-3b4c5b6c3b63_7f71d391-ea77-4896-b050-cd2ad1b77579.jpg/250x188.webp https://prod.pictures.autoscout24.net/listing-images/b6cf340b-c506-4ff6-b50c-3b4c5b6c3b63_d68c0b6e-f9dc-4b5c-ba69-a97a0d7d4696.jpg/250x188.webp https://prod.pictures.autoscout24.net/listing-images/b6cf340b-c506-4ff6-b50c-3b4c5b6c3b63_15f8dd29-8432-46fd-9495-d0eef4121621.jpg/250x188.webp https://prod.pictures.autoscout24.net/listing-images/b6cf340b-c506-4ff6-b50c-3b4c5b6c3b63_3d64151c-a3ab-466a-8a01-aeefdbd7f423.jpg/250x188.webp https://prod.pictures.autoscout24.net/listing-images/b6cf340b-c506-4ff6-b50c-3b4c5b6c3b63_a84f878b-cb0d-40a6-95c5-19a92eceea2c.jpg/250x188.webp https://prod.pictures.autoscout24.net/listing-images/b6cf340b-c506-4ff6-b50c-3b4c5b6c3b63_4cf771a3-428a-4c7a-bd7c-adb87a77ceb9.jpg/250x188.webp https://prod.pictures.autoscout24.net/listing-images/b6cf340b-c506-4ff6-b50c-3b4c5b6c3b63_4317d165-d76f-474d-81b1-938a82f345a7.jpg/250x188.webp https://prod.pictures.autoscout24.net/listing-images/b6cf340b-c506-4ff6-b50c-3b4c5b6c3b63_cc3f843e-a75d-467a-babb-dc915309ff79.jpg/250x188.webp,118.24416539418395,998
e98761db-4b67-4a41-8f2a-cc13469881e4,Mazda,CX-30,CX-30 2.5i SKYACTIV-G MHE Homura*REPRISE POSSIBLE*,Dealer,29599,b,2,new,5590,https://prod.pictures.autoscout24.net/listing-images/e98761db-4b67-4a41-8f2a-cc13469881e4_dd2abfa7-c3e6-47af-b5d7-8fe739b54f92.jpg/250x188.webp https://prod.pictures.autoscout24.net/listing-images/e98761db-4b67-4a41-8f2a-cc13469881e4_a4f945b8-e058-4803-9f58-d7ac92b32948.jpg/250x188.webp https://prod.pictures.autoscout24.net/listing-images/e98761db-4b67-4a41-8f2a-cc13469881e4_fd073211-3dd3-4156-9176-535c2b711ad9.jpg/250x188.webp https://prod.pictures.autoscout24.net/listing-images/e98761db-4b67-4a41-8f2a-cc13469881e4_98bbd1fc-a394-46bc-affb-f8fbdfc2ae43.jpg/250x188.webp https://prod.pictures.autoscout24.net/listing-images/e98761db-4b67-4a41-8f2a-cc13469881e4_c06bea96-5b6c-4e55-ac5c-917c241665e7.jpg/250x188.webp https://prod.pictures.autoscout24.net/listing-images/e98761db-4b67-4a41-8f2a-cc13469881e4_efcc299e-b015-4aa8-95be-390edc7e342d.jpg/250x188.webp https://prod.pictures.autoscout24.net/listing-images/e98761db-4b67-4a41-8f2a-cc13469881e4_8d966cbc-ee3c-4b06-bb4f-ef8c72c8cca4.jpg/250x188.webp https://prod.pictures.autoscout24.net/listing-images/e98761db-4b67-4a41-8f2a-cc13469881e4_85c4a6ef-f015-4693-862f-030cf59541f9.jpg/250x188.webp https://prod.pictures.autoscout24.net/listing-images/e98761db-4b67-4a41-8f2a-cc13469881e4_ea51101f-d991-473b-9806-9bf8913e1e06.jpg/250x188.webp https://prod.pictures.autoscout24.net/listing-images/e98761db-4b67-4a41-8f2a-cc13469881e4_07647d73-42ca-43c1-abe3-51734e24f754.jpg/250x188.webp https://prod.pictures.autoscout24.net/listing-images/e98761db-4b67-4a41-8f2a-cc13469881e4_706597cc-d737-440a-9222-47647a8ffd47.jpg/250x188.webp https://prod.pictures.autoscout24.net/listing-images/e98761db-4b67-4a41-8f2a-cc13469881e4_874beba9-6291-43f7-911a-1ea034d92463.jpg/250x188.webp https://prod.pictures.autoscout24.net/listing-images/e98761db-4b67-4a41-8f2a-cc13469881e4_bbf3fd37-0fc1-4d33-9302-3784411b282a.jpg/250x188.webp https://prod.pictures.autoscout24.net/listing-images/e98761db-4b67-4a41-8f2a-cc13469881e4_568329fa-24e5-42e8-a5d5-4fb2856c2121.jpg/250x188.webp https://prod.pictures.autoscout24.net/listing-images/e98761db-4b67-4a41-8f2a-cc13469881e4_311e2312-7e4d-47f1-816d-66175e2de4a6.jpg/250x188.webp https://prod.pictures.autoscout24.net/listing-images/e98761db-4b67-4a41-8f2a-cc13469881e4_d34c0e42-5a50-4288-a919-37db07b186cc.jpg/250x188.webp https://prod.pictures.autoscout24.net/listing-images/e98761db-4b67-4a41-8f2a-cc13469881e4_99619ef4-a034-43b5-9425-205a22595d00.jpg/250x188.webp https://prod.pictures.autoscout24.net/listing-images/e98761db-4b67-4a41-8f2a-cc13469881e4_517c935e-bb79-4e6c-ab99-75a97385d7ad.jpg/250x188.webp https://prod.pictures.autoscout24.net/listing-images/e98761db-4b67-4a41-8f2a-cc13469881e4_e13da680-cc2a-47fb-9891-15a9eb1e1adb.jpg/250x188.webp https://prod.pictures.autoscout24.net/listing-images/e98761db-4b67-4a41-8f2a-cc13469881e4_b27c6312-b069-441a-8731-12b2809611a3.jpg/250x188.webp https://prod.pictures.autoscout24.net/listing-images/e98761db-4b67-4a41-8f2a-cc13469881e4_e71e3f6c-7a95-4c0b-991c-798c14be84cd.jpg/250x188.webp https://prod.pictures.autoscout24.net/listing-images/e98761db-4b67-4a41-8f2a-cc13469881e4_c667f286-d503-4c18-bf1e-a5f292a608f9.jpg/250x188.webp https://prod.pictures.autoscout24.net/listing-images/e98761db-4b67-4a41-8f2a-cc13469881e4_b7300643-6b6a-4296-af4c-3b338770e0b7.jpg/250x188.webp,140.87507340184226,0
17da0781-ecbc-435e-a20b-f3db86f46afa,Mazda,CX-30,CX-30 2.5i SKYACTIV-G MHE Homura*REPRISE POSSIBLE*,Dealer,29599,b,2,new,5590,https://prod.pictures.autoscout24.net/listing-images/17da0781-ecbc-435e-a20b-f3db86f46afa_f8b53d6f-68a3-4abd-8de6-f252e1f1a08a.jpg/250x188.webp https://prod.pictures.autoscout24.net/listing-images/17da0781-ecbc-435e-a20b-f3db86f46afa_88478a24-5813-4143-a750-ae98334a566e.jpg/250x188.webp https://prod.pictures.autoscout24.net/listing-images/17da0781-ecbc-435e-a20b-f3db86f46afa_a303cd1d-c5bb-456e-915c-635ce519e004.jpg/250x188.webp https://prod.pictures.autoscout24.net/listing-images/17da0781-ecbc-435e-a20b-f3db86f46afa_d015f70b-c66b-40ae-a978-a5554805d394.jpg/250x188.webp https://prod.pictures.autoscout24.net/listing-images/17da0781-ecbc-435e-a20b-f3db86f46afa_89dc94f9-1d8c-46e9-827f-f1ad34c2275f.jpg/250x188.webp https://prod.pictures.autoscout24.net/listing-images/17da0781-ecbc-435e-a20b-f3db86f46afa_0ffcd256-2b18-4333-886e-ed39521a1b49.jpg/250x188.webp https://prod.pictures.autoscout24.net/listing-images/17da0781-ecbc-435e-a20b-f3db86f46afa_ae5d56eb-665d-4810-a0a4-3051c3baa7e5.jpg/250x188.webp https://prod.pictures.autoscout24.net/listing-images/17da0781-ecbc-435e-a20b-f3db86f46afa_feded6fa-cf68-4d81-9719-b3fc3ee03d27.jpg/250x188.webp https://prod.pictures.autoscout24.net/listing-images/17da0781-ecbc-435e-a20b-f3db86f46afa_b7f6bc11-6a3f-4212-8f72-32249878b87d.jpg/250x188.webp https://prod.pictures.autoscout24.net/listing-images/17da0781-ecbc-435e-a20b-f3db86f46afa_48038375-10da-4b23-ae6e-e0bcc93880cd.jpg/250x188.webp https://prod.pictures.autoscout24.net/listing-images/17da0781-ecbc-435e-a20b-f3db86f46afa_425bde18-4d15-419f-b2d8-ef02d8103c35.jpg/250x188.webp https://prod.pictures.autoscout24.net/listing-images/17da0781-ecbc-435e-a20b-f3db86f46afa_a41e5161-423c-41d3-8ff6-e43d10177cad.jpg/250x188.webp https://prod.pictures.autoscout24.net/listing-images/17da0781-ecbc-435e-a20b-f3db86f46afa_e555ce77-22e7-4edc-a367-b71870388825.jpg/250x188.webp https://prod.pictures.autoscout24.net/listing-images/17da0781-ecbc-435e-a20b-f3db86f46afa_3f764777-db4a-405c-97c5-df8bafbba83e.jpg/250x188.webp https://prod.pictures.autoscout24.net/listing-images/17da0781-ecbc-435e-a20b-f3db86f46afa_40e402af-048d-4f81-b17a-2ac14ef54473.jpg/250x188.webp https://prod.pictures.autoscout24.net/listing-images/17da0781-ecbc-435e-a20b-f3db86f46afa_0bac5368-5c7d-425e-88ad-1a7ecd174624.jpg/250x188.webp https://prod.pictures.autoscout24.net/listing-images/17da0781-ecbc-435e-a20b-f3db86f46afa_3e442dda-da40-4384-b215-489db0ddf049.jpg/250x188.webp https://prod.pictures.autoscout24.net/listing-images/17da0781-ecbc-435e-a20b-f3db86f46afa_a8a34575-6dc5-4403-b73d-32b9257423a9.jpg/250x188.webp https://prod.pictures.autoscout24.net/listing-images/17da0781-ecbc-435e-a20b-f3db86f46afa_08977493-01a2-4fca-920f-f7c39531fd89.jpg/250x188.webp https://prod.pictures.autoscout24.net/listing-images/17da0781-ecbc-435e-a20b-f3db86f46afa_0d28e837-0df8-46d2-b454-de54c1800436.jpg/250x188.webp https://prod.pictures.autoscout24.net/listing-images/17da0781-ecbc-435e-a20b-f3db86f46afa_a7d6105a-e28a-45a8-96a4-5c9b5d15ad0c.jpg/250x188.webp https://prod.pictures.autoscout24.net/listing-images/17da0781-ecbc-435e-a20b-f3db86f46afa_7f8bb5d6-03a2-4bcc-9cd9-75de63ef6fb5.jpg/250x188.webp,140.87507340184226,0
6f19625e-773e-4af7-8b48-dce56dc71923,Mazda,CX-30,CX-30 2.5i SKYACTIV-G MHE Centre-Line*REPRISE POSS,Dealer,29899,b,2,new,5590,https://prod.pictures.autoscout24.net/listing-images/6f19625e-773e-4af7-8b48-dce56dc71923_4875241c-8eff-4e81-a312-c339097f8213.jpg/250x188.webp https://prod.pictures.autoscout24.net/listing-images/6f19625e-773e-4af7-8b48-dce56dc71923_129f4877-3994-4be4-9db4-3fabb3322de5.jpg/250x188.webp https://prod.pictures.autoscout24.net/listing-images/6f19625e-773e-4af7-8b48-dce56dc71923_a6157827-36ab-4bb8-9add-a26818c69ab1.jpg/250x188.webp https://prod.pictures.autoscout24.net/listing-images/6f19625e-773e-4af7-8b48-dce56dc71923_2de46038-5021-4439-aa13-244ad484b179.jpg/250x188.webp https://prod.pictures.autoscout24.net/listing-images/6f19625e-773e-4af7-8b48-dce56dc71923_0104905f-3a93-4ad4-a95a-78a7dd250c7e.jpg/250x188.webp https://prod.pictures.autoscout24.net/listing-images/6f19625e-773e-4af7-8b48-dce56dc71923_802b950d-28d4-45f2-bd7a-bfa17795195a.jpg/250x188.webp https://prod.pictures.autoscout24.net/listing-images/6f19625e-773e-4af7-8b48-dce56dc71923_055fbe6a-2e8e-427c-ad08-18a394d85838.jpg/250x188.webp https://prod.pictures.autoscout24.net/listing-images/6f19625e-773e-4af7-8b48-dce56dc71923_c4a10d15-adbb-4e57-9dd2-26e2bb062a00.jpg/250x188.webp https://prod.pictures.autoscout24.net/listing-images/6f19625e-773e-4af7-8b48-dce56dc71923_c2cddce8-3df3-4a8c-b22a-f87ef092a341.jpg/250x188.webp https://prod.pictures.autoscout24.net/listing-images/6f19625e-773e-4af7-8b48-dce56dc71923_c184e4c1-264a-43af-ba82-6200a439ffc2.jpg/250x188.webp https://prod.pictures.autoscout24.net/listing-images/6f19625e-773e-4af7-8b48-dce56dc71923_fdc1a388-5f8f-4e80-90ce-f80876fc42e7.jpg/250x188.webp https://prod.pictures.autoscout24.net/listing-images/6f19625e-773e-4af7-8b48-dce56dc71923_3fec0706-510b-4dd9-bff1-8c62e93be263.jpg/250x188.webp https://prod.pictures.autoscout24.net/listing-images/6f19625e-773e-4af7-8b48-dce56dc71923_dd96ca5c-88e3-4227-9d62-912a8da2f20d.jpg/250x188.webp https://prod.pictures.autoscout24.net/listing-images/6f19625e-773e-4af7-8b48-dce56dc71923_55deca9e-bd79-4013-ac6c-a18cd47f5db7.jpg/250x188.webp https://prod.pictures.autoscout24.net/listing-images/6f19625e-773e-4af7-8b48-dce56dc71923_c5c0e46f-ade2-4a0e-93b1-c31fb697fafe.jpg/250x188.webp https://prod.pictures.autoscout24.net/listing-images/6f19625e-773e-4af7-8b48-dce56dc71923_d89a786c-0052-4701-907a-d79e93e0dc07.jpg/250x188.webp https://prod.pictures.autoscout24.net/listing-images/6f19625e-773e-4af7-8b48-dce56dc71923_f0d947d2-9f32-416c-87e2-387d53f641d3.jpg/250x188.webp https://prod.pictures.autoscout24.net/listing-images/6f19625e-773e-4af7-8b48-dce56dc71923_86f33d7b-2394-48f4-9876-5f4b67408d5d.jpg/250x188.webp https://prod.pictures.autoscout24.net/listing-images/6f19625e-773e-4af7-8b48-dce56dc71923_99d58dc6-cff4-42e4-9f3f-5dbae92ad825.jpg/250x188.webp,140.87507340184226,0
6fbeeeb5-b11a-4a7a-b65c-64f8b92c3f5e,Mazda,CX-5,CX-5 2.0 SKY-G HOMURA Automaat / 63000km,Dealer,29900,b,63000,02-2023,9620,https://prod.pictures.autoscout24.net/listing-images/6fbeeeb5-b11a-4a7a-b65c-64f8b92c3f5e_8bb00e81-a6f1-4eb5-bd93-b78acc37121a.jpg/250x188.webp https://prod.pictures.autoscout24.net/listing-images/6fbeeeb5-b11a-4a7a-b65c-64f8b92c3f5e_b1b5b2e7-59e6-418a-abad-bdc79d506308.jpg/250x188.webp https://prod.pictures.autoscout24.net/listing-images/6fbeeeb5-b11a-4a7a-b65c-64f8b92c3f5e_cdde7034-b8f0-41a6-bf61-a2b82e556d48.jpg/250x188.webp https://prod.pictures.autoscout24.net/listing-images/6fbeeeb5-b11a-4a7a-b65c-64f8b92c3f5e_46eae2b6-aff1-40bc-8b87-98d7c94f3354.jpg/250x188.webp https://prod.pictures.autoscout24.net/listing-images/6fbeeeb5-b11a-4a7a-b65c-64f8b92c3f5e_2b29ae7e-7f68-46a4-a9eb-65add84ab9d5.jpg/250x188.webp https://prod.pictures.autoscout24.net/listing-images/6fbeeeb5-b11a-4a7a-b65c-64f8b92c3f5e_ef3ab5a1-f30d-45d7-8ba3-9faba7d25ab1.jpg/250x188.webp https://prod.pictures.autoscout24.net/listing-images/6fbeeeb5-b11a-4a7a-b65c-64f8b92c3f5e_2b3e18a1-95c4-4735-9948-a32934479cbb.jpg/250x188.webp https://prod.pictures.autoscout24.net/listing-images/6fbeeeb5-b11a-4a7a-b65c-64f8b92c3f5e_fc37d20d-3d11-4b4d-a80d-e3952f4e370c.jpg/250x188.webp https://prod.pictures.autoscout24.net/listing-images/6fbeeeb5-b11a-4a7a-b65c-64f8b92c3f5e_85bc5341-2e19-4aec-be0c-ba3ce76d33c5.jpg/250x188.webp https://prod.pictures.autoscout24.net/listing-images/6fbeeeb5-b11a-4a7a-b65c-64f8b92c3f5e_172de243-d089-43ce-a8d7-e9877304d43f.jpg/250x188.webp https://prod.pictures.autoscout24.net/listing-images/6fbeeeb5-b11a-4a7a-b65c-64f8b92c3f5e_2e1e629a-d7e9-423c-8e7a-60d7e6cafe06.jpg/250x188.webp https://prod.pictures.autoscout24.net/listing-images/6fbeeeb5-b11a-4a7a-b65c-64f8b92c3f5e_37d4fe75-384f-413c-a858-d3b7c708371a.jpg/250x188.webp https://prod.pictures.autoscout24.net/listing-images/6fbeeeb5-b11a-4a7a-b65c-64f8b92c3f5e_6ca4f679-22a6-476d-825b-27e39b8cfae5.jpg/250x188.webp https://prod.pictures.autoscout24.net/listing-images/6fbeeeb5-b11a-4a7a-b65c-64f8b92c3f5e_9cd363be-f1c8-46b4-bfd9-da1bf842bf3c.jpg/250x188.webp https://prod.pictures.autoscout24.net/listing-images/6fbeeeb5-b11a-4a7a-b65c-64f8b92c3f5e_2f0c65bf-611f-4f0e-9b04-5052d5a64d95.jpg/250x188.webp,80.93030107503533,1118
1feaf9ff-d706-4421-9cf9-feaa8087b0cf,Mazda,CX-5,BENZINE EURO 6D / AUTOMAAT / GARANTIE TOT 02-2029,Dealer,29900,b,35800,02-2023,9500,https://prod.pictures.autoscout24.net/listing-images/1feaf9ff-d706-4421-9cf9-feaa8087b0cf_a55afd1f-ea40-4538-aa54-4bcd75334c8b.jpg/250x188.webp https://prod.pictures.autoscout24.net/listing-images/1feaf9ff-d706-4421-9cf9-feaa8087b0cf_0959a8cc-0318-4e6d-87a1-ea75d34fe552.jpg/250x188.webp https://prod.pictures.autoscout24.net/listing-images/1feaf9ff-d706-4421-9cf9-feaa8087b0cf_c4c5e57a-4c88-4d63-a2a3-54b3b94f3b02.jpg/250x188.webp https://prod.pictures.autoscout24.net/listing-images/1feaf9ff-d706-4421-9cf9-feaa8087b0cf_91fd0bee-6782-4761-8ffc-057c710e652f.jpg/250x188.webp https://prod.pictures.autoscout24.net/listing-images/1feaf9ff-d706-4421-9cf9-feaa8087b0cf_b576d967-26b4-46f8-9b04-caaee3073a4f.jpg/250x188.webp https://prod.pictures.autoscout24.net/listing-images/1feaf9ff-d706-4421-9cf9-feaa8087b0cf_eb847dca-19b4-4d6b-8f83-55da1ec9bd93.jpg/250x188.webp https://prod.pictures.autoscout24.net/listing-images/1feaf9ff-d706-4421-9cf9-feaa8087b0cf_e9f628e7-8924-438a-9f75-70f51e86146d.jpg/250x188.webp https://prod.pictures.autoscout24.net/listing-images/1feaf9ff-d706-4421-9cf9-feaa8087b0cf_14d87ed3-116c-40d8-ae06-07d499639234.jpg/250x188.webp https://prod.pictures.autoscout24.net/listing-images/1feaf9ff-d706-4421-9cf9-feaa8087b0cf_5fccbac3-33c8-4c45-99d4-bde29c5277fb.jpg/250x188.webp https://prod.pictures.autoscout24.net/listing-images/1feaf9ff-d706-4421-9cf9-feaa8087b0cf_338107f0-1a3c-44c9-b588-611708c55dd2.jpg/250x188.webp https://prod.pictures.autoscout24.net/listing-images/1feaf9ff-d706-4421-9cf9-feaa8087b0cf_df098908-f0d0-4001-8e08-9c4c1ad4832d.jpg/250x188.webp,87.71438691991675,1118
2e021c08-e612-4921-81e0-8be39bd8f014,Mazda,CX-5,2.0L SKYACTIV-G 163 hp - 6AT - Jet pack,PrivateSeller,29900,b,76000,11-2023,5000,https://prod.pictures.autoscout24.net/listing-images/2e021c08-e612-4921-81e0-8be39bd8f014_3d72e5ac-98b0-4f1d-982b-7885e22dfc77.jpg/250x188.webp https://prod.pictures.autoscout24.net/listing-images/2e021c08-e612-4921-81e0-8be39bd8f014_6cfc5196-d6f2-479c-80c3-b4f6fa100299.jpg/250x188.webp https://prod.pictures.autoscout24.net/listing-images/2e021c08-e612-4921-81e0-8be39bd8f014_a8c2455f-9dc4-4d99-a1ae-d1379c644df4.jpg/250x188.webp https://prod.pictures.autoscout24.net/listing-images/2e021c08-e612-4921-81e0-8be39bd8f014_2eb28ec8-1f84-4618-bd85-2a164988e137.jpg/250x188.webp https://prod.pictures.autoscout24.net/listing-images/2e021c08-e612-4921-81e0-8be39bd8f014_f532193f-2cd4-4f53-926c-88a0f9c4effe.jpg/250x188.webp https://prod.pictures.autoscout24.net/listing-images/2e021c08-e612-4921-81e0-8be39bd8f014_da33c4b7-3f29-4cb8-841d-7157b3023901.jpg/250x188.webp https://prod.pictures.autoscout24.net/listing-images/2e021c08-e612-4921-81e0-8be39bd8f014_df2a0183-e3cb-4d82-b208-40b58817c0fa.jpg/250x188.webp https://prod.pictures.autoscout24.net/listing-images/2e021c08-e612-4921-81e0-8be39bd8f014_9ea155f1-afe4-4b46-9f48-4a4786fa79f4.jpg/250x188.webp https://prod.pictures.autoscout24.net/listing-images/2e021c08-e612-4921-81e0-8be39bd8f014_5dfa71ec-3b2c-428c-b512-27af746c871f.jpg/250x188.webp https://prod.pictures.autoscout24.net/listing-images/2e021c08-e612-4921-81e0-8be39bd8f014_7dd783e2-7f6a-49ea-abbf-28992363dbd9.jpg/250x188.webp https://prod.pictures.autoscout24.net/listing-images/2e021c08-e612-4921-81e0-8be39bd8f014_d048167e-cd34-477f-b70a-0ddf295da571.jpg/250x188.webp https://prod.pictures.autoscout24.net/listing-images/2e021c08-e612-4921-81e0-8be39bd8f014_a9583ed4-8ea2-4c42-ad5e-b75962404402.jpg/250x188.webp https://prod.pictures.autoscout24.net/listing-images/2e021c08-e612-4921-81e0-8be39bd8f014_abdf1289-286e-48cc-8ce9-9d0550dfbf1d.jpg/250x188.webp https://prod.pictures.autoscout24.net/listing-images/2e021c08-e612-4921-81e0-8be39bd8f014_d1903550-b87f-4462-9178-5c846aa747aa.jpg/250x188.webp https://prod.pictures.autoscout24.net/listing-images/2e021c08-e612-4921-81e0-8be39bd8f014_d30425c8-b50a-4792-be79-fbcb70c9d439.jpg/250x188.webp https://prod.pictures.autoscout24.net/listing-images/2e021c08-e612-4921-81e0-8be39bd8f014_ecda32c8-d5cf-49a5-9c1b-2ba453a358fc.jpg/250x188.webp https://prod.pictures.autoscout24.net/listing-images/2e021c08-e612-4921-81e0-8be39bd8f014_00bd3306-c747-47f1-8a1a-046494540071.jpg/250x188.webp https://prod.pictures.autoscout24.net/listing-images/2e021c08-e612-4921-81e0-8be39bd8f014_64410f69-d700-4310-9583-d6087ed02947.jpg/250x188.webp https://prod.pictures.autoscout24.net/listing-images/2e021c08-e612-4921-81e0-8be39bd8f014_54216b4d-7407-4b89-b6a3-e1495b57319a.jpg/250x188.webp https://prod.pictures.autoscout24.net/listing-images/2e021c08-e612-4921-81e0-8be39bd8f014_4c6f1b91-2bfa-48c0-9dd1-d57cb5da0d9f.jpg/250x188.webp,115.04522151914288,845
722a4582-5691-465c-a165-7b7ef95fe178,Mazda,3,Nagisa - Automaat - MY2025,Dealer,29950,2,5,new,2960,https://prod.pictures.autoscout24.net/listing-images/722a4582-5691-465c-a165-7b7ef95fe178_74a16b51-7633-484a-bfd0-6ce43d7607ef.jpg/250x188.webp https://prod.pictures.autoscout24.net/listing-images/722a4582-5691-465c-a165-7b7ef95fe178_005b8063-b112-4975-b3e4-fec535cb001f.jpg/250x188.webp https://prod.pictures.autoscout24.net/listing-images/722a4582-5691-465c-a165-7b7ef95fe178_e1dfff7c-2a36-4037-b1b0-ab58d656c3ad.jpg/250x188.webp https://prod.pictures.autoscout24.net/listing-images/722a4582-5691-465c-a165-7b7ef95fe178_7ecf92a0-f212-4e71-a7e0-a866904c7e62.jpg/250x188.webp https://prod.pictures.autoscout24.net/listing-images/722a4582-5691-465c-a165-7b7ef95fe178_ad39d255-4720-451e-84eb-35b30834c4bd.jpg/250x188.webp https://prod.pictures.autoscout24.net/listing-images/722a4582-5691-465c-a165-7b7ef95fe178_d607e8e4-2f3a-449b-a36e-8bbc2522770b.jpg/250x188.webp https://prod.pictures.autoscout24.net/listing-images/722a4582-5691-465c-a165-7b7ef95fe178_a11d21ef-6ee9-4071-b33b-c04d7e005d10.jpg/250x188.webp https://prod.pictures.autoscout24.net/listing-images/722a4582-5691-465c-a165-7b7ef95fe178_ca997481-ea1b-49ed-8c94-906638eb0047.jpg/250x188.webp https://prod.pictures.autoscout24.net/listing-images/722a4582-5691-465c-a165-7b7ef95fe178_741fcccf-3a9f-4421-9037-c124fbc78ad8.jpg/250x188.webp https://prod.pictures.autoscout24.net/listing-images/722a4582-5691-465c-a165-7b7ef95fe178_a5a4e637-5579-4b21-b25a-ca6eaaf23576.jpg/250x188.webp https://prod.pictures.autoscout24.net/listing-images/722a4582-5691-465c-a165-7b7ef95fe178_0231acbd-bd99-4f8e-b406-8a3d2c944eee.jpg/250x188.webp https://prod.pictures.autoscout24.net/listing-images/722a4582-5691-465c-a165-7b7ef95fe178_07a85e89-e5df-4cb6-a625-04a61ffa9c9c.jpg/250x188.webp https://prod.pictures.autoscout24.net/listing-images/722a4582-5691-465c-a165-7b7ef95fe178_5f7a6ec7-15d8-4e4a-b726-5e3a199f3f1c.jpg/250x188.webp https://prod.pictures.autoscout24.net/listing-images/722a4582-5691-465c-a165-7b7ef95fe178_a4ca6e8b-dbcd-4a26-bb86-f7371460e9c1.jpg/250x188.webp https://prod.pictures.autoscout24.net/listing-images/722a4582-5691-465c-a165-7b7ef95fe178_19fe9d58-e632-4aeb-baf2-574f463270bf.jpg/250x188.webp https://prod.pictures.autoscout24.net/listing-images/722a4582-5691-465c-a165-7b7ef95fe178_4e124ed1-37c4-4db6-a551-40d7437debf4.jpg/250x188.webp https://prod.pictures.autoscout24.net/listing-images/722a4582-5691-465c-a165-7b7ef95fe178_84e2f6b2-8b89-460a-8e9d-755aa8ec322e.jpg/250x188.webp https://prod.pictures.autoscout24.net/listing-images/722a4582-5691-465c-a165-7b7ef95fe178_44d09659-d472-485e-b7a8-3cc7cf67abcb.jpg/250x188.webp https://prod.pictures.autoscout24.net/listing-images/722a4582-5691-465c-a165-7b7ef95fe178_747e1ab4-f12b-4790-b408-1bd2aec2cfd8.jpg/250x188.webp https://prod.pictures.autoscout24.net/listing-images/722a4582-5691-465c-a165-7b7ef95fe178_725f175f-623c-434e-a587-2a168b1f165e.jpg/250x188.webp https://prod.pictures.autoscout24.net/listing-images/722a4582-5691-465c-a165-7b7ef95fe178_fa10b595-8cbb-4501-b6e2-420fdc186e5c.jpg/250x188.webp https://prod.pictures.autoscout24.net/listing-images/722a4582-5691-465c-a165-7b7ef95fe178_9a327930-8cc5-49c1-b385-d3dbafa5f3d0.jpg/250x188.webp https://prod.pictures.autoscout24.net/listing-images/722a4582-5691-465c-a165-7b7ef95fe178_f8276d77-e2d2-4ebf-b523-0fa7140c9bd4.jpg/250x188.webp https://prod.pictures.autoscout24.net/listing-images/722a4582-5691-465c-a165-7b7ef95fe178_dd12777d-bbcf-4806-bae5-80138f9d174e.jpg/250x188.webp https://prod.pictures.autoscout24.net/listing-images/722a4582-5691-465c-a165-7b7ef95fe178_c59cb6d9-5a8b-4de0-b5ed-c54bb7c2a392.jpg/250x188.webp,18.74928543559842,0
a54a7423-147d-4922-9b2f-c63b19cd96d1,Mazda,CX-30,2.0L e-Skyactiv X 186 hp 6AT Nagisa,Dealer,29990,b,14437,12-2024,3545,https://prod.pictures.autoscout24.net/listing-images/a54a7423-147d-4922-9b2f-c63b19cd96d1_69c8fca1-4d8d-46ad-9403-0734c0a10f15.jpg/250x188.webp https://prod.pictures.autoscout24.net/listing-images/a54a7423-147d-4922-9b2f-c63b19cd96d1_02cc9a26-c4c8-41dc-a663-b2de8e8e23d4.jpg/250x188.webp https://prod.pictures.autoscout24.net/listing-images/a54a7423-147d-4922-9b2f-c63b19cd96d1_fad0341e-f655-4ece-81a0-ff6454792b83.jpg/250x188.webp https://prod.pictures.autoscout24.net/listing-images/a54a7423-147d-4922-9b2f-c63b19cd96d1_7fc04fcc-305c-480b-860c-019bc63914bb.jpg/250x188.webp https://prod.pictures.autoscout24.net/listing-images/a54a7423-147d-4922-9b2f-c63b19cd96d1_35d9a99a-0d8d-4d54-8cab-6d13c1539468.jpg/250x188.webp https://prod.pictures.autoscout24.net/listing-images/a54a7423-147d-4922-9b2f-c63b19cd96d1_c5c565bf-a399-4cea-b14e-9e9ff46bef78.jpg/250x188.webp https://prod.pictures.autoscout24.net/listing-images/a54a7423-147d-4922-9b2f-c63b19cd96d1_cb10511e-03b7-4b84-b7cf-fbab05218964.jpg/250x188.webp https://prod.pictures.autoscout24.net/listing-images/a54a7423-147d-4922-9b2f-c63b19cd96d1_42fd97f3-9dde-41ad-9327-7ec77ffbd3aa.jpg/250x188.webp https://prod.pictures.autoscout24.net/listing-images/a54a7423-147d-4922-9b2f-c63b19cd96d1_26378869-9548-48c7-9de2-22d8618d2b2f.jpg/250x188.webp https://prod.pictures.autoscout24.net/listing-images/a54a7423-147d-4922-9b2f-c63b19cd96d1_44b9b88d-8aa0-42e8-a11c-e05f6f38b6db.jpg/250x188.webp https://prod.pictures.autoscout24.net/listing-images/a54a7423-147d-4922-9b2f-c63b19cd96d1_4667f6c9-b23d-46f7-8a21-5bfb7a86a75c.jpg/250x188.webp https://prod.pictures.autoscout24.net/listing-images/a54a7423-147d-4922-9b2f-c63b19cd96d1_eab5153d-b2b5-4877-9f5e-9c2e42931093.jpg/250x188.webp https://prod.pictures.autoscout24.net/listing-images/a54a7423-147d-4922-9b2f-c63b19cd96d1_c838a9de-d9c1-44f2-8082-3193b1cb2693.jpg/250x188.webp https://prod.pictures.autoscout24.net/listing-images/a54a7423-147d-4922-9b2f-c63b19cd96d1_5100f07d-efaa-4c64-a15f-7c786e43afff.jpg/250x188.webp https://prod.pictures.autoscout24.net/listing-images/a54a7423-147d-4922-9b2f-c63b19cd96d1_a6d3bc36-4ce6-4715-9c8b-b5d68cb1d3ef.jpg/250x188.webp https://prod.pictures.autoscout24.net/listing-images/a54a7423-147d-4922-9b2f-c63b19cd96d1_a1018f91-f9af-4a7c-80e5-5bcc04c0834f.jpg/250x188.webp https://prod.pictures.autoscout24.net/listing-images/a54a7423-147d-4922-9b2f-c63b19cd96d1_60bf8b51-dc7b-44b4-b1ce-e71bfb869882.jpg/250x188.webp https://prod.pictures.autoscout24.net/listing-images/a54a7423-147d-4922-9b2f-c63b19cd96d1_8ea01fe6-38cb-49df-9f9b-06bba97d15b8.jpg/250x188.webp https://prod.pictures.autoscout24.net/listing-images/a54a7423-147d-4922-9b2f-c63b19cd96d1_b26ce1a2-92f1-4306-ad2d-927cd8d05cbd.jpg/250x188.webp https://prod.pictures.autoscout24.net/listing-images/a54a7423-147d-4922-9b2f-c63b19cd96d1_6afeda71-641b-4d37-883d-95377956e778.jpg/250x188.webp https://prod.pictures.autoscout24.net/listing-images/a54a7423-147d-4922-9b2f-c63b19cd96d1_5d719001-9da3-47c5-aa51-f54b3d3fd5ad.jpg/250x188.webp https://prod.pictures.autoscout24.net/listing-images/a54a7423-147d-4922-9b2f-c63b19cd96d1_9a8ca5bd-260a-4a2c-9969-12a14d53c34e.jpg/250x188.webp https://prod.pictures.autoscout24.net/listing-images/a54a7423-147d-4922-9b2f-c63b19cd96d1_262ac608-286f-47b9-a8dd-000ac96a601b.jpg/250x188.webp https://prod.pictures.autoscout24.net/listing-images/a54a7423-147d-4922-9b2f-c63b19cd96d1_445ce285-99b3-4f36-b37b-a312f85c522f.jpg/250x188.webp,71.98035683587393,449
