guid,make,model,vehicle-type,seller-type,price,fuel-type,mileage,year,img-url,zip-code,distance,reg-age,listing-age
e901f2ea-b434-4864-944e-b216c02584a3,Mercedes-Benz,E 220,Berline,PrivateSeller,600,d,400000,06-1996,https://prod.pictures.autoscout24.net/listing-images/e901f2ea-b434-4864-944e-b216c02584a3_30160b4d-7f7b-4151-bb08-ef49013e18ce.jpg/250x188.webp,1070,71.06367211068877,9692,163
24d5c650-71c8-4b70-a40f-720f62668986,Mercedes-Benz,A 140,Monovolume,Dealer,799,b,207000,10-1999,https://prod.pictures.autoscout24.net/listing-images/24d5c650-71c8-4b70-a40f-720f62668986_b5a7ad55-6cfc-42cc-be0a-2b662270ee53.jpg/250x188.webp,3630,102.97605198560623,8475,53
40ef3428-175a-4846-95d4-2d2b6627309a,Mercedes-Benz,E 220,Andere,Dealer,800,d,257000,06-1997,https://prod.pictures.autoscout24.net/listing-images/40ef3428-175a-4846-95d4-2d2b6627309a_1aeb55d1-3c6c-4208-8fc0-fbc73a412947.jpg/250x188.webp,9990,76.7983356711753,9327,44
ce7b0ca7-9552-47af-8fef-7b278246c6f8,Mercedes-Benz,CLK 230,Cabriolet,PrivateSeller,900,b,340000,01-2000,https://prod.pictures.autoscout24.net/listing-images/ce7b0ca7-9552-47af-8fef-7b278246c6f8_d53b0c4c-3b37-4f20-968a-2cb45115ff99.jpg/250x188.webp,2880,47.93429287155117,8383,64
5e7c4e5b-ba79-4dfd-b0d5-f13e3b320fbb,Mercedes-Benz,A 170,Monovolume,Dealer,900,d,160000,10-2003,https://prod.pictures.autoscout24.net/listing-images/5e7c4e5b-ba79-4dfd-b0d5-f13e3b320fbb_36f5149a-1f7d-477f-9e7f-065387a81276.jpg/250x188.webp,3600,91.05707630102727,7014,75
f828b44a-72ad-4ada-8cd8-cd8c8cefa8f3,Mercedes-Benz,CLK 200,Coupé,PrivateSeller,950,b,320000,08-1997,https://prod.pictures.autoscout24.net/listing-images/f828b44a-72ad-4ada-8cd8-cd8c8cefa8f3_fb9eb8ee-d99e-4378-8fa7-d397945bc7c0.jpg/250x188.webp,2811,50.167122221070485,9266,7
931aee0a-0f1e-4fd3-80ab-04cd901378e9,Mercedes-Benz,A 140,Monovolume,Dealer,990,b,170000,10-2004,https://prod.pictures.autoscout24.net/listing-images/931aee0a-0f1e-4fd3-80ab-04cd901378e9_fea2665d-3cf7-417c-bfc3-a7c2ed306f31.jpg/250x188.webp,1600,78.61296004280759,6648,67
badb11d8-a908-4cc7-be0b-ff51183122b2,Mercedes-Benz,C 200,Coupé,PrivateSeller,1000,d,75800,12-2006,https://prod.pictures.autoscout24.net/listing-images/badb11d8-a908-4cc7-be0b-ff51183122b2_ea787846-4996-4e82-b7e4-715104324db8.jpg/250x188.webp,6031,117.04479587125066,5857,88
414176da-ac4c-4dda-99bf-e4a1c6258f21,Mercedes-Benz,Vito,Bestelwagen,Dealer,1100,d,185000,07-1997,https://prod.pictures.autoscout24.net/listing-images/414176da-ac4c-4dda-99bf-e4a1c6258f21_e3187442-d25b-4214-86f2-50dacaaab5a4.jpg/250x188.webp,9850,79.95826720403902,9297,3
84e39942-f7f5-459f-840b-9812c9b89510,Mercedes-Benz,A 180,Monovolume,PrivateSeller,1100,d,326857,06-2006,https://prod.pictures.autoscout24.net/listing-images/84e39942-f7f5-459f-840b-9812c9b89510_e212e337-7bf4-4c91-97d8-333932dcba4b.jpg/250x188.webp,1190,73.06612059240499,6040,112
6d2d0645-5408-412e-9a43-d6115f7283ee,Mercedes-Benz,E 220,Berline,PrivateSeller,1250,d,238200,07-1998,https://prod.pictures.autoscout24.net/listing-images/6d2d0645-5408-412e-9a43-d6115f7283ee_da4d7256-e939-4f88-8c5c-da52e704e163.jpg/250x188.webp,3020,64.4845066062384,8932,13
a6937e36-fadd-42b4-9a48-b7e97398ab66,Mercedes-Benz,C 220,Berline,PrivateSeller,1300,d,402000,09-2001,https://prod.pictures.autoscout24.net/listing-images/a6937e36-fadd-42b4-9a48-b7e97398ab66_1ff6e73d-a710-4674-8b69-5d77aeb2effd.jpg/250x188.webp,9000,69.99787275902874,7774,24
e359ae9e-45e7-4a2f-a1cd-b7b758492381,Mercedes-Benz,C 180,Berline,Dealer,1350,b,322000,04-2001,https://prod.pictures.autoscout24.net/listing-images/e359ae9e-45e7-4a2f-a1cd-b7b758492381_fcacfd57-c7f3-40e8-99db-1acec8afadca.jpg/250x188.webp,1080,69.57979227671277,7927,25
4075b06c-69d2-45d5-9509-c7e3a532d608,Mercedes-Benz,Vaneo,Monovolume,Dealer,1450,d,212000,04-2005,https://prod.pictures.autoscout24.net/listing-images/4075b06c-69d2-45d5-9509-c7e3a532d608_cbba03df-642d-428c-b811-372adf2e44f9.jpg/250x188.webp,1400,97.35176357549375,6466,1
37defe17-fc22-43f5-9d4c-a1c8f94273c2,Mercedes-Benz,Vaneo,Monovolume,PrivateSeller,1499,d,267000,10-2004,https://prod.pictures.autoscout24.net/listing-images/37defe17-fc22-43f5-9d4c-a1c8f94273c2_42010302-8ba2-4dd2-b49d-1462a6defad8.jpg/250x188.webp,1070,71.06367211068877,6648,103
bcb0a323-c125-4749-a781-c65f90e6293d,Mercedes-Benz,A 160,Berline,Dealer,1500,d,230000,12-2007,https://prod.pictures.autoscout24.net/listing-images/bcb0a323-c125-4749-a781-c65f90e6293d_d5c1e140-04ba-429f-a2a4-7ef5cfd7e478.jpg/250x188.webp,9080,57.874883481945474,5492,4
331c1dd8-c087-4c6f-b6ea-86c5424b4978,Mercedes-Benz,SLK 200,Cabriolet,PrivateSeller,1500,b,600000,04-2000,https://prod.pictures.autoscout24.net/listing-images/331c1dd8-c087-4c6f-b6ea-86c5424b4978_1a5e5cb8-cc71-4d80-901b-217e7ebe3bbc.jpg/250x188.webp,6000,117.49014599385939,8292,23
1cb041f1-e68c-4896-a999-588378358497,Mercedes-Benz,A 180,Berline,Dealer,1500,b,220000,07-2005,https://prod.pictures.autoscout24.net/listing-images/1cb041f1-e68c-4896-a999-588378358497_a5f5b212-88a0-4f97-9d39-962c88a742d8.jpg/250x188.webp,1700,70.90697373704198,6375,28
c7602aa7-dac0-4c26-bfa8-381beb5eadfc,Mercedes-Benz,A 180,Berline,PrivateSeller,1500,d,140000,11-2007,https://prod.pictures.autoscout24.net/listing-images/c7602aa7-dac0-4c26-bfa8-381beb5eadfc_e03338be-bf70-4756-a2fb-c6e88ba9305b.jpg/250x188.webp,3500,86.84432103923942,5522,37
5571c200-a9d4-4a1c-bb2f-4658b82e19d5,Mercedes-Benz,C 180,Berline,Dealer,1500,b,212000,04-2001,https://prod.pictures.autoscout24.net/listing-images/5571c200-a9d4-4a1c-bb2f-4658b82e19d5_3fbc0274-e8e5-44b8-a7e5-7d93ba83284a.jpg/250x188.webp,1080,69.57979227671277,7927,38
dafcff73-4f91-4ea3-97e7-6c5e299890c0,Mercedes-Benz,C 200,Andere,PrivateSeller,1500,d,226000,03-2003,https://prod.pictures.autoscout24.net/listing-images/dafcff73-4f91-4ea3-97e7-6c5e299890c0_2f5f539b-c49d-43a2-9ee3-1bc2c83c7c86.jpg/250x188.webp,4040,120.39133917274062,7228,41
b00cc038-f913-47fb-a717-9cfd014a2b3b,Mercedes-Benz,C 200,Berline,PrivateSeller,1500,d,194000,06-2002,https://prod.pictures.autoscout24.net/listing-images/b00cc038-f913-47fb-a717-9cfd014a2b3b_57075f7b-fdd2-4d31-b8e6-76c901330f9f.jpg/250x188.webp,5032,104.3607303656295,7501,98
aa57091d-a63b-4c6a-95f5-2b80bf92c75c,Mercedes-Benz,280,Berline,Dealer,1500,b,176457,10-1980,https://prod.pictures.autoscout24.net/listing-images/aa57091d-a63b-4c6a-95f5-2b80bf92c75c_f0de88ea-700e-499f-be01-7468d11103a6.jpg/250x188.webp,4053,125.90162963135718,15414,196
5e34bd83-6573-4b68-b688-e9661b517e82,Mercedes-Benz,CLK 200,Coupé,Dealer,1600,b,147000,04-1999,https://prod.pictures.autoscout24.net/listing-images/5e34bd83-6573-4b68-b688-e9661b517e82_8e50c217-ad3e-4bbf-88a4-0ae3cde14bd2.jpg/250x188.webp,1930,65.18883147641638,8658,2
1406482d-5627-41cb-8c63-a23c6650dc4a,Mercedes-Benz,200,Coupé,PrivateSeller,1600,b,207000,02-2000,https://prod.pictures.autoscout24.net/listing-images/1406482d-5627-41cb-8c63-a23c6650dc4a_fbe3fa0f-d409-4c1c-81e4-30b638773ee8.jpg/250x188.webp,9000,69.99787275902874,8352,34
d6d23225-262e-40a6-ab3e-ea3c531475a1,Mercedes-Benz,C 220,Coupé,PrivateSeller,1600,d,250000,06-2003,https://prod.pictures.autoscout24.net/listing-images/d6d23225-262e-40a6-ab3e-ea3c531475a1_2f43ffc7-c6bf-4892-a87b-3629c21a2d2b.jpg/250x188.webp,7300,124.27618354461573,7136,49
57acdebf-c908-4dc8-9b11-485967f4aeca,Mercedes-Benz,C 240,Berline,Dealer,1650,b,268000,06-2000,https://prod.pictures.autoscout24.net/listing-images/57acdebf-c908-4dc8-9b11-485967f4aeca_8c04a830-84a5-43dd-9f6a-a4c56c63a80c.jpg/250x188.webp,1080,69.57979227671277,8231,37
57487ea7-529a-4361-a5ba-62838c16e2b7,Mercedes-Benz,250,Berline,Dealer,1650,d,464710,12-1994,https://prod.pictures.autoscout24.net/listing-images/57487ea7-529a-4361-a5ba-62838c16e2b7_ae4aaa06-f701-42a7-8632-1b30e692e0f4.jpg/250x188.webp,1400,97.35176357549375,10240,58
89ab212a-41c5-4bfc-8c80-3448667dd2f9,Mercedes-Benz,C 200,Berline,Dealer,1700,d,251400,06-2002,https://prod.pictures.autoscout24.net/listing-images/89ab212a-41c5-4bfc-8c80-3448667dd2f9_bfc4fec9-d10e-40de-9684-03bde581e53f.jpg/250x188.webp,1080,69.57979227671277,7501,2
8bdbcdf5-fb6a-4033-97ca-210d690cd880,Mercedes-Benz,C 220,Andere,Dealer,1700,d,266000,03-2003,https://prod.pictures.autoscout24.net/listing-images/8bdbcdf5-fb6a-4033-97ca-210d690cd880_72ef9a7c-ba61-4af0-9719-c5fdbb70ef34.jpg/250x188.webp,1840,54.29299877782283,7228,43
11035829-983c-4226-998b-3986701816a0,Mercedes-Benz,B 180,Break,PrivateSeller,1700,d,270000,08-2005,https://prod.pictures.autoscout24.net/listing-images/11035829-983c-4226-998b-3986701816a0_866a1562-e83e-42ce-af24-ceb75aadcebb.jpg/250x188.webp,1000,69.17270624549755,6344,102
3b8b27d2-193e-4af1-b24a-85fb81d7a443,Mercedes-Benz,C 220,Berline,PrivateSeller,1750,d,224000,10-1997,https://prod.pictures.autoscout24.net/listing-images/3b8b27d2-193e-4af1-b24a-85fb81d7a443_1bb394b2-cfce-42b2-b881-cc7b3d140e84.jpg/250x188.webp,2920,9.296058813361997,9205,125
da7213fe-44d3-445d-9ca6-62d916d01388,Mercedes-Benz,A 140,Monovolume,Dealer,1788,b,260000,10-2002,https://prod.pictures.autoscout24.net/listing-images/da7213fe-44d3-445d-9ca6-62d916d01388_246662b8-4dc2-46d4-8a17-6afc64de4e3a.jpg/250x188.webp,8791,102.62748120507626,7379,33
f0eb771c-0bb7-4d6d-99a4-2c8974376f58,Mercedes-Benz,C 200,Break,Dealer,1799,d,460372,12-2005,https://prod.pictures.autoscout24.net/listing-images/f0eb771c-0bb7-4d6d-99a4-2c8974376f58_f274096d-d0c2-423b-a131-8a213b26cbf7.jpg/250x188.webp,9870,92.66676027439331,6222,8
51ca3565-d449-4a49-9f82-3e281f459173,Mercedes-Benz,C 200,Berline,Dealer,1800,d,263000,08-2002,https://prod.pictures.autoscout24.net/listing-images/51ca3565-d449-4a49-9f82-3e281f459173_ab2bca2c-a75e-48f1-9d65-19f098297306.jpg/250x188.webp,1703,72.53884447632319,7440,2
a07c4a5b-0fae-4d3a-a0b9-0e7eff08ffd6,Mercedes-Benz,C 200,Berline,PrivateSeller,1800,d,289000,07-2002,https://prod.pictures.autoscout24.net/listing-images/a07c4a5b-0fae-4d3a-a0b9-0e7eff08ffd6_cae8735b-b416-4a32-9522-03adb4686388.jpg/250x188.webp,4000,118.53949006185148,7471,183
f47233d2-8d91-42ef-af09-252a89c5f954,Mercedes-Benz,C 220,Berline,Dealer,1900,d,200000,12-1998,https://prod.pictures.autoscout24.net/listing-images/f47233d2-8d91-42ef-af09-252a89c5f954_f188f116-c644-4d3b-bf5f-3216cbd7767a.jpg/250x188.webp,1070,71.06367211068877,8779,8
3fd88e55-279c-4aae-9458-bb76533be808,Mercedes-Benz,190,Berline,Dealer,1900,b,241000,10-1991,https://prod.pictures.autoscout24.net/listing-images/3fd88e55-279c-4aae-9458-bb76533be808_19bb8c86-5024-403a-99da-b4c3b980d831.jpg/250x188.webp,1070,71.06367211068877,11397,11
c3d28972-8326-447f-b0ca-1c88e7ed1f52,Mercedes-Benz,190,Stadswagen,PrivateSeller,1900,d,368000,06-1995,https://prod.pictures.autoscout24.net/listing-images/c3d28972-8326-447f-b0ca-1c88e7ed1f52_026e6021-55b6-4a19-8e98-33085a61904a.jpg/250x188.webp,1080,69.57979227671277,10058,15
cbdbb0d0-3a9d-4545-ac2a-b345b543e011,Mercedes-Benz,E 200,Andere,Dealer,1900,b,164000,01-1990,https://prod.pictures.autoscout24.net/listing-images/cbdbb0d0-3a9d-4545-ac2a-b345b543e011_d97fd7fa-2054-4813-88f0-1168f9646a58.jpg/250x188.webp,1840,54.29299877782283,12035,27
b0f64bcc-68cf-4a18-9507-4949133a1cb4,Mercedes-Benz,210/310,Andere,Dealer,1900,d,220000,11-1989,https://prod.pictures.autoscout24.net/listing-images/b0f64bcc-68cf-4a18-9507-4949133a1cb4_a3acd9cb-585c-4f42-9349-5af10629f925.jpg/250x188.webp,1070,71.06367211068877,12096,41
fd6b755d-2b0f-4195-a5a1-a40d444defa6,Mercedes-Benz,280,Berline,Dealer,1900,b,120000,06-1977,https://prod.pictures.autoscout24.net/listing-images/fd6b755d-2b0f-4195-a5a1-a40d444defa6_ec420025-6117-4004-9189-c7de1cf6b6c6.jpg/250x188.webp,9140,42.211874657394915,16632,152
a0206dca-bfcc-47b9-bb33-ae3033c6ffc0,Mercedes-Benz,SLK 200,Cabriolet,PrivateSeller,1950,b,217960,04-2000,https://prod.pictures.autoscout24.net/listing-images/a0206dca-bfcc-47b9-bb33-ae3033c6ffc0_d68937e1-6f16-4f88-9ed5-1c9f2362dda6.jpg/250x188.webp,4040,120.39133917274062,8292,13
6be5b352-c690-41f1-b705-d72a4c4d46f3,Mercedes-Benz,A 140,Andere,Dealer,1950,b,175000,02-1999,https://prod.pictures.autoscout24.net/listing-images/6be5b352-c690-41f1-b705-d72a4c4d46f3_66c164ca-447e-4dd7-8b13-a6cea6afb48a.jpg/250x188.webp,1840,54.29299877782283,8717,62
cc9478ad-68ce-4aea-b772-1ab5a1b27bf7,Mercedes-Benz,C 220,Berline,Dealer,1950,d,314257,05-2003,https://prod.pictures.autoscout24.net/listing-images/cc9478ad-68ce-4aea-b772-1ab5a1b27bf7_6ccaf617-eb7a-445d-aba2-251f13259b53.jpg/250x188.webp,1180,74.57281408996285,7167,245
ed4ed359-3694-4d20-9593-8ce75a0600e9,Mercedes-Benz,E 220,Break,Dealer,1999,d,450000,01-2004,https://prod.pictures.autoscout24.net/listing-images/ed4ed359-3694-4d20-9593-8ce75a0600e9_b0e8358d-3b03-4e20-b53b-9698c35ab6b6.jpg/250x188.webp,1651,78.98056604317188,6922,18
5ac4d434-fb4c-4b82-8d07-5eb447be3446,Mercedes-Benz,C 200,Break,Dealer,1999,d,280000,12-2006,https://prod.pictures.autoscout24.net/listing-images/5ac4d434-fb4c-4b82-8d07-5eb447be3446_67b40a83-7de6-4e8a-a6a6-f38758fc31e4.jpg/250x188.webp,1860,59.6090801187706,5857,7
c2223ce9-0685-4427-b48c-124bc935d3ea,Mercedes-Benz,A 180,Berline,PrivateSeller,1999,d,263000,10-2006,https://prod.pictures.autoscout24.net/listing-images/c2223ce9-0685-4427-b48c-124bc935d3ea_43040d2c-b06a-42a5-ac36-8e7d118d9ae0.jpg/250x188.webp,4851,131.65283435851936,5918,52
2b6b33a6-13b8-404d-a739-144e682ec301,Mercedes-Benz,A 170,Monovolume,Dealer,1999,d,181000,01-2002,https://prod.pictures.autoscout24.net/listing-images/2b6b33a6-13b8-404d-a739-144e682ec301_28c9c867-f498-464e-b4e2-f75c875ff056.jpg/250x188.webp,8791,102.62748120507626,7652,59
77bb1a89-2a8d-4d0a-b14f-748e275f66ce,Mercedes-Benz,E 220,Berline,Dealer,1999,d,334000,11-1999,https://prod.pictures.autoscout24.net/listing-images/77bb1a89-2a8d-4d0a-b14f-748e275f66ce_a12d34f4-25ca-4164-8e72-baf1a2967eb1.jpg/250x188.webp,1400,97.35176357549375,8444,75
eb4be869-6786-4ac9-bf9c-3ff60f585b1a,Mercedes-Benz,C 200,Coupé,Dealer,1999,d,293000,02-2007,https://prod.pictures.autoscout24.net/listing-images/eb4be869-6786-4ac9-bf9c-3ff60f585b1a_e0851f14-a68a-4846-b316-57e8d773788e.jpg/250x188.webp,1400,97.35176357549375,5795,292
a4a080e9-fa90-4345-8c88-4fa9ea8f3e6c,Mercedes-Benz,A 170,Stadswagen,Dealer,1999,d,70000,04-2002,https://prod.pictures.autoscout24.net/listing-images/a4a080e9-fa90-4345-8c88-4fa9ea8f3e6c_e8c976a4-dd6f-4bf1-90fc-cbfb68d579aa.jpg/250x188.webp,1080,69.57979227671277,7562,308
8d6f794f-fb00-4683-8659-cb168dd176db,Mercedes-Benz,CLK 200,Coupé,Dealer,1999,b,120000,10-2000,https://prod.pictures.autoscout24.net/listing-images/8d6f794f-fb00-4683-8659-cb168dd176db_61f08c40-4930-42e0-b7fe-bcf314ed1b6a.jpg/250x188.webp,1400,97.35176357549375,8109,321
20b8c33f-1920-4a0c-a1fa-e382b47c5bb9,Mercedes-Benz,B 180,Break,PrivateSeller,2000,d,198000,06-2005,https://prod.pictures.autoscout24.net/listing-images/20b8c33f-1920-4a0c-a1fa-e382b47c5bb9_1aba52cc-5e7e-406c-9f32-b728c824d90a.jpg/250x188.webp,4100,122.70999344916741,6405,29
2f08efda-f228-4f71-b28f-e1df48c91d52,Mercedes-Benz,C 220,Berline,PrivateSeller,2000,d,193000,06-2001,https://prod.pictures.autoscout24.net/listing-images/2f08efda-f228-4f71-b28f-e1df48c91d52_4e61b5d6-f3b6-4eed-87a8-bb9939bb6d66.jpg/250x188.webp,9500,88.55487491294804,7866,33
4ee8a149-23a4-42a2-a1af-a69149ed89ee,Mercedes-Benz,C 220,Coupé,PrivateSeller,2000,d,250338,07-2005,https://prod.pictures.autoscout24.net/listing-images/4ee8a149-23a4-42a2-a1af-a69149ed89ee_cfd484c6-a711-4edc-8898-754076ade548.jpg/250x188.webp,1410,83.89428081314767,6375,62
efb75909-10d9-44f8-8a16-70306469ddbb,Mercedes-Benz,C 220,Berline,PrivateSeller,2000,d,395000,07-2004,https://prod.pictures.autoscout24.net/listing-images/efb75909-10d9-44f8-8a16-70306469ddbb_2e1f5c40-0a39-48fb-98ed-9ae93b13bf14.jpg/250x188.webp,3500,86.84432103923942,6740,69
65998ef1-28e5-4604-b282-1b9733a92d9a,Mercedes-Benz,Vito,Bestelwagen,PrivateSeller,2000,d,152000,04-2001,https://prod.pictures.autoscout24.net/listing-images/65998ef1-28e5-4604-b282-1b9733a92d9a_9111f869-b66a-4d63-a885-e5c99acc68fa.jpg/250x188.webp,6929,168.46133872099992,7927,128
35bdbfe6-0328-483f-bb56-225030dfd1c3,Mercedes-Benz,C 200,Coupé,PrivateSeller,2000,d,308000,03-2005,https://prod.pictures.autoscout24.net/listing-images/35bdbfe6-0328-483f-bb56-225030dfd1c3_c24dbda5-1188-45d6-8007-03d294b9183e.jpg/250x188.webp,1070,71.06367211068877,6497,136
47b7e9a9-3c3f-4a9c-9745-f1b9045ff78d,Mercedes-Benz,C 180,Coupé,PrivateSeller,2100,b,295000,07-2002,https://prod.pictures.autoscout24.net/listing-images/47b7e9a9-3c3f-4a9c-9745-f1b9045ff78d_ee82f6d3-5f85-4977-a4fd-e0b1ee7efae3.jpg/250x188.webp,2000,27.94913546724415,7471,39
2a42d522-2a17-4147-9839-02d6f23ed96a,Mercedes-Benz,C 220,Coupé,PrivateSeller,2100,d,250000,02-2002,https://prod.pictures.autoscout24.net/listing-images/2a42d522-2a17-4147-9839-02d6f23ed96a_f2f5ee18-ebf4-4e2c-9d5e-929ee6ce0e79.jpg/250x188.webp,6240,115.29065835205232,7621,157
07888d49-720d-4783-b8bf-f1f1ac7b1393,Mercedes-Benz,C 200,Berline,PrivateSeller,2100,d,260000,06-2004,https://prod.pictures.autoscout24.net/listing-images/07888d49-720d-4783-b8bf-f1f1ac7b1393_60f618d4-2f57-4416-829a-dae6b75317e2.jpg/250x188.webp,3001,68.9583124136067,6770,314
2a4e18b1-79e5-4fe3-8aab-6d2b9a85745c,Mercedes-Benz,B 200,Monovolume,Dealer,2200,d,315000,12-2005,https://prod.pictures.autoscout24.net/listing-images/2a4e18b1-79e5-4fe3-8aab-6d2b9a85745c_1a82f639-6e90-4a8e-a00f-653df30ef61c.jpg/250x188.webp,1700,70.90697373704198,6222,13
91ba2c8a-b22f-427e-8962-407cf1f963cc,Mercedes-Benz,A 170,Monovolume,PrivateSeller,2200,d,149000,09-2003,https://prod.pictures.autoscout24.net/listing-images/91ba2c8a-b22f-427e-8962-407cf1f963cc_ffb2500f-9f4f-42e5-b4c7-1893b7fee178.jpg/250x188.webp,6224,110.94977629658112,7044,53
4268d90e-d321-4058-8706-6ae83c162709,Mercedes-Benz,190,Berline,Dealer,2250,b,183000,05-1987,https://prod.pictures.autoscout24.net/listing-images/4268d90e-d321-4058-8706-6ae83c162709_17ff38e6-a95a-4843-ace7-c234f130e411.jpg/250x188.webp,1830,61.99821855231934,13011,47
8004a577-2a53-42e6-9fa4-41c2624d9534,Mercedes-Benz,C 220,Berline,PrivateSeller,2250,d,200000,07-1997,https://prod.pictures.autoscout24.net/listing-images/8004a577-2a53-42e6-9fa4-41c2624d9534_06cf4031-4dc6-4224-8c73-d3add07dc113.jpg/250x188.webp,1000,69.17270624549755,9297,78
a14dfd7e-3aa9-49b0-86d8-23427d59a43d,Mercedes-Benz,200,Break,Dealer,2250,d,254745,07-1988,https://prod.pictures.autoscout24.net/listing-images/a14dfd7e-3aa9-49b0-86d8-23427d59a43d_aeb4d518-15da-4406-b9a6-27beb85640c5.jpg/250x188.webp,2100,27.421552979694752,12584,103
faa3c6be-ed1a-42f7-99a7-d34ef7e9017d,Mercedes-Benz,E 200,Berline,Dealer,2300,d,315244,06-2003,https://prod.pictures.autoscout24.net/listing-images/faa3c6be-ed1a-42f7-99a7-d34ef7e9017d_09625c4d-fe8e-4c0d-a3b7-4f381330f590.jpg/250x188.webp,2382,39.86743595258549,7136,8
b42be375-e413-4b94-a76d-7b92038c4745,Mercedes-Benz,A 140,Monovolume,PrivateSeller,2300,b,100000,12-1999,https://prod.pictures.autoscout24.net/listing-images/b42be375-e413-4b94-a76d-7b92038c4745_cfb96d2d-002c-42c9-b8ba-54dae7402fd3.jpg/250x188.webp,2110,26.910904850539477,8414,65
6f589eb7-5081-4dd5-a373-42abaa631fb0,Mercedes-Benz,B 180,Monovolume,PrivateSeller,2300,d,370000,12-2008,https://prod.pictures.autoscout24.net/listing-images/6f589eb7-5081-4dd5-a373-42abaa631fb0_596b62dc-b72b-49ca-a832-10b684c82843.jpg/250x188.webp,1780,63.273818071645216,5126,309
4b5f722a-d3b3-4a57-b410-7d6cc429bc7c,Mercedes-Benz,A 160,Monovolume,PrivateSeller,2350,b,114000,01-1999,https://prod.pictures.autoscout24.net/listing-images/4b5f722a-d3b3-4a57-b410-7d6cc429bc7c_b50fed64-a851-46ed-b650-9f337845ca29.jpg/250x188.webp,1350,95.96766048140154,8748,27
931e58c5-64a2-527e-e053-0100007f1b6a,Mercedes-Benz,C 200,Coupé,PrivateSeller,2350,d,310000,01-2007,https://prod.pictures.autoscout24.net/listing-images/931e58c5-64a2-527e-e053-0100007f1b6a_6441e599-6cc7-4e1f-8b3d-4aba89af316d.jpg/250x188.webp,5060,116.00750129472273,5826,540
8e304ca3-c323-4487-80aa-29900012d4ff,Mercedes-Benz,C 220,Break,Dealer,2450,d,250000,06-2004,https://prod.pictures.autoscout24.net/listing-images/8e304ca3-c323-4487-80aa-29900012d4ff_8d427ab4-4b77-4223-9320-4bcb77531c0d.jpg/250x188.webp,2100,27.421552979694752,6770,7
a962d1a8-23cb-4197-b3d1-1bf25e8a8d3a,Mercedes-Benz,CLK 200,Cabriolet,Dealer,2450,b,110456,05-1999,https://prod.pictures.autoscout24.net/listing-images/a962d1a8-23cb-4197-b3d1-1bf25e8a8d3a_367aa432-cdf4-40b8-aafc-54901ce293de.jpg/250x188.webp,2382,39.86743595258549,8628,132
630bed84-8125-4406-a2d8-9c959698c9a4,Mercedes-Benz,A 180,Monovolume,Dealer,2450,d,156184,05-2005,https://prod.pictures.autoscout24.net/listing-images/630bed84-8125-4406-a2d8-9c959698c9a4_28bba043-ce14-43bf-894e-fb6d44338c89.jpg/250x188.webp,1601,76.3100421089918,6436,441
553527ae-1409-4063-a0ac-088520ef0b5c,Mercedes-Benz,A 150,Stadswagen,Dealer,2490,b,170027,09-2005,https://prod.pictures.autoscout24.net/listing-images/553527ae-1409-4063-a0ac-088520ef0b5c_bd63c036-2b0e-4e6e-a5f3-19b4b78b5124.jpg/250x188.webp,1000,69.17270624549755,6313,99
1c96b5cd-d4d0-4f2c-8021-5c523a933fcd,Mercedes-Benz,C 180,Coupé,PrivateSeller,2500,b,190000,08-2002,https://prod.pictures.autoscout24.net/listing-images/1c96b5cd-d4d0-4f2c-8021-5c523a933fcd_aae0c2ee-8e2d-4333-85f9-e7bae18af5d7.jpg/250x188.webp,6280,125.71995865757935,7440,1
2752bc5f-d8dd-4020-95db-41818374be5a,Mercedes-Benz,E 220,Berline,PrivateSeller,2500,d,383000,01-2005,https://prod.pictures.autoscout24.net/listing-images/2752bc5f-d8dd-4020-95db-41818374be5a_ed61950b-040b-4e96-a226-883c0cce6281.jpg/250x188.webp,4000,118.53949006185148,6556,4
edc0221f-826d-4fc5-9eae-5ac773def1c6,Mercedes-Benz,190,Berline,Dealer,2500,b,129131,06-1990,https://prod.pictures.autoscout24.net/listing-images/edc0221f-826d-4fc5-9eae-5ac773def1c6_f249f74d-48ac-442a-9cb2-fd941fbe4a3d.jpg/250x188.webp,1840,54.29299877782283,11884,15
7c6c4101-676b-4fe7-a7fe-7f6175bfc88a,Mercedes-Benz,C 220,Break,PrivateSeller,2500,d,164000,08-2001,https://prod.pictures.autoscout24.net/listing-images/7c6c4101-676b-4fe7-a7fe-7f6175bfc88a_cd5fca04-8e9a-41e3-ab4a-c81e1d4b8653.jpg/250x188.webp,6000,117.49014599385939,7805,17
9613d3ad-9887-460b-8c2c-99b8667c360c,Mercedes-Benz,E 270,Berline,PrivateSeller,2500,d,300000,04-2000,https://prod.pictures.autoscout24.net/listing-images/9613d3ad-9887-460b-8c2c-99b8667c360c_cc7f440d-4c5e-4b5b-97a7-9ae1de20c86a.jpg/250x188.webp,1070,71.06367211068877,8292,25
5bbff4bc-677b-4f44-93b7-a0e1f172245d,Mercedes-Benz,E 220,Berline,Dealer,2500,d,181300,03-2001,https://prod.pictures.autoscout24.net/listing-images/5bbff4bc-677b-4f44-93b7-a0e1f172245d_d1dc6b02-097a-42a5-88b5-49b8b6fd173c.jpg/250x188.webp,9230,69.27250469504553,7958,42
64d15ed3-a8de-45b6-aee7-1004fa0d8cb0,Mercedes-Benz,ML 270,SUV/4x4/Pick-up,PrivateSeller,2500,d,350000,10-2000,https://prod.pictures.autoscout24.net/listing-images/64d15ed3-a8de-45b6-aee7-1004fa0d8cb0_141ee9ea-0731-406d-9a58-e5d8ce80421f.jpg/250x188.webp,9150,35.01618584808545,8109,50
cc150bf6-093a-4c4b-b731-f97643b2254a,Mercedes-Benz,CLK 230,Coupé,PrivateSeller,2500,b,290000,03-1998,https://prod.pictures.autoscout24.net/listing-images/cc150bf6-093a-4c4b-b731-f97643b2254a_1d5c4d32-5b75-44f7-9c9a-b47ec0b0eea3.jpg/250x188.webp,1930,65.18883147641638,9054,94
3ce2f1e8-a999-465e-9114-59d1eb73cab9,Mercedes-Benz,SLK 200,Cabriolet,PrivateSeller,2500,b,330000,01-1999,https://prod.pictures.autoscout24.net/listing-images/3ce2f1e8-a999-465e-9114-59d1eb73cab9_61f1f24d-3de9-42b0-8b3e-d450a49ceddc.jpg/250x188.webp,2390,25.131731030812645,8748,143
c83f5cdd-f50b-4e3a-a92f-f7ada23158b8,Mercedes-Benz,A 180,Monovolume,PrivateSeller,2500,d,194500,06-2005,https://prod.pictures.autoscout24.net/listing-images/c83f5cdd-f50b-4e3a-a92f-f7ada23158b8_f7998f09-fdd0-4451-9de8-24a7c1fb2542.jpg/250x188.webp,5000,115.13665852422378,6405,180
5c0b7122-b0af-4347-8a88-1b15077a14ab,Mercedes-Benz,C 200,Berline,PrivateSeller,2500,d,152000,06-2002,https://prod.pictures.autoscout24.net/listing-images/5c0b7122-b0af-4347-8a88-1b15077a14ab_6cb90b56-7407-45e2-aff3-45db11fe5489.jpg/250x188.webp,1730,61.98157406185932,7501,183
35ba2f84-0420-41ce-8d2f-a14d50046b4a,Mercedes-Benz,A 180,Monovolume,PrivateSeller,2600,d,254000,12-2004,https://prod.pictures.autoscout24.net/listing-images/35ba2f84-0420-41ce-8d2f-a14d50046b4a_cc55c6ea-a344-417b-becc-ee7864b929fe.jpg/250x188.webp,4020,121.60247278825214,6587,16
a0dbfc69-2779-4807-a012-16423cdd7903,Mercedes-Benz,S 280,Berline,Dealer,2600,b,273000,06-1975,https://prod.pictures.autoscout24.net/listing-images/a0dbfc69-2779-4807-a012-16423cdd7903_71c53897-5d8c-4f33-aa89-dc42b7cd1180.jpg/250x188.webp,1400,97.35176357549375,17363,228
a4a03d45-0374-437a-85a6-8d5fed984246,Mercedes-Benz,B 180,Break,PrivateSeller,2600,d,330000,04-2006,https://prod.pictures.autoscout24.net/listing-images/a4a03d45-0374-437a-85a6-8d5fed984246_71ba85fc-7a6b-4f1d-a718-2bc05fd0917f.jpg/250x188.webp,6700,222.4448441752208,6101,285
817e0552-fd4d-4baa-bd75-9d4f029d81c2,Mercedes-Benz,CLK 220,Coupé,Dealer,2650,d,372000,07-2005,https://prod.pictures.autoscout24.net/listing-images/817e0552-fd4d-4baa-bd75-9d4f029d81c2_af942a2d-3ece-4bf1-ac04-919b77625132.jpg/250x188.webp,1400,97.35176357549375,6375,126
80f989cf-bf37-4727-b5be-11bf1d6579d8,Mercedes-Benz,A 160,Monovolume,PrivateSeller,2700,d,230000,09-2011,https://prod.pictures.autoscout24.net/listing-images/80f989cf-bf37-4727-b5be-11bf1d6579d8_17137ca0-e019-48b4-b3b8-249fbdbac5bf.jpg/250x188.webp,1130,63.740079129249956,4122,15
b1e96246-bd49-4bc7-92a6-bc81a51cbacf,Mercedes-Benz,CLK 200,Coupé,Dealer,2700,b,233000,01-2003,https://prod.pictures.autoscout24.net/listing-images/b1e96246-bd49-4bc7-92a6-bc81a51cbacf_7662868d-939e-4e90-9378-28ec961feda2.jpg/250x188.webp,7972,114.98645181451519,7287,160
9ed2c8b6-2fad-450a-b1b2-8b7bec0ff2f4,Mercedes-Benz,190,Berline,PrivateSeller,2750,b,238000,05-1992,https://prod.pictures.autoscout24.net/listing-images/9ed2c8b6-2fad-450a-b1b2-8b7bec0ff2f4_b9cbec52-1c46-45f8-a1f6-8160421fdf7f.jpg/250x188.webp,9000,69.99787275902874,11184,118
603d58b2-f43a-4216-9e9f-28046a95a65d,Mercedes-Benz,C 180,Coupé,PrivateSeller,2750,b,245224,08-2001,https://prod.pictures.autoscout24.net/listing-images/603d58b2-f43a-4216-9e9f-28046a95a65d_0d3e71ba-02c4-43eb-9e01-58dd237f28b5.jpg/250x188.webp,1040,70.85448790939559,7805,141
e007e87b-233e-4d73-82ea-01bb24437601,Mercedes-Benz,S 320,Berline,Dealer,2750,d,386973,01-2005,https://prod.pictures.autoscout24.net/listing-images/e007e87b-233e-4d73-82ea-01bb24437601_3b4d8538-722f-4d68-b5ca-5dcdf8598277.jpg/250x188.webp,1640,80.60400182928595,6556,226
a824b4d0-18b9-4f25-ba4c-53f80626bfa1,Mercedes-Benz,A 160,Berline,Dealer,2790,b,239000,06-2003,https://prod.pictures.autoscout24.net/listing-images/a824b4d0-18b9-4f25-ba4c-53f80626bfa1_bc234600-f15b-493a-a7ed-fc937ae42354.jpg/250x188.webp,7130,117.49117131592739,7136,3
206d5e90-499e-4787-aa23-f652595a4d37,Mercedes-Benz,E 220,Berline,Dealer,2799,d,301408,09-2004,https://prod.pictures.autoscout24.net/listing-images/206d5e90-499e-4787-aa23-f652595a4d37_d758785d-ea46-4686-9832-e7aa8ed10209.jpg/250x188.webp,2830,45.04397020411872,6678,99
6eaef881-1fe7-4067-bfda-a4a94ef63c54,Mercedes-Benz,C 200,Berline,Dealer,2800,b,220584,01-2001,https://prod.pictures.autoscout24.net/listing-images/6eaef881-1fe7-4067-bfda-a4a94ef63c54_c0e6b69a-36d4-4849-b9d6-c98ade4c2b23.jpg/250x188.webp,1731,64.67551938133373,8017,16
c2aaaa0d-ac0b-4207-bd91-0c6502e72735,Mercedes-Benz,C 220,Break,PrivateSeller,2800,d,334153,03-2006,https://prod.pictures.autoscout24.net/listing-images/c2aaaa0d-ac0b-4207-bd91-0c6502e72735_359c2ba2-abfd-4b70-bfd6-619ffb3dc36b.jpg/250x188.webp,5537,132.67479337313804,6132,66
574418d5-693a-4391-87d7-4f0fdf47ca38,Mercedes-Benz,250,Berline,PrivateSeller,2800,d,163000,03-1986,https://prod.pictures.autoscout24.net/listing-images/574418d5-693a-4391-87d7-4f0fdf47ca38_2e54a9b7-5475-4d40-9cf7-5192ab1c3f44.jpg/250x188.webp,1300,83.88957347991013,13437,81
79d96160-59c1-4f8f-8d39-0ed9975f101c,Mercedes-Benz,A 160,Monovolume,Dealer,2800,d,175898,03-2009,https://prod.pictures.autoscout24.net/listing-images/79d96160-59c1-4f8f-8d39-0ed9975f101c_67565172-1225-41eb-84ad-9cf56f34340f.jpg/250x188.webp,1910,61.06717284299515,5036,267
67fd03c5-e4c4-45bf-8523-fe063c6f1274,Mercedes-Benz,ML 320,SUV/4x4/Pick-up,Dealer,2850,b,237000,12-2000,https://prod.pictures.autoscout24.net/listing-images/67fd03c5-e4c4-45bf-8523-fe063c6f1274_2aa6c844-f23d-4195-9f06-9e71212c696f.jpg/250x188.webp,1700,70.90697373704198,8048,10
dc8949f1-0004-42d5-9832-899202197181,Mercedes-Benz,190,Berline,Dealer,2850,d,250000,05-1989,https://prod.pictures.autoscout24.net/listing-images/dc8949f1-0004-42d5-9832-899202197181_0c4ea4cf-9e9e-4716-ae01-6d010bd0b9d4.jpg/250x188.webp,1700,70.90697373704198,12280,63
8a2af6e6-7c4a-4e97-b28d-9d9a384b8a0a,Mercedes-Benz,SLK 200,Cabriolet,PrivateSeller,2900,b,188000,12-1997,https://prod.pictures.autoscout24.net/listing-images/8a2af6e6-7c4a-4e97-b28d-9d9a384b8a0a_c9874bdd-b720-44e9-ae84-b52bc8424af5.jpg/250x188.webp,2100,27.421552979694752,9144,7
3f70e0be-9855-4c3c-b317-e9b07ffad778,Mercedes-Benz,A 160,Berline,Dealer,2900,d,171000,11-2004,https://prod.pictures.autoscout24.net/listing-images/3f70e0be-9855-4c3c-b317-e9b07ffad778_73dd08f1-d8d3-45b7-8407-cdea1f7bc792.jpg/250x188.webp,1600,78.61296004280759,6617,11
769176f4-718b-4367-a081-bbabbf422a74,Mercedes-Benz,C 180,Coupé,PrivateSeller,2900,b,253000,11-2003,https://prod.pictures.autoscout24.net/listing-images/769176f4-718b-4367-a081-bbabbf422a74_c6062be7-255e-419a-8353-90df770fac86.jpg/250x188.webp,2660,33.51153490320288,6983,23
4a46e3b0-ac2c-4105-ae12-2fc505e033f2,Mercedes-Benz,A 180,Monovolume,PrivateSeller,2900,d,172290,03-2007,https://prod.pictures.autoscout24.net/listing-images/4a46e3b0-ac2c-4105-ae12-2fc505e033f2_e6e55f26-5671-48b6-ad68-81cbb33ee254.jpg/250x188.webp,7100,111.04432979756132,5767,30
dae0313b-a457-4f48-9ff3-abba9f911d5c,Mercedes-Benz,SLK 230,Cabriolet,PrivateSeller,2900,b,214000,01-1998,https://prod.pictures.autoscout24.net/listing-images/dae0313b-a457-4f48-9ff3-abba9f911d5c_d2ee7096-7773-4612-b761-f3f4c268eaaa.jpg/250x188.webp,6594,163.11885142937987,9113,39
354d8d93-4f82-4f30-95aa-4db689f8b35a,Mercedes-Benz,E 270,Break,PrivateSeller,2900,d,362000,01-2001,https://prod.pictures.autoscout24.net/listing-images/354d8d93-4f82-4f30-95aa-4db689f8b35a_e32ad298-6d0b-4157-83cd-3425fbc4945e.jpg/250x188.webp,8750,96.74230879221473,8017,43
2b40965a-8e16-4142-a8c6-dcc38679bd3b,Mercedes-Benz,250,Berline,PrivateSeller,2950,d,245946,11-1988,https://prod.pictures.autoscout24.net/listing-images/2b40965a-8e16-4142-a8c6-dcc38679bd3b_d44c143a-828f-464b-9c77-c95ed61e07e2.jpg/250x188.webp,1070,71.06367211068877,12461,43
c622d50d-613c-4c11-b418-c97f28431396,Mercedes-Benz,E 200,Berline,Dealer,2950,d,326000,11-2003,https://prod.pictures.autoscout24.net/listing-images/c622d50d-613c-4c11-b418-c97f28431396_0f5ff619-9906-47b3-9717-ec27c490bac2.jpg/250x188.webp,1910,61.06717284299515,6983,71
1214d8dd-5d6d-4ac5-b079-80ed4cb707ac,Mercedes-Benz,Vito,Monovolume,Dealer,2950,d,196000,06-1997,https://prod.pictures.autoscout24.net/listing-images/1214d8dd-5d6d-4ac5-b079-80ed4cb707ac_8078857e-9062-4e03-b1b9-59789a5921c9.jpg/250x188.webp,3500,86.84432103923942,9327,91
ceb0792e-d4d2-47ec-b221-d20d5fe06abf,Mercedes-Benz,C 180,Coupé,Dealer,2950,b,210556,09-2002,https://prod.pictures.autoscout24.net/listing-images/ceb0792e-d4d2-47ec-b221-d20d5fe06abf_777f18ad-1e7e-493c-a0e8-a5a6cc548318.jpg/250x188.webp,2100,27.421552979694752,7409,103
97b9c55a-bc14-41b9-b56b-e64c3afb4312,Mercedes-Benz,200,Stadswagen,PrivateSeller,2999,d,342500,08-1985,https://prod.pictures.autoscout24.net/listing-images/97b9c55a-bc14-41b9-b56b-e64c3afb4312_31c71d68-34e3-4f07-9a00-b6f4bcd91891.jpg/250x188.webp,4851,131.65283435851936,13649,51
75480e7a-5f27-43ea-ad0c-cc1c7a5d6ad4,Mercedes-Benz,ML 350,SUV/4x4/Pick-up,Dealer,2999,b,228583,08-2003,https://prod.pictures.autoscout24.net/listing-images/75480e7a-5f27-43ea-ad0c-cc1c7a5d6ad4_797327a9-10aa-4294-848d-4e5a2e88b9b3.jpg/250x188.webp,1400,97.35176357549375,7075,69
334a2d65-f831-4712-8598-9fa3311c8309,Mercedes-Benz,Sprinter,Bestelwagen,Dealer,2999,d,336000,08-1995,https://prod.pictures.autoscout24.net/listing-images/334a2d65-f831-4712-8598-9fa3311c8309_e8e8541a-84a9-43e5-8465-8b592e946052.jpg/250x188.webp,1400,97.35176357549375,9997,105
2697e662-f92f-43dc-aac1-0f062a7148f9,Mercedes-Benz,Atego,Andere,Dealer,2999,d,213096,08-2000,https://prod.pictures.autoscout24.net/listing-images/2697e662-f92f-43dc-aac1-0f062a7148f9_25dfe8a7-93de-48fc-a236-4e50b023da82.jpg/250x188.webp,2500,38.36429357421789,8170,113
c5284d84-b2dc-416b-94e8-e421af89d1c7,Mercedes-Benz,Sprinter,Bestelwagen,Dealer,2999,d,600000,02-2010,https://prod.pictures.autoscout24.net/listing-images/c5284d84-b2dc-416b-94e8-e421af89d1c7_195e9912-b313-435e-a8e9-8a28ec4ad800.jpg/250x188.webp,1400,97.35176357549375,4699,119
10a166aa-e728-4daa-80ef-5d7e88535fb6,Mercedes-Benz,CLK 200,Coupé,Dealer,2999,b,141000,08-1998,https://prod.pictures.autoscout24.net/listing-images/10a166aa-e728-4daa-80ef-5d7e88535fb6_04d82fc0-decf-4091-abe8-f40829ce8d70.jpg/250x188.webp,1730,61.98157406185932,8901,223
87746890-c72b-4c4f-b303-0d649c82e1e2,Mercedes-Benz,ML 270,SUV/4x4/Pick-up,PrivateSeller,3000,d,377000,10-2003,https://prod.pictures.autoscout24.net/listing-images/87746890-c72b-4c4f-b303-0d649c82e1e2_9cbcdec9-d6bf-41df-927e-8040c291bb78.jpg/250x188.webp,8630,133.10832564444777,7014,8
2c923cab-8879-47a1-9451-c51f9d3b82d6,Mercedes-Benz,200,Andere,PrivateSeller,3000,d,335000,05-1989,https://prod.pictures.autoscout24.net/listing-images/2c923cab-8879-47a1-9451-c51f9d3b82d6_3843ac77-3cc0-4d07-afaa-3e15a6cacf55.jpg/250x188.webp,4430,115.84778684140608,12280,63
ad507f44-c836-4ba2-85af-f902c12e62f2,Mercedes-Benz,B 180,Monovolume,PrivateSeller,3000,d,194864,04-2007,https://prod.pictures.autoscout24.net/listing-images/ad507f44-c836-4ba2-85af-f902c12e62f2_488e4906-ca27-4d48-a576-c5950e90e6bc.jpg/250x188.webp,4040,120.39133917274062,5736,81
0cd35530-3ca8-4e16-b689-3e466b4a3e4b,Mercedes-Benz,C 220,Berline,PrivateSeller,3000,d,270000,09-1998,https://prod.pictures.autoscout24.net/listing-images/0cd35530-3ca8-4e16-b689-3e466b4a3e4b_1d8bbcd6-66f6-4b70-8e07-266ba77bcf92.jpg/250x188.webp,1210,68.61361841336421,8870,83
8184fb85-fa96-4af7-92ae-68f0471dc5a9,Mercedes-Benz,E 200,Berline,PrivateSeller,3000,b,88000,06-1999,https://prod.pictures.autoscout24.net/listing-images/8184fb85-fa96-4af7-92ae-68f0471dc5a9_b0f72d30-2f1d-40d3-a1db-b7bba143621f.jpg/250x188.webp,4000,118.53949006185148,8597,112
64dc8b7b-3e6b-4c70-a11f-a9244d8ebd50,Mercedes-Benz,CLK 200,Coupé,PrivateSeller,3000,b,147000,03-1998,https://prod.pictures.autoscout24.net/listing-images/64dc8b7b-3e6b-4c70-a11f-a9244d8ebd50_dbacb280-3cbd-43bc-b554-e8f0340931df.jpg/250x188.webp,9320,67.86826786112259,9054,132
ffcdaf68-e3d3-4c53-9477-a2e176b06105,Mercedes-Benz,CLK 200,Coupé,PrivateSeller,3000,b,160000,10-1997,https://prod.pictures.autoscout24.net/listing-images/ffcdaf68-e3d3-4c53-9477-a2e176b06105_01a5cae2-38ad-499e-bc28-bd55f8fe0876.jpg/250x188.webp,1800,60.05560122441548,9205,140
7bfa3702-4dd6-4913-b8e7-ac48def951ae,Mercedes-Benz,CLK 200,Coupé,PrivateSeller,3000,b,160000,10-1997,https://prod.pictures.autoscout24.net/listing-images/7bfa3702-4dd6-4913-b8e7-ac48def951ae_b469f0fb-2a8c-41d8-82d5-79b61846bdaf.jpg/250x188.webp,1800,60.05560122441548,9205,140
08c14d9a-e18e-4288-aef5-ba928ec0dce1,Mercedes-Benz,CLK 200,Coupé,PrivateSeller,3000,b,255000,04-2004,https://prod.pictures.autoscout24.net/listing-images/08c14d9a-e18e-4288-aef5-ba928ec0dce1_e36416dc-0952-405a-8ab9-81960eadef58.jpg/250x188.webp,8800,107.24415982689398,6831,163
4c669eeb-2c23-4b65-958f-91dedf99ab48,Mercedes-Benz,C 220,Coupé,PrivateSeller,3200,d,204000,12-2002,https://prod.pictures.autoscout24.net/listing-images/4c669eeb-2c23-4b65-958f-91dedf99ab48_3417d3a1-3d73-4d6e-8df3-4cbc5076eeea.jpg/250x188.webp,1020,66.36225311284039,7318,3
ea8321ef-b618-48b8-a724-59c713199b3f,Mercedes-Benz,C 200,Berline,PrivateSeller,3200,d,247000,07-2004,https://prod.pictures.autoscout24.net/listing-images/ea8321ef-b618-48b8-a724-59c713199b3f_425a5000-918a-4437-86d1-e0113fba89dd.jpg/250x188.webp,1853,62.49120970441575,6740,8
22a03908-0928-4953-b483-8eadb5e05a98,Mercedes-Benz,C 220,Berline,Dealer,3200,d,250000,12-2005,https://prod.pictures.autoscout24.net/listing-images/22a03908-0928-4953-b483-8eadb5e05a98_4ffc9444-cb3e-4f28-a954-e31050092393.jpg/250x188.webp,1602,75.23922327931528,6222,12
e1e53f60-dad8-43bf-b651-a9bf52168b6b,Mercedes-Benz,B 180,Monovolume,Dealer,3200,d,220000,10-2007,https://prod.pictures.autoscout24.net/listing-images/e1e53f60-dad8-43bf-b651-a9bf52168b6b_3f7e1983-2af0-4405-9f79-5d4392cb996b.jpg/250x188.webp,1410,83.89428081314767,5553,18
52472425-1049-4d6b-b9bb-dd6a83172bc3,Mercedes-Benz,Vito,Break,Dealer,3200,d,130000,01-2000,https://prod.pictures.autoscout24.net/listing-images/52472425-1049-4d6b-b9bb-dd6a83172bc3_3cd34d0a-c3ea-4df2-9cd4-c4cfc9cbc212.jpg/250x188.webp,1602,75.23922327931528,8383,40
edb20669-86d3-4228-a234-7fd24c675f52,Mercedes-Benz,E 220,Berline,PrivateSeller,3200,d,315000,01-2005,https://prod.pictures.autoscout24.net/listing-images/edb20669-86d3-4228-a234-7fd24c675f52_9750125f-460a-48c4-9dba-fb8dc0947ebf.jpg/250x188.webp,6031,117.04479587125066,6556,341
c2f4c8d9-e414-441e-a726-30a3518a4bdd,Mercedes-Benz,A 180,Monovolume,Dealer,3250,d,197000,11-2009,https://prod.pictures.autoscout24.net/listing-images/c2f4c8d9-e414-441e-a726-30a3518a4bdd_1582435d-05a2-4746-a696-92572c7d627d.jpg/250x188.webp,7080,124.84754400917438,4791,4
3c9e00f6-149c-486f-a467-412ee2b80a54,Mercedes-Benz,A 180,Monovolume,Dealer,3250,d,203000,10-2009,https://prod.pictures.autoscout24.net/listing-images/3c9e00f6-149c-486f-a467-412ee2b80a54_14ab15f5-6406-4ece-929e-7846b5f96c19.jpg/250x188.webp,5060,116.00750129472273,4822,27
bde1b7f8-685a-4d56-b013-567683c3b74d,Mercedes-Benz,A 140,Monovolume,Dealer,3250,b,141232,10-1998,https://prod.pictures.autoscout24.net/listing-images/bde1b7f8-685a-4d56-b013-567683c3b74d_5939f007-c886-48c2-99a4-479220ee5180.jpg/250x188.webp,2610,33.817501233272104,8840,29
0b04181d-bb4a-4a9d-86c5-82b19805e496,Mercedes-Benz,B 180,Monovolume,PrivateSeller,3299,d,173200,07-2007,https://prod.pictures.autoscout24.net/listing-images/0b04181d-bb4a-4a9d-86c5-82b19805e496_40bb911f-63a4-42e0-954d-86b9a1310a49.jpg/250x188.webp,4800,137.3735948615729,5645,148
98a2406e-e1f7-4eea-8436-9fdc8ccbdfc5,Mercedes-Benz,C 200,Berline,PrivateSeller,3300,b,250000,01-2000,https://prod.pictures.autoscout24.net/listing-images/98a2406e-e1f7-4eea-8436-9fdc8ccbdfc5_f2eded86-0eb9-4cdb-842d-b098f1f55f1f.jpg/250x188.webp,1340,89.46401378328262,8383,3
bb312a6a-85f0-4cd9-b845-38ab2ff18b10,Mercedes-Benz,C 200,Break,PrivateSeller,3300,d,252000,01-2007,https://prod.pictures.autoscout24.net/listing-images/bb312a6a-85f0-4cd9-b845-38ab2ff18b10_b7652f51-2fd4-412c-b08c-4fcdd820d6ee.jpg/250x188.webp,2880,47.93429287155117,5826,11
5c9df6d0-a8d3-46c3-b2ee-e0b31b374b6a,Mercedes-Benz,Sprinter,Andere,Dealer,3300,d,332000,11-2004,https://prod.pictures.autoscout24.net/listing-images/5c9df6d0-a8d3-46c3-b2ee-e0b31b374b6a_63a82000-9432-4c5c-be9c-7f16a4e7d56b.jpg/250x188.webp,1840,54.29299877782283,6617,25
244a6364-e3bf-425a-9dc0-2d38e6419d44,Mercedes-Benz,C 200,Coupé,PrivateSeller,3300,d,309000,10-2005,https://prod.pictures.autoscout24.net/listing-images/244a6364-e3bf-425a-9dc0-2d38e6419d44_39a7c1b4-2f5a-45dc-a514-0e9454008f2f.jpg/250x188.webp,4041,116.41396639232585,6283,27
2ed98597-79b3-447e-a7af-9a181c3ddbcc,Mercedes-Benz,Sprinter,Bestelwagen,Dealer,3300,b,250000,10-1982,https://prod.pictures.autoscout24.net/listing-images/2ed98597-79b3-447e-a7af-9a181c3ddbcc_93a21bad-c260-4a32-87e2-6a2b76e72a8b.jpg/250x188.webp,1700,70.90697373704198,14684,47
613ccccf-4cac-4e2e-bd69-21a1c6fbde9a,Mercedes-Benz,E 320,Andere,PrivateSeller,3300,d,330000,12-2001,https://prod.pictures.autoscout24.net/listing-images/613ccccf-4cac-4e2e-bd69-21a1c6fbde9a_327430d6-fe79-4218-aa75-51c64c4393a1.jpg/250x188.webp,3520,82.07861349342659,7683,52
a3e238f7-3757-4d6b-8aed-99c4597b56d2,Mercedes-Benz,208,Andere,Dealer,3300,d,236000,12-1985,https://prod.pictures.autoscout24.net/listing-images/a3e238f7-3757-4d6b-8aed-99c4597b56d2_23c1ed65-e3b3-4f91-9a64-a5ed62b70a74.jpg/250x188.webp,1500,83.25423672184138,13527,98
fc44d062-fc00-40ca-b7f1-5dd7b38ba813,Mercedes-Benz,200,Berline,Dealer,3300,d,277203,03-1990,https://prod.pictures.autoscout24.net/listing-images/fc44d062-fc00-40ca-b7f1-5dd7b38ba813_994c0fb4-579a-4ccb-8f0c-70c569efd3b0.jpg/250x188.webp,7300,124.27618354461573,11976,370
6f5fb7df-195c-4b73-b4e0-9a05beb07177,Mercedes-Benz,C 200,Break,Dealer,3350,d,309000,04-2008,https://prod.pictures.autoscout24.net/listing-images/6f5fb7df-195c-4b73-b4e0-9a05beb07177_ae478659-f767-4c79-aad7-c5363d6d46eb.jpg/250x188.webp,1070,71.06367211068877,5370,9
75a30ebc-077c-4ef5-96b7-233bc6773524,Mercedes-Benz,C 200,Berline,PrivateSeller,3400,d,169000,12-2002,https://prod.pictures.autoscout24.net/listing-images/75a30ebc-077c-4ef5-96b7-233bc6773524_496492bc-1101-41b6-aa9c-dc86428a6986.jpg/250x188.webp,9100,39.90739495574749,7318,5
c452720f-0401-4287-b35f-2da35eafaf34,Mercedes-Benz,B 180,SUV/4x4/Pick-up,Dealer,3400,d,242280,07-2008,https://prod.pictures.autoscout24.net/listing-images/c452720f-0401-4287-b35f-2da35eafaf34_ba0daa2a-192f-4d93-9431-53e6b59beea5.jpg/250x188.webp,9140,42.211874657394915,5279,15
6b33123d-6387-47c1-9059-ea53d052addc,Mercedes-Benz,C 180,Coupé,PrivateSeller,3400,b,188000,03-2002,https://prod.pictures.autoscout24.net/listing-images/6b33123d-6387-47c1-9059-ea53d052addc_7b465b3d-f1c1-4c49-b002-4391710fe506.jpg/250x188.webp,1820,61.11806276432271,7593,24
ac11bfdd-8b7e-4cf9-bf23-bc42eb98d2a8,Mercedes-Benz,C 180,Coupé,Dealer,3450,b,184000,12-2001,https://prod.pictures.autoscout24.net/listing-images/ac11bfdd-8b7e-4cf9-bf23-bc42eb98d2a8_fc973eea-080c-405d-9047-b55c25902180.jpg/250x188.webp,1840,54.29299877782283,7683,7
3dd48e2e-7de7-459c-ba21-c46b229bc52c,Mercedes-Benz,C 220,Berline,Dealer,3450,d,122403,02-2001,https://prod.pictures.autoscout24.net/listing-images/3dd48e2e-7de7-459c-ba21-c46b229bc52c_d186c9a7-046d-44ca-819d-0e2db86d7a77.jpg/250x188.webp,3020,64.4845066062384,7986,41
2d59ca29-9b0e-41eb-bb57-89c02f1f0b1b,Mercedes-Benz,E 220,Berline,Dealer,3490,d,280000,06-2001,https://prod.pictures.autoscout24.net/listing-images/2d59ca29-9b0e-41eb-bb57-89c02f1f0b1b_4404e1c5-8830-43cc-bf96-b4062548a96b.jpg/250x188.webp,7090,96.30849119801513,7866,18
d7d1f441-29cf-4112-8f2b-6777ad673132,Mercedes-Benz,E 270,Break,Dealer,3490,d,306987,04-2005,https://prod.pictures.autoscout24.net/listing-images/d7d1f441-29cf-4112-8f2b-6777ad673132_43107f78-dd6f-4c27-a11e-250aea24a169.jpg/250x188.webp,1000,69.17270624549755,6466,289
da369384-76c2-494b-aabd-4594b254c843,Mercedes-Benz,C 180,Berline,Dealer,3499,b,105000,07-1994,https://prod.pictures.autoscout24.net/listing-images/da369384-76c2-494b-aabd-4594b254c843_4789e532-1e2a-4905-a499-851b2de8bfb3.jpg/250x188.webp,6040,114.0742701643821,10393,2
6990062b-a27d-40b8-b633-d13ff9e54d29,Mercedes-Benz,CLK 200,Coupé,Dealer,3499,b,308000,07-2003,https://prod.pictures.autoscout24.net/listing-images/6990062b-a27d-40b8-b633-d13ff9e54d29_80bcad1b-aa15-4ab8-b549-b8e2ddba4873.jpg/250x188.webp,1300,83.88957347991013,7106,11
0fc930bd-8849-4513-9c67-8c3369ef47e4,Mercedes-Benz,C 200,Berline,PrivateSeller,3499,d,169000,02-2004,https://prod.pictures.autoscout24.net/listing-images/0fc930bd-8849-4513-9c67-8c3369ef47e4_7c660cac-1535-4515-a5e6-b09ac2b6c23e.jpg/250x188.webp,2050,27.94913546724415,6891,31
3ad1934f-164f-4338-acf5-60ef80fc397b,Mercedes-Benz,C 200,Coupé,Dealer,3499,d,135338,08-2006,https://prod.pictures.autoscout24.net/listing-images/3ad1934f-164f-4338-acf5-60ef80fc397b_d43e3672-d080-4047-ad88-22579ec016ff.jpg/250x188.webp,2830,45.04397020411872,5979,147
08fdbe37-efb2-4702-81a7-3834b7047468,Mercedes-Benz,E 200,Berline,Dealer,3499,d,373000,10-2005,https://prod.pictures.autoscout24.net/listing-images/08fdbe37-efb2-4702-81a7-3834b7047468_3f3a4793-8ced-4058-a1b3-7f338ca7ed3d.jpg/250x188.webp,6030,118.28038734858286,6283,191
9e0b46a3-7f0f-42b7-aef5-163ca1e5eb02,Mercedes-Benz,C 200,Berline,PrivateSeller,3500,d,220000,06-2004,https://prod.pictures.autoscout24.net/listing-images/9e0b46a3-7f0f-42b7-aef5-163ca1e5eb02_d8897afe-be21-4968-bb25-77029ee035dc.jpg/250x188.webp,8520,107.45339579517565,6770,15
faca368c-ded3-4e89-9c36-3d792b513120,Mercedes-Benz,ML 270,Andere,Dealer,3500,d,266000,07-2002,https://prod.pictures.autoscout24.net/listing-images/faca368c-ded3-4e89-9c36-3d792b513120_81d5a752-33c2-420c-ac4c-040ac1e8d7fe.jpg/250x188.webp,1840,54.29299877782283,7471,15
dcc65ecc-0c69-4ca4-8b39-d17edc067e78,Mercedes-Benz,CLK 200,Coupé,PrivateSeller,3500,b,203000,02-2000,https://prod.pictures.autoscout24.net/listing-images/dcc65ecc-0c69-4ca4-8b39-d17edc067e78_1f555718-16b0-450a-9e9c-5fb9247401b9.jpg/250x188.webp,9000,69.99787275902874,8352,17
864ade03-b4c6-4cbc-8811-7d6d89ecaa35,Mercedes-Benz,Sprinter,Bestelwagen,Dealer,3500,d,215000,11-1997,https://prod.pictures.autoscout24.net/listing-images/864ade03-b4c6-4cbc-8811-7d6d89ecaa35_27c47189-1678-4697-ad9d-f88393254770.jpg/250x188.webp,1080,69.57979227671277,9174,23
64330f39-c3ab-4f85-9a49-4913c01208cd,Mercedes-Benz,E 200,Berline,PrivateSeller,3500,d,260500,01-2004,https://prod.pictures.autoscout24.net/listing-images/64330f39-c3ab-4f85-9a49-4913c01208cd_630c8f84-298f-47e7-9784-e9df05e2e475.jpg/250x188.webp,3790,121.02505306118728,6922,24
ef831dda-a320-420f-ad2f-d667ff44c79d,Mercedes-Benz,200,Andere,PrivateSeller,3500,d,410000,07-2008,https://prod.pictures.autoscout24.net/listing-images/ef831dda-a320-420f-ad2f-d667ff44c79d_4743f3a1-0e5e-4833-9dd8-1e45e469a029.jpg/250x188.webp,4530,111.99734570714251,5279,38
4e66d7bc-8583-43dc-8acf-c7ff084dfa6d,Mercedes-Benz,SLK 200,Cabriolet,PrivateSeller,3500,b,162105,04-2000,https://prod.pictures.autoscout24.net/listing-images/4e66d7bc-8583-43dc-8acf-c7ff084dfa6d_1ce5150e-a630-440a-8d61-83e6907f97ec.jpg/250x188.webp,1150,68.48425146100755,8292,35
0e963e9d-0e10-4f01-8fdf-200a528481da,Mercedes-Benz,200,Berline,PrivateSeller,3500,d,410000,07-2008,https://prod.pictures.autoscout24.net/listing-images/0e963e9d-0e10-4f01-8fdf-200a528481da_a65debe7-0928-403a-abe5-e909c3487f80.jpg/250x188.webp,4530,111.99734570714251,5279,38
a7d92892-b203-44e7-b840-6944fad1a0a1,Mercedes-Benz,Sprinter,Bestelwagen,PrivateSeller,3500,d,300000,03-1992,https://prod.pictures.autoscout24.net/listing-images/a7d92892-b203-44e7-b840-6944fad1a0a1_c0d94be2-57f4-44b5-ae43-cc23d8ff62a7.jpg/250x188.webp,4052,130.05716999241307,11245,44
a57478f3-7ffa-4245-a572-0c6ad39a7dce,Mercedes-Benz,B 180,Monovolume,PrivateSeller,3500,d,253000,10-2006,https://prod.pictures.autoscout24.net/listing-images/a57478f3-7ffa-4245-a572-0c6ad39a7dce_b2c8a7cc-266d-42a7-aecf-bfe83b917e9e.jpg/250x188.webp,6040,114.0742701643821,5918,57
d452154b-511e-4981-86a8-171aafa0aa90,Mercedes-Benz,A 180,Stadswagen,PrivateSeller,3500,b,100000,01-2008,https://prod.pictures.autoscout24.net/listing-images/d452154b-511e-4981-86a8-171aafa0aa90_aa73df53-fb95-4f76-bc0e-8fac16ddf503.jpg/250x188.webp,4020,121.60247278825214,5461,59
87b73845-9885-4a7c-952c-0d7a4ef8f93b,Mercedes-Benz,B 180,Andere,Dealer,3500,d,168000,10-2008,https://prod.pictures.autoscout24.net/listing-images/87b73845-9885-4a7c-952c-0d7a4ef8f93b_fe51556d-38fc-4e22-8513-770919b90a3e.jpg/250x188.webp,5020,112.56317852994579,5187,77
f5102049-958a-46c3-ba4b-c549d430d813,Mercedes-Benz,CLK 200,Coupé,PrivateSeller,3500,b,187885,07-1999,https://prod.pictures.autoscout24.net/listing-images/f5102049-958a-46c3-ba4b-c549d430d813_da84c241-6c3d-42a9-bf50-ccb2daf895bc.jpg/250x188.webp,1480,90.6722887329444,8567,80
5534b86c-a1f4-4e2e-af89-0004f9fc60e9,Mercedes-Benz,CLK 200,Coupé,PrivateSeller,3500,b,190000,11-1999,https://prod.pictures.autoscout24.net/listing-images/5534b86c-a1f4-4e2e-af89-0004f9fc60e9_12499a4a-cdfa-4ec1-8a4c-06e5ae606e2e.jpg/250x188.webp,2000,27.94913546724415,8444,87
e4139deb-1f18-4888-9394-22ca38039c9f,Mercedes-Benz,A 200,Monovolume,PrivateSeller,3500,d,139000,01-2005,https://prod.pictures.autoscout24.net/listing-images/e4139deb-1f18-4888-9394-22ca38039c9f_63a5ca3d-6e12-4636-9f24-2d5723adaedf.jpg/250x188.webp,5660,157.35260445614983,6556,127
25630588-cc8e-4732-88c4-4c1ec1182338,Mercedes-Benz,C 200,Coupé,PrivateSeller,3500,d,139000,01-2005,https://prod.pictures.autoscout24.net/listing-images/25630588-cc8e-4732-88c4-4c1ec1182338_2862cefc-6671-46a9-9912-c9079ea88fe3.jpg/250x188.webp,5660,157.35260445614983,6556,127
c7ee4386-6b11-4d1e-b901-193a6e77a09a,Mercedes-Benz,C 220,Coupé,PrivateSeller,3500,d,190000,06-2004,https://prod.pictures.autoscout24.net/listing-images/c7ee4386-6b11-4d1e-b901-193a6e77a09a_04d5b43d-df71-4ada-a1f9-bdcda888435d.jpg/250x188.webp,3450,78.34428794068937,6770,134
17a2458b-9b40-4c1d-ab4f-b6580dadfbf8,Mercedes-Benz,C 180,Coupé,PrivateSeller,3500,b,160000,12-2004,https://prod.pictures.autoscout24.net/listing-images/17a2458b-9b40-4c1d-ab4f-b6580dadfbf8_0d7be791-b292-41ff-a8f0-86bb42fe1082.jpg/250x188.webp,2550,37.36039038956695,6587,139
14d803f6-6c4c-4985-b421-b9c3d4fdb39a,Mercedes-Benz,190,Berline,PrivateSeller,3500,b,240000,04-1992,https://prod.pictures.autoscout24.net/listing-images/14d803f6-6c4c-4985-b421-b9c3d4fdb39a_656a66f1-1205-4a1d-a7f2-0f9f9ac2f21b.jpg/250x188.webp,9880,82.30703511379957,11214,148
1539cccb-512b-494b-b5be-52cf4a3ca1f4,Mercedes-Benz,Sprinter,Bestelwagen,PrivateSeller,3500,d,288778,01-2006,https://prod.pictures.autoscout24.net/listing-images/1539cccb-512b-494b-b5be-52cf4a3ca1f4_91a0584b-f41c-4194-8ae4-4b321f39f936.jpg/250x188.webp,4610,126.04959809806367,6191,336
0a9bb4b5-516d-4ae4-8e01-4a99014c38e9,Mercedes-Benz,B 180,Monovolume,PrivateSeller,3599,d,176000,07-2007,https://prod.pictures.autoscout24.net/listing-images/0a9bb4b5-516d-4ae4-8e01-4a99014c38e9_df83932d-f94d-4428-8aaa-4518dc3fcdbd.jpg/250x188.webp,4800,137.3735948615729,5645,148
0ebcd9e1-44bf-4590-b58f-ce500c25d166,Mercedes-Benz,Sprinter,Bestelwagen,Dealer,3600,d,235000,04-1995,https://prod.pictures.autoscout24.net/listing-images/0ebcd9e1-44bf-4590-b58f-ce500c25d166_5f799952-0e45-450c-a4be-d740bf480f7a.jpg/250x188.webp,1700,70.90697373704198,10119,1
b149dc0e-ab8f-4dea-a68c-5ff9ad68c745,Mercedes-Benz,190,Andere,Dealer,3600,d,260458,07-1990,https://prod.pictures.autoscout24.net/listing-images/b149dc0e-ab8f-4dea-a68c-5ff9ad68c745_85873779-7583-463d-8f9e-fa4517b8c798.jpg/250x188.webp,1731,64.67551938133373,11854,21
02c9fb90-e3a3-459e-9182-765d70723d6d,Mercedes-Benz,B 180,Monovolume,PrivateSeller,3600,d,247000,10-2009,https://prod.pictures.autoscout24.net/listing-images/02c9fb90-e3a3-459e-9182-765d70723d6d_c89ae46d-64cd-434e-ae1c-0914551467cd.jpg/250x188.webp,6840,191.08824841558032,4822,52
780752e3-6d6b-42c5-8ddd-32771dec9805,Mercedes-Benz,SLK 200,Cabriolet,Dealer,3600,b,238000,07-2001,https://prod.pictures.autoscout24.net/listing-images/780752e3-6d6b-42c5-8ddd-32771dec9805_536586e4-7555-43b0-ac00-ed8bd417cf4b.jpg/250x188.webp,8860,107.47860619254739,7836,162
d3274308-c054-4de7-a9b2-6904bf809daf,Mercedes-Benz,Sprinter,Bestelwagen,Dealer,3600,d,260000,05-1990,https://prod.pictures.autoscout24.net/listing-images/d3274308-c054-4de7-a9b2-6904bf809daf_a67a077c-9292-4ac5-89ca-d7f61242c9a9.jpg/250x188.webp,1090,66.80320352454842,11915,1346
d37dddb1-bc92-4510-814c-cbd1517468f3,Mercedes-Benz,190,Berline,Dealer,3650,b,252000,11-1983,https://prod.pictures.autoscout24.net/listing-images/d37dddb1-bc92-4510-814c-cbd1517468f3_117773de-4ec9-4cf6-811e-a9d0561967c4.jpg/250x188.webp,1700,70.90697373704198,14288,44
7f422c87-d1e0-43d7-bdd5-d533cc176bf9,Mercedes-Benz,Sprinter,Bestelwagen,PrivateSeller,3650,d,280000,05-2005,https://prod.pictures.autoscout24.net/listing-images/7f422c87-d1e0-43d7-bdd5-d533cc176bf9_cf0b7897-3199-4fb8-86a5-dd12782bf420.jpg/250x188.webp,1050,70.92422613330518,6436,56
b4ee23c1-9e61-433a-9858-811ff9deb89e,Mercedes-Benz,A 150,Monovolume,Dealer,3650,b,148500,08-2005,https://prod.pictures.autoscout24.net/listing-images/b4ee23c1-9e61-433a-9858-811ff9deb89e_42404bdb-309f-44b0-926f-93c1908c3cee.jpg/250x188.webp,1601,76.3100421089918,6344,187
2e15eee6-5bba-4006-ab3e-74e6a4993c0a,Mercedes-Benz,Sprinter,Bestelwagen,Dealer,3700,d,300000,12-2001,https://prod.pictures.autoscout24.net/listing-images/2e15eee6-5bba-4006-ab3e-74e6a4993c0a_a24f4b91-b165-44dc-ba99-ab2356de6c2d.jpg/250x188.webp,1080,69.57979227671277,7683,8
53b937b1-823d-4816-9049-758958b30a8b,Mercedes-Benz,E 200,Berline,PrivateSeller,3700,d,233600,10-2006,https://prod.pictures.autoscout24.net/listing-images/53b937b1-823d-4816-9049-758958b30a8b_9bf379c8-4cd9-446b-9d21-a2b744483332.jpg/250x188.webp,6250,115.60596353389253,5918,10
07b3d37c-88b9-4147-9492-abadf3322219,Mercedes-Benz,SLK 200,Cabriolet,PrivateSeller,3700,b,173000,03-1998,https://prod.pictures.autoscout24.net/listing-images/07b3d37c-88b9-4147-9492-abadf3322219_4e3c0919-8696-417a-926b-4b74bce2f50f.jpg/250x188.webp,1200,69.44150665917473,9054,30
eabf5451-db8b-4b30-9537-129ede77396c,Mercedes-Benz,E 220,Berline,PrivateSeller,3750,d,302000,05-2002,https://prod.pictures.autoscout24.net/listing-images/eabf5451-db8b-4b30-9537-129ede77396c_2c22d382-355a-4946-8667-0f58ef3afe3b.jpg/250x188.webp,9800,85.43781742981923,7532,5
cbafa8cf-52f6-4556-a45c-6185f8be96e7,Mercedes-Benz,190,Andere,PrivateSeller,3750,b,205000,06-1991,https://prod.pictures.autoscout24.net/listing-images/cbafa8cf-52f6-4556-a45c-6185f8be96e7_0f6b88c9-5520-485d-880b-cf0daea08313.jpg/250x188.webp,8790,97.02122056774895,11519,2
18e8e720-cc33-4042-81cf-89fe25f22b9d,Mercedes-Benz,C 220,Berline,PrivateSeller,3750,d,258000,06-2004,https://prod.pictures.autoscout24.net/listing-images/18e8e720-cc33-4042-81cf-89fe25f22b9d_0d07a36b-6b85-4c80-99e6-f41fa318b66a.jpg/250x188.webp,8980,124.20295196159874,6770,29
5cd98a4a-1f29-411f-8258-f4584d445697,Mercedes-Benz,Sprinter,Bestelwagen,Dealer,3750,d,361500,09-2000,https://prod.pictures.autoscout24.net/listing-images/5cd98a4a-1f29-411f-8258-f4584d445697_c70e48c9-8f13-4863-9e78-4f288d0a5f4d.jpg/250x188.webp,3770,107.37770611416195,8139,31
8728757b-fc0d-447c-93b0-67f78d6acb06,Mercedes-Benz,300,Berline,PrivateSeller,3750,b,280000,03-1983,https://prod.pictures.autoscout24.net/listing-images/8728757b-fc0d-447c-93b0-67f78d6acb06_e5d0750d-9ee3-4786-b4c7-9251df11c8aa.jpg/250x188.webp,2381,36.896529217656436,14533,36
4ec3b0c6-59b6-49b7-b514-faf1436c1336,Mercedes-Benz,E 250,Berline,PrivateSeller,3750,d,199500,01-1999,https://prod.pictures.autoscout24.net/listing-images/4ec3b0c6-59b6-49b7-b514-faf1436c1336_1b7a0cf9-6586-4da6-adf6-6211960371fb.jpg/250x188.webp,2290,36.28227278675359,8748,60
dccf8b76-b27c-41f5-8390-47212ee9d10a,Mercedes-Benz,A 200,Monovolume,PrivateSeller,3750,b,120000,07-2005,https://prod.pictures.autoscout24.net/listing-images/dccf8b76-b27c-41f5-8390-47212ee9d10a_4d2fa5d3-3ead-4df4-a6e3-dd6a616b8977.jpg/250x188.webp,1180,74.57281408996285,6375,64
654f01cd-de29-4e99-a395-92865741293a,Mercedes-Benz,C 200,Coupé,Dealer,3790,d,205000,07-2008,https://prod.pictures.autoscout24.net/listing-images/654f01cd-de29-4e99-a395-92865741293a_ccabe27e-b045-40fc-85ff-f7e4e4bd94ae.jpg/250x188.webp,7130,117.49117131592739,5279,61
3432e09c-1198-4007-876b-fe45661f3aed,Mercedes-Benz,Sprinter,Bestelwagen,Dealer,3800,d,240000,08-2005,https://prod.pictures.autoscout24.net/listing-images/3432e09c-1198-4007-876b-fe45661f3aed_3191b39f-8b8e-403d-96f6-38ec18ccfd09.jpg/250x188.webp,1080,69.57979227671277,6344,1
1a49303d-8dfa-4823-b9ad-41f57c05d06d,Mercedes-Benz,C 200,Berline,PrivateSeller,3800,b,134000,11-1994,https://prod.pictures.autoscout24.net/listing-images/1a49303d-8dfa-4823-b9ad-41f57c05d06d_a3ef5c9e-140e-455d-b875-9f7571a60b78.jpg/250x188.webp,8930,119.0088533447813,10270,4
95679661-0567-4fb8-a925-9bfc7d158589,Mercedes-Benz,C 200,Berline,Dealer,3800,d,236000,10-2003,https://prod.pictures.autoscout24.net/listing-images/95679661-0567-4fb8-a925-9bfc7d158589_ef2c905e-b19f-4f05-9599-c2fbd5fb6e17.jpg/250x188.webp,2221,50.89507114551592,7014,6
8a95703a-67c0-43fc-9535-2681baf85948,Mercedes-Benz,B 180,Monovolume,PrivateSeller,3800,d,220000,09-2007,https://prod.pictures.autoscout24.net/listing-images/8a95703a-67c0-43fc-9535-2681baf85948_7e9b96fc-b176-41f6-ba84-5e55980600f0.jpg/250x188.webp,7000,118.39471915054493,5583,9
70dd85af-1c79-4c82-98ad-54245134afdb,Mercedes-Benz,E 220,Break,Dealer,3800,d,384000,02-2007,https://prod.pictures.autoscout24.net/listing-images/70dd85af-1c79-4c82-98ad-54245134afdb_4367c53f-caa1-405d-ae54-0711a27a136a.jpg/250x188.webp,8780,99.55156553209542,5795,9
bef9ef8f-e36b-40f8-890d-5f5a8aea4ce7,Mercedes-Benz,E 220,Berline,Dealer,3800,d,212000,07-2004,https://prod.pictures.autoscout24.net/listing-images/bef9ef8f-e36b-40f8-890d-5f5a8aea4ce7_b62ce405-abc2-45d8-893c-49f033a91d04.jpg/250x188.webp,2840,43.35213990196281,6740,19
5bb4cce2-9301-4944-9273-cdc81160b882,Mercedes-Benz,B 180,Monovolume,PrivateSeller,3800,d,201000,02-2008,https://prod.pictures.autoscout24.net/listing-images/5bb4cce2-9301-4944-9273-cdc81160b882_a1a17d7c-2889-45b9-9a0e-811cd1e1c91e.jpg/250x188.webp,3700,103.11033326257076,5430,52
a7651527-ee02-45c6-a2ff-8793914480e7,Mercedes-Benz,A 180,Monovolume,Dealer,3800,d,256000,10-2010,https://prod.pictures.autoscout24.net/listing-images/a7651527-ee02-45c6-a2ff-8793914480e7_daf46190-4f15-485b-b42c-bf6b56ce0f5e.jpg/250x188.webp,8791,102.62748120507626,4457,54
cc4e846d-0d1f-4796-b69f-012a7ed68d79,Mercedes-Benz,C 200,Break,PrivateSeller,3800,d,560000,05-2011,https://prod.pictures.autoscout24.net/listing-images/cc4e846d-0d1f-4796-b69f-012a7ed68d79_c900e9eb-b758-4354-8db5-cd5ece21efd9.jpg/250x188.webp,1770,71.72306486218548,4245,62
77695b5f-f2e4-4524-af54-c9133e0d8b6e,Mercedes-Benz,S 320,Berline,PrivateSeller,3800,b,252000,04-1999,https://prod.pictures.autoscout24.net/listing-images/77695b5f-f2e4-4524-af54-c9133e0d8b6e_ce6ad65d-c418-49ba-aa20-e79dbb42313c.jpg/250x188.webp,3271,60.47716564007307,8658,148
570d385e-8d87-4198-973d-13faa03c447d,Mercedes-Benz,200,Berline,Dealer,3850,d,258000,02-1991,https://prod.pictures.autoscout24.net/listing-images/570d385e-8d87-4198-973d-13faa03c447d_c0cb8f55-1432-4005-99a1-fcb063a64aa3.jpg/250x188.webp,8860,107.47860619254739,11639,68
5720f8b1-2ca4-46dc-83db-59edf336d246,Mercedes-Benz,C 200,Break,Dealer,3900,d,327000,06-2008,https://prod.pictures.autoscout24.net/listing-images/5720f8b1-2ca4-46dc-83db-59edf336d246_9d50ee0a-0768-450c-bf98-e992bb76ef1a.jpg/250x188.webp,9040,67.59494645605788,5309,2
f0788154-01ed-496c-9e4e-0c6c80d71170,Mercedes-Benz,Sprinter,Andere,Dealer,3900,d,250000,06-1998,https://prod.pictures.autoscout24.net/listing-images/f0788154-01ed-496c-9e4e-0c6c80d71170_7531f7f2-29c2-496a-aefe-addd6fdd2f0f.jpg/250x188.webp,1840,54.29299877782283,8962,5
527fef80-4117-466e-b76b-0dc0c3e0e072,Mercedes-Benz,B 180,Monovolume,Dealer,3900,d,188000,09-2008,https://prod.pictures.autoscout24.net/listing-images/527fef80-4117-466e-b76b-0dc0c3e0e072_5d2fe844-f074-476c-8189-6b72af646f66.jpg/250x188.webp,4102,122.20973776491603,5217,6
1526def1-c252-4c92-9f5d-0c1405ca20e9,Mercedes-Benz,E 200,Berline,Dealer,3900,d,159200,02-2007,https://prod.pictures.autoscout24.net/listing-images/1526def1-c252-4c92-9f5d-0c1405ca20e9_f38acc79-5683-45b9-8151-dc06a9882c66.jpg/250x188.webp,9140,42.211874657394915,5795,15
36de7cbe-e29c-4517-b79b-2241ebbc9904,Mercedes-Benz,E 200,Berline,PrivateSeller,3900,b,268000,06-2004,https://prod.pictures.autoscout24.net/listing-images/36de7cbe-e29c-4517-b79b-2241ebbc9904_c3d0bc9f-8326-4830-b833-792079dd8516.jpg/250x188.webp,1950,67.41758827634925,6770,28
e0936b8e-9fb2-4453-864e-8255bb99b13e,Mercedes-Benz,A 180,Andere,Dealer,3900,d,280000,04-2011,https://prod.pictures.autoscout24.net/listing-images/e0936b8e-9fb2-4453-864e-8255bb99b13e_bef8524e-8cfe-4d00-b2b0-892399807cc5.jpg/250x188.webp,6700,222.4448441752208,4275,35
789c929b-fe18-4b9a-a402-1e5f3dcd1045,Mercedes-Benz,CLK 200,Coupé,Dealer,3900,b,189000,09-2001,https://prod.pictures.autoscout24.net/listing-images/789c929b-fe18-4b9a-a402-1e5f3dcd1045_92958f1a-22c1-46a2-a198-b9d1a0d4a4d5.jpg/250x188.webp,3512,81.96119366050621,7774,41
81bdfc35-c30d-4e7c-874c-16e955072c7b,Mercedes-Benz,CLK 200,Coupé,Dealer,3900,b,74000,01-1998,https://prod.pictures.autoscout24.net/listing-images/81bdfc35-c30d-4e7c-874c-16e955072c7b_0a96bedf-3b62-4344-8302-f2259d9957f0.jpg/250x188.webp,1602,75.23922327931528,9113,69
a4c1bd2f-b161-4f65-ac5f-a783d3754d17,Mercedes-Benz,Sprinter,Andere,Dealer,3900,d,397000,01-1999,https://prod.pictures.autoscout24.net/listing-images/a4c1bd2f-b161-4f65-ac5f-a783d3754d17_3932721f-af66-4c31-9b61-a57cfcce2fcd.jpg/250x188.webp,1840,54.29299877782283,8748,197
469fa91f-9d05-4b8d-bf7c-9c3a2a23f62a,Mercedes-Benz,B 180,Monovolume,Dealer,3950,d,87000,05-2007,https://prod.pictures.autoscout24.net/listing-images/469fa91f-9d05-4b8d-bf7c-9c3a2a23f62a_cd8f2c68-8dda-49d3-a23b-d9e68e5de799.jpg/250x188.webp,1831,63.496143889011755,5706,1
d0d56f77-3eeb-4163-a691-fb6560ebe833,Mercedes-Benz,C 220,Coupé,PrivateSeller,3950,d,115900,07-2002,https://prod.pictures.autoscout24.net/listing-images/d0d56f77-3eeb-4163-a691-fb6560ebe833_1c24f8b8-ef33-47cf-bf84-e63c030d427a.jpg/250x188.webp,6250,115.60596353389253,7471,24
58c21ee8-a529-41b3-8d66-20387b1895d4,Mercedes-Benz,E 220,Berline,Dealer,3950,d,212000,01-2003,https://prod.pictures.autoscout24.net/listing-images/58c21ee8-a529-41b3-8d66-20387b1895d4_9b0e43ea-fe72-46f6-b261-37d40c652681.jpg/250x188.webp,4520,112.57318942534252,7287,28
26b7c193-b587-47b4-b2e7-566785398da3,Mercedes-Benz,Viano,Bestelwagen,Dealer,3950,d,350000,07-2005,https://prod.pictures.autoscout24.net/listing-images/26b7c193-b587-47b4-b2e7-566785398da3_48822f88-0732-46e3-910f-2cc10901a62f.jpg/250x188.webp,1083,67.26476839570763,6375,269
83d5099a-e46a-4cc9-94e9-e645f266d556,Mercedes-Benz,C 200,Berline,Dealer,3990,b,165278,06-1997,https://prod.pictures.autoscout24.net/listing-images/83d5099a-e46a-4cc9-94e9-e645f266d556_07c372ee-9f31-4fd5-bbfb-8fca8d710b74.jpg/250x188.webp,6031,117.04479587125066,9327,6
6381a975-293a-4472-80ae-78f827fbc103,Mercedes-Benz,C 220,Berline,Dealer,3990,d,100000,03-1998,https://prod.pictures.autoscout24.net/listing-images/6381a975-293a-4472-80ae-78f827fbc103_db56e0ec-e5dd-421b-9599-91e8a9ba86ca.jpg/250x188.webp,1420,87.49639779077864,9054,90
5f653bd6-b605-483c-997c-307cecc811b1,Mercedes-Benz,A 160,Monovolume,Dealer,3990,d,117000,06-2006,https://prod.pictures.autoscout24.net/listing-images/5f653bd6-b605-483c-997c-307cecc811b1_538d923a-7039-4aee-8584-17f7c242c646.jpg/250x188.webp,7120,126.85657914067737,6040,99
1dfdbef7-747b-4fcf-a64a-40b25867ebf6,Mercedes-Benz,A 170,Monovolume,Dealer,3999,d,118500,02-2002,https://prod.pictures.autoscout24.net/listing-images/1dfdbef7-747b-4fcf-a64a-40b25867ebf6_dde64992-336b-438d-9171-3b5b9ba3cfa8.jpg/250x188.webp,4610,126.04959809806367,7621,2
9ce441e2-3ad2-42c0-81aa-01755a033ace,Mercedes-Benz,E 220,Berline,Dealer,4000,d,309000,03-2003,https://prod.pictures.autoscout24.net/listing-images/9ce441e2-3ad2-42c0-81aa-01755a033ace_2191c04c-9cdb-4922-bd09-5056f8631d0a.jpg/250x188.webp,2221,50.89507114551592,7228,5
c42d75b0-0473-4742-a4f9-310981498a3c,Mercedes-Benz,C 200,Berline,Dealer,4000,d,276000,11-2001,https://prod.pictures.autoscout24.net/listing-images/c42d75b0-0473-4742-a4f9-310981498a3c_5fe71629-01b1-469d-892f-333d2f159503.jpg/250x188.webp,2221,50.89507114551592,7713,6
f1332666-3ee1-49e7-9452-aa0d2c789398,Mercedes-Benz,Sprinter,Bestelwagen,Dealer,4000,d,180000,12-2005,https://prod.pictures.autoscout24.net/listing-images/f1332666-3ee1-49e7-9452-aa0d2c789398_f5626036-21d0-435c-8426-01d0ce8ae3d7.jpg/250x188.webp,1080,69.57979227671277,6222,8
b6dbf0f2-99ba-4efa-ac04-a6f4179a0e37,Mercedes-Benz,CLK 200,Coupé,PrivateSeller,4000,b,280736,11-1998,https://prod.pictures.autoscout24.net/listing-images/b6dbf0f2-99ba-4efa-ac04-a6f4179a0e37_e8704e65-6baa-4e54-9397-ec20128a23ca.jpg/250x188.webp,4100,122.70999344916741,8809,12
92d82dda-2c5c-4f1a-9615-6e73669614a5,Mercedes-Benz,SLK 200,Cabriolet,PrivateSeller,4000,b,175000,04-1999,https://prod.pictures.autoscout24.net/listing-images/92d82dda-2c5c-4f1a-9615-6e73669614a5_35062502-2007-4a30-807d-75bfb6d216d9.jpg/250x188.webp,1000,69.17270624549755,8658,17
623c205f-5e20-48b1-95ad-abff1413d41d,Mercedes-Benz,CLK 220,Coupé,PrivateSeller,4000,d,360000,06-2006,https://prod.pictures.autoscout24.net/listing-images/623c205f-5e20-48b1-95ad-abff1413d41d_ee8369be-61d4-4070-a6bf-644dad261dbb.jpg/250x188.webp,7120,126.85657914067737,6040,35
c72172d6-e845-4c80-adaa-554c0d4073d8,Mercedes-Benz,Vario,Andere,Dealer,4000,d,412000,06-1988,https://prod.pictures.autoscout24.net/listing-images/c72172d6-e845-4c80-adaa-554c0d4073d8_7aee2298-4712-4cd0-b33d-1f5c9da9667c.jpg/250x188.webp,9990,76.7983356711753,12614,40
ac8726bc-6028-4a30-b7c9-0f1d250b8f42,Mercedes-Benz,416,Bestelwagen,Dealer,4000,d,200000,09-1994,https://prod.pictures.autoscout24.net/listing-images/ac8726bc-6028-4a30-b7c9-0f1d250b8f42_46566dfa-6592-43c8-85d7-e986e0b534e3.jpg/250x188.webp,1700,70.90697373704198,10331,41
73c4d791-2f4c-46ce-82e4-1ba5f7c02f11,Mercedes-Benz,B 180,Monovolume,PrivateSeller,4000,d,177000,10-2008,https://prod.pictures.autoscout24.net/listing-images/73c4d791-2f4c-46ce-82e4-1ba5f7c02f11_e79687eb-a430-42d3-846b-7a836a0fc9cc.jpg/250x188.webp,7100,111.04432979756132,5187,52
9e82f981-9c1d-488e-a422-e9957e51c022,Mercedes-Benz,A 150,Monovolume,PrivateSeller,4000,b,219500,09-2008,https://prod.pictures.autoscout24.net/listing-images/9e82f981-9c1d-488e-a422-e9957e51c022_51536233-9595-413e-8e17-e255e6bc6d3d.jpg/250x188.webp,1700,70.90697373704198,5217,72
7d65eceb-9b4d-4e2b-95d0-0b81e0e5f6fb,Mercedes-Benz,C 200,Break,PrivateSeller,4000,d,205005,04-2005,https://prod.pictures.autoscout24.net/listing-images/7d65eceb-9b4d-4e2b-95d0-0b81e0e5f6fb_acd785ff-bd7e-43b8-a200-6250081bf178.jpg/250x188.webp,8790,97.02122056774895,6466,84
d27b0229-5701-400d-8b53-adc570251706,Mercedes-Benz,Vito,Bestelwagen,PrivateSeller,4000,d,320000,11-2007,https://prod.pictures.autoscout24.net/listing-images/d27b0229-5701-400d-8b53-adc570251706_fe22f97b-03a6-41f2-9425-7775e1f9f357.jpg/250x188.webp,9790,94.2233290400282,5522,93
3cf6aac7-7b40-4f0e-b108-444830a734af,Mercedes-Benz,Sprinter,Bestelwagen,PrivateSeller,4000,d,272000,07-2006,https://prod.pictures.autoscout24.net/listing-images/3cf6aac7-7b40-4f0e-b108-444830a734af_1485bc30-a1eb-4962-9ccf-32f912564b93.jpg/250x188.webp,4020,121.60247278825214,6010,99
f4cd7c92-3c0f-437a-85f9-d750d4938cfe,Mercedes-Benz,E 200,Berline,PrivateSeller,4000,d,331555,08-1989,https://prod.pictures.autoscout24.net/listing-images/f4cd7c92-3c0f-437a-85f9-d750d4938cfe_3173cf98-7c75-4d2c-bcfc-e7cf42097003.jpg/250x188.webp,3440,85.56004650270671,12188,135
ac830537-c396-4e31-95c4-4e034b53db8b,Mercedes-Benz,Vito,Bestelwagen,PrivateSeller,4000,d,197600,07-1999,https://prod.pictures.autoscout24.net/listing-images/ac830537-c396-4e31-95c4-4e034b53db8b_f6453718-7118-4274-9758-df4651104b1c.jpg/250x188.webp,3941,73.06805294297874,8567,159
7adb9e49-50a0-461c-9d40-8708350f12fc,Mercedes-Benz,CLK 200,Coupé,PrivateSeller,4100,b,135000,01-1999,https://prod.pictures.autoscout24.net/listing-images/7adb9e49-50a0-461c-9d40-8708350f12fc_71cbba81-6d7c-43e3-8777-f30598ac1880.jpg/250x188.webp,1140,66.17447866127165,8748,162
03a41e50-25f6-4d78-969e-78fdf677bf95,Mercedes-Benz,C 220,Berline,PrivateSeller,4200,d,186000,05-2005,https://prod.pictures.autoscout24.net/listing-images/03a41e50-25f6-4d78-969e-78fdf677bf95_7076cba8-930f-403b-b4d3-9a3e1bda35bb.jpg/250x188.webp,1070,71.06367211068877,6436,41
d47ed08a-2cec-4c6e-9590-3af94080d485,Mercedes-Benz,A 180,Monovolume,PrivateSeller,4200,d,210000,05-2009,https://prod.pictures.autoscout24.net/listing-images/d47ed08a-2cec-4c6e-9590-3af94080d485_7057b56e-911f-4062-9fab-fc29757d6f18.jpg/250x188.webp,4100,122.70999344916741,4975,44
05410175-65e8-4f84-a598-f2ead2aad6b9,Mercedes-Benz,E 200,Berline,PrivateSeller,4200,d,193000,10-2003,https://prod.pictures.autoscout24.net/listing-images/05410175-65e8-4f84-a598-f2ead2aad6b9_9ec7e924-8b34-4f20-be54-1ee19a0917f5.jpg/250x188.webp,4000,118.53949006185148,7014,106
a8d255ea-13d0-4cdd-8506-f34adb5f6ec4,Mercedes-Benz,E 220,Break,Dealer,4200,d,270000,06-2006,https://prod.pictures.autoscout24.net/listing-images/a8d255ea-13d0-4cdd-8506-f34adb5f6ec4_f69bfeff-efd7-4907-b16b-4d4c0f921034.jpg/250x188.webp,1840,54.29299877782283,6040,179
1244bbb5-484c-449c-b4bf-0cec32eeba80,Mercedes-Benz,C 220,Berline,Dealer,4249,d,154650,11-2004,https://prod.pictures.autoscout24.net/listing-images/1244bbb5-484c-449c-b4bf-0cec32eeba80_697be054-1208-4eb2-8b19-79c84a5073d3.jpg/250x188.webp,1602,75.23922327931528,6617,68
9d603b06-7ce8-4270-84cc-d3ba6447e460,Mercedes-Benz,E 200,Berline,PrivateSeller,4250,d,224000,11-1992,https://prod.pictures.autoscout24.net/listing-images/9d603b06-7ce8-4270-84cc-d3ba6447e460_8e565396-1f12-4a3a-bbaf-8386b60566e8.jpg/250x188.webp,3550,75.75580829789837,11000,4
cca96008-17fb-40a9-83fd-9371e1191319,Mercedes-Benz,Sprinter,Bestelwagen,Dealer,4250,d,255000,04-1997,https://prod.pictures.autoscout24.net/listing-images/cca96008-17fb-40a9-83fd-9371e1191319_3c64c87b-4cc5-4cb5-8e50-12c5beac2da4.jpg/250x188.webp,9280,57.52425726435139,9388,13
20ecfdc7-22b6-4226-9e41-12c97df48248,Mercedes-Benz,B 180,Monovolume,PrivateSeller,4250,d,177000,10-2008,https://prod.pictures.autoscout24.net/listing-images/20ecfdc7-22b6-4226-9e41-12c97df48248_9ee6e403-178f-4d0b-9e84-04cc811b127e.jpg/250x188.webp,7100,111.04432979756132,5187,58
7cf25286-4676-435d-bcdb-48da44e1bdfe,Mercedes-Benz,308,Bestelwagen,Dealer,4250,d,198000,12-1988,https://prod.pictures.autoscout24.net/listing-images/7cf25286-4676-435d-bcdb-48da44e1bdfe_c4758704-6f0c-4f89-b724-a5174bb47ad1.jpg/250x188.webp,1400,97.35176357549375,12431,144
0f8d10f6-edf6-4453-9734-11ab28086319,Mercedes-Benz,Sprinter,Bestelwagen,PrivateSeller,4300,d,310000,11-2010,https://prod.pictures.autoscout24.net/listing-images/0f8d10f6-edf6-4453-9734-11ab28086319_9bca5e2c-a4c9-478c-908f-5360ed48b1d6.jpg/250x188.webp,1070,71.06367211068877,4426,31
04480fa1-5bef-45e6-9643-cb2b65afedbf,Mercedes-Benz,308,Bestelwagen,Dealer,4300,d,270000,09-1997,https://prod.pictures.autoscout24.net/listing-images/04480fa1-5bef-45e6-9643-cb2b65afedbf_2fc7572f-d9f5-4ca2-8b23-db7cb533cc84.jpg/250x188.webp,1700,70.90697373704198,9235,41
e98a206f-00e1-4117-ad75-422ac3a21ddf,Mercedes-Benz,200,Berline,PrivateSeller,4300,b,216000,07-1981,https://prod.pictures.autoscout24.net/listing-images/e98a206f-00e1-4117-ad75-422ac3a21ddf_ab1cfba0-9fda-43ac-967e-3d747d141182.jpg/250x188.webp,1309,,15141,163
6547fe3d-90bd-4a84-8d73-e359f528d198,Mercedes-Benz,200,Berline,PrivateSeller,4300,b,216000,07-1981,https://prod.pictures.autoscout24.net/listing-images/6547fe3d-90bd-4a84-8d73-e359f528d198_63f4cdbe-eaa0-4ce9-b243-2c47093b66c3.jpg/250x188.webp,1309,,15141,165
5ff04822-49f6-4aa8-a686-08d815a5e56d,Mercedes-Benz,208,Bestelwagen,Dealer,4350,d,270000,09-1998,https://prod.pictures.autoscout24.net/listing-images/5ff04822-49f6-4aa8-a686-08d815a5e56d_98dec127-2969-43f2-841c-90ac450efeaa.jpg/250x188.webp,1700,70.90697373704198,8870,5
e05d42b7-1041-4708-8c7a-87d1c40c5707,Mercedes-Benz,C 200,Break,Dealer,4350,d,287000,11-2009,https://prod.pictures.autoscout24.net/listing-images/e05d42b7-1041-4708-8c7a-87d1c40c5707_2478422f-de9a-43f1-a996-31926cc390cb.jpg/250x188.webp,1400,97.35176357549375,4791,51
75b708dc-90dd-4961-b1ff-af41e2b0e3b5,Mercedes-Benz,Vito,Bestelwagen,Dealer,4350,d,230000,07-2006,https://prod.pictures.autoscout24.net/listing-images/75b708dc-90dd-4961-b1ff-af41e2b0e3b5_84f64a53-1612-4a2f-af62-43eec49507cc.jpg/250x188.webp,1730,61.98157406185932,6010,148
0ec0bda1-f02a-4fa6-9599-4fd4fd549f6b,Mercedes-Benz,Sprinter,Bestelwagen,Dealer,4350,d,283000,03-1992,https://prod.pictures.autoscout24.net/listing-images/0ec0bda1-f02a-4fa6-9599-4fd4fd549f6b_63efbcc2-46ad-4fdc-8805-5c35ec4d287f.jpg/250x188.webp,1400,97.35176357549375,11245,154
a7e490ed-49c4-49ed-9982-0d9fd2af65ea,Mercedes-Benz,CLK 200,Cabriolet,PrivateSeller,4400,b,259500,06-2005,https://prod.pictures.autoscout24.net/listing-images/a7e490ed-49c4-49ed-9982-0d9fd2af65ea_a76bf8a5-bc17-4f83-a7c8-8320e35c8f2c.jpg/250x188.webp,1120,62.742598438003384,6405,31
b5d03f8b-c5e8-4e7d-a60a-43bac0d49d68,Mercedes-Benz,Sprinter,Bestelwagen,Dealer,4400,d,210000,03-1998,https://prod.pictures.autoscout24.net/listing-images/b5d03f8b-c5e8-4e7d-a60a-43bac0d49d68_12dae398-ca9c-4045-919a-d15dd81d0d93.jpg/250x188.webp,1600,78.61296004280759,9054,48
baa94ed0-3dfc-497b-bc4e-a1fa8a0056fe,Mercedes-Benz,Sprinter,Bestelwagen,Dealer,4400,d,210000,04-1997,https://prod.pictures.autoscout24.net/listing-images/baa94ed0-3dfc-497b-bc4e-a1fa8a0056fe_f80988ae-8dc1-49e6-b4d2-ed087ae8817b.jpg/250x188.webp,1700,70.90697373704198,9388,83
4f2e24c4-73d5-4cac-907c-6efe3a70d80c,Mercedes-Benz,E 220,Berline,Dealer,4400,d,341000,04-2006,https://prod.pictures.autoscout24.net/listing-images/4f2e24c4-73d5-4cac-907c-6efe3a70d80c_df3fedfa-a8d0-4cf3-ac4f-4a69a5e4210f.jpg/250x188.webp,2547,37.9441917128707,6101,218
90bb91d6-e3cf-4b0d-a9a0-c1ac7c517cfd,Mercedes-Benz,C 200,Berline,Dealer,4450,d,357000,12-2010,https://prod.pictures.autoscout24.net/listing-images/90bb91d6-e3cf-4b0d-a9a0-c1ac7c517cfd_bfd4a329-cee4-4fda-9f4c-e070a6b65f7a.jpg/250x188.webp,4400,117.24460891533398,4396,2
455574a6-a5ae-47de-8113-3f6e1f87fb83,Mercedes-Benz,C 200,Berline,Dealer,4450,b,148000,12-2002,https://prod.pictures.autoscout24.net/listing-images/455574a6-a5ae-47de-8113-3f6e1f87fb83_91c1996a-af11-4f29-bd01-afeb3df46785.jpg/250x188.webp,1840,54.29299877782283,7318,9
1bec1ccc-cb72-4f96-8f4b-30e74bc70fe0,Mercedes-Benz,R 320,Monovolume,Dealer,4450,d,504870,06-2007,https://prod.pictures.autoscout24.net/listing-images/1bec1ccc-cb72-4f96-8f4b-30e74bc70fe0_e5931017-61a0-4626-8aa2-9471bd4bf4ed.jpg/250x188.webp,8800,107.24415982689398,5675,22
23ec4d74-27cf-44fe-8db8-2135c2205cd0,Mercedes-Benz,300,Berline,Dealer,4450,d,229750,05-1989,https://prod.pictures.autoscout24.net/listing-images/23ec4d74-27cf-44fe-8db8-2135c2205cd0_11f20ccf-0f12-452b-b153-260cfc86c7aa.jpg/250x188.webp,7540,116.1518990630203,12280,36
b5e1f11b-71f7-4007-b0e2-4186395129a4,Mercedes-Benz,A 150,Berline,Dealer,4450,b,128000,09-2006,https://prod.pictures.autoscout24.net/listing-images/b5e1f11b-71f7-4007-b0e2-4186395129a4_cbdb978d-89f3-4dd4-8da5-d065b03a80e2.jpg/250x188.webp,8800,107.24415982689398,5948,79
7ca8376e-2f5c-4799-9154-85f316441520,Mercedes-Benz,CLK 220,Coupé,Dealer,4450,d,250210,07-2006,https://prod.pictures.autoscout24.net/listing-images/7ca8376e-2f5c-4799-9154-85f316441520_369fc50a-ff67-4725-9b7d-518333be0edd.jpg/250x188.webp,6250,115.60596353389253,6010,82
065ecd01-8156-4be6-8643-c88eec3d48ea,Mercedes-Benz,200,Berline,Dealer,4450,d,139415,08-1991,https://prod.pictures.autoscout24.net/listing-images/065ecd01-8156-4be6-8643-c88eec3d48ea_a6b7c166-3fa5-4568-ba3b-578722d1248a.jpg/250x188.webp,3770,107.37770611416195,11458,94
0f094314-69f4-45f2-95aa-c37d023231dc,Mercedes-Benz,C 220,Coupé,Dealer,4490,d,162600,08-2006,https://prod.pictures.autoscout24.net/listing-images/0f094314-69f4-45f2-95aa-c37d023231dc_5de7ac53-8ce2-41d8-9f7f-12d06767b87c.jpg/250x188.webp,4020,121.60247278825214,5979,8
a9b0d571-5743-43e8-867f-8724902db50f,Mercedes-Benz,200,Berline,Dealer,4490,d,287671,09-1994,https://prod.pictures.autoscout24.net/listing-images/a9b0d571-5743-43e8-867f-8724902db50f_7c0bc791-cd11-4147-ac87-8612019371a9.jpg/250x188.webp,7540,116.1518990630203,10331,22
6d2f61f9-4357-4494-8b28-f3dd475376cd,Mercedes-Benz,C 200,Berline,Dealer,4490,d,137000,02-2002,https://prod.pictures.autoscout24.net/listing-images/6d2f61f9-4357-4494-8b28-f3dd475376cd_a834b229-283f-44d9-aece-7d79d14e2e58.jpg/250x188.webp,7333,120.19113271072128,7621,25
f6832e22-4f31-4828-b6b3-a11295ff9482,Mercedes-Benz,E 220,Berline,Dealer,4490,d,294000,12-2005,https://prod.pictures.autoscout24.net/listing-images/f6832e22-4f31-4828-b6b3-a11295ff9482_f889c614-b6d7-43e7-96bd-1e193197fb5e.jpg/250x188.webp,1800,60.05560122441548,6222,81
a17adb6b-e1aa-4d76-b3a0-92ab0d72976f,Mercedes-Benz,200,Berline,PrivateSeller,4500,d,202000,03-1991,https://prod.pictures.autoscout24.net/listing-images/a17adb6b-e1aa-4d76-b3a0-92ab0d72976f_0109cacc-9849-4241-8c78-9bdc7443b22b.jpg/250x188.webp,7970,114.21193222683273,11611,1
5bc97e91-e5cc-47ee-b87e-70893c0dcef5,Mercedes-Benz,320,Bestelwagen,Dealer,4500,d,250000,10-1998,https://prod.pictures.autoscout24.net/listing-images/5bc97e91-e5cc-47ee-b87e-70893c0dcef5_5641e449-b9cc-456d-8ca9-6e79594d5279.jpg/250x188.webp,1700,70.90697373704198,8840,1
9d9c361f-3e14-4cac-9369-41fdd9fd2c6d,Mercedes-Benz,B 170,Monovolume,PrivateSeller,4500,b,162000,06-2007,https://prod.pictures.autoscout24.net/listing-images/9d9c361f-3e14-4cac-9369-41fdd9fd2c6d_01640718-70b9-4539-a83a-24274b3baf60.jpg/250x188.webp,3500,86.84432103923942,5675,6
80e29251-a546-45c6-bbea-2ef45360c597,Mercedes-Benz,A 170,Monovolume,Dealer,4500,b,134000,02-2005,https://prod.pictures.autoscout24.net/listing-images/80e29251-a546-45c6-bbea-2ef45360c597_25aa00ea-eabf-44e2-b131-cf6c55d2bd52.jpg/250x188.webp,4624,126.75973187027684,6525,8
7d117059-f05f-4d9d-a20d-49ae778d772c,Mercedes-Benz,B 180,Monovolume,Dealer,4500,d,142500,08-2011,https://prod.pictures.autoscout24.net/listing-images/7d117059-f05f-4d9d-a20d-49ae778d772c_0c20e0e2-0f4f-4c42-a029-e7f82b0ae9de.jpg/250x188.webp,1730,61.98157406185932,4153,9
549ca471-d63f-4e47-9cd2-f84720d1cf26,Mercedes-Benz,C 200,Berline,PrivateSeller,4500,d,250000,12-2010,https://prod.pictures.autoscout24.net/listing-images/549ca471-d63f-4e47-9cd2-f84720d1cf26_a16b0a59-0676-4535-9e55-9460a54f8c36.jpg/250x188.webp,1080,69.57979227671277,4396,11
bb51690d-55f7-4f88-9ba3-7085582c2232,Mercedes-Benz,B 200,Monovolume,PrivateSeller,4500,d,147355,11-2007,https://prod.pictures.autoscout24.net/listing-images/bb51690d-55f7-4f88-9ba3-7085582c2232_1a5a18b7-002e-4c89-a50e-b8de837b85f4.jpg/250x188.webp,5150,116.32900442102313,5522,15
8a7bd4f3-4550-4ff8-80cb-94c15975cb6f,Mercedes-Benz,C 160,Coupé,PrivateSeller,4500,b,225000,05-2006,https://prod.pictures.autoscout24.net/listing-images/8a7bd4f3-4550-4ff8-80cb-94c15975cb6f_5d1ce558-290a-40e0-91b6-2f62a4eb3d8f.jpg/250x188.webp,1030,66.85598932704684,6071,18
3367b384-d665-4364-b371-1ea2772bf56f,Mercedes-Benz,C 160,Coupé,PrivateSeller,4500,b,225000,05-2006,https://prod.pictures.autoscout24.net/listing-images/3367b384-d665-4364-b371-1ea2772bf56f_f7b6fef4-ed4b-49c0-9d82-2373f022d7be.jpg/250x188.webp,1030,66.85598932704684,6071,18
736a82e6-ef0c-44e4-ad58-5d3e3e972ba4,Mercedes-Benz,Sprinter,Andere,Dealer,4500,d,150000,01-2008,https://prod.pictures.autoscout24.net/listing-images/736a82e6-ef0c-44e4-ad58-5d3e3e972ba4_63460725-bec3-4716-9520-48c956d64878.jpg/250x188.webp,1933,67.42863651453277,5461,28
44acbf31-6d6e-488c-865e-7b1eb62bb3e3,Mercedes-Benz,C 200,Break,Dealer,4500,d,285000,02-2008,https://prod.pictures.autoscout24.net/listing-images/44acbf31-6d6e-488c-865e-7b1eb62bb3e3_a6b7c637-1a2d-4ea0-85fc-02644cc9171c.jpg/250x188.webp,3730,99.27898289790359,5430,38
d0e52375-9276-4bc8-a11a-5c7e89d4885a,Mercedes-Benz,208,Bestelwagen,Dealer,4500,d,270000,07-1997,https://prod.pictures.autoscout24.net/listing-images/d0e52375-9276-4bc8-a11a-5c7e89d4885a_239195d4-6a23-4882-ad49-517b37ba6c8a.jpg/250x188.webp,1700,70.90697373704198,9297,40
d2405070-bb12-46e5-8c61-e9c00d30f947,Mercedes-Benz,208,Bestelwagen,Dealer,4500,d,270000,09-1997,https://prod.pictures.autoscout24.net/listing-images/d2405070-bb12-46e5-8c61-e9c00d30f947_91c30c37-0b0b-42d1-96ee-794241e4ef90.jpg/250x188.webp,1700,70.90697373704198,9235,40
be0ffd1b-77cf-4385-84c0-b9908e113404,Mercedes-Benz,Sprinter,Monovolume,Dealer,4500,d,250000,08-1997,https://prod.pictures.autoscout24.net/listing-images/be0ffd1b-77cf-4385-84c0-b9908e113404_d6fa4cd7-fc8e-4ced-bdc0-e6a47ffcac6b.jpg/250x188.webp,1700,70.90697373704198,9266,41
ac0a6487-dad2-4c03-9a40-3d3f7aff28bf,Mercedes-Benz,190,Berline,Dealer,4500,d,266000,03-1986,https://prod.pictures.autoscout24.net/listing-images/ac0a6487-dad2-4c03-9a40-3d3f7aff28bf_f751d97d-9377-4ec0-9cb2-21e7c2a45b9b.jpg/250x188.webp,1083,67.26476839570763,13437,43
41f35171-02ab-4121-9fbb-6b99a3feab8b,Mercedes-Benz,308,Bestelwagen,Dealer,4500,d,270000,09-1998,https://prod.pictures.autoscout24.net/listing-images/41f35171-02ab-4121-9fbb-6b99a3feab8b_4fac6352-0701-42ef-a560-5c00f7a86049.jpg/250x188.webp,1700,70.90697373704198,8870,43
dedecc02-c08d-4589-b9ef-37d80aa88e9b,Mercedes-Benz,A 200,Berline,Dealer,4500,d,70724,11-2004,https://prod.pictures.autoscout24.net/listing-images/dedecc02-c08d-4589-b9ef-37d80aa88e9b_2a11fbed-9f79-4175-a739-b570c6272e63.jpg/250x188.webp,9280,57.52425726435139,6617,49
a5fc2763-bb5b-49cd-b983-58199d7da38b,Mercedes-Benz,B 180,Monovolume,Dealer,4500,d,112152,08-2008,https://prod.pictures.autoscout24.net/listing-images/a5fc2763-bb5b-49cd-b983-58199d7da38b_0301b3f5-e6fd-4a8d-a674-33a77aa5e631.jpg/250x188.webp,1700,70.90697373704198,5248,50
69e82d5d-d440-4af4-9883-7ed0b097946b,Mercedes-Benz,B 200,Monovolume,PrivateSeller,4500,d,225000,07-2008,https://prod.pictures.autoscout24.net/listing-images/69e82d5d-d440-4af4-9883-7ed0b097946b_7d4014d6-85e5-4d3d-a986-a6c5ec0879d2.jpg/250x188.webp,1853,62.49120970441575,5279,56
7927dfc5-008d-4099-be8e-98a0562892c3,Mercedes-Benz,E 220,Berline,PrivateSeller,4500,d,240000,10-2004,https://prod.pictures.autoscout24.net/listing-images/7927dfc5-008d-4099-be8e-98a0562892c3_69ad064e-5415-438c-882b-03479a1ff32a.jpg/250x188.webp,2900,24.06544367495776,6648,68
c79763d4-1281-4b01-b6d7-290667c56e7a,Mercedes-Benz,208,Monovolume,Dealer,4500,d,260000,12-1998,https://prod.pictures.autoscout24.net/listing-images/c79763d4-1281-4b01-b6d7-290667c56e7a_9815d109-1638-4ff3-93c4-f0481607b599.jpg/250x188.webp,1700,70.90697373704198,8779,68
e6e3e95c-d44a-47e9-96a4-4c79dedfcb29,Mercedes-Benz,C 200,Break,PrivateSeller,4500,d,313000,04-2011,https://prod.pictures.autoscout24.net/listing-images/e6e3e95c-d44a-47e9-96a4-4c79dedfcb29_df2df070-d81b-41c1-a023-85d138df5bbf.jpg/250x188.webp,3990,78.29825218048973,4275,71
037e5e69-a272-4ca7-808a-7ca33e2a7357,Mercedes-Benz,C 220,Break,PrivateSeller,4500,d,126300,03-1998,https://prod.pictures.autoscout24.net/listing-images/037e5e69-a272-4ca7-808a-7ca33e2a7357_e117aa62-57d9-42d2-8d9a-aed33c1d7261.jpg/250x188.webp,3800,90.52950000718796,9054,72
64ae3ea2-21eb-4401-86a1-0b541dc48e9f,Mercedes-Benz,A 150,Stadswagen,Dealer,4500,b,123000,09-2007,https://prod.pictures.autoscout24.net/listing-images/64ae3ea2-21eb-4401-86a1-0b541dc48e9f_6f0a995c-49ce-4bd0-9370-2b6d73bd79e3.jpg/250x188.webp,7012,120.36322565219064,5583,71
dc29f8a8-2417-45c3-bf11-8d28c747aeb5,Mercedes-Benz,Sprinter,Andere,Dealer,4500,d,213000,11-2002,https://prod.pictures.autoscout24.net/listing-images/dc29f8a8-2417-45c3-bf11-8d28c747aeb5_fa00ab9f-952f-443e-9ed3-8053d3fc63ea.jpg/250x188.webp,1840,54.29299877782283,7348,97
6192777f-5259-4220-b398-e7ae7197abb2,Mercedes-Benz,Sprinter,Bestelwagen,PrivateSeller,4500,d,264000,07-2006,https://prod.pictures.autoscout24.net/listing-images/6192777f-5259-4220-b398-e7ae7197abb2_ccf0c81d-6d22-4fa1-967c-ed5a6de11fa3.jpg/250x188.webp,4020,121.60247278825214,6010,100
2b7df538-9af6-412a-87c9-eee884dd241f,Mercedes-Benz,B 180,Monovolume,PrivateSeller,4500,d,180330,12-2010,https://prod.pictures.autoscout24.net/listing-images/2b7df538-9af6-412a-87c9-eee884dd241f_6fd65717-cec2-4bc9-b26e-1c754ce1e451.jpg/250x188.webp,1831,63.496143889011755,4396,107
3a2742b9-2d05-422c-9723-ee6f425a57fd,Mercedes-Benz,A 150,Monovolume,PrivateSeller,4500,b,225114,01-2005,https://prod.pictures.autoscout24.net/listing-images/3a2742b9-2d05-422c-9723-ee6f425a57fd_9efd8ad5-c537-4120-8201-7128199777a3.jpg/250x188.webp,4910,144.56052329760226,6556,126
9edf9737-ca51-4f17-b3c7-875c03092394,Mercedes-Benz,SLK 200,Cabriolet,PrivateSeller,4500,b,278000,08-2000,https://prod.pictures.autoscout24.net/listing-images/9edf9737-ca51-4f17-b3c7-875c03092394_51cef2ef-ef37-4020-86ec-82aa72403819.jpg/250x188.webp,3290,63.35789588207048,8170,143
c48fdf36-5399-440e-80c0-2e0d619d1b4c,Mercedes-Benz,C 200,Berline,Dealer,4500,d,143850,11-2005,https://prod.pictures.autoscout24.net/listing-images/c48fdf36-5399-440e-80c0-2e0d619d1b4c_f5766993-f5bb-4000-9cda-1422adf16893.jpg/250x188.webp,1780,63.273818071645216,6252,144
653bce45-e52d-4198-8717-9457274a8a63,Mercedes-Benz,CLK 240,Coupé,Dealer,4500,b,131000,07-2003,https://prod.pictures.autoscout24.net/listing-images/653bce45-e52d-4198-8717-9457274a8a63_04bd7805-70cd-43c6-8bd8-3b80e0252774.jpg/250x188.webp,1600,78.61296004280759,7106,161
11b724bd-89cb-408f-87d5-30d9d770a5bd,Mercedes-Benz,A 180,Monovolume,PrivateSeller,4590,d,128000,03-2005,https://prod.pictures.autoscout24.net/listing-images/11b724bd-89cb-408f-87d5-30d9d770a5bd_e7fac524-e9c4-45c2-bd22-bfa76514651b.jpg/250x188.webp,6001,119.62548366163914,6497,26
43797cb4-f67b-4bf3-9104-8180997164c1,Mercedes-Benz,B 180,Monovolume,Dealer,4599,d,132000,12-2010,https://prod.pictures.autoscout24.net/listing-images/43797cb4-f67b-4bf3-9104-8180997164c1_2145a297-c731-4736-921b-53c34bba6ce3.jpg/250x188.webp,3070,64.49129985396475,4396,16
7722cf23-020e-4400-ad3a-d6f36a1bbaa5,Mercedes-Benz,R 320,Break,PrivateSeller,4600,d,340000,11-2008,https://prod.pictures.autoscout24.net/listing-images/7722cf23-020e-4400-ad3a-d6f36a1bbaa5_d67df793-6a47-457c-99db-a17967d39880.jpg/250x188.webp,9681,96.48020971630606,5156,23
b7314ed3-63c6-4a61-8abb-f04036747de8,Mercedes-Benz,Sprinter,Bestelwagen,PrivateSeller,4600,d,310000,11-2010,https://prod.pictures.autoscout24.net/listing-images/b7314ed3-63c6-4a61-8abb-f04036747de8_0d47a369-9fe3-4784-83de-f7c23ea20c7c.jpg/250x188.webp,1070,71.06367211068877,4426,31
f2c95910-5920-4d25-91d9-12c9eeece9f7,Mercedes-Benz,Vito,Bestelwagen,Dealer,4600,d,195752,02-2006,https://prod.pictures.autoscout24.net/listing-images/f2c95910-5920-4d25-91d9-12c9eeece9f7_ba1befc3-49d3-4d11-8252-41d098af6f2d.jpg/250x188.webp,1420,87.49639779077864,6160,37
fdd78ff5-583f-4bf4-9550-6a3fe07a5be9,Mercedes-Benz,Citan,Andere,Dealer,4650,d,327000,11-2013,https://prod.pictures.autoscout24.net/listing-images/fdd78ff5-583f-4bf4-9550-6a3fe07a5be9_d9fc75fe-4447-42c5-89fd-7ffc9f8b32d0.jpg/250x188.webp,1840,54.29299877782283,3330,77
630fd055-fd55-4d69-9160-02c481740b33,Mercedes-Benz,R 320,Andere,PrivateSeller,4700,d,322574,01-2007,https://prod.pictures.autoscout24.net/listing-images/630fd055-fd55-4d69-9160-02c481740b33_9b65f7bf-4d0c-4522-9185-88cbf2fe4f49.jpg/250x188.webp,1080,69.57979227671277,5826,5
fb8fe861-cf4f-4682-bd3d-17757ef1181a,Mercedes-Benz,Sprinter,Bestelwagen,Dealer,4700,d,158000,12-1998,https://prod.pictures.autoscout24.net/listing-images/fb8fe861-cf4f-4682-bd3d-17757ef1181a_89817fe5-cfae-447b-8a19-3bf0c576e72b.jpg/250x188.webp,1700,70.90697373704198,8779,7
2a658550-0fed-4009-b612-d8d9fecd0fd2,Mercedes-Benz,Sprinter,Bestelwagen,Dealer,4700,d,223200,04-1997,https://prod.pictures.autoscout24.net/listing-images/2a658550-0fed-4009-b612-d8d9fecd0fd2_26738bdc-0ed5-416f-8725-4e1f39b0a4e5.jpg/250x188.webp,1600,78.61296004280759,9388,25
b89ff5cc-0a6e-47b2-8903-7385a19ebaf5,Mercedes-Benz,Sprinter,Bestelwagen,Dealer,4700,d,214000,05-1997,https://prod.pictures.autoscout24.net/listing-images/b89ff5cc-0a6e-47b2-8903-7385a19ebaf5_cbf0367e-76c3-4884-b05c-a5c8d657efd2.jpg/250x188.webp,1600,78.61296004280759,9358,25
4e29d70f-7052-426f-9c25-410e5f687173,Mercedes-Benz,B 180,Monovolume,PrivateSeller,4700,d,208004,01-2009,https://prod.pictures.autoscout24.net/listing-images/4e29d70f-7052-426f-9c25-410e5f687173_f01f5647-36e1-43c6-99a5-d37a2eb27f1d.jpg/250x188.webp,3640,93.71016005030347,5095,32
530fc180-b93a-401c-b140-a9e69b54c0c3,Mercedes-Benz,A 180,Berline,PrivateSeller,4700,d,125000,01-2011,https://prod.pictures.autoscout24.net/listing-images/530fc180-b93a-401c-b140-a9e69b54c0c3_56d9ffa6-6b04-4937-8147-c3172b5949b4.jpg/250x188.webp,2140,28.816369150105363,4365,100
4ad85e4f-2544-4f82-95da-d5ba2b0bd1fa,Mercedes-Benz,240,Berline,PrivateSeller,4700,d,362000,04-1980,https://prod.pictures.autoscout24.net/listing-images/4ad85e4f-2544-4f82-95da-d5ba2b0bd1fa_4751bd5e-aa35-4e0c-822b-c3278d52ab6e.jpg/250x188.webp,2070,30.80136628106094,15597,121
d3614c9a-bdec-455d-8044-192c611f6306,Mercedes-Benz,C 200,Berline,Dealer,4750,d,145000,12-2004,https://prod.pictures.autoscout24.net/listing-images/d3614c9a-bdec-455d-8044-192c611f6306_cabb09ed-037a-4f23-ad03-9f779fb797f7.jpg/250x188.webp,9200,55.33414746561007,6587,1
d2233546-0db6-4cd2-abbb-2106ad83ec20,Mercedes-Benz,Sprinter,Bestelwagen,Dealer,4750,d,189416,02-2004,https://prod.pictures.autoscout24.net/listing-images/d2233546-0db6-4cd2-abbb-2106ad83ec20_0c0bd0e9-9817-46fa-b613-3cb9e11a4f7a.jpg/250x188.webp,2382,39.86743595258549,6891,5
0a11351b-7204-4083-b3a3-e599abe31b34,Mercedes-Benz,190,Andere,Dealer,4750,d,330000,07-1989,https://prod.pictures.autoscout24.net/listing-images/0a11351b-7204-4083-b3a3-e599abe31b34_a49507e6-f7d7-4ad2-aa1e-de4cac7350ba.jpg/250x188.webp,1370,89.26135356419556,12219,20
22fd56dc-257c-4209-9889-d88e56c86a62,Mercedes-Benz,208,Bestelwagen,Dealer,4750,d,250000,09-1998,https://prod.pictures.autoscout24.net/listing-images/22fd56dc-257c-4209-9889-d88e56c86a62_3878d93f-fca4-4cd7-a38b-92f3b3362d0a.jpg/250x188.webp,1700,70.90697373704198,8870,45
f4fc158a-ceb6-409e-96a7-0cdd7817e142,Mercedes-Benz,,Bestelwagen,PrivateSeller,4750,d,263231,06-2010,https://prod.pictures.autoscout24.net/listing-images/f4fc158a-ceb6-409e-96a7-0cdd7817e142_58ae3069-e503-4709-bf1d-83d281836b31.jpg/250x188.webp,1457,94.96023841245366,4579,52
a32de0a7-402c-4159-9db7-30bd9b036869,Mercedes-Benz,C 200,Berline,PrivateSeller,4750,d,111554,08-1994,https://prod.pictures.autoscout24.net/listing-images/a32de0a7-402c-4159-9db7-30bd9b036869_458a52d2-419b-4aac-99b1-bec5c2d2c971.jpg/250x188.webp,2320,21.546747860266535,10362,81
f6ed53c1-1b4a-4dcd-bf7c-95a58cb8fe58,Mercedes-Benz,A 150,Berline,PrivateSeller,4750,b,238000,10-2009,https://prod.pictures.autoscout24.net/listing-images/f6ed53c1-1b4a-4dcd-bf7c-95a58cb8fe58_8d6c3659-dfbd-48a1-b06f-85402d174616.jpg/250x188.webp,1000,69.17270624549755,4822,176
7c688fa1-d10d-4371-a28b-93606f7c314c,Mercedes-Benz,Vito,Bestelwagen,Dealer,4800,d,95158,12-2001,https://prod.pictures.autoscout24.net/listing-images/7c688fa1-d10d-4371-a28b-93606f7c314c_bd476c2e-782c-4107-a321-8cb98c691898.jpg/250x188.webp,9260,64.90244926494331,7683,1
b4c8a465-4612-4e20-9903-276ff8c74974,Mercedes-Benz,Sprinter,Bestelwagen,Dealer,4800,d,300000,06-2005,https://prod.pictures.autoscout24.net/listing-images/b4c8a465-4612-4e20-9903-276ff8c74974_fc6a2d8a-2e53-4dd1-aa14-19895cd1daec.jpg/250x188.webp,1080,69.57979227671277,6405,7
ff90c4ee-df4a-438a-833b-59afbbae09bd,Mercedes-Benz,B 180,Monovolume,PrivateSeller,4800,d,221000,10-2007,https://prod.pictures.autoscout24.net/listing-images/ff90c4ee-df4a-438a-833b-59afbbae09bd_372bc0db-ab1f-421c-92b5-fb050dfec796.jpg/250x188.webp,4000,118.53949006185148,5553,103
288d6841-aaba-4a7d-bb72-008ce34ceeb0,Mercedes-Benz,300,Berline,PrivateSeller,4800,d,299023,08-1992,https://prod.pictures.autoscout24.net/listing-images/288d6841-aaba-4a7d-bb72-008ce34ceeb0_28d5ad1a-32db-4452-8553-378746372b7f.jpg/250x188.webp,9700,89.684350539887,11092,136
538f4a02-35a4-4640-9974-a328b4d3d451,Mercedes-Benz,190,Berline,PrivateSeller,4850,d,235525,03-1987,https://prod.pictures.autoscout24.net/listing-images/538f4a02-35a4-4640-9974-a328b4d3d451_e4f4e5f0-90b9-424a-8501-e00616e74041.jpg/250x188.webp,8908,133.658300464842,13072,35
fb746d0d-070d-4cdf-956e-08581199b9a5,Mercedes-Benz,T1,Cabriolet,PrivateSeller,4850,d,84321,12-1959,https://prod.pictures.autoscout24.net/listing-images/fb746d0d-070d-4cdf-956e-08581199b9a5_4fa4f98d-efe9-462c-a862-559c0f90ea19.jpg/250x188.webp,9112,45.536230472194035,23024,127
aae3c564-ce06-437d-bf6f-a96552b9e8e5,Mercedes-Benz,A 180,Monovolume,Dealer,4900,d,160000,11-2008,https://prod.pictures.autoscout24.net/listing-images/aae3c564-ce06-437d-bf6f-a96552b9e8e5_5798796b-646b-4930-af47-f11c8442c610.jpg/250x188.webp,4020,121.60247278825214,5156,7
f67a5b2a-4937-4872-9fa3-027bb02f101a,Mercedes-Benz,Sprinter,Bestelwagen,Dealer,4900,d,300000,12-2001,https://prod.pictures.autoscout24.net/listing-images/f67a5b2a-4937-4872-9fa3-027bb02f101a_12708ee8-a9b6-48b5-9d15-8ae749648b58.jpg/250x188.webp,1080,69.57979227671277,7683,13
98829006-e6c8-43d5-84bc-fa781c3b5c61,Mercedes-Benz,Sprinter,Andere,Dealer,4900,d,300000,01-1999,https://prod.pictures.autoscout24.net/listing-images/98829006-e6c8-43d5-84bc-fa781c3b5c61_223319f1-4551-4999-ac93-cc75bcb28f45.jpg/250x188.webp,1840,54.29299877782283,8748,14
ac0239db-537e-42aa-8bcb-aeb407c15c6e,Mercedes-Benz,E 220,Berline,PrivateSeller,4900,d,250000,04-2004,https://prod.pictures.autoscout24.net/listing-images/ac0239db-537e-42aa-8bcb-aeb407c15c6e_966e8947-7846-49f9-baa2-cef55b583ae2.jpg/250x188.webp,7620,127.65810442558268,6831,14
f3368c1a-88c0-4297-8db8-c0048c9064d2,Mercedes-Benz,E 220,Berline,PrivateSeller,4900,d,250000,04-2004,https://prod.pictures.autoscout24.net/listing-images/f3368c1a-88c0-4297-8db8-c0048c9064d2_9a405deb-3aaf-4a55-9d88-f7ad27b5cb40.jpg/250x188.webp,7620,127.65810442558268,6831,35
23f393b6-cdaa-4ea0-9c10-88e3ddb53685,Mercedes-Benz,E 200,Berline,Dealer,4900,d,199437,04-2005,https://prod.pictures.autoscout24.net/listing-images/23f393b6-cdaa-4ea0-9c10-88e3ddb53685_1d18a85a-9d13-47d3-b45b-dc6635fd693e.jpg/250x188.webp,7540,116.1518990630203,6466,20
6db87da0-482d-4302-b2f4-f1f2a0ad082d,Mercedes-Benz,Vito,Andere,Dealer,4900,d,380000,01-2008,https://prod.pictures.autoscout24.net/listing-images/6db87da0-482d-4302-b2f4-f1f2a0ad082d_a93cc818-695c-4e3e-8ff1-2ae8f6761730.jpg/250x188.webp,1840,54.29299877782283,5461,28
7478b675-3378-4c43-951d-eede3056b74c,Mercedes-Benz,Atego,Andere,Dealer,4900,d,170000,06-2002,https://prod.pictures.autoscout24.net/listing-images/7478b675-3378-4c43-951d-eede3056b74c_b3ccbf82-a307-4d5d-9f12-aeb40655e2df.jpg/250x188.webp,1390,80.41314824962016,7501,29
6260e787-7866-472f-a0b3-e3ab4425c6e6,Mercedes-Benz,E 200,Berline,PrivateSeller,4900,b,217800,01-2003,https://prod.pictures.autoscout24.net/listing-images/6260e787-7866-472f-a0b3-e3ab4425c6e6_775d222e-b3e2-4690-8f40-cd56d2ff5b50.jpg/250x188.webp,1000,69.17270624549755,7287,67
d53714ae-fffb-4871-88e0-d6b86cc73caf,Mercedes-Benz,Sprinter,Bestelwagen,PrivateSeller,4900,d,240000,09-2011,https://prod.pictures.autoscout24.net/listing-images/d53714ae-fffb-4871-88e0-d6b86cc73caf_375d2785-82d4-4655-92c2-581b8aec4002.jpg/250x188.webp,1400,97.35176357549375,4122,78
a559a8d5-c5ff-40c3-8fd0-7443ceb6d7cc,Mercedes-Benz,A 200,Monovolume,PrivateSeller,4900,b,178000,04-2007,https://prod.pictures.autoscout24.net/listing-images/a559a8d5-c5ff-40c3-8fd0-7443ceb6d7cc_704f47ea-da1a-4806-af11-f002988dabe7.jpg/250x188.webp,1000,69.17270624549755,5736,84
a4b26f2d-9ca3-4d83-aaeb-5b71ada50887,Mercedes-Benz,CLK 200,Cabriolet,PrivateSeller,4900,b,180000,02-2002,https://prod.pictures.autoscout24.net/listing-images/a4b26f2d-9ca3-4d83-aaeb-5b71ada50887_38b09ee4-ce01-4c7c-9b79-a150ba6106d9.jpg/250x188.webp,2235,53.07106590476319,7621,127
a96f459f-1129-4f31-aa7f-f2b9bb784897,Mercedes-Benz,Vito,Andere,Dealer,4900,d,152000,01-2006,https://prod.pictures.autoscout24.net/listing-images/a96f459f-1129-4f31-aa7f-f2b9bb784897_3abf6351-21e5-45fb-80db-134f92a2d57c.jpg/250x188.webp,1933,67.42863651453277,6191,134
35befd67-02fe-4a9e-8375-19fbf49e2098,Mercedes-Benz,Vito,Andere,Dealer,4900,d,300000,01-2009,https://prod.pictures.autoscout24.net/listing-images/35befd67-02fe-4a9e-8375-19fbf49e2098_ec47cd25-bbdd-44ab-84ed-d367960763b7.jpg/250x188.webp,1840,54.29299877782283,5095,265
06b7259a-c6db-4676-8fc9-be77060e8030,Mercedes-Benz,E 230,Berline,Dealer,4900,b,164000,08-1995,https://prod.pictures.autoscout24.net/listing-images/06b7259a-c6db-4676-8fc9-be77060e8030_45503413-8d20-4a1c-a445-763798353117.jpg/250x188.webp,1602,75.23922327931528,9997,473
c10c3479-15ca-4b37-ae54-97835e9741b7,Mercedes-Benz,A 160,Stadswagen,Dealer,4950,d,203209,08-2011,https://prod.pictures.autoscout24.net/listing-images/c10c3479-15ca-4b37-ae54-97835e9741b7_5ee76470-dfae-4857-833a-7f23ff663d11.jpg/250x188.webp,2100,27.421552979694752,4153,1
efe7e86e-3353-4890-b2d4-f30c7277aada,Mercedes-Benz,E 220,Berline,Dealer,4950,d,140887,01-2003,https://prod.pictures.autoscout24.net/listing-images/efe7e86e-3353-4890-b2d4-f30c7277aada_5d9f8f4c-0f17-4037-be5d-7f7d4a81d163.jpg/250x188.webp,8800,107.24415982689398,7287,6
67226f77-6cb3-4769-aa26-77001faab073,Mercedes-Benz,Sprinter,Bestelwagen,Dealer,4950,d,588213,03-2011,https://prod.pictures.autoscout24.net/listing-images/67226f77-6cb3-4769-aa26-77001faab073_30af5648-882b-4390-bd19-c9b0212e6efa.jpg/250x188.webp,6180,111.8460773215552,4306,8
638e0000-8287-4072-81b2-f667d53ac1b0,Mercedes-Benz,C 200,Break,Dealer,4950,d,221062,11-2009,https://prod.pictures.autoscout24.net/listing-images/638e0000-8287-4072-81b2-f667d53ac1b0_e33d226c-4f9e-4f04-9836-647e7a86da8e.jpg/250x188.webp,9750,86.46443807941212,4791,13
3416d472-bd43-4199-96aa-32cce64dd711,Mercedes-Benz,C 220,Berline,Dealer,4950,d,169000,06-2002,https://prod.pictures.autoscout24.net/listing-images/3416d472-bd43-4199-96aa-32cce64dd711_45e037ab-e573-486f-aed2-025e7572a247.jpg/250x188.webp,4170,134.94834896628382,7501,14
2c7c37a7-311b-4ab2-b597-46d51ba4146d,Mercedes-Benz,A 160,Monovolume,Dealer,4950,b,140000,02-2012,https://prod.pictures.autoscout24.net/listing-images/2c7c37a7-311b-4ab2-b597-46d51ba4146d_c1f444e3-6e66-4a09-aeac-4e9ba954101f.jpg/250x188.webp,1640,80.60400182928595,3969,20
62e0b15d-6c8c-43b2-9d21-f6acafd83a04,Mercedes-Benz,A 160,Stadswagen,Dealer,4950,d,105000,05-2008,https://prod.pictures.autoscout24.net/listing-images/62e0b15d-6c8c-43b2-9d21-f6acafd83a04_e72e81d2-1937-4358-b4e3-b5c7d10a0f21.jpg/250x188.webp,5070,122.22662855592974,5340,28
e750dbbd-2384-44ed-b558-979f57d30b18,Mercedes-Benz,C 220,Coupé,PrivateSeller,4950,d,125500,05-2003,https://prod.pictures.autoscout24.net/listing-images/e750dbbd-2384-44ed-b558-979f57d30b18_960825a6-6426-49e1-ac3a-ddd2c13e2c82.jpg/250x188.webp,4020,121.60247278825214,7167,41
83a94849-c5d9-4bfc-9ee3-64485853f2be,Mercedes-Benz,A 150,Monovolume,Dealer,4950,b,85467,05-2008,https://prod.pictures.autoscout24.net/listing-images/83a94849-c5d9-4bfc-9ee3-64485853f2be_60ccf0a0-56b4-4783-9bb1-0cc13d7c5dc9.jpg/250x188.webp,4030,123.41360490886457,5340,56
e4a7339c-15f5-45ec-8318-d1617a27621b,Mercedes-Benz,C 200,Andere,Dealer,4950,d,258000,01-2009,https://prod.pictures.autoscout24.net/listing-images/e4a7339c-15f5-45ec-8318-d1617a27621b_dc079284-1fc8-4929-9f39-1cb29b46540d.jpg/250x188.webp,4400,117.24460891533398,5095,70
3dfabf35-9d79-4ec5-99f5-ecb2fe9d5274,Mercedes-Benz,E 200,Berline,Dealer,4950,d,294000,01-2006,https://prod.pictures.autoscout24.net/listing-images/3dfabf35-9d79-4ec5-99f5-ecb2fe9d5274_5611b744-3942-4506-82ee-4c1cb2205b5d.jpg/250x188.webp,4520,112.57318942534252,6191,96
831b83a5-19ec-4c86-a1ef-3f17e68f038f,Mercedes-Benz,CLK 230,Cabriolet,PrivateSeller,4950,b,210000,08-1999,https://prod.pictures.autoscout24.net/listing-images/831b83a5-19ec-4c86-a1ef-3f17e68f038f_a33ebcdf-1f4f-4e29-be6f-86cea9d1d66b.jpg/250x188.webp,1703,72.53884447632319,8536,127
883480ee-c954-4a3a-9a14-1c671cd0175c,Mercedes-Benz,C 180,Andere,Dealer,4950,b,100000,07-1996,https://prod.pictures.autoscout24.net/listing-images/883480ee-c954-4a3a-9a14-1c671cd0175c_b6510c5a-c0ef-4992-b1fd-2866d65c02b8.jpg/250x188.webp,1730,61.98157406185932,9662,207
4f0c8e43-9601-4c3d-b843-280aba29e081,Mercedes-Benz,230,Coupé,Dealer,4950,b,146200,01-1981,https://prod.pictures.autoscout24.net/listing-images/4f0c8e43-9601-4c3d-b843-280aba29e081_62e942c2-6d83-42e4-80f4-ff5e74c1318b.jpg/250x188.webp,3770,107.37770611416195,15322,685
5bf90753-d7f9-42ef-9f84-9b7aae5adf46,Mercedes-Benz,B 180,Monovolume,Dealer,4990,d,103000,01-2007,https://prod.pictures.autoscout24.net/listing-images/5bf90753-d7f9-42ef-9f84-9b7aae5adf46_63b11698-1a5e-4553-85c1-d71c7843c28c.jpg/250x188.webp,4630,129.1452608018519,5826,11
7594f738-d8a5-4e5f-93da-57e435a61dbb,Mercedes-Benz,E 320,Berline,PrivateSeller,4990,b,281000,10-2003,https://prod.pictures.autoscout24.net/listing-images/7594f738-d8a5-4e5f-93da-57e435a61dbb_75a8e31f-1c20-4f08-99bc-5e9c509971f6.jpg/250x188.webp,1428,91.7253544984551,7014,51
c25d13df-b028-4dcf-b874-cea4eb4a5cf3,Mercedes-Benz,B 180,Monovolume,PrivateSeller,4990,d,148160,08-2005,https://prod.pictures.autoscout24.net/listing-images/c25d13df-b028-4dcf-b874-cea4eb4a5cf3_3eff0f45-2b0d-44d4-b5de-08d8017ee72f.jpg/250x188.webp,8790,97.02122056774895,6344,51
08bae1ab-9ebc-4d8c-9807-864c7160b005,Mercedes-Benz,A 170,Monovolume,Dealer,4990,b,125297,07-2005,https://prod.pictures.autoscout24.net/listing-images/08bae1ab-9ebc-4d8c-9807-864c7160b005_1383ff3a-436a-4962-bda3-5e57c09d4383.jpg/250x188.webp,7390,121.56764290915724,6375,74
6adad313-215d-4376-800f-4ee76ed52c33,Mercedes-Benz,A 160,Monovolume,Dealer,4990,b,105415,10-2010,https://prod.pictures.autoscout24.net/listing-images/6adad313-215d-4376-800f-4ee76ed52c33_3b5ee6dd-96eb-4116-8571-208536ea51f9.jpg/250x188.webp,1420,87.49639779077864,4457,175
eed8cf37-b790-4d99-85f3-ca0e97fec539,Mercedes-Benz,T2,Bestelwagen,Dealer,4999,d,400000,11-1993,https://prod.pictures.autoscout24.net/listing-images/eed8cf37-b790-4d99-85f3-ca0e97fec539_bee03954-4a4e-4cc6-ac79-4800ce1f8381.jpg/250x188.webp,1860,59.6090801187706,10635,15
7fbbbdc2-94cb-4c90-bb78-8c59a3c64486,Mercedes-Benz,SLK 230,Cabriolet,Dealer,4999,b,153000,11-1998,https://prod.pictures.autoscout24.net/listing-images/7fbbbdc2-94cb-4c90-bb78-8c59a3c64486_94214af7-17c5-46f0-b66a-e517c3aef13d.jpg/250x188.webp,3630,102.97605198560623,8809,20
e9d48dff-56c2-407d-9a69-007d2fcfdf6e,Mercedes-Benz,SLK 200,Cabriolet,Dealer,4999,b,148000,11-2000,https://prod.pictures.autoscout24.net/listing-images/e9d48dff-56c2-407d-9a69-007d2fcfdf6e_9c79e892-00b4-4851-8366-fbf9225b2287.jpg/250x188.webp,3630,102.97605198560623,8078,26
95b722b1-af31-40ec-88de-c02accb7f2eb,Mercedes-Benz,A 180,Monovolume,PrivateSeller,4999,d,230000,01-2011,https://prod.pictures.autoscout24.net/listing-images/95b722b1-af31-40ec-88de-c02accb7f2eb_1b47172c-aa1c-42d4-9634-e35633a8bb92.jpg/250x188.webp,1030,66.85598932704684,4365,42
4a27accb-71bc-4317-88b3-767607a1b915,Mercedes-Benz,SLK 200,Cabriolet,Dealer,4999,b,139000,03-1998,https://prod.pictures.autoscout24.net/listing-images/4a27accb-71bc-4317-88b3-767607a1b915_b0664dea-a01e-4152-9951-bc040a91e562.jpg/250x188.webp,1440,88.54751756589805,9054,77
79710a14-85ad-4a1c-b4fc-7f019c11cf8d,Mercedes-Benz,C 220,Break,Dealer,4999,d,333621,07-2010,https://prod.pictures.autoscout24.net/listing-images/79710a14-85ad-4a1c-b4fc-7f019c11cf8d_ee44ab70-9725-492b-a074-9e8418fd4999.jpg/250x188.webp,1410,83.89428081314767,4549,362
b646655f-10cd-48e5-9b83-9738ab12c258,Mercedes-Benz,E 200,Break,PrivateSeller,5000,d,207000,11-2008,https://prod.pictures.autoscout24.net/listing-images/b646655f-10cd-48e5-9b83-9738ab12c258_1599d5cf-73d3-4c8a-a231-cf2ce008dbcb.jpg/250x188.webp,2270,41.542905715418826,5156,1
86d2a00d-06e7-492d-aaa0-89d63ab5ba5c,Mercedes-Benz,Sprinter,Andere,Dealer,5000,d,610000,02-1997,https://prod.pictures.autoscout24.net/listing-images/86d2a00d-06e7-492d-aaa0-89d63ab5ba5c_2f3b7e96-518f-4577-ad70-c67b89546b1b.jpg/250x188.webp,1840,54.29299877782283,9447,5
ada0e19e-bb06-4fc3-8ba3-616f09d225f1,Mercedes-Benz,Sprinter,Andere,Dealer,5000,d,550000,05-1997,https://prod.pictures.autoscout24.net/listing-images/ada0e19e-bb06-4fc3-8ba3-616f09d225f1_baf2b5f6-6a74-41a3-8316-2001bbc1c198.jpg/250x188.webp,1840,54.29299877782283,9358,5
07f5cd20-e04c-401c-ad89-9661d1df3818,Mercedes-Benz,190,Berline,PrivateSeller,5000,b,205000,09-1986,https://prod.pictures.autoscout24.net/listing-images/07f5cd20-e04c-401c-ad89-9661d1df3818_c87e6959-9b0d-47fd-a663-0ce337322c01.jpg/250x188.webp,2800,49.170515286575046,13253,10
dce5e2f8-2079-426c-b807-7373efe11b87,Mercedes-Benz,190,Andere,PrivateSeller,5000,b,183582,07-1993,https://prod.pictures.autoscout24.net/listing-images/dce5e2f8-2079-426c-b807-7373efe11b87_5672ffd5-3828-46fc-b0d3-df16c15b28da.jpg/250x188.webp,4300,100.81569162486942,10758,8
3f8d8406-d493-4292-af1e-7bde549fc002,Mercedes-Benz,C 220,Berline,PrivateSeller,5000,d,277993,06-2005,https://prod.pictures.autoscout24.net/listing-images/3f8d8406-d493-4292-af1e-7bde549fc002_6be8c671-0a8d-4d5d-8638-3f7b2a1d82cb.jpg/250x188.webp,4530,111.99734570714251,6405,8
b7df8aba-ec29-41c9-9f5c-3c1cf59e9658,Mercedes-Benz,C 200,Break,PrivateSeller,5000,d,258000,11-2009,https://prod.pictures.autoscout24.net/listing-images/b7df8aba-ec29-41c9-9f5c-3c1cf59e9658_f3ac9bcc-261e-47ed-ada2-5e9939d299f0.jpg/250x188.webp,3210,67.87427407895998,4791,15
66d03301-e68e-41e3-9704-88e8dedd4e89,Mercedes-Benz,C 200,Break,PrivateSeller,5000,d,136000,06-2006,https://prod.pictures.autoscout24.net/listing-images/66d03301-e68e-41e3-9704-88e8dedd4e89_664ae3c7-3ae4-4651-b718-8528c5a086b0.jpg/250x188.webp,7090,96.30849119801513,6040,39
11383d90-932c-456f-bcc5-318948fe76fe,Mercedes-Benz,C 200,Berline,PrivateSeller,5000,d,136000,06-2006,https://prod.pictures.autoscout24.net/listing-images/11383d90-932c-456f-bcc5-318948fe76fe_2149d1fa-b91d-44e9-8b31-2c5f3d7cf9ef.jpg/250x188.webp,7090,96.30849119801513,6040,38
e0f26e9e-70b8-4a96-bda7-97e58b653f2d,Mercedes-Benz,,SUV/4x4/Pick-up,PrivateSeller,5000,d,229000,11-2009,https://prod.pictures.autoscout24.net/listing-images/e0f26e9e-70b8-4a96-bda7-97e58b653f2d_195a3c0c-1da8-4aa3-8822-ea7e0a1de7ef.jpg/250x188.webp,9800,85.43781742981923,4791,43
ff07ef3a-0804-400f-9ad1-a11ec8267048,Mercedes-Benz,A 180,Monovolume,Dealer,5000,d,89633,07-2009,https://prod.pictures.autoscout24.net/listing-images/ff07ef3a-0804-400f-9ad1-a11ec8267048_1c4345b2-d76a-4b21-bdc6-0f381d851ed2.jpg/250x188.webp,1700,70.90697373704198,4914,58
1229a577-9433-4b9c-ad7e-cd640ef79f30,Mercedes-Benz,Vito,Bestelwagen,PrivateSeller,5000,d,275000,02-2008,https://prod.pictures.autoscout24.net/listing-images/1229a577-9433-4b9c-ad7e-cd640ef79f30_6ffe1a2e-a2e8-45a7-8fbb-c6ae2001cb8b.jpg/250x188.webp,6640,184.8083440579346,5430,64
21dace4c-ee3c-4db0-a236-f12a6e3f53d1,Mercedes-Benz,C 200,Berline,PrivateSeller,5000,d,238850,10-2009,https://prod.pictures.autoscout24.net/listing-images/21dace4c-ee3c-4db0-a236-f12a6e3f53d1_4ea26152-396f-4a0b-9017-bef4f8623e80.jpg/250x188.webp,9900,70.67815356163106,4822,66
2d96c7c8-9f10-4fc2-8ac3-a002f4573d72,Mercedes-Benz,300,Andere,PrivateSeller,5000,d,232000,09-1986,https://prod.pictures.autoscout24.net/listing-images/2d96c7c8-9f10-4fc2-8ac3-a002f4573d72_01f4d563-d2e9-4964-ab92-413ea1b2a4ee.jpg/250x188.webp,1070,71.06367211068877,13253,82
fb3d0b2c-e155-414b-a179-6207f1a08854,Mercedes-Benz,300,Berline,PrivateSeller,5000,d,232000,09-1986,https://prod.pictures.autoscout24.net/listing-images/fb3d0b2c-e155-414b-a179-6207f1a08854_28f9f467-cf1b-4b8e-a666-cdbb20d5e714.jpg/250x188.webp,1070,71.06367211068877,13253,106
eca8d2aa-cfae-4ff7-9d14-1409f14d985c,Mercedes-Benz,Sprinter,Andere,Dealer,5000,d,295000,04-2006,https://prod.pictures.autoscout24.net/listing-images/eca8d2aa-cfae-4ff7-9d14-1409f14d985c_193fc9e0-a9ec-4db5-bfac-51fde21f5b32.jpg/250x188.webp,1840,54.29299877782283,6101,117
ce8e421b-e214-41c3-aa91-a455a6d8f449,Mercedes-Benz,CLK 270,Coupé,PrivateSeller,5000,d,161590,08-2004,https://prod.pictures.autoscout24.net/listing-images/ce8e421b-e214-41c3-aa91-a455a6d8f449_e846ab64-25a1-458c-9ebc-1f8783c84b4e.jpg/250x188.webp,1800,60.05560122441548,6709,134
60cafea8-bde6-43b4-82ee-5e911df2adf9,Mercedes-Benz,C 200,Berline,PrivateSeller,5000,b,207000,07-2001,https://prod.pictures.autoscout24.net/listing-images/60cafea8-bde6-43b4-82ee-5e911df2adf9_4ba36faf-3b7f-46a5-a24b-dfff8f1648d8.jpg/250x188.webp,8790,97.02122056774895,7836,145
b8b90992-cb51-4f7b-a2b9-8d8954cca94f,Mercedes-Benz,CLK 200,Cabriolet,PrivateSeller,5000,b,135000,01-2000,https://prod.pictures.autoscout24.net/listing-images/b8b90992-cb51-4f7b-a2b9-8d8954cca94f_6ec707c4-6ccb-4b5f-a9ba-f2b4357b41a6.jpg/250x188.webp,1440,88.54751756589805,8383,145
