guid,make,model,version,seller-type,price,fuel-type,mileage,first-reg-date,zip-code,images,distance,reg-age
5bee0532-9523-483d-838d-f50d9ff1537d,Nissan,Micra,1.5 dCi Acenta A/C,Dealer,500,d,310000,06-2003,7160,https://prod.pictures.autoscout24.net/listing-images/5bee0532-9523-483d-838d-f50d9ff1537d_7f82ae58-b6cc-4b12-a7c8-82e8c5eee4fa.jpg/250x188.webp https://prod.pictures.autoscout24.net/listing-images/5bee0532-9523-483d-838d-f50d9ff1537d_38853b5b-ce64-4ea8-8efe-e93826593c71.jpg/250x188.webp https://prod.pictures.autoscout24.net/listing-images/5bee0532-9523-483d-838d-f50d9ff1537d_5a6a40cc-6454-42b7-ad31-6b9ae8dbc0d2.jpg/250x188.webp https://prod.pictures.autoscout24.net/listing-images/5bee0532-9523-483d-838d-f50d9ff1537d_9096c2b4-b0a9-48a5-82de-2b1d3ca99ebc.jpg/250x188.webp https://prod.pictures.autoscout24.net/listing-images/5bee0532-9523-483d-838d-f50d9ff1537d_af2a22fe-2c6a-4c95-a8d8-cff6ab04516a.jpg/250x188.webp https://prod.pictures.autoscout24.net/listing-images/5bee0532-9523-483d-838d-f50d9ff1537d_6283177b-7cd7-4739-bd18-318d08a7d6e2.jpg/250x188.webp https://prod.pictures.autoscout24.net/listing-images/5bee0532-9523-483d-838d-f50d9ff1537d_07fe0cf6-c4bf-42ec-a478-1edfd44753cc.jpg/250x188.webp https://prod.pictures.autoscout24.net/listing-images/5bee0532-9523-483d-838d-f50d9ff1537d_d6b625f0-b3c0-4fd9-adea-8331307d208b.jpg/250x188.webp https://prod.pictures.autoscout24.net/listing-images/5bee0532-9523-483d-838d-f50d9ff1537d_50de5a08-ce26-4394-a302-ef4f81252779.jpg/250x188.webp https://prod.pictures.autoscout24.net/listing-images/5bee0532-9523-483d-838d-f50d9ff1537d_f6b5017c-f323-4b04-8a4e-cf401695d5ad.jpg/250x188.webp https://prod.pictures.autoscout24.net/listing-images/5bee0532-9523-483d-838d-f50d9ff1537d_f461184b-f1fd-414d-ac5a-2773ea6c259f.jpg/250x188.webp,111.53193473693841,7140
4b58600a-fcb2-4feb-a0e4-8654cca134f0,Nissan,Cherry,Cherry III,PrivateSeller,650,b,123550,07-1986,9968,https://prod.pictures.autoscout24.net/listing-images/4b58600a-fcb2-4feb-a0e4-8654cca134f0_2fdc003b-2895-4bf5-b105-45808608879e.jpg/250x188.webp https://prod.pictures.autoscout24.net/listing-images/4b58600a-fcb2-4feb-a0e4-8654cca134f0_3287b7a7-c026-4bbf-b739-b7bb002a92bc.jpg/250x188.webp https://prod.pictures.autoscout24.net/listing-images/4b58600a-fcb2-4feb-a0e4-8654cca134f0_c16abaec-1ae8-43a0-ad16-7a9ccf60f4d3.jpg/250x188.webp https://prod.pictures.autoscout24.net/listing-images/4b58600a-fcb2-4feb-a0e4-8654cca134f0_688754d1-214f-4827-9b30-d0b6cde90106.jpg/250x188.webp,62.54265668381387,13319
550814d9-531a-4e33-90ae-abb959ad1e5e,Nissan,Almera,1.5i 16v Acenta,PrivateSeller,800,b,205420,09-2003,7080,https://prod.pictures.autoscout24.net/listing-images/550814d9-531a-4e33-90ae-abb959ad1e5e_47ff4b92-9f21-4f11-8bc9-9bd335a66826.jpg/250x188.webp https://prod.pictures.autoscout24.net/listing-images/550814d9-531a-4e33-90ae-abb959ad1e5e_8a7ef016-5bac-43b3-8b16-8dbe578fe041.jpg/250x188.webp https://prod.pictures.autoscout24.net/listing-images/550814d9-531a-4e33-90ae-abb959ad1e5e_0605bf7a-c3cb-463a-962b-501a9ebbaf89.jpg/250x188.webp https://prod.pictures.autoscout24.net/listing-images/550814d9-531a-4e33-90ae-abb959ad1e5e_fde82cfa-436c-49ff-b8d6-0bf0c5b1f155.jpg/250x188.webp,124.84754400917438,7048
263851b8-bcb1-44e2-a070-3bf81baa95ed,Nissan,Micra,1.5l euro 4 airco,Dealer,900,d,400000,01-2008,1840,https://prod.pictures.autoscout24.net/listing-images/263851b8-bcb1-44e2-a070-3bf81baa95ed_cda386fe-3855-4ba0-a6d1-47554ba2d944.jpg/250x188.webp https://prod.pictures.autoscout24.net/listing-images/263851b8-bcb1-44e2-a070-3bf81baa95ed_f7fb4d1e-4959-4316-b573-b8fffb2d5818.jpg/250x188.webp https://prod.pictures.autoscout24.net/listing-images/263851b8-bcb1-44e2-a070-3bf81baa95ed_51af4121-a717-436d-959d-bff0b837fecf.jpg/250x188.webp https://prod.pictures.autoscout24.net/listing-images/263851b8-bcb1-44e2-a070-3bf81baa95ed_34de0b26-2655-4abf-a5b5-4eb0e644bbe0.jpg/250x188.webp https://prod.pictures.autoscout24.net/listing-images/263851b8-bcb1-44e2-a070-3bf81baa95ed_651a576f-dc33-4ffa-972a-efb4fe7df4e4.jpg/250x188.webp https://prod.pictures.autoscout24.net/listing-images/263851b8-bcb1-44e2-a070-3bf81baa95ed_d27b6941-f3a6-4470-b6d4-ec888bf47f4e.jpg/250x188.webp https://prod.pictures.autoscout24.net/listing-images/263851b8-bcb1-44e2-a070-3bf81baa95ed_99683cdb-bf8a-4c8c-ab85-a721abd537d7.jpg/250x188.webp https://prod.pictures.autoscout24.net/listing-images/263851b8-bcb1-44e2-a070-3bf81baa95ed_d21769ba-0b78-49ca-963e-34b7947725d1.jpg/250x188.webp https://prod.pictures.autoscout24.net/listing-images/263851b8-bcb1-44e2-a070-3bf81baa95ed_4f4b7682-5176-4c6b-b749-0a7e4386a691.jpg/250x188.webp https://prod.pictures.autoscout24.net/listing-images/263851b8-bcb1-44e2-a070-3bf81baa95ed_139a9a1b-ed97-41d0-84f5-5d70827c5f14.jpg/250x188.webp https://prod.pictures.autoscout24.net/listing-images/263851b8-bcb1-44e2-a070-3bf81baa95ed_03627cab-fb37-4b6f-b461-61bb789d741e.jpg/250x188.webp,54.29299877782283,5465
f51c0251-d2ee-4689-997f-e5c929eaaae7,Nissan,Micra,,PrivateSeller,999,b,131500,08-1998,1850,https://prod.pictures.autoscout24.net/listing-images/f51c0251-d2ee-4689-997f-e5c929eaaae7_bc1b4405-343b-49f3-95c1-86dd31a0e79e.jpg/250x188.webp https://prod.pictures.autoscout24.net/listing-images/f51c0251-d2ee-4689-997f-e5c929eaaae7_0e541df8-54a9-4355-b642-ac7fcc884ace.jpg/250x188.webp https://prod.pictures.autoscout24.net/listing-images/f51c0251-d2ee-4689-997f-e5c929eaaae7_41020cd5-4ae8-4538-aa16-50e482046a75.jpg/250x188.webp https://prod.pictures.autoscout24.net/listing-images/f51c0251-d2ee-4689-997f-e5c929eaaae7_e0c57345-8b24-434a-b32f-b299b6df2812.jpg/250x188.webp https://prod.pictures.autoscout24.net/listing-images/f51c0251-d2ee-4689-997f-e5c929eaaae7_90bd384b-9cfe-4efb-bf02-713475b1f330.jpg/250x188.webp https://prod.pictures.autoscout24.net/listing-images/f51c0251-d2ee-4689-997f-e5c929eaaae7_1b148ba0-d58c-4114-8f12-39e85d35c1e9.jpg/250x188.webp https://prod.pictures.autoscout24.net/listing-images/f51c0251-d2ee-4689-997f-e5c929eaaae7_1fbd9a62-f669-4b05-a3de-4276f879b893.jpg/250x188.webp,59.738651260413086,8905
c072303e-5c8a-49a0-8145-5d5aef8f476d,Nissan,Almera,1.5 acenta PLUS,Dealer,1200,b,119000,01-2005,2880,https://prod.pictures.autoscout24.net/listing-images/c072303e-5c8a-49a0-8145-5d5aef8f476d_08d8eb44-9825-4a47-b83c-fc7c03288b11.jpg/250x188.webp https://prod.pictures.autoscout24.net/listing-images/c072303e-5c8a-49a0-8145-5d5aef8f476d_66a33870-345f-47a0-8bcd-e38b1df397fd.jpg/250x188.webp https://prod.pictures.autoscout24.net/listing-images/c072303e-5c8a-49a0-8145-5d5aef8f476d_a5b7f1d7-66f9-49f2-9bc1-97c46afe2422.jpg/250x188.webp https://prod.pictures.autoscout24.net/listing-images/c072303e-5c8a-49a0-8145-5d5aef8f476d_277b783c-1808-460c-b4d1-fe301563eb4c.jpg/250x188.webp https://prod.pictures.autoscout24.net/listing-images/c072303e-5c8a-49a0-8145-5d5aef8f476d_44703fcb-6747-4cb8-b070-483cfd3e6ad9.jpg/250x188.webp https://prod.pictures.autoscout24.net/listing-images/c072303e-5c8a-49a0-8145-5d5aef8f476d_eb4b8126-5600-42fe-9a51-279457066900.jpg/250x188.webp https://prod.pictures.autoscout24.net/listing-images/c072303e-5c8a-49a0-8145-5d5aef8f476d_9781ffd1-6817-4cdf-9c6f-f3929097e669.jpg/250x188.webp https://prod.pictures.autoscout24.net/listing-images/c072303e-5c8a-49a0-8145-5d5aef8f476d_d46fc0b9-4237-42d7-9652-30a8b4d26a1d.jpg/250x188.webp https://prod.pictures.autoscout24.net/listing-images/c072303e-5c8a-49a0-8145-5d5aef8f476d_2784b346-c3c4-49a3-becb-57066ba98e7a.jpg/250x188.webp https://prod.pictures.autoscout24.net/listing-images/c072303e-5c8a-49a0-8145-5d5aef8f476d_9fc59ba6-332b-4265-a96f-21fea879ba5a.jpg/250x188.webp https://prod.pictures.autoscout24.net/listing-images/c072303e-5c8a-49a0-8145-5d5aef8f476d_98002999-7414-466f-9fa1-2f927b77c87e.jpg/250x188.webp https://prod.pictures.autoscout24.net/listing-images/c072303e-5c8a-49a0-8145-5d5aef8f476d_c4e94eac-2208-434c-b955-9e6f37c64aa6.jpg/250x188.webp https://prod.pictures.autoscout24.net/listing-images/c072303e-5c8a-49a0-8145-5d5aef8f476d_5c00ef9d-68e9-4808-98f7-1672b0da71f7.jpg/250x188.webp https://prod.pictures.autoscout24.net/listing-images/c072303e-5c8a-49a0-8145-5d5aef8f476d_b3905519-bf29-461e-9977-0115f43b322e.jpg/250x188.webp,47.93429287155117,6560
2d5d9120-f119-418d-a260-bfff589717c8,Nissan,Micra,998 c 129000km,Dealer,1200,b,129000,05-1994,8791,https://prod.pictures.autoscout24.net/listing-images/2d5d9120-f119-418d-a260-bfff589717c8_85316f71-1ff6-4f0a-ac05-fdb3ef7e1f92.jpg/250x188.webp https://prod.pictures.autoscout24.net/listing-images/2d5d9120-f119-418d-a260-bfff589717c8_29e71867-e3d8-4451-b46a-994ab150c96d.jpg/250x188.webp https://prod.pictures.autoscout24.net/listing-images/2d5d9120-f119-418d-a260-bfff589717c8_46f1f798-cc7e-4fdb-8049-fbf7d2b1bfcf.jpg/250x188.webp https://prod.pictures.autoscout24.net/listing-images/2d5d9120-f119-418d-a260-bfff589717c8_adace7c2-5ef8-4821-915b-61361aa4e07d.jpg/250x188.webp https://prod.pictures.autoscout24.net/listing-images/2d5d9120-f119-418d-a260-bfff589717c8_8a7b6e5d-8962-4395-af68-a0fdc12ed8d6.jpg/250x188.webp https://prod.pictures.autoscout24.net/listing-images/2d5d9120-f119-418d-a260-bfff589717c8_8966f766-a051-4abe-b4a7-9937f2294b2c.jpg/250x188.webp https://prod.pictures.autoscout24.net/listing-images/2d5d9120-f119-418d-a260-bfff589717c8_67ebb191-c92b-4674-973b-da9d472d1b3d.jpg/250x188.webp https://prod.pictures.autoscout24.net/listing-images/2d5d9120-f119-418d-a260-bfff589717c8_71fb297e-2374-443d-bd4e-471b32dc07e6.jpg/250x188.webp https://prod.pictures.autoscout24.net/listing-images/2d5d9120-f119-418d-a260-bfff589717c8_7e95d1f9-47be-49dd-8ad6-39a1016e8291.jpg/250x188.webp https://prod.pictures.autoscout24.net/listing-images/2d5d9120-f119-418d-a260-bfff589717c8_eaf7780e-2259-4956-8ec3-1169429b6db0.jpg/250x188.webp https://prod.pictures.autoscout24.net/listing-images/2d5d9120-f119-418d-a260-bfff589717c8_94704440-9420-446b-89bc-26de99e38891.jpg/250x188.webp https://prod.pictures.autoscout24.net/listing-images/2d5d9120-f119-418d-a260-bfff589717c8_476dc5f5-5c6b-4ea6-818f-e2f42a3f3ef1.jpg/250x188.webp https://prod.pictures.autoscout24.net/listing-images/2d5d9120-f119-418d-a260-bfff589717c8_ef5ac044-1e40-4806-8780-689fc9846284.jpg/250x188.webp https://prod.pictures.autoscout24.net/listing-images/2d5d9120-f119-418d-a260-bfff589717c8_f76d7a74-2c7b-41be-bf02-5c8536e9ef20.jpg/250x188.webp https://prod.pictures.autoscout24.net/listing-images/2d5d9120-f119-418d-a260-bfff589717c8_1bcf3b07-6102-4dfc-ba32-050bfddc2da2.jpg/250x188.webp,102.62748120507626,10458
8c53bbe6-01f3-4ce6-b23a-26a28dd35e1b,Nissan,Micra,1.4i 16v Tekna A/C,PrivateSeller,1200,b,178000,10-2004,4850,https://prod.pictures.autoscout24.net/listing-images/8c53bbe6-01f3-4ce6-b23a-26a28dd35e1b_b469ed94-fc07-4a9a-b1a7-9fe07f3bd007.jpg/250x188.webp https://prod.pictures.autoscout24.net/listing-images/8c53bbe6-01f3-4ce6-b23a-26a28dd35e1b_8a00ab5c-dd9f-4880-bd29-b0d04b41e926.jpg/250x188.webp https://prod.pictures.autoscout24.net/listing-images/8c53bbe6-01f3-4ce6-b23a-26a28dd35e1b_7cddc8ef-7ff5-40a9-8f8e-55876d099104.jpg/250x188.webp https://prod.pictures.autoscout24.net/listing-images/8c53bbe6-01f3-4ce6-b23a-26a28dd35e1b_7e766677-d8b5-4bc8-bec5-fde6ddd6ea8c.jpg/250x188.webp https://prod.pictures.autoscout24.net/listing-images/8c53bbe6-01f3-4ce6-b23a-26a28dd35e1b_4bd3f566-1796-4dcc-b922-d4ce1bd6d234.jpg/250x188.webp https://prod.pictures.autoscout24.net/listing-images/8c53bbe6-01f3-4ce6-b23a-26a28dd35e1b_215bd7c5-52f9-45e0-a34a-6e9fffdfaeb0.jpg/250x188.webp https://prod.pictures.autoscout24.net/listing-images/8c53bbe6-01f3-4ce6-b23a-26a28dd35e1b_da931bde-d741-4893-a7d3-282265035297.jpg/250x188.webp https://prod.pictures.autoscout24.net/listing-images/8c53bbe6-01f3-4ce6-b23a-26a28dd35e1b_afbcc146-1b26-4da8-832c-d94480cb212b.jpg/250x188.webp https://prod.pictures.autoscout24.net/listing-images/8c53bbe6-01f3-4ce6-b23a-26a28dd35e1b_68cb25d2-f458-434c-b5bc-1a1822b88976.jpg/250x188.webp https://prod.pictures.autoscout24.net/listing-images/8c53bbe6-01f3-4ce6-b23a-26a28dd35e1b_993a396a-06d2-4680-a31f-97b25c0ad8bc.jpg/250x188.webp https://prod.pictures.autoscout24.net/listing-images/8c53bbe6-01f3-4ce6-b23a-26a28dd35e1b_7bcc7372-91b3-4495-949c-adec8e51928e.jpg/250x188.webp https://prod.pictures.autoscout24.net/listing-images/8c53bbe6-01f3-4ce6-b23a-26a28dd35e1b_bf9ce28e-6f75-4647-b952-ae8af1e5e4a9.jpg/250x188.webp https://prod.pictures.autoscout24.net/listing-images/8c53bbe6-01f3-4ce6-b23a-26a28dd35e1b_27fbba87-1b87-421d-85fa-47c9335ca070.jpg/250x188.webp https://prod.pictures.autoscout24.net/listing-images/8c53bbe6-01f3-4ce6-b23a-26a28dd35e1b_3c041ca3-cccc-4a92-9c7e-3df763536d87.jpg/250x188.webp https://prod.pictures.autoscout24.net/listing-images/8c53bbe6-01f3-4ce6-b23a-26a28dd35e1b_17f5eda8-cd33-40bc-9419-12ee83a0b8a6.jpg/250x188.webp https://prod.pictures.autoscout24.net/listing-images/8c53bbe6-01f3-4ce6-b23a-26a28dd35e1b_db7a030a-e4b1-4802-a108-a82ba815a6b4.jpg/250x188.webp https://prod.pictures.autoscout24.net/listing-images/8c53bbe6-01f3-4ce6-b23a-26a28dd35e1b_7747c19e-94c2-434e-b2cc-f9d4034aa66a.jpg/250x188.webp https://prod.pictures.autoscout24.net/listing-images/8c53bbe6-01f3-4ce6-b23a-26a28dd35e1b_fbed26e8-12d8-4109-bfee-9e366a6ab837.jpg/250x188.webp https://prod.pictures.autoscout24.net/listing-images/8c53bbe6-01f3-4ce6-b23a-26a28dd35e1b_f6eb3704-ef79-4182-a761-80ce6e66e7e9.jpg/250x188.webp,132.6707282521058,6652
af51f2a6-7da1-4e17-bd53-7fc61b4790fb,Nissan,Primera,1.8i 16v 185.000 Km Airco export,Dealer,1250,b,185000,07-2006,1930,https://prod.pictures.autoscout24.net/listing-images/af51f2a6-7da1-4e17-bd53-7fc61b4790fb_3f0eb78f-3374-422a-b323-e5565c13f5a5.jpg/250x188.webp https://prod.pictures.autoscout24.net/listing-images/af51f2a6-7da1-4e17-bd53-7fc61b4790fb_99d3e106-a796-41f2-89dc-704dc0e57737.jpg/250x188.webp https://prod.pictures.autoscout24.net/listing-images/af51f2a6-7da1-4e17-bd53-7fc61b4790fb_efd6f2ac-e40b-414d-9f25-b33a5d53b9e7.jpg/250x188.webp https://prod.pictures.autoscout24.net/listing-images/af51f2a6-7da1-4e17-bd53-7fc61b4790fb_babcae3b-0bb5-4beb-9fa7-09d4851dcfb7.jpg/250x188.webp https://prod.pictures.autoscout24.net/listing-images/af51f2a6-7da1-4e17-bd53-7fc61b4790fb_bd32e3bc-9987-44f6-ab68-9699d2104ec8.jpg/250x188.webp https://prod.pictures.autoscout24.net/listing-images/af51f2a6-7da1-4e17-bd53-7fc61b4790fb_a4a77ef7-02d6-4c34-9f72-a312f21c683b.jpg/250x188.webp https://prod.pictures.autoscout24.net/listing-images/af51f2a6-7da1-4e17-bd53-7fc61b4790fb_d6b3e1a8-f7f0-4eea-9a97-782f716f99db.jpg/250x188.webp,65.18883147641638,6014
0816d542-d3c3-442b-a707-48fdcee9d832,Nissan,Almera,1.5 dCi Acenta A/C,Dealer,1250,d,152276,01-2006,1651,https://prod.pictures.autoscout24.net/listing-images/0816d542-d3c3-442b-a707-48fdcee9d832_4297a8c1-6ea8-41e0-b43e-594dea1660f9.jpg/250x188.webp https://prod.pictures.autoscout24.net/listing-images/0816d542-d3c3-442b-a707-48fdcee9d832_13545d53-5a14-4d15-aabb-b6ba1e314254.jpg/250x188.webp https://prod.pictures.autoscout24.net/listing-images/0816d542-d3c3-442b-a707-48fdcee9d832_1d88b191-ae64-4060-a102-1f9ec2866776.jpg/250x188.webp https://prod.pictures.autoscout24.net/listing-images/0816d542-d3c3-442b-a707-48fdcee9d832_a5b946c2-6bfe-43f8-bc0c-3f5bc920a361.jpg/250x188.webp https://prod.pictures.autoscout24.net/listing-images/0816d542-d3c3-442b-a707-48fdcee9d832_bbbe90b1-6598-4033-ac54-100a4e7a9c39.jpg/250x188.webp https://prod.pictures.autoscout24.net/listing-images/0816d542-d3c3-442b-a707-48fdcee9d832_83c3456b-df3b-4020-bb63-1d3cea3cbed1.jpg/250x188.webp https://prod.pictures.autoscout24.net/listing-images/0816d542-d3c3-442b-a707-48fdcee9d832_2886a26d-94b2-4672-b434-143a27060f97.jpg/250x188.webp https://prod.pictures.autoscout24.net/listing-images/0816d542-d3c3-442b-a707-48fdcee9d832_b9db8f2a-dd30-47b0-9424-eeff34423e2e.jpg/250x188.webp https://prod.pictures.autoscout24.net/listing-images/0816d542-d3c3-442b-a707-48fdcee9d832_8acac950-702a-4421-8bf9-67be88c180c2.jpg/250x188.webp https://prod.pictures.autoscout24.net/listing-images/0816d542-d3c3-442b-a707-48fdcee9d832_615f6cb3-ab4d-4e3b-af45-89a49b111c4f.jpg/250x188.webp,78.98056604317188,6195
8401df49-1567-40d8-88c1-9e7710c6e83f,Nissan,Almera,1.5i 16v Acenta A/C,Dealer,1299,b,127539,09-2005,1400,https://prod.pictures.autoscout24.net/listing-images/8401df49-1567-40d8-88c1-9e7710c6e83f_9d04bd01-eb1c-45e6-955d-c32d1e94d010.jpg/250x188.webp https://prod.pictures.autoscout24.net/listing-images/8401df49-1567-40d8-88c1-9e7710c6e83f_6b66c017-4190-41e9-93f4-8e78acf9188e.jpg/250x188.webp https://prod.pictures.autoscout24.net/listing-images/8401df49-1567-40d8-88c1-9e7710c6e83f_9019048f-e3ed-4c11-a1b2-f62a66a85843.jpg/250x188.webp https://prod.pictures.autoscout24.net/listing-images/8401df49-1567-40d8-88c1-9e7710c6e83f_43ee457b-61af-426e-aebf-bb74adadb7b7.jpg/250x188.webp https://prod.pictures.autoscout24.net/listing-images/8401df49-1567-40d8-88c1-9e7710c6e83f_413c4b0b-7eb7-4670-9517-aa60b7e5797b.jpg/250x188.webp https://prod.pictures.autoscout24.net/listing-images/8401df49-1567-40d8-88c1-9e7710c6e83f_3e1efcd3-53c1-465f-8c00-25f5b831813a.jpg/250x188.webp https://prod.pictures.autoscout24.net/listing-images/8401df49-1567-40d8-88c1-9e7710c6e83f_c3fe36c5-f8af-48ec-a5cd-7413597cd894.jpg/250x188.webp https://prod.pictures.autoscout24.net/listing-images/8401df49-1567-40d8-88c1-9e7710c6e83f_85adade1-a9a3-456c-9485-ecea53e0687d.jpg/250x188.webp https://prod.pictures.autoscout24.net/listing-images/8401df49-1567-40d8-88c1-9e7710c6e83f_43e0343a-30eb-4a6c-9650-cb270f9c5c3a.jpg/250x188.webp https://prod.pictures.autoscout24.net/listing-images/8401df49-1567-40d8-88c1-9e7710c6e83f_4049e101-f773-4592-b087-d663c8ce1eb9.jpg/250x188.webp https://prod.pictures.autoscout24.net/listing-images/8401df49-1567-40d8-88c1-9e7710c6e83f_adcd3f1a-5e86-4e9d-b9f5-f5583cc85dd0.jpg/250x188.webp https://prod.pictures.autoscout24.net/listing-images/8401df49-1567-40d8-88c1-9e7710c6e83f_5b82a6ce-0b9f-4cb4-8dad-23e94a88bd1f.jpg/250x188.webp https://prod.pictures.autoscout24.net/listing-images/8401df49-1567-40d8-88c1-9e7710c6e83f_dc8b75a5-d21d-4afa-b6af-915104415e0e.jpg/250x188.webp https://prod.pictures.autoscout24.net/listing-images/8401df49-1567-40d8-88c1-9e7710c6e83f_dbfa3ee9-0554-4baa-92cb-4b84224f1670.jpg/250x188.webp https://prod.pictures.autoscout24.net/listing-images/8401df49-1567-40d8-88c1-9e7710c6e83f_850b6833-ee13-4398-9644-8cec9002d427.jpg/250x188.webp,97.35176357549375,6317
0ca11e08-c352-4af1-8b73-462c82452a0e,Nissan,Micra,1.0i GX N-CVT,PrivateSeller,1300,b,87000,12-1998,1070,https://prod.pictures.autoscout24.net/listing-images/0ca11e08-c352-4af1-8b73-462c82452a0e_f8d58beb-4475-43d8-ad4d-14510dfbbb28.jpg/250x188.webp https://prod.pictures.autoscout24.net/listing-images/0ca11e08-c352-4af1-8b73-462c82452a0e_ff52fad1-9cec-4f28-bbe3-470c38a880ae.jpg/250x188.webp https://prod.pictures.autoscout24.net/listing-images/0ca11e08-c352-4af1-8b73-462c82452a0e_07e51384-b7b1-4b73-85a8-f13e0c9b4805.jpg/250x188.webp https://prod.pictures.autoscout24.net/listing-images/0ca11e08-c352-4af1-8b73-462c82452a0e_299f15f4-a6de-4b67-aa47-f4745c233b6d.jpg/250x188.webp https://prod.pictures.autoscout24.net/listing-images/0ca11e08-c352-4af1-8b73-462c82452a0e_eed6b576-2fda-42f2-92d6-39acd0d97e7b.jpg/250x188.webp https://prod.pictures.autoscout24.net/listing-images/0ca11e08-c352-4af1-8b73-462c82452a0e_a0572cd1-bf0a-4f6b-8899-9185c23e69bb.jpg/250x188.webp https://prod.pictures.autoscout24.net/listing-images/0ca11e08-c352-4af1-8b73-462c82452a0e_49302414-ad6b-49d2-b017-917164cc0ee3.jpg/250x188.webp https://prod.pictures.autoscout24.net/listing-images/0ca11e08-c352-4af1-8b73-462c82452a0e_4b796a9d-bbec-4d3c-8516-70af1f7aed39.jpg/250x188.webp,71.06367211068877,8783
e3551440-da98-4a4f-8ce9-da617bde8664,Nissan,Almera,1.5i **PRÊT À ÈTRE IMMATRICULER**,Dealer,1350,b,127935,02-2002,1731,https://prod.pictures.autoscout24.net/listing-images/e3551440-da98-4a4f-8ce9-da617bde8664_d4021e97-6bdf-4e33-9116-20f0d2f37035.jpg/250x188.webp https://prod.pictures.autoscout24.net/listing-images/e3551440-da98-4a4f-8ce9-da617bde8664_531d6165-0fca-49b0-b769-07e5350bc6e2.jpg/250x188.webp https://prod.pictures.autoscout24.net/listing-images/e3551440-da98-4a4f-8ce9-da617bde8664_15a9dfa6-6225-4d0a-ab85-72ba1e69775a.jpg/250x188.webp https://prod.pictures.autoscout24.net/listing-images/e3551440-da98-4a4f-8ce9-da617bde8664_d80bbb23-bafd-4a33-854f-ffb214ac8866.jpg/250x188.webp https://prod.pictures.autoscout24.net/listing-images/e3551440-da98-4a4f-8ce9-da617bde8664_a7b6ba25-efed-48e6-adee-4fedde00a115.jpg/250x188.webp https://prod.pictures.autoscout24.net/listing-images/e3551440-da98-4a4f-8ce9-da617bde8664_8af3a28c-0ee5-4f15-98ad-76ed16739487.jpg/250x188.webp https://prod.pictures.autoscout24.net/listing-images/e3551440-da98-4a4f-8ce9-da617bde8664_e1dd9d2c-2719-4524-a197-b9edddaea24c.jpg/250x188.webp https://prod.pictures.autoscout24.net/listing-images/e3551440-da98-4a4f-8ce9-da617bde8664_fc8a53e8-cd5f-4f0e-b759-ecd63d644353.jpg/250x188.webp https://prod.pictures.autoscout24.net/listing-images/e3551440-da98-4a4f-8ce9-da617bde8664_f5047f01-543f-4bbf-8767-52277d51d9ae.jpg/250x188.webp https://prod.pictures.autoscout24.net/listing-images/e3551440-da98-4a4f-8ce9-da617bde8664_ecbad99c-97eb-4a4d-aac0-98ec52217341.jpg/250x188.webp https://prod.pictures.autoscout24.net/listing-images/e3551440-da98-4a4f-8ce9-da617bde8664_a1a6d7a9-e7bf-4e3f-8182-41bf921b48e7.jpg/250x188.webp https://prod.pictures.autoscout24.net/listing-images/e3551440-da98-4a4f-8ce9-da617bde8664_b1522ae0-f1f9-4167-ba54-5a898b2d9aa2.jpg/250x188.webp https://prod.pictures.autoscout24.net/listing-images/e3551440-da98-4a4f-8ce9-da617bde8664_bacdb697-a9ee-40e3-aec2-adfb66013a24.jpg/250x188.webp,64.67551938133373,7625
a75fe10a-6a2f-4cd3-85d8-2afc7e3a4f4e,Nissan,Note,1.5 dCi Acenta,PrivateSeller,1390,d,224000,11-2006,3660,https://prod.pictures.autoscout24.net/listing-images/a75fe10a-6a2f-4cd3-85d8-2afc7e3a4f4e_35ee6151-0e02-4ac6-9a3a-794a9c1d3fc7.jpg/250x188.webp https://prod.pictures.autoscout24.net/listing-images/a75fe10a-6a2f-4cd3-85d8-2afc7e3a4f4e_8228b542-3b84-42ef-a160-165b884bfa1d.jpg/250x188.webp https://prod.pictures.autoscout24.net/listing-images/a75fe10a-6a2f-4cd3-85d8-2afc7e3a4f4e_e819eb28-5aab-4654-92a4-2d71a8d58f63.jpg/250x188.webp https://prod.pictures.autoscout24.net/listing-images/a75fe10a-6a2f-4cd3-85d8-2afc7e3a4f4e_4f582b7b-45b6-49b6-8694-b65219a4aec3.jpg/250x188.webp https://prod.pictures.autoscout24.net/listing-images/a75fe10a-6a2f-4cd3-85d8-2afc7e3a4f4e_6e1389dc-5771-437a-9e08-5872a64253ec.jpg/250x188.webp https://prod.pictures.autoscout24.net/listing-images/a75fe10a-6a2f-4cd3-85d8-2afc7e3a4f4e_f3d755a3-36dd-45ea-abfb-afba64caa71e.jpg/250x188.webp https://prod.pictures.autoscout24.net/listing-images/a75fe10a-6a2f-4cd3-85d8-2afc7e3a4f4e_d4d210fc-230c-4512-a016-1a5293e6a1dd.jpg/250x188.webp https://prod.pictures.autoscout24.net/listing-images/a75fe10a-6a2f-4cd3-85d8-2afc7e3a4f4e_80fccc2a-a307-4409-bc10-11952eca2e0e.jpg/250x188.webp,81.39893786550309,5891
db7a326b-7394-4181-a686-356d2c7be60b,Nissan,Note,1.5 dCi Elegance,Dealer,1400,d,256000,03-2007,5651,https://prod.pictures.autoscout24.net/listing-images/db7a326b-7394-4181-a686-356d2c7be60b_3772134f-d22b-4984-a15e-80767b7019cc.jpg/250x188.webp https://prod.pictures.autoscout24.net/listing-images/db7a326b-7394-4181-a686-356d2c7be60b_cc71dd19-eac5-4991-a702-e96cd0b86123.jpg/250x188.webp https://prod.pictures.autoscout24.net/listing-images/db7a326b-7394-4181-a686-356d2c7be60b_0d8a41b9-d850-4336-bca7-cfe8e9cdc1fe.jpg/250x188.webp https://prod.pictures.autoscout24.net/listing-images/db7a326b-7394-4181-a686-356d2c7be60b_5dfb95e7-2653-457f-bac9-f5c6257a2387.jpg/250x188.webp https://prod.pictures.autoscout24.net/listing-images/db7a326b-7394-4181-a686-356d2c7be60b_ee9e71b4-5548-48b9-a34f-e0775f0b03b7.jpg/250x188.webp https://prod.pictures.autoscout24.net/listing-images/db7a326b-7394-4181-a686-356d2c7be60b_00e6b633-b556-4baf-9a66-47b643c82612.jpg/250x188.webp https://prod.pictures.autoscout24.net/listing-images/db7a326b-7394-4181-a686-356d2c7be60b_075040e5-f275-4dea-b5f5-96962a1eb294.jpg/250x188.webp https://prod.pictures.autoscout24.net/listing-images/db7a326b-7394-4181-a686-356d2c7be60b_e5b2a0ce-b735-4ad7-b561-a22174710a42.jpg/250x188.webp,131.8733569263315,5771
212a2432-557a-4d6f-b0ae-9f23006b77fe,Nissan,Primera,1.6 Competence,Dealer,1400,b,134549,03-1998,1070,https://prod.pictures.autoscout24.net/listing-images/212a2432-557a-4d6f-b0ae-9f23006b77fe_e200989b-fc6d-455a-9dec-215d6c569fa6.jpg/250x188.webp https://prod.pictures.autoscout24.net/listing-images/212a2432-557a-4d6f-b0ae-9f23006b77fe_a4be1084-addc-443f-a704-0c46dd615b9c.jpg/250x188.webp https://prod.pictures.autoscout24.net/listing-images/212a2432-557a-4d6f-b0ae-9f23006b77fe_24e20746-5be7-4940-82b7-f2344130eb5a.jpg/250x188.webp https://prod.pictures.autoscout24.net/listing-images/212a2432-557a-4d6f-b0ae-9f23006b77fe_4f3192d8-91e8-4917-88c9-ab627cf88c7f.jpg/250x188.webp https://prod.pictures.autoscout24.net/listing-images/212a2432-557a-4d6f-b0ae-9f23006b77fe_43d6d850-cfde-4103-9e48-9422bb15ca49.jpg/250x188.webp https://prod.pictures.autoscout24.net/listing-images/212a2432-557a-4d6f-b0ae-9f23006b77fe_73d103e6-d5e6-466e-b2a1-73fb05af53d3.jpg/250x188.webp,71.06367211068877,9058
f308832b-8c5c-4786-ab70-bf2e4139ec35,Nissan,Almera,1.6 SLX,Dealer,1400,b,154148,11-1996,1070,https://prod.pictures.autoscout24.net/listing-images/f308832b-8c5c-4786-ab70-bf2e4139ec35_c52b9fca-a6f9-4fb1-87ea-9834239b5278.jpg/250x188.webp https://prod.pictures.autoscout24.net/listing-images/f308832b-8c5c-4786-ab70-bf2e4139ec35_a4de8f0f-aaee-49f7-a11f-1f1ba61de99e.jpg/250x188.webp https://prod.pictures.autoscout24.net/listing-images/f308832b-8c5c-4786-ab70-bf2e4139ec35_f0a27a9c-83e0-4163-8729-c6e09888ae4e.jpg/250x188.webp https://prod.pictures.autoscout24.net/listing-images/f308832b-8c5c-4786-ab70-bf2e4139ec35_94021b4b-161f-493b-a7a0-79c528511611.jpg/250x188.webp https://prod.pictures.autoscout24.net/listing-images/f308832b-8c5c-4786-ab70-bf2e4139ec35_e38e06f7-bc1b-4c6d-ac08-63b94c866290.jpg/250x188.webp https://prod.pictures.autoscout24.net/listing-images/f308832b-8c5c-4786-ab70-bf2e4139ec35_715f3662-c3c0-408b-9bcf-3b33fc9dc67e.jpg/250x188.webp https://prod.pictures.autoscout24.net/listing-images/f308832b-8c5c-4786-ab70-bf2e4139ec35_d4458475-81a5-4b36-b94b-b0f93e7f9600.jpg/250x188.webp,71.06367211068877,9543
d9413ead-b9da-4edd-acfe-14859d9ab046,Nissan,Micra,1.0 Benzine/ Klima/ Schuifdak/ Radio,Dealer,1500,b,17773,02-2002,2440,https://prod.pictures.autoscout24.net/listing-images/d9413ead-b9da-4edd-acfe-14859d9ab046_e89f3323-2f96-4f7a-93bc-67b54f55e12e.jpg/250x188.webp https://prod.pictures.autoscout24.net/listing-images/d9413ead-b9da-4edd-acfe-14859d9ab046_525fe1d5-ff7d-4e77-b31b-f816ce543581.jpg/250x188.webp https://prod.pictures.autoscout24.net/listing-images/d9413ead-b9da-4edd-acfe-14859d9ab046_b7ca0137-bb0d-4c53-804c-2869997a89a2.jpg/250x188.webp https://prod.pictures.autoscout24.net/listing-images/d9413ead-b9da-4edd-acfe-14859d9ab046_bb5342a3-c801-479b-bbf9-f19478071b77.jpg/250x188.webp https://prod.pictures.autoscout24.net/listing-images/d9413ead-b9da-4edd-acfe-14859d9ab046_9fcc74c2-335a-4f6c-a8ac-a2d549985a6e.jpg/250x188.webp https://prod.pictures.autoscout24.net/listing-images/d9413ead-b9da-4edd-acfe-14859d9ab046_4115655e-f716-450c-9567-23a715a1b548.jpg/250x188.webp https://prod.pictures.autoscout24.net/listing-images/d9413ead-b9da-4edd-acfe-14859d9ab046_dba17f09-ba2d-4f9e-863b-0dffd20a636b.jpg/250x188.webp https://prod.pictures.autoscout24.net/listing-images/d9413ead-b9da-4edd-acfe-14859d9ab046_e2b81257-9aa4-4f8a-ad4d-93e921431df4.jpg/250x188.webp https://prod.pictures.autoscout24.net/listing-images/d9413ead-b9da-4edd-acfe-14859d9ab046_de922c57-4db6-4b68-b839-3f61fff80b7b.jpg/250x188.webp https://prod.pictures.autoscout24.net/listing-images/d9413ead-b9da-4edd-acfe-14859d9ab046_99d78557-82da-469d-8327-e01fb64659d8.jpg/250x188.webp https://prod.pictures.autoscout24.net/listing-images/d9413ead-b9da-4edd-acfe-14859d9ab046_40008694-7c58-401e-99c7-c0c3d2a34635.jpg/250x188.webp https://prod.pictures.autoscout24.net/listing-images/d9413ead-b9da-4edd-acfe-14859d9ab046_f0d275a7-a1a0-4a42-bace-65fc9c080ebf.jpg/250x188.webp https://prod.pictures.autoscout24.net/listing-images/d9413ead-b9da-4edd-acfe-14859d9ab046_f764b946-2f12-46d2-8a8c-143c102abdcb.jpg/250x188.webp https://prod.pictures.autoscout24.net/listing-images/d9413ead-b9da-4edd-acfe-14859d9ab046_22e86e47-bf2b-4453-ab42-911c850c7b7a.jpg/250x188.webp https://prod.pictures.autoscout24.net/listing-images/d9413ead-b9da-4edd-acfe-14859d9ab046_616b1db7-222a-484c-bb22-4d8f315e6d0a.jpg/250x188.webp https://prod.pictures.autoscout24.net/listing-images/d9413ead-b9da-4edd-acfe-14859d9ab046_62488112-348c-461e-abd1-967ae42f1559.jpg/250x188.webp https://prod.pictures.autoscout24.net/listing-images/d9413ead-b9da-4edd-acfe-14859d9ab046_2d9ba136-c90c-4bf2-9ad6-f1bd5ab622cc.jpg/250x188.webp https://prod.pictures.autoscout24.net/listing-images/d9413ead-b9da-4edd-acfe-14859d9ab046_6703de6d-dcfa-424d-8624-1961f0eaf631.jpg/250x188.webp https://prod.pictures.autoscout24.net/listing-images/d9413ead-b9da-4edd-acfe-14859d9ab046_cd54a516-00c0-4295-80bd-e68b7038920f.jpg/250x188.webp,49.365434961335374,7625
31c851e1-1073-4d7c-8879-f3f61b71d55e,Nissan,Almera,1.4i Aero,Dealer,1500,b,175000,12-2000,1600,https://prod.pictures.autoscout24.net/listing-images/31c851e1-1073-4d7c-8879-f3f61b71d55e_d068d5a9-f613-49c1-803f-4cac0ed000b5.jpg/250x188.webp https://prod.pictures.autoscout24.net/listing-images/31c851e1-1073-4d7c-8879-f3f61b71d55e_be774c90-4287-4fbf-b6a1-bd221b1d8df9.jpg/250x188.webp https://prod.pictures.autoscout24.net/listing-images/31c851e1-1073-4d7c-8879-f3f61b71d55e_0400ddaf-1766-4a39-97d4-603215837143.jpg/250x188.webp https://prod.pictures.autoscout24.net/listing-images/31c851e1-1073-4d7c-8879-f3f61b71d55e_6e2e774b-b113-4b5d-8536-28964724df1d.jpg/250x188.webp https://prod.pictures.autoscout24.net/listing-images/31c851e1-1073-4d7c-8879-f3f61b71d55e_62746f07-6732-4982-ac74-85f694b67e7d.jpg/250x188.webp https://prod.pictures.autoscout24.net/listing-images/31c851e1-1073-4d7c-8879-f3f61b71d55e_10f3aaa8-1b5a-42fd-a6b4-bbb7a3fda59c.jpg/250x188.webp https://prod.pictures.autoscout24.net/listing-images/31c851e1-1073-4d7c-8879-f3f61b71d55e_d94a8e89-561a-44e5-93b1-194b3cafaad8.jpg/250x188.webp https://prod.pictures.autoscout24.net/listing-images/31c851e1-1073-4d7c-8879-f3f61b71d55e_0e2974dc-8f42-433b-b457-6dccac965e08.jpg/250x188.webp https://prod.pictures.autoscout24.net/listing-images/31c851e1-1073-4d7c-8879-f3f61b71d55e_d53bc1af-51d7-406c-a0f6-c7384f7d86e7.jpg/250x188.webp https://prod.pictures.autoscout24.net/listing-images/31c851e1-1073-4d7c-8879-f3f61b71d55e_6866a170-2902-4d11-b530-f890c4df7c0b.jpg/250x188.webp https://prod.pictures.autoscout24.net/listing-images/31c851e1-1073-4d7c-8879-f3f61b71d55e_6d47b6d4-65e3-4cd5-bb71-10c3aa349a5e.jpg/250x188.webp https://prod.pictures.autoscout24.net/listing-images/31c851e1-1073-4d7c-8879-f3f61b71d55e_d92dee15-1cac-4622-97f5-88ad60bb0477.jpg/250x188.webp https://prod.pictures.autoscout24.net/listing-images/31c851e1-1073-4d7c-8879-f3f61b71d55e_273f4feb-034a-49e6-a615-d06ad17ed248.jpg/250x188.webp,78.61296004280759,8052
7cd6da65-0c5d-45a5-bdeb-079a4e55c382,Nissan,Note,1.5 dCi Acenta,PrivateSeller,1500,d,225000,09-2007,9800,https://prod.pictures.autoscout24.net/listing-images/7cd6da65-0c5d-45a5-bdeb-079a4e55c382_b7ee21bd-a943-4687-b795-302d2a8b9f0a.jpg/250x188.webp,85.43781742981923,5587
b079fb6d-361a-44ce-a221-c65df963fd89,Nissan,Note,1.6i 16v,Dealer,1500,b,222177,06-2006,1420,https://prod.pictures.autoscout24.net/listing-images/b079fb6d-361a-44ce-a221-c65df963fd89_73b34b8b-23f1-4290-913c-88eec3c1388c.jpg/250x188.webp https://prod.pictures.autoscout24.net/listing-images/b079fb6d-361a-44ce-a221-c65df963fd89_e6ebafb3-e02e-4a73-8173-2b3dab9d11ff.jpg/250x188.webp https://prod.pictures.autoscout24.net/listing-images/b079fb6d-361a-44ce-a221-c65df963fd89_69e051c7-cc85-4601-86c5-e8c53a34465f.jpg/250x188.webp https://prod.pictures.autoscout24.net/listing-images/b079fb6d-361a-44ce-a221-c65df963fd89_0db762f6-8f56-403b-8d73-1c9d7e0d0f74.jpg/250x188.webp https://prod.pictures.autoscout24.net/listing-images/b079fb6d-361a-44ce-a221-c65df963fd89_b5f412ab-e232-45c2-b12a-71e3016905c1.jpg/250x188.webp https://prod.pictures.autoscout24.net/listing-images/b079fb6d-361a-44ce-a221-c65df963fd89_0795345d-0e6f-4a0f-bee5-7145016664ec.jpg/250x188.webp https://prod.pictures.autoscout24.net/listing-images/b079fb6d-361a-44ce-a221-c65df963fd89_351eabce-1faf-498e-b512-66a7eff58587.jpg/250x188.webp https://prod.pictures.autoscout24.net/listing-images/b079fb6d-361a-44ce-a221-c65df963fd89_bc1dcd91-1d4a-4365-b10d-0a28bb37a2e8.jpg/250x188.webp https://prod.pictures.autoscout24.net/listing-images/b079fb6d-361a-44ce-a221-c65df963fd89_d411cb33-94fb-428a-978e-0dff13c85c14.jpg/250x188.webp https://prod.pictures.autoscout24.net/listing-images/b079fb6d-361a-44ce-a221-c65df963fd89_cea2c695-4850-449e-9877-729abd39f473.jpg/250x188.webp https://prod.pictures.autoscout24.net/listing-images/b079fb6d-361a-44ce-a221-c65df963fd89_304b520e-f7f5-4aeb-8f99-47adcc80a174.jpg/250x188.webp https://prod.pictures.autoscout24.net/listing-images/b079fb6d-361a-44ce-a221-c65df963fd89_00eb35cb-088a-424c-8c40-b1afee0db33b.jpg/250x188.webp https://prod.pictures.autoscout24.net/listing-images/b079fb6d-361a-44ce-a221-c65df963fd89_bd379f4e-b8b6-47ac-b62e-8fbc7abcf2b4.jpg/250x188.webp,87.49639779077864,6044
f3a8ffaa-1be8-49ed-903c-7dbe3763803f,Nissan,Note,1.5 dCi Elegance,PrivateSeller,1600,d,170000,12-2006,7012,https://prod.pictures.autoscout24.net/listing-images/f3a8ffaa-1be8-49ed-903c-7dbe3763803f_b92e3307-5a83-4603-a486-5d72813abae8.jpg/250x188.webp https://prod.pictures.autoscout24.net/listing-images/f3a8ffaa-1be8-49ed-903c-7dbe3763803f_d5a85441-e7cf-456d-970e-793bfe884907.jpg/250x188.webp https://prod.pictures.autoscout24.net/listing-images/f3a8ffaa-1be8-49ed-903c-7dbe3763803f_d2b9b2b1-545b-454f-a6ab-58483d8b0026.jpg/250x188.webp https://prod.pictures.autoscout24.net/listing-images/f3a8ffaa-1be8-49ed-903c-7dbe3763803f_fdd46e3c-0953-4705-8831-bc64efb2363e.jpg/250x188.webp https://prod.pictures.autoscout24.net/listing-images/f3a8ffaa-1be8-49ed-903c-7dbe3763803f_0c619d7d-715e-47a0-8a21-92acd9e017a5.jpg/250x188.webp https://prod.pictures.autoscout24.net/listing-images/f3a8ffaa-1be8-49ed-903c-7dbe3763803f_e7dc6bcf-f14b-4e85-81e5-4c6c24637bcc.jpg/250x188.webp https://prod.pictures.autoscout24.net/listing-images/f3a8ffaa-1be8-49ed-903c-7dbe3763803f_69e50be8-41a9-4435-be7f-cd51effc71ea.jpg/250x188.webp,120.36322565219064,5861
bbcd3763-24bb-4e64-9461-36c022ced9c5,Nissan,Primera,Traveller 1.9 dCi visia-plus,PrivateSeller,1650,d,212000,08-2004,4000,https://prod.pictures.autoscout24.net/listing-images/bbcd3763-24bb-4e64-9461-36c022ced9c5_3c36a755-615c-4eac-859d-d5f8ebd5e118.jpg/250x188.webp https://prod.pictures.autoscout24.net/listing-images/bbcd3763-24bb-4e64-9461-36c022ced9c5_289060ca-d064-4c10-ab4c-5ba6d0c994a8.jpg/250x188.webp https://prod.pictures.autoscout24.net/listing-images/bbcd3763-24bb-4e64-9461-36c022ced9c5_450a4a14-d8e4-4d81-8214-248143bf6f46.jpg/250x188.webp https://prod.pictures.autoscout24.net/listing-images/bbcd3763-24bb-4e64-9461-36c022ced9c5_5e1e63e5-4ecb-4ed4-a30d-93f7e06f522c.jpg/250x188.webp https://prod.pictures.autoscout24.net/listing-images/bbcd3763-24bb-4e64-9461-36c022ced9c5_ab71e693-5fa9-4b48-b9f9-4a4a16c8e9ed.jpg/250x188.webp,118.53949006185148,6713
dcca34c9-0c05-4834-9430-11c336b10f49,Nissan,Micra,1.4i 16v Acenta,Dealer,1700,b,154000,08-2006,1703,https://prod.pictures.autoscout24.net/listing-images/dcca34c9-0c05-4834-9430-11c336b10f49_263d68ee-bd19-4f7f-b28c-12de6e6e4a51.jpg/250x188.webp https://prod.pictures.autoscout24.net/listing-images/dcca34c9-0c05-4834-9430-11c336b10f49_e882e6a5-aa08-45ed-aefa-2f05616ebcb8.jpg/250x188.webp https://prod.pictures.autoscout24.net/listing-images/dcca34c9-0c05-4834-9430-11c336b10f49_2febf424-1e15-4d77-a1b7-036c172b128d.jpg/250x188.webp https://prod.pictures.autoscout24.net/listing-images/dcca34c9-0c05-4834-9430-11c336b10f49_c7f0d388-6575-42e8-9433-e374cec03ee2.jpg/250x188.webp https://prod.pictures.autoscout24.net/listing-images/dcca34c9-0c05-4834-9430-11c336b10f49_b2ab053d-b72c-459f-919e-e202dea5367f.jpg/250x188.webp https://prod.pictures.autoscout24.net/listing-images/dcca34c9-0c05-4834-9430-11c336b10f49_74590793-f4d4-40b8-973f-c61c7ffc528a.jpg/250x188.webp https://prod.pictures.autoscout24.net/listing-images/dcca34c9-0c05-4834-9430-11c336b10f49_de7b6f74-7533-4b06-be48-affd6fb7a434.jpg/250x188.webp https://prod.pictures.autoscout24.net/listing-images/dcca34c9-0c05-4834-9430-11c336b10f49_56a0e6eb-9456-4b01-b361-7427785ae73e.jpg/250x188.webp,72.53884447632319,5983
d16745a2-16ad-4508-98fd-86830cb30ddd,Nissan,Note,1.5 dCi Acenta+Safety,Dealer,1700,d,208000,03-2009,1780,https://prod.pictures.autoscout24.net/listing-images/d16745a2-16ad-4508-98fd-86830cb30ddd_111b3a92-e09c-4ca2-a83d-03f02fa5a373.jpg/250x188.webp https://prod.pictures.autoscout24.net/listing-images/d16745a2-16ad-4508-98fd-86830cb30ddd_cd0ea937-53f0-4fdc-a9dd-e81380a4acc0.jpg/250x188.webp https://prod.pictures.autoscout24.net/listing-images/d16745a2-16ad-4508-98fd-86830cb30ddd_c1a45fdc-642e-4ab3-822d-7c60b65c21ea.jpg/250x188.webp https://prod.pictures.autoscout24.net/listing-images/d16745a2-16ad-4508-98fd-86830cb30ddd_35062a1a-f673-42c6-84bb-0179fff12321.jpg/250x188.webp https://prod.pictures.autoscout24.net/listing-images/d16745a2-16ad-4508-98fd-86830cb30ddd_7caa3cb8-21da-4baa-994b-82df52186911.jpg/250x188.webp https://prod.pictures.autoscout24.net/listing-images/d16745a2-16ad-4508-98fd-86830cb30ddd_2ace70ac-4808-49b3-8fce-b57d12abfe74.jpg/250x188.webp https://prod.pictures.autoscout24.net/listing-images/d16745a2-16ad-4508-98fd-86830cb30ddd_b46804b5-3dce-406e-873f-a519b0af4d23.jpg/250x188.webp https://prod.pictures.autoscout24.net/listing-images/d16745a2-16ad-4508-98fd-86830cb30ddd_72d8ac1e-0665-4417-9bcd-79df74b5a537.jpg/250x188.webp https://prod.pictures.autoscout24.net/listing-images/d16745a2-16ad-4508-98fd-86830cb30ddd_cd1ee342-b932-4f74-a5f6-10c368b8449c.jpg/250x188.webp https://prod.pictures.autoscout24.net/listing-images/d16745a2-16ad-4508-98fd-86830cb30ddd_2a09f549-5f5d-48a2-a0e0-f83ac2891022.jpg/250x188.webp,63.273818071645216,5040
788f776f-be13-45b8-8f00-7abac719e70a,Nissan,Micra,1.2i airco start drive super,Dealer,1700,b,240000,11-2007,1840,https://prod.pictures.autoscout24.net/listing-images/788f776f-be13-45b8-8f00-7abac719e70a_8f436917-0069-4609-8d31-20207a95fe22.jpg/250x188.webp https://prod.pictures.autoscout24.net/listing-images/788f776f-be13-45b8-8f00-7abac719e70a_872a2507-e33e-45d5-be08-0ac97a19274a.jpg/250x188.webp https://prod.pictures.autoscout24.net/listing-images/788f776f-be13-45b8-8f00-7abac719e70a_ce2ef2e3-c106-4812-9bfa-2cd2c886e676.jpg/250x188.webp https://prod.pictures.autoscout24.net/listing-images/788f776f-be13-45b8-8f00-7abac719e70a_c25f2955-e9f6-4e0c-b572-58e47e8a8af6.jpg/250x188.webp https://prod.pictures.autoscout24.net/listing-images/788f776f-be13-45b8-8f00-7abac719e70a_db46167e-d9a6-46d3-8bd1-6ceb1c112ed5.jpg/250x188.webp https://prod.pictures.autoscout24.net/listing-images/788f776f-be13-45b8-8f00-7abac719e70a_2091cfb4-ad49-4a54-9718-9fd4563cf874.jpg/250x188.webp https://prod.pictures.autoscout24.net/listing-images/788f776f-be13-45b8-8f00-7abac719e70a_e299c21a-99a5-4b3a-8db5-76b0705ab486.jpg/250x188.webp https://prod.pictures.autoscout24.net/listing-images/788f776f-be13-45b8-8f00-7abac719e70a_d424d257-2529-4419-a0fe-e95411c9f618.jpg/250x188.webp https://prod.pictures.autoscout24.net/listing-images/788f776f-be13-45b8-8f00-7abac719e70a_db397339-327c-49b6-8f84-db20ce9eb3e3.jpg/250x188.webp https://prod.pictures.autoscout24.net/listing-images/788f776f-be13-45b8-8f00-7abac719e70a_3c480fa8-dd8a-404c-acda-ea776cc71be8.jpg/250x188.webp https://prod.pictures.autoscout24.net/listing-images/788f776f-be13-45b8-8f00-7abac719e70a_46e4eb39-d20a-4687-81b8-ca710b345a4f.jpg/250x188.webp https://prod.pictures.autoscout24.net/listing-images/788f776f-be13-45b8-8f00-7abac719e70a_305494aa-4621-4a0d-acd2-0fe6e72746e4.jpg/250x188.webp https://prod.pictures.autoscout24.net/listing-images/788f776f-be13-45b8-8f00-7abac719e70a_becedf16-84f5-4ed1-ab1c-7be82706823a.jpg/250x188.webp,54.29299877782283,5526
0c4705d5-224e-4e43-93f6-997bdc31ef07,Nissan,Almera Tino,,Dealer,1700,b,204000,05-2003,1780,https://prod.pictures.autoscout24.net/listing-images/0c4705d5-224e-4e43-93f6-997bdc31ef07_215860f5-5219-4530-961e-69212929b36c.jpg/250x188.webp https://prod.pictures.autoscout24.net/listing-images/0c4705d5-224e-4e43-93f6-997bdc31ef07_f7cebafc-74d3-4731-bda7-7db23d6b0c9b.jpg/250x188.webp https://prod.pictures.autoscout24.net/listing-images/0c4705d5-224e-4e43-93f6-997bdc31ef07_e1544f0d-cbd4-4ac2-967f-17bd7bc54d8e.jpg/250x188.webp https://prod.pictures.autoscout24.net/listing-images/0c4705d5-224e-4e43-93f6-997bdc31ef07_f6bede70-a0f0-4256-aacc-94d4f7b722b1.jpg/250x188.webp https://prod.pictures.autoscout24.net/listing-images/0c4705d5-224e-4e43-93f6-997bdc31ef07_f2998adf-1002-4d5c-90c7-23f938b1aac6.jpg/250x188.webp,63.273818071645216,7171
8059f904-a428-4964-90db-6073e09a338a,Nissan,Terrano,2.7 TDi Comfort,Dealer,1750,d,152321,06-2002,3945,https://prod.pictures.autoscout24.net/listing-images/8059f904-a428-4964-90db-6073e09a338a_049141f7-435b-48ad-b206-d91bed0d22c9.jpg/250x188.webp https://prod.pictures.autoscout24.net/listing-images/8059f904-a428-4964-90db-6073e09a338a_3123b892-6a05-4d14-ab1e-da6823d9a787.jpg/250x188.webp https://prod.pictures.autoscout24.net/listing-images/8059f904-a428-4964-90db-6073e09a338a_e9542f4f-f277-4d57-9f9d-0ddde0154437.jpg/250x188.webp https://prod.pictures.autoscout24.net/listing-images/8059f904-a428-4964-90db-6073e09a338a_96a602e7-c4d3-4713-9048-f5fa75e1afd1.jpg/250x188.webp https://prod.pictures.autoscout24.net/listing-images/8059f904-a428-4964-90db-6073e09a338a_0753096f-7659-4371-9b23-44a63149ddc7.jpg/250x188.webp,62.89337299154107,7505
9a3866d3-ee67-4dbb-9e29-f47675088c51,Nissan,Micra,1.5 dCi Acenta,Dealer,1750,d,120,10-2006,1785,https://prod.pictures.autoscout24.net/listing-images/9a3866d3-ee67-4dbb-9e29-f47675088c51_a7d22caa-e36c-4c10-99bd-e436ba23f4d2.jpg/250x188.webp https://prod.pictures.autoscout24.net/listing-images/9a3866d3-ee67-4dbb-9e29-f47675088c51_7ef0004d-2852-4e0a-95cb-90ea0e625f0b.jpg/250x188.webp https://prod.pictures.autoscout24.net/listing-images/9a3866d3-ee67-4dbb-9e29-f47675088c51_29400d69-5d00-44d8-8966-c57ce663eed9.jpg/250x188.webp https://prod.pictures.autoscout24.net/listing-images/9a3866d3-ee67-4dbb-9e29-f47675088c51_224abe0e-c784-4efb-8d1a-b7a7b99f5aeb.jpg/250x188.webp https://prod.pictures.autoscout24.net/listing-images/9a3866d3-ee67-4dbb-9e29-f47675088c51_3b648d6d-5fdf-4f2f-88d2-7ab8043fc56a.jpg/250x188.webp https://prod.pictures.autoscout24.net/listing-images/9a3866d3-ee67-4dbb-9e29-f47675088c51_564d0262-df51-46e9-8895-ec62d3b735c4.jpg/250x188.webp https://prod.pictures.autoscout24.net/listing-images/9a3866d3-ee67-4dbb-9e29-f47675088c51_6fc9e4fc-4cce-46f9-8c8d-6dfc2e008e6f.jpg/250x188.webp https://prod.pictures.autoscout24.net/listing-images/9a3866d3-ee67-4dbb-9e29-f47675088c51_1293b6e6-1405-464f-92dd-4192b663d5fd.jpg/250x188.webp https://prod.pictures.autoscout24.net/listing-images/9a3866d3-ee67-4dbb-9e29-f47675088c51_67f5f0d2-aa85-4244-a5cf-729775cd16a9.jpg/250x188.webp,62.024853812453884,5922
25ab4401-5177-43af-b1d9-554748f127cf,Nissan,Primera,Cosmic,PrivateSeller,1750,d,211307,10-1998,3670,https://prod.pictures.autoscout24.net/listing-images/25ab4401-5177-43af-b1d9-554748f127cf_ddc4b0d6-df7b-4292-b5d6-d17361ac3889.jpg/250x188.webp https://prod.pictures.autoscout24.net/listing-images/25ab4401-5177-43af-b1d9-554748f127cf_7056b5fc-4e7c-48ba-bf25-706b51b806d7.jpg/250x188.webp https://prod.pictures.autoscout24.net/listing-images/25ab4401-5177-43af-b1d9-554748f127cf_d4b79cdc-d108-42e4-9739-013417f62516.jpg/250x188.webp https://prod.pictures.autoscout24.net/listing-images/25ab4401-5177-43af-b1d9-554748f127cf_8ec518e4-0a48-4a9f-b256-345441dcb5bb.jpg/250x188.webp https://prod.pictures.autoscout24.net/listing-images/25ab4401-5177-43af-b1d9-554748f127cf_e0b8095f-3b1c-4551-86ff-0e57e0d44cd1.jpg/250x188.webp https://prod.pictures.autoscout24.net/listing-images/25ab4401-5177-43af-b1d9-554748f127cf_45e0864b-d731-4e11-955c-5ec3aef4b422.jpg/250x188.webp https://prod.pictures.autoscout24.net/listing-images/25ab4401-5177-43af-b1d9-554748f127cf_6838383e-7b79-4d79-bd02-fc52fa01d262.jpg/250x188.webp,86.86151890486535,8844
7195219b-9d45-4006-8843-aa8e933c9582,Nissan,Note,1.4i 16v Acenta,PrivateSeller,1750,b,216000,10-2006,4460,https://prod.pictures.autoscout24.net/listing-images/7195219b-9d45-4006-8843-aa8e933c9582_0767a140-f411-4df9-9e25-4cfb2421ce37.jpg/250x188.webp https://prod.pictures.autoscout24.net/listing-images/7195219b-9d45-4006-8843-aa8e933c9582_8d2a5f30-5fcf-499f-9ba0-2198a4650f08.jpg/250x188.webp https://prod.pictures.autoscout24.net/listing-images/7195219b-9d45-4006-8843-aa8e933c9582_339ad380-1a4a-4df8-9983-d4383fd9134a.jpg/250x188.webp https://prod.pictures.autoscout24.net/listing-images/7195219b-9d45-4006-8843-aa8e933c9582_d1b92dfe-87e9-4bd8-bf98-16a82ba2671d.jpg/250x188.webp https://prod.pictures.autoscout24.net/listing-images/7195219b-9d45-4006-8843-aa8e933c9582_0e5294a2-e03e-4720-ad83-aa6912e3dd6f.jpg/250x188.webp,114.8668906662163,5922
a1e54ffb-c832-451a-9c47-559b7e84b334,Nissan,Primera,1.8i 16v           EXPORT,Dealer,1800,b,155000,12-2002,1080,https://prod.pictures.autoscout24.net/listing-images/a1e54ffb-c832-451a-9c47-559b7e84b334_3841a53b-dbff-4a4b-94b5-acc4f63d2284.jpg/250x188.webp https://prod.pictures.autoscout24.net/listing-images/a1e54ffb-c832-451a-9c47-559b7e84b334_bd2eb6a3-9d72-46f1-b04a-8257e0c9d067.jpg/250x188.webp https://prod.pictures.autoscout24.net/listing-images/a1e54ffb-c832-451a-9c47-559b7e84b334_301b7d45-fbab-44ce-965d-394218e085b2.jpg/250x188.webp https://prod.pictures.autoscout24.net/listing-images/a1e54ffb-c832-451a-9c47-559b7e84b334_92c2fed1-9e61-4aa7-ab30-bf7d99618ce6.jpg/250x188.webp https://prod.pictures.autoscout24.net/listing-images/a1e54ffb-c832-451a-9c47-559b7e84b334_80a4ee0d-e267-4de4-8f80-3a9c1c0d24ae.jpg/250x188.webp https://prod.pictures.autoscout24.net/listing-images/a1e54ffb-c832-451a-9c47-559b7e84b334_bd0c8132-789c-4c84-bee3-ee9363a56ad3.jpg/250x188.webp https://prod.pictures.autoscout24.net/listing-images/a1e54ffb-c832-451a-9c47-559b7e84b334_bc5b11b4-be80-4383-b7b2-d56c9ee9151c.jpg/250x188.webp https://prod.pictures.autoscout24.net/listing-images/a1e54ffb-c832-451a-9c47-559b7e84b334_156a784e-5582-405d-a8ed-079aa47672dc.jpg/250x188.webp https://prod.pictures.autoscout24.net/listing-images/a1e54ffb-c832-451a-9c47-559b7e84b334_3690cd8f-0090-4171-b625-7447e5cfb17e.jpg/250x188.webp https://prod.pictures.autoscout24.net/listing-images/a1e54ffb-c832-451a-9c47-559b7e84b334_a7d1c5b9-f62c-476c-962a-8c84161897b0.jpg/250x188.webp https://prod.pictures.autoscout24.net/listing-images/a1e54ffb-c832-451a-9c47-559b7e84b334_66eb9e1a-4a96-4d7f-879d-0d7cf4d2d9ec.jpg/250x188.webp,69.57979227671277,7322
226e8c83-d8a9-4e68-876c-1c40c9d76d03,Nissan,Micra,1.5 dCi 25th Anniversary+Nissan Connect,PrivateSeller,1800,d,225000,10-2010,7080,https://prod.pictures.autoscout24.net/listing-images/226e8c83-d8a9-4e68-876c-1c40c9d76d03_7a922e2d-ccee-41fc-81c0-f338bdad68c4.jpg/250x188.webp https://prod.pictures.autoscout24.net/listing-images/226e8c83-d8a9-4e68-876c-1c40c9d76d03_15ccf164-7c36-4176-a090-79895b481a7d.jpg/250x188.webp https://prod.pictures.autoscout24.net/listing-images/226e8c83-d8a9-4e68-876c-1c40c9d76d03_025df6d6-6f44-49c1-9c8e-3b1565d706ce.jpg/250x188.webp https://prod.pictures.autoscout24.net/listing-images/226e8c83-d8a9-4e68-876c-1c40c9d76d03_3c5d3342-fc62-4e3c-8d30-bee9dcf9f63a.jpg/250x188.webp https://prod.pictures.autoscout24.net/listing-images/226e8c83-d8a9-4e68-876c-1c40c9d76d03_63a67b2f-94ff-44a2-851d-5819ae4338db.jpg/250x188.webp https://prod.pictures.autoscout24.net/listing-images/226e8c83-d8a9-4e68-876c-1c40c9d76d03_ea1e32b4-ec3d-49f7-98a3-1858aca15d94.jpg/250x188.webp https://prod.pictures.autoscout24.net/listing-images/226e8c83-d8a9-4e68-876c-1c40c9d76d03_4a175b6e-4b32-43e3-a659-dbe2ad1ed461.jpg/250x188.webp https://prod.pictures.autoscout24.net/listing-images/226e8c83-d8a9-4e68-876c-1c40c9d76d03_7aa25068-0324-439a-b940-a5890495f317.jpg/250x188.webp,124.84754400917438,4461
f2bce6b3-569a-4749-a57b-80a0f0b23e15,Nissan,Micra,1.0i 16v Visia,PrivateSeller,1800,b,163977,06-2004,4350,https://prod.pictures.autoscout24.net/listing-images/f2bce6b3-569a-4749-a57b-80a0f0b23e15_bdae151a-c76b-4fe1-8dfa-cc60eaf93ec3.jpg/250x188.webp https://prod.pictures.autoscout24.net/listing-images/f2bce6b3-569a-4749-a57b-80a0f0b23e15_b3f26fc3-f28d-496b-a0df-95c52b1493a7.jpg/250x188.webp https://prod.pictures.autoscout24.net/listing-images/f2bce6b3-569a-4749-a57b-80a0f0b23e15_12d87887-5dc2-4504-b00f-4d234e1d82df.jpg/250x188.webp https://prod.pictures.autoscout24.net/listing-images/f2bce6b3-569a-4749-a57b-80a0f0b23e15_b9ce2e24-e87a-4820-b2d8-bcd177350b27.jpg/250x188.webp https://prod.pictures.autoscout24.net/listing-images/f2bce6b3-569a-4749-a57b-80a0f0b23e15_29705196-ab1d-45c1-978b-d98471112637.jpg/250x188.webp https://prod.pictures.autoscout24.net/listing-images/f2bce6b3-569a-4749-a57b-80a0f0b23e15_1afcf57b-4f91-4f21-9ee5-edbd291ed4db.jpg/250x188.webp https://prod.pictures.autoscout24.net/listing-images/f2bce6b3-569a-4749-a57b-80a0f0b23e15_c32f692b-e5da-458a-9c1c-2a15bc28db8b.jpg/250x188.webp https://prod.pictures.autoscout24.net/listing-images/f2bce6b3-569a-4749-a57b-80a0f0b23e15_2d5b3f14-7df2-46d4-83de-ad619b6ff284.jpg/250x188.webp https://prod.pictures.autoscout24.net/listing-images/f2bce6b3-569a-4749-a57b-80a0f0b23e15_05fee5f5-8bf4-4c88-93ce-baa2cabaf015.jpg/250x188.webp,105.66815720147693,6774
baffda79-e68f-48da-a0d4-66d0caf85b19,Nissan,Almera,1.5 dCi Acenta A/C *1e Eigen *Ohboek *AIRCO*EXPORT,Dealer,1850,d,167000,03-2005,9250,https://prod.pictures.autoscout24.net/listing-images/baffda79-e68f-48da-a0d4-66d0caf85b19_7f1279a6-e2a1-4e82-93b7-2ecfa676875d.jpg/250x188.webp https://prod.pictures.autoscout24.net/listing-images/baffda79-e68f-48da-a0d4-66d0caf85b19_5aab1318-2829-4517-8e2d-57445eef0b21.jpg/250x188.webp https://prod.pictures.autoscout24.net/listing-images/baffda79-e68f-48da-a0d4-66d0caf85b19_1a4e76c1-052b-4380-8cae-fffc3e3b142c.jpg/250x188.webp https://prod.pictures.autoscout24.net/listing-images/baffda79-e68f-48da-a0d4-66d0caf85b19_bfa8e5bd-4ced-4951-b4da-14ac455a0eb8.jpg/250x188.webp https://prod.pictures.autoscout24.net/listing-images/baffda79-e68f-48da-a0d4-66d0caf85b19_f2c5372b-b4d1-45ce-b573-45762e18a2c4.jpg/250x188.webp https://prod.pictures.autoscout24.net/listing-images/baffda79-e68f-48da-a0d4-66d0caf85b19_64627697-0702-4923-8223-f10cd6b1831d.jpg/250x188.webp https://prod.pictures.autoscout24.net/listing-images/baffda79-e68f-48da-a0d4-66d0caf85b19_8e56d083-9471-48ad-b3b4-dd88b32e1c33.jpg/250x188.webp https://prod.pictures.autoscout24.net/listing-images/baffda79-e68f-48da-a0d4-66d0caf85b19_007d2011-2a24-431f-aa86-d65dabdeab9e.jpg/250x188.webp https://prod.pictures.autoscout24.net/listing-images/baffda79-e68f-48da-a0d4-66d0caf85b19_c8f1f265-b7b5-427c-bc63-3bd2a0023da8.jpg/250x188.webp https://prod.pictures.autoscout24.net/listing-images/baffda79-e68f-48da-a0d4-66d0caf85b19_50454e60-5886-47bf-a1ff-553c2a2b6d20.jpg/250x188.webp https://prod.pictures.autoscout24.net/listing-images/baffda79-e68f-48da-a0d4-66d0caf85b19_c333acaf-5f1c-440e-8914-ba9e785b76ae.jpg/250x188.webp https://prod.pictures.autoscout24.net/listing-images/baffda79-e68f-48da-a0d4-66d0caf85b19_c61a48df-7b7d-46a7-9272-81dc7aad9def.jpg/250x188.webp https://prod.pictures.autoscout24.net/listing-images/baffda79-e68f-48da-a0d4-66d0caf85b19_6b9f7688-e0ab-4287-ac26-5331569be0ac.jpg/250x188.webp https://prod.pictures.autoscout24.net/listing-images/baffda79-e68f-48da-a0d4-66d0caf85b19_633fb686-3bd9-4a2e-b59e-d57df4516f75.jpg/250x188.webp https://prod.pictures.autoscout24.net/listing-images/baffda79-e68f-48da-a0d4-66d0caf85b19_a64f8c63-4230-4f31-a8f4-39c619f1a28a.jpg/250x188.webp https://prod.pictures.autoscout24.net/listing-images/baffda79-e68f-48da-a0d4-66d0caf85b19_7418fce5-0c40-4cd0-8bc1-a92c60e3a813.jpg/250x188.webp,48.29700857036449,6501
08e24afc-120b-4f52-8f47-6193ea2ea97e,Nissan,Almera,1.5i 16v,Dealer,1850,b,165000,03-2002,1400,https://prod.pictures.autoscout24.net/listing-images/08e24afc-120b-4f52-8f47-6193ea2ea97e_d18bd5c6-ce71-486c-9296-2a0e44dafc2a.jpg/250x188.webp https://prod.pictures.autoscout24.net/listing-images/08e24afc-120b-4f52-8f47-6193ea2ea97e_66577f84-57bd-46ed-8a79-53f89c302e90.jpg/250x188.webp https://prod.pictures.autoscout24.net/listing-images/08e24afc-120b-4f52-8f47-6193ea2ea97e_ca6a4b40-69ed-49d8-99a6-d7b6d4db69b0.jpg/250x188.webp https://prod.pictures.autoscout24.net/listing-images/08e24afc-120b-4f52-8f47-6193ea2ea97e_bd4cb74f-120e-4c76-9dfb-e706d284a0ff.jpg/250x188.webp https://prod.pictures.autoscout24.net/listing-images/08e24afc-120b-4f52-8f47-6193ea2ea97e_287f5e5d-7a63-4a74-9804-39251632068d.jpg/250x188.webp https://prod.pictures.autoscout24.net/listing-images/08e24afc-120b-4f52-8f47-6193ea2ea97e_2658e125-ab53-4e55-8f36-4bc617808b1d.jpg/250x188.webp https://prod.pictures.autoscout24.net/listing-images/08e24afc-120b-4f52-8f47-6193ea2ea97e_70341a88-aced-4dec-9373-30c2e602ed5b.jpg/250x188.webp https://prod.pictures.autoscout24.net/listing-images/08e24afc-120b-4f52-8f47-6193ea2ea97e_5333f034-e726-4c08-aeff-22a700ac41ad.jpg/250x188.webp https://prod.pictures.autoscout24.net/listing-images/08e24afc-120b-4f52-8f47-6193ea2ea97e_019a831d-cf74-4a26-8350-9d7d5f54ff2c.jpg/250x188.webp https://prod.pictures.autoscout24.net/listing-images/08e24afc-120b-4f52-8f47-6193ea2ea97e_be7a785f-5bfd-409b-81f5-ff64edbff0a9.jpg/250x188.webp https://prod.pictures.autoscout24.net/listing-images/08e24afc-120b-4f52-8f47-6193ea2ea97e_f69cf57b-ad53-48fb-83c0-12d67fa4119e.jpg/250x188.webp,97.35176357549375,7597
84666289-e400-41a4-a3b1-d5cfb49cf24e,Nissan,Vanette,2.3 CARGO,Dealer,1900,d,175974,10-1998,1420,https://prod.pictures.autoscout24.net/listing-images/84666289-e400-41a4-a3b1-d5cfb49cf24e_8caa2796-7477-48de-8966-63a3823ee1b9.jpg/250x188.webp https://prod.pictures.autoscout24.net/listing-images/84666289-e400-41a4-a3b1-d5cfb49cf24e_75db1249-b4f6-4983-9904-87a8c5bbc946.jpg/250x188.webp https://prod.pictures.autoscout24.net/listing-images/84666289-e400-41a4-a3b1-d5cfb49cf24e_c9281aaa-dddc-4d6d-990f-a2cc04f00e2c.jpg/250x188.webp https://prod.pictures.autoscout24.net/listing-images/84666289-e400-41a4-a3b1-d5cfb49cf24e_9cc5e95c-522d-4d04-8e54-b9014a50ad85.jpg/250x188.webp https://prod.pictures.autoscout24.net/listing-images/84666289-e400-41a4-a3b1-d5cfb49cf24e_3bd0cf00-8f11-4e9c-8928-f2d1eaa6cbd1.jpg/250x188.webp https://prod.pictures.autoscout24.net/listing-images/84666289-e400-41a4-a3b1-d5cfb49cf24e_36721972-a729-4af4-a096-4e3d86fc4673.jpg/250x188.webp https://prod.pictures.autoscout24.net/listing-images/84666289-e400-41a4-a3b1-d5cfb49cf24e_197c0d31-4fdc-42f8-b068-4bcbc5a4b8d7.jpg/250x188.webp https://prod.pictures.autoscout24.net/listing-images/84666289-e400-41a4-a3b1-d5cfb49cf24e_9258300e-42b0-40b0-991d-75ec2eaa3a29.jpg/250x188.webp https://prod.pictures.autoscout24.net/listing-images/84666289-e400-41a4-a3b1-d5cfb49cf24e_8ab17281-3be3-4a05-832d-2f88a64f629c.jpg/250x188.webp https://prod.pictures.autoscout24.net/listing-images/84666289-e400-41a4-a3b1-d5cfb49cf24e_efa0ca84-c698-48fe-8e75-e9d5c00dd287.jpg/250x188.webp https://prod.pictures.autoscout24.net/listing-images/84666289-e400-41a4-a3b1-d5cfb49cf24e_d562f9c0-d240-4b2a-9d4e-d19acbe5a2f6.jpg/250x188.webp https://prod.pictures.autoscout24.net/listing-images/84666289-e400-41a4-a3b1-d5cfb49cf24e_9dcd64d5-e069-47a0-9b93-b95f508fe17a.jpg/250x188.webp,87.49639779077864,8844
413f4180-7294-4211-b3b9-9c1e8ce6bcd7,Nissan,Almera,,Dealer,1900,b,187000,12-2001,1700,https://prod.pictures.autoscout24.net/listing-images/413f4180-7294-4211-b3b9-9c1e8ce6bcd7_3ef89d3a-b306-43f7-b9bb-faf8f709e7aa.jpg/250x188.webp https://prod.pictures.autoscout24.net/listing-images/413f4180-7294-4211-b3b9-9c1e8ce6bcd7_721a4621-0fb4-4d58-9807-b37cd34dcf5d.jpg/250x188.webp https://prod.pictures.autoscout24.net/listing-images/413f4180-7294-4211-b3b9-9c1e8ce6bcd7_9c85ee5e-f946-4ec1-9594-01bbbeda6226.jpg/250x188.webp https://prod.pictures.autoscout24.net/listing-images/413f4180-7294-4211-b3b9-9c1e8ce6bcd7_2d2be9ac-9f57-4a9f-a68f-2a145d084b79.jpg/250x188.webp https://prod.pictures.autoscout24.net/listing-images/413f4180-7294-4211-b3b9-9c1e8ce6bcd7_eb642834-ecdf-452c-819e-13006dea5469.jpg/250x188.webp https://prod.pictures.autoscout24.net/listing-images/413f4180-7294-4211-b3b9-9c1e8ce6bcd7_a5bc89b7-d4e2-41e7-b00d-431e585e834b.jpg/250x188.webp https://prod.pictures.autoscout24.net/listing-images/413f4180-7294-4211-b3b9-9c1e8ce6bcd7_f38f76e0-48be-419b-a21c-ab8463099da2.jpg/250x188.webp,70.90697373704198,7687
b7d9b69e-e303-4693-b041-e7164401894a,Nissan,Note,"Note 1,5 DCI",PrivateSeller,1900,d,215000,06-2007,1315,https://prod.pictures.autoscout24.net/listing-images/b7d9b69e-e303-4693-b041-e7164401894a_88d1303f-5da2-480f-8a88-bc66c8d2b800.jpg/250x188.webp https://prod.pictures.autoscout24.net/listing-images/b7d9b69e-e303-4693-b041-e7164401894a_47777f31-18b7-45ab-b1e1-2c2d4e60b59c.jpg/250x188.webp,85.40551029135231,5679
0559bf54-986d-4840-bd54-d6c580507f3f,Nissan,Primera,1.8i 16v Acenta,PrivateSeller,1950,b,102000,04-2004,2570,https://prod.pictures.autoscout24.net/listing-images/0559bf54-986d-4840-bd54-d6c580507f3f_bc36b130-fc7e-4d6d-8297-7b634a8d6a19.jpg/250x188.webp https://prod.pictures.autoscout24.net/listing-images/0559bf54-986d-4840-bd54-d6c580507f3f_93f127c0-9702-4d8d-b1a3-7eb705504276.jpg/250x188.webp https://prod.pictures.autoscout24.net/listing-images/0559bf54-986d-4840-bd54-d6c580507f3f_5a2181f0-eb1d-42cc-b33d-51bdf33fd62d.jpg/250x188.webp https://prod.pictures.autoscout24.net/listing-images/0559bf54-986d-4840-bd54-d6c580507f3f_3537c185-7557-4566-a4f6-1ea0d6b64550.jpg/250x188.webp https://prod.pictures.autoscout24.net/listing-images/0559bf54-986d-4840-bd54-d6c580507f3f_7c99624e-6874-4d52-9248-55f13732a99d.jpg/250x188.webp https://prod.pictures.autoscout24.net/listing-images/0559bf54-986d-4840-bd54-d6c580507f3f_142477fc-e9ae-4fbb-8761-563ce73750eb.jpg/250x188.webp https://prod.pictures.autoscout24.net/listing-images/0559bf54-986d-4840-bd54-d6c580507f3f_ca54d0c1-7a64-4551-b54d-5faeec39e629.jpg/250x188.webp https://prod.pictures.autoscout24.net/listing-images/0559bf54-986d-4840-bd54-d6c580507f3f_6b315f9b-4d09-4c4c-abdf-0471bc11eb52.jpg/250x188.webp https://prod.pictures.autoscout24.net/listing-images/0559bf54-986d-4840-bd54-d6c580507f3f_eb205d11-192d-4356-b5db-5c9f4acbbe92.jpg/250x188.webp https://prod.pictures.autoscout24.net/listing-images/0559bf54-986d-4840-bd54-d6c580507f3f_353203a7-a945-4ef8-94a0-bb9a996b9168.jpg/250x188.webp https://prod.pictures.autoscout24.net/listing-images/0559bf54-986d-4840-bd54-d6c580507f3f_9f53b8d4-d692-487d-a5fa-6ddd4a1c43b6.jpg/250x188.webp https://prod.pictures.autoscout24.net/listing-images/0559bf54-986d-4840-bd54-d6c580507f3f_04c3edb9-827f-4c38-9471-3abcb45a5c28.jpg/250x188.webp https://prod.pictures.autoscout24.net/listing-images/0559bf54-986d-4840-bd54-d6c580507f3f_d0dbb374-7e88-4560-900c-2e6b823eb625.jpg/250x188.webp https://prod.pictures.autoscout24.net/listing-images/0559bf54-986d-4840-bd54-d6c580507f3f_cae0526f-ad32-48d0-b8c3-05ceaa1539e2.jpg/250x188.webp https://prod.pictures.autoscout24.net/listing-images/0559bf54-986d-4840-bd54-d6c580507f3f_22ab38f2-d46f-4e0d-83f6-e49eb3378b0b.jpg/250x188.webp https://prod.pictures.autoscout24.net/listing-images/0559bf54-986d-4840-bd54-d6c580507f3f_41eff30d-b670-434e-8d1f-130c185950c1.jpg/250x188.webp https://prod.pictures.autoscout24.net/listing-images/0559bf54-986d-4840-bd54-d6c580507f3f_5d9fb087-bfbd-4fb0-a96f-0ca57aef72bb.jpg/250x188.webp https://prod.pictures.autoscout24.net/listing-images/0559bf54-986d-4840-bd54-d6c580507f3f_d59efdf5-8661-4192-a755-a8eba84b7e9f.jpg/250x188.webp,41.502398539267695,6835
230fceee-1943-49c6-8645-8702f173bb64,Nissan,Sunny,GL,PrivateSeller,1950,d,102000,06-1986,1020,https://prod.pictures.autoscout24.net/listing-images/230fceee-1943-49c6-8645-8702f173bb64_67e12f7c-6c9d-4050-b7cf-7fb26768ecce.jpg/250x188.webp https://prod.pictures.autoscout24.net/listing-images/230fceee-1943-49c6-8645-8702f173bb64_379f304e-0407-44a4-9b7b-c15090d37719.jpg/250x188.webp https://prod.pictures.autoscout24.net/listing-images/230fceee-1943-49c6-8645-8702f173bb64_4ae8cec8-f145-4a39-a59a-64f619584646.jpg/250x188.webp https://prod.pictures.autoscout24.net/listing-images/230fceee-1943-49c6-8645-8702f173bb64_c890092e-d52c-4d75-9a7f-b1522de48f72.jpg/250x188.webp https://prod.pictures.autoscout24.net/listing-images/230fceee-1943-49c6-8645-8702f173bb64_1cf866b8-805c-4f7c-a3a5-3c559eb08e78.jpg/250x188.webp https://prod.pictures.autoscout24.net/listing-images/230fceee-1943-49c6-8645-8702f173bb64_b0e05005-f473-4dcf-9d63-8d89359024d0.jpg/250x188.webp https://prod.pictures.autoscout24.net/listing-images/230fceee-1943-49c6-8645-8702f173bb64_8d4f36d1-fb9d-4b85-9448-31cb9e9ef985.jpg/250x188.webp,66.36225311284039,13349
6be493ca-9904-4cbd-802e-c7ba92a4a9f0,Nissan,Almera Tino,1.8i Essence Euro4 Clim Camera Roule Bien Propre,Dealer,1999,b,115000,11-2005,1070,https://prod.pictures.autoscout24.net/listing-images/6be493ca-9904-4cbd-802e-c7ba92a4a9f0_bfba4e75-0593-4334-8ea9-c4e8de8862da.jpg/250x188.webp https://prod.pictures.autoscout24.net/listing-images/6be493ca-9904-4cbd-802e-c7ba92a4a9f0_d76df8a9-f9aa-4330-85b2-d909557817d8.jpg/250x188.webp https://prod.pictures.autoscout24.net/listing-images/6be493ca-9904-4cbd-802e-c7ba92a4a9f0_781ef619-ce16-4cee-acb9-8399173aed26.jpg/250x188.webp https://prod.pictures.autoscout24.net/listing-images/6be493ca-9904-4cbd-802e-c7ba92a4a9f0_8cbc4634-9d8a-4b16-9296-ed2e5e620cfa.jpg/250x188.webp https://prod.pictures.autoscout24.net/listing-images/6be493ca-9904-4cbd-802e-c7ba92a4a9f0_d99c521c-612d-4825-8cc8-6aa69415e760.jpg/250x188.webp https://prod.pictures.autoscout24.net/listing-images/6be493ca-9904-4cbd-802e-c7ba92a4a9f0_3de3dc47-355a-4189-b994-8d9a7996ed3c.jpg/250x188.webp https://prod.pictures.autoscout24.net/listing-images/6be493ca-9904-4cbd-802e-c7ba92a4a9f0_f37b307e-e129-446e-aa3f-761a035404e2.jpg/250x188.webp https://prod.pictures.autoscout24.net/listing-images/6be493ca-9904-4cbd-802e-c7ba92a4a9f0_cf17792b-b0be-4c29-ba66-0be81c42b78d.jpg/250x188.webp https://prod.pictures.autoscout24.net/listing-images/6be493ca-9904-4cbd-802e-c7ba92a4a9f0_51213af2-a9db-4045-b1eb-7080849d5b9c.jpg/250x188.webp https://prod.pictures.autoscout24.net/listing-images/6be493ca-9904-4cbd-802e-c7ba92a4a9f0_cf33c5bc-278f-49d8-9ac1-ebed0a1b49fb.jpg/250x188.webp https://prod.pictures.autoscout24.net/listing-images/6be493ca-9904-4cbd-802e-c7ba92a4a9f0_33fe7444-dfee-4372-bac3-3d51b16bd396.jpg/250x188.webp https://prod.pictures.autoscout24.net/listing-images/6be493ca-9904-4cbd-802e-c7ba92a4a9f0_52362707-de88-43a2-8b92-cad0ad7145d0.jpg/250x188.webp https://prod.pictures.autoscout24.net/listing-images/6be493ca-9904-4cbd-802e-c7ba92a4a9f0_26fbfe2b-fc04-4bb4-bc81-9a616b9cbc8c.jpg/250x188.webp https://prod.pictures.autoscout24.net/listing-images/6be493ca-9904-4cbd-802e-c7ba92a4a9f0_0c568493-fc49-44ef-9029-6f0ebc09eac4.jpg/250x188.webp https://prod.pictures.autoscout24.net/listing-images/6be493ca-9904-4cbd-802e-c7ba92a4a9f0_92105efa-1c78-4ce9-9d53-14a0072692c5.jpg/250x188.webp,71.06367211068877,6256
7ce83e53-8126-40b3-94a1-47e8eb791625,Nissan,X-Trail,2.2 dCi 16v Elegance,Dealer,2000,d,170000,12-2003,6698,https://prod.pictures.autoscout24.net/listing-images/7ce83e53-8126-40b3-94a1-47e8eb791625_8e70168b-44b9-465f-b618-b463037a8124.jpg/250x188.webp https://prod.pictures.autoscout24.net/listing-images/7ce83e53-8126-40b3-94a1-47e8eb791625_56faeae7-8ec5-4d1b-9eae-982309836a47.jpg/250x188.webp https://prod.pictures.autoscout24.net/listing-images/7ce83e53-8126-40b3-94a1-47e8eb791625_4efa482d-a769-46b6-8014-5c6286f19ad6.jpg/250x188.webp https://prod.pictures.autoscout24.net/listing-images/7ce83e53-8126-40b3-94a1-47e8eb791625_eed4bd97-69b5-4d99-82e4-568ab632c14f.jpg/250x188.webp https://prod.pictures.autoscout24.net/listing-images/7ce83e53-8126-40b3-94a1-47e8eb791625_8c02725b-3f43-4ad6-9dd4-6b312d6e0788.jpg/250x188.webp,162.1712561985485,6957
d7e53a8d-e6f1-4f24-b2c5-425dabf161b9,Nissan,Murano,3.5,PrivateSeller,2000,b,1560,11-2005,2070,,30.80136628106094,6256
34a34c1a-e668-4bb2-9646-a833d30ef5ab,Nissan,Micra,1.2i 16v Limited Edition,PrivateSeller,2000,b,181000,11-2004,5600,https://prod.pictures.autoscout24.net/listing-images/34a34c1a-e668-4bb2-9646-a833d30ef5ab_132eea6c-c38a-4b92-9d60-d318aabdbe29.jpg/250x188.webp https://prod.pictures.autoscout24.net/listing-images/34a34c1a-e668-4bb2-9646-a833d30ef5ab_4282e4de-df8a-4296-8265-95dfe0e359ac.jpg/250x188.webp https://prod.pictures.autoscout24.net/listing-images/34a34c1a-e668-4bb2-9646-a833d30ef5ab_7348793a-bfbf-4f5d-b935-2af2296e6ec6.jpg/250x188.webp https://prod.pictures.autoscout24.net/listing-images/34a34c1a-e668-4bb2-9646-a833d30ef5ab_4a93569b-0b94-48fd-acc1-3836ff052461.jpg/250x188.webp https://prod.pictures.autoscout24.net/listing-images/34a34c1a-e668-4bb2-9646-a833d30ef5ab_75d63f91-21ec-4b97-892f-0c73b536690e.jpg/250x188.webp https://prod.pictures.autoscout24.net/listing-images/34a34c1a-e668-4bb2-9646-a833d30ef5ab_3ffca1b2-c5d1-4730-88e8-e41924c17269.jpg/250x188.webp https://prod.pictures.autoscout24.net/listing-images/34a34c1a-e668-4bb2-9646-a833d30ef5ab_c84d7dc5-45bc-4679-b855-96b82ada75b0.jpg/250x188.webp https://prod.pictures.autoscout24.net/listing-images/34a34c1a-e668-4bb2-9646-a833d30ef5ab_1eda1f5f-1463-461e-a268-af1e3879a604.jpg/250x188.webp,141.55185821596254,6621
f284362b-ef6e-42ca-ae2a-6e888e65a866,Nissan,Micra,1.5 dCi Acenta A/C,PrivateSeller,2000,d,133250,03-1997,4980,https://prod.pictures.autoscout24.net/listing-images/f284362b-ef6e-42ca-ae2a-6e888e65a866_335b2738-ea8f-4e61-8553-7e9677ecec6a.jpg/250x188.webp,158.32360170330756,9423
20b6bb52-e2f0-40c1-8a0e-b31d8fab4d24,Nissan,Micra,1.0i 16v Comfort N-CVT,PrivateSeller,2100,b,81872,04-2001,3980,https://prod.pictures.autoscout24.net/listing-images/20b6bb52-e2f0-40c1-8a0e-b31d8fab4d24_64343f39-b46b-4182-930a-12f9421c09a4.jpg/250x188.webp https://prod.pictures.autoscout24.net/listing-images/20b6bb52-e2f0-40c1-8a0e-b31d8fab4d24_3a7466b5-5f5c-4ea8-a3e6-1d390a19614f.jpg/250x188.webp https://prod.pictures.autoscout24.net/listing-images/20b6bb52-e2f0-40c1-8a0e-b31d8fab4d24_eecb2c5d-7ed0-479c-b1a6-fb01f1ec5202.jpg/250x188.webp https://prod.pictures.autoscout24.net/listing-images/20b6bb52-e2f0-40c1-8a0e-b31d8fab4d24_a1dde630-672e-431f-a64e-93bc6b16783c.jpg/250x188.webp https://prod.pictures.autoscout24.net/listing-images/20b6bb52-e2f0-40c1-8a0e-b31d8fab4d24_decace1c-fb97-4c6f-a334-f04f43b65ff1.jpg/250x188.webp https://prod.pictures.autoscout24.net/listing-images/20b6bb52-e2f0-40c1-8a0e-b31d8fab4d24_5577f029-2b4c-486c-9f5c-a0590e4e563a.jpg/250x188.webp https://prod.pictures.autoscout24.net/listing-images/20b6bb52-e2f0-40c1-8a0e-b31d8fab4d24_513a129e-df75-4641-9a61-ed4632a776ff.jpg/250x188.webp,62.164074769325644,7931
29b09ad4-e027-49f9-89b4-d9bf7ecdb41f,Nissan,Maxima,3.0ivs,Dealer,2100,b,247460,12-1997,1080,https://prod.pictures.autoscout24.net/listing-images/29b09ad4-e027-49f9-89b4-d9bf7ecdb41f_a84e0b92-0771-45cb-beef-874e622e707f.jpg/250x188.webp https://prod.pictures.autoscout24.net/listing-images/29b09ad4-e027-49f9-89b4-d9bf7ecdb41f_b76b5355-1184-4496-826b-794711d6ad30.jpg/250x188.webp https://prod.pictures.autoscout24.net/listing-images/29b09ad4-e027-49f9-89b4-d9bf7ecdb41f_b0b5037c-090a-4f58-952e-6d7e308af4ec.jpg/250x188.webp https://prod.pictures.autoscout24.net/listing-images/29b09ad4-e027-49f9-89b4-d9bf7ecdb41f_f920385b-a66d-4d5a-987a-f689c1cf2f62.jpg/250x188.webp https://prod.pictures.autoscout24.net/listing-images/29b09ad4-e027-49f9-89b4-d9bf7ecdb41f_484a54cf-6f11-4153-b19b-93f396e9a0f2.jpg/250x188.webp https://prod.pictures.autoscout24.net/listing-images/29b09ad4-e027-49f9-89b4-d9bf7ecdb41f_34373133-c6a1-4bef-9d75-2b97ab911976.jpg/250x188.webp https://prod.pictures.autoscout24.net/listing-images/29b09ad4-e027-49f9-89b4-d9bf7ecdb41f_a4466410-3be7-43dc-871b-eef95b59cd07.jpg/250x188.webp https://prod.pictures.autoscout24.net/listing-images/29b09ad4-e027-49f9-89b4-d9bf7ecdb41f_0e4ac181-6663-4b7a-ab67-c605cb7952ac.jpg/250x188.webp https://prod.pictures.autoscout24.net/listing-images/29b09ad4-e027-49f9-89b4-d9bf7ecdb41f_74ad73ce-89c7-4411-81ed-24b05aec8c54.jpg/250x188.webp https://prod.pictures.autoscout24.net/listing-images/29b09ad4-e027-49f9-89b4-d9bf7ecdb41f_ff1df7b3-f4c9-4ce1-a1c7-41965f776cc5.jpg/250x188.webp https://prod.pictures.autoscout24.net/listing-images/29b09ad4-e027-49f9-89b4-d9bf7ecdb41f_ee7e1589-9359-4071-abd1-632929fe2da7.jpg/250x188.webp https://prod.pictures.autoscout24.net/listing-images/29b09ad4-e027-49f9-89b4-d9bf7ecdb41f_c990b4c8-f244-4b06-9694-8deb9748a5dc.jpg/250x188.webp,69.57979227671277,9148
10c6da68-90a9-48f7-894e-e9aaedd38253,Nissan,Micra,1.6i 16v 160SR,PrivateSeller,2150,b,157000,07-2006,7390,https://prod.pictures.autoscout24.net/listing-images/10c6da68-90a9-48f7-894e-e9aaedd38253_ebcb74ff-d278-4687-b0ce-a596afa50dfd.jpg/250x188.webp https://prod.pictures.autoscout24.net/listing-images/10c6da68-90a9-48f7-894e-e9aaedd38253_1084b797-9a02-4d78-a0de-93373bcaf3b3.jpg/250x188.webp https://prod.pictures.autoscout24.net/listing-images/10c6da68-90a9-48f7-894e-e9aaedd38253_1f38cb78-3abc-4ea3-8c40-6bd03feac063.jpg/250x188.webp https://prod.pictures.autoscout24.net/listing-images/10c6da68-90a9-48f7-894e-e9aaedd38253_80000767-ed03-4e87-96a6-f83d179c8250.jpg/250x188.webp https://prod.pictures.autoscout24.net/listing-images/10c6da68-90a9-48f7-894e-e9aaedd38253_d87955e3-12a5-4926-a9e3-39d0faea2aa8.jpg/250x188.webp https://prod.pictures.autoscout24.net/listing-images/10c6da68-90a9-48f7-894e-e9aaedd38253_e90832e0-9e6b-4185-af5b-e87d59ef11ce.jpg/250x188.webp https://prod.pictures.autoscout24.net/listing-images/10c6da68-90a9-48f7-894e-e9aaedd38253_e776ceb7-5be6-44a0-b2c0-47a2edae4a89.jpg/250x188.webp https://prod.pictures.autoscout24.net/listing-images/10c6da68-90a9-48f7-894e-e9aaedd38253_16809c41-1a1d-4b46-b792-bb45d94b5ed3.jpg/250x188.webp https://prod.pictures.autoscout24.net/listing-images/10c6da68-90a9-48f7-894e-e9aaedd38253_14fb3b2b-5c97-4228-837e-26a8998628ed.jpg/250x188.webp https://prod.pictures.autoscout24.net/listing-images/10c6da68-90a9-48f7-894e-e9aaedd38253_36e10e91-7f46-42b9-8ebe-1a8e48954d7f.jpg/250x188.webp,121.56764290915724,6014
b0d866cd-b601-43b6-bd5a-90f9d0309e19,Nissan,Micra,1.0i 16v Visia,Dealer,2200,b,199999,02-2004,1140,https://prod.pictures.autoscout24.net/listing-images/b0d866cd-b601-43b6-bd5a-90f9d0309e19_52894f92-1dde-48ba-b3c7-9a30820beb47.jpg/250x188.webp https://prod.pictures.autoscout24.net/listing-images/b0d866cd-b601-43b6-bd5a-90f9d0309e19_2174647e-c517-4602-8696-e3c8f6ed4bfe.jpg/250x188.webp https://prod.pictures.autoscout24.net/listing-images/b0d866cd-b601-43b6-bd5a-90f9d0309e19_e9d83ffd-fc89-4275-a953-285a91a8ff43.jpg/250x188.webp https://prod.pictures.autoscout24.net/listing-images/b0d866cd-b601-43b6-bd5a-90f9d0309e19_be3a2b17-bd6f-4849-ab4b-7315385db2d0.jpg/250x188.webp https://prod.pictures.autoscout24.net/listing-images/b0d866cd-b601-43b6-bd5a-90f9d0309e19_5aeefe4a-ae72-41cb-9b4f-ff59423a8cff.jpg/250x188.webp https://prod.pictures.autoscout24.net/listing-images/b0d866cd-b601-43b6-bd5a-90f9d0309e19_6915e82d-16fc-4c41-a7ff-4eed97c9fd09.jpg/250x188.webp https://prod.pictures.autoscout24.net/listing-images/b0d866cd-b601-43b6-bd5a-90f9d0309e19_a4062e60-af38-40ee-862b-c5d228ed3da2.jpg/250x188.webp https://prod.pictures.autoscout24.net/listing-images/b0d866cd-b601-43b6-bd5a-90f9d0309e19_dceba0a8-9b91-4ead-a28d-f1293f9aee0e.jpg/250x188.webp https://prod.pictures.autoscout24.net/listing-images/b0d866cd-b601-43b6-bd5a-90f9d0309e19_220e92c5-aa4d-47a6-9917-d0d2b597e917.jpg/250x188.webp https://prod.pictures.autoscout24.net/listing-images/b0d866cd-b601-43b6-bd5a-90f9d0309e19_1adc3039-d656-46db-8bc2-5477cfd489a3.jpg/250x188.webp https://prod.pictures.autoscout24.net/listing-images/b0d866cd-b601-43b6-bd5a-90f9d0309e19_bbb46e57-b334-40b6-9fe8-1c755fea63ae.jpg/250x188.webp https://prod.pictures.autoscout24.net/listing-images/b0d866cd-b601-43b6-bd5a-90f9d0309e19_5db346ef-0617-4069-8eb7-068bfa0bcb79.jpg/250x188.webp https://prod.pictures.autoscout24.net/listing-images/b0d866cd-b601-43b6-bd5a-90f9d0309e19_62ea02c9-90c7-48ac-bd2e-d026dcc99d21.jpg/250x188.webp,66.17447866127165,6895
895175b2-d3d9-4e11-9e4a-ce0304de0459,Nissan,Almera Tino,1.8i 16v,Dealer,2200,b,113995,07-2001,1420,https://prod.pictures.autoscout24.net/listing-images/895175b2-d3d9-4e11-9e4a-ce0304de0459_c9d78cee-88e7-4b76-924b-ee97d907081b.jpg/250x188.webp https://prod.pictures.autoscout24.net/listing-images/895175b2-d3d9-4e11-9e4a-ce0304de0459_b039072f-cafc-4b1e-88ca-1ddb476f1a5d.jpg/250x188.webp https://prod.pictures.autoscout24.net/listing-images/895175b2-d3d9-4e11-9e4a-ce0304de0459_586c66a3-e09a-437a-8746-4c5f800869a1.jpg/250x188.webp https://prod.pictures.autoscout24.net/listing-images/895175b2-d3d9-4e11-9e4a-ce0304de0459_da6c7766-6c5d-422e-8e07-6ef3f3652aa3.jpg/250x188.webp https://prod.pictures.autoscout24.net/listing-images/895175b2-d3d9-4e11-9e4a-ce0304de0459_d55abb7b-b639-496a-bd33-fb0fe3926f83.jpg/250x188.webp https://prod.pictures.autoscout24.net/listing-images/895175b2-d3d9-4e11-9e4a-ce0304de0459_bb059ebc-23f3-41f2-8968-87be31a08434.jpg/250x188.webp https://prod.pictures.autoscout24.net/listing-images/895175b2-d3d9-4e11-9e4a-ce0304de0459_14c40ea9-3048-4661-8193-a3c782f79607.jpg/250x188.webp https://prod.pictures.autoscout24.net/listing-images/895175b2-d3d9-4e11-9e4a-ce0304de0459_bbf6e58d-8ac9-4241-ac4a-c773b69b3798.jpg/250x188.webp https://prod.pictures.autoscout24.net/listing-images/895175b2-d3d9-4e11-9e4a-ce0304de0459_ef353ccb-21d3-49b6-b144-fad95b6afd1a.jpg/250x188.webp https://prod.pictures.autoscout24.net/listing-images/895175b2-d3d9-4e11-9e4a-ce0304de0459_06730ec7-337a-4b9f-ae6b-1cb6c4dfede1.jpg/250x188.webp https://prod.pictures.autoscout24.net/listing-images/895175b2-d3d9-4e11-9e4a-ce0304de0459_3728f9b6-3046-49dc-8939-84c37a99e6ab.jpg/250x188.webp https://prod.pictures.autoscout24.net/listing-images/895175b2-d3d9-4e11-9e4a-ce0304de0459_1cf3b6f9-cba8-40ac-9c3a-29763b42ffd9.jpg/250x188.webp https://prod.pictures.autoscout24.net/listing-images/895175b2-d3d9-4e11-9e4a-ce0304de0459_2c1c525a-6804-4d39-b054-7d3e83071cf0.jpg/250x188.webp https://prod.pictures.autoscout24.net/listing-images/895175b2-d3d9-4e11-9e4a-ce0304de0459_d8e049b9-eb24-421b-9451-c3049693c438.jpg/250x188.webp https://prod.pictures.autoscout24.net/listing-images/895175b2-d3d9-4e11-9e4a-ce0304de0459_d4963024-faa9-46dc-8a59-f3110f8866c9.jpg/250x188.webp,87.49639779077864,7840
94e752f5-c980-4b8b-8921-94fb0241443a,Nissan,Micra,Oldtimer,PrivateSeller,2200,b,75000,06-1989,1070,https://prod.pictures.autoscout24.net/listing-images/94e752f5-c980-4b8b-8921-94fb0241443a_b35f5323-07f0-4b2a-be59-2d56f80d98d3.jpg/250x188.webp https://prod.pictures.autoscout24.net/listing-images/94e752f5-c980-4b8b-8921-94fb0241443a_e4512f8f-6690-49da-9bde-0e3e7f6c5026.jpg/250x188.webp https://prod.pictures.autoscout24.net/listing-images/94e752f5-c980-4b8b-8921-94fb0241443a_0a402d45-e188-4c03-a39d-1b32fd55e5b8.jpg/250x188.webp https://prod.pictures.autoscout24.net/listing-images/94e752f5-c980-4b8b-8921-94fb0241443a_2b8ebb08-fd66-4c8e-93df-347beb3a5269.jpg/250x188.webp,71.06367211068877,12253
72019056-0459-4a1c-86f1-9bac587b002c,Nissan,Micra,1.3 essence,PrivateSeller,2200,b,114945,01-2005,1200,https://prod.pictures.autoscout24.net/listing-images/72019056-0459-4a1c-86f1-9bac587b002c_141fe0ba-2baa-4cd7-a986-bb8c92216348.jpg/250x188.webp https://prod.pictures.autoscout24.net/listing-images/72019056-0459-4a1c-86f1-9bac587b002c_1c34aabd-021c-4456-9ace-a58e48c36ff6.jpg/250x188.webp https://prod.pictures.autoscout24.net/listing-images/72019056-0459-4a1c-86f1-9bac587b002c_62dda377-a132-4a60-84a5-436954862602.jpg/250x188.webp https://prod.pictures.autoscout24.net/listing-images/72019056-0459-4a1c-86f1-9bac587b002c_2915d1a0-3f47-4098-8aa6-acd71959cdcd.jpg/250x188.webp https://prod.pictures.autoscout24.net/listing-images/72019056-0459-4a1c-86f1-9bac587b002c_32fc576a-db31-4b4a-942b-da87af67ea7b.jpg/250x188.webp https://prod.pictures.autoscout24.net/listing-images/72019056-0459-4a1c-86f1-9bac587b002c_9a6c1dd3-8350-4955-9f58-a0bfa06ba9ac.jpg/250x188.webp https://prod.pictures.autoscout24.net/listing-images/72019056-0459-4a1c-86f1-9bac587b002c_8fe22961-1d46-4cb3-a6b7-da895d624092.jpg/250x188.webp,69.44150665917473,6560
fe174353-d7b2-45bd-9646-10eeaea71399,Nissan,Note,1.5 dci acenta,PrivateSeller,2200,d,164000,01-2009,3680,https://prod.pictures.autoscout24.net/listing-images/fe174353-d7b2-45bd-9646-10eeaea71399_9b11042c-bb84-44b4-a801-227bc191ae4f.jpg/250x188.webp https://prod.pictures.autoscout24.net/listing-images/fe174353-d7b2-45bd-9646-10eeaea71399_6a340d51-cea4-457f-acc5-dd9e43c6af49.jpg/250x188.webp https://prod.pictures.autoscout24.net/listing-images/fe174353-d7b2-45bd-9646-10eeaea71399_6b5ed736-248e-4e32-8df5-bef609c30de8.jpg/250x188.webp https://prod.pictures.autoscout24.net/listing-images/fe174353-d7b2-45bd-9646-10eeaea71399_446ab076-eb11-4aa9-bcf3-0ca350f2af45.jpg/250x188.webp,95.79102994233567,5099
974eff01-ea6b-4046-bb27-65e06f8b75b3,Nissan,Sunny,Datsun,Dealer,2200,b,65000,08-1981,1400,https://prod.pictures.autoscout24.net/listing-images/974eff01-ea6b-4046-bb27-65e06f8b75b3_2e628d71-3ff4-4f8c-83a7-870bcf56c14f.jpg/250x188.webp https://prod.pictures.autoscout24.net/listing-images/974eff01-ea6b-4046-bb27-65e06f8b75b3_ac5d4b6a-396b-4f11-8f53-aabc350f70ed.jpg/250x188.webp https://prod.pictures.autoscout24.net/listing-images/974eff01-ea6b-4046-bb27-65e06f8b75b3_6e16eab8-6090-484d-82de-68fcc3a4e3df.jpg/250x188.webp https://prod.pictures.autoscout24.net/listing-images/974eff01-ea6b-4046-bb27-65e06f8b75b3_52abdc48-2a24-410a-9733-b84287defe40.jpg/250x188.webp https://prod.pictures.autoscout24.net/listing-images/974eff01-ea6b-4046-bb27-65e06f8b75b3_66565fe8-9959-49ce-824e-cda444c74880.jpg/250x188.webp https://prod.pictures.autoscout24.net/listing-images/974eff01-ea6b-4046-bb27-65e06f8b75b3_7341e5a5-56ea-40a0-8c39-4a8b369a7d5e.jpg/250x188.webp https://prod.pictures.autoscout24.net/listing-images/974eff01-ea6b-4046-bb27-65e06f8b75b3_97103e6b-0862-42c0-b0aa-82e8c7fbd163.jpg/250x188.webp https://prod.pictures.autoscout24.net/listing-images/974eff01-ea6b-4046-bb27-65e06f8b75b3_4dc5e555-f0cb-4efb-9a5d-64285ce78388.jpg/250x188.webp https://prod.pictures.autoscout24.net/listing-images/974eff01-ea6b-4046-bb27-65e06f8b75b3_cf793450-bb5f-4611-9b42-33af9b2ac0b7.jpg/250x188.webp https://prod.pictures.autoscout24.net/listing-images/974eff01-ea6b-4046-bb27-65e06f8b75b3_20d0ac3f-64bb-4f3c-ab6b-41fb80c8677f.jpg/250x188.webp https://prod.pictures.autoscout24.net/listing-images/974eff01-ea6b-4046-bb27-65e06f8b75b3_e281a8e6-ebec-45ed-a433-f48a04315e6a.jpg/250x188.webp https://prod.pictures.autoscout24.net/listing-images/974eff01-ea6b-4046-bb27-65e06f8b75b3_e280f3dd-04c1-450c-ad2d-e3566b515f2f.jpg/250x188.webp,97.35176357549375,15114
de7ef9ec-7401-4956-9668-322cfc67b17d,Nissan,Micra,1.2 i 16v limited,PrivateSeller,2250,b,132000,05-2005,6240,https://prod.pictures.autoscout24.net/listing-images/de7ef9ec-7401-4956-9668-322cfc67b17d_008be696-9e38-4e3e-8f6e-510062231c00.jpg/250x188.webp https://prod.pictures.autoscout24.net/listing-images/de7ef9ec-7401-4956-9668-322cfc67b17d_af24a694-3a66-4ace-b389-a63dcf591ad8.jpg/250x188.webp https://prod.pictures.autoscout24.net/listing-images/de7ef9ec-7401-4956-9668-322cfc67b17d_f1b0a546-a088-4beb-ab9b-e0388c71cebd.jpg/250x188.webp https://prod.pictures.autoscout24.net/listing-images/de7ef9ec-7401-4956-9668-322cfc67b17d_bdbf000a-4fb7-4d92-9f56-d1e33781552e.jpg/250x188.webp https://prod.pictures.autoscout24.net/listing-images/de7ef9ec-7401-4956-9668-322cfc67b17d_f84c5f1b-e622-422b-b8e4-3c4b98d3d24b.jpg/250x188.webp https://prod.pictures.autoscout24.net/listing-images/de7ef9ec-7401-4956-9668-322cfc67b17d_3feb0545-fee0-453b-a30c-f4a9f1d161d4.jpg/250x188.webp https://prod.pictures.autoscout24.net/listing-images/de7ef9ec-7401-4956-9668-322cfc67b17d_a1d787f7-bd6b-4ca5-a8b4-1f0a20659d93.jpg/250x188.webp https://prod.pictures.autoscout24.net/listing-images/de7ef9ec-7401-4956-9668-322cfc67b17d_cbe6b424-85e0-4934-8596-10026e573f4e.jpg/250x188.webp https://prod.pictures.autoscout24.net/listing-images/de7ef9ec-7401-4956-9668-322cfc67b17d_01668734-bb72-40ae-a419-81a65dc37a42.jpg/250x188.webp https://prod.pictures.autoscout24.net/listing-images/de7ef9ec-7401-4956-9668-322cfc67b17d_93a60404-0d32-4089-b87f-65ef1abdd541.jpg/250x188.webp https://prod.pictures.autoscout24.net/listing-images/de7ef9ec-7401-4956-9668-322cfc67b17d_031026f6-2035-4e59-a961-01700b1a0de6.jpg/250x188.webp https://prod.pictures.autoscout24.net/listing-images/de7ef9ec-7401-4956-9668-322cfc67b17d_cc969c4c-035c-4053-93ad-33f2f7b7603a.jpg/250x188.webp https://prod.pictures.autoscout24.net/listing-images/de7ef9ec-7401-4956-9668-322cfc67b17d_f8e86b20-6675-4158-8d19-7401404dc2ad.jpg/250x188.webp https://prod.pictures.autoscout24.net/listing-images/de7ef9ec-7401-4956-9668-322cfc67b17d_340e3bfa-f792-43fd-90eb-a3501a064f46.jpg/250x188.webp https://prod.pictures.autoscout24.net/listing-images/de7ef9ec-7401-4956-9668-322cfc67b17d_4761a9ae-62a9-4b97-ac8f-8731a03f84b6.jpg/250x188.webp,115.29065835205232,6440
61a6e503-34d4-4e35-8bd2-8c2a2ae38754,Nissan,Micra,1.2 tekna,PrivateSeller,2250,b,228000,10-2007,9000,https://prod.pictures.autoscout24.net/listing-images/61a6e503-34d4-4e35-8bd2-8c2a2ae38754_d9864d51-bad9-43f0-9f2f-569163290620.jpg/250x188.webp https://prod.pictures.autoscout24.net/listing-images/61a6e503-34d4-4e35-8bd2-8c2a2ae38754_b950c034-84d6-4794-940e-5d2035950a0b.jpg/250x188.webp https://prod.pictures.autoscout24.net/listing-images/61a6e503-34d4-4e35-8bd2-8c2a2ae38754_b666c04c-09b2-4c21-8cef-51ca19f7195f.jpg/250x188.webp https://prod.pictures.autoscout24.net/listing-images/61a6e503-34d4-4e35-8bd2-8c2a2ae38754_23376986-2279-4298-a019-f6fffeae9694.jpg/250x188.webp https://prod.pictures.autoscout24.net/listing-images/61a6e503-34d4-4e35-8bd2-8c2a2ae38754_05c7bf4c-c725-485a-bf33-6674af407c19.jpg/250x188.webp https://prod.pictures.autoscout24.net/listing-images/61a6e503-34d4-4e35-8bd2-8c2a2ae38754_7d50620c-00f6-4c56-a897-cc8def3a98e8.jpg/250x188.webp https://prod.pictures.autoscout24.net/listing-images/61a6e503-34d4-4e35-8bd2-8c2a2ae38754_64540734-e0a7-4063-bfc1-2f1e51015dce.jpg/250x188.webp https://prod.pictures.autoscout24.net/listing-images/61a6e503-34d4-4e35-8bd2-8c2a2ae38754_a07076e1-c03f-41bd-ac1c-1e90fa6f4811.jpg/250x188.webp https://prod.pictures.autoscout24.net/listing-images/61a6e503-34d4-4e35-8bd2-8c2a2ae38754_274c3457-c813-48e8-aec3-d2d3ba2b06d1.jpg/250x188.webp,69.99787275902874,5557
a1951cd2-d007-48a2-818e-cca7675153a0,Nissan,Micra,1.2 DIG-S Acenta,Dealer,2250,b,140000,12-2011,5140,https://prod.pictures.autoscout24.net/listing-images/a1951cd2-d007-48a2-818e-cca7675153a0_f4ed412a-e280-4115-ac39-2d3897bbb1b8.jpg/250x188.webp https://prod.pictures.autoscout24.net/listing-images/a1951cd2-d007-48a2-818e-cca7675153a0_5a6dafa5-6234-4f06-b7a6-fa69685e998f.jpg/250x188.webp https://prod.pictures.autoscout24.net/listing-images/a1951cd2-d007-48a2-818e-cca7675153a0_651901b0-ac41-47e3-8e14-e6187c205dca.jpg/250x188.webp https://prod.pictures.autoscout24.net/listing-images/a1951cd2-d007-48a2-818e-cca7675153a0_63372925-d728-44c6-a930-d04b961894ba.jpg/250x188.webp https://prod.pictures.autoscout24.net/listing-images/a1951cd2-d007-48a2-818e-cca7675153a0_b1160f24-2483-4c10-a579-dd304ee94ebb.jpg/250x188.webp https://prod.pictures.autoscout24.net/listing-images/a1951cd2-d007-48a2-818e-cca7675153a0_3f50d66e-874d-4638-9a43-7780f359a000.jpg/250x188.webp,104.85389989976589,4035
b2b6f7fe-5a9e-44e7-bb98-a2338e6ae637,Nissan,Micra,1.5 dCi annee 2007 pret à immatriculer,Dealer,2290,d,240000,06-2007,7134,https://prod.pictures.autoscout24.net/listing-images/b2b6f7fe-5a9e-44e7-bb98-a2338e6ae637_16b49fa7-f8d1-493d-aa42-ea99a41e211d.jpg/250x188.webp https://prod.pictures.autoscout24.net/listing-images/b2b6f7fe-5a9e-44e7-bb98-a2338e6ae637_c35fc555-e2e4-41a0-b847-b87527847841.jpg/250x188.webp https://prod.pictures.autoscout24.net/listing-images/b2b6f7fe-5a9e-44e7-bb98-a2338e6ae637_281b80fc-4078-4c9b-a028-d3e1b4d198cf.jpg/250x188.webp https://prod.pictures.autoscout24.net/listing-images/b2b6f7fe-5a9e-44e7-bb98-a2338e6ae637_a2e54a3f-e43b-4b8b-a84c-98bf00f700da.jpg/250x188.webp https://prod.pictures.autoscout24.net/listing-images/b2b6f7fe-5a9e-44e7-bb98-a2338e6ae637_12c679a7-3959-4c93-8eac-7d2c6a0eaa11.jpg/250x188.webp https://prod.pictures.autoscout24.net/listing-images/b2b6f7fe-5a9e-44e7-bb98-a2338e6ae637_ebe74cb4-8529-4fe6-9a99-c615c1c4584e.jpg/250x188.webp https://prod.pictures.autoscout24.net/listing-images/b2b6f7fe-5a9e-44e7-bb98-a2338e6ae637_77476329-d9d0-48e4-9727-e54dfb9cfd43.jpg/250x188.webp https://prod.pictures.autoscout24.net/listing-images/b2b6f7fe-5a9e-44e7-bb98-a2338e6ae637_76a54fd9-f8c4-464f-bc30-d1e923c23fba.jpg/250x188.webp https://prod.pictures.autoscout24.net/listing-images/b2b6f7fe-5a9e-44e7-bb98-a2338e6ae637_3af61022-48aa-4e97-a3a8-74ba2a7ce5ce.jpg/250x188.webp https://prod.pictures.autoscout24.net/listing-images/b2b6f7fe-5a9e-44e7-bb98-a2338e6ae637_cb3e0f2c-f26b-469d-b6e9-bd21de657dac.jpg/250x188.webp https://prod.pictures.autoscout24.net/listing-images/b2b6f7fe-5a9e-44e7-bb98-a2338e6ae637_54cb453e-8a79-4f70-9604-59d7ee112c69.jpg/250x188.webp https://prod.pictures.autoscout24.net/listing-images/b2b6f7fe-5a9e-44e7-bb98-a2338e6ae637_fd3dc86d-0521-4830-bfe4-3ac8cc2a5329.jpg/250x188.webp https://prod.pictures.autoscout24.net/listing-images/b2b6f7fe-5a9e-44e7-bb98-a2338e6ae637_76a88b8c-d9a8-492f-b078-038abc8c60bc.jpg/250x188.webp https://prod.pictures.autoscout24.net/listing-images/b2b6f7fe-5a9e-44e7-bb98-a2338e6ae637_9d407d14-365e-4d08-b039-6eaaeb9e8c74.jpg/250x188.webp https://prod.pictures.autoscout24.net/listing-images/b2b6f7fe-5a9e-44e7-bb98-a2338e6ae637_46e0f4b4-2a4c-417d-9c88-f9ea8c0213eb.jpg/250x188.webp,116.23444273110738,5679
8bf87118-7ac0-4ca9-8b54-65f2ed130a02,Nissan,Micra,1.2i 16v Acenta A/C,PrivateSeller,2299,b,209883,07-2003,2170,https://prod.pictures.autoscout24.net/listing-images/8bf87118-7ac0-4ca9-8b54-65f2ed130a02_933c75bb-cfcf-4986-a7a3-d46712bbb15d.jpg/250x188.webp https://prod.pictures.autoscout24.net/listing-images/8bf87118-7ac0-4ca9-8b54-65f2ed130a02_1ceb4ea3-c907-46d6-bcea-1551767ea136.jpg/250x188.webp https://prod.pictures.autoscout24.net/listing-images/8bf87118-7ac0-4ca9-8b54-65f2ed130a02_f8ae6580-7e5c-42b5-9171-13f512994acf.jpg/250x188.webp https://prod.pictures.autoscout24.net/listing-images/8bf87118-7ac0-4ca9-8b54-65f2ed130a02_31b87b2a-6dbe-4ba0-bb2c-5f80dd5d9a10.jpg/250x188.webp https://prod.pictures.autoscout24.net/listing-images/8bf87118-7ac0-4ca9-8b54-65f2ed130a02_6b598d5b-9b6e-48e8-a5cb-af089194b1de.jpg/250x188.webp,24.69103588100009,7110
8ecf1065-f61d-4343-a377-b3229ed85b1e,Nissan,Kubistar,1.5 dCi Intro,PrivateSeller,2300,d,218000,01-2006,4020,https://prod.pictures.autoscout24.net/listing-images/8ecf1065-f61d-4343-a377-b3229ed85b1e_92bd0810-03d0-4dca-af12-51ef228a0678.jpg/250x188.webp https://prod.pictures.autoscout24.net/listing-images/8ecf1065-f61d-4343-a377-b3229ed85b1e_8f6914b0-ef17-4d8c-9886-14f88d94f9ee.jpg/250x188.webp https://prod.pictures.autoscout24.net/listing-images/8ecf1065-f61d-4343-a377-b3229ed85b1e_10a8386e-dbb1-4244-a511-60fdc3f38e88.jpg/250x188.webp https://prod.pictures.autoscout24.net/listing-images/8ecf1065-f61d-4343-a377-b3229ed85b1e_75497ed7-f989-4d20-98e2-b059813b48a0.jpg/250x188.webp https://prod.pictures.autoscout24.net/listing-images/8ecf1065-f61d-4343-a377-b3229ed85b1e_4311b7d8-cfd2-4494-aa56-78e80638e7a8.jpg/250x188.webp https://prod.pictures.autoscout24.net/listing-images/8ecf1065-f61d-4343-a377-b3229ed85b1e_4680e08e-f391-4a7c-84a8-8f7cfb859c53.jpg/250x188.webp https://prod.pictures.autoscout24.net/listing-images/8ecf1065-f61d-4343-a377-b3229ed85b1e_70c2605b-3d51-4533-9ab0-30badfcd4eb5.jpg/250x188.webp,121.60247278825214,6195
e2b2b61d-007b-48bb-976d-236d558db95f,Nissan,Almera,1.5i 16v !!!Pret a immatriculer!!!,Dealer,2350,b,70000,09-2000,1400,https://prod.pictures.autoscout24.net/listing-images/e2b2b61d-007b-48bb-976d-236d558db95f_078af08a-9a53-474b-9475-6576713e044d.jpg/250x188.webp https://prod.pictures.autoscout24.net/listing-images/e2b2b61d-007b-48bb-976d-236d558db95f_73fce402-ade7-4c2e-bcf8-f6b7fdbbde17.jpg/250x188.webp https://prod.pictures.autoscout24.net/listing-images/e2b2b61d-007b-48bb-976d-236d558db95f_371cd4b2-daf2-4248-b4a7-05d50699354a.jpg/250x188.webp https://prod.pictures.autoscout24.net/listing-images/e2b2b61d-007b-48bb-976d-236d558db95f_a5e33614-ea46-4136-b006-b4c4691162a5.jpg/250x188.webp https://prod.pictures.autoscout24.net/listing-images/e2b2b61d-007b-48bb-976d-236d558db95f_912cf077-4042-4100-8400-d35cb6e01ec1.jpg/250x188.webp https://prod.pictures.autoscout24.net/listing-images/e2b2b61d-007b-48bb-976d-236d558db95f_f56ff686-1e1f-430f-9787-272c9a94ee4b.jpg/250x188.webp https://prod.pictures.autoscout24.net/listing-images/e2b2b61d-007b-48bb-976d-236d558db95f_67818843-4fbc-467a-a250-3237e1a63332.jpg/250x188.webp https://prod.pictures.autoscout24.net/listing-images/e2b2b61d-007b-48bb-976d-236d558db95f_a6b8b344-056f-4335-ba9f-d465f629e051.jpg/250x188.webp https://prod.pictures.autoscout24.net/listing-images/e2b2b61d-007b-48bb-976d-236d558db95f_2402f717-677d-48ef-b166-d54d3d30467e.jpg/250x188.webp https://prod.pictures.autoscout24.net/listing-images/e2b2b61d-007b-48bb-976d-236d558db95f_e22cf696-4999-4042-b9e7-9ec84cf40bed.jpg/250x188.webp https://prod.pictures.autoscout24.net/listing-images/e2b2b61d-007b-48bb-976d-236d558db95f_38d69031-0456-4149-bfd3-8c99c8b5a5d5.jpg/250x188.webp https://prod.pictures.autoscout24.net/listing-images/e2b2b61d-007b-48bb-976d-236d558db95f_6526243b-7f04-4987-bd68-cbee727afc71.jpg/250x188.webp https://prod.pictures.autoscout24.net/listing-images/e2b2b61d-007b-48bb-976d-236d558db95f_5048d93e-6f99-44b0-9d73-c74972351a33.jpg/250x188.webp https://prod.pictures.autoscout24.net/listing-images/e2b2b61d-007b-48bb-976d-236d558db95f_0c1cd0e9-1ba6-4f35-b0ef-ec4ef8d1f099.jpg/250x188.webp,97.35176357549375,8143
21c5b7bf-a5e8-4a72-b338-62a837320307,Nissan,Note,1.4i 16v Acenta AVEC CLM,Dealer,2400,b,203320,01-2007,1600,https://prod.pictures.autoscout24.net/listing-images/21c5b7bf-a5e8-4a72-b338-62a837320307_8ef18671-d826-4414-b6df-1be3cb6812fe.jpg/250x188.webp https://prod.pictures.autoscout24.net/listing-images/21c5b7bf-a5e8-4a72-b338-62a837320307_91bb2fce-da2d-4a14-a1ea-f5357a8c67c7.jpg/250x188.webp https://prod.pictures.autoscout24.net/listing-images/21c5b7bf-a5e8-4a72-b338-62a837320307_a560707a-17b1-4218-b7a0-dbf70f9842cc.jpg/250x188.webp https://prod.pictures.autoscout24.net/listing-images/21c5b7bf-a5e8-4a72-b338-62a837320307_7a44ecc0-b050-4c6e-8344-c608b14b804d.jpg/250x188.webp https://prod.pictures.autoscout24.net/listing-images/21c5b7bf-a5e8-4a72-b338-62a837320307_ba3afa78-4bfd-47af-a360-6c28ff9a263a.jpg/250x188.webp https://prod.pictures.autoscout24.net/listing-images/21c5b7bf-a5e8-4a72-b338-62a837320307_19b6e1c5-185a-4040-82e6-6ffd854c78ac.jpg/250x188.webp https://prod.pictures.autoscout24.net/listing-images/21c5b7bf-a5e8-4a72-b338-62a837320307_6bb3bbdd-57d2-4f45-aeee-f27cc416e04e.jpg/250x188.webp https://prod.pictures.autoscout24.net/listing-images/21c5b7bf-a5e8-4a72-b338-62a837320307_d066a79d-b898-482f-8ea1-e73085054559.jpg/250x188.webp https://prod.pictures.autoscout24.net/listing-images/21c5b7bf-a5e8-4a72-b338-62a837320307_481579e3-b756-4ddb-8804-977572d74afc.jpg/250x188.webp https://prod.pictures.autoscout24.net/listing-images/21c5b7bf-a5e8-4a72-b338-62a837320307_938647ba-07ed-4dbd-9862-17ffc7449493.jpg/250x188.webp https://prod.pictures.autoscout24.net/listing-images/21c5b7bf-a5e8-4a72-b338-62a837320307_8b658459-2d4b-4b34-9919-8547773d8632.jpg/250x188.webp https://prod.pictures.autoscout24.net/listing-images/21c5b7bf-a5e8-4a72-b338-62a837320307_fdb76b9f-d56c-4cd0-a862-a83fbe67fdbd.jpg/250x188.webp,78.61296004280759,5830
91dddbb0-0644-4858-8ffa-ab5b94bf6d84,Nissan,Micra,1.3 essence prête à immatriculer,Dealer,2450,b,170000,08-2003,1790,https://prod.pictures.autoscout24.net/listing-images/91dddbb0-0644-4858-8ffa-ab5b94bf6d84_b5617957-1a53-4f2c-b74a-684bec56a322.jpg/250x188.webp https://prod.pictures.autoscout24.net/listing-images/91dddbb0-0644-4858-8ffa-ab5b94bf6d84_1af09a10-3c90-4501-941e-7eab8b3ed52d.jpg/250x188.webp https://prod.pictures.autoscout24.net/listing-images/91dddbb0-0644-4858-8ffa-ab5b94bf6d84_9f8570d2-ce6a-4f68-873b-dfda571d0850.jpg/250x188.webp https://prod.pictures.autoscout24.net/listing-images/91dddbb0-0644-4858-8ffa-ab5b94bf6d84_3c54497c-f022-488b-80ff-756f5b43ef03.jpg/250x188.webp https://prod.pictures.autoscout24.net/listing-images/91dddbb0-0644-4858-8ffa-ab5b94bf6d84_a5eddacf-e294-4b54-8df6-f661a149595f.jpg/250x188.webp https://prod.pictures.autoscout24.net/listing-images/91dddbb0-0644-4858-8ffa-ab5b94bf6d84_85c9c9e7-98a6-416f-b6a8-106aa4205a49.jpg/250x188.webp https://prod.pictures.autoscout24.net/listing-images/91dddbb0-0644-4858-8ffa-ab5b94bf6d84_fa84e6f3-55a4-461d-b916-9f8ad21162e5.jpg/250x188.webp https://prod.pictures.autoscout24.net/listing-images/91dddbb0-0644-4858-8ffa-ab5b94bf6d84_02d3cd5e-fa5e-4a40-bb88-77b8f2eabbf0.jpg/250x188.webp https://prod.pictures.autoscout24.net/listing-images/91dddbb0-0644-4858-8ffa-ab5b94bf6d84_59724b06-eb75-4b2d-be60-34c9e665b63c.jpg/250x188.webp,66.85097420004841,7079
0bc3511d-1b05-47f7-a69b-a27bd49af43e,Nissan,Micra,1.0i 16v Visia,Dealer,2490,b,118238,03-2003,3400,https://prod.pictures.autoscout24.net/listing-images/0bc3511d-1b05-47f7-a69b-a27bd49af43e_88ab66fe-cbdb-41b4-abf9-0d40627d0656.jpg/250x188.webp https://prod.pictures.autoscout24.net/listing-images/0bc3511d-1b05-47f7-a69b-a27bd49af43e_833d6d28-5e28-4040-87e3-46ef8f684b25.jpg/250x188.webp https://prod.pictures.autoscout24.net/listing-images/0bc3511d-1b05-47f7-a69b-a27bd49af43e_f3af2878-6965-4712-82b4-36a9f4498104.jpg/250x188.webp https://prod.pictures.autoscout24.net/listing-images/0bc3511d-1b05-47f7-a69b-a27bd49af43e_41990538-0b77-49ac-93f7-78698ac6d35e.jpg/250x188.webp https://prod.pictures.autoscout24.net/listing-images/0bc3511d-1b05-47f7-a69b-a27bd49af43e_6ee7fc34-efba-4fde-b013-4834d8e20c27.jpg/250x188.webp https://prod.pictures.autoscout24.net/listing-images/0bc3511d-1b05-47f7-a69b-a27bd49af43e_ac59d335-3b7c-4956-b9b1-8499ac972f58.jpg/250x188.webp https://prod.pictures.autoscout24.net/listing-images/0bc3511d-1b05-47f7-a69b-a27bd49af43e_fd8546e6-6415-41e6-9165-7a352f8099c1.jpg/250x188.webp https://prod.pictures.autoscout24.net/listing-images/0bc3511d-1b05-47f7-a69b-a27bd49af43e_6a2e8157-1b43-48da-a472-9f336c3fb3e1.jpg/250x188.webp https://prod.pictures.autoscout24.net/listing-images/0bc3511d-1b05-47f7-a69b-a27bd49af43e_14502ad7-9950-4638-b973-be9e33ab985a.jpg/250x188.webp https://prod.pictures.autoscout24.net/listing-images/0bc3511d-1b05-47f7-a69b-a27bd49af43e_5f0bb833-e8d1-475d-8c3d-615768b09689.jpg/250x188.webp,85.59161669525486,7232
d8233f7b-8421-40c3-acab-022cc4583168,Nissan,Note,1.5 dCi Life DPF,Dealer,2500,d,189000,12-2008,1620,https://prod.pictures.autoscout24.net/listing-images/d8233f7b-8421-40c3-acab-022cc4583168_bf725e1a-1759-44f7-9394-08065c7fb18f.jpg/250x188.webp https://prod.pictures.autoscout24.net/listing-images/d8233f7b-8421-40c3-acab-022cc4583168_2ad0e4a6-7e87-4f92-b9ff-6e5439bfb55d.jpg/250x188.webp https://prod.pictures.autoscout24.net/listing-images/d8233f7b-8421-40c3-acab-022cc4583168_995a01b2-cec9-40e0-b285-76b942d2c2df.jpg/250x188.webp https://prod.pictures.autoscout24.net/listing-images/d8233f7b-8421-40c3-acab-022cc4583168_707ca5c1-2c55-4d53-a517-b541c4ad996a.jpg/250x188.webp https://prod.pictures.autoscout24.net/listing-images/d8233f7b-8421-40c3-acab-022cc4583168_f461be9d-a1de-4787-a3da-ef2e445d40a1.jpg/250x188.webp https://prod.pictures.autoscout24.net/listing-images/d8233f7b-8421-40c3-acab-022cc4583168_fe70fd5e-a6a9-45ce-ae24-dbaccde60927.jpg/250x188.webp https://prod.pictures.autoscout24.net/listing-images/d8233f7b-8421-40c3-acab-022cc4583168_038b1152-1752-452e-b34e-4145032189f1.jpg/250x188.webp https://prod.pictures.autoscout24.net/listing-images/d8233f7b-8421-40c3-acab-022cc4583168_5602a2f1-020d-48cf-8385-5f531d0bb5f3.jpg/250x188.webp https://prod.pictures.autoscout24.net/listing-images/d8233f7b-8421-40c3-acab-022cc4583168_426b8010-134f-46a3-9f21-85a12076ff7d.jpg/250x188.webp https://prod.pictures.autoscout24.net/listing-images/d8233f7b-8421-40c3-acab-022cc4583168_40ef2333-c949-482b-a9ae-218aecd1d336.jpg/250x188.webp https://prod.pictures.autoscout24.net/listing-images/d8233f7b-8421-40c3-acab-022cc4583168_619934ad-f6b9-48f2-8ecb-03e8c9648d14.jpg/250x188.webp,76.4415139283917,5130
58a102c0-452d-40b1-b4d9-54d55d1f9b68,Nissan,Micra,1.2i 16v Acenta,PrivateSeller,2500,b,144000,09-2007,6800,https://prod.pictures.autoscout24.net/listing-images/58a102c0-452d-40b1-b4d9-54d55d1f9b68_2247cd53-725e-4c28-9bc2-df94e2cba5bd.jpg/250x188.webp https://prod.pictures.autoscout24.net/listing-images/58a102c0-452d-40b1-b4d9-54d55d1f9b68_8447ff81-5ba5-43a2-b7d6-9f954e301b1d.jpg/250x188.webp https://prod.pictures.autoscout24.net/listing-images/58a102c0-452d-40b1-b4d9-54d55d1f9b68_f398b0f3-167e-4636-9525-52c7962c9232.jpg/250x188.webp https://prod.pictures.autoscout24.net/listing-images/58a102c0-452d-40b1-b4d9-54d55d1f9b68_fa0e0d8b-f53d-4ff9-96db-d168d0cd7ae5.jpg/250x188.webp https://prod.pictures.autoscout24.net/listing-images/58a102c0-452d-40b1-b4d9-54d55d1f9b68_d7df4903-2996-4f0f-86df-d45d1d71feaa.jpg/250x188.webp https://prod.pictures.autoscout24.net/listing-images/58a102c0-452d-40b1-b4d9-54d55d1f9b68_d21a9a63-3345-4929-a85d-b88374c27bca.jpg/250x188.webp https://prod.pictures.autoscout24.net/listing-images/58a102c0-452d-40b1-b4d9-54d55d1f9b68_55ef5b0a-84ae-4e4c-b503-b05c4e79b8bf.jpg/250x188.webp https://prod.pictures.autoscout24.net/listing-images/58a102c0-452d-40b1-b4d9-54d55d1f9b68_3fd7b213-333c-4e8d-bb31-0252edf40503.jpg/250x188.webp https://prod.pictures.autoscout24.net/listing-images/58a102c0-452d-40b1-b4d9-54d55d1f9b68_ca1fc5a3-cc6d-4451-84c4-cb2e2483607f.jpg/250x188.webp https://prod.pictures.autoscout24.net/listing-images/58a102c0-452d-40b1-b4d9-54d55d1f9b68_89a45f28-6d17-4cfa-8c4b-d0e1bc7c30d1.jpg/250x188.webp https://prod.pictures.autoscout24.net/listing-images/58a102c0-452d-40b1-b4d9-54d55d1f9b68_a9ac37b3-53ef-44d3-87fb-d1bb2f13c3eb.jpg/250x188.webp https://prod.pictures.autoscout24.net/listing-images/58a102c0-452d-40b1-b4d9-54d55d1f9b68_7ee02c36-b125-4c44-b484-7036a2bbde8d.jpg/250x188.webp,177.7465643211455,5587
6178dccd-a8db-44ec-a3c2-c694896ab4dd,Nissan,Almera,1.5 dCi @_vantage,PrivateSeller,2500,d,119700,12-2005,3220,https://prod.pictures.autoscout24.net/listing-images/6178dccd-a8db-44ec-a3c2-c694896ab4dd_aa1a07ca-6528-4a29-89a2-0897f827b510.jpg/250x188.webp https://prod.pictures.autoscout24.net/listing-images/6178dccd-a8db-44ec-a3c2-c694896ab4dd_9cdd79ad-fc02-4c17-a371-fde8d59db2e5.jpg/250x188.webp https://prod.pictures.autoscout24.net/listing-images/6178dccd-a8db-44ec-a3c2-c694896ab4dd_26bbc327-f654-4ef4-943e-5dbfd84a1bba.jpg/250x188.webp https://prod.pictures.autoscout24.net/listing-images/6178dccd-a8db-44ec-a3c2-c694896ab4dd_4cab8ea6-6388-43f7-a56b-9da772732ed5.jpg/250x188.webp https://prod.pictures.autoscout24.net/listing-images/6178dccd-a8db-44ec-a3c2-c694896ab4dd_5d39a425-5d04-42e3-80ea-b91185047aea.jpg/250x188.webp https://prod.pictures.autoscout24.net/listing-images/6178dccd-a8db-44ec-a3c2-c694896ab4dd_0f9eb350-7533-4e0e-82e5-a34a3a6e2b01.jpg/250x188.webp https://prod.pictures.autoscout24.net/listing-images/6178dccd-a8db-44ec-a3c2-c694896ab4dd_5d3dc26e-0951-4c42-99df-7621b9c77866.jpg/250x188.webp https://prod.pictures.autoscout24.net/listing-images/6178dccd-a8db-44ec-a3c2-c694896ab4dd_db0b3752-c541-4020-90fd-8d0bafa51823.jpg/250x188.webp,64.33728653836629,6226
1a8c8ee4-ea7f-4bfc-9267-db2447b4ad87,Nissan,Almera Tino,1.8i 16v  ..  113000 KM  ..  GARANTIE 12 MOIS ..,Dealer,2500,b,113000,06-2001,1070,https://prod.pictures.autoscout24.net/listing-images/1a8c8ee4-ea7f-4bfc-9267-db2447b4ad87_04ee5bae-c722-47e0-9a4e-bbf24b3c5318.jpg/250x188.webp https://prod.pictures.autoscout24.net/listing-images/1a8c8ee4-ea7f-4bfc-9267-db2447b4ad87_a4b94454-7c44-447a-81af-75eac62387ef.jpg/250x188.webp https://prod.pictures.autoscout24.net/listing-images/1a8c8ee4-ea7f-4bfc-9267-db2447b4ad87_c356f8f7-615b-487a-a8d9-0453c14f1a2a.jpg/250x188.webp https://prod.pictures.autoscout24.net/listing-images/1a8c8ee4-ea7f-4bfc-9267-db2447b4ad87_34c71e44-4f2b-4037-80f3-a01bb48dcd03.jpg/250x188.webp https://prod.pictures.autoscout24.net/listing-images/1a8c8ee4-ea7f-4bfc-9267-db2447b4ad87_1d957f88-fcb7-47fd-b8b9-cbf4fb06d359.jpg/250x188.webp https://prod.pictures.autoscout24.net/listing-images/1a8c8ee4-ea7f-4bfc-9267-db2447b4ad87_d1539c56-6530-4bd5-9868-5e339d9c0e60.jpg/250x188.webp https://prod.pictures.autoscout24.net/listing-images/1a8c8ee4-ea7f-4bfc-9267-db2447b4ad87_12fc239d-dc2a-494b-bb06-83624baa77ee.jpg/250x188.webp https://prod.pictures.autoscout24.net/listing-images/1a8c8ee4-ea7f-4bfc-9267-db2447b4ad87_e617fa65-a07b-4b78-99c9-dc58b111bc5a.jpg/250x188.webp https://prod.pictures.autoscout24.net/listing-images/1a8c8ee4-ea7f-4bfc-9267-db2447b4ad87_9fc5cd41-9055-4d69-8a95-04de3662e06c.jpg/250x188.webp https://prod.pictures.autoscout24.net/listing-images/1a8c8ee4-ea7f-4bfc-9267-db2447b4ad87_95953e1f-f86d-443f-8b16-5f25421c3db5.jpg/250x188.webp https://prod.pictures.autoscout24.net/listing-images/1a8c8ee4-ea7f-4bfc-9267-db2447b4ad87_2d147fe6-e447-4f96-b011-63b777d0a9fc.jpg/250x188.webp https://prod.pictures.autoscout24.net/listing-images/1a8c8ee4-ea7f-4bfc-9267-db2447b4ad87_8616882a-7873-4625-a69f-c9c364d08eeb.jpg/250x188.webp https://prod.pictures.autoscout24.net/listing-images/1a8c8ee4-ea7f-4bfc-9267-db2447b4ad87_63cb0243-ea94-4236-b2e6-e9cd86bcd3a8.jpg/250x188.webp https://prod.pictures.autoscout24.net/listing-images/1a8c8ee4-ea7f-4bfc-9267-db2447b4ad87_e149675a-355a-4949-b1a5-9c8454142a06.jpg/250x188.webp,71.06367211068877,7870
c8362a37-d84f-4082-9eb6-6483269a91fb,Nissan,Primera,2.0 Turbo Elegance 96.000KM Car-pass Climatisation,Dealer,2500,d,96000,05-2000,6220,https://prod.pictures.autoscout24.net/listing-images/c8362a37-d84f-4082-9eb6-6483269a91fb_b7cee91b-e5d3-493c-8766-b1fb7ff50aea.jpg/250x188.webp https://prod.pictures.autoscout24.net/listing-images/c8362a37-d84f-4082-9eb6-6483269a91fb_280f1c2d-0a28-42d5-89d9-654cb4899c1c.jpg/250x188.webp https://prod.pictures.autoscout24.net/listing-images/c8362a37-d84f-4082-9eb6-6483269a91fb_95e95130-dd90-4bca-abdc-e4efddc23671.jpg/250x188.webp https://prod.pictures.autoscout24.net/listing-images/c8362a37-d84f-4082-9eb6-6483269a91fb_c01b192e-96a3-4775-83ea-7413e2e9e6a8.jpg/250x188.webp https://prod.pictures.autoscout24.net/listing-images/c8362a37-d84f-4082-9eb6-6483269a91fb_030d628b-298c-44a2-bc4d-bdaed94edc6b.jpg/250x188.webp https://prod.pictures.autoscout24.net/listing-images/c8362a37-d84f-4082-9eb6-6483269a91fb_13e00c5a-da44-419c-9ac9-9401e4683738.jpg/250x188.webp https://prod.pictures.autoscout24.net/listing-images/c8362a37-d84f-4082-9eb6-6483269a91fb_8f83719b-5ec1-4035-8eeb-e325e045cb19.jpg/250x188.webp https://prod.pictures.autoscout24.net/listing-images/c8362a37-d84f-4082-9eb6-6483269a91fb_e97bf9d7-fd2b-4923-868b-44968040ca7f.jpg/250x188.webp https://prod.pictures.autoscout24.net/listing-images/c8362a37-d84f-4082-9eb6-6483269a91fb_a4a904fb-a4c9-46ad-961b-c106f4d15359.jpg/250x188.webp https://prod.pictures.autoscout24.net/listing-images/c8362a37-d84f-4082-9eb6-6483269a91fb_c5336c85-5a6a-49ca-982d-76bcf374342c.jpg/250x188.webp https://prod.pictures.autoscout24.net/listing-images/c8362a37-d84f-4082-9eb6-6483269a91fb_a1abaa5f-d868-4698-b886-b58d184b9205.jpg/250x188.webp https://prod.pictures.autoscout24.net/listing-images/c8362a37-d84f-4082-9eb6-6483269a91fb_beca8bc7-0a49-4209-91bd-569279b4115c.jpg/250x188.webp https://prod.pictures.autoscout24.net/listing-images/c8362a37-d84f-4082-9eb6-6483269a91fb_1db48109-d778-46a1-ba8b-a1119b92335c.jpg/250x188.webp https://prod.pictures.autoscout24.net/listing-images/c8362a37-d84f-4082-9eb6-6483269a91fb_44b32371-b385-44ed-ac37-beec09088add.jpg/250x188.webp https://prod.pictures.autoscout24.net/listing-images/c8362a37-d84f-4082-9eb6-6483269a91fb_f2ffe403-e57f-459c-a0a6-c07c3bf7b541.jpg/250x188.webp https://prod.pictures.autoscout24.net/listing-images/c8362a37-d84f-4082-9eb6-6483269a91fb_96bb1752-e96c-47f2-b90c-f6e21ba243ce.jpg/250x188.webp,109.54249226439103,8266
297d9860-8576-46ac-a169-e4640347fb75,Nissan,Almera,1.5i 16v Comfort Plus,Dealer,2500,b,106280,04-2000,9230,https://prod.pictures.autoscout24.net/listing-images/297d9860-8576-46ac-a169-e4640347fb75_a004531b-8035-4247-bae4-846fff01c3f2.jpg/250x188.webp https://prod.pictures.autoscout24.net/listing-images/297d9860-8576-46ac-a169-e4640347fb75_ffd93bb5-7980-4799-b5e1-6daf95e634c8.jpg/250x188.webp https://prod.pictures.autoscout24.net/listing-images/297d9860-8576-46ac-a169-e4640347fb75_858d9609-8e3c-45b4-a062-899788d80854.jpg/250x188.webp https://prod.pictures.autoscout24.net/listing-images/297d9860-8576-46ac-a169-e4640347fb75_d55224bc-604e-4917-bec5-c488467e1d28.jpg/250x188.webp https://prod.pictures.autoscout24.net/listing-images/297d9860-8576-46ac-a169-e4640347fb75_dbdb6c8a-3c53-43ab-a248-8ee208d02183.jpg/250x188.webp https://prod.pictures.autoscout24.net/listing-images/297d9860-8576-46ac-a169-e4640347fb75_55e14640-a022-44fa-9369-b57bda6e730b.jpg/250x188.webp https://prod.pictures.autoscout24.net/listing-images/297d9860-8576-46ac-a169-e4640347fb75_348dfd33-c0a3-491f-b3c4-5a4ec09293c6.jpg/250x188.webp https://prod.pictures.autoscout24.net/listing-images/297d9860-8576-46ac-a169-e4640347fb75_a0afe85e-94e7-4eb9-b5f6-d34f56db08de.jpg/250x188.webp https://prod.pictures.autoscout24.net/listing-images/297d9860-8576-46ac-a169-e4640347fb75_b66beae8-9a20-47a2-b84a-60b7f2a1a037.jpg/250x188.webp https://prod.pictures.autoscout24.net/listing-images/297d9860-8576-46ac-a169-e4640347fb75_54ebf1dc-98ae-434e-9087-b8c9a60f2316.jpg/250x188.webp https://prod.pictures.autoscout24.net/listing-images/297d9860-8576-46ac-a169-e4640347fb75_de88e832-b1e4-4585-a976-a8ea2b3e0862.jpg/250x188.webp,69.27250469504553,8296
67502a19-2280-4fc0-99b0-3f9204c87f91,Nissan,Micra,1.2i 16v Acenta,PrivateSeller,2500,b,200100,04-2007,4850,https://prod.pictures.autoscout24.net/listing-images/67502a19-2280-4fc0-99b0-3f9204c87f91_28dbbb6f-b6ad-43aa-a9bf-0226c302fa25.jpg/250x188.webp https://prod.pictures.autoscout24.net/listing-images/67502a19-2280-4fc0-99b0-3f9204c87f91_152706dc-913c-4e5b-a352-f8c99ca90235.jpg/250x188.webp https://prod.pictures.autoscout24.net/listing-images/67502a19-2280-4fc0-99b0-3f9204c87f91_721726a2-03ec-4af0-af1d-d145c91e4cab.jpg/250x188.webp,132.6707282521058,5740
46ac3bc7-e2d5-4da3-8bef-975ace163cab,Nissan,Micra,1.2i 16v Limited Edition,PrivateSeller,2550,b,128000,05-2004,4040,https://prod.pictures.autoscout24.net/listing-images/46ac3bc7-e2d5-4da3-8bef-975ace163cab_1cbb1e95-6f06-4197-8ab0-f27c136b30f6.jpg/250x188.webp https://prod.pictures.autoscout24.net/listing-images/46ac3bc7-e2d5-4da3-8bef-975ace163cab_3755b6ce-c942-4ccc-8fa2-5c10eb84ed10.jpg/250x188.webp https://prod.pictures.autoscout24.net/listing-images/46ac3bc7-e2d5-4da3-8bef-975ace163cab_30a090e7-e0f2-4108-9bf2-554cff3a8cd5.jpg/250x188.webp https://prod.pictures.autoscout24.net/listing-images/46ac3bc7-e2d5-4da3-8bef-975ace163cab_d237e90f-6c4a-41c8-932f-485ece66301f.jpg/250x188.webp https://prod.pictures.autoscout24.net/listing-images/46ac3bc7-e2d5-4da3-8bef-975ace163cab_35b1fcc8-2a50-478e-9121-39b8e4d374c5.jpg/250x188.webp https://prod.pictures.autoscout24.net/listing-images/46ac3bc7-e2d5-4da3-8bef-975ace163cab_1adcf635-9385-4db0-ad19-6f2f2cc66a92.jpg/250x188.webp https://prod.pictures.autoscout24.net/listing-images/46ac3bc7-e2d5-4da3-8bef-975ace163cab_3d41edac-f05a-440d-a7d9-7dfac6841701.jpg/250x188.webp,120.39133917274062,6805
239a63f7-82f1-419f-91be-096756a5437a,Nissan,Sunny,1.7 diesel saloon,PrivateSeller,2600,d,106599,10-1986,1050,https://prod.pictures.autoscout24.net/listing-images/239a63f7-82f1-419f-91be-096756a5437a_f0b17f63-5507-4d7c-a1bb-b2e30c87231d.jpg/250x188.webp https://prod.pictures.autoscout24.net/listing-images/239a63f7-82f1-419f-91be-096756a5437a_58939fa4-4a24-4358-a2d7-99dda82faa41.jpg/250x188.webp https://prod.pictures.autoscout24.net/listing-images/239a63f7-82f1-419f-91be-096756a5437a_871f49a2-dce1-415b-b822-a47a515a7289.jpg/250x188.webp,70.92422613330518,13227
5e954572-a947-4587-9c00-58e87ab65f3a,Nissan,Primera,1.6i Elegance Airco,Dealer,2650,b,211000,02-2002,1800,https://prod.pictures.autoscout24.net/listing-images/5e954572-a947-4587-9c00-58e87ab65f3a_a9f0dc24-8df4-42c3-b96f-29d85916ffe8.jpg/250x188.webp https://prod.pictures.autoscout24.net/listing-images/5e954572-a947-4587-9c00-58e87ab65f3a_c4e80162-1386-4aa2-bfc2-b68124c1acc1.jpg/250x188.webp https://prod.pictures.autoscout24.net/listing-images/5e954572-a947-4587-9c00-58e87ab65f3a_09f1b4f6-e867-41a3-a9db-1a59063476ac.jpg/250x188.webp https://prod.pictures.autoscout24.net/listing-images/5e954572-a947-4587-9c00-58e87ab65f3a_9d8025e5-a6f8-453e-b511-3270ea379e28.jpg/250x188.webp https://prod.pictures.autoscout24.net/listing-images/5e954572-a947-4587-9c00-58e87ab65f3a_4199582b-f2c8-44ee-af0c-3e9708266eff.jpg/250x188.webp https://prod.pictures.autoscout24.net/listing-images/5e954572-a947-4587-9c00-58e87ab65f3a_4e3fcecb-1e20-4622-90da-cee63a6b7d9c.jpg/250x188.webp https://prod.pictures.autoscout24.net/listing-images/5e954572-a947-4587-9c00-58e87ab65f3a_2ba3c3cb-afa5-49ec-a384-c3272b9beae0.jpg/250x188.webp https://prod.pictures.autoscout24.net/listing-images/5e954572-a947-4587-9c00-58e87ab65f3a_f96e77f2-9861-4646-9b50-2e0c31ae07da.jpg/250x188.webp https://prod.pictures.autoscout24.net/listing-images/5e954572-a947-4587-9c00-58e87ab65f3a_4a693a2f-5c11-4e95-897f-6e8e3a1dfff6.jpg/250x188.webp https://prod.pictures.autoscout24.net/listing-images/5e954572-a947-4587-9c00-58e87ab65f3a_20342273-7695-4f7b-a9b0-c9abda271cab.jpg/250x188.webp https://prod.pictures.autoscout24.net/listing-images/5e954572-a947-4587-9c00-58e87ab65f3a_f21faa54-7a9e-477b-bb82-74afa122a2de.jpg/250x188.webp,60.05560122441548,7625
843dcace-2047-40ab-bfcc-450651a780f1,Nissan,Note,1.5 dCi Elegance,Dealer,2650,d,110600,12-2008,3840,https://prod.pictures.autoscout24.net/listing-images/843dcace-2047-40ab-bfcc-450651a780f1_fd92b371-74d3-4924-8f99-27a7b5e19a91.jpg/250x188.webp https://prod.pictures.autoscout24.net/listing-images/843dcace-2047-40ab-bfcc-450651a780f1_c6bc70c2-ca25-43b7-b78a-a4edc4a40ec8.jpg/250x188.webp https://prod.pictures.autoscout24.net/listing-images/843dcace-2047-40ab-bfcc-450651a780f1_c3918f0e-d218-4def-a9fe-85be385d8684.jpg/250x188.webp https://prod.pictures.autoscout24.net/listing-images/843dcace-2047-40ab-bfcc-450651a780f1_86df796c-2f48-4214-b4e3-176f80020b75.jpg/250x188.webp https://prod.pictures.autoscout24.net/listing-images/843dcace-2047-40ab-bfcc-450651a780f1_834e2c82-97ae-4b51-8c73-2a9921c1a060.jpg/250x188.webp https://prod.pictures.autoscout24.net/listing-images/843dcace-2047-40ab-bfcc-450651a780f1_f6a302ab-25b0-4977-b96b-8df107675e2a.jpg/250x188.webp,95.80189373827943,5130
ebd997d4-d6a1-4006-a313-093c380717b7,Nissan,Primera,1.8,PrivateSeller,2700,b,175320,12-2004,1040,https://prod.pictures.autoscout24.net/listing-images/ebd997d4-d6a1-4006-a313-093c380717b7_052de900-4ab3-4a25-8143-0fd0627abcd6.jpg/250x188.webp https://prod.pictures.autoscout24.net/listing-images/ebd997d4-d6a1-4006-a313-093c380717b7_16277463-c4e7-4e9d-a508-8d7f83666aa1.jpg/250x188.webp https://prod.pictures.autoscout24.net/listing-images/ebd997d4-d6a1-4006-a313-093c380717b7_b542a3de-15dd-40e8-adaf-e96f9a442416.jpg/250x188.webp https://prod.pictures.autoscout24.net/listing-images/ebd997d4-d6a1-4006-a313-093c380717b7_a762bf70-2656-4599-a0c0-973ad5c95178.jpg/250x188.webp https://prod.pictures.autoscout24.net/listing-images/ebd997d4-d6a1-4006-a313-093c380717b7_5faf583b-cdd6-4749-a9f2-1c39b42dad3e.jpg/250x188.webp https://prod.pictures.autoscout24.net/listing-images/ebd997d4-d6a1-4006-a313-093c380717b7_b0de0f0a-cfd1-4760-93f2-7c845b781a5a.jpg/250x188.webp https://prod.pictures.autoscout24.net/listing-images/ebd997d4-d6a1-4006-a313-093c380717b7_a3120a80-b57d-4f3f-ad8b-0cd39006b5d6.jpg/250x188.webp https://prod.pictures.autoscout24.net/listing-images/ebd997d4-d6a1-4006-a313-093c380717b7_4f428685-1fbc-45b7-a2c9-7d68c93d6321.jpg/250x188.webp https://prod.pictures.autoscout24.net/listing-images/ebd997d4-d6a1-4006-a313-093c380717b7_63e5f719-0e11-4e00-9284-2fb100c71aa8.jpg/250x188.webp https://prod.pictures.autoscout24.net/listing-images/ebd997d4-d6a1-4006-a313-093c380717b7_7842b7eb-d945-456c-8bac-70985e24b26c.jpg/250x188.webp https://prod.pictures.autoscout24.net/listing-images/ebd997d4-d6a1-4006-a313-093c380717b7_c9c46907-fc49-4f1a-8c81-935bec9e4535.jpg/250x188.webp https://prod.pictures.autoscout24.net/listing-images/ebd997d4-d6a1-4006-a313-093c380717b7_c92f055f-8b75-4eb7-b1d6-bc455215c4b7.jpg/250x188.webp https://prod.pictures.autoscout24.net/listing-images/ebd997d4-d6a1-4006-a313-093c380717b7_4828826e-fb98-461c-bc67-36c9973507dc.jpg/250x188.webp https://prod.pictures.autoscout24.net/listing-images/ebd997d4-d6a1-4006-a313-093c380717b7_5d5feb9b-9dfe-440a-9e8d-3fdbf3fd83fc.jpg/250x188.webp https://prod.pictures.autoscout24.net/listing-images/ebd997d4-d6a1-4006-a313-093c380717b7_c0168023-6b03-48d5-852a-00cf12d326a3.jpg/250x188.webp,70.85448790939559,6591
aa1878eb-1f7a-441d-8aba-a11538a3770e,Nissan,Primera,1.8,PrivateSeller,2700,b,175320,08-2004,1040,https://prod.pictures.autoscout24.net/listing-images/aa1878eb-1f7a-441d-8aba-a11538a3770e_1166153f-938c-421e-9124-8ebcda65891a.jpg/250x188.webp https://prod.pictures.autoscout24.net/listing-images/aa1878eb-1f7a-441d-8aba-a11538a3770e_2200176e-8af5-4cf2-9e50-3ff0900fcb1e.jpg/250x188.webp https://prod.pictures.autoscout24.net/listing-images/aa1878eb-1f7a-441d-8aba-a11538a3770e_aec552c7-d9a3-421d-8967-3b832d14f659.jpg/250x188.webp https://prod.pictures.autoscout24.net/listing-images/aa1878eb-1f7a-441d-8aba-a11538a3770e_5c620a43-190e-4365-97f6-058a3e704d7d.jpg/250x188.webp https://prod.pictures.autoscout24.net/listing-images/aa1878eb-1f7a-441d-8aba-a11538a3770e_301a3094-7d6a-4fcf-8d7b-0065f978bc08.jpg/250x188.webp https://prod.pictures.autoscout24.net/listing-images/aa1878eb-1f7a-441d-8aba-a11538a3770e_2c4006e2-9683-4e1c-9d0b-0be4e87e8d90.jpg/250x188.webp https://prod.pictures.autoscout24.net/listing-images/aa1878eb-1f7a-441d-8aba-a11538a3770e_3b0b5708-1c0e-497c-9529-3365608dd675.jpg/250x188.webp https://prod.pictures.autoscout24.net/listing-images/aa1878eb-1f7a-441d-8aba-a11538a3770e_08352bc7-88af-4f29-8118-8b511bafbbe5.jpg/250x188.webp https://prod.pictures.autoscout24.net/listing-images/aa1878eb-1f7a-441d-8aba-a11538a3770e_e0d92710-efa7-43b2-a161-f361c1e6f95f.jpg/250x188.webp https://prod.pictures.autoscout24.net/listing-images/aa1878eb-1f7a-441d-8aba-a11538a3770e_d6b0b3ee-3c4c-4329-9203-a968dccf4126.jpg/250x188.webp https://prod.pictures.autoscout24.net/listing-images/aa1878eb-1f7a-441d-8aba-a11538a3770e_b12421e5-973c-48ea-8f09-b8f11eaa2a56.jpg/250x188.webp https://prod.pictures.autoscout24.net/listing-images/aa1878eb-1f7a-441d-8aba-a11538a3770e_a940d8b2-344f-4a88-a1fe-2021cc3d4598.jpg/250x188.webp https://prod.pictures.autoscout24.net/listing-images/aa1878eb-1f7a-441d-8aba-a11538a3770e_b0b1107d-c756-494d-b9ee-e2b9f0ec7ffd.jpg/250x188.webp https://prod.pictures.autoscout24.net/listing-images/aa1878eb-1f7a-441d-8aba-a11538a3770e_8affa641-f052-4771-8e94-f5dd2000fad9.jpg/250x188.webp https://prod.pictures.autoscout24.net/listing-images/aa1878eb-1f7a-441d-8aba-a11538a3770e_c89d29cf-17da-4727-9dce-108af1f028d4.jpg/250x188.webp,70.85448790939559,6713
439f6fbc-57ff-4a3a-b897-78f5b09540ad,Nissan,Note,1.5 dCi Acenta,PrivateSeller,2700,d,194500,12-2009,7100,https://prod.pictures.autoscout24.net/listing-images/439f6fbc-57ff-4a3a-b897-78f5b09540ad_d17ae23c-febe-4d0e-9d45-4f94009b8492.jpg/250x188.webp https://prod.pictures.autoscout24.net/listing-images/439f6fbc-57ff-4a3a-b897-78f5b09540ad_aa35adcf-99d0-4887-8858-eb7ab0ad795d.jpg/250x188.webp https://prod.pictures.autoscout24.net/listing-images/439f6fbc-57ff-4a3a-b897-78f5b09540ad_68dfc624-8b3b-437f-a8ae-97af0c284b88.jpg/250x188.webp https://prod.pictures.autoscout24.net/listing-images/439f6fbc-57ff-4a3a-b897-78f5b09540ad_7ae72bf6-2fb7-4969-9219-6e34d852b5c4.jpg/250x188.webp https://prod.pictures.autoscout24.net/listing-images/439f6fbc-57ff-4a3a-b897-78f5b09540ad_b572d797-f52c-43fe-b175-17ae2e9aa797.jpg/250x188.webp,111.04432979756132,4765
eb37c160-8c10-4041-bcc8-b3d0ba344089,Nissan,Almera,1.5i 16v Comfort,Dealer,2700,b,142000,01-2001,1480,https://prod.pictures.autoscout24.net/listing-images/eb37c160-8c10-4041-bcc8-b3d0ba344089_4b08351f-9e4f-4845-81a5-95ef14304771.jpg/250x188.webp https://prod.pictures.autoscout24.net/listing-images/eb37c160-8c10-4041-bcc8-b3d0ba344089_41e87f2d-d02c-4fe6-8860-bfa17d43745b.jpg/250x188.webp https://prod.pictures.autoscout24.net/listing-images/eb37c160-8c10-4041-bcc8-b3d0ba344089_21dddca9-d37c-4929-bc57-5ec4d73247c7.jpg/250x188.webp https://prod.pictures.autoscout24.net/listing-images/eb37c160-8c10-4041-bcc8-b3d0ba344089_d0f73e3d-fd38-4c5a-a02e-79971d574639.jpg/250x188.webp https://prod.pictures.autoscout24.net/listing-images/eb37c160-8c10-4041-bcc8-b3d0ba344089_80a1e07f-0be0-4dfe-a06f-04cd872ff3d1.jpg/250x188.webp https://prod.pictures.autoscout24.net/listing-images/eb37c160-8c10-4041-bcc8-b3d0ba344089_65f80dca-1aaa-4d2f-8640-9d0e7d97cac0.jpg/250x188.webp,90.6722887329444,8021
140e8e66-1393-412f-8218-bb37121117f3,Nissan,Interstar,no airco 2.0l euro 4 start drive super,Dealer,2700,d,261000,08-2009,1840,https://prod.pictures.autoscout24.net/listing-images/140e8e66-1393-412f-8218-bb37121117f3_941b64a7-8737-4276-a9c4-90a4bd23d8ef.jpg/250x188.webp https://prod.pictures.autoscout24.net/listing-images/140e8e66-1393-412f-8218-bb37121117f3_dd801a0a-ac42-46c4-aae2-5f5ddedc95c6.jpg/250x188.webp https://prod.pictures.autoscout24.net/listing-images/140e8e66-1393-412f-8218-bb37121117f3_5091acc2-c40d-47e4-8097-6451f960c246.jpg/250x188.webp https://prod.pictures.autoscout24.net/listing-images/140e8e66-1393-412f-8218-bb37121117f3_430de111-8ee7-44c0-8880-74489ffb3122.jpg/250x188.webp https://prod.pictures.autoscout24.net/listing-images/140e8e66-1393-412f-8218-bb37121117f3_7756275a-6ff8-43bb-a601-4b85be84c4f1.jpg/250x188.webp https://prod.pictures.autoscout24.net/listing-images/140e8e66-1393-412f-8218-bb37121117f3_ecc4295c-eca3-4872-b4ef-0787ac0504cd.jpg/250x188.webp https://prod.pictures.autoscout24.net/listing-images/140e8e66-1393-412f-8218-bb37121117f3_0faa981c-0983-498f-8396-49e82896afc4.jpg/250x188.webp https://prod.pictures.autoscout24.net/listing-images/140e8e66-1393-412f-8218-bb37121117f3_52236ccd-c1bf-4d19-9276-3dc77bf624fa.jpg/250x188.webp https://prod.pictures.autoscout24.net/listing-images/140e8e66-1393-412f-8218-bb37121117f3_a0f1dee9-3fda-46f7-b9f5-0841709bdc4f.jpg/250x188.webp https://prod.pictures.autoscout24.net/listing-images/140e8e66-1393-412f-8218-bb37121117f3_92bc4bef-3d10-49af-8100-044461cbe261.jpg/250x188.webp https://prod.pictures.autoscout24.net/listing-images/140e8e66-1393-412f-8218-bb37121117f3_ab609906-b51e-4cf0-9a18-3865b53e4d68.jpg/250x188.webp,54.29299877782283,4887
295ba932-314e-40a8-82b4-35c5a2aad637,Nissan,Interstar,Interstar dCi 120L1H2,PrivateSeller,2700,d,280000,03-2003,9000,https://prod.pictures.autoscout24.net/listing-images/295ba932-314e-40a8-82b4-35c5a2aad637_cb2ad62d-d378-46f8-ae79-9d8cd872f89c.jpg/250x188.webp https://prod.pictures.autoscout24.net/listing-images/295ba932-314e-40a8-82b4-35c5a2aad637_2268005c-41d4-4b26-b79f-eeec4e517de2.jpg/250x188.webp https://prod.pictures.autoscout24.net/listing-images/295ba932-314e-40a8-82b4-35c5a2aad637_25f6e575-2d5a-4e20-9062-6fc9872484f6.jpg/250x188.webp https://prod.pictures.autoscout24.net/listing-images/295ba932-314e-40a8-82b4-35c5a2aad637_b16c1ea0-0099-4ffd-97ac-fb5f99568488.jpg/250x188.webp https://prod.pictures.autoscout24.net/listing-images/295ba932-314e-40a8-82b4-35c5a2aad637_5194ee9d-2128-4f52-9e88-f5f77fcd033f.jpg/250x188.webp,69.99787275902874,7232
bbcfbc7a-a0e9-49bf-82df-8c4d50168965,Nissan,Micra,1.2 CITY,PrivateSeller,2750,b,12400,12-2004,4700,https://prod.pictures.autoscout24.net/listing-images/bbcfbc7a-a0e9-49bf-82df-8c4d50168965_ead10461-ec7f-402f-b3cf-c86bfd946105.jpg/250x188.webp https://prod.pictures.autoscout24.net/listing-images/bbcfbc7a-a0e9-49bf-82df-8c4d50168965_d7c601c2-cfad-4222-a0d7-283212c55292.jpg/250x188.webp https://prod.pictures.autoscout24.net/listing-images/bbcfbc7a-a0e9-49bf-82df-8c4d50168965_ae8fac79-59ac-4a2a-9628-3218cfe85e96.jpg/250x188.webp https://prod.pictures.autoscout24.net/listing-images/bbcfbc7a-a0e9-49bf-82df-8c4d50168965_6152064b-d949-43b2-abaa-f0225a1d571d.jpg/250x188.webp https://prod.pictures.autoscout24.net/listing-images/bbcfbc7a-a0e9-49bf-82df-8c4d50168965_ca2228f1-2125-4021-afb3-3129d24c1d69.jpg/250x188.webp https://prod.pictures.autoscout24.net/listing-images/bbcfbc7a-a0e9-49bf-82df-8c4d50168965_2e8e1951-4bc4-442e-a06c-4e4685391c94.jpg/250x188.webp https://prod.pictures.autoscout24.net/listing-images/bbcfbc7a-a0e9-49bf-82df-8c4d50168965_3e15a58f-9034-4d16-bdd2-fadc3bedebe7.jpg/250x188.webp,143.97766881241236,6591
8aa0b039-15f9-4417-9611-d63e2cc06b66,Nissan,X-Trail,2.2 dCi 4X4 Elegance ~ SPECIAL SERIE,Dealer,2750,d,260000,02-2006,1070,https://prod.pictures.autoscout24.net/listing-images/8aa0b039-15f9-4417-9611-d63e2cc06b66_4072dcab-92f8-4615-8859-354d60f69138.jpg/250x188.webp https://prod.pictures.autoscout24.net/listing-images/8aa0b039-15f9-4417-9611-d63e2cc06b66_afb5e08a-0c79-4e74-a5fe-cd82ada1a435.jpg/250x188.webp https://prod.pictures.autoscout24.net/listing-images/8aa0b039-15f9-4417-9611-d63e2cc06b66_dc11781f-59c2-42e3-b6ee-c153bebe741c.jpg/250x188.webp https://prod.pictures.autoscout24.net/listing-images/8aa0b039-15f9-4417-9611-d63e2cc06b66_89e8e3b9-b697-4ccf-9c0e-018d2df65786.jpg/250x188.webp https://prod.pictures.autoscout24.net/listing-images/8aa0b039-15f9-4417-9611-d63e2cc06b66_8070cd6f-404b-49a5-ada0-fabb331dee2c.jpg/250x188.webp https://prod.pictures.autoscout24.net/listing-images/8aa0b039-15f9-4417-9611-d63e2cc06b66_62bc7abb-5238-41ce-924c-f8e1e9b051af.jpg/250x188.webp https://prod.pictures.autoscout24.net/listing-images/8aa0b039-15f9-4417-9611-d63e2cc06b66_c107cc52-af7b-4ecc-8104-30373cdfadbb.jpg/250x188.webp https://prod.pictures.autoscout24.net/listing-images/8aa0b039-15f9-4417-9611-d63e2cc06b66_be1475ff-ef7f-459d-adde-e6bb4bd0fb6f.jpg/250x188.webp https://prod.pictures.autoscout24.net/listing-images/8aa0b039-15f9-4417-9611-d63e2cc06b66_711131d6-4730-48e0-b2e6-cd87100dc680.jpg/250x188.webp https://prod.pictures.autoscout24.net/listing-images/8aa0b039-15f9-4417-9611-d63e2cc06b66_fcf7fcaf-aff0-4174-8e4b-901fe779aa1b.jpg/250x188.webp https://prod.pictures.autoscout24.net/listing-images/8aa0b039-15f9-4417-9611-d63e2cc06b66_ef66e714-68db-4909-a754-80ea5d69bd1b.jpg/250x188.webp https://prod.pictures.autoscout24.net/listing-images/8aa0b039-15f9-4417-9611-d63e2cc06b66_3eeadf91-404e-457e-8b3e-b640c20d0f40.jpg/250x188.webp https://prod.pictures.autoscout24.net/listing-images/8aa0b039-15f9-4417-9611-d63e2cc06b66_cd383643-5f95-477f-99fa-e20a692c89c8.jpg/250x188.webp https://prod.pictures.autoscout24.net/listing-images/8aa0b039-15f9-4417-9611-d63e2cc06b66_1c3a3e57-6648-42bc-9a70-852603a2280a.jpg/250x188.webp https://prod.pictures.autoscout24.net/listing-images/8aa0b039-15f9-4417-9611-d63e2cc06b66_3d4f9584-8e70-42b7-8c14-c22336393f7e.jpg/250x188.webp,71.06367211068877,6164
88719001-1753-495b-9463-ffcfd1ffb91d,Nissan,Micra,1.2i 16v Tekna A/C,PrivateSeller,2750,b,123400,08-2003,1853,https://prod.pictures.autoscout24.net/listing-images/88719001-1753-495b-9463-ffcfd1ffb91d_6a99887f-c236-474a-82af-0c5d100addd4.jpg/250x188.webp https://prod.pictures.autoscout24.net/listing-images/88719001-1753-495b-9463-ffcfd1ffb91d_c944354c-5414-4dec-8296-37792723fdc8.jpg/250x188.webp https://prod.pictures.autoscout24.net/listing-images/88719001-1753-495b-9463-ffcfd1ffb91d_52deedbb-c861-4398-9e3b-779620e69ef6.jpg/250x188.webp https://prod.pictures.autoscout24.net/listing-images/88719001-1753-495b-9463-ffcfd1ffb91d_0f0d2b49-dd8e-4616-ba17-f85138874855.jpg/250x188.webp https://prod.pictures.autoscout24.net/listing-images/88719001-1753-495b-9463-ffcfd1ffb91d_310afa31-ed2b-4fe3-8f58-0d5e37f5048f.jpg/250x188.webp https://prod.pictures.autoscout24.net/listing-images/88719001-1753-495b-9463-ffcfd1ffb91d_f903aeda-b06f-42f6-bf41-f43af25c78cd.jpg/250x188.webp https://prod.pictures.autoscout24.net/listing-images/88719001-1753-495b-9463-ffcfd1ffb91d_8ba850c6-1d56-44c3-81d3-44d5f1c36543.jpg/250x188.webp https://prod.pictures.autoscout24.net/listing-images/88719001-1753-495b-9463-ffcfd1ffb91d_9867b889-dc75-40f8-8952-1739a5322abd.jpg/250x188.webp,62.49120970441575,7079
a7489137-6345-4f77-b501-43e1ab9eab47,Nissan,Micra,1.0i 16v Visia,Dealer,2750,b,112000,08-2005,1140,https://prod.pictures.autoscout24.net/listing-images/a7489137-6345-4f77-b501-43e1ab9eab47_03122074-e0c4-47b2-8d53-e9515aab631d.jpg/250x188.webp https://prod.pictures.autoscout24.net/listing-images/a7489137-6345-4f77-b501-43e1ab9eab47_7c783d45-837c-48a9-8267-f1f80e880d62.jpg/250x188.webp https://prod.pictures.autoscout24.net/listing-images/a7489137-6345-4f77-b501-43e1ab9eab47_e9a24428-7320-4bb6-9b9a-fb9544994369.jpg/250x188.webp https://prod.pictures.autoscout24.net/listing-images/a7489137-6345-4f77-b501-43e1ab9eab47_5c67d8f9-e464-4982-923f-54fb0eb73c0e.jpg/250x188.webp https://prod.pictures.autoscout24.net/listing-images/a7489137-6345-4f77-b501-43e1ab9eab47_3b14fbbb-5aad-4bd0-a636-027e1f1ca56a.jpg/250x188.webp https://prod.pictures.autoscout24.net/listing-images/a7489137-6345-4f77-b501-43e1ab9eab47_3e8698f4-e02d-40d5-bf5a-19a8a412785d.jpg/250x188.webp https://prod.pictures.autoscout24.net/listing-images/a7489137-6345-4f77-b501-43e1ab9eab47_073cad5f-01f4-4672-b48d-7e5f58974783.jpg/250x188.webp https://prod.pictures.autoscout24.net/listing-images/a7489137-6345-4f77-b501-43e1ab9eab47_a3650de6-c0a3-4f4b-a8a6-432065562886.jpg/250x188.webp https://prod.pictures.autoscout24.net/listing-images/a7489137-6345-4f77-b501-43e1ab9eab47_ae82dc2d-18ce-4c96-ac01-55fa2b13bff7.jpg/250x188.webp https://prod.pictures.autoscout24.net/listing-images/a7489137-6345-4f77-b501-43e1ab9eab47_79ac27a3-1acf-411a-bcbe-e9f558bf91cd.jpg/250x188.webp https://prod.pictures.autoscout24.net/listing-images/a7489137-6345-4f77-b501-43e1ab9eab47_116ebde9-16bb-48c7-8f92-993d6fa2f430.jpg/250x188.webp https://prod.pictures.autoscout24.net/listing-images/a7489137-6345-4f77-b501-43e1ab9eab47_7e32c5c4-18fa-491c-9b0c-c50888db2a9a.jpg/250x188.webp https://prod.pictures.autoscout24.net/listing-images/a7489137-6345-4f77-b501-43e1ab9eab47_770c7aef-2db4-42a2-84ea-ba2faeb03f4e.jpg/250x188.webp,66.17447866127165,6348
776580a3-8aa2-46b5-84eb-910a734ebe73,Nissan,Micra,PRETE A IMMATRICULER,PrivateSeller,2790,b,129000,08-2006,7170,https://prod.pictures.autoscout24.net/listing-images/776580a3-8aa2-46b5-84eb-910a734ebe73_1e873368-c9d0-4ae0-b78a-be7f1a6ecac4.jpg/250x188.webp https://prod.pictures.autoscout24.net/listing-images/776580a3-8aa2-46b5-84eb-910a734ebe73_26c56d50-8e39-4be2-86be-6cc255ba83b9.jpg/250x188.webp https://prod.pictures.autoscout24.net/listing-images/776580a3-8aa2-46b5-84eb-910a734ebe73_1f3a7d3a-91c3-4ba3-aa4d-cf52192b726d.jpg/250x188.webp https://prod.pictures.autoscout24.net/listing-images/776580a3-8aa2-46b5-84eb-910a734ebe73_1c88f96c-d49d-4a94-8709-3c09111702a7.jpg/250x188.webp https://prod.pictures.autoscout24.net/listing-images/776580a3-8aa2-46b5-84eb-910a734ebe73_f123c494-8900-4e33-a14b-3f14ef1075a6.jpg/250x188.webp,108.4792868516476,5983
07de72a5-a77d-4e25-ab0f-3e7702b19e95,Nissan,Almera Tino,1.8i 16v Acenta Airco GPS Caméra 127.000 Km,Dealer,2800,b,127000,09-2005,1930,https://prod.pictures.autoscout24.net/listing-images/07de72a5-a77d-4e25-ab0f-3e7702b19e95_4f9b4b8c-fcbf-40f4-b894-0dd831e3a001.jpg/250x188.webp https://prod.pictures.autoscout24.net/listing-images/07de72a5-a77d-4e25-ab0f-3e7702b19e95_e57b5ecd-9550-4ac2-95d2-aff920924759.jpg/250x188.webp https://prod.pictures.autoscout24.net/listing-images/07de72a5-a77d-4e25-ab0f-3e7702b19e95_912726f8-3f49-4c87-90cd-644c59389dfa.jpg/250x188.webp https://prod.pictures.autoscout24.net/listing-images/07de72a5-a77d-4e25-ab0f-3e7702b19e95_e4d31372-2333-4856-b273-04fd690788fd.jpg/250x188.webp https://prod.pictures.autoscout24.net/listing-images/07de72a5-a77d-4e25-ab0f-3e7702b19e95_90f21098-af0a-4f9d-b692-72b133e82536.jpg/250x188.webp https://prod.pictures.autoscout24.net/listing-images/07de72a5-a77d-4e25-ab0f-3e7702b19e95_e1f96d81-0b0e-488c-af42-005fec3b3e5a.jpg/250x188.webp https://prod.pictures.autoscout24.net/listing-images/07de72a5-a77d-4e25-ab0f-3e7702b19e95_afa658b9-bf3c-46e6-b527-40ff269111b1.jpg/250x188.webp https://prod.pictures.autoscout24.net/listing-images/07de72a5-a77d-4e25-ab0f-3e7702b19e95_4d5e7ac1-e014-4a41-b714-0a5dc78c6d75.jpg/250x188.webp https://prod.pictures.autoscout24.net/listing-images/07de72a5-a77d-4e25-ab0f-3e7702b19e95_1bdfe4b1-26f8-4519-a45f-c7a24cbc19be.jpg/250x188.webp https://prod.pictures.autoscout24.net/listing-images/07de72a5-a77d-4e25-ab0f-3e7702b19e95_29861979-909d-4bc6-b610-13ac5ac7d98b.jpg/250x188.webp https://prod.pictures.autoscout24.net/listing-images/07de72a5-a77d-4e25-ab0f-3e7702b19e95_675d3134-7804-4d59-b1d8-ed20c4caf4f7.jpg/250x188.webp https://prod.pictures.autoscout24.net/listing-images/07de72a5-a77d-4e25-ab0f-3e7702b19e95_1578010e-ab25-404a-b84c-cd39b6f01f38.jpg/250x188.webp https://prod.pictures.autoscout24.net/listing-images/07de72a5-a77d-4e25-ab0f-3e7702b19e95_e11c5c95-cbf5-456b-bca1-9bd592a17ab0.jpg/250x188.webp https://prod.pictures.autoscout24.net/listing-images/07de72a5-a77d-4e25-ab0f-3e7702b19e95_b4252aaf-52c2-4b9b-994c-64c85adf8672.jpg/250x188.webp https://prod.pictures.autoscout24.net/listing-images/07de72a5-a77d-4e25-ab0f-3e7702b19e95_3c9c1061-719c-41ba-9fcc-ad84a17d5c23.jpg/250x188.webp https://prod.pictures.autoscout24.net/listing-images/07de72a5-a77d-4e25-ab0f-3e7702b19e95_b54880c5-55aa-41fd-9590-69898750f79b.jpg/250x188.webp,65.18883147641638,6317
01e64e5d-75ef-4acc-81d3-81079b6842f0,Nissan,Micra,nissan micra,PrivateSeller,2800,b,129000,11-2005,1800,https://prod.pictures.autoscout24.net/listing-images/01e64e5d-75ef-4acc-81d3-81079b6842f0_3ece558a-11ca-461a-bec9-01af7a154fcf.jpg/250x188.webp https://prod.pictures.autoscout24.net/listing-images/01e64e5d-75ef-4acc-81d3-81079b6842f0_7dacd1a9-70c5-4816-9da3-24fe5db14ef8.jpg/250x188.webp https://prod.pictures.autoscout24.net/listing-images/01e64e5d-75ef-4acc-81d3-81079b6842f0_b869d1a9-bb22-46c1-b6ef-9722c8ba9ee2.jpg/250x188.webp https://prod.pictures.autoscout24.net/listing-images/01e64e5d-75ef-4acc-81d3-81079b6842f0_d0df6d2c-cd9f-490f-8618-470c11ae214d.jpg/250x188.webp https://prod.pictures.autoscout24.net/listing-images/01e64e5d-75ef-4acc-81d3-81079b6842f0_70d46c52-f359-4d48-9064-4fb5691de41a.jpg/250x188.webp https://prod.pictures.autoscout24.net/listing-images/01e64e5d-75ef-4acc-81d3-81079b6842f0_6dcb2a8c-c32e-494b-aafe-c60d8fc459bf.jpg/250x188.webp https://prod.pictures.autoscout24.net/listing-images/01e64e5d-75ef-4acc-81d3-81079b6842f0_a2123098-9c59-48b9-aa65-11a4a9dc1462.jpg/250x188.webp https://prod.pictures.autoscout24.net/listing-images/01e64e5d-75ef-4acc-81d3-81079b6842f0_91b71d9d-0a68-40ae-9e65-92f126f78256.jpg/250x188.webp,60.05560122441548,6256
768367a9-7e5d-45ca-99ff-ed40c6a64d5c,Nissan,Micra,1.2 Plus,PrivateSeller,2800,b,89000,11-2005,4602,https://prod.pictures.autoscout24.net/listing-images/768367a9-7e5d-45ca-99ff-ed40c6a64d5c_6fe51cdc-0f36-4d50-b3f7-f47375c1c039.jpg/250x188.webp https://prod.pictures.autoscout24.net/listing-images/768367a9-7e5d-45ca-99ff-ed40c6a64d5c_bacb440b-a834-4d96-b755-fce8702a3b49.jpg/250x188.webp https://prod.pictures.autoscout24.net/listing-images/768367a9-7e5d-45ca-99ff-ed40c6a64d5c_bca2287d-c29f-4428-9fbd-614cc8a4a324.jpg/250x188.webp https://prod.pictures.autoscout24.net/listing-images/768367a9-7e5d-45ca-99ff-ed40c6a64d5c_c63588bc-7532-486f-a3fc-ea5892e90492.jpg/250x188.webp https://prod.pictures.autoscout24.net/listing-images/768367a9-7e5d-45ca-99ff-ed40c6a64d5c_62171596-5f24-4b3e-ac2e-6ad5193ffc37.jpg/250x188.webp https://prod.pictures.autoscout24.net/listing-images/768367a9-7e5d-45ca-99ff-ed40c6a64d5c_11989d89-d1e4-498e-80cf-da67191c4c2f.jpg/250x188.webp,121.08926182424595,6256
d2fdd995-f36c-49f6-ad06-8ae6ef1e2395,Nissan,,Micra 1200L,PrivateSeller,2800,b,71000,11-1991,6800,https://prod.pictures.autoscout24.net/listing-images/d2fdd995-f36c-49f6-ad06-8ae6ef1e2395_4e4b49a8-7c67-4e7c-b69c-464a8e1ff822.jpg/250x188.webp https://prod.pictures.autoscout24.net/listing-images/d2fdd995-f36c-49f6-ad06-8ae6ef1e2395_a7e0b1c3-81a7-4515-9f1e-a2c35161ae96.jpg/250x188.webp https://prod.pictures.autoscout24.net/listing-images/d2fdd995-f36c-49f6-ad06-8ae6ef1e2395_894244e5-a2b0-4f2c-a938-2bc777ee4c1f.jpg/250x188.webp https://prod.pictures.autoscout24.net/listing-images/d2fdd995-f36c-49f6-ad06-8ae6ef1e2395_8b8c6ef7-5f8d-4dfd-bb73-0a37a9a99471.jpg/250x188.webp https://prod.pictures.autoscout24.net/listing-images/d2fdd995-f36c-49f6-ad06-8ae6ef1e2395_27302f33-e8d1-4f86-891e-3f061b12db5f.jpg/250x188.webp https://prod.pictures.autoscout24.net/listing-images/d2fdd995-f36c-49f6-ad06-8ae6ef1e2395_1c118561-cfef-4dfa-a4ef-04e6038c00e8.jpg/250x188.webp https://prod.pictures.autoscout24.net/listing-images/d2fdd995-f36c-49f6-ad06-8ae6ef1e2395_55ad16dd-e728-4d00-a73c-7ba8e7543111.jpg/250x188.webp,177.7465643211455,11370
b5d2a2c9-02d0-46df-9964-a78505bd1570,Nissan,Micra,1.4i 16v Acenta,PrivateSeller,2800,b,183000,02-2007,1850,https://prod.pictures.autoscout24.net/listing-images/b5d2a2c9-02d0-46df-9964-a78505bd1570_ffa720d6-510b-4b91-a44e-293b9d1e1d5e.jpg/250x188.webp https://prod.pictures.autoscout24.net/listing-images/b5d2a2c9-02d0-46df-9964-a78505bd1570_2ee86275-431e-44d0-beea-7f1503ff819d.jpg/250x188.webp https://prod.pictures.autoscout24.net/listing-images/b5d2a2c9-02d0-46df-9964-a78505bd1570_46dccecf-3892-4a52-ac6b-9153ad6fca78.jpg/250x188.webp https://prod.pictures.autoscout24.net/listing-images/b5d2a2c9-02d0-46df-9964-a78505bd1570_8c85e24b-f893-4611-b803-7af8f44b00af.jpg/250x188.webp https://prod.pictures.autoscout24.net/listing-images/b5d2a2c9-02d0-46df-9964-a78505bd1570_19cd43d2-30d9-40df-b427-fe3b957bb084.jpg/250x188.webp https://prod.pictures.autoscout24.net/listing-images/b5d2a2c9-02d0-46df-9964-a78505bd1570_0a36ad5c-e06f-4875-8d6f-a937fe27e138.jpg/250x188.webp https://prod.pictures.autoscout24.net/listing-images/b5d2a2c9-02d0-46df-9964-a78505bd1570_94ccafed-e545-4b8c-89a5-3994a7207d80.jpg/250x188.webp https://prod.pictures.autoscout24.net/listing-images/b5d2a2c9-02d0-46df-9964-a78505bd1570_2d496b90-d63c-4f83-8261-55fb3a13390c.jpg/250x188.webp https://prod.pictures.autoscout24.net/listing-images/b5d2a2c9-02d0-46df-9964-a78505bd1570_d74fa42b-febf-49b4-ae34-9f207d7084a5.jpg/250x188.webp https://prod.pictures.autoscout24.net/listing-images/b5d2a2c9-02d0-46df-9964-a78505bd1570_95f2cf6d-2a1f-40e0-80cc-7a1ca3b8a0ce.jpg/250x188.webp https://prod.pictures.autoscout24.net/listing-images/b5d2a2c9-02d0-46df-9964-a78505bd1570_70c95268-8a1f-4df8-a428-e76ef7f2b1fe.jpg/250x188.webp https://prod.pictures.autoscout24.net/listing-images/b5d2a2c9-02d0-46df-9964-a78505bd1570_547c2051-9eb1-4f72-b77f-cd7fe48805f6.jpg/250x188.webp https://prod.pictures.autoscout24.net/listing-images/b5d2a2c9-02d0-46df-9964-a78505bd1570_61624553-2f4e-4dae-920c-691da822103a.jpg/250x188.webp https://prod.pictures.autoscout24.net/listing-images/b5d2a2c9-02d0-46df-9964-a78505bd1570_ca4c6361-d4de-4de5-a006-f7a1c7a470fa.jpg/250x188.webp https://prod.pictures.autoscout24.net/listing-images/b5d2a2c9-02d0-46df-9964-a78505bd1570_c7104b57-83bf-4d70-975e-c60d382446e6.jpg/250x188.webp https://prod.pictures.autoscout24.net/listing-images/b5d2a2c9-02d0-46df-9964-a78505bd1570_9a0ef7fe-8fe1-42c3-b364-4613f1800a03.jpg/250x188.webp https://prod.pictures.autoscout24.net/listing-images/b5d2a2c9-02d0-46df-9964-a78505bd1570_0aefbd3b-5f5d-4c3e-b698-66f82f13913e.jpg/250x188.webp https://prod.pictures.autoscout24.net/listing-images/b5d2a2c9-02d0-46df-9964-a78505bd1570_03535e6e-310b-491f-bca7-98a0fa987a26.jpg/250x188.webp https://prod.pictures.autoscout24.net/listing-images/b5d2a2c9-02d0-46df-9964-a78505bd1570_879f10eb-a41a-4027-af1c-31a5a947c67c.jpg/250x188.webp,59.738651260413086,5799
6b003566-47a5-40ce-a0a9-63cd4ea47493,Nissan,Micra,1.4i 16v Acenta,PrivateSeller,2899,b,129000,01-2006,1800,https://prod.pictures.autoscout24.net/listing-images/6b003566-47a5-40ce-a0a9-63cd4ea47493_0a6ac034-7a35-47cf-8ec5-9700d37e173b.jpg/250x188.webp https://prod.pictures.autoscout24.net/listing-images/6b003566-47a5-40ce-a0a9-63cd4ea47493_0b433668-67cf-42b2-9759-25b3a0883370.jpg/250x188.webp https://prod.pictures.autoscout24.net/listing-images/6b003566-47a5-40ce-a0a9-63cd4ea47493_9c552e76-a0e6-4709-8fc7-dd7036588bdc.jpg/250x188.webp https://prod.pictures.autoscout24.net/listing-images/6b003566-47a5-40ce-a0a9-63cd4ea47493_e18b6902-ea22-4d60-91fb-9f46d866876b.jpg/250x188.webp https://prod.pictures.autoscout24.net/listing-images/6b003566-47a5-40ce-a0a9-63cd4ea47493_8538fcdd-0008-4815-9d42-2b88873be0fb.jpg/250x188.webp https://prod.pictures.autoscout24.net/listing-images/6b003566-47a5-40ce-a0a9-63cd4ea47493_20cea38d-5cec-40bf-a4ae-6f8ca024a45d.jpg/250x188.webp https://prod.pictures.autoscout24.net/listing-images/6b003566-47a5-40ce-a0a9-63cd4ea47493_4658c1a5-01c7-4c6b-aca1-fcb17aa1cbdb.jpg/250x188.webp https://prod.pictures.autoscout24.net/listing-images/6b003566-47a5-40ce-a0a9-63cd4ea47493_c4b53b23-aaf8-4671-905b-6e5f3b69ad22.jpg/250x188.webp https://prod.pictures.autoscout24.net/listing-images/6b003566-47a5-40ce-a0a9-63cd4ea47493_a0e3b34b-7f32-41ff-a823-186abc22c53a.jpg/250x188.webp https://prod.pictures.autoscout24.net/listing-images/6b003566-47a5-40ce-a0a9-63cd4ea47493_d5797a37-166a-40b8-81ef-243e849fe081.jpg/250x188.webp https://prod.pictures.autoscout24.net/listing-images/6b003566-47a5-40ce-a0a9-63cd4ea47493_717bdc4a-8f13-495a-9fca-80aa00f4a825.jpg/250x188.webp https://prod.pictures.autoscout24.net/listing-images/6b003566-47a5-40ce-a0a9-63cd4ea47493_f83cda30-5e9c-420e-a6fa-188e7d5a7613.jpg/250x188.webp,60.05560122441548,6195
f32e5d71-94a4-4ec8-bb18-db761f242dad,Nissan,Micra,1.2i Acenta,Dealer,2900,b,168428,04-2008,8830,https://prod.pictures.autoscout24.net/listing-images/f32e5d71-94a4-4ec8-bb18-db761f242dad_fdac2c29-7576-4774-94d5-fbdc4aa1dbcc.jpg/250x188.webp https://prod.pictures.autoscout24.net/listing-images/f32e5d71-94a4-4ec8-bb18-db761f242dad_09ec74de-b034-42ab-a68b-8df805276a61.jpg/250x188.webp https://prod.pictures.autoscout24.net/listing-images/f32e5d71-94a4-4ec8-bb18-db761f242dad_060bd09a-8a9e-4a30-94ec-d58dc77ef174.jpg/250x188.webp https://prod.pictures.autoscout24.net/listing-images/f32e5d71-94a4-4ec8-bb18-db761f242dad_fe42baae-7b82-4aaf-a503-516ea465661a.jpg/250x188.webp https://prod.pictures.autoscout24.net/listing-images/f32e5d71-94a4-4ec8-bb18-db761f242dad_b506c4f2-8917-4f0b-9bba-5c3b8efbcb97.jpg/250x188.webp https://prod.pictures.autoscout24.net/listing-images/f32e5d71-94a4-4ec8-bb18-db761f242dad_8b421579-61c0-40ba-84f0-179d3a2637d2.jpg/250x188.webp https://prod.pictures.autoscout24.net/listing-images/f32e5d71-94a4-4ec8-bb18-db761f242dad_2ee418c7-60da-4b95-b27b-8e1c70d73547.jpg/250x188.webp https://prod.pictures.autoscout24.net/listing-images/f32e5d71-94a4-4ec8-bb18-db761f242dad_5fca7c01-af6d-4fad-8edc-2b98fe1c51ec.jpg/250x188.webp https://prod.pictures.autoscout24.net/listing-images/f32e5d71-94a4-4ec8-bb18-db761f242dad_00414d2d-da13-45cc-be64-e3be688f5f90.jpg/250x188.webp https://prod.pictures.autoscout24.net/listing-images/f32e5d71-94a4-4ec8-bb18-db761f242dad_7473542f-0d6c-4047-95cf-79597da31dd1.jpg/250x188.webp https://prod.pictures.autoscout24.net/listing-images/f32e5d71-94a4-4ec8-bb18-db761f242dad_7557cc03-bc12-427e-b5bc-86019693799f.jpg/250x188.webp https://prod.pictures.autoscout24.net/listing-images/f32e5d71-94a4-4ec8-bb18-db761f242dad_ac8aadf4-2dd3-4617-bc71-cf6623708813.jpg/250x188.webp https://prod.pictures.autoscout24.net/listing-images/f32e5d71-94a4-4ec8-bb18-db761f242dad_01beae7a-9533-4829-86a0-00a3b7a1b4fa.jpg/250x188.webp https://prod.pictures.autoscout24.net/listing-images/f32e5d71-94a4-4ec8-bb18-db761f242dad_d94cb7ef-495c-4c40-b097-bc6361d6c996.jpg/250x188.webp https://prod.pictures.autoscout24.net/listing-images/f32e5d71-94a4-4ec8-bb18-db761f242dad_abe7718c-48bb-42d1-b036-30f45f3811d3.jpg/250x188.webp,110.14495439154433,5374
aca94624-7d93-4711-b3be-51adf7a59300,Nissan,X-Trail,2.2 Turbo Di 16v,Dealer,2950,d,230537,05-2003,1601,https://prod.pictures.autoscout24.net/listing-images/aca94624-7d93-4711-b3be-51adf7a59300_a6b9c8ec-bb71-4c9a-8399-71f0b7611aa3.jpg/250x188.webp https://prod.pictures.autoscout24.net/listing-images/aca94624-7d93-4711-b3be-51adf7a59300_0453ed7b-e034-4fde-96eb-80cc3aca2c09.jpg/250x188.webp https://prod.pictures.autoscout24.net/listing-images/aca94624-7d93-4711-b3be-51adf7a59300_d4d76a13-76e3-4d75-b5fe-0573c871799e.jpg/250x188.webp https://prod.pictures.autoscout24.net/listing-images/aca94624-7d93-4711-b3be-51adf7a59300_e76a8e85-7bab-4a2b-9289-146cec79c967.jpg/250x188.webp https://prod.pictures.autoscout24.net/listing-images/aca94624-7d93-4711-b3be-51adf7a59300_5e0a57dd-1b07-40f9-950b-abcc1a297883.jpg/250x188.webp https://prod.pictures.autoscout24.net/listing-images/aca94624-7d93-4711-b3be-51adf7a59300_725fe543-d366-49f9-bca1-964ad5f5b574.jpg/250x188.webp https://prod.pictures.autoscout24.net/listing-images/aca94624-7d93-4711-b3be-51adf7a59300_61af0bb1-b489-461f-962c-0247cded0c92.jpg/250x188.webp https://prod.pictures.autoscout24.net/listing-images/aca94624-7d93-4711-b3be-51adf7a59300_f6ecb829-711e-4dda-a750-ddaee3e2608a.jpg/250x188.webp https://prod.pictures.autoscout24.net/listing-images/aca94624-7d93-4711-b3be-51adf7a59300_99f21d09-6706-4698-a408-be2ae066a074.jpg/250x188.webp,76.3100421089918,7171
0e143239-6f8c-4d14-a6c3-34b2eb96c86e,Nissan,X-Trail,2.0i 16v Elegance,Dealer,2950,b,129361,07-2004,1080,https://prod.pictures.autoscout24.net/listing-images/0e143239-6f8c-4d14-a6c3-34b2eb96c86e_15c88430-cbdd-4b90-ad35-06812e080a02.jpg/250x188.webp https://prod.pictures.autoscout24.net/listing-images/0e143239-6f8c-4d14-a6c3-34b2eb96c86e_8f993f61-b3f2-4bb1-8674-e6a0636cd032.jpg/250x188.webp https://prod.pictures.autoscout24.net/listing-images/0e143239-6f8c-4d14-a6c3-34b2eb96c86e_b58bcab4-5117-4b53-a735-eb04507863d5.jpg/250x188.webp https://prod.pictures.autoscout24.net/listing-images/0e143239-6f8c-4d14-a6c3-34b2eb96c86e_a4b6969a-6359-4cd0-b232-416727de8bed.jpg/250x188.webp https://prod.pictures.autoscout24.net/listing-images/0e143239-6f8c-4d14-a6c3-34b2eb96c86e_b69d1a57-3ef4-443b-91a7-e29911668aad.jpg/250x188.webp https://prod.pictures.autoscout24.net/listing-images/0e143239-6f8c-4d14-a6c3-34b2eb96c86e_ef0dba24-a828-4a87-8bdd-d6cf8712facb.jpg/250x188.webp https://prod.pictures.autoscout24.net/listing-images/0e143239-6f8c-4d14-a6c3-34b2eb96c86e_3d959276-f1fd-47f7-9a09-bed47abae535.jpg/250x188.webp https://prod.pictures.autoscout24.net/listing-images/0e143239-6f8c-4d14-a6c3-34b2eb96c86e_f9137386-5f96-4195-b00f-6ce86ac05d44.jpg/250x188.webp,69.57979227671277,6744
574c8def-9bde-4414-9647-49bcc81bb2da,Nissan,Almera,Gx,PrivateSeller,2950,b,50500,02-1999,4100,https://prod.pictures.autoscout24.net/listing-images/574c8def-9bde-4414-9647-49bcc81bb2da_e9b569f9-cb7f-494f-ad1f-d4c958ca5a57.jpg/250x188.webp https://prod.pictures.autoscout24.net/listing-images/574c8def-9bde-4414-9647-49bcc81bb2da_ed638abd-2a01-4fe8-81fd-97c21eb55ac9.jpg/250x188.webp https://prod.pictures.autoscout24.net/listing-images/574c8def-9bde-4414-9647-49bcc81bb2da_89180036-3e34-4389-9de2-0bf77839314f.jpg/250x188.webp https://prod.pictures.autoscout24.net/listing-images/574c8def-9bde-4414-9647-49bcc81bb2da_01e8f6ae-ea0a-4cf5-87b7-e8c50c8d72ed.jpg/250x188.webp https://prod.pictures.autoscout24.net/listing-images/574c8def-9bde-4414-9647-49bcc81bb2da_cc1d0b17-0cb0-47ad-9b38-1c5b48d5c3dd.jpg/250x188.webp https://prod.pictures.autoscout24.net/listing-images/574c8def-9bde-4414-9647-49bcc81bb2da_9ed34ce5-3cee-46d4-87de-02330efd18a6.jpg/250x188.webp https://prod.pictures.autoscout24.net/listing-images/574c8def-9bde-4414-9647-49bcc81bb2da_847957c6-8125-41c2-9a44-f0eed1079d31.jpg/250x188.webp https://prod.pictures.autoscout24.net/listing-images/574c8def-9bde-4414-9647-49bcc81bb2da_8c9350ac-075a-426b-9255-09287595e3e9.jpg/250x188.webp https://prod.pictures.autoscout24.net/listing-images/574c8def-9bde-4414-9647-49bcc81bb2da_1567be1a-7570-4e6c-9cea-fe62c376b9a4.jpg/250x188.webp https://prod.pictures.autoscout24.net/listing-images/574c8def-9bde-4414-9647-49bcc81bb2da_842b4ed6-6c34-4225-8c0a-429c129ad5af.jpg/250x188.webp https://prod.pictures.autoscout24.net/listing-images/574c8def-9bde-4414-9647-49bcc81bb2da_169138f2-edcc-40b2-baa1-72a27f43eb5f.jpg/250x188.webp https://prod.pictures.autoscout24.net/listing-images/574c8def-9bde-4414-9647-49bcc81bb2da_6b03a4e9-4c42-4aa9-b85b-ce48bdcbe6bd.jpg/250x188.webp https://prod.pictures.autoscout24.net/listing-images/574c8def-9bde-4414-9647-49bcc81bb2da_0ba9dcab-5cf4-419e-bd38-a21b007dcf3c.jpg/250x188.webp https://prod.pictures.autoscout24.net/listing-images/574c8def-9bde-4414-9647-49bcc81bb2da_90f9335a-6dc4-4371-b4a7-f72b6327b911.jpg/250x188.webp https://prod.pictures.autoscout24.net/listing-images/574c8def-9bde-4414-9647-49bcc81bb2da_dc2a0abe-eae0-4db7-b59d-17a31bbcd360.jpg/250x188.webp https://prod.pictures.autoscout24.net/listing-images/574c8def-9bde-4414-9647-49bcc81bb2da_7bd6efbb-2fac-49dc-80dd-dcb03e846327.jpg/250x188.webp https://prod.pictures.autoscout24.net/listing-images/574c8def-9bde-4414-9647-49bcc81bb2da_884ae3d1-435f-42af-993f-a30167ede989.jpg/250x188.webp https://prod.pictures.autoscout24.net/listing-images/574c8def-9bde-4414-9647-49bcc81bb2da_4999c54a-e128-49fc-9f54-83b9c731a439.jpg/250x188.webp https://prod.pictures.autoscout24.net/listing-images/574c8def-9bde-4414-9647-49bcc81bb2da_9396c84f-a1e7-4f03-8ad8-07675977a958.jpg/250x188.webp https://prod.pictures.autoscout24.net/listing-images/574c8def-9bde-4414-9647-49bcc81bb2da_2610fe4b-5d25-46fb-b363-c50c96bd0707.jpg/250x188.webp,122.70999344916741,8721
fa462f21-284b-4d4c-99e9-cae2a2d4bfe7,Nissan,Almera,1.5i 16v Acenta A/C,PrivateSeller,2990,b,165000,01-2005,4800,https://prod.pictures.autoscout24.net/listing-images/fa462f21-284b-4d4c-99e9-cae2a2d4bfe7_a39213ca-4365-488d-9104-cfde0af1a054.jpg/250x188.webp https://prod.pictures.autoscout24.net/listing-images/fa462f21-284b-4d4c-99e9-cae2a2d4bfe7_760784e9-7ce1-4016-882f-26041a03bea3.jpg/250x188.webp https://prod.pictures.autoscout24.net/listing-images/fa462f21-284b-4d4c-99e9-cae2a2d4bfe7_e4d6661a-183e-437f-819d-32b96c6e9cf0.jpg/250x188.webp https://prod.pictures.autoscout24.net/listing-images/fa462f21-284b-4d4c-99e9-cae2a2d4bfe7_0d7071b5-9b0c-4b7d-a406-3474c42ed364.jpg/250x188.webp https://prod.pictures.autoscout24.net/listing-images/fa462f21-284b-4d4c-99e9-cae2a2d4bfe7_5641090f-b20e-4159-8d5d-86ea8febfc80.jpg/250x188.webp https://prod.pictures.autoscout24.net/listing-images/fa462f21-284b-4d4c-99e9-cae2a2d4bfe7_a68e3124-f605-4d34-8298-fea52fc95d79.jpg/250x188.webp https://prod.pictures.autoscout24.net/listing-images/fa462f21-284b-4d4c-99e9-cae2a2d4bfe7_be0c1976-34fc-4674-8ec9-a196e93e5afa.jpg/250x188.webp https://prod.pictures.autoscout24.net/listing-images/fa462f21-284b-4d4c-99e9-cae2a2d4bfe7_5bbc1a7e-f910-4d14-8aac-be7e50953d04.jpg/250x188.webp https://prod.pictures.autoscout24.net/listing-images/fa462f21-284b-4d4c-99e9-cae2a2d4bfe7_e2f4c733-3f99-407a-8f07-4964f662bed3.jpg/250x188.webp https://prod.pictures.autoscout24.net/listing-images/fa462f21-284b-4d4c-99e9-cae2a2d4bfe7_e3ba51f5-ae68-407f-b9fe-c1dabec3d687.jpg/250x188.webp https://prod.pictures.autoscout24.net/listing-images/fa462f21-284b-4d4c-99e9-cae2a2d4bfe7_7e5270b9-aa93-4ae2-85ce-15e3b5ae6d29.jpg/250x188.webp https://prod.pictures.autoscout24.net/listing-images/fa462f21-284b-4d4c-99e9-cae2a2d4bfe7_770429d8-6428-4750-a0e9-2957d8c9c562.jpg/250x188.webp https://prod.pictures.autoscout24.net/listing-images/fa462f21-284b-4d4c-99e9-cae2a2d4bfe7_39909e6c-9d83-4359-b7b0-712b32d8f650.jpg/250x188.webp https://prod.pictures.autoscout24.net/listing-images/fa462f21-284b-4d4c-99e9-cae2a2d4bfe7_eb150c71-12a0-462f-8906-3cec94ad6610.jpg/250x188.webp https://prod.pictures.autoscout24.net/listing-images/fa462f21-284b-4d4c-99e9-cae2a2d4bfe7_efae83aa-bacf-4dff-9b42-1f24d5b4b20d.jpg/250x188.webp,137.3735948615729,6560
66893c27-c169-4ba3-bc26-feda3a61d1f7,Nissan,Cabstar,Diesel,Dealer,2990,d,188000,06-1993,1420,https://prod.pictures.autoscout24.net/listing-images/66893c27-c169-4ba3-bc26-feda3a61d1f7_cd23ec46-4a1c-4894-8db4-5645c61bc429.jpg/250x188.webp https://prod.pictures.autoscout24.net/listing-images/66893c27-c169-4ba3-bc26-feda3a61d1f7_f5272090-47d6-4177-bb86-92522f1ba483.jpg/250x188.webp https://prod.pictures.autoscout24.net/listing-images/66893c27-c169-4ba3-bc26-feda3a61d1f7_0e3c0ea1-478f-4884-b5bc-fee50010dd5d.jpg/250x188.webp https://prod.pictures.autoscout24.net/listing-images/66893c27-c169-4ba3-bc26-feda3a61d1f7_9fa95b41-8613-4af7-a63d-095d221e9954.jpg/250x188.webp https://prod.pictures.autoscout24.net/listing-images/66893c27-c169-4ba3-bc26-feda3a61d1f7_f9ebc397-2805-4355-b79c-b45d183dafe5.jpg/250x188.webp https://prod.pictures.autoscout24.net/listing-images/66893c27-c169-4ba3-bc26-feda3a61d1f7_cde6a1e2-d93d-400f-97ad-92f598c1cb93.jpg/250x188.webp https://prod.pictures.autoscout24.net/listing-images/66893c27-c169-4ba3-bc26-feda3a61d1f7_c318aaa7-fb76-4d6c-94be-1ff6f7d4cab5.jpg/250x188.webp,87.49639779077864,10792
28f68187-fa4e-40aa-bc2b-cc5aab7e341a,Nissan,Micra,1.2i 16v Visia,Dealer,2999,b,108000,11-2006,1930,https://prod.pictures.autoscout24.net/listing-images/28f68187-fa4e-40aa-bc2b-cc5aab7e341a_a55be464-b381-40eb-aa3f-4e60e760bb27.jpg/250x188.webp https://prod.pictures.autoscout24.net/listing-images/28f68187-fa4e-40aa-bc2b-cc5aab7e341a_5d6c47d5-fbff-413d-95d1-a044dfea2da1.jpg/250x188.webp https://prod.pictures.autoscout24.net/listing-images/28f68187-fa4e-40aa-bc2b-cc5aab7e341a_9b54829b-9407-47de-9e37-ebe608a49866.jpg/250x188.webp https://prod.pictures.autoscout24.net/listing-images/28f68187-fa4e-40aa-bc2b-cc5aab7e341a_8db3cf73-4e75-4c4d-b08d-80aad2f3b4b7.jpg/250x188.webp https://prod.pictures.autoscout24.net/listing-images/28f68187-fa4e-40aa-bc2b-cc5aab7e341a_870effd8-0414-4c7c-8c49-34f28f0b9cbd.jpg/250x188.webp https://prod.pictures.autoscout24.net/listing-images/28f68187-fa4e-40aa-bc2b-cc5aab7e341a_3fdcd144-c313-4eca-b8aa-c5b73517f8d3.jpg/250x188.webp https://prod.pictures.autoscout24.net/listing-images/28f68187-fa4e-40aa-bc2b-cc5aab7e341a_297c9bd9-0598-468b-98a3-c6265290b579.jpg/250x188.webp https://prod.pictures.autoscout24.net/listing-images/28f68187-fa4e-40aa-bc2b-cc5aab7e341a_b33ec2aa-e76a-4392-83fc-2d3b133f05ae.jpg/250x188.webp https://prod.pictures.autoscout24.net/listing-images/28f68187-fa4e-40aa-bc2b-cc5aab7e341a_68a81be6-def8-4a25-90c7-6b776acf4720.jpg/250x188.webp https://prod.pictures.autoscout24.net/listing-images/28f68187-fa4e-40aa-bc2b-cc5aab7e341a_ff98c73b-7fec-4b97-a0e6-d32fed74007e.jpg/250x188.webp,65.18883147641638,5891
5ba85883-fba7-4aa2-b2ad-15928402f921,Nissan,Micra,1.2i,Dealer,2999,b,80000,09-2013,1400,https://prod.pictures.autoscout24.net/listing-images/5ba85883-fba7-4aa2-b2ad-15928402f921_b2ccf726-cb78-496e-b0f9-ef73ef498cad.jpg/250x188.webp https://prod.pictures.autoscout24.net/listing-images/5ba85883-fba7-4aa2-b2ad-15928402f921_3440c780-9fea-4fb1-9b25-681e588a63d8.jpg/250x188.webp https://prod.pictures.autoscout24.net/listing-images/5ba85883-fba7-4aa2-b2ad-15928402f921_7f89e999-1f21-4c9e-be35-6bcad64da3df.jpg/250x188.webp https://prod.pictures.autoscout24.net/listing-images/5ba85883-fba7-4aa2-b2ad-15928402f921_c2777f2f-49b3-4f32-b118-ba51303a02b2.jpg/250x188.webp https://prod.pictures.autoscout24.net/listing-images/5ba85883-fba7-4aa2-b2ad-15928402f921_7d1d2618-5cd5-42af-a9ec-e331f58dab86.jpg/250x188.webp https://prod.pictures.autoscout24.net/listing-images/5ba85883-fba7-4aa2-b2ad-15928402f921_9a43fcbb-d505-4c0c-9d8d-3bc1d9509562.jpg/250x188.webp https://prod.pictures.autoscout24.net/listing-images/5ba85883-fba7-4aa2-b2ad-15928402f921_d9a18f62-b2c9-4e22-9fbb-0f0fa349766d.jpg/250x188.webp https://prod.pictures.autoscout24.net/listing-images/5ba85883-fba7-4aa2-b2ad-15928402f921_ca932668-7fd3-46af-8961-978f0f8895c6.jpg/250x188.webp https://prod.pictures.autoscout24.net/listing-images/5ba85883-fba7-4aa2-b2ad-15928402f921_39b4b844-249e-46d4-8f6c-1be927162869.jpg/250x188.webp https://prod.pictures.autoscout24.net/listing-images/5ba85883-fba7-4aa2-b2ad-15928402f921_4ee290b0-114a-4166-a676-f484ade470d0.jpg/250x188.webp https://prod.pictures.autoscout24.net/listing-images/5ba85883-fba7-4aa2-b2ad-15928402f921_abbb5060-a70e-40c4-822c-963655c5f39e.jpg/250x188.webp https://prod.pictures.autoscout24.net/listing-images/5ba85883-fba7-4aa2-b2ad-15928402f921_6597dc0e-a019-447e-b819-c8ab47731a6f.jpg/250x188.webp https://prod.pictures.autoscout24.net/listing-images/5ba85883-fba7-4aa2-b2ad-15928402f921_9ee19c05-1ece-49b8-b2b1-e6565b8c1f6d.jpg/250x188.webp https://prod.pictures.autoscout24.net/listing-images/5ba85883-fba7-4aa2-b2ad-15928402f921_a5856f19-45ec-4faf-91c9-547dfdeb5056.jpg/250x188.webp https://prod.pictures.autoscout24.net/listing-images/5ba85883-fba7-4aa2-b2ad-15928402f921_04713435-f059-4857-aaa9-8bb6f42b056a.jpg/250x188.webp https://prod.pictures.autoscout24.net/listing-images/5ba85883-fba7-4aa2-b2ad-15928402f921_af305502-b280-4529-9062-91b902e5c021.jpg/250x188.webp,97.35176357549375,3395
8cd3de84-13a2-4472-9fb0-5ea9de54ba55,Nissan,Pathfinder,2.5 dCi 16v !!!!NOT STARTING!!!!,Dealer,2999,d,231000,12-2005,1400,https://prod.pictures.autoscout24.net/listing-images/8cd3de84-13a2-4472-9fb0-5ea9de54ba55_06573fc7-4a42-4798-8ff8-6ce8244ad8c6.jpg/250x188.webp https://prod.pictures.autoscout24.net/listing-images/8cd3de84-13a2-4472-9fb0-5ea9de54ba55_260ccb62-807d-4fcf-b73e-064eb6b7db0f.jpg/250x188.webp https://prod.pictures.autoscout24.net/listing-images/8cd3de84-13a2-4472-9fb0-5ea9de54ba55_15f5de18-9671-4e0c-a492-9ab108188e5c.jpg/250x188.webp https://prod.pictures.autoscout24.net/listing-images/8cd3de84-13a2-4472-9fb0-5ea9de54ba55_2cf80d26-4c85-4f8b-8259-bad4ddf74ac8.jpg/250x188.webp https://prod.pictures.autoscout24.net/listing-images/8cd3de84-13a2-4472-9fb0-5ea9de54ba55_3e9156a8-bfce-4349-b547-df207873b617.jpg/250x188.webp https://prod.pictures.autoscout24.net/listing-images/8cd3de84-13a2-4472-9fb0-5ea9de54ba55_355b4bbf-b2d1-41cb-8fe8-cecfaa31313f.jpg/250x188.webp https://prod.pictures.autoscout24.net/listing-images/8cd3de84-13a2-4472-9fb0-5ea9de54ba55_5d6a1e3c-160f-47e9-a0d9-0bf95929abe2.jpg/250x188.webp https://prod.pictures.autoscout24.net/listing-images/8cd3de84-13a2-4472-9fb0-5ea9de54ba55_c3299d81-4964-412b-9734-4000c26cfdaa.jpg/250x188.webp https://prod.pictures.autoscout24.net/listing-images/8cd3de84-13a2-4472-9fb0-5ea9de54ba55_cae55461-663d-410c-bdac-279611e860b0.jpg/250x188.webp https://prod.pictures.autoscout24.net/listing-images/8cd3de84-13a2-4472-9fb0-5ea9de54ba55_f05baee2-8b36-45d8-8fd8-cf2d9803a287.jpg/250x188.webp https://prod.pictures.autoscout24.net/listing-images/8cd3de84-13a2-4472-9fb0-5ea9de54ba55_97cb85a4-195b-486b-bf4e-eb3d2dd02a89.jpg/250x188.webp https://prod.pictures.autoscout24.net/listing-images/8cd3de84-13a2-4472-9fb0-5ea9de54ba55_ef96ae14-7625-4ddb-9619-0e324cbabeb6.jpg/250x188.webp https://prod.pictures.autoscout24.net/listing-images/8cd3de84-13a2-4472-9fb0-5ea9de54ba55_ea61bc41-f200-4aad-82db-9df9879516e8.jpg/250x188.webp https://prod.pictures.autoscout24.net/listing-images/8cd3de84-13a2-4472-9fb0-5ea9de54ba55_34513877-7002-4bd7-b612-c4ae4fd6c5dc.jpg/250x188.webp https://prod.pictures.autoscout24.net/listing-images/8cd3de84-13a2-4472-9fb0-5ea9de54ba55_a18b5bd8-0d3e-4b0a-95ac-003bac96c651.jpg/250x188.webp,97.35176357549375,6226
dca203f7-27e3-4962-9365-9bc2ce23667a,Nissan,Pixo,1.0i Acenta+AC,PrivateSeller,3000,b,100000,11-2010,1020,https://prod.pictures.autoscout24.net/listing-images/dca203f7-27e3-4962-9365-9bc2ce23667a_6a9dbee3-0296-4233-be69-7a269026f06e.jpg/250x188.webp https://prod.pictures.autoscout24.net/listing-images/dca203f7-27e3-4962-9365-9bc2ce23667a_80216364-aade-4501-8dbd-b2624ab98d10.jpg/250x188.webp https://prod.pictures.autoscout24.net/listing-images/dca203f7-27e3-4962-9365-9bc2ce23667a_2c9493b6-6771-44ef-ba21-db8e655e588a.jpg/250x188.webp https://prod.pictures.autoscout24.net/listing-images/dca203f7-27e3-4962-9365-9bc2ce23667a_520ad543-3a01-418e-99af-cb364c1f22db.jpg/250x188.webp https://prod.pictures.autoscout24.net/listing-images/dca203f7-27e3-4962-9365-9bc2ce23667a_9174bd71-2371-4e94-8cde-6a87cc4d4b90.jpg/250x188.webp https://prod.pictures.autoscout24.net/listing-images/dca203f7-27e3-4962-9365-9bc2ce23667a_0d2cac99-94bc-4890-82ec-1825679df38d.jpg/250x188.webp https://prod.pictures.autoscout24.net/listing-images/dca203f7-27e3-4962-9365-9bc2ce23667a_648e00aa-968c-449b-bf3e-4c7262e40811.jpg/250x188.webp,66.36225311284039,4430
20f0c5dc-c78b-4357-8267-2dad7df3c9e7,Nissan,Primera,1.9 Turbo dCi Acenta,PrivateSeller,3000,d,206000,06-2005,4671,https://prod.pictures.autoscout24.net/listing-images/20f0c5dc-c78b-4357-8267-2dad7df3c9e7_3269ec82-c69c-47ad-80e6-b47a66465e52.jpg/250x188.webp https://prod.pictures.autoscout24.net/listing-images/20f0c5dc-c78b-4357-8267-2dad7df3c9e7_55876e4f-eef6-49f0-978d-5ac28e728551.jpg/250x188.webp https://prod.pictures.autoscout24.net/listing-images/20f0c5dc-c78b-4357-8267-2dad7df3c9e7_fd86bdd3-bca9-437e-8b7c-e8fb56a00f1a.jpg/250x188.webp https://prod.pictures.autoscout24.net/listing-images/20f0c5dc-c78b-4357-8267-2dad7df3c9e7_c50153ea-f821-4746-8c85-e0c343638d31.jpg/250x188.webp https://prod.pictures.autoscout24.net/listing-images/20f0c5dc-c78b-4357-8267-2dad7df3c9e7_b1cf5268-0b2d-45b4-863e-046de38724f2.jpg/250x188.webp https://prod.pictures.autoscout24.net/listing-images/20f0c5dc-c78b-4357-8267-2dad7df3c9e7_d8b5af37-b74a-4bec-a26d-40fb8255851e.jpg/250x188.webp https://prod.pictures.autoscout24.net/listing-images/20f0c5dc-c78b-4357-8267-2dad7df3c9e7_33eacab8-384d-4c80-a8dc-17f5c802fd40.jpg/250x188.webp https://prod.pictures.autoscout24.net/listing-images/20f0c5dc-c78b-4357-8267-2dad7df3c9e7_219b4204-1cd3-4ba0-95b0-df64ee3a9ec7.jpg/250x188.webp https://prod.pictures.autoscout24.net/listing-images/20f0c5dc-c78b-4357-8267-2dad7df3c9e7_98119bbd-219d-4be0-9632-dc8899ff6d82.jpg/250x188.webp,124.54964130122502,6409
92b03ac7-fb1a-46a3-8cc2-89b24275e976,Nissan,Serena,1.6i LX 8pl.,PrivateSeller,3000,b,143000,02-2000,1080,https://prod.pictures.autoscout24.net/listing-images/92b03ac7-fb1a-46a3-8cc2-89b24275e976_2749d946-ed79-498c-bc50-ec2e5131b6f8.jpg/250x188.webp https://prod.pictures.autoscout24.net/listing-images/92b03ac7-fb1a-46a3-8cc2-89b24275e976_e811d729-699e-4cc3-bc88-ef824aaf6524.jpg/250x188.webp https://prod.pictures.autoscout24.net/listing-images/92b03ac7-fb1a-46a3-8cc2-89b24275e976_5fe79caa-96fa-445c-a55b-f8b264adda59.jpg/250x188.webp https://prod.pictures.autoscout24.net/listing-images/92b03ac7-fb1a-46a3-8cc2-89b24275e976_1c300121-0dfb-47bc-8b5d-1fc23844ca17.jpg/250x188.webp https://prod.pictures.autoscout24.net/listing-images/92b03ac7-fb1a-46a3-8cc2-89b24275e976_bf97e5d5-9f88-4ff1-88e9-67e7984b87f4.jpg/250x188.webp https://prod.pictures.autoscout24.net/listing-images/92b03ac7-fb1a-46a3-8cc2-89b24275e976_ab77f2c2-6a5d-48f2-861e-0794d3980322.jpg/250x188.webp https://prod.pictures.autoscout24.net/listing-images/92b03ac7-fb1a-46a3-8cc2-89b24275e976_614ac7f7-e672-4621-ac51-6eed5ce2cbb4.jpg/250x188.webp https://prod.pictures.autoscout24.net/listing-images/92b03ac7-fb1a-46a3-8cc2-89b24275e976_1f9ed14e-5d54-483b-95dc-5656dbe2bc0e.jpg/250x188.webp,69.57979227671277,8356
5261f99e-fb1f-4592-b011-cb1b2dbe3523,Nissan,Micra,1.0i 16v Visia,PrivateSeller,3000,b,104256,05-2005,4820,https://prod.pictures.autoscout24.net/listing-images/5261f99e-fb1f-4592-b011-cb1b2dbe3523_615b56f1-81e1-4d20-b490-ec1cd00fd79f.jpg/250x188.webp https://prod.pictures.autoscout24.net/listing-images/5261f99e-fb1f-4592-b011-cb1b2dbe3523_f02c217f-b73c-41ff-bb24-e0a33a79d160.jpg/250x188.webp https://prod.pictures.autoscout24.net/listing-images/5261f99e-fb1f-4592-b011-cb1b2dbe3523_2fc7ae98-9d3b-4fb5-a94f-3ee89066788c.jpg/250x188.webp https://prod.pictures.autoscout24.net/listing-images/5261f99e-fb1f-4592-b011-cb1b2dbe3523_963144ef-f9fd-4bf6-9c7b-c28d9bec81f6.jpg/250x188.webp https://prod.pictures.autoscout24.net/listing-images/5261f99e-fb1f-4592-b011-cb1b2dbe3523_70fde6c3-e1f1-4be2-bb6c-0610e6757326.jpg/250x188.webp https://prod.pictures.autoscout24.net/listing-images/5261f99e-fb1f-4592-b011-cb1b2dbe3523_33716a76-aa37-4a8e-b39e-b6d2a0e17bb2.jpg/250x188.webp https://prod.pictures.autoscout24.net/listing-images/5261f99e-fb1f-4592-b011-cb1b2dbe3523_60a57e3f-7cde-4e8d-a359-eced846a0fde.jpg/250x188.webp https://prod.pictures.autoscout24.net/listing-images/5261f99e-fb1f-4592-b011-cb1b2dbe3523_a368fa78-e76d-46c0-873e-fce1d87535be.jpg/250x188.webp https://prod.pictures.autoscout24.net/listing-images/5261f99e-fb1f-4592-b011-cb1b2dbe3523_3fab4393-58f0-4480-9311-1dbd04f84137.jpg/250x188.webp https://prod.pictures.autoscout24.net/listing-images/5261f99e-fb1f-4592-b011-cb1b2dbe3523_12852524-6785-4d2d-9f8c-558f2b7ae4c8.jpg/250x188.webp https://prod.pictures.autoscout24.net/listing-images/5261f99e-fb1f-4592-b011-cb1b2dbe3523_508a8ffc-3b1a-4688-8d2e-a46c224f63b0.jpg/250x188.webp https://prod.pictures.autoscout24.net/listing-images/5261f99e-fb1f-4592-b011-cb1b2dbe3523_710a1822-cbf3-4e41-bcb4-72676067b62f.jpg/250x188.webp,135.89752060472813,6440
96d930eb-b5ff-46d9-927b-745e56fecabf,Nissan,Pixo,1.0i Acenta,PrivateSeller,3100,b,160000,12-2011,1000,https://prod.pictures.autoscout24.net/listing-images/96d930eb-b5ff-46d9-927b-745e56fecabf_9a78668a-853f-42ba-8b94-18d538ce0571.jpg/250x188.webp https://prod.pictures.autoscout24.net/listing-images/96d930eb-b5ff-46d9-927b-745e56fecabf_e232ada9-8580-42d6-bf6d-1610931b8c49.jpg/250x188.webp https://prod.pictures.autoscout24.net/listing-images/96d930eb-b5ff-46d9-927b-745e56fecabf_310abf79-7466-419e-bf36-6557430d8075.jpg/250x188.webp https://prod.pictures.autoscout24.net/listing-images/96d930eb-b5ff-46d9-927b-745e56fecabf_51c6f140-e868-4ff8-bfaa-eaf69e962895.jpg/250x188.webp https://prod.pictures.autoscout24.net/listing-images/96d930eb-b5ff-46d9-927b-745e56fecabf_31300251-4af1-48e6-8ad7-1d9be7378dd4.jpg/250x188.webp https://prod.pictures.autoscout24.net/listing-images/96d930eb-b5ff-46d9-927b-745e56fecabf_46cb4592-1636-40de-a513-276db79bd552.jpg/250x188.webp,69.17270624549755,4035
948769ff-ad10-44be-b1d6-0e801e4ffb56,Nissan,Murano,3.5i V6 24v. Voiture Hollandaise Prix Export,Dealer,3100,b,238000,05-2005,1080,https://prod.pictures.autoscout24.net/listing-images/948769ff-ad10-44be-b1d6-0e801e4ffb56_0924a2c2-52ab-4d11-ab78-49a654c4f329.jpg/250x188.webp https://prod.pictures.autoscout24.net/listing-images/948769ff-ad10-44be-b1d6-0e801e4ffb56_cc15594b-97b7-417a-a319-fbbfa50eb275.jpg/250x188.webp https://prod.pictures.autoscout24.net/listing-images/948769ff-ad10-44be-b1d6-0e801e4ffb56_51a6ab36-3d20-40a2-ade0-fb23156d3974.jpg/250x188.webp https://prod.pictures.autoscout24.net/listing-images/948769ff-ad10-44be-b1d6-0e801e4ffb56_109e4ad6-c3c5-4b2e-b5f7-dd6cb06f31ba.jpg/250x188.webp https://prod.pictures.autoscout24.net/listing-images/948769ff-ad10-44be-b1d6-0e801e4ffb56_4569bb63-ed7b-4f31-95fe-1aad30b0e2bf.jpg/250x188.webp https://prod.pictures.autoscout24.net/listing-images/948769ff-ad10-44be-b1d6-0e801e4ffb56_dd9bbe3e-a248-4b5e-8502-67747239e47a.jpg/250x188.webp https://prod.pictures.autoscout24.net/listing-images/948769ff-ad10-44be-b1d6-0e801e4ffb56_603bf574-30a7-49c9-8410-16037a3622d6.jpg/250x188.webp https://prod.pictures.autoscout24.net/listing-images/948769ff-ad10-44be-b1d6-0e801e4ffb56_95b9f89e-dfc1-4776-a41d-388640bef4c0.jpg/250x188.webp https://prod.pictures.autoscout24.net/listing-images/948769ff-ad10-44be-b1d6-0e801e4ffb56_ff57962f-36de-4673-8bac-a7a93824289e.jpg/250x188.webp https://prod.pictures.autoscout24.net/listing-images/948769ff-ad10-44be-b1d6-0e801e4ffb56_ffd043e4-4808-42ba-a280-d783af955d5c.jpg/250x188.webp https://prod.pictures.autoscout24.net/listing-images/948769ff-ad10-44be-b1d6-0e801e4ffb56_0d3b76e1-0e5c-49a7-8104-1bc7eb7a5489.jpg/250x188.webp,69.57979227671277,6440
e6b6d505-5d00-4fdf-a885-fb2e87964705,Nissan,Murano,3.5i V6 24v. Voiture Hollandaise Prix Export,Dealer,3100,b,294000,05-2007,1080,https://prod.pictures.autoscout24.net/listing-images/e6b6d505-5d00-4fdf-a885-fb2e87964705_14265871-8e29-4f94-bd31-7b14283186dc.jpg/250x188.webp https://prod.pictures.autoscout24.net/listing-images/e6b6d505-5d00-4fdf-a885-fb2e87964705_d7423b14-05b6-4f42-afe6-398cb5db41ec.jpg/250x188.webp https://prod.pictures.autoscout24.net/listing-images/e6b6d505-5d00-4fdf-a885-fb2e87964705_459b5552-2ede-4297-9ad0-a0a464f75cd3.jpg/250x188.webp https://prod.pictures.autoscout24.net/listing-images/e6b6d505-5d00-4fdf-a885-fb2e87964705_910cb3e4-1fb8-48d6-86cd-a380e7fcbdff.jpg/250x188.webp https://prod.pictures.autoscout24.net/listing-images/e6b6d505-5d00-4fdf-a885-fb2e87964705_92b21472-5d6a-4c5f-9dd9-d881f323bc6f.jpg/250x188.webp https://prod.pictures.autoscout24.net/listing-images/e6b6d505-5d00-4fdf-a885-fb2e87964705_e85946ec-93c9-4a69-acaf-bb4b237b4c4b.jpg/250x188.webp https://prod.pictures.autoscout24.net/listing-images/e6b6d505-5d00-4fdf-a885-fb2e87964705_7ec80e51-8cee-4ae7-8146-b6928663939f.jpg/250x188.webp https://prod.pictures.autoscout24.net/listing-images/e6b6d505-5d00-4fdf-a885-fb2e87964705_60ff6a21-dfb8-43c1-a1a5-8bac332727eb.jpg/250x188.webp https://prod.pictures.autoscout24.net/listing-images/e6b6d505-5d00-4fdf-a885-fb2e87964705_16506fb3-0bbb-43b6-a2b8-bb8bfab4894f.jpg/250x188.webp https://prod.pictures.autoscout24.net/listing-images/e6b6d505-5d00-4fdf-a885-fb2e87964705_269fccec-f0e0-4785-9d22-2403265476a9.jpg/250x188.webp https://prod.pictures.autoscout24.net/listing-images/e6b6d505-5d00-4fdf-a885-fb2e87964705_47731b25-ea0c-4cb8-8625-c4f415b1dbee.jpg/250x188.webp https://prod.pictures.autoscout24.net/listing-images/e6b6d505-5d00-4fdf-a885-fb2e87964705_dd94374a-86bc-498d-b959-6055c89b44c4.jpg/250x188.webp,69.57979227671277,5710
3c981082-5840-4d8c-ad1f-30b72e8df19e,Nissan,Almera,1.5 dCi Acenta/AIRCO/,Dealer,3200,d,192000,04-2005,6061,https://prod.pictures.autoscout24.net/listing-images/3c981082-5840-4d8c-ad1f-30b72e8df19e_0c450908-b6ab-4423-8a71-5764954a7b8d.jpg/250x188.webp https://prod.pictures.autoscout24.net/listing-images/3c981082-5840-4d8c-ad1f-30b72e8df19e_712d70d4-827c-49a2-b249-4ee9005d919d.jpg/250x188.webp https://prod.pictures.autoscout24.net/listing-images/3c981082-5840-4d8c-ad1f-30b72e8df19e_d1172794-d991-4566-b645-9b90dac44d7d.jpg/250x188.webp https://prod.pictures.autoscout24.net/listing-images/3c981082-5840-4d8c-ad1f-30b72e8df19e_ca29f8c9-8bd4-4b38-92e6-6b0fc566572e.jpg/250x188.webp https://prod.pictures.autoscout24.net/listing-images/3c981082-5840-4d8c-ad1f-30b72e8df19e_51ffec9b-b0bd-4ede-8db0-d619929ecb76.jpg/250x188.webp https://prod.pictures.autoscout24.net/listing-images/3c981082-5840-4d8c-ad1f-30b72e8df19e_3b64b87c-367a-48a4-b418-82947b3f858b.jpg/250x188.webp https://prod.pictures.autoscout24.net/listing-images/3c981082-5840-4d8c-ad1f-30b72e8df19e_7d12314e-3bda-47cb-9ab7-bc9fe507ba3b.jpg/250x188.webp https://prod.pictures.autoscout24.net/listing-images/3c981082-5840-4d8c-ad1f-30b72e8df19e_7bd80f50-2897-46f6-ab29-966e8482b434.jpg/250x188.webp https://prod.pictures.autoscout24.net/listing-images/3c981082-5840-4d8c-ad1f-30b72e8df19e_59010af7-5905-412a-af45-300d48594cf7.jpg/250x188.webp https://prod.pictures.autoscout24.net/listing-images/3c981082-5840-4d8c-ad1f-30b72e8df19e_efabb5fb-452c-47d1-adca-3ff90ee1e204.jpg/250x188.webp https://prod.pictures.autoscout24.net/listing-images/3c981082-5840-4d8c-ad1f-30b72e8df19e_8b29e9ec-11b2-4b34-9717-527f1073cc46.jpg/250x188.webp https://prod.pictures.autoscout24.net/listing-images/3c981082-5840-4d8c-ad1f-30b72e8df19e_b6635e0d-5c6b-4880-aeec-8fdc0af647b8.jpg/250x188.webp https://prod.pictures.autoscout24.net/listing-images/3c981082-5840-4d8c-ad1f-30b72e8df19e_b3630092-0419-4c1d-af7c-d6970fc0ec46.jpg/250x188.webp https://prod.pictures.autoscout24.net/listing-images/3c981082-5840-4d8c-ad1f-30b72e8df19e_0784d112-efe7-4a03-936f-f25a1bfebb85.jpg/250x188.webp https://prod.pictures.autoscout24.net/listing-images/3c981082-5840-4d8c-ad1f-30b72e8df19e_bb19e637-40b3-4011-a9f8-8a753349e860.jpg/250x188.webp,117.55452099458994,6470
12156845-7054-4ce1-9640-b57b685dbc02,Nissan,X-Trail,2.2 dCi 16v Anniversary,Dealer,3200,d,200000,07-2007,1700,https://prod.pictures.autoscout24.net/listing-images/12156845-7054-4ce1-9640-b57b685dbc02_d79cc140-3cdd-4414-b4ae-994d7ffb1f13.jpg/250x188.webp https://prod.pictures.autoscout24.net/listing-images/12156845-7054-4ce1-9640-b57b685dbc02_4a38c1b1-cd3e-4d02-aded-99a086ecc8de.jpg/250x188.webp https://prod.pictures.autoscout24.net/listing-images/12156845-7054-4ce1-9640-b57b685dbc02_ad9d1cd8-1280-4e16-8124-6316ae1e6475.jpg/250x188.webp https://prod.pictures.autoscout24.net/listing-images/12156845-7054-4ce1-9640-b57b685dbc02_3804403a-b797-44c6-8746-4684e34d4866.jpg/250x188.webp https://prod.pictures.autoscout24.net/listing-images/12156845-7054-4ce1-9640-b57b685dbc02_40453698-9d0b-4b48-8622-9b88acd4c399.jpg/250x188.webp https://prod.pictures.autoscout24.net/listing-images/12156845-7054-4ce1-9640-b57b685dbc02_6c49b55f-7006-4536-a9e1-30c048a16cc0.jpg/250x188.webp https://prod.pictures.autoscout24.net/listing-images/12156845-7054-4ce1-9640-b57b685dbc02_294a6626-c8ee-418e-a170-1872385118d6.jpg/250x188.webp https://prod.pictures.autoscout24.net/listing-images/12156845-7054-4ce1-9640-b57b685dbc02_ca542c48-7142-42e3-a3b7-4bc89b652e6d.jpg/250x188.webp https://prod.pictures.autoscout24.net/listing-images/12156845-7054-4ce1-9640-b57b685dbc02_d070f25c-d06d-4be4-99c3-ccc5635288dd.jpg/250x188.webp https://prod.pictures.autoscout24.net/listing-images/12156845-7054-4ce1-9640-b57b685dbc02_643697da-6d78-42b0-920c-ce43e59c1075.jpg/250x188.webp https://prod.pictures.autoscout24.net/listing-images/12156845-7054-4ce1-9640-b57b685dbc02_a845386b-ba7b-459f-a1d6-be4e1092d4f2.jpg/250x188.webp https://prod.pictures.autoscout24.net/listing-images/12156845-7054-4ce1-9640-b57b685dbc02_fa22716e-a35f-4bdd-8c2b-ac295bfbb998.jpg/250x188.webp https://prod.pictures.autoscout24.net/listing-images/12156845-7054-4ce1-9640-b57b685dbc02_891585ef-969a-42de-8e8d-f398cadb03ee.jpg/250x188.webp https://prod.pictures.autoscout24.net/listing-images/12156845-7054-4ce1-9640-b57b685dbc02_98b1e35b-394b-4a9f-ab4e-94ee9dfa0b41.jpg/250x188.webp,70.90697373704198,5649
6b1fca92-b745-4e33-917c-2c26046df59e,Nissan,Micra,1.0,PrivateSeller,3200,b,109236,05-2005,8400,https://prod.pictures.autoscout24.net/listing-images/6b1fca92-b745-4e33-917c-2c26046df59e_5c79db29-86c8-45ab-aca3-a773040682cd.jpg/250x188.webp https://prod.pictures.autoscout24.net/listing-images/6b1fca92-b745-4e33-917c-2c26046df59e_7dabc12d-a244-4e4c-ab02-09336e3e5a2c.jpg/250x188.webp https://prod.pictures.autoscout24.net/listing-images/6b1fca92-b745-4e33-917c-2c26046df59e_0952d924-2415-489c-94ad-c849d9d53808.jpg/250x188.webp https://prod.pictures.autoscout24.net/listing-images/6b1fca92-b745-4e33-917c-2c26046df59e_a86c9653-a6a4-4ce5-a75f-37b1f470ffc4.jpg/250x188.webp https://prod.pictures.autoscout24.net/listing-images/6b1fca92-b745-4e33-917c-2c26046df59e_daf8a57a-a36c-4a93-acde-7474a9817a04.jpg/250x188.webp https://prod.pictures.autoscout24.net/listing-images/6b1fca92-b745-4e33-917c-2c26046df59e_20ec2fe2-e5be-421a-b596-7dc9726bc3bb.jpg/250x188.webp https://prod.pictures.autoscout24.net/listing-images/6b1fca92-b745-4e33-917c-2c26046df59e_4c661443-1b35-40b3-9e35-3b078a71e21c.jpg/250x188.webp https://prod.pictures.autoscout24.net/listing-images/6b1fca92-b745-4e33-917c-2c26046df59e_c11dc2d5-2bb5-4b76-a2a5-a782cae0d45d.jpg/250x188.webp https://prod.pictures.autoscout24.net/listing-images/6b1fca92-b745-4e33-917c-2c26046df59e_d3a09759-1837-4721-84aa-80d71d0c76cf.jpg/250x188.webp https://prod.pictures.autoscout24.net/listing-images/6b1fca92-b745-4e33-917c-2c26046df59e_4e798f19-eec4-4a7a-88e5-108ae03b9540.jpg/250x188.webp,110.03239888716801,6440
795a6ed5-522e-43b4-bc19-5b6b289b9bcb,Nissan,Micra,1.2i VISIA - CARNET COMPLET - NAVI,Dealer,3250,b,151476,04-2010,6031,https://prod.pictures.autoscout24.net/listing-images/795a6ed5-522e-43b4-bc19-5b6b289b9bcb_3bee12a5-5caa-4ffd-98c1-aebd57049f20.jpg/250x188.webp https://prod.pictures.autoscout24.net/listing-images/795a6ed5-522e-43b4-bc19-5b6b289b9bcb_5a4153f4-cf86-414f-975b-5d22d92ab302.jpg/250x188.webp https://prod.pictures.autoscout24.net/listing-images/795a6ed5-522e-43b4-bc19-5b6b289b9bcb_c4cbed88-516e-4101-9d85-066a62bb0043.jpg/250x188.webp https://prod.pictures.autoscout24.net/listing-images/795a6ed5-522e-43b4-bc19-5b6b289b9bcb_3651bf9b-e7ff-4f51-8e70-2761f1c6e345.jpg/250x188.webp https://prod.pictures.autoscout24.net/listing-images/795a6ed5-522e-43b4-bc19-5b6b289b9bcb_6e234f9b-4a1d-43bb-b977-a52c2f2f432c.jpg/250x188.webp https://prod.pictures.autoscout24.net/listing-images/795a6ed5-522e-43b4-bc19-5b6b289b9bcb_805ac4b9-88fc-43a5-8579-8f4f7d0c86f0.jpg/250x188.webp https://prod.pictures.autoscout24.net/listing-images/795a6ed5-522e-43b4-bc19-5b6b289b9bcb_d3efa85e-8cf4-47f2-a6ef-72698c6cff45.jpg/250x188.webp https://prod.pictures.autoscout24.net/listing-images/795a6ed5-522e-43b4-bc19-5b6b289b9bcb_2db4db63-394d-42db-a86b-f045d0f03d3d.jpg/250x188.webp https://prod.pictures.autoscout24.net/listing-images/795a6ed5-522e-43b4-bc19-5b6b289b9bcb_32fbde56-762f-4033-ab9c-a9cd329143b6.jpg/250x188.webp https://prod.pictures.autoscout24.net/listing-images/795a6ed5-522e-43b4-bc19-5b6b289b9bcb_8c048520-8867-4b8d-90aa-ff2bccd19a3b.jpg/250x188.webp https://prod.pictures.autoscout24.net/listing-images/795a6ed5-522e-43b4-bc19-5b6b289b9bcb_f3eec6ff-8f36-44f0-be3f-75d4acae4692.jpg/250x188.webp https://prod.pictures.autoscout24.net/listing-images/795a6ed5-522e-43b4-bc19-5b6b289b9bcb_8c566bb7-188a-4e70-af2d-6e0d5aa0c43f.jpg/250x188.webp https://prod.pictures.autoscout24.net/listing-images/795a6ed5-522e-43b4-bc19-5b6b289b9bcb_e288cd14-b18b-4f4d-a3a6-1bbfd0d4853a.jpg/250x188.webp https://prod.pictures.autoscout24.net/listing-images/795a6ed5-522e-43b4-bc19-5b6b289b9bcb_ae4fdd2f-3465-4dce-a166-98d2df271cee.jpg/250x188.webp https://prod.pictures.autoscout24.net/listing-images/795a6ed5-522e-43b4-bc19-5b6b289b9bcb_0456fb6d-2de8-4e0d-91e8-07e7c6721199.jpg/250x188.webp,117.04479587125066,4644
778a8ba3-8ab4-4b5b-9764-859025142147,Nissan,Pixo,,PrivateSeller,3250,b,140000,10-2009,2861,https://prod.pictures.autoscout24.net/listing-images/778a8ba3-8ab4-4b5b-9764-859025142147_53ca0665-0b8b-4929-9ff0-8651a0158fe5.jpg/250x188.webp https://prod.pictures.autoscout24.net/listing-images/778a8ba3-8ab4-4b5b-9764-859025142147_0582850c-3ec2-4de7-a7b7-01b36bb359c4.jpg/250x188.webp https://prod.pictures.autoscout24.net/listing-images/778a8ba3-8ab4-4b5b-9764-859025142147_9736e01e-d8c7-4106-b3dc-3917ce06ed13.jpg/250x188.webp https://prod.pictures.autoscout24.net/listing-images/778a8ba3-8ab4-4b5b-9764-859025142147_a5049e54-f107-4a70-ab65-75b403d208fa.jpg/250x188.webp https://prod.pictures.autoscout24.net/listing-images/778a8ba3-8ab4-4b5b-9764-859025142147_3232b4c7-f361-4c4c-bfa6-021a8e0fc5d3.jpg/250x188.webp https://prod.pictures.autoscout24.net/listing-images/778a8ba3-8ab4-4b5b-9764-859025142147_f8c75690-ea1b-4a8f-a91b-5162d7115d77.jpg/250x188.webp https://prod.pictures.autoscout24.net/listing-images/778a8ba3-8ab4-4b5b-9764-859025142147_caf4fc5f-7125-4a8a-9ba1-3c5a27182956.jpg/250x188.webp https://prod.pictures.autoscout24.net/listing-images/778a8ba3-8ab4-4b5b-9764-859025142147_918c2289-f3f6-4e78-b6e0-f62108b7c364.jpg/250x188.webp,45.70629637436519,4826
5fc97f4a-856a-4c2a-818e-53afb4b97b99,Nissan,Micra,,Dealer,3250,b,168000,12-2011,1840,https://prod.pictures.autoscout24.net/listing-images/5fc97f4a-856a-4c2a-818e-53afb4b97b99_16563659-fec9-4c3b-826a-acc5184797fb.jpg/250x188.webp https://prod.pictures.autoscout24.net/listing-images/5fc97f4a-856a-4c2a-818e-53afb4b97b99_17df6262-28e5-4912-ba84-cb7e0e24624c.jpg/250x188.webp https://prod.pictures.autoscout24.net/listing-images/5fc97f4a-856a-4c2a-818e-53afb4b97b99_2ead2d18-f981-46c0-8146-ea659810e2f7.jpg/250x188.webp https://prod.pictures.autoscout24.net/listing-images/5fc97f4a-856a-4c2a-818e-53afb4b97b99_575e0c21-821a-4cf5-946d-3536e9fd598f.jpg/250x188.webp https://prod.pictures.autoscout24.net/listing-images/5fc97f4a-856a-4c2a-818e-53afb4b97b99_58197e8a-c3ff-4eb3-a4ad-38f96f8c6662.jpg/250x188.webp https://prod.pictures.autoscout24.net/listing-images/5fc97f4a-856a-4c2a-818e-53afb4b97b99_b67ccc7a-1989-4e42-a441-1e642b26804d.jpg/250x188.webp https://prod.pictures.autoscout24.net/listing-images/5fc97f4a-856a-4c2a-818e-53afb4b97b99_6ef3c49c-7266-4265-b85f-9a5f3b5e8276.jpg/250x188.webp https://prod.pictures.autoscout24.net/listing-images/5fc97f4a-856a-4c2a-818e-53afb4b97b99_2586f87f-54ad-445e-8e0f-67c841db8d2a.jpg/250x188.webp https://prod.pictures.autoscout24.net/listing-images/5fc97f4a-856a-4c2a-818e-53afb4b97b99_d5ec43c9-f7ac-444d-814e-cd9437518023.jpg/250x188.webp https://prod.pictures.autoscout24.net/listing-images/5fc97f4a-856a-4c2a-818e-53afb4b97b99_fe2ce9f5-5913-4e05-9426-edf8c6014526.jpg/250x188.webp https://prod.pictures.autoscout24.net/listing-images/5fc97f4a-856a-4c2a-818e-53afb4b97b99_28730b8a-fd51-4dac-ba27-972f107c8f1b.jpg/250x188.webp https://prod.pictures.autoscout24.net/listing-images/5fc97f4a-856a-4c2a-818e-53afb4b97b99_4eafa2db-5ca4-4d4b-849b-98b86e6c0add.jpg/250x188.webp,54.29299877782283,4035
36e55cbb-0486-46fd-a2cf-fe10bb983805,Nissan,Almera,1.8 Comfort,PrivateSeller,3250,b,100000,01-2001,1070,https://prod.pictures.autoscout24.net/listing-images/36e55cbb-0486-46fd-a2cf-fe10bb983805_6a798aad-b9ed-42bd-96f3-4d59f759ebe8.jpg/250x188.webp https://prod.pictures.autoscout24.net/listing-images/36e55cbb-0486-46fd-a2cf-fe10bb983805_0d29d42b-2a0a-4514-abda-a01708eb807c.jpg/250x188.webp https://prod.pictures.autoscout24.net/listing-images/36e55cbb-0486-46fd-a2cf-fe10bb983805_ec25f255-af39-47cd-b817-daa1a61290ff.jpg/250x188.webp https://prod.pictures.autoscout24.net/listing-images/36e55cbb-0486-46fd-a2cf-fe10bb983805_72db3945-c101-48e6-bbe5-10504c0f174e.jpg/250x188.webp https://prod.pictures.autoscout24.net/listing-images/36e55cbb-0486-46fd-a2cf-fe10bb983805_d55bb348-c46f-45a1-a1ef-7d73a86ff2cc.jpg/250x188.webp,71.06367211068877,8021
8514326e-0618-456b-9b83-293330ac755e,Nissan,Terrano,2.7 TDi Activ,Dealer,3300,d,221000,11-2002,1080,https://prod.pictures.autoscout24.net/listing-images/8514326e-0618-456b-9b83-293330ac755e_846896f5-6737-4c31-99f4-ae56f4e7582f.jpg/250x188.webp https://prod.pictures.autoscout24.net/listing-images/8514326e-0618-456b-9b83-293330ac755e_6773e706-748e-4356-8426-919e4e2e6f2c.jpg/250x188.webp https://prod.pictures.autoscout24.net/listing-images/8514326e-0618-456b-9b83-293330ac755e_61e7f398-226f-476f-8af1-fcd5ff8abb04.jpg/250x188.webp https://prod.pictures.autoscout24.net/listing-images/8514326e-0618-456b-9b83-293330ac755e_1ac66d95-43e2-49b0-be30-1fa429193351.jpg/250x188.webp https://prod.pictures.autoscout24.net/listing-images/8514326e-0618-456b-9b83-293330ac755e_e2b05950-4767-4133-9f82-fdb1d782290b.jpg/250x188.webp https://prod.pictures.autoscout24.net/listing-images/8514326e-0618-456b-9b83-293330ac755e_f304a47f-57ee-4606-94d0-50a5b6260f8c.jpg/250x188.webp https://prod.pictures.autoscout24.net/listing-images/8514326e-0618-456b-9b83-293330ac755e_0213d7ff-08b9-4051-8d13-babce6688ae5.jpg/250x188.webp https://prod.pictures.autoscout24.net/listing-images/8514326e-0618-456b-9b83-293330ac755e_af88bedc-ab41-4583-836d-d13c964c2ac1.jpg/250x188.webp https://prod.pictures.autoscout24.net/listing-images/8514326e-0618-456b-9b83-293330ac755e_5f0ca9d4-fb68-41e3-8d12-108c52448f60.jpg/250x188.webp https://prod.pictures.autoscout24.net/listing-images/8514326e-0618-456b-9b83-293330ac755e_fc299f5f-3ca8-4da5-a4fc-7dae898910d5.jpg/250x188.webp https://prod.pictures.autoscout24.net/listing-images/8514326e-0618-456b-9b83-293330ac755e_c04fbfe3-3ba7-4041-9dd0-bd103ef17d31.jpg/250x188.webp https://prod.pictures.autoscout24.net/listing-images/8514326e-0618-456b-9b83-293330ac755e_2656c745-7014-4f38-93c5-0060da035cb4.jpg/250x188.webp https://prod.pictures.autoscout24.net/listing-images/8514326e-0618-456b-9b83-293330ac755e_73a85a85-63d3-41dd-87bf-4bb1628f7252.jpg/250x188.webp,69.57979227671277,7352
8d34bc83-11d2-4f8b-96ef-cbad62ba34dc,Nissan,Trade,depannage takelwagen,PrivateSeller,3300,d,88000,10-1993,9402,https://prod.pictures.autoscout24.net/listing-images/8d34bc83-11d2-4f8b-96ef-cbad62ba34dc_16024f01-7c4d-450d-b1a6-0887b55d8d12.jpg/250x188.webp https://prod.pictures.autoscout24.net/listing-images/8d34bc83-11d2-4f8b-96ef-cbad62ba34dc_492e55d2-a22b-42da-b9e4-51e002c8b3c3.jpg/250x188.webp https://prod.pictures.autoscout24.net/listing-images/8d34bc83-11d2-4f8b-96ef-cbad62ba34dc_1e57a2c6-6b74-4f13-99d4-7f1167fe502a.jpg/250x188.webp https://prod.pictures.autoscout24.net/listing-images/8d34bc83-11d2-4f8b-96ef-cbad62ba34dc_59056e32-bd7a-4493-a210-a9d8c4dc7308.jpg/250x188.webp https://prod.pictures.autoscout24.net/listing-images/8d34bc83-11d2-4f8b-96ef-cbad62ba34dc_92911aa5-1c53-4c45-aac3-967ee471b997.jpg/250x188.webp,77.6485465586824,10670
6b89e879-11e3-4ddd-b7f4-0d1b8e181703,Nissan,Pixo,1.0i Acenta,Dealer,3450,b,108000,05-2010,3070,https://prod.pictures.autoscout24.net/listing-images/6b89e879-11e3-4ddd-b7f4-0d1b8e181703_34c90a3a-87f0-4923-9341-ba80962e9845.jpg/250x188.webp https://prod.pictures.autoscout24.net/listing-images/6b89e879-11e3-4ddd-b7f4-0d1b8e181703_9b838d0b-eb6d-47f1-8da7-81b291cfc09c.jpg/250x188.webp https://prod.pictures.autoscout24.net/listing-images/6b89e879-11e3-4ddd-b7f4-0d1b8e181703_e2590733-0af0-4c36-b25f-1e5c48f0ebd1.jpg/250x188.webp https://prod.pictures.autoscout24.net/listing-images/6b89e879-11e3-4ddd-b7f4-0d1b8e181703_6ab8f502-b564-489d-9bc9-29ef9c884606.jpg/250x188.webp https://prod.pictures.autoscout24.net/listing-images/6b89e879-11e3-4ddd-b7f4-0d1b8e181703_b6069167-c2c5-4bce-a3b4-9f6c940ba4c2.jpg/250x188.webp https://prod.pictures.autoscout24.net/listing-images/6b89e879-11e3-4ddd-b7f4-0d1b8e181703_0d3ec726-ac72-4f62-9768-46658daa941c.jpg/250x188.webp https://prod.pictures.autoscout24.net/listing-images/6b89e879-11e3-4ddd-b7f4-0d1b8e181703_148a48bb-b186-47df-b831-811c4476b6ea.jpg/250x188.webp https://prod.pictures.autoscout24.net/listing-images/6b89e879-11e3-4ddd-b7f4-0d1b8e181703_8ea4c5cc-7220-4f80-b187-df506eea90a7.jpg/250x188.webp https://prod.pictures.autoscout24.net/listing-images/6b89e879-11e3-4ddd-b7f4-0d1b8e181703_6159fa55-dde9-42c4-80cf-c65dd1b440d5.jpg/250x188.webp https://prod.pictures.autoscout24.net/listing-images/6b89e879-11e3-4ddd-b7f4-0d1b8e181703_2eaf4c07-2bc6-4bcd-b6df-b08c4967cb94.jpg/250x188.webp https://prod.pictures.autoscout24.net/listing-images/6b89e879-11e3-4ddd-b7f4-0d1b8e181703_a758c1f9-c992-42cc-88d4-19a067238504.jpg/250x188.webp https://prod.pictures.autoscout24.net/listing-images/6b89e879-11e3-4ddd-b7f4-0d1b8e181703_3be0ff9a-0e71-415e-b548-915fe35632a4.jpg/250x188.webp https://prod.pictures.autoscout24.net/listing-images/6b89e879-11e3-4ddd-b7f4-0d1b8e181703_b7ef7d65-585c-4f8c-b816-05fdf3ed5f7b.jpg/250x188.webp,64.49129985396475,4614
d6bc6773-567f-4d5a-84cf-4e55bf70e1bc,Nissan,Qashqai,1.5 dCi acenta,Dealer,3450,d,300000,03-2007,1730,https://prod.pictures.autoscout24.net/listing-images/d6bc6773-567f-4d5a-84cf-4e55bf70e1bc_e1d7317c-b122-4a5a-8338-0709436e69a0.jpg/250x188.webp https://prod.pictures.autoscout24.net/listing-images/d6bc6773-567f-4d5a-84cf-4e55bf70e1bc_7de3f2fa-3fc1-40de-86ea-421cee1bc3df.jpg/250x188.webp https://prod.pictures.autoscout24.net/listing-images/d6bc6773-567f-4d5a-84cf-4e55bf70e1bc_d49eac0e-59fb-4d91-b7b5-5e575560e4ef.jpg/250x188.webp https://prod.pictures.autoscout24.net/listing-images/d6bc6773-567f-4d5a-84cf-4e55bf70e1bc_15537b4c-5bc2-49fd-9c29-cec7a4796ed1.jpg/250x188.webp https://prod.pictures.autoscout24.net/listing-images/d6bc6773-567f-4d5a-84cf-4e55bf70e1bc_fd9457ea-1d8b-4797-9f34-71fec4318940.jpg/250x188.webp https://prod.pictures.autoscout24.net/listing-images/d6bc6773-567f-4d5a-84cf-4e55bf70e1bc_88cdc891-6c08-477f-a752-5aaa71e7479c.jpg/250x188.webp https://prod.pictures.autoscout24.net/listing-images/d6bc6773-567f-4d5a-84cf-4e55bf70e1bc_c2dff3ab-a312-4948-b7c1-708cb5c25c2a.jpg/250x188.webp https://prod.pictures.autoscout24.net/listing-images/d6bc6773-567f-4d5a-84cf-4e55bf70e1bc_717129f6-baa7-45a7-a87b-2125842f3acb.jpg/250x188.webp,61.98157406185932,5771
d2139a33-c38d-4255-aa46-a47eebbf923f,Nissan,Micra,1.2i 16v Acenta A/C,Dealer,3450,b,108000,11-2005,1840,https://prod.pictures.autoscout24.net/listing-images/d2139a33-c38d-4255-aa46-a47eebbf923f_e26c098a-ffe6-441b-8f9d-ef39bc894aa1.jpg/250x188.webp https://prod.pictures.autoscout24.net/listing-images/d2139a33-c38d-4255-aa46-a47eebbf923f_4bcbebda-f886-4d6e-94bc-8499405cc1c2.jpg/250x188.webp https://prod.pictures.autoscout24.net/listing-images/d2139a33-c38d-4255-aa46-a47eebbf923f_906a4d1a-c9a6-4657-9c64-a535a85f6dc1.jpg/250x188.webp https://prod.pictures.autoscout24.net/listing-images/d2139a33-c38d-4255-aa46-a47eebbf923f_3efe9368-f3e1-4f7f-a2ba-e96e32c2567a.jpg/250x188.webp https://prod.pictures.autoscout24.net/listing-images/d2139a33-c38d-4255-aa46-a47eebbf923f_9a79a26c-6848-49a2-a5e7-6c65b47761c7.jpg/250x188.webp https://prod.pictures.autoscout24.net/listing-images/d2139a33-c38d-4255-aa46-a47eebbf923f_b0e1461c-bdd9-47db-ac38-e731ed249446.jpg/250x188.webp https://prod.pictures.autoscout24.net/listing-images/d2139a33-c38d-4255-aa46-a47eebbf923f_86e3631e-85fe-4c3e-92c2-b8d93ebfc716.jpg/250x188.webp https://prod.pictures.autoscout24.net/listing-images/d2139a33-c38d-4255-aa46-a47eebbf923f_399cc61f-8077-4f3f-874e-1de502c99888.jpg/250x188.webp https://prod.pictures.autoscout24.net/listing-images/d2139a33-c38d-4255-aa46-a47eebbf923f_06f983dc-ccb4-4d2f-ada2-3c0333bc562e.jpg/250x188.webp https://prod.pictures.autoscout24.net/listing-images/d2139a33-c38d-4255-aa46-a47eebbf923f_3437bf43-a82f-4576-abad-f932bbf07aa3.jpg/250x188.webp https://prod.pictures.autoscout24.net/listing-images/d2139a33-c38d-4255-aa46-a47eebbf923f_e6c10b7f-e13a-43a8-a05f-f75a8175d162.jpg/250x188.webp https://prod.pictures.autoscout24.net/listing-images/d2139a33-c38d-4255-aa46-a47eebbf923f_cecebcc5-771d-4fc5-b9c6-aa28f9876574.jpg/250x188.webp https://prod.pictures.autoscout24.net/listing-images/d2139a33-c38d-4255-aa46-a47eebbf923f_c19d79d2-61cb-44fe-8f8f-e454b1eb5bcc.jpg/250x188.webp https://prod.pictures.autoscout24.net/listing-images/d2139a33-c38d-4255-aa46-a47eebbf923f_d4bc4945-0d6c-4742-a24d-c157acbae37e.jpg/250x188.webp https://prod.pictures.autoscout24.net/listing-images/d2139a33-c38d-4255-aa46-a47eebbf923f_88100e03-21bc-46aa-b9cd-3750af2d6a27.jpg/250x188.webp,54.29299877782283,6256
f713295d-af83-4395-b742-d1cb4b20211e,Nissan,Note,1.5 dCi TeknaGPS/PDC/JANTES/GARANTIE 12 MOIS//,Dealer,3450,d,189000,11-2009,6061,https://prod.pictures.autoscout24.net/listing-images/f713295d-af83-4395-b742-d1cb4b20211e_e182127d-414c-4190-845f-a05351d8959c.jpg/250x188.webp https://prod.pictures.autoscout24.net/listing-images/f713295d-af83-4395-b742-d1cb4b20211e_7ff76df0-e5a6-4c40-aab3-9e52deedf54b.jpg/250x188.webp https://prod.pictures.autoscout24.net/listing-images/f713295d-af83-4395-b742-d1cb4b20211e_463e2452-bfc9-4ed0-9fc3-7ce5966a7a6d.jpg/250x188.webp https://prod.pictures.autoscout24.net/listing-images/f713295d-af83-4395-b742-d1cb4b20211e_122e497b-f692-4309-985e-bfe903365280.jpg/250x188.webp https://prod.pictures.autoscout24.net/listing-images/f713295d-af83-4395-b742-d1cb4b20211e_2f7410b7-840e-44c5-ad07-12aedf955381.jpg/250x188.webp https://prod.pictures.autoscout24.net/listing-images/f713295d-af83-4395-b742-d1cb4b20211e_6daa5267-ce2b-411b-b9ad-4dc7ee78791e.jpg/250x188.webp https://prod.pictures.autoscout24.net/listing-images/f713295d-af83-4395-b742-d1cb4b20211e_0a128399-6b82-487d-8ef3-9cf79e85fd44.jpg/250x188.webp https://prod.pictures.autoscout24.net/listing-images/f713295d-af83-4395-b742-d1cb4b20211e_2a59132a-6592-45d1-93d6-b1f27395737a.jpg/250x188.webp https://prod.pictures.autoscout24.net/listing-images/f713295d-af83-4395-b742-d1cb4b20211e_52923363-dab2-4a2f-a3de-9521284d5395.jpg/250x188.webp https://prod.pictures.autoscout24.net/listing-images/f713295d-af83-4395-b742-d1cb4b20211e_5f86209d-b44a-4337-a7b1-57290f459bb8.jpg/250x188.webp https://prod.pictures.autoscout24.net/listing-images/f713295d-af83-4395-b742-d1cb4b20211e_81bb9022-01af-491d-afce-a4f59d3aa567.jpg/250x188.webp https://prod.pictures.autoscout24.net/listing-images/f713295d-af83-4395-b742-d1cb4b20211e_d4d4531f-be96-44d4-9d99-bc3f56b100d1.jpg/250x188.webp https://prod.pictures.autoscout24.net/listing-images/f713295d-af83-4395-b742-d1cb4b20211e_c60bde21-8953-4916-b8c8-08a965ed4be3.jpg/250x188.webp https://prod.pictures.autoscout24.net/listing-images/f713295d-af83-4395-b742-d1cb4b20211e_ae14d41f-1621-4916-ae2c-e0dadd0ce25e.jpg/250x188.webp,117.55452099458994,4795
ec30f3ed-6002-4853-801b-c68406860a22,Nissan,Primera,1.8i 16v * A/C * BOITE AUTO * V/E * PRETE A IMMATR,Dealer,3490,b,154445,06-2002,1160,https://prod.pictures.autoscout24.net/listing-images/ec30f3ed-6002-4853-801b-c68406860a22_783baf97-ee42-41b8-a373-fe899d271aeb.jpg/250x188.webp https://prod.pictures.autoscout24.net/listing-images/ec30f3ed-6002-4853-801b-c68406860a22_69982ad0-8d47-4128-9cdb-a0a69e8843b8.jpg/250x188.webp https://prod.pictures.autoscout24.net/listing-images/ec30f3ed-6002-4853-801b-c68406860a22_d94e00a4-f2d3-48e9-8b7e-e3a19691b2c4.jpg/250x188.webp https://prod.pictures.autoscout24.net/listing-images/ec30f3ed-6002-4853-801b-c68406860a22_734f953f-2f45-4d75-8a07-e43dc337d7b1.jpg/250x188.webp https://prod.pictures.autoscout24.net/listing-images/ec30f3ed-6002-4853-801b-c68406860a22_22d89825-02d3-4c72-9235-e270587d4208.jpg/250x188.webp https://prod.pictures.autoscout24.net/listing-images/ec30f3ed-6002-4853-801b-c68406860a22_cc7204f0-ff3f-4918-af64-443df614d7b0.jpg/250x188.webp https://prod.pictures.autoscout24.net/listing-images/ec30f3ed-6002-4853-801b-c68406860a22_029534f2-c99a-4b82-a278-4f85332b4854.jpg/250x188.webp https://prod.pictures.autoscout24.net/listing-images/ec30f3ed-6002-4853-801b-c68406860a22_25e3b409-faf4-4ae4-bb92-fa8b9a7ceaab.jpg/250x188.webp https://prod.pictures.autoscout24.net/listing-images/ec30f3ed-6002-4853-801b-c68406860a22_7f214ba8-d1b7-40a1-be8a-378631e7b53e.jpg/250x188.webp https://prod.pictures.autoscout24.net/listing-images/ec30f3ed-6002-4853-801b-c68406860a22_2acde3e0-5fe6-4044-ba0b-cc74cbc05037.jpg/250x188.webp https://prod.pictures.autoscout24.net/listing-images/ec30f3ed-6002-4853-801b-c68406860a22_813908f4-903e-49f2-a492-6e582a8e3776.jpg/250x188.webp https://prod.pictures.autoscout24.net/listing-images/ec30f3ed-6002-4853-801b-c68406860a22_033035de-a60e-43ea-bd12-ce74c2ccbe84.jpg/250x188.webp https://prod.pictures.autoscout24.net/listing-images/ec30f3ed-6002-4853-801b-c68406860a22_8d090ff7-b4ba-4c1e-af4f-2ff08f83043f.jpg/250x188.webp https://prod.pictures.autoscout24.net/listing-images/ec30f3ed-6002-4853-801b-c68406860a22_f1482fa9-656c-4d0c-bdbe-5ecff8fc2741.jpg/250x188.webp https://prod.pictures.autoscout24.net/listing-images/ec30f3ed-6002-4853-801b-c68406860a22_a57d3ce8-9788-411d-9660-05a687168837.jpg/250x188.webp https://prod.pictures.autoscout24.net/listing-images/ec30f3ed-6002-4853-801b-c68406860a22_326d1289-c196-41f3-b521-fdcd0bb19385.jpg/250x188.webp https://prod.pictures.autoscout24.net/listing-images/ec30f3ed-6002-4853-801b-c68406860a22_5820de08-d51b-49ee-87d0-f4642fe11587.jpg/250x188.webp https://prod.pictures.autoscout24.net/listing-images/ec30f3ed-6002-4853-801b-c68406860a22_b1c310f1-39d2-4db1-993f-f994551e045a.jpg/250x188.webp,72.45305351002509,7505
31261b1c-e93f-46ab-88de-30b4144230e8,Nissan,Micra,1.0i 1er propriétaire garantie 12 mois,Dealer,3490,b,130000,01-2006,6110,https://prod.pictures.autoscout24.net/listing-images/31261b1c-e93f-46ab-88de-30b4144230e8_82d46cd7-d218-41a4-b208-1916d0702629.jpg/250x188.webp https://prod.pictures.autoscout24.net/listing-images/31261b1c-e93f-46ab-88de-30b4144230e8_8c07d5b7-7119-43a8-b5c9-b0c990ed8155.jpg/250x188.webp https://prod.pictures.autoscout24.net/listing-images/31261b1c-e93f-46ab-88de-30b4144230e8_eec51c1d-6b0a-4c29-a00f-aca0ed562155.jpg/250x188.webp https://prod.pictures.autoscout24.net/listing-images/31261b1c-e93f-46ab-88de-30b4144230e8_21d42e31-3b73-494d-a329-21e1fa178114.jpg/250x188.webp https://prod.pictures.autoscout24.net/listing-images/31261b1c-e93f-46ab-88de-30b4144230e8_230de5cc-ba46-42d3-9699-22b5965d9291.jpg/250x188.webp https://prod.pictures.autoscout24.net/listing-images/31261b1c-e93f-46ab-88de-30b4144230e8_4fe67ee9-abcc-4205-baf4-f4815586714e.jpg/250x188.webp https://prod.pictures.autoscout24.net/listing-images/31261b1c-e93f-46ab-88de-30b4144230e8_759d215e-f88b-481f-81a4-4f7336f21584.jpg/250x188.webp https://prod.pictures.autoscout24.net/listing-images/31261b1c-e93f-46ab-88de-30b4144230e8_30404dd0-fe8d-4da2-be45-722bc2d11a95.jpg/250x188.webp https://prod.pictures.autoscout24.net/listing-images/31261b1c-e93f-46ab-88de-30b4144230e8_2d77ac20-70f9-4bc4-a0ae-deddccdab871.jpg/250x188.webp https://prod.pictures.autoscout24.net/listing-images/31261b1c-e93f-46ab-88de-30b4144230e8_fe2eb453-1d73-47f5-900a-8a3c6cf80c99.jpg/250x188.webp https://prod.pictures.autoscout24.net/listing-images/31261b1c-e93f-46ab-88de-30b4144230e8_3265ab9c-fe26-4886-a312-3a02da7c4e98.jpg/250x188.webp https://prod.pictures.autoscout24.net/listing-images/31261b1c-e93f-46ab-88de-30b4144230e8_7f6fb024-e6ac-4b2a-959a-6406e308e931.jpg/250x188.webp https://prod.pictures.autoscout24.net/listing-images/31261b1c-e93f-46ab-88de-30b4144230e8_928e7a3e-1527-4468-8e0a-1fbad1938afb.jpg/250x188.webp https://prod.pictures.autoscout24.net/listing-images/31261b1c-e93f-46ab-88de-30b4144230e8_d068fca3-a6db-4b65-81b7-0eb2520c76c3.jpg/250x188.webp https://prod.pictures.autoscout24.net/listing-images/31261b1c-e93f-46ab-88de-30b4144230e8_514cbe21-8afc-47ce-ac69-845e60db2acb.jpg/250x188.webp https://prod.pictures.autoscout24.net/listing-images/31261b1c-e93f-46ab-88de-30b4144230e8_1c7fa1bb-2b83-4549-8d50-cfc5bace8b13.jpg/250x188.webp https://prod.pictures.autoscout24.net/listing-images/31261b1c-e93f-46ab-88de-30b4144230e8_8e2b6397-fea5-4f2b-9540-da1ce1329405.jpg/250x188.webp https://prod.pictures.autoscout24.net/listing-images/31261b1c-e93f-46ab-88de-30b4144230e8_942f5d9b-09b5-4384-9aa8-8b87b4943f14.jpg/250x188.webp https://prod.pictures.autoscout24.net/listing-images/31261b1c-e93f-46ab-88de-30b4144230e8_de478da3-1d89-43b2-b785-cc61637364ab.jpg/250x188.webp https://prod.pictures.autoscout24.net/listing-images/31261b1c-e93f-46ab-88de-30b4144230e8_1b414acd-1fdc-46c0-bb45-62b9de0d1538.jpg/250x188.webp https://prod.pictures.autoscout24.net/listing-images/31261b1c-e93f-46ab-88de-30b4144230e8_93024dff-0909-48eb-9fe6-2bd2047b5337.jpg/250x188.webp,121.07873748213329,6195
4b3e689c-bb47-41fb-8e01-294f71f85337,Nissan,Note,1.5 DCI DIEZEL EURO 5 MOTOR..ALLU VELGEN+AIRCO++++,Dealer,3499,d,172210,02-2011,2500,https://prod.pictures.autoscout24.net/listing-images/4b3e689c-bb47-41fb-8e01-294f71f85337_dd400982-94c4-4791-9852-373c2eb62e2f.jpg/250x188.webp https://prod.pictures.autoscout24.net/listing-images/4b3e689c-bb47-41fb-8e01-294f71f85337_a0215c82-d9fa-400a-9bd8-0a12c9e68c6b.jpg/250x188.webp https://prod.pictures.autoscout24.net/listing-images/4b3e689c-bb47-41fb-8e01-294f71f85337_658bdbb0-cea9-46bd-add4-09665ebd4078.jpg/250x188.webp https://prod.pictures.autoscout24.net/listing-images/4b3e689c-bb47-41fb-8e01-294f71f85337_3c5bc25f-6faa-4493-aeee-51b469831ece.jpg/250x188.webp https://prod.pictures.autoscout24.net/listing-images/4b3e689c-bb47-41fb-8e01-294f71f85337_af94af17-76df-4e7f-ad9b-a855f08f2ddb.jpg/250x188.webp https://prod.pictures.autoscout24.net/listing-images/4b3e689c-bb47-41fb-8e01-294f71f85337_b160c970-58a4-46eb-85f1-438710d1d49b.jpg/250x188.webp https://prod.pictures.autoscout24.net/listing-images/4b3e689c-bb47-41fb-8e01-294f71f85337_066548c9-3b0b-4755-98fa-19cd9cf6d823.jpg/250x188.webp,38.36429357421789,4338
8b0ff38f-2ff0-4d8f-a936-ab2bd32394fb,Nissan,Pixo,1.0i Look+ESP+6AB,PrivateSeller,3500,b,150000,01-2013,7861,https://prod.pictures.autoscout24.net/listing-images/8b0ff38f-2ff0-4d8f-a936-ab2bd32394fb_3f59e047-33fe-4f7e-ae3c-7890d6c41650.jpg/250x188.webp https://prod.pictures.autoscout24.net/listing-images/8b0ff38f-2ff0-4d8f-a936-ab2bd32394fb_e612c0cf-a2aa-4b4e-a556-5056c9db952a.jpg/250x188.webp https://prod.pictures.autoscout24.net/listing-images/8b0ff38f-2ff0-4d8f-a936-ab2bd32394fb_0382f09e-cbaa-4235-b8e1-6ad07f86b5b5.jpg/250x188.webp https://prod.pictures.autoscout24.net/listing-images/8b0ff38f-2ff0-4d8f-a936-ab2bd32394fb_4d72bdb7-7f5d-482d-b5dc-286d2d5afe56.jpg/250x188.webp https://prod.pictures.autoscout24.net/listing-images/8b0ff38f-2ff0-4d8f-a936-ab2bd32394fb_5d9a235d-7428-4bfd-b9b7-39d0e661f190.jpg/250x188.webp https://prod.pictures.autoscout24.net/listing-images/8b0ff38f-2ff0-4d8f-a936-ab2bd32394fb_9fd28041-5969-47a1-9ce0-77cf594e2153.jpg/250x188.webp https://prod.pictures.autoscout24.net/listing-images/8b0ff38f-2ff0-4d8f-a936-ab2bd32394fb_482e1a4d-7bad-49a2-a0f0-ab9b1eb3aed4.jpg/250x188.webp https://prod.pictures.autoscout24.net/listing-images/8b0ff38f-2ff0-4d8f-a936-ab2bd32394fb_79c2ea96-b648-4a14-a157-4f32a87a64c4.jpg/250x188.webp https://prod.pictures.autoscout24.net/listing-images/8b0ff38f-2ff0-4d8f-a936-ab2bd32394fb_4ae4da13-62c0-4d1d-b9ca-41fae4f0c231.jpg/250x188.webp,95.92853229102172,3638
8940843c-5836-4d93-bdff-e4e2aad27d4a,Nissan,Note,1.5 dCi Acenta+Nissan Connect,PrivateSeller,3500,d,207456,06-2010,7190,https://prod.pictures.autoscout24.net/listing-images/8940843c-5836-4d93-bdff-e4e2aad27d4a_8e4c7da0-661b-4e60-aeac-4a1fd7f94ffe.jpg/250x188.webp https://prod.pictures.autoscout24.net/listing-images/8940843c-5836-4d93-bdff-e4e2aad27d4a_5412143e-2e6c-408a-819a-87492dfc3658.jpg/250x188.webp https://prod.pictures.autoscout24.net/listing-images/8940843c-5836-4d93-bdff-e4e2aad27d4a_fb669f9f-06cd-4d40-900d-d5a2fbab9b03.jpg/250x188.webp https://prod.pictures.autoscout24.net/listing-images/8940843c-5836-4d93-bdff-e4e2aad27d4a_fa62aeff-76af-4599-a628-c4fc3690f448.jpg/250x188.webp https://prod.pictures.autoscout24.net/listing-images/8940843c-5836-4d93-bdff-e4e2aad27d4a_609c015f-c1a9-43ac-9e29-43ce143684ca.jpg/250x188.webp https://prod.pictures.autoscout24.net/listing-images/8940843c-5836-4d93-bdff-e4e2aad27d4a_690888a6-902d-4d51-a706-813e9d558d2c.jpg/250x188.webp https://prod.pictures.autoscout24.net/listing-images/8940843c-5836-4d93-bdff-e4e2aad27d4a_54611c82-38c2-4daf-9dcf-dade7bc61f35.jpg/250x188.webp https://prod.pictures.autoscout24.net/listing-images/8940843c-5836-4d93-bdff-e4e2aad27d4a_e11e6cf2-9d72-420c-80fe-4ff0d7e6fe1b.jpg/250x188.webp,103.3603873434195,4583
6b827940-ad58-4eff-94a2-5f1bc2ba708c,Nissan,Note,1.5 dCi Acenta+Nissan Connect,PrivateSeller,3500,d,207457,05-2010,7190,https://prod.pictures.autoscout24.net/listing-images/6b827940-ad58-4eff-94a2-5f1bc2ba708c_d1445a31-9bf8-48c9-87a5-4b75bfc9eb49.jpg/250x188.webp https://prod.pictures.autoscout24.net/listing-images/6b827940-ad58-4eff-94a2-5f1bc2ba708c_e0645a61-4994-4839-b6ec-27534911d195.jpg/250x188.webp https://prod.pictures.autoscout24.net/listing-images/6b827940-ad58-4eff-94a2-5f1bc2ba708c_b24a33fa-3571-4607-94a1-1a4f54e3a907.jpg/250x188.webp https://prod.pictures.autoscout24.net/listing-images/6b827940-ad58-4eff-94a2-5f1bc2ba708c_70282956-9413-47f2-8651-8ab4f2e1436a.jpg/250x188.webp https://prod.pictures.autoscout24.net/listing-images/6b827940-ad58-4eff-94a2-5f1bc2ba708c_70538620-638f-46ec-8507-563e40574571.jpg/250x188.webp https://prod.pictures.autoscout24.net/listing-images/6b827940-ad58-4eff-94a2-5f1bc2ba708c_c9883d4a-fbe5-4b01-9731-c0a09e0897fb.jpg/250x188.webp https://prod.pictures.autoscout24.net/listing-images/6b827940-ad58-4eff-94a2-5f1bc2ba708c_fae6c2bd-9284-4b15-8756-0e94bca43b8e.jpg/250x188.webp,103.3603873434195,4614
0ac754af-206d-41a6-9f4c-72e374ec70a0,Nissan,Urvan,"2,5",PrivateSeller,3500,d,285000,03-1994,1080,https://prod.pictures.autoscout24.net/listing-images/0ac754af-206d-41a6-9f4c-72e374ec70a0_5e57e4e3-9d2f-432e-ab05-b8a4f2c86fb5.jpg/250x188.webp https://prod.pictures.autoscout24.net/listing-images/0ac754af-206d-41a6-9f4c-72e374ec70a0_d039645c-de70-49f7-9b24-33c28574f5d2.jpg/250x188.webp https://prod.pictures.autoscout24.net/listing-images/0ac754af-206d-41a6-9f4c-72e374ec70a0_ff7b5105-0333-4c67-b64c-706ad4b436e5.jpg/250x188.webp https://prod.pictures.autoscout24.net/listing-images/0ac754af-206d-41a6-9f4c-72e374ec70a0_6c4c96ba-29e5-403d-a6a6-e857be3953d6.jpg/250x188.webp https://prod.pictures.autoscout24.net/listing-images/0ac754af-206d-41a6-9f4c-72e374ec70a0_77b4c000-9fcd-43b1-b2e5-8f678d6678f8.jpg/250x188.webp,69.57979227671277,10519
a12ceb44-7ee1-4a88-b56f-bd8bb9fefe47,Nissan,Note,1.5 dCi Acenta,Dealer,3500,d,140235,06-2009,4432,https://prod.pictures.autoscout24.net/listing-images/a12ceb44-7ee1-4a88-b56f-bd8bb9fefe47_de382fc6-5fac-4d54-a90d-44e7bc17563e.jpg/250x188.webp https://prod.pictures.autoscout24.net/listing-images/a12ceb44-7ee1-4a88-b56f-bd8bb9fefe47_dae751a2-164d-43d4-be82-65df51f42ce3.jpg/250x188.webp https://prod.pictures.autoscout24.net/listing-images/a12ceb44-7ee1-4a88-b56f-bd8bb9fefe47_70822334-1195-4043-ac68-3b70dfc4a463.jpg/250x188.webp https://prod.pictures.autoscout24.net/listing-images/a12ceb44-7ee1-4a88-b56f-bd8bb9fefe47_256dbd5d-adc9-4e34-879f-b595e4aabfc2.jpg/250x188.webp https://prod.pictures.autoscout24.net/listing-images/a12ceb44-7ee1-4a88-b56f-bd8bb9fefe47_cc6dac4f-55e5-4716-a60e-7e0dc234a905.jpg/250x188.webp https://prod.pictures.autoscout24.net/listing-images/a12ceb44-7ee1-4a88-b56f-bd8bb9fefe47_7d54c36f-75ad-4dc9-9d8d-84a9f1cf5a51.jpg/250x188.webp https://prod.pictures.autoscout24.net/listing-images/a12ceb44-7ee1-4a88-b56f-bd8bb9fefe47_96f2848a-9388-4e81-b838-80db2e09192b.jpg/250x188.webp https://prod.pictures.autoscout24.net/listing-images/a12ceb44-7ee1-4a88-b56f-bd8bb9fefe47_bf166eb5-648a-4062-85a8-724fd6308218.jpg/250x188.webp https://prod.pictures.autoscout24.net/listing-images/a12ceb44-7ee1-4a88-b56f-bd8bb9fefe47_14cc03f6-49ae-4400-96f2-0e69a25e3611.jpg/250x188.webp https://prod.pictures.autoscout24.net/listing-images/a12ceb44-7ee1-4a88-b56f-bd8bb9fefe47_786a9dc2-d7f2-4135-bdeb-d1a4c138d658.jpg/250x188.webp,111.15678224769336,4948
ffc07cb6-76e3-4eca-ba66-d468006e0aed,Nissan,Note,1.4 manuele,PrivateSeller,3500,b,240000,03-2012,1831,https://prod.pictures.autoscout24.net/listing-images/ffc07cb6-76e3-4eca-ba66-d468006e0aed_0a8dfa0c-a698-47db-85c5-ac66d23e3218.jpg/250x188.webp https://prod.pictures.autoscout24.net/listing-images/ffc07cb6-76e3-4eca-ba66-d468006e0aed_2e06a4d1-5002-4489-ab1f-69c27ba72d42.jpg/250x188.webp https://prod.pictures.autoscout24.net/listing-images/ffc07cb6-76e3-4eca-ba66-d468006e0aed_6911df2b-5adc-43e3-a28a-d174b9b63e02.jpg/250x188.webp,63.496143889011755,3944
e70d5846-4540-497b-8fe9-2c0efb9fe647,Nissan,,,PrivateSeller,3500,b,240000,03-2012,1831,https://prod.pictures.autoscout24.net/listing-images/e70d5846-4540-497b-8fe9-2c0efb9fe647_a1f6978e-e2af-4cf9-ad99-4a719a2310c8.jpg/250x188.webp https://prod.pictures.autoscout24.net/listing-images/e70d5846-4540-497b-8fe9-2c0efb9fe647_ef9e0571-3556-4e5c-b2a0-855d1fd02f90.jpg/250x188.webp https://prod.pictures.autoscout24.net/listing-images/e70d5846-4540-497b-8fe9-2c0efb9fe647_9687c984-c455-4c66-bbcf-3ee91d6f122f.jpg/250x188.webp https://prod.pictures.autoscout24.net/listing-images/e70d5846-4540-497b-8fe9-2c0efb9fe647_4323c109-c3f3-42bd-abfb-b2b5c6351a96.jpg/250x188.webp https://prod.pictures.autoscout24.net/listing-images/e70d5846-4540-497b-8fe9-2c0efb9fe647_bbd10605-c1fc-4a83-be71-a426d9a31dfc.jpg/250x188.webp,63.496143889011755,3944
059bb83e-6aa2-4f05-ba97-98b2e2a27be4,Nissan,Note,1.4i Acenta,PrivateSeller,3500,b,240000,03-2012,1831,https://prod.pictures.autoscout24.net/listing-images/059bb83e-6aa2-4f05-ba97-98b2e2a27be4_eae41225-8a0e-4847-a1a6-ffbd62ccfbc4.jpg/250x188.webp https://prod.pictures.autoscout24.net/listing-images/059bb83e-6aa2-4f05-ba97-98b2e2a27be4_1761f3bc-a9a1-42fa-b855-5bff8f343bd0.jpg/250x188.webp https://prod.pictures.autoscout24.net/listing-images/059bb83e-6aa2-4f05-ba97-98b2e2a27be4_16b68dea-5f70-4222-91d7-8459c9697ffe.jpg/250x188.webp https://prod.pictures.autoscout24.net/listing-images/059bb83e-6aa2-4f05-ba97-98b2e2a27be4_906fffee-31c7-47c1-aa34-98a1ee0b39b8.jpg/250x188.webp,63.496143889011755,3944
407621af-827a-412d-b48f-eff746cd0ff6,Nissan,,,PrivateSeller,3500,b,240000,03-2012,1831,https://prod.pictures.autoscout24.net/listing-images/407621af-827a-412d-b48f-eff746cd0ff6_0202c090-3f5c-4396-8478-015fb84728bb.jpg/250x188.webp https://prod.pictures.autoscout24.net/listing-images/407621af-827a-412d-b48f-eff746cd0ff6_4c9afa45-06bc-4022-bd8f-f4a59774070c.jpg/250x188.webp https://prod.pictures.autoscout24.net/listing-images/407621af-827a-412d-b48f-eff746cd0ff6_e2bada9d-5fc2-47fa-a0a6-63c32c3f5f39.jpg/250x188.webp,63.496143889011755,3944
2832f842-49d2-4525-93bf-15be6d222fc3,Nissan,Almera,"1.5i benzine,Garantie,CAR PASS,euro 4",Dealer,3500,b,154000,08-2002,2547,https://prod.pictures.autoscout24.net/listing-images/2832f842-49d2-4525-93bf-15be6d222fc3_68c06f41-1894-4a4f-b43e-ab8c05a7f7d1.jpg/250x188.webp https://prod.pictures.autoscout24.net/listing-images/2832f842-49d2-4525-93bf-15be6d222fc3_a71b81e7-a8e0-4f35-9783-45a22e7612ea.jpg/250x188.webp https://prod.pictures.autoscout24.net/listing-images/2832f842-49d2-4525-93bf-15be6d222fc3_70a79a07-a423-45e7-9840-5ab560048cbd.jpg/250x188.webp https://prod.pictures.autoscout24.net/listing-images/2832f842-49d2-4525-93bf-15be6d222fc3_b1a5261b-d04e-466c-a29d-8aed3566e7fc.jpg/250x188.webp https://prod.pictures.autoscout24.net/listing-images/2832f842-49d2-4525-93bf-15be6d222fc3_a74d6561-03e7-4a55-9c75-0b91d96d71c0.jpg/250x188.webp https://prod.pictures.autoscout24.net/listing-images/2832f842-49d2-4525-93bf-15be6d222fc3_caaac800-0377-4cfe-a817-902dea873814.jpg/250x188.webp https://prod.pictures.autoscout24.net/listing-images/2832f842-49d2-4525-93bf-15be6d222fc3_71aff9b1-33f7-48dd-a674-5c4507ec15c9.jpg/250x188.webp https://prod.pictures.autoscout24.net/listing-images/2832f842-49d2-4525-93bf-15be6d222fc3_8506bfe5-10f7-407d-9741-ac9cbbfd56a6.jpg/250x188.webp https://prod.pictures.autoscout24.net/listing-images/2832f842-49d2-4525-93bf-15be6d222fc3_adfcabdd-804b-4f2d-9107-b36ff1731ec2.jpg/250x188.webp https://prod.pictures.autoscout24.net/listing-images/2832f842-49d2-4525-93bf-15be6d222fc3_b5db5090-3a5d-4304-b501-17b84320378d.jpg/250x188.webp https://prod.pictures.autoscout24.net/listing-images/2832f842-49d2-4525-93bf-15be6d222fc3_bb826fde-9605-49eb-b295-6e5bce02ff6b.jpg/250x188.webp https://prod.pictures.autoscout24.net/listing-images/2832f842-49d2-4525-93bf-15be6d222fc3_91ce8148-385c-4137-b43a-39522ff996fd.jpg/250x188.webp https://prod.pictures.autoscout24.net/listing-images/2832f842-49d2-4525-93bf-15be6d222fc3_5294c9a4-f1a3-4dca-8042-b62a48471890.jpg/250x188.webp https://prod.pictures.autoscout24.net/listing-images/2832f842-49d2-4525-93bf-15be6d222fc3_717d3d6b-14ea-4319-bcc5-8b18a21684f2.jpg/250x188.webp https://prod.pictures.autoscout24.net/listing-images/2832f842-49d2-4525-93bf-15be6d222fc3_1b4acbac-2d5f-43a0-9e20-873c86643f67.jpg/250x188.webp https://prod.pictures.autoscout24.net/listing-images/2832f842-49d2-4525-93bf-15be6d222fc3_a936f4e2-e4c5-4fbf-b320-7ff77f0066b7.jpg/250x188.webp,37.9441917128707,7444
fd7d1c9e-0b3c-4097-a1f9-4b447dab814d,Nissan,X-Trail,2.0i 16v Elegance,Dealer,3500,b,125000,07-2003,1730,https://prod.pictures.autoscout24.net/listing-images/fd7d1c9e-0b3c-4097-a1f9-4b447dab814d_90237b67-4153-4ec3-bd03-1415d25608b9.jpg/250x188.webp https://prod.pictures.autoscout24.net/listing-images/fd7d1c9e-0b3c-4097-a1f9-4b447dab814d_5403ab64-171b-4f08-aec7-7b7c94ff1740.jpg/250x188.webp https://prod.pictures.autoscout24.net/listing-images/fd7d1c9e-0b3c-4097-a1f9-4b447dab814d_65381e6c-beff-4319-9c7c-f06b7a8af1e4.jpg/250x188.webp https://prod.pictures.autoscout24.net/listing-images/fd7d1c9e-0b3c-4097-a1f9-4b447dab814d_7dd3f94c-db8b-4a40-a877-be37e9ff3268.jpg/250x188.webp https://prod.pictures.autoscout24.net/listing-images/fd7d1c9e-0b3c-4097-a1f9-4b447dab814d_55de5ed7-a253-4652-ae0a-cf3369152b5d.jpg/250x188.webp https://prod.pictures.autoscout24.net/listing-images/fd7d1c9e-0b3c-4097-a1f9-4b447dab814d_7280cc36-db8a-4314-885e-aa8427c0cdcf.jpg/250x188.webp https://prod.pictures.autoscout24.net/listing-images/fd7d1c9e-0b3c-4097-a1f9-4b447dab814d_9b0d20c6-d029-4d61-b8a6-89243a85ddf0.jpg/250x188.webp https://prod.pictures.autoscout24.net/listing-images/fd7d1c9e-0b3c-4097-a1f9-4b447dab814d_522b4d10-490f-4bb3-a8e9-32a4630572ad.jpg/250x188.webp https://prod.pictures.autoscout24.net/listing-images/fd7d1c9e-0b3c-4097-a1f9-4b447dab814d_f889c7da-5fc8-4c63-afe4-9a004d852b0b.jpg/250x188.webp https://prod.pictures.autoscout24.net/listing-images/fd7d1c9e-0b3c-4097-a1f9-4b447dab814d_dbd769af-b8e1-446a-be80-01891cdc8346.jpg/250x188.webp https://prod.pictures.autoscout24.net/listing-images/fd7d1c9e-0b3c-4097-a1f9-4b447dab814d_5b2b230d-73b4-4d72-a711-6a38b2c3002e.jpg/250x188.webp,61.98157406185932,7110
7ef62a94-79aa-4f10-b336-5f95d27b5661,Nissan,100 NX,,PrivateSeller,3500,b,95000,04-1994,6110,https://prod.pictures.autoscout24.net/listing-images/7ef62a94-79aa-4f10-b336-5f95d27b5661_22a42ad4-196f-426a-ba1e-317a61e21916.jpg/250x188.webp https://prod.pictures.autoscout24.net/listing-images/7ef62a94-79aa-4f10-b336-5f95d27b5661_e6b2a875-b55e-4db7-8e47-95fed080b0a5.jpg/250x188.webp https://prod.pictures.autoscout24.net/listing-images/7ef62a94-79aa-4f10-b336-5f95d27b5661_08bd3640-737d-4f3d-a123-cb1797b9ff7d.jpg/250x188.webp https://prod.pictures.autoscout24.net/listing-images/7ef62a94-79aa-4f10-b336-5f95d27b5661_324d5e7a-1179-4ee6-8df9-f83b70cda32a.jpg/250x188.webp https://prod.pictures.autoscout24.net/listing-images/7ef62a94-79aa-4f10-b336-5f95d27b5661_a219404c-226d-49d7-a84e-668b43fa7a53.jpg/250x188.webp https://prod.pictures.autoscout24.net/listing-images/7ef62a94-79aa-4f10-b336-5f95d27b5661_2e0ced42-ab51-429b-91c3-e64a9390ac72.jpg/250x188.webp https://prod.pictures.autoscout24.net/listing-images/7ef62a94-79aa-4f10-b336-5f95d27b5661_cdd10a9f-d21f-4c07-a482-0baca774ad87.jpg/250x188.webp https://prod.pictures.autoscout24.net/listing-images/7ef62a94-79aa-4f10-b336-5f95d27b5661_905e1c40-4d0e-4aec-91ae-aefe7798a691.jpg/250x188.webp https://prod.pictures.autoscout24.net/listing-images/7ef62a94-79aa-4f10-b336-5f95d27b5661_834dd895-979d-4c02-aed5-4658def4fe89.jpg/250x188.webp https://prod.pictures.autoscout24.net/listing-images/7ef62a94-79aa-4f10-b336-5f95d27b5661_98f11d77-2200-4226-8b24-bc219ea63741.jpg/250x188.webp https://prod.pictures.autoscout24.net/listing-images/7ef62a94-79aa-4f10-b336-5f95d27b5661_229cc3c1-6522-4ad4-af9e-90952c79c86a.jpg/250x188.webp https://prod.pictures.autoscout24.net/listing-images/7ef62a94-79aa-4f10-b336-5f95d27b5661_f555d331-d166-4239-8907-7e7dee64068b.jpg/250x188.webp https://prod.pictures.autoscout24.net/listing-images/7ef62a94-79aa-4f10-b336-5f95d27b5661_a4dacf38-c84a-4ebd-b544-ff4f1bf8d10f.jpg/250x188.webp https://prod.pictures.autoscout24.net/listing-images/7ef62a94-79aa-4f10-b336-5f95d27b5661_d12c1129-d22f-4623-86c9-9bd316dcacfe.jpg/250x188.webp https://prod.pictures.autoscout24.net/listing-images/7ef62a94-79aa-4f10-b336-5f95d27b5661_ec8f5caf-fd1f-4770-86a7-c19be4c814db.jpg/250x188.webp https://prod.pictures.autoscout24.net/listing-images/7ef62a94-79aa-4f10-b336-5f95d27b5661_333c503b-bea2-419c-a997-1a4332cbc000.jpg/250x188.webp https://prod.pictures.autoscout24.net/listing-images/7ef62a94-79aa-4f10-b336-5f95d27b5661_9889b441-3fee-4e38-b678-36225190df90.jpg/250x188.webp,121.07873748213329,10488
ab7068e9-e351-4b28-9827-8906737d5da5,Nissan,100 NX,1600cc twincam  targa toit ouvrant,Dealer,3550,b,235000,01-1994,1420,https://prod.pictures.autoscout24.net/listing-images/ab7068e9-e351-4b28-9827-8906737d5da5_3bd50e3a-955e-43d8-8cfa-64ea0705ed35.jpg/250x188.webp https://prod.pictures.autoscout24.net/listing-images/ab7068e9-e351-4b28-9827-8906737d5da5_c961f617-1efc-43a9-b1c9-c002b381028c.jpg/250x188.webp https://prod.pictures.autoscout24.net/listing-images/ab7068e9-e351-4b28-9827-8906737d5da5_f25419d3-66e7-483e-9228-2ac7a1ea8c01.jpg/250x188.webp https://prod.pictures.autoscout24.net/listing-images/ab7068e9-e351-4b28-9827-8906737d5da5_52f4ac29-4ddd-4b58-be03-b190a186e3f4.jpg/250x188.webp https://prod.pictures.autoscout24.net/listing-images/ab7068e9-e351-4b28-9827-8906737d5da5_a4fd7ae2-4f11-4316-a736-5c94af45c943.jpg/250x188.webp https://prod.pictures.autoscout24.net/listing-images/ab7068e9-e351-4b28-9827-8906737d5da5_573e3b19-6d37-4b48-85bb-138f289a7b9a.jpg/250x188.webp https://prod.pictures.autoscout24.net/listing-images/ab7068e9-e351-4b28-9827-8906737d5da5_9797cf90-c428-4cc2-82c1-9a2df5ef5c75.jpg/250x188.webp https://prod.pictures.autoscout24.net/listing-images/ab7068e9-e351-4b28-9827-8906737d5da5_65f025c3-00e8-493b-a9e6-f7de26ec5f2d.jpg/250x188.webp https://prod.pictures.autoscout24.net/listing-images/ab7068e9-e351-4b28-9827-8906737d5da5_6981350c-4574-4355-b80b-d83c3667aa2a.jpg/250x188.webp https://prod.pictures.autoscout24.net/listing-images/ab7068e9-e351-4b28-9827-8906737d5da5_ec5ea3e5-2463-4bf1-b37b-6cf4bc9fdb7b.jpg/250x188.webp https://prod.pictures.autoscout24.net/listing-images/ab7068e9-e351-4b28-9827-8906737d5da5_5b5fb868-6c05-448f-8be1-6377042181c0.jpg/250x188.webp https://prod.pictures.autoscout24.net/listing-images/ab7068e9-e351-4b28-9827-8906737d5da5_3666d9d7-ea39-4671-bcc0-e6b088d9f714.jpg/250x188.webp https://prod.pictures.autoscout24.net/listing-images/ab7068e9-e351-4b28-9827-8906737d5da5_5f3f689f-7b94-470b-aa04-dfeb1d8d4008.jpg/250x188.webp,87.49639779077864,10578
1b2264e7-28a9-4dbb-afb4-b030e5ea4c19,Nissan,Micra,1.2i 16v Acenta A/C 12 mois de garantie,Dealer,3650,b,43000,05-2006,1930,https://prod.pictures.autoscout24.net/listing-images/1b2264e7-28a9-4dbb-afb4-b030e5ea4c19_5528e859-ae68-40de-8543-3485eecf2860.jpg/250x188.webp https://prod.pictures.autoscout24.net/listing-images/1b2264e7-28a9-4dbb-afb4-b030e5ea4c19_324a10e9-ca62-4a8d-92f9-32c2f3c54a0b.jpg/250x188.webp https://prod.pictures.autoscout24.net/listing-images/1b2264e7-28a9-4dbb-afb4-b030e5ea4c19_1931d203-a63b-4b01-8a35-d347d5990fb0.jpg/250x188.webp https://prod.pictures.autoscout24.net/listing-images/1b2264e7-28a9-4dbb-afb4-b030e5ea4c19_a31ed5f5-69f7-442f-83e0-42968286ce82.jpg/250x188.webp https://prod.pictures.autoscout24.net/listing-images/1b2264e7-28a9-4dbb-afb4-b030e5ea4c19_dfe021f5-380b-4faf-8b79-c376a891e6b3.jpg/250x188.webp https://prod.pictures.autoscout24.net/listing-images/1b2264e7-28a9-4dbb-afb4-b030e5ea4c19_ba86ca2d-50e4-4da0-a044-b03b9b86bf65.jpg/250x188.webp https://prod.pictures.autoscout24.net/listing-images/1b2264e7-28a9-4dbb-afb4-b030e5ea4c19_210f97a2-4838-4a5d-b8d7-8624d6b3257b.jpg/250x188.webp https://prod.pictures.autoscout24.net/listing-images/1b2264e7-28a9-4dbb-afb4-b030e5ea4c19_910226d4-9a22-4273-94fe-666f2f77370c.jpg/250x188.webp https://prod.pictures.autoscout24.net/listing-images/1b2264e7-28a9-4dbb-afb4-b030e5ea4c19_9b12545a-018e-4ab7-83c7-6123184e7378.jpg/250x188.webp https://prod.pictures.autoscout24.net/listing-images/1b2264e7-28a9-4dbb-afb4-b030e5ea4c19_70f02a95-fd4b-44d7-957d-dfd43c16897c.jpg/250x188.webp https://prod.pictures.autoscout24.net/listing-images/1b2264e7-28a9-4dbb-afb4-b030e5ea4c19_60cf00aa-712f-440f-8eeb-b7387794a114.jpg/250x188.webp https://prod.pictures.autoscout24.net/listing-images/1b2264e7-28a9-4dbb-afb4-b030e5ea4c19_50024559-2acb-4d80-a038-7c4e74bccfba.jpg/250x188.webp,65.18883147641638,6075
8c624237-c2ad-4556-b421-0de534a35979,Nissan,Qashqai,1.5 dCi 2WD Acenta Pack + AIRCO,Dealer,3700,d,348000,09-2007,1410,https://prod.pictures.autoscout24.net/listing-images/8c624237-c2ad-4556-b421-0de534a35979_61876f83-2571-40c5-a734-593029bb6905.jpg/250x188.webp https://prod.pictures.autoscout24.net/listing-images/8c624237-c2ad-4556-b421-0de534a35979_b39be56d-6df6-4cdc-ba49-93c1de6a444e.jpg/250x188.webp https://prod.pictures.autoscout24.net/listing-images/8c624237-c2ad-4556-b421-0de534a35979_73572325-167e-4130-995e-53567c24468a.jpg/250x188.webp https://prod.pictures.autoscout24.net/listing-images/8c624237-c2ad-4556-b421-0de534a35979_430ab8f1-ebfe-4f45-9af1-1283348e41d6.jpg/250x188.webp https://prod.pictures.autoscout24.net/listing-images/8c624237-c2ad-4556-b421-0de534a35979_f8332af7-d55c-4fb6-902c-1b5ab27233a1.jpg/250x188.webp https://prod.pictures.autoscout24.net/listing-images/8c624237-c2ad-4556-b421-0de534a35979_e8f7342e-65ff-441d-866d-7aef002622f6.jpg/250x188.webp https://prod.pictures.autoscout24.net/listing-images/8c624237-c2ad-4556-b421-0de534a35979_a41dfe14-feed-490a-a54f-9f3f634b0cb5.jpg/250x188.webp https://prod.pictures.autoscout24.net/listing-images/8c624237-c2ad-4556-b421-0de534a35979_e37d1a29-c771-4782-a130-66ce8076bf46.jpg/250x188.webp https://prod.pictures.autoscout24.net/listing-images/8c624237-c2ad-4556-b421-0de534a35979_1e6781ff-05f7-4a9f-b7f5-28c24dfe6edb.jpg/250x188.webp https://prod.pictures.autoscout24.net/listing-images/8c624237-c2ad-4556-b421-0de534a35979_eb075bfc-26d5-47a8-b63a-569c23ac2b2a.jpg/250x188.webp https://prod.pictures.autoscout24.net/listing-images/8c624237-c2ad-4556-b421-0de534a35979_98da319a-4b51-41b7-ba22-baca1c7da953.jpg/250x188.webp,83.89428081314767,5587
0b8b28de-6761-42a8-8a1d-e68ce36cc4f6,Nissan,Pixo,1.0i Acenta *ONDERHOUDSBOEK!!!!*,Dealer,3700,b,182585,02-2013,8540,https://prod.pictures.autoscout24.net/listing-images/0b8b28de-6761-42a8-8a1d-e68ce36cc4f6_eecefd67-1f2c-4e83-9781-878d6bc14458.jpg/250x188.webp https://prod.pictures.autoscout24.net/listing-images/0b8b28de-6761-42a8-8a1d-e68ce36cc4f6_644906c7-1985-47f7-b14e-b01f678888a1.jpg/250x188.webp https://prod.pictures.autoscout24.net/listing-images/0b8b28de-6761-42a8-8a1d-e68ce36cc4f6_e5b0f2f7-101d-468b-ac1f-dbb99b3a61fd.jpg/250x188.webp https://prod.pictures.autoscout24.net/listing-images/0b8b28de-6761-42a8-8a1d-e68ce36cc4f6_f449a745-2f61-46e0-bf6e-0b3b59fc9f89.jpg/250x188.webp https://prod.pictures.autoscout24.net/listing-images/0b8b28de-6761-42a8-8a1d-e68ce36cc4f6_404031d9-638d-4398-b687-7e59ca161d72.jpg/250x188.webp https://prod.pictures.autoscout24.net/listing-images/0b8b28de-6761-42a8-8a1d-e68ce36cc4f6_1f3794c7-7a0d-43fb-b941-946b4977dbd6.jpg/250x188.webp https://prod.pictures.autoscout24.net/listing-images/0b8b28de-6761-42a8-8a1d-e68ce36cc4f6_1620403b-8f0b-4c67-82cb-18e346ae5f2a.jpg/250x188.webp https://prod.pictures.autoscout24.net/listing-images/0b8b28de-6761-42a8-8a1d-e68ce36cc4f6_17ca7826-059f-43b3-8fd2-8bfa76a01f1c.jpg/250x188.webp https://prod.pictures.autoscout24.net/listing-images/0b8b28de-6761-42a8-8a1d-e68ce36cc4f6_d1bb7fea-c4b9-4fd3-af4a-4e819ea77460.jpg/250x188.webp https://prod.pictures.autoscout24.net/listing-images/0b8b28de-6761-42a8-8a1d-e68ce36cc4f6_a1c59e58-aa1c-4f98-8cd3-74b21f6c8b5b.jpg/250x188.webp https://prod.pictures.autoscout24.net/listing-images/0b8b28de-6761-42a8-8a1d-e68ce36cc4f6_514dc283-bab5-4613-b987-69eec0658921.jpg/250x188.webp https://prod.pictures.autoscout24.net/listing-images/0b8b28de-6761-42a8-8a1d-e68ce36cc4f6_1ea223a8-e432-465d-8082-943e41b9bcde.jpg/250x188.webp,103.49888255567093,3607
57a9c07b-a653-4519-bf9d-b7e24be69865,Nissan,Micra,1.2i 16v Acenta A/C,PrivateSeller,3750,b,60000,10-2003,1180,https://prod.pictures.autoscout24.net/listing-images/57a9c07b-a653-4519-bf9d-b7e24be69865_a027917f-3e9b-44a0-95bc-3a62ed567d7a.jpg/250x188.webp https://prod.pictures.autoscout24.net/listing-images/57a9c07b-a653-4519-bf9d-b7e24be69865_4658716d-3ea0-4dbd-a5ca-77f04f9aa0ca.jpg/250x188.webp https://prod.pictures.autoscout24.net/listing-images/57a9c07b-a653-4519-bf9d-b7e24be69865_b9c3fdc2-3080-4d60-bc5b-4e987c0d02bd.jpg/250x188.webp https://prod.pictures.autoscout24.net/listing-images/57a9c07b-a653-4519-bf9d-b7e24be69865_4f263233-8312-4d4a-9501-9c3f5616d0d5.jpg/250x188.webp https://prod.pictures.autoscout24.net/listing-images/57a9c07b-a653-4519-bf9d-b7e24be69865_41f27684-3932-4ffd-b775-adbc36496684.jpg/250x188.webp https://prod.pictures.autoscout24.net/listing-images/57a9c07b-a653-4519-bf9d-b7e24be69865_193cc084-6968-4f1e-8fde-1fbd08118314.jpg/250x188.webp https://prod.pictures.autoscout24.net/listing-images/57a9c07b-a653-4519-bf9d-b7e24be69865_973a8b42-4633-4bee-a309-0bbefceecda3.jpg/250x188.webp https://prod.pictures.autoscout24.net/listing-images/57a9c07b-a653-4519-bf9d-b7e24be69865_2440f352-a4d8-4619-b94e-c682f3d08d2c.jpg/250x188.webp https://prod.pictures.autoscout24.net/listing-images/57a9c07b-a653-4519-bf9d-b7e24be69865_6ac6f02a-e4f0-4267-bc0f-04dff909bfd9.jpg/250x188.webp https://prod.pictures.autoscout24.net/listing-images/57a9c07b-a653-4519-bf9d-b7e24be69865_65a7d458-df00-462b-a67d-24e2675359bd.jpg/250x188.webp https://prod.pictures.autoscout24.net/listing-images/57a9c07b-a653-4519-bf9d-b7e24be69865_ed59bdb6-b7e0-4415-acfb-e4bb7f5ee052.jpg/250x188.webp https://prod.pictures.autoscout24.net/listing-images/57a9c07b-a653-4519-bf9d-b7e24be69865_6069e5f5-449e-4c39-bca8-4faa167ed209.jpg/250x188.webp https://prod.pictures.autoscout24.net/listing-images/57a9c07b-a653-4519-bf9d-b7e24be69865_b5857f54-b38b-449d-a424-82a4186f999a.jpg/250x188.webp https://prod.pictures.autoscout24.net/listing-images/57a9c07b-a653-4519-bf9d-b7e24be69865_1b268e94-3cd2-4c84-8e58-a9f0bbe69a8e.jpg/250x188.webp,74.57281408996285,7018
c3056aa7-f170-4f6c-8054-090d6ef6ce55,Nissan,Pixo,,PrivateSeller,3750,b,122000,06-2010,8380,https://prod.pictures.autoscout24.net/listing-images/c3056aa7-f170-4f6c-8054-090d6ef6ce55_8ed81258-84d8-483e-bddd-8116a76a2082.jpg/250x188.webp https://prod.pictures.autoscout24.net/listing-images/c3056aa7-f170-4f6c-8054-090d6ef6ce55_c9e8395e-989d-445b-88fe-8915a8290708.jpg/250x188.webp https://prod.pictures.autoscout24.net/listing-images/c3056aa7-f170-4f6c-8054-090d6ef6ce55_3dafa500-aea0-47c3-87c2-43b8e716199d.jpg/250x188.webp https://prod.pictures.autoscout24.net/listing-images/c3056aa7-f170-4f6c-8054-090d6ef6ce55_ffff6d4e-5b29-4d1e-b639-7184cf833c6c.jpg/250x188.webp https://prod.pictures.autoscout24.net/listing-images/c3056aa7-f170-4f6c-8054-090d6ef6ce55_1f59461e-1a3f-43aa-9613-edfcc28ebb51.jpg/250x188.webp https://prod.pictures.autoscout24.net/listing-images/c3056aa7-f170-4f6c-8054-090d6ef6ce55_85a1ead1-ac9f-4870-a434-14956e6b6cab.jpg/250x188.webp,90.14800322419548,4583
63df43aa-ffa6-4804-8c41-566cfdb2a3bd,Nissan,Micra,1.2 CITY,PrivateSeller,3800,b,109000,02-2005,2800,https://prod.pictures.autoscout24.net/listing-images/63df43aa-ffa6-4804-8c41-566cfdb2a3bd_82914e6d-9424-4fde-bd13-62eccce4ef3c.jpg/250x188.webp https://prod.pictures.autoscout24.net/listing-images/63df43aa-ffa6-4804-8c41-566cfdb2a3bd_3759eceb-9c08-4ddb-a80a-104cb9a13981.jpg/250x188.webp https://prod.pictures.autoscout24.net/listing-images/63df43aa-ffa6-4804-8c41-566cfdb2a3bd_e1e4eaf0-85ef-4cfd-ac19-99ead4fdcc67.jpg/250x188.webp https://prod.pictures.autoscout24.net/listing-images/63df43aa-ffa6-4804-8c41-566cfdb2a3bd_01458f34-9500-4350-b869-5c5c1ea16516.jpg/250x188.webp https://prod.pictures.autoscout24.net/listing-images/63df43aa-ffa6-4804-8c41-566cfdb2a3bd_6e55d07b-d3bf-4cb6-b424-0c9af356373d.jpg/250x188.webp https://prod.pictures.autoscout24.net/listing-images/63df43aa-ffa6-4804-8c41-566cfdb2a3bd_7345ea3f-e7ee-47ee-b4a5-560b2005ec51.jpg/250x188.webp https://prod.pictures.autoscout24.net/listing-images/63df43aa-ffa6-4804-8c41-566cfdb2a3bd_505df8d9-7f74-40a7-adcb-e2278f85ec67.jpg/250x188.webp,49.170515286575046,6529
a3615391-e50a-4a79-bb62-f83e953310f7,Nissan,Micra,1.2 visia**Pret à immatriculer**LEZ 1/1/2030**,Dealer,3800,b,154000,09-2008,1600,https://prod.pictures.autoscout24.net/listing-images/a3615391-e50a-4a79-bb62-f83e953310f7_1868dfb5-d79e-4fdc-baaf-a7970bc90555.jpg/250x188.webp https://prod.pictures.autoscout24.net/listing-images/a3615391-e50a-4a79-bb62-f83e953310f7_aaf993f3-f364-44ea-9ed8-667fbf409f93.jpg/250x188.webp https://prod.pictures.autoscout24.net/listing-images/a3615391-e50a-4a79-bb62-f83e953310f7_23d361a3-eced-4810-a8ca-efb019eb7990.jpg/250x188.webp https://prod.pictures.autoscout24.net/listing-images/a3615391-e50a-4a79-bb62-f83e953310f7_3bda738c-f5df-426f-9227-95dfc3b9d8d3.jpg/250x188.webp https://prod.pictures.autoscout24.net/listing-images/a3615391-e50a-4a79-bb62-f83e953310f7_7c2e324f-a0d3-434c-b34d-4d1d7bdba090.jpg/250x188.webp https://prod.pictures.autoscout24.net/listing-images/a3615391-e50a-4a79-bb62-f83e953310f7_96f7e760-a5c1-40c8-9669-f81b39ba3033.jpg/250x188.webp https://prod.pictures.autoscout24.net/listing-images/a3615391-e50a-4a79-bb62-f83e953310f7_eea99e18-58c6-4a40-b7ce-ca4716a0c778.jpg/250x188.webp https://prod.pictures.autoscout24.net/listing-images/a3615391-e50a-4a79-bb62-f83e953310f7_d02713a9-8139-4e01-80cc-b06d7f7f5b68.jpg/250x188.webp https://prod.pictures.autoscout24.net/listing-images/a3615391-e50a-4a79-bb62-f83e953310f7_8f688b00-80ca-44c0-ada9-a1c47c758477.jpg/250x188.webp https://prod.pictures.autoscout24.net/listing-images/a3615391-e50a-4a79-bb62-f83e953310f7_986e9871-f350-4b86-bcbc-60a721f2b94f.jpg/250x188.webp https://prod.pictures.autoscout24.net/listing-images/a3615391-e50a-4a79-bb62-f83e953310f7_f7d25199-f2c0-4d73-9cc5-cf994b2fcaef.jpg/250x188.webp,78.61296004280759,5221
cf61a97f-da19-477f-bf11-a297e45116a9,Nissan,Pixo,,PrivateSeller,3800,b,85000,11-2011,7623,https://prod.pictures.autoscout24.net/listing-images/cf61a97f-da19-477f-bf11-a297e45116a9_9a2603ff-caf3-4de0-a38c-3433cf0da6cc.jpg/250x188.webp,130.84415516264653,4065
ba783592-2552-4eab-a6ba-c3b5a3659753,Nissan,Qashqai,1.5 dCi 2WD Acenta,PrivateSeller,3800,d,250000,12-2007,7000,https://prod.pictures.autoscout24.net/listing-images/ba783592-2552-4eab-a6ba-c3b5a3659753_b2c5047e-c9a1-4ee9-ac9f-241b78eb798c.jpg/250x188.webp https://prod.pictures.autoscout24.net/listing-images/ba783592-2552-4eab-a6ba-c3b5a3659753_8d87e237-64b2-45fa-b1a2-322665d77215.jpg/250x188.webp https://prod.pictures.autoscout24.net/listing-images/ba783592-2552-4eab-a6ba-c3b5a3659753_0c97ddaa-9aa4-4b48-a8a4-106b3c896964.jpg/250x188.webp https://prod.pictures.autoscout24.net/listing-images/ba783592-2552-4eab-a6ba-c3b5a3659753_46ab63ba-ce2b-41b6-ab45-7b2575e0b3f5.jpg/250x188.webp https://prod.pictures.autoscout24.net/listing-images/ba783592-2552-4eab-a6ba-c3b5a3659753_7febfc93-e0c5-4680-855b-fb272dc50271.jpg/250x188.webp https://prod.pictures.autoscout24.net/listing-images/ba783592-2552-4eab-a6ba-c3b5a3659753_bbffc90e-7f84-4714-9e07-d4ce48d90bd8.jpg/250x188.webp,118.39471915054493,5496
db6403fb-899e-4960-b4d1-4d736a6a5907,Nissan,Pixo,1.0i Acenta,Dealer,3850,b,80000,02-2011,1600,https://prod.pictures.autoscout24.net/listing-images/db6403fb-899e-4960-b4d1-4d736a6a5907_9a03d3ed-a858-4ba7-8851-60bcdfb33e36.jpg/250x188.webp https://prod.pictures.autoscout24.net/listing-images/db6403fb-899e-4960-b4d1-4d736a6a5907_f40b56e3-8f5e-4385-81b1-b7a6568b091a.jpg/250x188.webp https://prod.pictures.autoscout24.net/listing-images/db6403fb-899e-4960-b4d1-4d736a6a5907_931a0390-1f9f-4810-beaf-91e30e8f723b.jpg/250x188.webp https://prod.pictures.autoscout24.net/listing-images/db6403fb-899e-4960-b4d1-4d736a6a5907_35f9ced9-1394-4459-a9d6-d01f9a2b28a3.jpg/250x188.webp https://prod.pictures.autoscout24.net/listing-images/db6403fb-899e-4960-b4d1-4d736a6a5907_04df0c2d-bce8-4f39-9ae9-d387a2a29222.jpg/250x188.webp https://prod.pictures.autoscout24.net/listing-images/db6403fb-899e-4960-b4d1-4d736a6a5907_45cc220e-615b-4165-a50e-62b1591dc55b.jpg/250x188.webp https://prod.pictures.autoscout24.net/listing-images/db6403fb-899e-4960-b4d1-4d736a6a5907_15aaa877-c279-4b72-82da-e15e3d0d7c17.jpg/250x188.webp https://prod.pictures.autoscout24.net/listing-images/db6403fb-899e-4960-b4d1-4d736a6a5907_61e5ab06-5c61-4226-bf73-0704be687d32.jpg/250x188.webp https://prod.pictures.autoscout24.net/listing-images/db6403fb-899e-4960-b4d1-4d736a6a5907_c99f81e3-af56-4617-95e2-0c92cd5d4db0.jpg/250x188.webp,78.61296004280759,4338
e750618f-3b0e-4127-901d-2156befe5e5b,Nissan,Micra,1.2i  * Essence * 94.000 KM * Airco *,PrivateSeller,3850,b,94000,01-2008,6250,https://prod.pictures.autoscout24.net/listing-images/e750618f-3b0e-4127-901d-2156befe5e5b_db3ab96f-2405-4fdc-a1c8-fc5dd06bd65b.jpg/250x188.webp https://prod.pictures.autoscout24.net/listing-images/e750618f-3b0e-4127-901d-2156befe5e5b_8f9bae95-b45d-4689-9a81-467e3084ac0d.jpg/250x188.webp https://prod.pictures.autoscout24.net/listing-images/e750618f-3b0e-4127-901d-2156befe5e5b_d596b62a-ee18-482f-a334-1de87ded3948.jpg/250x188.webp https://prod.pictures.autoscout24.net/listing-images/e750618f-3b0e-4127-901d-2156befe5e5b_39b57a9a-90f1-4829-a994-e9a8073048d5.jpg/250x188.webp https://prod.pictures.autoscout24.net/listing-images/e750618f-3b0e-4127-901d-2156befe5e5b_d8381687-9589-42b9-af81-6ec79e034320.jpg/250x188.webp https://prod.pictures.autoscout24.net/listing-images/e750618f-3b0e-4127-901d-2156befe5e5b_120656dd-4a5a-47f9-b5d2-e1eefce85796.jpg/250x188.webp https://prod.pictures.autoscout24.net/listing-images/e750618f-3b0e-4127-901d-2156befe5e5b_512028c5-3e07-43b3-8742-006639b02f21.jpg/250x188.webp https://prod.pictures.autoscout24.net/listing-images/e750618f-3b0e-4127-901d-2156befe5e5b_bbf0b3ea-2176-4f7b-885f-d35f892a355d.jpg/250x188.webp https://prod.pictures.autoscout24.net/listing-images/e750618f-3b0e-4127-901d-2156befe5e5b_69daed61-bbb5-4432-8686-8b5a3da2db7a.jpg/250x188.webp https://prod.pictures.autoscout24.net/listing-images/e750618f-3b0e-4127-901d-2156befe5e5b_9b56d1fb-9288-4cf2-b277-6642604e45e0.jpg/250x188.webp https://prod.pictures.autoscout24.net/listing-images/e750618f-3b0e-4127-901d-2156befe5e5b_29ef6ff3-db6c-4e46-92e4-864e49e0379a.jpg/250x188.webp https://prod.pictures.autoscout24.net/listing-images/e750618f-3b0e-4127-901d-2156befe5e5b_6cbbf6e2-f1a0-4f9b-924a-425e20fd9700.jpg/250x188.webp,115.60596353389253,5465
a79b4867-b515-4bcf-ad5e-988b0e6e0e1b,Nissan,Murano,Automatique caméra Gps,Dealer,3850,b,140121,11-2006,1080,https://prod.pictures.autoscout24.net/listing-images/a79b4867-b515-4bcf-ad5e-988b0e6e0e1b_ac2e797f-1e9d-4546-8877-50357eb67b23.jpg/250x188.webp https://prod.pictures.autoscout24.net/listing-images/a79b4867-b515-4bcf-ad5e-988b0e6e0e1b_a04f99c3-159d-4ec1-8126-9f227a2e199b.jpg/250x188.webp https://prod.pictures.autoscout24.net/listing-images/a79b4867-b515-4bcf-ad5e-988b0e6e0e1b_13f21821-9f31-47ed-ab02-3c34df96cd07.jpg/250x188.webp https://prod.pictures.autoscout24.net/listing-images/a79b4867-b515-4bcf-ad5e-988b0e6e0e1b_619e51fe-1c1f-406e-811f-4731bf461893.jpg/250x188.webp https://prod.pictures.autoscout24.net/listing-images/a79b4867-b515-4bcf-ad5e-988b0e6e0e1b_514fd4bc-1562-4002-9a37-b0d3bd70ff19.jpg/250x188.webp https://prod.pictures.autoscout24.net/listing-images/a79b4867-b515-4bcf-ad5e-988b0e6e0e1b_7af8e7d0-9b6c-436d-84ad-8dc09143871e.jpg/250x188.webp https://prod.pictures.autoscout24.net/listing-images/a79b4867-b515-4bcf-ad5e-988b0e6e0e1b_f1b48ccb-7d7b-43ff-a751-f1d5388c8d26.jpg/250x188.webp https://prod.pictures.autoscout24.net/listing-images/a79b4867-b515-4bcf-ad5e-988b0e6e0e1b_9c74e387-52c3-438f-823f-79401553ba9d.jpg/250x188.webp https://prod.pictures.autoscout24.net/listing-images/a79b4867-b515-4bcf-ad5e-988b0e6e0e1b_464474b5-2238-4a16-82e0-ba1f73dcab5d.jpg/250x188.webp https://prod.pictures.autoscout24.net/listing-images/a79b4867-b515-4bcf-ad5e-988b0e6e0e1b_00a58a10-bb5f-4e74-bdee-a71c470dfc74.jpg/250x188.webp https://prod.pictures.autoscout24.net/listing-images/a79b4867-b515-4bcf-ad5e-988b0e6e0e1b_d83d06c4-657b-4c7d-87f4-59042f1bbbe3.jpg/250x188.webp,69.57979227671277,5891
5d37e3bb-119c-4d1f-a683-6f7d14e92b3e,Nissan,Cabstar,3.0l,PrivateSeller,3900,d,190000,02-2011,1860,https://prod.pictures.autoscout24.net/listing-images/5d37e3bb-119c-4d1f-a683-6f7d14e92b3e_a72f9676-cf96-465f-a0c6-9ef02b6e61c4.jpg/250x188.webp https://prod.pictures.autoscout24.net/listing-images/5d37e3bb-119c-4d1f-a683-6f7d14e92b3e_17cedbfa-69f0-424e-bc37-d882a8ad91ce.jpg/250x188.webp https://prod.pictures.autoscout24.net/listing-images/5d37e3bb-119c-4d1f-a683-6f7d14e92b3e_7f8e8b69-efac-4ae7-87f7-a2a56a1e2134.jpg/250x188.webp https://prod.pictures.autoscout24.net/listing-images/5d37e3bb-119c-4d1f-a683-6f7d14e92b3e_a1f74c78-c591-4352-bd2a-6fa3d1c3a720.jpg/250x188.webp https://prod.pictures.autoscout24.net/listing-images/5d37e3bb-119c-4d1f-a683-6f7d14e92b3e_29b7d71c-dff0-4d7b-aa35-05b7865890d1.jpg/250x188.webp https://prod.pictures.autoscout24.net/listing-images/5d37e3bb-119c-4d1f-a683-6f7d14e92b3e_c3463473-fa0b-4ba5-ad4c-d7fad0d27f65.jpg/250x188.webp,59.6090801187706,4338
0c158b4f-74df-453e-89b2-a401cfc52bf6,Nissan,Pixo,1.0i ACENTA - EXCELLENT ETAT,Dealer,3900,b,120914,12-2011,6250,https://prod.pictures.autoscout24.net/listing-images/0c158b4f-74df-453e-89b2-a401cfc52bf6_433c7d33-2bb7-45ad-8db2-0ac26c2426b8.jpg/250x188.webp https://prod.pictures.autoscout24.net/listing-images/0c158b4f-74df-453e-89b2-a401cfc52bf6_8f7f083b-6a2c-448e-842e-88504c798a2b.jpg/250x188.webp https://prod.pictures.autoscout24.net/listing-images/0c158b4f-74df-453e-89b2-a401cfc52bf6_30a538da-e7cc-444d-8aad-ff350a0fc231.jpg/250x188.webp https://prod.pictures.autoscout24.net/listing-images/0c158b4f-74df-453e-89b2-a401cfc52bf6_64360105-f90a-4b10-bed7-349632b32c94.jpg/250x188.webp https://prod.pictures.autoscout24.net/listing-images/0c158b4f-74df-453e-89b2-a401cfc52bf6_9c60c951-48e7-48bf-812f-2004bb58b6be.jpg/250x188.webp https://prod.pictures.autoscout24.net/listing-images/0c158b4f-74df-453e-89b2-a401cfc52bf6_b96ab00e-fe58-408b-a40b-df63f72fa8a0.jpg/250x188.webp https://prod.pictures.autoscout24.net/listing-images/0c158b4f-74df-453e-89b2-a401cfc52bf6_26060ae5-bed4-4845-a93d-f2696c6f6f08.jpg/250x188.webp https://prod.pictures.autoscout24.net/listing-images/0c158b4f-74df-453e-89b2-a401cfc52bf6_53ab989b-ccb0-4e01-8285-e9351f89be08.jpg/250x188.webp https://prod.pictures.autoscout24.net/listing-images/0c158b4f-74df-453e-89b2-a401cfc52bf6_f8e86f4c-632d-420d-9308-a3b62011b986.jpg/250x188.webp https://prod.pictures.autoscout24.net/listing-images/0c158b4f-74df-453e-89b2-a401cfc52bf6_e05fe297-0efe-48ee-b067-395ed41549db.jpg/250x188.webp https://prod.pictures.autoscout24.net/listing-images/0c158b4f-74df-453e-89b2-a401cfc52bf6_34da9c89-7eaa-4a97-b513-330482b22ed4.jpg/250x188.webp https://prod.pictures.autoscout24.net/listing-images/0c158b4f-74df-453e-89b2-a401cfc52bf6_ff4cfdf2-99a9-4b08-a1d6-3b878d7b2e37.jpg/250x188.webp https://prod.pictures.autoscout24.net/listing-images/0c158b4f-74df-453e-89b2-a401cfc52bf6_2fb5b61d-3dce-44b6-a35c-53753324deed.jpg/250x188.webp https://prod.pictures.autoscout24.net/listing-images/0c158b4f-74df-453e-89b2-a401cfc52bf6_a6380790-934b-4455-a034-cbccb7254601.jpg/250x188.webp https://prod.pictures.autoscout24.net/listing-images/0c158b4f-74df-453e-89b2-a401cfc52bf6_d8192637-6325-4af5-9c65-5279a2b731ee.jpg/250x188.webp https://prod.pictures.autoscout24.net/listing-images/0c158b4f-74df-453e-89b2-a401cfc52bf6_dd267af8-58bc-42e3-90e0-a63e06c40f75.jpg/250x188.webp https://prod.pictures.autoscout24.net/listing-images/0c158b4f-74df-453e-89b2-a401cfc52bf6_ff9b3910-c218-4854-a3f5-3ec493d3a42b.jpg/250x188.webp https://prod.pictures.autoscout24.net/listing-images/0c158b4f-74df-453e-89b2-a401cfc52bf6_3a4e05f7-ad09-4de9-897a-546978bfb413.jpg/250x188.webp https://prod.pictures.autoscout24.net/listing-images/0c158b4f-74df-453e-89b2-a401cfc52bf6_62d2bb58-2915-4339-a431-d2d2ecd627db.jpg/250x188.webp,115.60596353389253,4035
dbb7cac6-02ca-4070-90f3-9cd42c05e8b6,Nissan,Pixo,1.0 acenta - 64.151 KM,Dealer,3950,b,64151,11-2010,6150,https://prod.pictures.autoscout24.net/listing-images/dbb7cac6-02ca-4070-90f3-9cd42c05e8b6_c7e03cdf-74c3-4b77-924c-589702271486.jpg/250x188.webp https://prod.pictures.autoscout24.net/listing-images/dbb7cac6-02ca-4070-90f3-9cd42c05e8b6_cdbbdf8e-f76a-4559-903c-b8cd037a9000.jpg/250x188.webp https://prod.pictures.autoscout24.net/listing-images/dbb7cac6-02ca-4070-90f3-9cd42c05e8b6_9716ac52-6578-41d1-ae1d-85bb8c35b747.jpg/250x188.webp https://prod.pictures.autoscout24.net/listing-images/dbb7cac6-02ca-4070-90f3-9cd42c05e8b6_bc75d021-7bde-48ec-ae34-a889204e7019.jpg/250x188.webp https://prod.pictures.autoscout24.net/listing-images/dbb7cac6-02ca-4070-90f3-9cd42c05e8b6_2cd1a03f-3e96-42e0-be8c-20ff75afa9ce.jpg/250x188.webp https://prod.pictures.autoscout24.net/listing-images/dbb7cac6-02ca-4070-90f3-9cd42c05e8b6_e3e310e4-d9ae-4a1b-8166-1b57144a2459.jpg/250x188.webp https://prod.pictures.autoscout24.net/listing-images/dbb7cac6-02ca-4070-90f3-9cd42c05e8b6_07c2b7c5-08eb-4c63-b390-da5dc73041a1.jpg/250x188.webp https://prod.pictures.autoscout24.net/listing-images/dbb7cac6-02ca-4070-90f3-9cd42c05e8b6_bd369bc8-89be-4e9e-b714-7f38d65b17c2.jpg/250x188.webp https://prod.pictures.autoscout24.net/listing-images/dbb7cac6-02ca-4070-90f3-9cd42c05e8b6_7c82f6e2-b2ee-4202-a1f5-6aed2c1cd200.jpg/250x188.webp,118.77654030835686,4430
afde135e-808a-48ee-945b-c61c4785251b,Nissan,Micra,,Dealer,3990,b,210000,01-2014,6060,https://prod.pictures.autoscout24.net/listing-images/afde135e-808a-48ee-945b-c61c4785251b_903c2a76-2924-4b4c-980e-2e14fe158d21.jpg/250x188.webp https://prod.pictures.autoscout24.net/listing-images/afde135e-808a-48ee-945b-c61c4785251b_9652a152-a8ce-49d7-96ad-f54b0bfbddca.jpg/250x188.webp https://prod.pictures.autoscout24.net/listing-images/afde135e-808a-48ee-945b-c61c4785251b_edee8e3a-78fa-4cc7-b951-f56bb367b66d.jpg/250x188.webp https://prod.pictures.autoscout24.net/listing-images/afde135e-808a-48ee-945b-c61c4785251b_abf5eff4-b7ad-4a0f-b808-360195c23488.jpg/250x188.webp https://prod.pictures.autoscout24.net/listing-images/afde135e-808a-48ee-945b-c61c4785251b_168ccfc4-ad23-4c1a-b6b5-65fba91cb11a.jpg/250x188.webp https://prod.pictures.autoscout24.net/listing-images/afde135e-808a-48ee-945b-c61c4785251b_3a9fa759-c5f0-4112-b99c-389f3be979e6.jpg/250x188.webp https://prod.pictures.autoscout24.net/listing-images/afde135e-808a-48ee-945b-c61c4785251b_0026c796-64bd-4693-8ce6-98331be12971.jpg/250x188.webp https://prod.pictures.autoscout24.net/listing-images/afde135e-808a-48ee-945b-c61c4785251b_43592943-7f03-4240-9d3a-322dcf402d2d.jpg/250x188.webp https://prod.pictures.autoscout24.net/listing-images/afde135e-808a-48ee-945b-c61c4785251b_602334ea-320c-4993-98ec-7d2e8e57421f.jpg/250x188.webp https://prod.pictures.autoscout24.net/listing-images/afde135e-808a-48ee-945b-c61c4785251b_960a7fc3-1f53-4de2-a7d6-19f7ebc60c64.jpg/250x188.webp,116.023023143389,3273
4970a1a0-ec84-42df-a6ca-a577008348f8,Nissan,Pixo,1.0i Acenta,PrivateSeller,3990,b,64000,10-2010,8000,,90.37195651627515,4461
f1c6ba73-af69-4b1a-82cd-3abbc1c69db9,Nissan,Pixo,1.0i Acenta**AIRCO** GARANTIE **,Dealer,3990,b,126682,04-2011,7080,https://prod.pictures.autoscout24.net/listing-images/f1c6ba73-af69-4b1a-82cd-3abbc1c69db9_b67b891f-e32e-47c7-977c-7b821fb4ea1c.jpg/250x188.webp https://prod.pictures.autoscout24.net/listing-images/f1c6ba73-af69-4b1a-82cd-3abbc1c69db9_ad0f797d-8b48-468e-987f-ff1f14f7bb34.jpg/250x188.webp https://prod.pictures.autoscout24.net/listing-images/f1c6ba73-af69-4b1a-82cd-3abbc1c69db9_c370e502-4336-4713-87eb-355f9e6d5d1e.jpg/250x188.webp https://prod.pictures.autoscout24.net/listing-images/f1c6ba73-af69-4b1a-82cd-3abbc1c69db9_d229642a-ad67-4d91-8b34-92988de0264c.jpg/250x188.webp https://prod.pictures.autoscout24.net/listing-images/f1c6ba73-af69-4b1a-82cd-3abbc1c69db9_3a8bcc16-2546-4b8d-a132-aa2927482c96.jpg/250x188.webp https://prod.pictures.autoscout24.net/listing-images/f1c6ba73-af69-4b1a-82cd-3abbc1c69db9_7245661d-fdb7-4400-8601-6d41045aa854.jpg/250x188.webp https://prod.pictures.autoscout24.net/listing-images/f1c6ba73-af69-4b1a-82cd-3abbc1c69db9_fe3c3b9c-22e1-41d8-86da-eb166c1f1b45.jpg/250x188.webp https://prod.pictures.autoscout24.net/listing-images/f1c6ba73-af69-4b1a-82cd-3abbc1c69db9_a59c28f1-dbae-4d8f-8f76-2aed196cc0e8.jpg/250x188.webp https://prod.pictures.autoscout24.net/listing-images/f1c6ba73-af69-4b1a-82cd-3abbc1c69db9_fb3cbc85-3ea2-4bd5-a9a6-ae9377393a7e.jpg/250x188.webp https://prod.pictures.autoscout24.net/listing-images/f1c6ba73-af69-4b1a-82cd-3abbc1c69db9_b915f960-19ae-4835-8d21-f410b77bdf41.jpg/250x188.webp https://prod.pictures.autoscout24.net/listing-images/f1c6ba73-af69-4b1a-82cd-3abbc1c69db9_68ba0031-e61b-4293-9c83-462788854eaa.jpg/250x188.webp,124.84754400917438,4279
fb77ea10-a7ad-4f39-9a1e-96c855a89e57,Nissan,Pixo,,PrivateSeller,3999,b,63000,10-2010,8000,,90.37195651627515,4461
ce84d67d-1081-4a04-900d-86e55a8d8bea,Nissan,Micra,1.6i 16v Tekna+,PrivateSeller,4000,b,73000,06-2007,4100,https://prod.pictures.autoscout24.net/listing-images/ce84d67d-1081-4a04-900d-86e55a8d8bea_9f21bf72-eb5b-45a4-a13f-fa1ea1a64398.jpg/250x188.webp https://prod.pictures.autoscout24.net/listing-images/ce84d67d-1081-4a04-900d-86e55a8d8bea_66032d78-18df-4ac1-91f3-56708045803f.jpg/250x188.webp https://prod.pictures.autoscout24.net/listing-images/ce84d67d-1081-4a04-900d-86e55a8d8bea_d2d85198-8f71-4255-bdee-4305889d28b7.jpg/250x188.webp https://prod.pictures.autoscout24.net/listing-images/ce84d67d-1081-4a04-900d-86e55a8d8bea_964b911e-1c60-4d8f-87af-0860b1275570.jpg/250x188.webp https://prod.pictures.autoscout24.net/listing-images/ce84d67d-1081-4a04-900d-86e55a8d8bea_0e94df15-7e59-4723-83f0-0c0382b2b40a.jpg/250x188.webp https://prod.pictures.autoscout24.net/listing-images/ce84d67d-1081-4a04-900d-86e55a8d8bea_e4450e7e-1053-4fa6-932a-0ee709726495.jpg/250x188.webp https://prod.pictures.autoscout24.net/listing-images/ce84d67d-1081-4a04-900d-86e55a8d8bea_1e4f5774-0219-4039-bba3-e85d27ff5a4b.jpg/250x188.webp https://prod.pictures.autoscout24.net/listing-images/ce84d67d-1081-4a04-900d-86e55a8d8bea_0d46bbf6-0741-4a28-8b24-543988782a02.jpg/250x188.webp https://prod.pictures.autoscout24.net/listing-images/ce84d67d-1081-4a04-900d-86e55a8d8bea_f5f0d774-cce6-4202-9bda-0ee49b4808d8.jpg/250x188.webp,122.70999344916741,5679
ad018a80-6ba2-49f8-bd73-2781cbf58124,Nissan,Micra,1.2,PrivateSeller,4000,b,1,11-2006,9300,https://prod.pictures.autoscout24.net/listing-images/ad018a80-6ba2-49f8-bd73-2781cbf58124_25b518db-491b-48cf-8f89-c2fa404abb7a.jpg/250x188.webp https://prod.pictures.autoscout24.net/listing-images/ad018a80-6ba2-49f8-bd73-2781cbf58124_15dd170d-1f7f-4aaa-871e-2749ca1c6ced.jpg/250x188.webp https://prod.pictures.autoscout24.net/listing-images/ad018a80-6ba2-49f8-bd73-2781cbf58124_46d0000b-1448-4631-948e-5809bc1c9200.jpg/250x188.webp https://prod.pictures.autoscout24.net/listing-images/ad018a80-6ba2-49f8-bd73-2781cbf58124_ac7997cf-07a9-4498-a094-aa07e1b3fc08.jpg/250x188.webp,66.4098627619792,5891
516b132d-a22e-4910-9616-b395b5f5b09b,Nissan,Note,1.5 dCi Acenta,PrivateSeller,4000,d,226648,01-2009,6800,https://prod.pictures.autoscout24.net/listing-images/516b132d-a22e-4910-9616-b395b5f5b09b_7e4fd90f-53c9-460e-a4cd-3a4c20577c66.jpg/250x188.webp https://prod.pictures.autoscout24.net/listing-images/516b132d-a22e-4910-9616-b395b5f5b09b_5ad2ef83-d64b-4b0f-abc2-e5b1e31a929b.jpg/250x188.webp https://prod.pictures.autoscout24.net/listing-images/516b132d-a22e-4910-9616-b395b5f5b09b_bef4a1d5-5977-46ee-b8b5-29955c86ce8f.jpg/250x188.webp https://prod.pictures.autoscout24.net/listing-images/516b132d-a22e-4910-9616-b395b5f5b09b_1cd54668-28ac-40bf-8f40-68fbde3ee013.jpg/250x188.webp https://prod.pictures.autoscout24.net/listing-images/516b132d-a22e-4910-9616-b395b5f5b09b_b0ca6a6d-1410-472c-bbb7-b360797e7a24.jpg/250x188.webp https://prod.pictures.autoscout24.net/listing-images/516b132d-a22e-4910-9616-b395b5f5b09b_35c1b687-50a8-4641-9dd8-18673a31c3b2.jpg/250x188.webp https://prod.pictures.autoscout24.net/listing-images/516b132d-a22e-4910-9616-b395b5f5b09b_097819d4-4478-4707-8260-2d6fb03f9b1e.jpg/250x188.webp https://prod.pictures.autoscout24.net/listing-images/516b132d-a22e-4910-9616-b395b5f5b09b_67cc308b-c4dd-4f7f-8f68-278e48bfe09f.jpg/250x188.webp https://prod.pictures.autoscout24.net/listing-images/516b132d-a22e-4910-9616-b395b5f5b09b_d9d91e79-6253-424c-943f-c14a0d37be53.jpg/250x188.webp,177.7465643211455,5099
4fc2f5d7-6134-457a-8395-38080c196ef1,Nissan,Micra,Visia - vendue !,Dealer,4000,b,91000,06-2010,7134,https://prod.pictures.autoscout24.net/listing-images/4fc2f5d7-6134-457a-8395-38080c196ef1_8abfec33-a9d5-490b-99ca-7fdc1c9ca232.jpg/250x188.webp https://prod.pictures.autoscout24.net/listing-images/4fc2f5d7-6134-457a-8395-38080c196ef1_14b05100-d675-4079-a30c-2f291224cf9f.jpg/250x188.webp https://prod.pictures.autoscout24.net/listing-images/4fc2f5d7-6134-457a-8395-38080c196ef1_87992240-8780-4ca1-84b1-053dfeb71e3f.jpg/250x188.webp https://prod.pictures.autoscout24.net/listing-images/4fc2f5d7-6134-457a-8395-38080c196ef1_db01a35d-04cf-425f-9b0f-9938b5e7ec26.jpg/250x188.webp https://prod.pictures.autoscout24.net/listing-images/4fc2f5d7-6134-457a-8395-38080c196ef1_cb1a95d6-f46e-4de0-9eab-ee4334c54a91.jpg/250x188.webp https://prod.pictures.autoscout24.net/listing-images/4fc2f5d7-6134-457a-8395-38080c196ef1_ffe25f44-ae81-4ce4-8d60-e29c8cb9fb53.jpg/250x188.webp https://prod.pictures.autoscout24.net/listing-images/4fc2f5d7-6134-457a-8395-38080c196ef1_0d65509d-13ce-4bd1-87f8-d08eda01f220.jpg/250x188.webp https://prod.pictures.autoscout24.net/listing-images/4fc2f5d7-6134-457a-8395-38080c196ef1_b4fbd98a-2349-4682-a0be-0810d9cef824.jpg/250x188.webp https://prod.pictures.autoscout24.net/listing-images/4fc2f5d7-6134-457a-8395-38080c196ef1_fdd8e573-81e8-485a-bdcf-ceaa6f9244af.jpg/250x188.webp,116.23444273110738,4583
aab69e74-8394-4a88-8ed8-7e4de8685418,Nissan,Pixo,1.0i Acenta,PrivateSeller,4100,b,173216,01-2012,1140,https://prod.pictures.autoscout24.net/listing-images/aab69e74-8394-4a88-8ed8-7e4de8685418_387ef3d8-7859-4f8f-8d70-632cd4bd30fa.jpg/250x188.webp https://prod.pictures.autoscout24.net/listing-images/aab69e74-8394-4a88-8ed8-7e4de8685418_eab428dd-43cb-4210-b531-48bf5bdb93e5.jpg/250x188.webp https://prod.pictures.autoscout24.net/listing-images/aab69e74-8394-4a88-8ed8-7e4de8685418_47e90ba1-8b0e-4c02-abf5-323f91784149.jpg/250x188.webp https://prod.pictures.autoscout24.net/listing-images/aab69e74-8394-4a88-8ed8-7e4de8685418_1023b785-1221-4762-8dec-71f7f3a74a66.jpg/250x188.webp https://prod.pictures.autoscout24.net/listing-images/aab69e74-8394-4a88-8ed8-7e4de8685418_5ecb7c5b-66c7-4ed9-8e09-0893ec66a5fd.jpg/250x188.webp https://prod.pictures.autoscout24.net/listing-images/aab69e74-8394-4a88-8ed8-7e4de8685418_0e06c052-60b3-41bc-9c05-7706713d2d05.jpg/250x188.webp https://prod.pictures.autoscout24.net/listing-images/aab69e74-8394-4a88-8ed8-7e4de8685418_907bc9b3-6788-4973-8a02-c20989a4ac9f.jpg/250x188.webp https://prod.pictures.autoscout24.net/listing-images/aab69e74-8394-4a88-8ed8-7e4de8685418_5ba32e55-4a54-417b-858d-c48b4396891c.jpg/250x188.webp,66.17447866127165,4004
ea27ce3c-2d0c-4ad9-ab07-452604630a36,Nissan,Pixo,1.0i Acenta euro 5 très propre.,PrivateSeller,4190,b,109000,09-2013,7000,https://prod.pictures.autoscout24.net/listing-images/ea27ce3c-2d0c-4ad9-ab07-452604630a36_5988783d-ea78-4218-9229-490c51463ddc.jpg/250x188.webp https://prod.pictures.autoscout24.net/listing-images/ea27ce3c-2d0c-4ad9-ab07-452604630a36_56830da4-4f34-4cc9-aa13-0de7ee776b9f.jpg/250x188.webp https://prod.pictures.autoscout24.net/listing-images/ea27ce3c-2d0c-4ad9-ab07-452604630a36_e5566f43-dadc-44c5-9b03-51c209b4b2b5.jpg/250x188.webp https://prod.pictures.autoscout24.net/listing-images/ea27ce3c-2d0c-4ad9-ab07-452604630a36_cc142a61-d38f-4db5-a821-022009954161.jpg/250x188.webp https://prod.pictures.autoscout24.net/listing-images/ea27ce3c-2d0c-4ad9-ab07-452604630a36_bb5e8db9-3802-4641-b0b8-5bcc5b248047.jpg/250x188.webp https://prod.pictures.autoscout24.net/listing-images/ea27ce3c-2d0c-4ad9-ab07-452604630a36_63c412ab-4162-4282-b134-387c92b357b7.jpg/250x188.webp https://prod.pictures.autoscout24.net/listing-images/ea27ce3c-2d0c-4ad9-ab07-452604630a36_30d9741e-813c-440b-a6ee-cefba5fe965f.jpg/250x188.webp https://prod.pictures.autoscout24.net/listing-images/ea27ce3c-2d0c-4ad9-ab07-452604630a36_be4ece88-0dbd-4dd1-8bfc-e6045758af8a.jpg/250x188.webp,118.39471915054493,3395
721be13b-4a57-4b26-827e-0debfd3f2d72,Nissan,Micra,,PrivateSeller,4200,b,22800,04-1992,3040,https://prod.pictures.autoscout24.net/listing-images/721be13b-4a57-4b26-827e-0debfd3f2d72_5f3fcaaa-717e-430b-abf4-5a1b5fee55fd.jpg/250x188.webp https://prod.pictures.autoscout24.net/listing-images/721be13b-4a57-4b26-827e-0debfd3f2d72_3c01d8cf-6a3e-4655-895e-6f7b7684c8d2.jpg/250x188.webp https://prod.pictures.autoscout24.net/listing-images/721be13b-4a57-4b26-827e-0debfd3f2d72_7bb8ef2d-939d-4c07-9dfe-962956c66be2.jpg/250x188.webp https://prod.pictures.autoscout24.net/listing-images/721be13b-4a57-4b26-827e-0debfd3f2d72_31fb3336-a3b9-4c2a-8c4e-28193a2a394e.jpg/250x188.webp https://prod.pictures.autoscout24.net/listing-images/721be13b-4a57-4b26-827e-0debfd3f2d72_7c06e5d8-9c95-4a24-beb9-06edcbfcf626.jpg/250x188.webp https://prod.pictures.autoscout24.net/listing-images/721be13b-4a57-4b26-827e-0debfd3f2d72_c3e3edfa-f66a-4880-b599-6e458bb13c8e.jpg/250x188.webp https://prod.pictures.autoscout24.net/listing-images/721be13b-4a57-4b26-827e-0debfd3f2d72_38f9c58d-aea9-4336-bb5c-c074f8941c65.jpg/250x188.webp https://prod.pictures.autoscout24.net/listing-images/721be13b-4a57-4b26-827e-0debfd3f2d72_4fae8c62-a45b-42cf-9dc6-39738a7b7557.jpg/250x188.webp https://prod.pictures.autoscout24.net/listing-images/721be13b-4a57-4b26-827e-0debfd3f2d72_0ceaecae-2afc-4495-aab5-a700d1d39f9f.jpg/250x188.webp https://prod.pictures.autoscout24.net/listing-images/721be13b-4a57-4b26-827e-0debfd3f2d72_ac8514c8-9672-4af0-b44f-b462682e4d89.jpg/250x188.webp https://prod.pictures.autoscout24.net/listing-images/721be13b-4a57-4b26-827e-0debfd3f2d72_80c86668-a350-44e8-bd07-a3f4565b56c7.jpg/250x188.webp https://prod.pictures.autoscout24.net/listing-images/721be13b-4a57-4b26-827e-0debfd3f2d72_e8b74421-5502-48fc-b63d-a55e1f5f2d92.jpg/250x188.webp https://prod.pictures.autoscout24.net/listing-images/721be13b-4a57-4b26-827e-0debfd3f2d72_cb25dc94-6ee6-474d-8966-c205067d3334.jpg/250x188.webp https://prod.pictures.autoscout24.net/listing-images/721be13b-4a57-4b26-827e-0debfd3f2d72_6b9b1bb8-e0c5-467e-aabb-d87a48cc3e2e.jpg/250x188.webp https://prod.pictures.autoscout24.net/listing-images/721be13b-4a57-4b26-827e-0debfd3f2d72_2cbc9ad1-25f2-4600-b973-12b7c712cea6.jpg/250x188.webp https://prod.pictures.autoscout24.net/listing-images/721be13b-4a57-4b26-827e-0debfd3f2d72_645e46c0-9dcc-4a79-b72e-48e90e9a53fe.jpg/250x188.webp https://prod.pictures.autoscout24.net/listing-images/721be13b-4a57-4b26-827e-0debfd3f2d72_16493ee3-0613-4718-adcc-a6883afbacf7.jpg/250x188.webp,76.48470542920033,11218
6b9cea64-d31f-4799-a0b5-4f5a07d8145a,Nissan,Pixo,1.0 acenta +Ac et demande d'immatriculation,Dealer,4200,b,104000,03-2011,1702,https://prod.pictures.autoscout24.net/listing-images/6b9cea64-d31f-4799-a0b5-4f5a07d8145a_662ba321-f405-4257-b9ce-5c734966de22.jpg/250x188.webp https://prod.pictures.autoscout24.net/listing-images/6b9cea64-d31f-4799-a0b5-4f5a07d8145a_f52f2faf-dbfb-48fc-9c6d-a717ec091042.jpg/250x188.webp https://prod.pictures.autoscout24.net/listing-images/6b9cea64-d31f-4799-a0b5-4f5a07d8145a_6acb5727-9e97-4ee5-ad34-28ce9653a5c2.jpg/250x188.webp https://prod.pictures.autoscout24.net/listing-images/6b9cea64-d31f-4799-a0b5-4f5a07d8145a_e12782af-048e-485f-9d8c-5b0c01f49172.jpg/250x188.webp https://prod.pictures.autoscout24.net/listing-images/6b9cea64-d31f-4799-a0b5-4f5a07d8145a_af466f2a-7dc3-427d-ac46-a64ea29b7029.jpg/250x188.webp https://prod.pictures.autoscout24.net/listing-images/6b9cea64-d31f-4799-a0b5-4f5a07d8145a_000a1a57-ed36-4f7a-bc3f-972c3852d54e.jpg/250x188.webp https://prod.pictures.autoscout24.net/listing-images/6b9cea64-d31f-4799-a0b5-4f5a07d8145a_e0873022-3d6e-4883-b950-334f6c4e87f2.jpg/250x188.webp https://prod.pictures.autoscout24.net/listing-images/6b9cea64-d31f-4799-a0b5-4f5a07d8145a_b0ec44dd-6de2-4b2a-882f-e29eabdfd59e.jpg/250x188.webp https://prod.pictures.autoscout24.net/listing-images/6b9cea64-d31f-4799-a0b5-4f5a07d8145a_ee9c72e8-7790-477b-9fb9-e1c5bc4b1587.jpg/250x188.webp https://prod.pictures.autoscout24.net/listing-images/6b9cea64-d31f-4799-a0b5-4f5a07d8145a_d5789548-1b3a-470f-acfd-c1d0a1c322b4.jpg/250x188.webp https://prod.pictures.autoscout24.net/listing-images/6b9cea64-d31f-4799-a0b5-4f5a07d8145a_493a3c4e-4473-4952-b3b5-9a0c3f2f7cb4.jpg/250x188.webp https://prod.pictures.autoscout24.net/listing-images/6b9cea64-d31f-4799-a0b5-4f5a07d8145a_91ac5aaa-c486-4eeb-be40-b61b3e09af7c.jpg/250x188.webp,68.0347546976377,4310
daa171a4-2f5d-4391-be42-aeab1ce75e8a,Nissan,Micra,1.2i Acenta,Dealer,4250,b,105000,03-2011,1330,https://prod.pictures.autoscout24.net/listing-images/daa171a4-2f5d-4391-be42-aeab1ce75e8a_1980243d-e7be-4fe3-944d-676de74060d7.jpg/250x188.webp https://prod.pictures.autoscout24.net/listing-images/daa171a4-2f5d-4391-be42-aeab1ce75e8a_e830dce0-1173-491d-b991-d72dfd961d73.jpg/250x188.webp https://prod.pictures.autoscout24.net/listing-images/daa171a4-2f5d-4391-be42-aeab1ce75e8a_dfdca1f7-32e0-458e-b86b-b3c439827a96.jpg/250x188.webp https://prod.pictures.autoscout24.net/listing-images/daa171a4-2f5d-4391-be42-aeab1ce75e8a_37c7a372-5887-4036-9f94-25540c96e5b6.jpg/250x188.webp https://prod.pictures.autoscout24.net/listing-images/daa171a4-2f5d-4391-be42-aeab1ce75e8a_5c8cffca-97d9-4787-9e62-5cdfa4a4fe9e.jpg/250x188.webp https://prod.pictures.autoscout24.net/listing-images/daa171a4-2f5d-4391-be42-aeab1ce75e8a_4f1e8224-769e-4a64-8964-342725ccbd56.jpg/250x188.webp https://prod.pictures.autoscout24.net/listing-images/daa171a4-2f5d-4391-be42-aeab1ce75e8a_373a7c28-1cde-480a-a2ee-58953970012e.jpg/250x188.webp https://prod.pictures.autoscout24.net/listing-images/daa171a4-2f5d-4391-be42-aeab1ce75e8a_6ad18777-edac-4f07-9e2c-a5ea2e529b8a.jpg/250x188.webp https://prod.pictures.autoscout24.net/listing-images/daa171a4-2f5d-4391-be42-aeab1ce75e8a_70aeb45a-6145-46c7-bf82-3c8fa3bbd6e2.jpg/250x188.webp https://prod.pictures.autoscout24.net/listing-images/daa171a4-2f5d-4391-be42-aeab1ce75e8a_9657a8cc-0144-49f2-8902-32012f486a69.jpg/250x188.webp https://prod.pictures.autoscout24.net/listing-images/daa171a4-2f5d-4391-be42-aeab1ce75e8a_1999f4e4-19cb-4160-b467-49722807ec51.jpg/250x188.webp https://prod.pictures.autoscout24.net/listing-images/daa171a4-2f5d-4391-be42-aeab1ce75e8a_b4e4f529-a0b0-4a97-bc98-6dc441eed45a.jpg/250x188.webp https://prod.pictures.autoscout24.net/listing-images/daa171a4-2f5d-4391-be42-aeab1ce75e8a_4621d3c9-36c5-4c09-a60d-f326d3728de2.jpg/250x188.webp https://prod.pictures.autoscout24.net/listing-images/daa171a4-2f5d-4391-be42-aeab1ce75e8a_6dee1f84-b187-4bd8-98a0-ad5aa764c664.jpg/250x188.webp https://prod.pictures.autoscout24.net/listing-images/daa171a4-2f5d-4391-be42-aeab1ce75e8a_cdb2d3b2-3e61-4672-94be-a4fdf64b46eb.jpg/250x188.webp,84.1109573727662,4310
309a91fc-d03e-4b81-b98b-fa98f1cab186,Nissan,Pathfinder,2.5 dCi 16v LE,Dealer,4250,d,300000,08-2006,6061,https://prod.pictures.autoscout24.net/listing-images/309a91fc-d03e-4b81-b98b-fa98f1cab186_d47c6b47-8312-4e3a-9ee2-e0fdaf8182e9.jpg/250x188.webp https://prod.pictures.autoscout24.net/listing-images/309a91fc-d03e-4b81-b98b-fa98f1cab186_342ab0c4-3a81-440f-a63a-0ee82e204ae1.jpg/250x188.webp https://prod.pictures.autoscout24.net/listing-images/309a91fc-d03e-4b81-b98b-fa98f1cab186_ea873c3b-686c-4629-be4c-033b9ba28947.jpg/250x188.webp https://prod.pictures.autoscout24.net/listing-images/309a91fc-d03e-4b81-b98b-fa98f1cab186_114ffffe-c612-4cf8-a555-b502ec04aa5e.jpg/250x188.webp https://prod.pictures.autoscout24.net/listing-images/309a91fc-d03e-4b81-b98b-fa98f1cab186_a92bd4ac-0581-4964-a6b9-fadff3477e3d.jpg/250x188.webp https://prod.pictures.autoscout24.net/listing-images/309a91fc-d03e-4b81-b98b-fa98f1cab186_ba01a856-8d6b-4523-8f07-fc378b58669c.jpg/250x188.webp https://prod.pictures.autoscout24.net/listing-images/309a91fc-d03e-4b81-b98b-fa98f1cab186_89f0486e-927a-4824-bf8d-8f5d8a1472d0.jpg/250x188.webp https://prod.pictures.autoscout24.net/listing-images/309a91fc-d03e-4b81-b98b-fa98f1cab186_7924884f-b61b-40f6-8544-d2a66f5b4b14.jpg/250x188.webp https://prod.pictures.autoscout24.net/listing-images/309a91fc-d03e-4b81-b98b-fa98f1cab186_71880b9a-25e9-44cc-9201-789fc2dfdc71.jpg/250x188.webp https://prod.pictures.autoscout24.net/listing-images/309a91fc-d03e-4b81-b98b-fa98f1cab186_1a19b8ff-aec1-4cdf-96db-1625ed03315a.jpg/250x188.webp https://prod.pictures.autoscout24.net/listing-images/309a91fc-d03e-4b81-b98b-fa98f1cab186_d3f88efa-a286-462d-a06e-4abf3068d734.jpg/250x188.webp https://prod.pictures.autoscout24.net/listing-images/309a91fc-d03e-4b81-b98b-fa98f1cab186_6ec6882f-13c1-4f1f-b61b-34a5e85b7a09.jpg/250x188.webp https://prod.pictures.autoscout24.net/listing-images/309a91fc-d03e-4b81-b98b-fa98f1cab186_9a65d720-f47d-4a7c-b726-a71b0eec7a32.jpg/250x188.webp https://prod.pictures.autoscout24.net/listing-images/309a91fc-d03e-4b81-b98b-fa98f1cab186_d89e0683-25e8-49e7-92cf-a05f802078d4.jpg/250x188.webp,117.55452099458994,5983
4108c270-da70-46a8-80b2-06aaa22491fa,Nissan,Pixo,1.0i Acenta * Euro5 * Garantie 12 mois,Dealer,4250,b,122000,10-2009,5300,https://prod.pictures.autoscout24.net/listing-images/4108c270-da70-46a8-80b2-06aaa22491fa_e49ebf4f-a819-40f7-b859-0e1285589c1f.jpg/250x188.webp https://prod.pictures.autoscout24.net/listing-images/4108c270-da70-46a8-80b2-06aaa22491fa_f9137b47-fcc4-44ad-bce9-073bf7f36f25.jpg/250x188.webp https://prod.pictures.autoscout24.net/listing-images/4108c270-da70-46a8-80b2-06aaa22491fa_9601592b-499b-4581-84a9-40076613a682.jpg/250x188.webp https://prod.pictures.autoscout24.net/listing-images/4108c270-da70-46a8-80b2-06aaa22491fa_004de098-5ea4-4f83-81f5-467c0df29f7a.jpg/250x188.webp https://prod.pictures.autoscout24.net/listing-images/4108c270-da70-46a8-80b2-06aaa22491fa_82244c29-272d-4e09-b468-e45003cca9e9.jpg/250x188.webp https://prod.pictures.autoscout24.net/listing-images/4108c270-da70-46a8-80b2-06aaa22491fa_1d516e68-36c9-4ab8-81b9-a43bab4ff8cc.jpg/250x188.webp https://prod.pictures.autoscout24.net/listing-images/4108c270-da70-46a8-80b2-06aaa22491fa_4169adb3-051a-4543-b51f-94d3fd54f66c.jpg/250x188.webp https://prod.pictures.autoscout24.net/listing-images/4108c270-da70-46a8-80b2-06aaa22491fa_4e40dd5d-effc-491f-abf6-b025530c24b2.jpg/250x188.webp https://prod.pictures.autoscout24.net/listing-images/4108c270-da70-46a8-80b2-06aaa22491fa_8260ec7d-b6b7-4577-bbe3-2171de0509fd.jpg/250x188.webp https://prod.pictures.autoscout24.net/listing-images/4108c270-da70-46a8-80b2-06aaa22491fa_5b9675aa-d6d6-4a5d-a87a-c735f319f419.jpg/250x188.webp https://prod.pictures.autoscout24.net/listing-images/4108c270-da70-46a8-80b2-06aaa22491fa_17f3e59d-9f5a-4e65-885f-a25f33385715.jpg/250x188.webp https://prod.pictures.autoscout24.net/listing-images/4108c270-da70-46a8-80b2-06aaa22491fa_22930c2a-b258-4539-82bd-09cebb8357f3.jpg/250x188.webp,113.30647041751955,4826
ebf1b7a9-a016-48cc-a23d-bc2aab10c905,Nissan,Qashqai,1.6 essence Climatisation uniquement l’exportati,Dealer,4250,b,134000,05-2007,1070,https://prod.pictures.autoscout24.net/listing-images/ebf1b7a9-a016-48cc-a23d-bc2aab10c905_1c88a6c5-be82-4cfb-8322-3053270a7aac.jpg/250x188.webp https://prod.pictures.autoscout24.net/listing-images/ebf1b7a9-a016-48cc-a23d-bc2aab10c905_a1d92e1f-fe8f-4eb0-b326-1260672c54c4.jpg/250x188.webp https://prod.pictures.autoscout24.net/listing-images/ebf1b7a9-a016-48cc-a23d-bc2aab10c905_07a9bbba-8e61-4b57-aea1-f1573ad29055.jpg/250x188.webp https://prod.pictures.autoscout24.net/listing-images/ebf1b7a9-a016-48cc-a23d-bc2aab10c905_7542e178-40c0-4074-9c2a-3e51153738e7.jpg/250x188.webp https://prod.pictures.autoscout24.net/listing-images/ebf1b7a9-a016-48cc-a23d-bc2aab10c905_ffe775da-75cb-4023-9087-6f673f1ded92.jpg/250x188.webp https://prod.pictures.autoscout24.net/listing-images/ebf1b7a9-a016-48cc-a23d-bc2aab10c905_3755c863-325a-43d6-a6f8-f4fa816a36b5.jpg/250x188.webp https://prod.pictures.autoscout24.net/listing-images/ebf1b7a9-a016-48cc-a23d-bc2aab10c905_d99503e6-cc48-4c8f-bcb9-37c2176a9927.jpg/250x188.webp https://prod.pictures.autoscout24.net/listing-images/ebf1b7a9-a016-48cc-a23d-bc2aab10c905_fecab769-3c9d-48ee-86c1-8f5f30590111.jpg/250x188.webp https://prod.pictures.autoscout24.net/listing-images/ebf1b7a9-a016-48cc-a23d-bc2aab10c905_e17be865-a4a6-4712-8d96-32e5434e70e6.jpg/250x188.webp https://prod.pictures.autoscout24.net/listing-images/ebf1b7a9-a016-48cc-a23d-bc2aab10c905_3573ca80-9c14-45a3-9908-6781d2662152.jpg/250x188.webp https://prod.pictures.autoscout24.net/listing-images/ebf1b7a9-a016-48cc-a23d-bc2aab10c905_78aa698a-8976-4b99-a926-113bc0a092bc.jpg/250x188.webp https://prod.pictures.autoscout24.net/listing-images/ebf1b7a9-a016-48cc-a23d-bc2aab10c905_da96e20e-d616-4c22-b3c5-21a518781773.jpg/250x188.webp https://prod.pictures.autoscout24.net/listing-images/ebf1b7a9-a016-48cc-a23d-bc2aab10c905_56017c8b-9ef4-4568-8eb1-dc55b934fba7.jpg/250x188.webp,71.06367211068877,5710
c656d7b5-c3ca-453d-a1ab-fb686844b00b,Nissan,Pixo,1.0i Look,Dealer,4300,b,156251,10-2012,9260,https://prod.pictures.autoscout24.net/listing-images/c656d7b5-c3ca-453d-a1ab-fb686844b00b_cdca5322-c283-4b5c-8328-7d03d6d5356f.jpg/250x188.webp https://prod.pictures.autoscout24.net/listing-images/c656d7b5-c3ca-453d-a1ab-fb686844b00b_618f1ba6-66d5-4488-9d66-43d2422695a0.jpg/250x188.webp https://prod.pictures.autoscout24.net/listing-images/c656d7b5-c3ca-453d-a1ab-fb686844b00b_b501f502-7bcb-4660-81c3-1f50ecf6b0de.jpg/250x188.webp https://prod.pictures.autoscout24.net/listing-images/c656d7b5-c3ca-453d-a1ab-fb686844b00b_08402e85-5078-44d0-ae88-cd6b5c79f9a5.jpg/250x188.webp https://prod.pictures.autoscout24.net/listing-images/c656d7b5-c3ca-453d-a1ab-fb686844b00b_01066df7-77fc-4ecb-b0da-e706d23d23f1.jpg/250x188.webp https://prod.pictures.autoscout24.net/listing-images/c656d7b5-c3ca-453d-a1ab-fb686844b00b_4602b06d-7773-4f77-bf06-d509f218d8f8.jpg/250x188.webp https://prod.pictures.autoscout24.net/listing-images/c656d7b5-c3ca-453d-a1ab-fb686844b00b_6c268bdf-246c-4c9d-a489-97c155ac251b.jpg/250x188.webp https://prod.pictures.autoscout24.net/listing-images/c656d7b5-c3ca-453d-a1ab-fb686844b00b_ad25858f-7857-46f8-992e-82e200df1d31.jpg/250x188.webp https://prod.pictures.autoscout24.net/listing-images/c656d7b5-c3ca-453d-a1ab-fb686844b00b_e4f704b8-84d8-480a-989e-0a96ef66ad74.jpg/250x188.webp https://prod.pictures.autoscout24.net/listing-images/c656d7b5-c3ca-453d-a1ab-fb686844b00b_f9de780f-65c2-42c2-8516-446ac490bcda.jpg/250x188.webp https://prod.pictures.autoscout24.net/listing-images/c656d7b5-c3ca-453d-a1ab-fb686844b00b_d944d660-88d0-45d6-9415-bfc36a06093a.jpg/250x188.webp,64.90244926494331,3730
643aca86-5d8d-499a-a2d7-127d7c695b98,Nissan,Pixo,1.0i Acenta + carnet entretien nissan + car pass,PrivateSeller,4350,b,59223,09-2010,1780,https://prod.pictures.autoscout24.net/listing-images/643aca86-5d8d-499a-a2d7-127d7c695b98_eb17296d-365d-4844-8dcc-3e28adccf995.jpg/250x188.webp https://prod.pictures.autoscout24.net/listing-images/643aca86-5d8d-499a-a2d7-127d7c695b98_b74198e1-52b5-4b05-bcc1-ded3c631857d.jpg/250x188.webp https://prod.pictures.autoscout24.net/listing-images/643aca86-5d8d-499a-a2d7-127d7c695b98_428c3505-9bf9-498d-93b1-0a33c959745e.jpg/250x188.webp https://prod.pictures.autoscout24.net/listing-images/643aca86-5d8d-499a-a2d7-127d7c695b98_af1b84e6-029a-45f3-a338-b94e8c7935a5.jpg/250x188.webp https://prod.pictures.autoscout24.net/listing-images/643aca86-5d8d-499a-a2d7-127d7c695b98_5564e0c1-ef88-444c-9ba2-27950c6ee4dd.jpg/250x188.webp https://prod.pictures.autoscout24.net/listing-images/643aca86-5d8d-499a-a2d7-127d7c695b98_8777f15d-393b-48c7-9439-d6daac44b0cf.jpg/250x188.webp https://prod.pictures.autoscout24.net/listing-images/643aca86-5d8d-499a-a2d7-127d7c695b98_a24606b9-cee8-42a7-a112-7c4ae22df586.jpg/250x188.webp https://prod.pictures.autoscout24.net/listing-images/643aca86-5d8d-499a-a2d7-127d7c695b98_9b611f53-54e4-43bd-a91f-ff4b413eb499.jpg/250x188.webp https://prod.pictures.autoscout24.net/listing-images/643aca86-5d8d-499a-a2d7-127d7c695b98_9ebbf845-16d3-41cd-bf29-1986228395ea.jpg/250x188.webp https://prod.pictures.autoscout24.net/listing-images/643aca86-5d8d-499a-a2d7-127d7c695b98_60dd69da-f131-4e78-be2b-4d2cd68afa5b.jpg/250x188.webp https://prod.pictures.autoscout24.net/listing-images/643aca86-5d8d-499a-a2d7-127d7c695b98_6cc92734-4816-43e3-8d31-d14710fe7083.jpg/250x188.webp,63.273818071645216,4491
eac75a48-f454-423b-98d3-32798d88793e,Nissan,Terrano,2.7 TDi Elegance matic 7 PLACES,Dealer,4350,d,211000,06-2000,1400,https://prod.pictures.autoscout24.net/listing-images/eac75a48-f454-423b-98d3-32798d88793e_d4a70b1e-4271-4915-9776-675e3eb42efd.jpg/250x188.webp https://prod.pictures.autoscout24.net/listing-images/eac75a48-f454-423b-98d3-32798d88793e_23d0d0f1-e376-416f-bd42-24f5e630df35.jpg/250x188.webp https://prod.pictures.autoscout24.net/listing-images/eac75a48-f454-423b-98d3-32798d88793e_d2113ee3-6e13-43a6-95f7-e8c284f4c433.jpg/250x188.webp https://prod.pictures.autoscout24.net/listing-images/eac75a48-f454-423b-98d3-32798d88793e_f0490c40-ec1e-4aab-8cee-ff2c93879fe5.jpg/250x188.webp https://prod.pictures.autoscout24.net/listing-images/eac75a48-f454-423b-98d3-32798d88793e_3ba23dd8-7945-4529-97ac-ba8902f3a518.jpg/250x188.webp https://prod.pictures.autoscout24.net/listing-images/eac75a48-f454-423b-98d3-32798d88793e_f3475cc6-5445-495c-a439-ebe9baf48e43.jpg/250x188.webp https://prod.pictures.autoscout24.net/listing-images/eac75a48-f454-423b-98d3-32798d88793e_14e96761-6183-4557-8f4e-e0200ab25e1f.jpg/250x188.webp https://prod.pictures.autoscout24.net/listing-images/eac75a48-f454-423b-98d3-32798d88793e_f91842f8-7351-4dcf-8700-bd95c9ccd087.jpg/250x188.webp https://prod.pictures.autoscout24.net/listing-images/eac75a48-f454-423b-98d3-32798d88793e_961209c3-29f4-4a22-8252-bc72b4ad7b67.jpg/250x188.webp https://prod.pictures.autoscout24.net/listing-images/eac75a48-f454-423b-98d3-32798d88793e_5237144f-a6cf-4b1d-b973-841181d08b39.jpg/250x188.webp https://prod.pictures.autoscout24.net/listing-images/eac75a48-f454-423b-98d3-32798d88793e_f474eb84-213c-4eb8-9229-7829184f6106.jpg/250x188.webp https://prod.pictures.autoscout24.net/listing-images/eac75a48-f454-423b-98d3-32798d88793e_de8a6181-7d52-4309-aab8-aaf69d2c7e77.jpg/250x188.webp https://prod.pictures.autoscout24.net/listing-images/eac75a48-f454-423b-98d3-32798d88793e_ba85a639-9b82-406a-9b27-4a243c6acda3.jpg/250x188.webp https://prod.pictures.autoscout24.net/listing-images/eac75a48-f454-423b-98d3-32798d88793e_5230928d-d388-49c4-becf-7cbefd6cb95b.jpg/250x188.webp,97.35176357549375,8235
65b0b011-7fc5-443a-be34-59b7e49e7372,Nissan,Primastar,Mini Bus ! 9 places,Dealer,4350,d,370000,11-2007,1081,https://prod.pictures.autoscout24.net/listing-images/65b0b011-7fc5-443a-be34-59b7e49e7372_3931e679-4533-4ea0-a66c-6a0ea5ad26a0.jpg/250x188.webp https://prod.pictures.autoscout24.net/listing-images/65b0b011-7fc5-443a-be34-59b7e49e7372_aa11c360-0307-49db-9ed7-c66f1e9cb57a.jpg/250x188.webp https://prod.pictures.autoscout24.net/listing-images/65b0b011-7fc5-443a-be34-59b7e49e7372_16dba90c-05ea-443c-a17c-ce629d263874.jpg/250x188.webp https://prod.pictures.autoscout24.net/listing-images/65b0b011-7fc5-443a-be34-59b7e49e7372_d726b751-e148-4ae8-9683-34476cfd10f2.jpg/250x188.webp https://prod.pictures.autoscout24.net/listing-images/65b0b011-7fc5-443a-be34-59b7e49e7372_9192dc45-78ee-4809-92c7-f41aeb8c7849.jpg/250x188.webp https://prod.pictures.autoscout24.net/listing-images/65b0b011-7fc5-443a-be34-59b7e49e7372_d3d80104-40e5-4062-977d-0245009897e2.jpg/250x188.webp https://prod.pictures.autoscout24.net/listing-images/65b0b011-7fc5-443a-be34-59b7e49e7372_65628696-a6e7-4690-971f-75498ef9805b.jpg/250x188.webp https://prod.pictures.autoscout24.net/listing-images/65b0b011-7fc5-443a-be34-59b7e49e7372_3769392b-d371-4989-9f04-323caf7fb32d.jpg/250x188.webp https://prod.pictures.autoscout24.net/listing-images/65b0b011-7fc5-443a-be34-59b7e49e7372_128fa02c-0ac2-41b8-94b8-4c451b6cb0e1.jpg/250x188.webp https://prod.pictures.autoscout24.net/listing-images/65b0b011-7fc5-443a-be34-59b7e49e7372_4e470384-f9d0-4780-a4e8-b840524b3da6.jpg/250x188.webp https://prod.pictures.autoscout24.net/listing-images/65b0b011-7fc5-443a-be34-59b7e49e7372_0352416e-b011-45c2-8cf0-1b49222ab69d.jpg/250x188.webp,68.14090124789017,5526
197c760a-79c5-4ba4-bf07-8463b736d919,Nissan,Pixo,1.0i Acenta TOPSTAAT -- GARANTIE,Dealer,4399,b,123000,03-2010,8200,https://prod.pictures.autoscout24.net/listing-images/197c760a-79c5-4ba4-bf07-8463b736d919_b0d84747-c676-4c15-9a6d-67a9462af708.jpg/250x188.webp https://prod.pictures.autoscout24.net/listing-images/197c760a-79c5-4ba4-bf07-8463b736d919_f557ac94-2015-4d72-b15f-35265c2df9d9.jpg/250x188.webp https://prod.pictures.autoscout24.net/listing-images/197c760a-79c5-4ba4-bf07-8463b736d919_de61d1fd-8b4a-4f1f-bb5a-c72306222693.jpg/250x188.webp https://prod.pictures.autoscout24.net/listing-images/197c760a-79c5-4ba4-bf07-8463b736d919_51152cf0-f4ee-4ac6-9a8a-7e137110ca39.jpg/250x188.webp https://prod.pictures.autoscout24.net/listing-images/197c760a-79c5-4ba4-bf07-8463b736d919_67c53d92-8acc-4c4b-9a68-96c8d716239f.jpg/250x188.webp https://prod.pictures.autoscout24.net/listing-images/197c760a-79c5-4ba4-bf07-8463b736d919_962ef4f8-3848-453b-a5e8-c22015789d1f.jpg/250x188.webp https://prod.pictures.autoscout24.net/listing-images/197c760a-79c5-4ba4-bf07-8463b736d919_6774a7cc-3c27-4737-a31c-2e21ab63c296.jpg/250x188.webp https://prod.pictures.autoscout24.net/listing-images/197c760a-79c5-4ba4-bf07-8463b736d919_514e1578-ab51-401e-841c-9e26c22ede35.jpg/250x188.webp https://prod.pictures.autoscout24.net/listing-images/197c760a-79c5-4ba4-bf07-8463b736d919_73c3e76a-708d-4dc1-8b78-fe402b8051e5.jpg/250x188.webp https://prod.pictures.autoscout24.net/listing-images/197c760a-79c5-4ba4-bf07-8463b736d919_4c0e80d6-0d69-42b8-9d8f-e105cc49dc90.jpg/250x188.webp https://prod.pictures.autoscout24.net/listing-images/197c760a-79c5-4ba4-bf07-8463b736d919_48f53b3c-cb5e-430a-bfd4-eb9e75558a5a.jpg/250x188.webp https://prod.pictures.autoscout24.net/listing-images/197c760a-79c5-4ba4-bf07-8463b736d919_b8da63ef-691b-4216-be56-90246578b4a9.jpg/250x188.webp,93.81651363169982,4675
26c8e816-2045-4447-9a57-4f1f5c2aab14,Nissan,Micra,1.2i 25th Anniversary AIRCO|NAVIGATIE|LEZ OK!,Dealer,4399,b,91697,10-2009,3020,https://prod.pictures.autoscout24.net/listing-images/26c8e816-2045-4447-9a57-4f1f5c2aab14_57a0c9a0-6a11-4ee1-af3b-2b1e960fdc5a.jpg/250x188.webp https://prod.pictures.autoscout24.net/listing-images/26c8e816-2045-4447-9a57-4f1f5c2aab14_c104180a-f2d3-462d-b624-9c13dfadce3c.jpg/250x188.webp https://prod.pictures.autoscout24.net/listing-images/26c8e816-2045-4447-9a57-4f1f5c2aab14_bf22ba68-ee02-402e-9d6e-91b96f3875e2.jpg/250x188.webp https://prod.pictures.autoscout24.net/listing-images/26c8e816-2045-4447-9a57-4f1f5c2aab14_5b1864f0-543d-435d-8b35-83e88a3370f9.jpg/250x188.webp https://prod.pictures.autoscout24.net/listing-images/26c8e816-2045-4447-9a57-4f1f5c2aab14_e4252b91-b6bc-47f3-945a-67be9e772206.jpg/250x188.webp https://prod.pictures.autoscout24.net/listing-images/26c8e816-2045-4447-9a57-4f1f5c2aab14_dba3b9a9-47fc-48d5-a5f2-87590fb270e1.jpg/250x188.webp https://prod.pictures.autoscout24.net/listing-images/26c8e816-2045-4447-9a57-4f1f5c2aab14_e30fe0da-fdbe-4ce4-93a4-ced4fc15e4a2.jpg/250x188.webp https://prod.pictures.autoscout24.net/listing-images/26c8e816-2045-4447-9a57-4f1f5c2aab14_c121d444-2e6d-4414-97cf-a2dfd341e112.jpg/250x188.webp https://prod.pictures.autoscout24.net/listing-images/26c8e816-2045-4447-9a57-4f1f5c2aab14_be805588-a02d-4e0d-9a1b-43a9d4981b1b.jpg/250x188.webp https://prod.pictures.autoscout24.net/listing-images/26c8e816-2045-4447-9a57-4f1f5c2aab14_ebb92bfa-5f84-4f05-9439-110033688705.jpg/250x188.webp https://prod.pictures.autoscout24.net/listing-images/26c8e816-2045-4447-9a57-4f1f5c2aab14_b4f5a551-807e-43e5-b0fe-9e6966b7d1ba.jpg/250x188.webp,64.4845066062384,4826
ef23a09e-0a10-495c-9e81-1afb8bc1a96e,Nissan,Note,1.4i Visia,Dealer,4450,b,149000,03-2012,6060,https://prod.pictures.autoscout24.net/listing-images/ef23a09e-0a10-495c-9e81-1afb8bc1a96e_19ad6edc-0c67-4811-83a2-a4a6db104c09.jpg/250x188.webp https://prod.pictures.autoscout24.net/listing-images/ef23a09e-0a10-495c-9e81-1afb8bc1a96e_cb79e3b9-45e7-4ecc-8c76-de16c7b6b1f8.jpg/250x188.webp https://prod.pictures.autoscout24.net/listing-images/ef23a09e-0a10-495c-9e81-1afb8bc1a96e_e011ac49-9d4d-446c-9307-6216bd7b981f.jpg/250x188.webp https://prod.pictures.autoscout24.net/listing-images/ef23a09e-0a10-495c-9e81-1afb8bc1a96e_5df8ce59-7256-427b-8b2c-9dba4a88b40a.jpg/250x188.webp https://prod.pictures.autoscout24.net/listing-images/ef23a09e-0a10-495c-9e81-1afb8bc1a96e_5ede9fec-f745-473a-b23f-3be7d6545a7a.jpg/250x188.webp https://prod.pictures.autoscout24.net/listing-images/ef23a09e-0a10-495c-9e81-1afb8bc1a96e_90050ed5-3b83-4797-b22c-f822e1e7dbca.jpg/250x188.webp https://prod.pictures.autoscout24.net/listing-images/ef23a09e-0a10-495c-9e81-1afb8bc1a96e_e86140f5-e829-4bcb-9487-c7d2d9527f3f.jpg/250x188.webp https://prod.pictures.autoscout24.net/listing-images/ef23a09e-0a10-495c-9e81-1afb8bc1a96e_72221ad8-9064-4642-9e92-f621e379a8ad.jpg/250x188.webp https://prod.pictures.autoscout24.net/listing-images/ef23a09e-0a10-495c-9e81-1afb8bc1a96e_fe086f5c-5db6-4c6a-b667-478c23e3a3d9.jpg/250x188.webp https://prod.pictures.autoscout24.net/listing-images/ef23a09e-0a10-495c-9e81-1afb8bc1a96e_0792c3fe-c38d-487c-b087-13f46f8d3092.jpg/250x188.webp https://prod.pictures.autoscout24.net/listing-images/ef23a09e-0a10-495c-9e81-1afb8bc1a96e_bdf4dab0-52bf-4327-a7d1-7a960edc405d.jpg/250x188.webp https://prod.pictures.autoscout24.net/listing-images/ef23a09e-0a10-495c-9e81-1afb8bc1a96e_434ed175-a4cd-4943-86bf-f7caf8f7f984.jpg/250x188.webp,116.023023143389,3944
80f88eaa-9cd6-4be2-ad0f-494572d4f8a1,Nissan,Pixo,1.0i*euro5*5portes*1er main* 65000km* carnet,Dealer,4490,b,65000,12-2010,7000,https://prod.pictures.autoscout24.net/listing-images/80f88eaa-9cd6-4be2-ad0f-494572d4f8a1_688c7d86-7cd2-4287-a106-a549b13d881d.jpg/250x188.webp https://prod.pictures.autoscout24.net/listing-images/80f88eaa-9cd6-4be2-ad0f-494572d4f8a1_b763962f-5c2e-4767-a8d0-c086c2109b7e.jpg/250x188.webp https://prod.pictures.autoscout24.net/listing-images/80f88eaa-9cd6-4be2-ad0f-494572d4f8a1_4abba618-8de0-4701-99ea-af6fcd36c53d.jpg/250x188.webp https://prod.pictures.autoscout24.net/listing-images/80f88eaa-9cd6-4be2-ad0f-494572d4f8a1_e89c6225-1586-4b98-9ba3-ec4ecf93290b.jpg/250x188.webp https://prod.pictures.autoscout24.net/listing-images/80f88eaa-9cd6-4be2-ad0f-494572d4f8a1_06d6d2fd-31a5-4935-afff-918c357575b0.jpg/250x188.webp https://prod.pictures.autoscout24.net/listing-images/80f88eaa-9cd6-4be2-ad0f-494572d4f8a1_16c5d1cf-d0a7-4159-acc7-ac18ed728028.jpg/250x188.webp https://prod.pictures.autoscout24.net/listing-images/80f88eaa-9cd6-4be2-ad0f-494572d4f8a1_85f822ac-b3ac-401e-af4b-b35c079d7150.jpg/250x188.webp https://prod.pictures.autoscout24.net/listing-images/80f88eaa-9cd6-4be2-ad0f-494572d4f8a1_669b5ec2-4987-40a4-a72c-6deee0878b8a.jpg/250x188.webp https://prod.pictures.autoscout24.net/listing-images/80f88eaa-9cd6-4be2-ad0f-494572d4f8a1_4f1d5079-66f7-4cba-9068-1da3acb6b8be.jpg/250x188.webp https://prod.pictures.autoscout24.net/listing-images/80f88eaa-9cd6-4be2-ad0f-494572d4f8a1_7aab76a1-63f6-4507-8544-344390e574a9.jpg/250x188.webp https://prod.pictures.autoscout24.net/listing-images/80f88eaa-9cd6-4be2-ad0f-494572d4f8a1_2fb704bb-8bbd-451d-95e1-9e99b70d031c.jpg/250x188.webp,118.39471915054493,4400
e0393160-ea0a-4e0a-ab96-5d2013cdf8a8,Nissan,Note,1.4i 16v  VENDU **VENDU**VENDU,Dealer,4490,b,69000,02-2008,6200,https://prod.pictures.autoscout24.net/listing-images/e0393160-ea0a-4e0a-ab96-5d2013cdf8a8_c1e8cb3a-ea13-48c2-9d31-b8ce2a7eb65b.jpg/250x188.webp https://prod.pictures.autoscout24.net/listing-images/e0393160-ea0a-4e0a-ab96-5d2013cdf8a8_acd8b396-4442-4b55-85cd-a462f9ba8e53.jpg/250x188.webp https://prod.pictures.autoscout24.net/listing-images/e0393160-ea0a-4e0a-ab96-5d2013cdf8a8_49b72787-2a06-43bc-8d14-6e8c64307a95.jpg/250x188.webp https://prod.pictures.autoscout24.net/listing-images/e0393160-ea0a-4e0a-ab96-5d2013cdf8a8_51ed0ada-5396-4308-9707-6b43d4a298ea.jpg/250x188.webp https://prod.pictures.autoscout24.net/listing-images/e0393160-ea0a-4e0a-ab96-5d2013cdf8a8_4829aaed-7f37-40d8-ba37-c15d72e0249f.jpg/250x188.webp https://prod.pictures.autoscout24.net/listing-images/e0393160-ea0a-4e0a-ab96-5d2013cdf8a8_3f265247-abb1-40c5-bcd4-d0064eecc9ca.jpg/250x188.webp https://prod.pictures.autoscout24.net/listing-images/e0393160-ea0a-4e0a-ab96-5d2013cdf8a8_a02fa18b-6f41-45c8-a1bf-6b188d05f2e2.jpg/250x188.webp https://prod.pictures.autoscout24.net/listing-images/e0393160-ea0a-4e0a-ab96-5d2013cdf8a8_cd504c43-f62f-4d34-814f-2c3fcadf9fe2.jpg/250x188.webp https://prod.pictures.autoscout24.net/listing-images/e0393160-ea0a-4e0a-ab96-5d2013cdf8a8_4926b78c-9d61-4c9c-9950-a8a9e7cd9792.jpg/250x188.webp https://prod.pictures.autoscout24.net/listing-images/e0393160-ea0a-4e0a-ab96-5d2013cdf8a8_94ffee7c-d61d-4b17-bcc3-a30530ce17da.jpg/250x188.webp https://prod.pictures.autoscout24.net/listing-images/e0393160-ea0a-4e0a-ab96-5d2013cdf8a8_4feaf25f-e8c7-4416-8bf3-e8d149dff95f.jpg/250x188.webp https://prod.pictures.autoscout24.net/listing-images/e0393160-ea0a-4e0a-ab96-5d2013cdf8a8_73e160fe-f533-478f-ae51-e7f9c944f0b5.jpg/250x188.webp https://prod.pictures.autoscout24.net/listing-images/e0393160-ea0a-4e0a-ab96-5d2013cdf8a8_861d3d7e-a328-4161-b705-e6622bb936e9.jpg/250x188.webp https://prod.pictures.autoscout24.net/listing-images/e0393160-ea0a-4e0a-ab96-5d2013cdf8a8_5924f536-75f9-4a7a-a8ed-13c4ff4afa7e.jpg/250x188.webp,119.77990387531518,5434
c526b3ec-14c3-45d4-97b1-a6fc8bd98804,Nissan,Pixo,1.0 Benzine Euro 5 2011 Airco/Stadsauto,Dealer,4500,b,126840,09-2011,2100,https://prod.pictures.autoscout24.net/listing-images/c526b3ec-14c3-45d4-97b1-a6fc8bd98804_90df28e6-5427-457c-b6ca-ecd38350352f.jpg/250x188.webp https://prod.pictures.autoscout24.net/listing-images/c526b3ec-14c3-45d4-97b1-a6fc8bd98804_99ca27ac-154c-4c84-9d38-186fcc25c38d.jpg/250x188.webp https://prod.pictures.autoscout24.net/listing-images/c526b3ec-14c3-45d4-97b1-a6fc8bd98804_a9659044-cc0c-4943-876a-643644f386ad.jpg/250x188.webp https://prod.pictures.autoscout24.net/listing-images/c526b3ec-14c3-45d4-97b1-a6fc8bd98804_e44c1109-e640-4c55-ba9f-374e5724b44d.jpg/250x188.webp https://prod.pictures.autoscout24.net/listing-images/c526b3ec-14c3-45d4-97b1-a6fc8bd98804_d4c0e568-6ed0-426d-bd24-1fd908ce236b.jpg/250x188.webp https://prod.pictures.autoscout24.net/listing-images/c526b3ec-14c3-45d4-97b1-a6fc8bd98804_199658ab-9181-46de-8c15-83c970632148.jpg/250x188.webp https://prod.pictures.autoscout24.net/listing-images/c526b3ec-14c3-45d4-97b1-a6fc8bd98804_e82feb68-6b62-4a97-a928-4840483d9403.jpg/250x188.webp https://prod.pictures.autoscout24.net/listing-images/c526b3ec-14c3-45d4-97b1-a6fc8bd98804_35048257-b399-48f2-8b40-a90b87d4c067.jpg/250x188.webp https://prod.pictures.autoscout24.net/listing-images/c526b3ec-14c3-45d4-97b1-a6fc8bd98804_5f6b3c3e-e8c8-4667-ae43-bc3eecc089c4.jpg/250x188.webp https://prod.pictures.autoscout24.net/listing-images/c526b3ec-14c3-45d4-97b1-a6fc8bd98804_ed51f033-b5e9-425f-9689-2ad174f739ef.jpg/250x188.webp,27.421552979694752,4126
711748e3-5fbe-489e-aba0-f46ae2412fb5,Nissan,Pixo,1.0i 43000km 5d (schade zie foto's),Dealer,4500,b,43000,07-2013,8860,https://prod.pictures.autoscout24.net/listing-images/711748e3-5fbe-489e-aba0-f46ae2412fb5_644f55d6-7732-4883-b1fe-ccb3187f3873.jpg/250x188.webp https://prod.pictures.autoscout24.net/listing-images/711748e3-5fbe-489e-aba0-f46ae2412fb5_ca6b8d5c-c9fa-451d-b1b1-dc9e817103c3.jpg/250x188.webp https://prod.pictures.autoscout24.net/listing-images/711748e3-5fbe-489e-aba0-f46ae2412fb5_22c25c59-8d73-472a-a568-dc09e34ffd28.jpg/250x188.webp https://prod.pictures.autoscout24.net/listing-images/711748e3-5fbe-489e-aba0-f46ae2412fb5_2bed71dd-1aee-42b6-9cc9-94ff7072536a.jpg/250x188.webp https://prod.pictures.autoscout24.net/listing-images/711748e3-5fbe-489e-aba0-f46ae2412fb5_eaa7a037-2b7e-48e5-91e9-fa456b38f8a1.jpg/250x188.webp https://prod.pictures.autoscout24.net/listing-images/711748e3-5fbe-489e-aba0-f46ae2412fb5_c1b73121-bdca-47f3-b154-9a80ed37c7d8.jpg/250x188.webp https://prod.pictures.autoscout24.net/listing-images/711748e3-5fbe-489e-aba0-f46ae2412fb5_0d4c2e71-81fb-4317-b1e1-e5e9f8c016ed.jpg/250x188.webp https://prod.pictures.autoscout24.net/listing-images/711748e3-5fbe-489e-aba0-f46ae2412fb5_799375c4-cf97-4769-a6fe-1d97cd3d457e.jpg/250x188.webp https://prod.pictures.autoscout24.net/listing-images/711748e3-5fbe-489e-aba0-f46ae2412fb5_92ab4d6e-ca80-4935-9466-c6a69c41f1bd.jpg/250x188.webp https://prod.pictures.autoscout24.net/listing-images/711748e3-5fbe-489e-aba0-f46ae2412fb5_142139fb-e0ea-44e4-a1a0-5d3090161b1e.jpg/250x188.webp https://prod.pictures.autoscout24.net/listing-images/711748e3-5fbe-489e-aba0-f46ae2412fb5_23216bd5-b37b-4d10-afee-eaece50d401d.jpg/250x188.webp https://prod.pictures.autoscout24.net/listing-images/711748e3-5fbe-489e-aba0-f46ae2412fb5_a862428f-5b1d-4fe9-8f35-82f5ec40277a.jpg/250x188.webp https://prod.pictures.autoscout24.net/listing-images/711748e3-5fbe-489e-aba0-f46ae2412fb5_0845f5f4-99ce-457e-a4a8-a67cbd2f9c0b.jpg/250x188.webp https://prod.pictures.autoscout24.net/listing-images/711748e3-5fbe-489e-aba0-f46ae2412fb5_e2e8fb0e-f888-437c-99a6-49773beafd3c.jpg/250x188.webp https://prod.pictures.autoscout24.net/listing-images/711748e3-5fbe-489e-aba0-f46ae2412fb5_604c9187-0510-4288-98b8-190bb8f8841b.jpg/250x188.webp,107.47860619254739,3457
33f73b7a-65e8-4fc7-aed8-bebb92432e81,Nissan,Pixo,D31S,PrivateSeller,4500,b,78038,08-2011,4100,https://prod.pictures.autoscout24.net/listing-images/33f73b7a-65e8-4fc7-aed8-bebb92432e81_f678408d-ce9d-4725-b826-f5ea22edcb74.jpg/250x188.webp https://prod.pictures.autoscout24.net/listing-images/33f73b7a-65e8-4fc7-aed8-bebb92432e81_6e6307a3-2203-446f-bdc2-d8a6f687e996.jpg/250x188.webp https://prod.pictures.autoscout24.net/listing-images/33f73b7a-65e8-4fc7-aed8-bebb92432e81_cd904a1c-349c-48ed-b19a-96e497549eef.jpg/250x188.webp https://prod.pictures.autoscout24.net/listing-images/33f73b7a-65e8-4fc7-aed8-bebb92432e81_cc36c2b3-12f2-4f4f-bf7b-e90da30fbe61.jpg/250x188.webp,122.70999344916741,4157
3a1c992e-ff03-4e4f-83c4-c358c960d9cc,Nissan,Micra,1.2i Acenta,PrivateSeller,4500,b,112000,08-2012,1420,https://prod.pictures.autoscout24.net/listing-images/3a1c992e-ff03-4e4f-83c4-c358c960d9cc_b3b8d5c2-7968-4116-b8fb-166637322ba9.jpg/250x188.webp https://prod.pictures.autoscout24.net/listing-images/3a1c992e-ff03-4e4f-83c4-c358c960d9cc_91ffdf81-79b2-44af-805f-dd5ab5ce333c.jpg/250x188.webp https://prod.pictures.autoscout24.net/listing-images/3a1c992e-ff03-4e4f-83c4-c358c960d9cc_680ea4cd-6757-40c0-a0f4-8427eccc1a67.jpg/250x188.webp https://prod.pictures.autoscout24.net/listing-images/3a1c992e-ff03-4e4f-83c4-c358c960d9cc_b32538f4-92b0-403c-b7be-d7f335329212.jpg/250x188.webp https://prod.pictures.autoscout24.net/listing-images/3a1c992e-ff03-4e4f-83c4-c358c960d9cc_b60919c7-7db7-499f-847e-3d8633c7ea24.jpg/250x188.webp https://prod.pictures.autoscout24.net/listing-images/3a1c992e-ff03-4e4f-83c4-c358c960d9cc_d1e0c078-1085-46fc-a859-2a3b5085d8c7.jpg/250x188.webp,87.49639779077864,3791
b518c870-c111-4370-a5e4-c2169b2991fa,Nissan,Note,1.4i *A/C * V/E * CAPTEUR ARRIERE * 148 € X 36,Dealer,4500,b,161218,07-2009,1160,https://prod.pictures.autoscout24.net/listing-images/b518c870-c111-4370-a5e4-c2169b2991fa_8f2e378e-10bd-43a3-a0a3-c8084f39b8c4.jpg/250x188.webp https://prod.pictures.autoscout24.net/listing-images/b518c870-c111-4370-a5e4-c2169b2991fa_17998213-3d6b-42db-a59d-8a4ead8d0edf.jpg/250x188.webp https://prod.pictures.autoscout24.net/listing-images/b518c870-c111-4370-a5e4-c2169b2991fa_51a8195c-c02b-4686-add7-fca8dc41d03a.jpg/250x188.webp https://prod.pictures.autoscout24.net/listing-images/b518c870-c111-4370-a5e4-c2169b2991fa_6d345a42-0e77-4a43-994c-87a6a60e70f7.jpg/250x188.webp https://prod.pictures.autoscout24.net/listing-images/b518c870-c111-4370-a5e4-c2169b2991fa_648069fc-3dab-4798-b8e5-6b149c5328bc.jpg/250x188.webp https://prod.pictures.autoscout24.net/listing-images/b518c870-c111-4370-a5e4-c2169b2991fa_7d1993a9-349b-495b-a80e-425957a8466b.jpg/250x188.webp https://prod.pictures.autoscout24.net/listing-images/b518c870-c111-4370-a5e4-c2169b2991fa_52a87a60-212a-47ea-8ee8-21381bb9cc5c.jpg/250x188.webp https://prod.pictures.autoscout24.net/listing-images/b518c870-c111-4370-a5e4-c2169b2991fa_0cbf2655-77e1-4d45-8a3c-63c8d3a2bce7.jpg/250x188.webp https://prod.pictures.autoscout24.net/listing-images/b518c870-c111-4370-a5e4-c2169b2991fa_c76213b5-1663-4a04-a5c0-024cc47a86bb.jpg/250x188.webp https://prod.pictures.autoscout24.net/listing-images/b518c870-c111-4370-a5e4-c2169b2991fa_aff59b26-6077-4d8a-b125-6e763ebd2aeb.jpg/250x188.webp https://prod.pictures.autoscout24.net/listing-images/b518c870-c111-4370-a5e4-c2169b2991fa_acf25076-2414-4dae-b1e9-9be62b740233.jpg/250x188.webp https://prod.pictures.autoscout24.net/listing-images/b518c870-c111-4370-a5e4-c2169b2991fa_5db4a834-c596-44ac-9d0b-1462bf8d30c7.jpg/250x188.webp https://prod.pictures.autoscout24.net/listing-images/b518c870-c111-4370-a5e4-c2169b2991fa_48487705-7317-45dc-8c01-99edb87af62b.jpg/250x188.webp https://prod.pictures.autoscout24.net/listing-images/b518c870-c111-4370-a5e4-c2169b2991fa_33d082e6-f56e-4b77-aec1-3a27d034e798.jpg/250x188.webp https://prod.pictures.autoscout24.net/listing-images/b518c870-c111-4370-a5e4-c2169b2991fa_259f8ea2-4327-43db-902f-949785cfd07a.jpg/250x188.webp,72.45305351002509,4918
ea029841-95da-4c5e-aad4-aa751c8dbcf6,Nissan,Micra,1.2i Acenta.  6 mois de garantie,PrivateSeller,4500,b,100200,08-2012,9500,https://prod.pictures.autoscout24.net/listing-images/ea029841-95da-4c5e-aad4-aa751c8dbcf6_84ddb6f3-6df7-43cb-ac13-8abc931ac974.jpg/250x188.webp https://prod.pictures.autoscout24.net/listing-images/ea029841-95da-4c5e-aad4-aa751c8dbcf6_5fb0dc5a-3904-45dc-b732-c1e6c1c4b523.jpg/250x188.webp https://prod.pictures.autoscout24.net/listing-images/ea029841-95da-4c5e-aad4-aa751c8dbcf6_ea402e35-4bf5-4e63-b632-af9a042075b7.jpg/250x188.webp https://prod.pictures.autoscout24.net/listing-images/ea029841-95da-4c5e-aad4-aa751c8dbcf6_74a9f592-00c9-4fac-96f4-0e3fa301363e.jpg/250x188.webp https://prod.pictures.autoscout24.net/listing-images/ea029841-95da-4c5e-aad4-aa751c8dbcf6_150f9131-f7bb-4a7f-a47f-852066d498e9.jpg/250x188.webp https://prod.pictures.autoscout24.net/listing-images/ea029841-95da-4c5e-aad4-aa751c8dbcf6_538e2bd9-48a7-4d27-9ca3-11285551da1e.jpg/250x188.webp https://prod.pictures.autoscout24.net/listing-images/ea029841-95da-4c5e-aad4-aa751c8dbcf6_dc79a32e-c9ec-4ab1-ab1a-6c6841e998a0.jpg/250x188.webp https://prod.pictures.autoscout24.net/listing-images/ea029841-95da-4c5e-aad4-aa751c8dbcf6_0329e7c3-d364-43e7-a2b9-9d21c72c3e9f.jpg/250x188.webp,88.55487491294804,3791
6dd81528-c469-431b-85b9-a3747dd7bb7e,Nissan,Micra,1.2 I-WAY Automatisch,Dealer,4650,b,110000,12-2010,1500,https://prod.pictures.autoscout24.net/listing-images/6dd81528-c469-431b-85b9-a3747dd7bb7e_af20ab6f-3a94-4216-94cb-fbe1f86a3bf0.jpg/250x188.webp https://prod.pictures.autoscout24.net/listing-images/6dd81528-c469-431b-85b9-a3747dd7bb7e_98a310bc-ed36-40b0-92fd-20ead920bb06.jpg/250x188.webp https://prod.pictures.autoscout24.net/listing-images/6dd81528-c469-431b-85b9-a3747dd7bb7e_241c26e3-6a1d-4720-bb2f-f2457bd81233.jpg/250x188.webp https://prod.pictures.autoscout24.net/listing-images/6dd81528-c469-431b-85b9-a3747dd7bb7e_6bfd6098-e2e3-47b6-8e9c-d536f7125db0.jpg/250x188.webp https://prod.pictures.autoscout24.net/listing-images/6dd81528-c469-431b-85b9-a3747dd7bb7e_262d39b3-2f1d-4e20-9494-97ea4df0a52f.jpg/250x188.webp https://prod.pictures.autoscout24.net/listing-images/6dd81528-c469-431b-85b9-a3747dd7bb7e_fdf6a17f-2102-437f-a3d1-fe2f6ee508cf.jpg/250x188.webp https://prod.pictures.autoscout24.net/listing-images/6dd81528-c469-431b-85b9-a3747dd7bb7e_0327fd38-7005-40cf-9159-8e19cbbc797f.jpg/250x188.webp https://prod.pictures.autoscout24.net/listing-images/6dd81528-c469-431b-85b9-a3747dd7bb7e_942565d7-6904-42e7-8c2f-14dd7ee6ae28.jpg/250x188.webp https://prod.pictures.autoscout24.net/listing-images/6dd81528-c469-431b-85b9-a3747dd7bb7e_ad4edfc1-dbde-44d0-a74e-6f6fb35500d9.jpg/250x188.webp,83.25423672184138,4400
98ff31a8-c3d9-4dd4-9eab-02a6f8f73593,Nissan,Note,1.4i 16v Acenta,Dealer,4650,b,88000,03-2007,1480,https://prod.pictures.autoscout24.net/listing-images/98ff31a8-c3d9-4dd4-9eab-02a6f8f73593_5c7de441-a3c0-4179-a008-02accfd0f9af.jpg/250x188.webp https://prod.pictures.autoscout24.net/listing-images/98ff31a8-c3d9-4dd4-9eab-02a6f8f73593_a79adbc9-919e-4122-956d-c8f56edaf84e.jpg/250x188.webp https://prod.pictures.autoscout24.net/listing-images/98ff31a8-c3d9-4dd4-9eab-02a6f8f73593_065e75df-331d-46f0-8a29-87ab2de42bc2.jpg/250x188.webp https://prod.pictures.autoscout24.net/listing-images/98ff31a8-c3d9-4dd4-9eab-02a6f8f73593_c29221fb-286a-4978-a1ca-68801159b05d.jpg/250x188.webp https://prod.pictures.autoscout24.net/listing-images/98ff31a8-c3d9-4dd4-9eab-02a6f8f73593_bf6e8293-6b98-4243-b26a-2334cee16acf.jpg/250x188.webp https://prod.pictures.autoscout24.net/listing-images/98ff31a8-c3d9-4dd4-9eab-02a6f8f73593_cb8f3a46-fd1a-4afc-8450-cf69ca123f1d.jpg/250x188.webp https://prod.pictures.autoscout24.net/listing-images/98ff31a8-c3d9-4dd4-9eab-02a6f8f73593_f7d6f619-a97b-4829-b1d9-f8bd6854ffc2.jpg/250x188.webp https://prod.pictures.autoscout24.net/listing-images/98ff31a8-c3d9-4dd4-9eab-02a6f8f73593_ba4d8be5-63ab-43fb-905f-1bff798ca74e.jpg/250x188.webp https://prod.pictures.autoscout24.net/listing-images/98ff31a8-c3d9-4dd4-9eab-02a6f8f73593_9fae8093-ddec-47a1-be63-b5671a673c3f.jpg/250x188.webp https://prod.pictures.autoscout24.net/listing-images/98ff31a8-c3d9-4dd4-9eab-02a6f8f73593_d35834ce-d311-4ec0-be6a-51401faea8da.jpg/250x188.webp https://prod.pictures.autoscout24.net/listing-images/98ff31a8-c3d9-4dd4-9eab-02a6f8f73593_8c1fb29e-4df4-4abe-bd49-b75ccc34aeb3.jpg/250x188.webp,90.6722887329444,5771
f862a05b-6735-48d6-8b8e-413c93145764,Nissan,Pixo,1.0i//CAR PASS// RADIO CD// PRET A IMMATRICULER,Dealer,4690,b,139358,01-2012,6200,https://prod.pictures.autoscout24.net/listing-images/f862a05b-6735-48d6-8b8e-413c93145764_52489771-d9f6-4d4d-a04c-a38252a650fa.jpg/250x188.webp https://prod.pictures.autoscout24.net/listing-images/f862a05b-6735-48d6-8b8e-413c93145764_900d0b84-1859-4d27-8f53-ed3fc8013c0f.jpg/250x188.webp https://prod.pictures.autoscout24.net/listing-images/f862a05b-6735-48d6-8b8e-413c93145764_4a168399-beb3-4774-8715-c16d56e2861a.jpg/250x188.webp https://prod.pictures.autoscout24.net/listing-images/f862a05b-6735-48d6-8b8e-413c93145764_437e480e-52b9-4320-a53b-5c8c729cb2fc.jpg/250x188.webp https://prod.pictures.autoscout24.net/listing-images/f862a05b-6735-48d6-8b8e-413c93145764_0eca0e77-d35d-4f0a-a7c2-b549f5edd5f4.jpg/250x188.webp https://prod.pictures.autoscout24.net/listing-images/f862a05b-6735-48d6-8b8e-413c93145764_a4ea3f15-877b-4793-857d-ad5e6267f867.jpg/250x188.webp https://prod.pictures.autoscout24.net/listing-images/f862a05b-6735-48d6-8b8e-413c93145764_d5bac459-162a-4498-b950-0679be47b3d7.jpg/250x188.webp https://prod.pictures.autoscout24.net/listing-images/f862a05b-6735-48d6-8b8e-413c93145764_41a3b760-33ab-4e70-b118-804224f979d3.jpg/250x188.webp https://prod.pictures.autoscout24.net/listing-images/f862a05b-6735-48d6-8b8e-413c93145764_6afab7f9-3334-4e6a-b170-fe456bb0eeb3.jpg/250x188.webp https://prod.pictures.autoscout24.net/listing-images/f862a05b-6735-48d6-8b8e-413c93145764_225e10ba-91dd-430a-8d1a-73702668f9c1.jpg/250x188.webp https://prod.pictures.autoscout24.net/listing-images/f862a05b-6735-48d6-8b8e-413c93145764_5c028801-0186-4f47-aed6-bbbd15016d72.jpg/250x188.webp https://prod.pictures.autoscout24.net/listing-images/f862a05b-6735-48d6-8b8e-413c93145764_3ea33ac4-2344-4784-b937-b9fa3f18c105.jpg/250x188.webp https://prod.pictures.autoscout24.net/listing-images/f862a05b-6735-48d6-8b8e-413c93145764_4cf7ce6e-abf8-4271-9aac-b8d76fa70107.jpg/250x188.webp https://prod.pictures.autoscout24.net/listing-images/f862a05b-6735-48d6-8b8e-413c93145764_4c76b27c-3ef4-42c0-8f62-bcaf9ecbb9d3.jpg/250x188.webp https://prod.pictures.autoscout24.net/listing-images/f862a05b-6735-48d6-8b8e-413c93145764_082835f9-ff25-4bbe-8060-16602527d515.jpg/250x188.webp,119.77990387531518,4004
2d23683e-6898-4f65-92f3-d1bb378fe34a,Nissan,Pixo,1.0i GARANTIE 12-MOIS,Dealer,4750,b,89119,11-2012,1410,https://prod.pictures.autoscout24.net/listing-images/2d23683e-6898-4f65-92f3-d1bb378fe34a_b0a6babd-9677-4bc1-87fb-4b1cd4505f62.jpg/250x188.webp https://prod.pictures.autoscout24.net/listing-images/2d23683e-6898-4f65-92f3-d1bb378fe34a_19608517-edee-42a4-bffe-f67da78a04df.jpg/250x188.webp https://prod.pictures.autoscout24.net/listing-images/2d23683e-6898-4f65-92f3-d1bb378fe34a_d0d86b21-9f52-47b7-bbab-6e08c63f020f.jpg/250x188.webp https://prod.pictures.autoscout24.net/listing-images/2d23683e-6898-4f65-92f3-d1bb378fe34a_444303a1-e6a0-4984-93f7-386074e72f5c.jpg/250x188.webp https://prod.pictures.autoscout24.net/listing-images/2d23683e-6898-4f65-92f3-d1bb378fe34a_38ee8917-b73a-417f-ac76-00c5b433e84b.jpg/250x188.webp https://prod.pictures.autoscout24.net/listing-images/2d23683e-6898-4f65-92f3-d1bb378fe34a_26f6d8e9-2596-47c2-b818-de0d0461e80b.jpg/250x188.webp https://prod.pictures.autoscout24.net/listing-images/2d23683e-6898-4f65-92f3-d1bb378fe34a_97499088-77b0-41e9-90e4-5992e3ce8e89.jpg/250x188.webp https://prod.pictures.autoscout24.net/listing-images/2d23683e-6898-4f65-92f3-d1bb378fe34a_f09c005e-e2d4-414b-92bd-e16d71146b01.jpg/250x188.webp https://prod.pictures.autoscout24.net/listing-images/2d23683e-6898-4f65-92f3-d1bb378fe34a_edf5ccd5-9435-4a9d-a527-6dee877bb29b.jpg/250x188.webp https://prod.pictures.autoscout24.net/listing-images/2d23683e-6898-4f65-92f3-d1bb378fe34a_6201b10f-0e1a-4775-8aba-77f6f4661a0a.jpg/250x188.webp,83.89428081314767,3699
1c75f2d0-6d31-4f2e-acf9-6e0aba13d5d0,Nissan,Micra,1.2i Mix,PrivateSeller,4750,b,87383,07-2008,2550,https://prod.pictures.autoscout24.net/listing-images/1c75f2d0-6d31-4f2e-acf9-6e0aba13d5d0_b09a2f19-176a-4a9e-be64-c5f5ededb268.jpg/250x188.webp https://prod.pictures.autoscout24.net/listing-images/1c75f2d0-6d31-4f2e-acf9-6e0aba13d5d0_76af46b8-51db-4ee1-b554-0aa9d552dd53.jpg/250x188.webp https://prod.pictures.autoscout24.net/listing-images/1c75f2d0-6d31-4f2e-acf9-6e0aba13d5d0_4a38ac19-e34a-4551-8c69-7346740a4f27.jpg/250x188.webp https://prod.pictures.autoscout24.net/listing-images/1c75f2d0-6d31-4f2e-acf9-6e0aba13d5d0_ec7f7cdc-e609-495f-87b2-e4441f8a6745.jpg/250x188.webp https://prod.pictures.autoscout24.net/listing-images/1c75f2d0-6d31-4f2e-acf9-6e0aba13d5d0_49b97bda-dbb5-4180-b8a5-7e35c75b5c62.jpg/250x188.webp https://prod.pictures.autoscout24.net/listing-images/1c75f2d0-6d31-4f2e-acf9-6e0aba13d5d0_1a55284a-17b3-40bd-961b-cc3a2706b277.jpg/250x188.webp https://prod.pictures.autoscout24.net/listing-images/1c75f2d0-6d31-4f2e-acf9-6e0aba13d5d0_048ad7f1-1fe0-48f8-8d57-adefe42713c4.jpg/250x188.webp https://prod.pictures.autoscout24.net/listing-images/1c75f2d0-6d31-4f2e-acf9-6e0aba13d5d0_07a16494-82dc-466e-881f-8b7c53e6855e.jpg/250x188.webp https://prod.pictures.autoscout24.net/listing-images/1c75f2d0-6d31-4f2e-acf9-6e0aba13d5d0_07956bed-e249-42ee-a1c5-e34d205375da.jpg/250x188.webp https://prod.pictures.autoscout24.net/listing-images/1c75f2d0-6d31-4f2e-acf9-6e0aba13d5d0_12d380f2-83ed-44ec-a99f-6a7b0d6b908e.jpg/250x188.webp https://prod.pictures.autoscout24.net/listing-images/1c75f2d0-6d31-4f2e-acf9-6e0aba13d5d0_1607316e-ebca-4c11-94e8-83b7f8de29af.jpg/250x188.webp https://prod.pictures.autoscout24.net/listing-images/1c75f2d0-6d31-4f2e-acf9-6e0aba13d5d0_7cb5cc71-b9fc-4875-bf43-b5ef77ceb132.jpg/250x188.webp https://prod.pictures.autoscout24.net/listing-images/1c75f2d0-6d31-4f2e-acf9-6e0aba13d5d0_67636b6b-0b96-41e0-968c-ba28d6141283.jpg/250x188.webp https://prod.pictures.autoscout24.net/listing-images/1c75f2d0-6d31-4f2e-acf9-6e0aba13d5d0_349a99c9-d8a5-4fb7-9788-31587b6d37dc.jpg/250x188.webp https://prod.pictures.autoscout24.net/listing-images/1c75f2d0-6d31-4f2e-acf9-6e0aba13d5d0_616b3808-9386-4d29-b7c4-4702376c2df7.jpg/250x188.webp https://prod.pictures.autoscout24.net/listing-images/1c75f2d0-6d31-4f2e-acf9-6e0aba13d5d0_e3f35c47-8799-463c-a385-825271754d32.jpg/250x188.webp https://prod.pictures.autoscout24.net/listing-images/1c75f2d0-6d31-4f2e-acf9-6e0aba13d5d0_f82912bf-e871-4e99-baf9-eb9c7b30f9d0.jpg/250x188.webp https://prod.pictures.autoscout24.net/listing-images/1c75f2d0-6d31-4f2e-acf9-6e0aba13d5d0_250887b9-9dc1-46eb-814c-05ee778b209c.jpg/250x188.webp https://prod.pictures.autoscout24.net/listing-images/1c75f2d0-6d31-4f2e-acf9-6e0aba13d5d0_57dddd7e-47e4-40a8-9300-d9387d25b13d.jpg/250x188.webp,37.36039038956695,5283
9873c0bc-0fbf-43fa-a3e9-daf340375fd8,Nissan,Pixo,1.000cc benzine euro 5,Dealer,4750,b,60000,01-2013,2580,https://prod.pictures.autoscout24.net/listing-images/9873c0bc-0fbf-43fa-a3e9-daf340375fd8_2b76c18a-72cc-4f55-9008-4cbbae3a862b.jpg/250x188.webp https://prod.pictures.autoscout24.net/listing-images/9873c0bc-0fbf-43fa-a3e9-daf340375fd8_24037557-a04a-481d-a056-fb03f1522dfe.jpg/250x188.webp https://prod.pictures.autoscout24.net/listing-images/9873c0bc-0fbf-43fa-a3e9-daf340375fd8_d1aafb32-4c46-4187-81e9-376bf80e6e5a.jpg/250x188.webp https://prod.pictures.autoscout24.net/listing-images/9873c0bc-0fbf-43fa-a3e9-daf340375fd8_8f5bddc0-d65e-4295-83f6-d6e7837c00e0.jpg/250x188.webp https://prod.pictures.autoscout24.net/listing-images/9873c0bc-0fbf-43fa-a3e9-daf340375fd8_7053228c-ccfd-4670-950b-4fd81a0cbbde.jpg/250x188.webp https://prod.pictures.autoscout24.net/listing-images/9873c0bc-0fbf-43fa-a3e9-daf340375fd8_d8df81f3-0e69-412d-83f0-b1f0a4c83a44.jpg/250x188.webp https://prod.pictures.autoscout24.net/listing-images/9873c0bc-0fbf-43fa-a3e9-daf340375fd8_3c26fab8-abe4-4d7a-8d27-b82e942f3fc2.jpg/250x188.webp https://prod.pictures.autoscout24.net/listing-images/9873c0bc-0fbf-43fa-a3e9-daf340375fd8_ed3fe6f1-5b92-4504-a148-4446dd933a6c.jpg/250x188.webp https://prod.pictures.autoscout24.net/listing-images/9873c0bc-0fbf-43fa-a3e9-daf340375fd8_fa48f1bf-4e7c-4ac4-a5bb-c89ce447d06b.jpg/250x188.webp https://prod.pictures.autoscout24.net/listing-images/9873c0bc-0fbf-43fa-a3e9-daf340375fd8_25f0b37b-b04e-4e58-bdc0-8ade5daf5f6e.jpg/250x188.webp https://prod.pictures.autoscout24.net/listing-images/9873c0bc-0fbf-43fa-a3e9-daf340375fd8_eefa70e1-6e0a-428e-9b52-0a8b29a9f63a.jpg/250x188.webp https://prod.pictures.autoscout24.net/listing-images/9873c0bc-0fbf-43fa-a3e9-daf340375fd8_e7f0ad94-7168-490d-b297-e4b4a51e22a8.jpg/250x188.webp https://prod.pictures.autoscout24.net/listing-images/9873c0bc-0fbf-43fa-a3e9-daf340375fd8_12881150-0b4f-473f-bdf1-0fe5a5394a61.jpg/250x188.webp https://prod.pictures.autoscout24.net/listing-images/9873c0bc-0fbf-43fa-a3e9-daf340375fd8_e53d8fb5-9f39-41a4-b94d-e822eb8d5b31.jpg/250x188.webp https://prod.pictures.autoscout24.net/listing-images/9873c0bc-0fbf-43fa-a3e9-daf340375fd8_a273a5a3-4a16-4acf-b260-a612a27d9bec.jpg/250x188.webp https://prod.pictures.autoscout24.net/listing-images/9873c0bc-0fbf-43fa-a3e9-daf340375fd8_8c9d823a-1866-47df-bd19-5053e1feff8b.jpg/250x188.webp https://prod.pictures.autoscout24.net/listing-images/9873c0bc-0fbf-43fa-a3e9-daf340375fd8_18960a79-5c72-4ab7-bd2e-5b60a8ff58b4.jpg/250x188.webp https://prod.pictures.autoscout24.net/listing-images/9873c0bc-0fbf-43fa-a3e9-daf340375fd8_c2195fac-2639-4e5f-b7d0-ee241e812d10.jpg/250x188.webp,47.81608453320808,3638
5e0e1ec8-7bad-45b9-8c0f-b4e200788554,Nissan,Pixo,1.0i,Dealer,4750,b,81960,02-2013,9310,https://prod.pictures.autoscout24.net/listing-images/5e0e1ec8-7bad-45b9-8c0f-b4e200788554_464f8e72-4004-4c08-a95a-f7d2436927fd.jpg/250x188.webp https://prod.pictures.autoscout24.net/listing-images/5e0e1ec8-7bad-45b9-8c0f-b4e200788554_e35430d7-c14c-4004-aa63-d6e900a77367.jpg/250x188.webp https://prod.pictures.autoscout24.net/listing-images/5e0e1ec8-7bad-45b9-8c0f-b4e200788554_40acefdc-82dc-4fc0-8959-7b96ca1a21d1.jpg/250x188.webp https://prod.pictures.autoscout24.net/listing-images/5e0e1ec8-7bad-45b9-8c0f-b4e200788554_62673218-7e7f-4205-a9eb-04fc481c8e85.jpg/250x188.webp https://prod.pictures.autoscout24.net/listing-images/5e0e1ec8-7bad-45b9-8c0f-b4e200788554_8290853d-a009-4ab7-b092-eec09ca263f9.jpg/250x188.webp https://prod.pictures.autoscout24.net/listing-images/5e0e1ec8-7bad-45b9-8c0f-b4e200788554_feb89220-3a44-464e-bdbe-13ad3ca4bca9.jpg/250x188.webp https://prod.pictures.autoscout24.net/listing-images/5e0e1ec8-7bad-45b9-8c0f-b4e200788554_4470bbae-0e61-45b2-91d3-01924a642529.jpg/250x188.webp https://prod.pictures.autoscout24.net/listing-images/5e0e1ec8-7bad-45b9-8c0f-b4e200788554_8618ad7c-c1fb-4bbd-b6fe-6cce4441c624.jpg/250x188.webp https://prod.pictures.autoscout24.net/listing-images/5e0e1ec8-7bad-45b9-8c0f-b4e200788554_20c8b514-e732-4c9b-83a3-88dcaef3dc7f.jpg/250x188.webp https://prod.pictures.autoscout24.net/listing-images/5e0e1ec8-7bad-45b9-8c0f-b4e200788554_c2d46f7d-2b0b-4883-8d1d-953df0290c7c.jpg/250x188.webp https://prod.pictures.autoscout24.net/listing-images/5e0e1ec8-7bad-45b9-8c0f-b4e200788554_ae76ce07-904a-42b6-9d19-345bfbf3d575.jpg/250x188.webp https://prod.pictures.autoscout24.net/listing-images/5e0e1ec8-7bad-45b9-8c0f-b4e200788554_bf9fd571-037f-495c-8784-20cc3cc9b10d.jpg/250x188.webp https://prod.pictures.autoscout24.net/listing-images/5e0e1ec8-7bad-45b9-8c0f-b4e200788554_e45b2871-9c26-45e4-bd70-ee5fb3d04bd9.jpg/250x188.webp,64.35619163316322,3607
cc1c2b63-f6c2-46ee-b2b9-6663b0fbbac8,Nissan,Note,1.6i 16v Acenta,PrivateSeller,4750,b,69000,01-2007,1020,https://prod.pictures.autoscout24.net/listing-images/cc1c2b63-f6c2-46ee-b2b9-6663b0fbbac8_fde613c2-2108-4384-b001-4e130f87d24b.jpg/250x188.webp https://prod.pictures.autoscout24.net/listing-images/cc1c2b63-f6c2-46ee-b2b9-6663b0fbbac8_7bf08cc1-77aa-4c31-ad35-34427fdc7aff.jpg/250x188.webp https://prod.pictures.autoscout24.net/listing-images/cc1c2b63-f6c2-46ee-b2b9-6663b0fbbac8_9e895c77-7a39-44f5-8a0b-30e515a37d2e.jpg/250x188.webp https://prod.pictures.autoscout24.net/listing-images/cc1c2b63-f6c2-46ee-b2b9-6663b0fbbac8_2149d13a-d6f0-447b-96d2-999a6de3d97d.jpg/250x188.webp https://prod.pictures.autoscout24.net/listing-images/cc1c2b63-f6c2-46ee-b2b9-6663b0fbbac8_452edc21-26ed-4045-8712-4aef0a43a24d.jpg/250x188.webp https://prod.pictures.autoscout24.net/listing-images/cc1c2b63-f6c2-46ee-b2b9-6663b0fbbac8_d5e2e1ef-ac02-4f6e-84b5-81cb32a8a28d.jpg/250x188.webp https://prod.pictures.autoscout24.net/listing-images/cc1c2b63-f6c2-46ee-b2b9-6663b0fbbac8_809b50c8-fdef-403e-ab4a-ff2c82365ee1.jpg/250x188.webp https://prod.pictures.autoscout24.net/listing-images/cc1c2b63-f6c2-46ee-b2b9-6663b0fbbac8_7582fe8b-c897-4d1e-b5d6-60cb567d286a.jpg/250x188.webp https://prod.pictures.autoscout24.net/listing-images/cc1c2b63-f6c2-46ee-b2b9-6663b0fbbac8_2c0adc5a-d022-44b1-9df8-7e7c706bc6b3.jpg/250x188.webp https://prod.pictures.autoscout24.net/listing-images/cc1c2b63-f6c2-46ee-b2b9-6663b0fbbac8_f2a27eb6-1934-4e3b-8c4e-7ba92b457df6.jpg/250x188.webp https://prod.pictures.autoscout24.net/listing-images/cc1c2b63-f6c2-46ee-b2b9-6663b0fbbac8_0b3c536f-260d-4c65-b306-834a8b16b3f6.jpg/250x188.webp,66.36225311284039,5830
13f54d5d-3f1b-40b9-bef6-7d566c3571e0,Nissan,Murano,FULL OPTION,Dealer,4800,b,250731,03-2005,1070,https://prod.pictures.autoscout24.net/listing-images/13f54d5d-3f1b-40b9-bef6-7d566c3571e0_1e3ff74b-c85b-4a9d-b858-4351c148b7c2.jpg/250x188.webp https://prod.pictures.autoscout24.net/listing-images/13f54d5d-3f1b-40b9-bef6-7d566c3571e0_0409491a-e525-4f90-8c02-301f10115c57.jpg/250x188.webp https://prod.pictures.autoscout24.net/listing-images/13f54d5d-3f1b-40b9-bef6-7d566c3571e0_7b6d61a1-54b4-4d06-9241-edf75c5bad2a.jpg/250x188.webp https://prod.pictures.autoscout24.net/listing-images/13f54d5d-3f1b-40b9-bef6-7d566c3571e0_630fa0f7-cd0b-4a2d-908e-1a566a7485a5.jpg/250x188.webp https://prod.pictures.autoscout24.net/listing-images/13f54d5d-3f1b-40b9-bef6-7d566c3571e0_3b179615-6aa9-40f1-879a-1a96e4c2dc6d.jpg/250x188.webp https://prod.pictures.autoscout24.net/listing-images/13f54d5d-3f1b-40b9-bef6-7d566c3571e0_aff94106-dd0b-4c5b-b74f-03b6aa00beb8.jpg/250x188.webp https://prod.pictures.autoscout24.net/listing-images/13f54d5d-3f1b-40b9-bef6-7d566c3571e0_52f99fdd-d1ee-4ef2-aa26-af71e2a15cd0.jpg/250x188.webp https://prod.pictures.autoscout24.net/listing-images/13f54d5d-3f1b-40b9-bef6-7d566c3571e0_302ad927-5bef-44f4-926c-df83e64898ba.jpg/250x188.webp https://prod.pictures.autoscout24.net/listing-images/13f54d5d-3f1b-40b9-bef6-7d566c3571e0_175729a6-d27c-4a32-b351-8189dae17fdd.jpg/250x188.webp https://prod.pictures.autoscout24.net/listing-images/13f54d5d-3f1b-40b9-bef6-7d566c3571e0_118bc044-fa4f-44a4-ab13-fdd73c65b390.jpg/250x188.webp https://prod.pictures.autoscout24.net/listing-images/13f54d5d-3f1b-40b9-bef6-7d566c3571e0_10df4bd6-2d59-4a3f-b70b-def2196f3c56.jpg/250x188.webp https://prod.pictures.autoscout24.net/listing-images/13f54d5d-3f1b-40b9-bef6-7d566c3571e0_e97c8219-424c-42d2-8231-94f7ef4549f2.jpg/250x188.webp https://prod.pictures.autoscout24.net/listing-images/13f54d5d-3f1b-40b9-bef6-7d566c3571e0_3ff663f3-7244-4e74-b9e6-76a8a82b4d8a.jpg/250x188.webp https://prod.pictures.autoscout24.net/listing-images/13f54d5d-3f1b-40b9-bef6-7d566c3571e0_5b1149e9-26b0-4f4d-805c-2bb981373e2f.jpg/250x188.webp https://prod.pictures.autoscout24.net/listing-images/13f54d5d-3f1b-40b9-bef6-7d566c3571e0_2709c47d-2ca0-4158-8421-7116707ab21c.jpg/250x188.webp https://prod.pictures.autoscout24.net/listing-images/13f54d5d-3f1b-40b9-bef6-7d566c3571e0_a2cd88c2-4beb-4fdd-b43a-49f327324e95.jpg/250x188.webp https://prod.pictures.autoscout24.net/listing-images/13f54d5d-3f1b-40b9-bef6-7d566c3571e0_119c24bf-d7b3-4e59-b8ef-e236a03c495d.jpg/250x188.webp https://prod.pictures.autoscout24.net/listing-images/13f54d5d-3f1b-40b9-bef6-7d566c3571e0_89ca435f-592e-4e4f-87b5-c94f4ae7263d.jpg/250x188.webp https://prod.pictures.autoscout24.net/listing-images/13f54d5d-3f1b-40b9-bef6-7d566c3571e0_16df9e85-6c3b-4b1c-9261-85d00bfc789c.jpg/250x188.webp https://prod.pictures.autoscout24.net/listing-images/13f54d5d-3f1b-40b9-bef6-7d566c3571e0_fa473eea-6a60-4ac1-9e9e-7dfca84b2c72.jpg/250x188.webp,71.06367211068877,6501
2932efce-5f9a-420b-bf49-f44d9ab2d98a,Nissan,Navara,,Dealer,4800,d,230000,04-1999,1740,https://prod.pictures.autoscout24.net/listing-images/2932efce-5f9a-420b-bf49-f44d9ab2d98a_21e8ea41-b845-49f9-b87c-6c26fe9fe2f9.jpg/250x188.webp https://prod.pictures.autoscout24.net/listing-images/2932efce-5f9a-420b-bf49-f44d9ab2d98a_4d6db762-fd02-480c-b534-36d774aeb8ad.jpg/250x188.webp https://prod.pictures.autoscout24.net/listing-images/2932efce-5f9a-420b-bf49-f44d9ab2d98a_fd2490c8-5ddb-4dcd-b667-b35dcf12ef60.jpg/250x188.webp https://prod.pictures.autoscout24.net/listing-images/2932efce-5f9a-420b-bf49-f44d9ab2d98a_133890f8-0a1e-4ade-a89a-ded3968ee7d4.jpg/250x188.webp https://prod.pictures.autoscout24.net/listing-images/2932efce-5f9a-420b-bf49-f44d9ab2d98a_f88e72a4-4c7a-44fc-b203-322f597ec971.jpg/250x188.webp https://prod.pictures.autoscout24.net/listing-images/2932efce-5f9a-420b-bf49-f44d9ab2d98a_c652588f-539a-48cc-87ee-f3d855633539.jpg/250x188.webp https://prod.pictures.autoscout24.net/listing-images/2932efce-5f9a-420b-bf49-f44d9ab2d98a_a888802a-f01e-479c-853d-f1bdf9ccf993.jpg/250x188.webp https://prod.pictures.autoscout24.net/listing-images/2932efce-5f9a-420b-bf49-f44d9ab2d98a_606715dd-5d3d-4e96-be87-3a0f11557b1e.jpg/250x188.webp https://prod.pictures.autoscout24.net/listing-images/2932efce-5f9a-420b-bf49-f44d9ab2d98a_ea508b07-9baa-468e-9768-67121489e072.jpg/250x188.webp https://prod.pictures.autoscout24.net/listing-images/2932efce-5f9a-420b-bf49-f44d9ab2d98a_5ca522b8-d834-48ce-9db7-7a5f3775be10.jpg/250x188.webp https://prod.pictures.autoscout24.net/listing-images/2932efce-5f9a-420b-bf49-f44d9ab2d98a_766bbc6e-2c99-429e-b21e-88130b6ac704.jpg/250x188.webp https://prod.pictures.autoscout24.net/listing-images/2932efce-5f9a-420b-bf49-f44d9ab2d98a_055364c8-529e-4223-b228-3ea5b54dbe59.jpg/250x188.webp,70.11361067497609,8662
cf43a75f-c155-4766-814d-f1b4d6c5b073,Nissan,X-Trail,,PrivateSeller,4800,d,182000,08-2006,8310,https://prod.pictures.autoscout24.net/listing-images/cf43a75f-c155-4766-814d-f1b4d6c5b073_918b926c-686c-40a3-82ee-15f5a1409c5a.jpg/250x188.webp https://prod.pictures.autoscout24.net/listing-images/cf43a75f-c155-4766-814d-f1b4d6c5b073_c5d53b53-29f3-4ace-b682-21e01d15bfb9.jpg/250x188.webp https://prod.pictures.autoscout24.net/listing-images/cf43a75f-c155-4766-814d-f1b4d6c5b073_7ff40d15-bbc9-428d-bb25-111e4b0f2368.jpg/250x188.webp https://prod.pictures.autoscout24.net/listing-images/cf43a75f-c155-4766-814d-f1b4d6c5b073_d14400c1-3433-4493-8e54-a71c680e58b3.jpg/250x188.webp https://prod.pictures.autoscout24.net/listing-images/cf43a75f-c155-4766-814d-f1b4d6c5b073_4319745e-7c66-44da-8c06-980176b38392.jpg/250x188.webp https://prod.pictures.autoscout24.net/listing-images/cf43a75f-c155-4766-814d-f1b4d6c5b073_4feae320-bbdc-4eea-8724-7e02d1030018.jpg/250x188.webp https://prod.pictures.autoscout24.net/listing-images/cf43a75f-c155-4766-814d-f1b4d6c5b073_ae5130ba-7d0f-4552-8918-998e9367c1e7.jpg/250x188.webp https://prod.pictures.autoscout24.net/listing-images/cf43a75f-c155-4766-814d-f1b4d6c5b073_d075f0f0-eb54-4908-a2c9-7b3f0a371d5a.jpg/250x188.webp https://prod.pictures.autoscout24.net/listing-images/cf43a75f-c155-4766-814d-f1b4d6c5b073_de724dea-46aa-42b6-b6bf-0f28e23735c2.jpg/250x188.webp https://prod.pictures.autoscout24.net/listing-images/cf43a75f-c155-4766-814d-f1b4d6c5b073_73c0aeae-7bcf-456c-a56b-5be6ecb9ff38.jpg/250x188.webp https://prod.pictures.autoscout24.net/listing-images/cf43a75f-c155-4766-814d-f1b4d6c5b073_e180ea9f-f1aa-4b87-b1f5-63e773397d96.jpg/250x188.webp https://prod.pictures.autoscout24.net/listing-images/cf43a75f-c155-4766-814d-f1b4d6c5b073_a8775375-7ca5-497d-bb31-242f859a0bc0.jpg/250x188.webp https://prod.pictures.autoscout24.net/listing-images/cf43a75f-c155-4766-814d-f1b4d6c5b073_060163b3-3315-46c4-a274-d252b6c95612.jpg/250x188.webp https://prod.pictures.autoscout24.net/listing-images/cf43a75f-c155-4766-814d-f1b4d6c5b073_c1cd168b-9a5a-4586-9575-44291b8b8691.jpg/250x188.webp,89.62690218529877,5983
8e12b2d1-779a-44c1-803e-8b4286a74570,Nissan,Navara,2.5 dCi 4x2 SE Alpha Top,Dealer,4900,d,235600,06-2006,1080,https://prod.pictures.autoscout24.net/listing-images/8e12b2d1-779a-44c1-803e-8b4286a74570_a0153fc4-f031-49cf-95a2-6501c9453286.jpg/250x188.webp https://prod.pictures.autoscout24.net/listing-images/8e12b2d1-779a-44c1-803e-8b4286a74570_971e3b85-2301-4ebf-9310-bc7a2ff13702.jpg/250x188.webp https://prod.pictures.autoscout24.net/listing-images/8e12b2d1-779a-44c1-803e-8b4286a74570_19e446ad-d0a7-4d71-accd-47d1c1f440ea.jpg/250x188.webp https://prod.pictures.autoscout24.net/listing-images/8e12b2d1-779a-44c1-803e-8b4286a74570_501fae48-e315-4e2e-bfa8-61918dd4dbd3.jpg/250x188.webp https://prod.pictures.autoscout24.net/listing-images/8e12b2d1-779a-44c1-803e-8b4286a74570_8593468a-e8f3-4686-8c2f-9b1cabf67bbf.jpg/250x188.webp https://prod.pictures.autoscout24.net/listing-images/8e12b2d1-779a-44c1-803e-8b4286a74570_2c953d2f-d050-4eee-9cd3-0c0120cd92a2.jpg/250x188.webp https://prod.pictures.autoscout24.net/listing-images/8e12b2d1-779a-44c1-803e-8b4286a74570_fcf5e6b3-4fd9-4821-b499-225048c56cd8.jpg/250x188.webp https://prod.pictures.autoscout24.net/listing-images/8e12b2d1-779a-44c1-803e-8b4286a74570_4bb31e94-e017-4abc-8f28-2a694c178ddb.jpg/250x188.webp,69.57979227671277,6044
539af0af-3678-44c4-8651-d7cfb9856098,Nissan,Qashqai,1.5 dCi 2WD Tekna,PrivateSeller,4900,d,200000,07-2009,7390,https://prod.pictures.autoscout24.net/listing-images/539af0af-3678-44c4-8651-d7cfb9856098_2421fedd-1d2a-4d84-9c44-18cbf4ab91c0.jpg/250x188.webp https://prod.pictures.autoscout24.net/listing-images/539af0af-3678-44c4-8651-d7cfb9856098_46fef742-b543-4e5c-9cfc-7392b3ed57a1.jpg/250x188.webp https://prod.pictures.autoscout24.net/listing-images/539af0af-3678-44c4-8651-d7cfb9856098_8188c31d-5b53-4bc3-96e5-0b2fed4cd3b6.jpg/250x188.webp https://prod.pictures.autoscout24.net/listing-images/539af0af-3678-44c4-8651-d7cfb9856098_16369c98-8bbe-4af1-a173-53bd998b1793.jpg/250x188.webp https://prod.pictures.autoscout24.net/listing-images/539af0af-3678-44c4-8651-d7cfb9856098_5c9459b7-9ad5-4153-8753-c69ae9a97812.jpg/250x188.webp,121.56764290915724,4918
56a7187e-f70d-4f24-85f7-5ff7ac330b12,Nissan,Pixo,1.0i Acenta EURO5 VENDUE !!!,Dealer,4900,b,113000,07-2012,5330,https://prod.pictures.autoscout24.net/listing-images/56a7187e-f70d-4f24-85f7-5ff7ac330b12_2906c5c9-2c7b-4379-8e86-0962728e5abd.jpg/250x188.webp https://prod.pictures.autoscout24.net/listing-images/56a7187e-f70d-4f24-85f7-5ff7ac330b12_c0d15727-a5e6-43eb-a9be-5382ffe6ca1c.jpg/250x188.webp https://prod.pictures.autoscout24.net/listing-images/56a7187e-f70d-4f24-85f7-5ff7ac330b12_e3be6e59-ea01-42e8-af67-9cb4776f83bc.jpg/250x188.webp https://prod.pictures.autoscout24.net/listing-images/56a7187e-f70d-4f24-85f7-5ff7ac330b12_fb7553d0-33f7-4a75-85e9-3191ed84c945.jpg/250x188.webp https://prod.pictures.autoscout24.net/listing-images/56a7187e-f70d-4f24-85f7-5ff7ac330b12_8295bb24-667a-41ce-9f7b-cda94699347d.jpg/250x188.webp https://prod.pictures.autoscout24.net/listing-images/56a7187e-f70d-4f24-85f7-5ff7ac330b12_b950252a-9589-46c7-a4e6-6e4a64dee041.jpg/250x188.webp https://prod.pictures.autoscout24.net/listing-images/56a7187e-f70d-4f24-85f7-5ff7ac330b12_ef406173-d564-4d26-b26b-49fa7f7299a1.jpg/250x188.webp https://prod.pictures.autoscout24.net/listing-images/56a7187e-f70d-4f24-85f7-5ff7ac330b12_9d0c6d29-b7cc-4a4e-9190-99a5e9b4c4ad.jpg/250x188.webp https://prod.pictures.autoscout24.net/listing-images/56a7187e-f70d-4f24-85f7-5ff7ac330b12_c6d0844a-017c-4d77-ac97-55c4d185667a.jpg/250x188.webp https://prod.pictures.autoscout24.net/listing-images/56a7187e-f70d-4f24-85f7-5ff7ac330b12_a67c3f0a-ea2b-41d5-8076-c85b2ccdc9ef.jpg/250x188.webp https://prod.pictures.autoscout24.net/listing-images/56a7187e-f70d-4f24-85f7-5ff7ac330b12_2c81b62d-31ea-4316-a315-b732cefc9e1f.jpg/250x188.webp https://prod.pictures.autoscout24.net/listing-images/56a7187e-f70d-4f24-85f7-5ff7ac330b12_5d0a3dc9-1fac-4890-9a79-c721b377ae04.jpg/250x188.webp https://prod.pictures.autoscout24.net/listing-images/56a7187e-f70d-4f24-85f7-5ff7ac330b12_19377b07-f6cd-455c-ac05-44a7d19bedd5.jpg/250x188.webp https://prod.pictures.autoscout24.net/listing-images/56a7187e-f70d-4f24-85f7-5ff7ac330b12_d0bbe648-90f3-408d-8da3-d8e7d73df1ff.jpg/250x188.webp https://prod.pictures.autoscout24.net/listing-images/56a7187e-f70d-4f24-85f7-5ff7ac330b12_9d2ce624-099e-4684-80f9-c884e08c90b0.jpg/250x188.webp https://prod.pictures.autoscout24.net/listing-images/56a7187e-f70d-4f24-85f7-5ff7ac330b12_19d59a69-e4d1-4a88-aaec-73bb54ae6c57.jpg/250x188.webp https://prod.pictures.autoscout24.net/listing-images/56a7187e-f70d-4f24-85f7-5ff7ac330b12_a810f358-dbc1-4a0d-a0bd-451896758fc6.jpg/250x188.webp https://prod.pictures.autoscout24.net/listing-images/56a7187e-f70d-4f24-85f7-5ff7ac330b12_a3265adc-eccf-4238-a185-bef91ca23214.jpg/250x188.webp,127.3828883606989,3822
56633c12-afc8-4b53-a61c-faf4e23d059a,Nissan,Qashqai,,PrivateSeller,4900,d,150000,10-2007,9000,https://prod.pictures.autoscout24.net/listing-images/56633c12-afc8-4b53-a61c-faf4e23d059a_41fee1ff-4356-4f3d-945a-562a797affb3.jpg/250x188.webp https://prod.pictures.autoscout24.net/listing-images/56633c12-afc8-4b53-a61c-faf4e23d059a_b9724208-7427-4405-b86c-e29c2e5fb3d7.jpg/250x188.webp https://prod.pictures.autoscout24.net/listing-images/56633c12-afc8-4b53-a61c-faf4e23d059a_7485f4d9-1fc7-429e-9dac-b3e0d4fe0744.jpg/250x188.webp https://prod.pictures.autoscout24.net/listing-images/56633c12-afc8-4b53-a61c-faf4e23d059a_f87a077b-8b4d-4bfa-84ee-a8525de4cbbc.jpg/250x188.webp https://prod.pictures.autoscout24.net/listing-images/56633c12-afc8-4b53-a61c-faf4e23d059a_0b971e33-e70b-4394-b684-2c82cbce06ad.jpg/250x188.webp https://prod.pictures.autoscout24.net/listing-images/56633c12-afc8-4b53-a61c-faf4e23d059a_9ba66541-cd85-4696-b89e-60d512469fc0.jpg/250x188.webp https://prod.pictures.autoscout24.net/listing-images/56633c12-afc8-4b53-a61c-faf4e23d059a_c4452846-c022-4005-81ac-ba42f0aa61e5.jpg/250x188.webp https://prod.pictures.autoscout24.net/listing-images/56633c12-afc8-4b53-a61c-faf4e23d059a_dd50b135-e194-4325-ac86-b63b43202768.jpg/250x188.webp https://prod.pictures.autoscout24.net/listing-images/56633c12-afc8-4b53-a61c-faf4e23d059a_60b0babb-a3a9-418c-9560-d7fd9b27a994.jpg/250x188.webp https://prod.pictures.autoscout24.net/listing-images/56633c12-afc8-4b53-a61c-faf4e23d059a_3f8e0ca5-866b-49b4-8593-a020e2c96a55.jpg/250x188.webp https://prod.pictures.autoscout24.net/listing-images/56633c12-afc8-4b53-a61c-faf4e23d059a_6da38f27-b628-42a6-b2bd-7bba4f4c0fe6.jpg/250x188.webp https://prod.pictures.autoscout24.net/listing-images/56633c12-afc8-4b53-a61c-faf4e23d059a_4bbe6cc6-435c-4af9-8a23-24920e617d59.jpg/250x188.webp https://prod.pictures.autoscout24.net/listing-images/56633c12-afc8-4b53-a61c-faf4e23d059a_ca55c439-7382-4444-a6c2-d032951db5b4.jpg/250x188.webp https://prod.pictures.autoscout24.net/listing-images/56633c12-afc8-4b53-a61c-faf4e23d059a_5fc4c7fe-1555-4719-8db5-a3d8b89ff748.jpg/250x188.webp https://prod.pictures.autoscout24.net/listing-images/56633c12-afc8-4b53-a61c-faf4e23d059a_be209aaf-2701-4672-85c9-b1730e7baa94.jpg/250x188.webp https://prod.pictures.autoscout24.net/listing-images/56633c12-afc8-4b53-a61c-faf4e23d059a_8170b065-b8bd-4a65-9fc4-0c61d8ea37d6.jpg/250x188.webp https://prod.pictures.autoscout24.net/listing-images/56633c12-afc8-4b53-a61c-faf4e23d059a_3091c4c1-3ad7-4168-bcdc-5fb9a9d28c02.jpg/250x188.webp https://prod.pictures.autoscout24.net/listing-images/56633c12-afc8-4b53-a61c-faf4e23d059a_6826b6a8-b84f-4e4a-912a-8a6577098b5c.jpg/250x188.webp https://prod.pictures.autoscout24.net/listing-images/56633c12-afc8-4b53-a61c-faf4e23d059a_537834cd-7e22-427e-a835-b52d365c9d6a.jpg/250x188.webp,69.99787275902874,5557
7189142b-0aba-4a6f-a6f7-751391170732,Nissan,Micra,1.2i  1 jaar Garantie,Dealer,4950,b,133000,07-2013,3870,https://prod.pictures.autoscout24.net/listing-images/7189142b-0aba-4a6f-a6f7-751391170732_83f833ca-ed76-4af6-90b6-6095c6f6558e.jpg/250x188.webp https://prod.pictures.autoscout24.net/listing-images/7189142b-0aba-4a6f-a6f7-751391170732_189f0f25-0e4f-4e46-a418-5e584e56d135.jpg/250x188.webp https://prod.pictures.autoscout24.net/listing-images/7189142b-0aba-4a6f-a6f7-751391170732_17e2abca-8be9-4fe4-a1f1-693be5a719f1.jpg/250x188.webp https://prod.pictures.autoscout24.net/listing-images/7189142b-0aba-4a6f-a6f7-751391170732_9dc9edd4-29c5-4143-9a67-7b73096c65e7.jpg/250x188.webp https://prod.pictures.autoscout24.net/listing-images/7189142b-0aba-4a6f-a6f7-751391170732_57c49131-3956-4105-8002-88524d52c71b.jpg/250x188.webp https://prod.pictures.autoscout24.net/listing-images/7189142b-0aba-4a6f-a6f7-751391170732_a1b04c71-8e7d-43b3-b9d4-976554c78ba6.jpg/250x188.webp https://prod.pictures.autoscout24.net/listing-images/7189142b-0aba-4a6f-a6f7-751391170732_8c860a91-1253-47f9-bfe7-d53b7f9c6dab.jpg/250x188.webp https://prod.pictures.autoscout24.net/listing-images/7189142b-0aba-4a6f-a6f7-751391170732_1d32cc71-da79-44fb-8e55-02c3851763d6.jpg/250x188.webp,98.32664210766359,3457
a39801f0-9d88-43ac-a9ea-c84519a4f5dd,Nissan,Micra,"1.2i Garantie,CAR PASS,euro 5,Navigatie",Dealer,4950,b,178000,12-2011,2547,https://prod.pictures.autoscout24.net/listing-images/a39801f0-9d88-43ac-a9ea-c84519a4f5dd_1a43afe2-2e18-412a-9684-02cb115fd6c9.jpg/250x188.webp https://prod.pictures.autoscout24.net/listing-images/a39801f0-9d88-43ac-a9ea-c84519a4f5dd_a07b4a67-81ea-4a6d-880d-3ed7fefdc5d4.jpg/250x188.webp https://prod.pictures.autoscout24.net/listing-images/a39801f0-9d88-43ac-a9ea-c84519a4f5dd_c3702128-1f84-45d4-b6d8-dd3be43d065a.jpg/250x188.webp https://prod.pictures.autoscout24.net/listing-images/a39801f0-9d88-43ac-a9ea-c84519a4f5dd_4d2f3d27-5f0a-4fc7-aede-7fb77335d2f2.jpg/250x188.webp https://prod.pictures.autoscout24.net/listing-images/a39801f0-9d88-43ac-a9ea-c84519a4f5dd_62ce7c9c-30ef-45f9-b6a2-b7bc2f9a0818.jpg/250x188.webp https://prod.pictures.autoscout24.net/listing-images/a39801f0-9d88-43ac-a9ea-c84519a4f5dd_bb50281f-fccd-439f-9e28-2e552001dc76.jpg/250x188.webp https://prod.pictures.autoscout24.net/listing-images/a39801f0-9d88-43ac-a9ea-c84519a4f5dd_1f192723-093a-480b-9a9d-c04bfbe5f727.jpg/250x188.webp https://prod.pictures.autoscout24.net/listing-images/a39801f0-9d88-43ac-a9ea-c84519a4f5dd_1ef598dd-b12a-4a57-9c0f-92f28690ed3b.jpg/250x188.webp https://prod.pictures.autoscout24.net/listing-images/a39801f0-9d88-43ac-a9ea-c84519a4f5dd_0e1f846c-de27-4831-b29b-2952665d7be7.jpg/250x188.webp https://prod.pictures.autoscout24.net/listing-images/a39801f0-9d88-43ac-a9ea-c84519a4f5dd_27d9ba1e-187e-4624-80e3-67e220a872f0.jpg/250x188.webp https://prod.pictures.autoscout24.net/listing-images/a39801f0-9d88-43ac-a9ea-c84519a4f5dd_6783f98b-412d-46f2-915d-b8e51db787d4.jpg/250x188.webp https://prod.pictures.autoscout24.net/listing-images/a39801f0-9d88-43ac-a9ea-c84519a4f5dd_4846030d-bc1f-4b71-bcb6-64d14892230e.jpg/250x188.webp https://prod.pictures.autoscout24.net/listing-images/a39801f0-9d88-43ac-a9ea-c84519a4f5dd_fa8c01ac-e21b-427c-a402-bba726df37ed.jpg/250x188.webp https://prod.pictures.autoscout24.net/listing-images/a39801f0-9d88-43ac-a9ea-c84519a4f5dd_d3b11be5-4db4-415f-98b5-e80f255ba717.jpg/250x188.webp https://prod.pictures.autoscout24.net/listing-images/a39801f0-9d88-43ac-a9ea-c84519a4f5dd_ed61a858-dd67-4343-afe3-5ec1bf86d666.jpg/250x188.webp https://prod.pictures.autoscout24.net/listing-images/a39801f0-9d88-43ac-a9ea-c84519a4f5dd_12719f57-15f5-4a61-94c8-6e141cc6f907.jpg/250x188.webp,37.9441917128707,4035
7a7c3e30-e31d-49aa-afc0-c167ef08f6b7,Nissan,Pixo,1.0i Acenta,Dealer,4950,b,65000,01-2012,1853,https://prod.pictures.autoscout24.net/listing-images/7a7c3e30-e31d-49aa-afc0-c167ef08f6b7_1f7be13e-df9e-4c4a-bd9e-9ceceb96d731.jpg/250x188.webp https://prod.pictures.autoscout24.net/listing-images/7a7c3e30-e31d-49aa-afc0-c167ef08f6b7_3dc1230a-f8ed-4ea6-8994-895c2afa430b.jpg/250x188.webp https://prod.pictures.autoscout24.net/listing-images/7a7c3e30-e31d-49aa-afc0-c167ef08f6b7_04c2375e-f1f3-4f71-ad17-8c909b1511b8.jpg/250x188.webp https://prod.pictures.autoscout24.net/listing-images/7a7c3e30-e31d-49aa-afc0-c167ef08f6b7_ce3128e3-5432-4e92-8984-31a65a2e941b.jpg/250x188.webp https://prod.pictures.autoscout24.net/listing-images/7a7c3e30-e31d-49aa-afc0-c167ef08f6b7_7b5e8904-322b-48a8-9109-4b416eaa7531.jpg/250x188.webp https://prod.pictures.autoscout24.net/listing-images/7a7c3e30-e31d-49aa-afc0-c167ef08f6b7_4715c506-16b8-4873-b0f8-386799d5279e.jpg/250x188.webp https://prod.pictures.autoscout24.net/listing-images/7a7c3e30-e31d-49aa-afc0-c167ef08f6b7_757b4fe3-7c62-4aec-8041-0de2c72877eb.jpg/250x188.webp https://prod.pictures.autoscout24.net/listing-images/7a7c3e30-e31d-49aa-afc0-c167ef08f6b7_9dea2f94-75b9-4fe8-beea-948571f5c10a.jpg/250x188.webp https://prod.pictures.autoscout24.net/listing-images/7a7c3e30-e31d-49aa-afc0-c167ef08f6b7_c886e9be-f1cb-4bb0-a1c0-4a8a358e950e.jpg/250x188.webp https://prod.pictures.autoscout24.net/listing-images/7a7c3e30-e31d-49aa-afc0-c167ef08f6b7_24e2315a-3f6c-4ae7-8e77-a60e3912aea4.jpg/250x188.webp https://prod.pictures.autoscout24.net/listing-images/7a7c3e30-e31d-49aa-afc0-c167ef08f6b7_6ad9f9c0-cc2a-4b59-b40d-267d661c8239.jpg/250x188.webp,62.49120970441575,4004
cf269090-5f26-4316-9112-b0d4d64648f1,Nissan,Micra,* 1.2i 16v * 28.000 Km * Car Pass * Airco *,Dealer,4950,b,28000,12-2005,8520,https://prod.pictures.autoscout24.net/listing-images/cf269090-5f26-4316-9112-b0d4d64648f1_7b5a0173-e094-419d-9f4f-38bcb30f2d04.jpg/250x188.webp https://prod.pictures.autoscout24.net/listing-images/cf269090-5f26-4316-9112-b0d4d64648f1_2b3c63f1-b306-4756-a6d0-d3597aee538e.jpg/250x188.webp https://prod.pictures.autoscout24.net/listing-images/cf269090-5f26-4316-9112-b0d4d64648f1_07b42fee-c562-4cec-9838-1f6a8b8f3595.jpg/250x188.webp https://prod.pictures.autoscout24.net/listing-images/cf269090-5f26-4316-9112-b0d4d64648f1_f0f063d3-93fc-4daa-ad55-7ce845c2bc29.jpg/250x188.webp https://prod.pictures.autoscout24.net/listing-images/cf269090-5f26-4316-9112-b0d4d64648f1_d6d82ccd-cfb0-4d26-9a2a-faee7c786d35.jpg/250x188.webp https://prod.pictures.autoscout24.net/listing-images/cf269090-5f26-4316-9112-b0d4d64648f1_4a3494cd-5451-4780-a9da-f7c44c876c58.jpg/250x188.webp https://prod.pictures.autoscout24.net/listing-images/cf269090-5f26-4316-9112-b0d4d64648f1_878b334a-9665-4983-aa43-91657411d105.jpg/250x188.webp https://prod.pictures.autoscout24.net/listing-images/cf269090-5f26-4316-9112-b0d4d64648f1_8a5b0173-1853-43f4-a08c-9aaeb3a7315a.jpg/250x188.webp https://prod.pictures.autoscout24.net/listing-images/cf269090-5f26-4316-9112-b0d4d64648f1_2d943aea-45cd-40bd-9343-7e2b5336f0d1.jpg/250x188.webp https://prod.pictures.autoscout24.net/listing-images/cf269090-5f26-4316-9112-b0d4d64648f1_b2b734a8-ac22-41c5-8029-c95fc662b860.jpg/250x188.webp https://prod.pictures.autoscout24.net/listing-images/cf269090-5f26-4316-9112-b0d4d64648f1_8b704604-92bd-4c16-9f4d-45f604682d4a.jpg/250x188.webp https://prod.pictures.autoscout24.net/listing-images/cf269090-5f26-4316-9112-b0d4d64648f1_34d04891-adf8-46eb-8462-14d3eaf9b91a.jpg/250x188.webp,107.45339579517565,6226
48c6a590-4c6d-4114-a0b8-299ac25e59a1,Nissan,Pixo,*Benzine EURO5 *Radio*Airbags*...,Dealer,4950,b,94820,09-2014,8480,https://prod.pictures.autoscout24.net/listing-images/48c6a590-4c6d-4114-a0b8-299ac25e59a1_f7987341-67e7-4246-a545-00e84128f2a1.jpg/250x188.webp https://prod.pictures.autoscout24.net/listing-images/48c6a590-4c6d-4114-a0b8-299ac25e59a1_a0ec19aa-8806-4d3e-a4fd-d920b57a1aca.jpg/250x188.webp https://prod.pictures.autoscout24.net/listing-images/48c6a590-4c6d-4114-a0b8-299ac25e59a1_db60f06e-03c3-49cb-9a90-fad87084f77e.jpg/250x188.webp https://prod.pictures.autoscout24.net/listing-images/48c6a590-4c6d-4114-a0b8-299ac25e59a1_90b583af-91b9-4ee9-bd43-831155f2d961.jpg/250x188.webp https://prod.pictures.autoscout24.net/listing-images/48c6a590-4c6d-4114-a0b8-299ac25e59a1_9803ef7a-4b2f-4f34-b625-1e41a794a826.jpg/250x188.webp https://prod.pictures.autoscout24.net/listing-images/48c6a590-4c6d-4114-a0b8-299ac25e59a1_bc995051-b9d0-4551-a752-106359db7d06.jpg/250x188.webp https://prod.pictures.autoscout24.net/listing-images/48c6a590-4c6d-4114-a0b8-299ac25e59a1_414a40e3-ba25-4961-9b0f-e9deb8ac8c20.jpg/250x188.webp https://prod.pictures.autoscout24.net/listing-images/48c6a590-4c6d-4114-a0b8-299ac25e59a1_3351b539-8b75-4e77-a22b-377d652dff1f.jpg/250x188.webp https://prod.pictures.autoscout24.net/listing-images/48c6a590-4c6d-4114-a0b8-299ac25e59a1_85447753-67a4-49f5-bf75-e1428aac183c.jpg/250x188.webp https://prod.pictures.autoscout24.net/listing-images/48c6a590-4c6d-4114-a0b8-299ac25e59a1_78534907-86ae-49e7-9d8d-6c7691b10850.jpg/250x188.webp https://prod.pictures.autoscout24.net/listing-images/48c6a590-4c6d-4114-a0b8-299ac25e59a1_013dcb10-a5a1-4625-ae95-8a1ff018b038.jpg/250x188.webp https://prod.pictures.autoscout24.net/listing-images/48c6a590-4c6d-4114-a0b8-299ac25e59a1_e6f68c2f-50df-423e-9ff4-40480038231c.jpg/250x188.webp https://prod.pictures.autoscout24.net/listing-images/48c6a590-4c6d-4114-a0b8-299ac25e59a1_4870732a-9308-49f2-b60f-1f44fab98d4c.jpg/250x188.webp https://prod.pictures.autoscout24.net/listing-images/48c6a590-4c6d-4114-a0b8-299ac25e59a1_eef87ee4-3886-4625-b950-3cc909bce71d.jpg/250x188.webp https://prod.pictures.autoscout24.net/listing-images/48c6a590-4c6d-4114-a0b8-299ac25e59a1_7d8afddf-164a-4358-9373-fef7e8866bdb.jpg/250x188.webp https://prod.pictures.autoscout24.net/listing-images/48c6a590-4c6d-4114-a0b8-299ac25e59a1_29c40550-79b8-4989-a135-603efb6c075a.jpg/250x188.webp https://prod.pictures.autoscout24.net/listing-images/48c6a590-4c6d-4114-a0b8-299ac25e59a1_169672c3-de19-49d9-9854-08a859329d4a.jpg/250x188.webp https://prod.pictures.autoscout24.net/listing-images/48c6a590-4c6d-4114-a0b8-299ac25e59a1_ffb5642a-5716-4448-8c83-3eaeba9d8adb.jpg/250x188.webp https://prod.pictures.autoscout24.net/listing-images/48c6a590-4c6d-4114-a0b8-299ac25e59a1_032766e5-4e36-49d0-be0b-89da33530d30.jpg/250x188.webp,108.37030503019517,3030
101127cf-68b7-43b6-8b32-0b66491b4601,Nissan,Qashqai,1.6i 2WD Navi Carnet d’entretien complet,Dealer,4950,b,300008,04-2007,1601,https://prod.pictures.autoscout24.net/listing-images/101127cf-68b7-43b6-8b32-0b66491b4601_bf269941-e518-41bd-8545-579f62d8297a.jpg/250x188.webp https://prod.pictures.autoscout24.net/listing-images/101127cf-68b7-43b6-8b32-0b66491b4601_69d650a3-16d0-4c63-925f-1f131426cc7d.jpg/250x188.webp https://prod.pictures.autoscout24.net/listing-images/101127cf-68b7-43b6-8b32-0b66491b4601_604c99a8-4d69-42c4-a72a-e22b5c1de7b0.jpg/250x188.webp https://prod.pictures.autoscout24.net/listing-images/101127cf-68b7-43b6-8b32-0b66491b4601_fdfc83c4-bd31-4b18-a78f-f338a148ee3e.jpg/250x188.webp https://prod.pictures.autoscout24.net/listing-images/101127cf-68b7-43b6-8b32-0b66491b4601_5bbc05c8-1cfb-425a-8bee-31b639743b77.jpg/250x188.webp https://prod.pictures.autoscout24.net/listing-images/101127cf-68b7-43b6-8b32-0b66491b4601_a13d363c-3fb9-4517-8a10-3e82552d25aa.jpg/250x188.webp https://prod.pictures.autoscout24.net/listing-images/101127cf-68b7-43b6-8b32-0b66491b4601_8775172a-f81c-4330-aefa-32eed9f4c22b.jpg/250x188.webp https://prod.pictures.autoscout24.net/listing-images/101127cf-68b7-43b6-8b32-0b66491b4601_c76765e5-bd13-4b83-823d-1b8a204c1593.jpg/250x188.webp https://prod.pictures.autoscout24.net/listing-images/101127cf-68b7-43b6-8b32-0b66491b4601_c004ee22-440b-4cd8-86d0-cd03920d1f3a.jpg/250x188.webp https://prod.pictures.autoscout24.net/listing-images/101127cf-68b7-43b6-8b32-0b66491b4601_0b1b7ade-7984-479f-a566-4e6b7e14797e.jpg/250x188.webp https://prod.pictures.autoscout24.net/listing-images/101127cf-68b7-43b6-8b32-0b66491b4601_648c3953-4867-4205-b5bb-9ae7edb23e0e.jpg/250x188.webp https://prod.pictures.autoscout24.net/listing-images/101127cf-68b7-43b6-8b32-0b66491b4601_9787afc4-f9ba-412d-a7ba-1194f08e5840.jpg/250x188.webp,76.3100421089918,5740
d7e69f64-7b78-4a92-a57f-5d569d5c18e5,Nissan,X-Trail,2.0i 16v  / automatique/ marchand ou export,Dealer,4950,b,124000,01-2002,1410,https://prod.pictures.autoscout24.net/listing-images/d7e69f64-7b78-4a92-a57f-5d569d5c18e5_baf2c023-ff22-4536-8e68-a1376076bcce.jpg/250x188.webp https://prod.pictures.autoscout24.net/listing-images/d7e69f64-7b78-4a92-a57f-5d569d5c18e5_8aa13f51-a2ff-463a-8a15-ef254a6718e6.jpg/250x188.webp https://prod.pictures.autoscout24.net/listing-images/d7e69f64-7b78-4a92-a57f-5d569d5c18e5_0ef99eba-8c05-43c8-8f4e-4887d0827cfa.jpg/250x188.webp https://prod.pictures.autoscout24.net/listing-images/d7e69f64-7b78-4a92-a57f-5d569d5c18e5_cfafe718-ff11-4584-8dc1-de3ec1abe52d.jpg/250x188.webp https://prod.pictures.autoscout24.net/listing-images/d7e69f64-7b78-4a92-a57f-5d569d5c18e5_d4204922-96aa-4d89-86f1-d2be18a24361.jpg/250x188.webp https://prod.pictures.autoscout24.net/listing-images/d7e69f64-7b78-4a92-a57f-5d569d5c18e5_0c2369ef-417a-4d47-9f32-6dac2d64ead8.jpg/250x188.webp https://prod.pictures.autoscout24.net/listing-images/d7e69f64-7b78-4a92-a57f-5d569d5c18e5_88c0d62a-8b1e-4167-b584-433d8d58ab4b.jpg/250x188.webp https://prod.pictures.autoscout24.net/listing-images/d7e69f64-7b78-4a92-a57f-5d569d5c18e5_068f13a0-bda6-4314-815a-44300ecf6cb0.jpg/250x188.webp https://prod.pictures.autoscout24.net/listing-images/d7e69f64-7b78-4a92-a57f-5d569d5c18e5_ccb2b831-f37d-4e2d-9aa4-fdf81cb2083e.jpg/250x188.webp https://prod.pictures.autoscout24.net/listing-images/d7e69f64-7b78-4a92-a57f-5d569d5c18e5_1fec7376-a1b7-4436-bc51-43f1a3612bf3.jpg/250x188.webp https://prod.pictures.autoscout24.net/listing-images/d7e69f64-7b78-4a92-a57f-5d569d5c18e5_61ab7af8-6852-4ab3-a1ba-06237d732d9d.jpg/250x188.webp https://prod.pictures.autoscout24.net/listing-images/d7e69f64-7b78-4a92-a57f-5d569d5c18e5_096003d6-4706-4671-aa18-9e7c90f962a2.jpg/250x188.webp https://prod.pictures.autoscout24.net/listing-images/d7e69f64-7b78-4a92-a57f-5d569d5c18e5_ce195de9-7a0d-4af8-a3d9-a95a173273ea.jpg/250x188.webp https://prod.pictures.autoscout24.net/listing-images/d7e69f64-7b78-4a92-a57f-5d569d5c18e5_f74c9fdf-39c2-4ca5-a617-311963bf6eb1.jpg/250x188.webp https://prod.pictures.autoscout24.net/listing-images/d7e69f64-7b78-4a92-a57f-5d569d5c18e5_f0f02874-a06d-49d4-af00-a51dcd4bfe5f.jpg/250x188.webp https://prod.pictures.autoscout24.net/listing-images/d7e69f64-7b78-4a92-a57f-5d569d5c18e5_16432b6f-191c-4fe5-aedf-91c4057576dc.jpg/250x188.webp,83.89428081314767,7656
481fc0fc-3e66-4fa3-a1b6-fdcfeacb0889,Nissan,Note,1.5DCI / Clim Auto / KeyLess Go / Garantie 12 Mois,Dealer,4990,d,35000,06-2009,7170,https://prod.pictures.autoscout24.net/listing-images/481fc0fc-3e66-4fa3-a1b6-fdcfeacb0889_7fc5a6e5-3a83-4731-9e13-9c4fd6d679c9.jpg/250x188.webp https://prod.pictures.autoscout24.net/listing-images/481fc0fc-3e66-4fa3-a1b6-fdcfeacb0889_e7914250-2fd6-4bed-ae30-daaa4d1699cc.jpg/250x188.webp https://prod.pictures.autoscout24.net/listing-images/481fc0fc-3e66-4fa3-a1b6-fdcfeacb0889_7aa56d40-d8de-4c27-91dd-170974b99d02.jpg/250x188.webp https://prod.pictures.autoscout24.net/listing-images/481fc0fc-3e66-4fa3-a1b6-fdcfeacb0889_73354958-01ba-4fca-b53f-ee8a56075f8b.jpg/250x188.webp https://prod.pictures.autoscout24.net/listing-images/481fc0fc-3e66-4fa3-a1b6-fdcfeacb0889_ede08440-4193-4d74-b178-4f37fcc6d109.jpg/250x188.webp https://prod.pictures.autoscout24.net/listing-images/481fc0fc-3e66-4fa3-a1b6-fdcfeacb0889_37b7ecbf-6036-4514-82af-4022e2b9fb2e.jpg/250x188.webp https://prod.pictures.autoscout24.net/listing-images/481fc0fc-3e66-4fa3-a1b6-fdcfeacb0889_b960a899-b572-4485-9d1c-5661deecf8ba.jpg/250x188.webp https://prod.pictures.autoscout24.net/listing-images/481fc0fc-3e66-4fa3-a1b6-fdcfeacb0889_d35ec32f-54eb-4321-80b4-daff66e5844e.jpg/250x188.webp https://prod.pictures.autoscout24.net/listing-images/481fc0fc-3e66-4fa3-a1b6-fdcfeacb0889_0993be51-0704-4039-9936-68ed0d2eceb2.jpg/250x188.webp https://prod.pictures.autoscout24.net/listing-images/481fc0fc-3e66-4fa3-a1b6-fdcfeacb0889_f89f6639-70dc-4991-a3b3-22682ee6a2be.jpg/250x188.webp https://prod.pictures.autoscout24.net/listing-images/481fc0fc-3e66-4fa3-a1b6-fdcfeacb0889_d6262fa9-eda7-4b6f-936d-ceb3c5f69242.jpg/250x188.webp https://prod.pictures.autoscout24.net/listing-images/481fc0fc-3e66-4fa3-a1b6-fdcfeacb0889_164b8489-3936-49f2-ae83-1d45712664e9.jpg/250x188.webp https://prod.pictures.autoscout24.net/listing-images/481fc0fc-3e66-4fa3-a1b6-fdcfeacb0889_878b6706-ff96-4bce-b598-9baa4041e014.jpg/250x188.webp https://prod.pictures.autoscout24.net/listing-images/481fc0fc-3e66-4fa3-a1b6-fdcfeacb0889_096b0bc7-bcd1-4901-9fa5-c83d36116bc4.jpg/250x188.webp https://prod.pictures.autoscout24.net/listing-images/481fc0fc-3e66-4fa3-a1b6-fdcfeacb0889_f16e7b79-c1f5-4bac-967b-0bfffab6ec85.jpg/250x188.webp https://prod.pictures.autoscout24.net/listing-images/481fc0fc-3e66-4fa3-a1b6-fdcfeacb0889_6221c0bc-75dc-4d68-a526-0e72860eeb94.jpg/250x188.webp,108.4792868516476,4948
2f5c9281-b19e-4091-997a-0d3a84ccef34,Nissan,Sunny,1.6i Coupe,Dealer,4999,b,108000,06-1988,2930,https://prod.pictures.autoscout24.net/listing-images/2f5c9281-b19e-4091-997a-0d3a84ccef34_e49bd88e-1b79-4f7c-b4ad-3696ebac76c8.jpg/250x188.webp https://prod.pictures.autoscout24.net/listing-images/2f5c9281-b19e-4091-997a-0d3a84ccef34_4ee1c924-a435-4a6a-adf6-a8a01c70bf37.jpg/250x188.webp https://prod.pictures.autoscout24.net/listing-images/2f5c9281-b19e-4091-997a-0d3a84ccef34_f28f1cf4-0f82-4f2c-8290-1908434171c6.jpg/250x188.webp https://prod.pictures.autoscout24.net/listing-images/2f5c9281-b19e-4091-997a-0d3a84ccef34_10053894-6601-4299-9e37-34e96f3ba2e9.jpg/250x188.webp https://prod.pictures.autoscout24.net/listing-images/2f5c9281-b19e-4091-997a-0d3a84ccef34_e5e71f1a-653d-4be3-a595-8b92cf065c93.jpg/250x188.webp https://prod.pictures.autoscout24.net/listing-images/2f5c9281-b19e-4091-997a-0d3a84ccef34_27ca66b5-b822-49db-ae00-19163e1c9327.jpg/250x188.webp https://prod.pictures.autoscout24.net/listing-images/2f5c9281-b19e-4091-997a-0d3a84ccef34_0ceedd35-2392-4d70-9797-b9f0a210ad03.jpg/250x188.webp https://prod.pictures.autoscout24.net/listing-images/2f5c9281-b19e-4091-997a-0d3a84ccef34_d11fde0c-6ead-4dc8-9cc0-e1dc9fa8f218.jpg/250x188.webp https://prod.pictures.autoscout24.net/listing-images/2f5c9281-b19e-4091-997a-0d3a84ccef34_cf6717d3-39d4-45b3-b8af-fcd03953b2bf.jpg/250x188.webp https://prod.pictures.autoscout24.net/listing-images/2f5c9281-b19e-4091-997a-0d3a84ccef34_967b21e5-41b2-4d6d-8b77-127a6c25b6be.jpg/250x188.webp https://prod.pictures.autoscout24.net/listing-images/2f5c9281-b19e-4091-997a-0d3a84ccef34_0579def6-4436-43a8-b297-d5ce316efa12.jpg/250x188.webp,19.7117884178022,12618
197b47fe-9969-4110-a693-0745809c1d36,Nissan,Micra,1.2i Tekna * PANO * CLIM * GPS,Dealer,4999,b,91101,12-2011,1820,https://prod.pictures.autoscout24.net/listing-images/197b47fe-9969-4110-a693-0745809c1d36_0bebe59e-238b-4686-8938-91269dc737c0.jpg/250x188.webp https://prod.pictures.autoscout24.net/listing-images/197b47fe-9969-4110-a693-0745809c1d36_93638cd4-43d5-4ca2-8a28-405b44801b55.jpg/250x188.webp https://prod.pictures.autoscout24.net/listing-images/197b47fe-9969-4110-a693-0745809c1d36_463eeafe-39d6-4384-bb65-56342acf7620.jpg/250x188.webp https://prod.pictures.autoscout24.net/listing-images/197b47fe-9969-4110-a693-0745809c1d36_b2634958-b3e0-4927-aa94-84e81f106cb7.jpg/250x188.webp https://prod.pictures.autoscout24.net/listing-images/197b47fe-9969-4110-a693-0745809c1d36_37e6ae0b-27c3-4d44-9145-5c2e21980362.jpg/250x188.webp https://prod.pictures.autoscout24.net/listing-images/197b47fe-9969-4110-a693-0745809c1d36_71b57093-d26c-4565-9bd3-e2f15538fcf4.jpg/250x188.webp https://prod.pictures.autoscout24.net/listing-images/197b47fe-9969-4110-a693-0745809c1d36_a0246b5c-f612-40cc-bec9-d0abc671f660.jpg/250x188.webp https://prod.pictures.autoscout24.net/listing-images/197b47fe-9969-4110-a693-0745809c1d36_b4e501a6-4d8a-4174-9a42-9280a1d76796.jpg/250x188.webp https://prod.pictures.autoscout24.net/listing-images/197b47fe-9969-4110-a693-0745809c1d36_288d09c4-fb1b-4162-97bd-ac22431aad6e.jpg/250x188.webp https://prod.pictures.autoscout24.net/listing-images/197b47fe-9969-4110-a693-0745809c1d36_f3276a55-77f0-4aa1-ac4a-2e8431ce9330.jpg/250x188.webp https://prod.pictures.autoscout24.net/listing-images/197b47fe-9969-4110-a693-0745809c1d36_0fda2a59-a476-4f07-ab1d-66208a2a2706.jpg/250x188.webp https://prod.pictures.autoscout24.net/listing-images/197b47fe-9969-4110-a693-0745809c1d36_24515a54-32c3-42f7-a36a-32f401a18e3d.jpg/250x188.webp https://prod.pictures.autoscout24.net/listing-images/197b47fe-9969-4110-a693-0745809c1d36_78862a82-0877-4464-8149-b803440b7781.jpg/250x188.webp https://prod.pictures.autoscout24.net/listing-images/197b47fe-9969-4110-a693-0745809c1d36_4a3b3ac2-9d21-4c85-9eb1-afa30bc6049c.jpg/250x188.webp https://prod.pictures.autoscout24.net/listing-images/197b47fe-9969-4110-a693-0745809c1d36_9eeae3f8-e830-4ca6-8730-51d9691bc36e.jpg/250x188.webp,61.11806276432271,4035
089b32e6-c5e4-434b-a46f-b5959f47d1a8,Nissan,Qashqai,1.5 dCi 2WD Acenta Pack toit pano,Dealer,4999,d,190000,10-2008,7100,https://prod.pictures.autoscout24.net/listing-images/089b32e6-c5e4-434b-a46f-b5959f47d1a8_381f0be2-03de-4087-acfb-b6d09269a9e4.jpg/250x188.webp https://prod.pictures.autoscout24.net/listing-images/089b32e6-c5e4-434b-a46f-b5959f47d1a8_9d59d9a6-4ab3-4e03-ac60-ccf47097d0c1.jpg/250x188.webp https://prod.pictures.autoscout24.net/listing-images/089b32e6-c5e4-434b-a46f-b5959f47d1a8_d7cad237-7960-4bcc-840d-e5ca798cf7eb.jpg/250x188.webp https://prod.pictures.autoscout24.net/listing-images/089b32e6-c5e4-434b-a46f-b5959f47d1a8_57e457d0-fc07-425e-95d8-f6c2a525d02b.jpg/250x188.webp https://prod.pictures.autoscout24.net/listing-images/089b32e6-c5e4-434b-a46f-b5959f47d1a8_717dea2f-91a1-463b-8804-de867f602b14.jpg/250x188.webp https://prod.pictures.autoscout24.net/listing-images/089b32e6-c5e4-434b-a46f-b5959f47d1a8_98703a86-f609-4d87-ab81-524377bd5b71.jpg/250x188.webp https://prod.pictures.autoscout24.net/listing-images/089b32e6-c5e4-434b-a46f-b5959f47d1a8_7542a3e9-b52c-4ca1-946a-641853b06722.jpg/250x188.webp https://prod.pictures.autoscout24.net/listing-images/089b32e6-c5e4-434b-a46f-b5959f47d1a8_b46a43a0-1edb-4d62-87f6-6d125754aa6c.jpg/250x188.webp https://prod.pictures.autoscout24.net/listing-images/089b32e6-c5e4-434b-a46f-b5959f47d1a8_e7896530-f11d-43a5-adc7-602f0f5f27ad.jpg/250x188.webp,111.04432979756132,5191
0c3fae43-7541-4260-ba4d-6ad626aa93da,Nissan,Note,1.4i Acenta,PrivateSeller,4999,b,84500,06-2009,7850,https://prod.pictures.autoscout24.net/listing-images/0c3fae43-7541-4260-ba4d-6ad626aa93da_01ebecba-61be-4faf-acbf-4779305c0faa.jpg/250x188.webp https://prod.pictures.autoscout24.net/listing-images/0c3fae43-7541-4260-ba4d-6ad626aa93da_3eacb6ef-22cc-4c07-a152-7a4e85ecc33a.jpg/250x188.webp https://prod.pictures.autoscout24.net/listing-images/0c3fae43-7541-4260-ba4d-6ad626aa93da_5edf79fa-9dfc-4027-8d7a-400e91a47b88.jpg/250x188.webp https://prod.pictures.autoscout24.net/listing-images/0c3fae43-7541-4260-ba4d-6ad626aa93da_f84f7ae0-8853-4474-b1fc-87c23a1e7768.jpg/250x188.webp https://prod.pictures.autoscout24.net/listing-images/0c3fae43-7541-4260-ba4d-6ad626aa93da_e04bdffc-383a-4b58-83e5-081307e4db5c.jpg/250x188.webp https://prod.pictures.autoscout24.net/listing-images/0c3fae43-7541-4260-ba4d-6ad626aa93da_d8a7e96a-9740-4105-8a6f-d431c5598614.jpg/250x188.webp https://prod.pictures.autoscout24.net/listing-images/0c3fae43-7541-4260-ba4d-6ad626aa93da_be0f3605-25ff-499c-8208-8e4740f43261.jpg/250x188.webp https://prod.pictures.autoscout24.net/listing-images/0c3fae43-7541-4260-ba4d-6ad626aa93da_9b1f0caf-5ed2-421a-a65b-c2f1719737a4.jpg/250x188.webp https://prod.pictures.autoscout24.net/listing-images/0c3fae43-7541-4260-ba4d-6ad626aa93da_248eefda-6216-4683-b146-45efb45aebb7.jpg/250x188.webp https://prod.pictures.autoscout24.net/listing-images/0c3fae43-7541-4260-ba4d-6ad626aa93da_5011c55b-0c0a-4eeb-9ef6-be332a760184.jpg/250x188.webp https://prod.pictures.autoscout24.net/listing-images/0c3fae43-7541-4260-ba4d-6ad626aa93da_0ba946a5-4853-4a33-b1fa-913bed2803ba.jpg/250x188.webp https://prod.pictures.autoscout24.net/listing-images/0c3fae43-7541-4260-ba4d-6ad626aa93da_029e4d0e-dc7e-40c5-9194-aa4b68aafca7.jpg/250x188.webp https://prod.pictures.autoscout24.net/listing-images/0c3fae43-7541-4260-ba4d-6ad626aa93da_95ec61d1-aba4-496b-9895-67d5435add16.jpg/250x188.webp https://prod.pictures.autoscout24.net/listing-images/0c3fae43-7541-4260-ba4d-6ad626aa93da_8b1e0eb2-4242-46b4-8e05-09c0b7b57039.jpg/250x188.webp https://prod.pictures.autoscout24.net/listing-images/0c3fae43-7541-4260-ba4d-6ad626aa93da_345f6cfb-42a2-4bd9-a1d8-e5a8ea8da744.jpg/250x188.webp https://prod.pictures.autoscout24.net/listing-images/0c3fae43-7541-4260-ba4d-6ad626aa93da_74dee493-e5d9-4d0e-b0ef-d9a8bf5c7a1e.jpg/250x188.webp https://prod.pictures.autoscout24.net/listing-images/0c3fae43-7541-4260-ba4d-6ad626aa93da_50c7c918-0e26-40c8-9fd6-b613a8e5063e.jpg/250x188.webp https://prod.pictures.autoscout24.net/listing-images/0c3fae43-7541-4260-ba4d-6ad626aa93da_501ce155-7966-488b-b91d-2cc5814711e5.jpg/250x188.webp,92.1596430642278,4948
07f6df64-e9a4-4c3f-941a-5d4850748edc,Nissan,Pixo,1.0i Acenta / Garantie 12 Mois !,Dealer,4999,b,115000,03-2012,7740,https://prod.pictures.autoscout24.net/listing-images/07f6df64-e9a4-4c3f-941a-5d4850748edc_10bc4bc3-6439-4543-a07d-c198be7abd0a.jpg/250x188.webp https://prod.pictures.autoscout24.net/listing-images/07f6df64-e9a4-4c3f-941a-5d4850748edc_c8a28cc3-d8f0-453d-816d-a799d1580500.jpg/250x188.webp https://prod.pictures.autoscout24.net/listing-images/07f6df64-e9a4-4c3f-941a-5d4850748edc_0b2a0937-3b7f-4995-b786-3249ec8bdad1.jpg/250x188.webp https://prod.pictures.autoscout24.net/listing-images/07f6df64-e9a4-4c3f-941a-5d4850748edc_c61e65c3-0162-4d67-a823-9fdb447dfa7e.jpg/250x188.webp https://prod.pictures.autoscout24.net/listing-images/07f6df64-e9a4-4c3f-941a-5d4850748edc_dc8afee4-57bc-4fbf-861c-1139717ce59d.jpg/250x188.webp https://prod.pictures.autoscout24.net/listing-images/07f6df64-e9a4-4c3f-941a-5d4850748edc_24f1a20c-30ad-44de-917f-7a79cb8c9976.jpg/250x188.webp https://prod.pictures.autoscout24.net/listing-images/07f6df64-e9a4-4c3f-941a-5d4850748edc_45dbc770-9f1a-4edc-a6dc-bda416586dc5.jpg/250x188.webp https://prod.pictures.autoscout24.net/listing-images/07f6df64-e9a4-4c3f-941a-5d4850748edc_c0459cb5-8edb-4851-a371-f8dbad5bc2a5.jpg/250x188.webp,115.76270299167366,3944
fcdcb9f6-e1b8-47ac-b4ff-8e8fab04419d,Nissan,Micra,1.0i ESSENCE /AUTOMATIQUE /44.000 KM/ 1'iere MAIN/,Dealer,4999,b,44200,09-2000,4100,https://prod.pictures.autoscout24.net/listing-images/fcdcb9f6-e1b8-47ac-b4ff-8e8fab04419d_7a77d029-2047-4b40-9df2-6f2003081584.jpg/250x188.webp https://prod.pictures.autoscout24.net/listing-images/fcdcb9f6-e1b8-47ac-b4ff-8e8fab04419d_e69eb927-16c0-4e63-a61f-14ea9fecd954.jpg/250x188.webp https://prod.pictures.autoscout24.net/listing-images/fcdcb9f6-e1b8-47ac-b4ff-8e8fab04419d_e09a58d4-fda7-41be-9450-bb422eda68e3.jpg/250x188.webp https://prod.pictures.autoscout24.net/listing-images/fcdcb9f6-e1b8-47ac-b4ff-8e8fab04419d_62029ce2-950f-4daf-8562-17368da08906.jpg/250x188.webp https://prod.pictures.autoscout24.net/listing-images/fcdcb9f6-e1b8-47ac-b4ff-8e8fab04419d_5ced51a7-9963-4ec3-9b40-61a072f47826.jpg/250x188.webp https://prod.pictures.autoscout24.net/listing-images/fcdcb9f6-e1b8-47ac-b4ff-8e8fab04419d_59360a78-226b-4223-92e9-098acd610c5f.jpg/250x188.webp https://prod.pictures.autoscout24.net/listing-images/fcdcb9f6-e1b8-47ac-b4ff-8e8fab04419d_7a847d60-d087-4383-a66c-951fc72c8b75.jpg/250x188.webp https://prod.pictures.autoscout24.net/listing-images/fcdcb9f6-e1b8-47ac-b4ff-8e8fab04419d_cc11f00c-f88a-43f8-b3b7-d5eca83d3cdc.jpg/250x188.webp https://prod.pictures.autoscout24.net/listing-images/fcdcb9f6-e1b8-47ac-b4ff-8e8fab04419d_c25fbbaf-f81d-4a24-8762-eeb1c18e6bae.jpg/250x188.webp https://prod.pictures.autoscout24.net/listing-images/fcdcb9f6-e1b8-47ac-b4ff-8e8fab04419d_8025b3fd-4c79-46b0-a826-ba11c1caa4e5.jpg/250x188.webp https://prod.pictures.autoscout24.net/listing-images/fcdcb9f6-e1b8-47ac-b4ff-8e8fab04419d_922f27b0-8402-4e6b-ad28-3e5290be05a3.jpg/250x188.webp https://prod.pictures.autoscout24.net/listing-images/fcdcb9f6-e1b8-47ac-b4ff-8e8fab04419d_59505f67-63e1-456c-8552-045411982103.jpg/250x188.webp https://prod.pictures.autoscout24.net/listing-images/fcdcb9f6-e1b8-47ac-b4ff-8e8fab04419d_1855926e-0778-4c78-a45e-80f174f06056.jpg/250x188.webp https://prod.pictures.autoscout24.net/listing-images/fcdcb9f6-e1b8-47ac-b4ff-8e8fab04419d_a79036d8-ea99-4ec5-b60f-e34b20605b8f.jpg/250x188.webp https://prod.pictures.autoscout24.net/listing-images/fcdcb9f6-e1b8-47ac-b4ff-8e8fab04419d_e5568ef0-5717-41f5-9d85-c009152d6dc0.jpg/250x188.webp,122.70999344916741,8143
7e78a5e3-089f-4726-8fd3-c4402ee94e9f,Nissan,Micra,1.2i Visia ✳✳ Ac✅✅ GPs  ✅✅87000km ✳✳,Dealer,4999,b,87000,09-2009,8791,https://prod.pictures.autoscout24.net/listing-images/7e78a5e3-089f-4726-8fd3-c4402ee94e9f_622a8932-c543-478c-ae4b-3cde896a4e03.jpg/250x188.webp https://prod.pictures.autoscout24.net/listing-images/7e78a5e3-089f-4726-8fd3-c4402ee94e9f_fc1de377-98c8-4cd6-9119-371485ff21a0.jpg/250x188.webp https://prod.pictures.autoscout24.net/listing-images/7e78a5e3-089f-4726-8fd3-c4402ee94e9f_5526af73-0f54-4f22-8c0e-de35509fb37c.jpg/250x188.webp https://prod.pictures.autoscout24.net/listing-images/7e78a5e3-089f-4726-8fd3-c4402ee94e9f_992e4e1a-bc4e-4923-80b8-304998e7d66a.jpg/250x188.webp https://prod.pictures.autoscout24.net/listing-images/7e78a5e3-089f-4726-8fd3-c4402ee94e9f_5c5b2daa-e58b-4124-9a28-b9c3e812b9d8.jpg/250x188.webp https://prod.pictures.autoscout24.net/listing-images/7e78a5e3-089f-4726-8fd3-c4402ee94e9f_83a0b220-bee7-4854-8647-a07fa33a42a2.jpg/250x188.webp https://prod.pictures.autoscout24.net/listing-images/7e78a5e3-089f-4726-8fd3-c4402ee94e9f_0ac12f20-9e62-48f2-8ffc-e3f91ec36e00.jpg/250x188.webp https://prod.pictures.autoscout24.net/listing-images/7e78a5e3-089f-4726-8fd3-c4402ee94e9f_83a4b401-93d5-4f49-85b3-327b566deb43.jpg/250x188.webp https://prod.pictures.autoscout24.net/listing-images/7e78a5e3-089f-4726-8fd3-c4402ee94e9f_a38236bf-7dd4-4df5-8e9a-f275d8a99409.jpg/250x188.webp https://prod.pictures.autoscout24.net/listing-images/7e78a5e3-089f-4726-8fd3-c4402ee94e9f_03503e74-b16a-4d7c-8fc1-3f0cee188b8e.jpg/250x188.webp https://prod.pictures.autoscout24.net/listing-images/7e78a5e3-089f-4726-8fd3-c4402ee94e9f_fac4549b-b0c5-49ba-9a9f-ad898e9e358b.jpg/250x188.webp https://prod.pictures.autoscout24.net/listing-images/7e78a5e3-089f-4726-8fd3-c4402ee94e9f_7a34d9c4-451b-4218-9451-953fa2a03c26.jpg/250x188.webp https://prod.pictures.autoscout24.net/listing-images/7e78a5e3-089f-4726-8fd3-c4402ee94e9f_a0a36b66-25e6-4967-8c8a-c272623c9ae9.jpg/250x188.webp https://prod.pictures.autoscout24.net/listing-images/7e78a5e3-089f-4726-8fd3-c4402ee94e9f_365f31cb-3f41-44e8-baee-db515478290e.jpg/250x188.webp https://prod.pictures.autoscout24.net/listing-images/7e78a5e3-089f-4726-8fd3-c4402ee94e9f_7be73abd-ac52-4e4e-9e1c-997eed195d0a.jpg/250x188.webp,102.62748120507626,4856
4e7e0479-6205-4b63-aecc-c248bc1d1ab6,Nissan,Murano,,Dealer,4999,b,97876,01-2009,2610,https://prod.pictures.autoscout24.net/listing-images/4e7e0479-6205-4b63-aecc-c248bc1d1ab6_3517234f-cf3a-491a-a6cf-bcbb22447f0b.jpg/250x188.webp https://prod.pictures.autoscout24.net/listing-images/4e7e0479-6205-4b63-aecc-c248bc1d1ab6_40a39069-371b-4cb2-aa88-3f0a8719e9c4.jpg/250x188.webp https://prod.pictures.autoscout24.net/listing-images/4e7e0479-6205-4b63-aecc-c248bc1d1ab6_8b8cd68d-abc4-4d15-91e7-a2c5cca7e1ee.jpg/250x188.webp https://prod.pictures.autoscout24.net/listing-images/4e7e0479-6205-4b63-aecc-c248bc1d1ab6_c79e06fe-6845-4151-a5eb-60577aa57a61.jpg/250x188.webp https://prod.pictures.autoscout24.net/listing-images/4e7e0479-6205-4b63-aecc-c248bc1d1ab6_94f0c473-13b6-4e88-82d9-9d6d31413fa5.jpg/250x188.webp https://prod.pictures.autoscout24.net/listing-images/4e7e0479-6205-4b63-aecc-c248bc1d1ab6_7914f972-d0fa-4401-979f-09c8f3f9e095.jpg/250x188.webp,33.817501233272104,5099
f252dba7-e0fa-4506-b01b-b7cb1483c047,Nissan,Micra,1.2i Acenta,PrivateSeller,5000,b,128558,12-2009,2627,https://prod.pictures.autoscout24.net/listing-images/f252dba7-e0fa-4506-b01b-b7cb1483c047_2ec81447-c030-43d3-80b6-b00e0f5ffeeb.jpg/250x188.webp https://prod.pictures.autoscout24.net/listing-images/f252dba7-e0fa-4506-b01b-b7cb1483c047_61601954-31ce-4636-8cd1-3cd263116bfc.jpg/250x188.webp https://prod.pictures.autoscout24.net/listing-images/f252dba7-e0fa-4506-b01b-b7cb1483c047_da5f3ac6-5415-4d7d-af0b-c22947d51c72.jpg/250x188.webp https://prod.pictures.autoscout24.net/listing-images/f252dba7-e0fa-4506-b01b-b7cb1483c047_d69f7b76-2c54-4f14-b029-7b3082ffd264.jpg/250x188.webp https://prod.pictures.autoscout24.net/listing-images/f252dba7-e0fa-4506-b01b-b7cb1483c047_3527b84e-6bcc-417d-961d-032f7ca8e874.jpg/250x188.webp https://prod.pictures.autoscout24.net/listing-images/f252dba7-e0fa-4506-b01b-b7cb1483c047_77d82957-5344-4bd2-b1bc-cc642700f0fe.jpg/250x188.webp https://prod.pictures.autoscout24.net/listing-images/f252dba7-e0fa-4506-b01b-b7cb1483c047_da1d4828-6997-4986-85db-04b31f55d409.jpg/250x188.webp https://prod.pictures.autoscout24.net/listing-images/f252dba7-e0fa-4506-b01b-b7cb1483c047_959a1606-f7f9-40d2-8393-90686e8b9032.jpg/250x188.webp https://prod.pictures.autoscout24.net/listing-images/f252dba7-e0fa-4506-b01b-b7cb1483c047_fd9d210c-4e34-4e26-b972-6bd75bd65ed9.jpg/250x188.webp https://prod.pictures.autoscout24.net/listing-images/f252dba7-e0fa-4506-b01b-b7cb1483c047_b92caa64-5994-40ed-b379-64056b7d964a.jpg/250x188.webp https://prod.pictures.autoscout24.net/listing-images/f252dba7-e0fa-4506-b01b-b7cb1483c047_4dcf7430-e37d-41a8-825f-affb638c7617.jpg/250x188.webp,39.0221192203764,4765
9e0b4249-c92d-408d-9fd7-b5a935a3473a,Nissan,Micra,1.2i Visia,PrivateSeller,5000,b,84328,06-2011,8501,https://prod.pictures.autoscout24.net/listing-images/9e0b4249-c92d-408d-9fd7-b5a935a3473a_3beed114-0ee4-41ea-acbf-77fd9e6df860.jpg/250x188.webp https://prod.pictures.autoscout24.net/listing-images/9e0b4249-c92d-408d-9fd7-b5a935a3473a_75f1104a-054e-41fa-bb7d-6853f62e655a.jpg/250x188.webp https://prod.pictures.autoscout24.net/listing-images/9e0b4249-c92d-408d-9fd7-b5a935a3473a_09137cac-5b9f-470e-9ba4-224eb3a5b98b.jpg/250x188.webp https://prod.pictures.autoscout24.net/listing-images/9e0b4249-c92d-408d-9fd7-b5a935a3473a_5d6109cd-0c95-4e7d-96d0-11b6ca54942f.jpg/250x188.webp https://prod.pictures.autoscout24.net/listing-images/9e0b4249-c92d-408d-9fd7-b5a935a3473a_e20a4434-1b04-47b3-abc2-c93c5f4aee8d.jpg/250x188.webp https://prod.pictures.autoscout24.net/listing-images/9e0b4249-c92d-408d-9fd7-b5a935a3473a_4840b06c-069a-43ac-b1ad-da13636a73ae.jpg/250x188.webp https://prod.pictures.autoscout24.net/listing-images/9e0b4249-c92d-408d-9fd7-b5a935a3473a_af07c9bc-cb42-4aaa-8b0a-f65718e12d35.jpg/250x188.webp https://prod.pictures.autoscout24.net/listing-images/9e0b4249-c92d-408d-9fd7-b5a935a3473a_fcfb3518-f9db-42c1-8c56-342ae63c99ed.jpg/250x188.webp https://prod.pictures.autoscout24.net/listing-images/9e0b4249-c92d-408d-9fd7-b5a935a3473a_baba5b10-4f53-49f6-a605-cf793c2920d5.jpg/250x188.webp https://prod.pictures.autoscout24.net/listing-images/9e0b4249-c92d-408d-9fd7-b5a935a3473a_75f53b9d-49b3-4d2b-a814-50b2ac60fa0b.jpg/250x188.webp,111.0904573851497,4218
e5020c38-8a74-46bf-9d02-2481089b552d,Nissan,Qashqai,only export export,Dealer,5000,b,258000,11-2007,1000,https://prod.pictures.autoscout24.net/listing-images/e5020c38-8a74-46bf-9d02-2481089b552d_cb211362-7f65-4ecc-bc3c-52a2f6adb3d7.jpg/250x188.webp https://prod.pictures.autoscout24.net/listing-images/e5020c38-8a74-46bf-9d02-2481089b552d_f00b142e-d60e-4690-b572-a89a323b1141.jpg/250x188.webp https://prod.pictures.autoscout24.net/listing-images/e5020c38-8a74-46bf-9d02-2481089b552d_541af1d3-2ee7-49ed-9148-3db51470f7e2.jpg/250x188.webp https://prod.pictures.autoscout24.net/listing-images/e5020c38-8a74-46bf-9d02-2481089b552d_9b0c986f-3dd5-4149-9d1b-0387ed10ca01.jpg/250x188.webp https://prod.pictures.autoscout24.net/listing-images/e5020c38-8a74-46bf-9d02-2481089b552d_c17b2315-cd5c-4787-b568-49bebe5407a2.jpg/250x188.webp https://prod.pictures.autoscout24.net/listing-images/e5020c38-8a74-46bf-9d02-2481089b552d_8465f8ae-2688-4f02-95db-3b2ed32123ec.jpg/250x188.webp https://prod.pictures.autoscout24.net/listing-images/e5020c38-8a74-46bf-9d02-2481089b552d_b237b14b-09b6-4c8d-be42-d63baddc2c3c.jpg/250x188.webp https://prod.pictures.autoscout24.net/listing-images/e5020c38-8a74-46bf-9d02-2481089b552d_b54855a0-49a8-40bc-9092-ff3ee65650a3.jpg/250x188.webp https://prod.pictures.autoscout24.net/listing-images/e5020c38-8a74-46bf-9d02-2481089b552d_3ac327c6-a3e9-437b-bdb1-fc5252e44565.jpg/250x188.webp https://prod.pictures.autoscout24.net/listing-images/e5020c38-8a74-46bf-9d02-2481089b552d_e8559a24-2c2c-4e9a-bb9e-a06b2f2ff547.jpg/250x188.webp https://prod.pictures.autoscout24.net/listing-images/e5020c38-8a74-46bf-9d02-2481089b552d_507f9b34-d783-4c85-ab4d-53e95fdd579d.jpg/250x188.webp https://prod.pictures.autoscout24.net/listing-images/e5020c38-8a74-46bf-9d02-2481089b552d_6a48fc29-7ad8-4b2a-a52d-3af03eace6ad.jpg/250x188.webp https://prod.pictures.autoscout24.net/listing-images/e5020c38-8a74-46bf-9d02-2481089b552d_28192011-87ed-4631-aff7-661da1c10b2f.jpg/250x188.webp https://prod.pictures.autoscout24.net/listing-images/e5020c38-8a74-46bf-9d02-2481089b552d_a5db5b16-49b6-4ff4-9307-b966229b76ab.jpg/250x188.webp,69.17270624549755,5526
2634067a-ec54-4dce-82ee-08d16181d1e8,Nissan,Note,Stuurwiel Rechts / Volant a droite  (UK),Dealer,5000,b,43000,12-2014,1800,https://prod.pictures.autoscout24.net/listing-images/2634067a-ec54-4dce-82ee-08d16181d1e8_6496206b-ff31-435a-a3af-2157e5aaa06d.jpg/250x188.webp https://prod.pictures.autoscout24.net/listing-images/2634067a-ec54-4dce-82ee-08d16181d1e8_191fc0c4-c0cd-46dd-ae0d-66ea733da426.jpg/250x188.webp https://prod.pictures.autoscout24.net/listing-images/2634067a-ec54-4dce-82ee-08d16181d1e8_c35c6c4f-2281-41e4-8255-cdfa6631acf4.jpg/250x188.webp https://prod.pictures.autoscout24.net/listing-images/2634067a-ec54-4dce-82ee-08d16181d1e8_dc65901c-0c10-4fe6-8bbf-110768470107.jpg/250x188.webp https://prod.pictures.autoscout24.net/listing-images/2634067a-ec54-4dce-82ee-08d16181d1e8_7faefbbf-420f-4346-ab14-6cc8dea9cd44.jpg/250x188.webp https://prod.pictures.autoscout24.net/listing-images/2634067a-ec54-4dce-82ee-08d16181d1e8_4c2b2ed1-09b1-4d1a-96fb-b89312f07bb6.jpg/250x188.webp,60.05560122441548,2939
644311a7-aeb2-463d-ae40-f5bba1e322b5,Nissan,NV200,1.5 dCi,PrivateSeller,5000,d,182900,11-2011,6700,,222.44484417522085,4065
00078d3a-2235-4621-8cdc-d3266c5c39a7,Nissan,Micra,1.2i Acenta boite automatique,PrivateSeller,5000,b,173000,12-2012,8560,https://prod.pictures.autoscout24.net/listing-images/00078d3a-2235-4621-8cdc-d3266c5c39a7_3a29abf4-e694-470c-8e59-543f9ab4b560.jpg/250x188.webp https://prod.pictures.autoscout24.net/listing-images/00078d3a-2235-4621-8cdc-d3266c5c39a7_e1fc9f80-eee1-4257-9270-c247144df1e9.jpg/250x188.webp https://prod.pictures.autoscout24.net/listing-images/00078d3a-2235-4621-8cdc-d3266c5c39a7_e931c9ec-216e-4830-9ae5-45575738498f.jpg/250x188.webp https://prod.pictures.autoscout24.net/listing-images/00078d3a-2235-4621-8cdc-d3266c5c39a7_6f152373-884b-498b-af70-bab1d40a9fdc.jpg/250x188.webp https://prod.pictures.autoscout24.net/listing-images/00078d3a-2235-4621-8cdc-d3266c5c39a7_5d207c18-ae26-4f15-a8a1-aa28adfd599f.jpg/250x188.webp https://prod.pictures.autoscout24.net/listing-images/00078d3a-2235-4621-8cdc-d3266c5c39a7_e70db589-042f-4589-8205-6dc15cc3b276.jpg/250x188.webp https://prod.pictures.autoscout24.net/listing-images/00078d3a-2235-4621-8cdc-d3266c5c39a7_1e0bf408-6d29-47fc-89ec-280f39cc36ab.jpg/250x188.webp https://prod.pictures.autoscout24.net/listing-images/00078d3a-2235-4621-8cdc-d3266c5c39a7_36be778b-bf46-4673-9104-80eb8e9abb67.jpg/250x188.webp https://prod.pictures.autoscout24.net/listing-images/00078d3a-2235-4621-8cdc-d3266c5c39a7_c7963ee1-3b29-43b4-b87c-38e3dd8bfdbe.jpg/250x188.webp https://prod.pictures.autoscout24.net/listing-images/00078d3a-2235-4621-8cdc-d3266c5c39a7_9cc0a862-f7ec-479f-a251-ffffdf74f120.jpg/250x188.webp https://prod.pictures.autoscout24.net/listing-images/00078d3a-2235-4621-8cdc-d3266c5c39a7_f8b8de45-776b-4a4e-bbf7-a0fed7a71b82.jpg/250x188.webp,116.79638105292675,3669
3fa3338c-2e6f-49b7-a032-a2b1187c58c3,Nissan,,navara 4 portes + artop,PrivateSeller,5000,d,456000,01-2006,5350,https://prod.pictures.autoscout24.net/listing-images/3fa3338c-2e6f-49b7-a032-a2b1187c58c3_ce6a029d-1b14-41df-9256-2ca9c2d39a4f.jpg/250x188.webp https://prod.pictures.autoscout24.net/listing-images/3fa3338c-2e6f-49b7-a032-a2b1187c58c3_4de5afe8-2535-44fa-bb05-136b237d7e0a.jpg/250x188.webp https://prod.pictures.autoscout24.net/listing-images/3fa3338c-2e6f-49b7-a032-a2b1187c58c3_7fac11fa-6587-4473-b264-e61b50310767.jpg/250x188.webp https://prod.pictures.autoscout24.net/listing-images/3fa3338c-2e6f-49b7-a032-a2b1187c58c3_2b9c501a-3cc0-4ab1-a645-67659987b7d2.jpg/250x188.webp https://prod.pictures.autoscout24.net/listing-images/3fa3338c-2e6f-49b7-a032-a2b1187c58c3_cf2bedcd-e345-4aa0-938f-27fa9e7b1e70.jpg/250x188.webp https://prod.pictures.autoscout24.net/listing-images/3fa3338c-2e6f-49b7-a032-a2b1187c58c3_04dd1489-086a-4b05-ba9e-6f3922a940fd.jpg/250x188.webp https://prod.pictures.autoscout24.net/listing-images/3fa3338c-2e6f-49b7-a032-a2b1187c58c3_a174673f-bf09-4f49-a562-afcf0067336e.jpg/250x188.webp https://prod.pictures.autoscout24.net/listing-images/3fa3338c-2e6f-49b7-a032-a2b1187c58c3_fe92b55e-51de-4b60-bebd-85e54dbfb24d.jpg/250x188.webp https://prod.pictures.autoscout24.net/listing-images/3fa3338c-2e6f-49b7-a032-a2b1187c58c3_ac672dbe-601d-4bfa-915f-efe15321e43d.jpg/250x188.webp https://prod.pictures.autoscout24.net/listing-images/3fa3338c-2e6f-49b7-a032-a2b1187c58c3_085a6035-1a04-490e-8f54-1402f272db4d.jpg/250x188.webp https://prod.pictures.autoscout24.net/listing-images/3fa3338c-2e6f-49b7-a032-a2b1187c58c3_82c9a96b-2904-49af-b764-e92532fb22ea.jpg/250x188.webp,126.7410030901816,6195
5b424f2f-f30d-46cd-9682-f5b58a6395dd,Nissan,Navara,EXPORT,Dealer,5150,d,141700,07-2003,1830,https://prod.pictures.autoscout24.net/listing-images/5b424f2f-f30d-46cd-9682-f5b58a6395dd_e98fed50-6406-4fd1-ab14-afa9ca3b55ab.jpg/250x188.webp https://prod.pictures.autoscout24.net/listing-images/5b424f2f-f30d-46cd-9682-f5b58a6395dd_77ff0970-5b82-4a99-94ce-934bfc905222.jpg/250x188.webp https://prod.pictures.autoscout24.net/listing-images/5b424f2f-f30d-46cd-9682-f5b58a6395dd_633932ba-b2b4-4c26-a47f-53a6f6fd0a12.jpg/250x188.webp https://prod.pictures.autoscout24.net/listing-images/5b424f2f-f30d-46cd-9682-f5b58a6395dd_6ff36565-487c-4c84-9ea5-deb4bfe46095.jpg/250x188.webp https://prod.pictures.autoscout24.net/listing-images/5b424f2f-f30d-46cd-9682-f5b58a6395dd_a52dd408-c2b2-475b-a268-757a16636889.jpg/250x188.webp https://prod.pictures.autoscout24.net/listing-images/5b424f2f-f30d-46cd-9682-f5b58a6395dd_ab72f0e6-908f-4e20-b0fa-b99e443e4129.jpg/250x188.webp https://prod.pictures.autoscout24.net/listing-images/5b424f2f-f30d-46cd-9682-f5b58a6395dd_70da3d8f-0181-4ffe-8795-33826de66edc.jpg/250x188.webp https://prod.pictures.autoscout24.net/listing-images/5b424f2f-f30d-46cd-9682-f5b58a6395dd_155ff99b-3430-4c99-a995-563d5d386293.jpg/250x188.webp https://prod.pictures.autoscout24.net/listing-images/5b424f2f-f30d-46cd-9682-f5b58a6395dd_0207829c-e16b-4eee-b117-61a663c1fa10.jpg/250x188.webp https://prod.pictures.autoscout24.net/listing-images/5b424f2f-f30d-46cd-9682-f5b58a6395dd_ab10035c-15fa-4025-b482-a965fe4bacd1.jpg/250x188.webp https://prod.pictures.autoscout24.net/listing-images/5b424f2f-f30d-46cd-9682-f5b58a6395dd_a5ec1022-5864-47dc-a07e-a6630724cbcb.jpg/250x188.webp,61.99821855231934,7110
c079b26a-1f9b-4975-94f7-7c3d444f08b0,Nissan,Juke,1.5 dCi 2WD Tekna DPF,PrivateSeller,5200,d,195000,05-2011,4020,https://prod.pictures.autoscout24.net/listing-images/c079b26a-1f9b-4975-94f7-7c3d444f08b0_f262d09b-2026-4449-96e2-db1fab71388b.jpg/250x188.webp https://prod.pictures.autoscout24.net/listing-images/c079b26a-1f9b-4975-94f7-7c3d444f08b0_3483560f-803e-478e-a3fb-3ba6e6ef91a1.jpg/250x188.webp https://prod.pictures.autoscout24.net/listing-images/c079b26a-1f9b-4975-94f7-7c3d444f08b0_0ab5d57a-6ffd-492d-88a4-ca62d04ad8ef.jpg/250x188.webp https://prod.pictures.autoscout24.net/listing-images/c079b26a-1f9b-4975-94f7-7c3d444f08b0_7b6e80a2-24d7-40bd-88c3-a0f5a07197c5.jpg/250x188.webp https://prod.pictures.autoscout24.net/listing-images/c079b26a-1f9b-4975-94f7-7c3d444f08b0_efa3c1d2-0615-4291-beea-84d1065dc048.jpg/250x188.webp https://prod.pictures.autoscout24.net/listing-images/c079b26a-1f9b-4975-94f7-7c3d444f08b0_f2c12137-f9e1-4824-8b5a-1e9e26f16fb4.jpg/250x188.webp https://prod.pictures.autoscout24.net/listing-images/c079b26a-1f9b-4975-94f7-7c3d444f08b0_b69bc270-a13f-4a81-80b7-145b03001fab.jpg/250x188.webp https://prod.pictures.autoscout24.net/listing-images/c079b26a-1f9b-4975-94f7-7c3d444f08b0_cb25f370-a7c0-4509-b720-0a2e6323a615.jpg/250x188.webp https://prod.pictures.autoscout24.net/listing-images/c079b26a-1f9b-4975-94f7-7c3d444f08b0_5cc7ce85-4175-4a0f-9a34-2fad07d8f34f.jpg/250x188.webp https://prod.pictures.autoscout24.net/listing-images/c079b26a-1f9b-4975-94f7-7c3d444f08b0_eb8a448e-18e6-4d1f-85ac-8d0811b6acd4.jpg/250x188.webp https://prod.pictures.autoscout24.net/listing-images/c079b26a-1f9b-4975-94f7-7c3d444f08b0_57495a72-9678-45df-8ffd-1fb9e5f289d5.jpg/250x188.webp,121.60247278825214,4249
88dc3e95-2490-4466-9f18-afde878a7ae3,Nissan,Qashqai,1.5 dCi 2WD Tekna,Dealer,5250,d,172000,01-2009,2840,https://prod.pictures.autoscout24.net/listing-images/88dc3e95-2490-4466-9f18-afde878a7ae3_1e41d677-ecf2-48cb-b468-7abda823edc8.jpg/250x188.webp https://prod.pictures.autoscout24.net/listing-images/88dc3e95-2490-4466-9f18-afde878a7ae3_d2b95b2e-474a-485a-ad0f-3b0a72076a23.jpg/250x188.webp https://prod.pictures.autoscout24.net/listing-images/88dc3e95-2490-4466-9f18-afde878a7ae3_aaab5c2b-1c24-4ea6-b795-25631c488a5a.jpg/250x188.webp https://prod.pictures.autoscout24.net/listing-images/88dc3e95-2490-4466-9f18-afde878a7ae3_e76a4ecc-c858-4bad-b456-ea21e3e17f66.jpg/250x188.webp https://prod.pictures.autoscout24.net/listing-images/88dc3e95-2490-4466-9f18-afde878a7ae3_32aa436b-7764-4925-9e1f-7d351954083b.jpg/250x188.webp https://prod.pictures.autoscout24.net/listing-images/88dc3e95-2490-4466-9f18-afde878a7ae3_445fd4d6-f405-4203-a5ff-901c064c1312.jpg/250x188.webp https://prod.pictures.autoscout24.net/listing-images/88dc3e95-2490-4466-9f18-afde878a7ae3_c07a2335-ae4d-4d16-9409-00d66dbb2c56.jpg/250x188.webp https://prod.pictures.autoscout24.net/listing-images/88dc3e95-2490-4466-9f18-afde878a7ae3_c6b239c6-3b36-4a7a-9291-e4a2d830591a.jpg/250x188.webp https://prod.pictures.autoscout24.net/listing-images/88dc3e95-2490-4466-9f18-afde878a7ae3_fcacdb69-f1b2-4c84-b76a-6bde285786cb.jpg/250x188.webp https://prod.pictures.autoscout24.net/listing-images/88dc3e95-2490-4466-9f18-afde878a7ae3_d2837e0c-d382-4072-9ad1-7b210d6bab15.jpg/250x188.webp,43.35213990196281,5099
6a767900-c68e-44ee-bcca-605cc275e623,Nissan,Juke,1.5 dCi 2WD *HANDELAAR*MARCHAND*EXPORT*,Dealer,5250,d,252338,06-2011,1861,https://prod.pictures.autoscout24.net/listing-images/6a767900-c68e-44ee-bcca-605cc275e623_23c94af9-bb24-439a-a042-56d214542a07.jpg/250x188.webp https://prod.pictures.autoscout24.net/listing-images/6a767900-c68e-44ee-bcca-605cc275e623_f0dea985-683a-4f0d-9dcb-344238bbce4a.jpg/250x188.webp https://prod.pictures.autoscout24.net/listing-images/6a767900-c68e-44ee-bcca-605cc275e623_6ed1883e-bf37-40b7-b8fc-7262f6da7d0a.jpg/250x188.webp https://prod.pictures.autoscout24.net/listing-images/6a767900-c68e-44ee-bcca-605cc275e623_22072394-6739-4794-970f-f0fe96cb943a.jpg/250x188.webp https://prod.pictures.autoscout24.net/listing-images/6a767900-c68e-44ee-bcca-605cc275e623_29019ff7-f091-4c9b-abf5-2d2f023cd3c0.jpg/250x188.webp https://prod.pictures.autoscout24.net/listing-images/6a767900-c68e-44ee-bcca-605cc275e623_2538d45b-bd81-4d3d-9474-cad3f2e216d4.jpg/250x188.webp https://prod.pictures.autoscout24.net/listing-images/6a767900-c68e-44ee-bcca-605cc275e623_23d1616c-9d48-4d0c-b15c-6ae83b09e281.jpg/250x188.webp https://prod.pictures.autoscout24.net/listing-images/6a767900-c68e-44ee-bcca-605cc275e623_2d7c639d-39d9-48c7-9f82-8c8b1714a25f.jpg/250x188.webp https://prod.pictures.autoscout24.net/listing-images/6a767900-c68e-44ee-bcca-605cc275e623_6dd22731-720a-4bbd-90c0-58de14124694.jpg/250x188.webp https://prod.pictures.autoscout24.net/listing-images/6a767900-c68e-44ee-bcca-605cc275e623_3e3f3527-1b27-4cd6-ba47-c1e594d9f25b.jpg/250x188.webp https://prod.pictures.autoscout24.net/listing-images/6a767900-c68e-44ee-bcca-605cc275e623_aee50f8e-7c47-4811-8185-e43ebf81d585.jpg/250x188.webp https://prod.pictures.autoscout24.net/listing-images/6a767900-c68e-44ee-bcca-605cc275e623_d1570290-8cd4-4389-ab7f-965f81bec26f.jpg/250x188.webp https://prod.pictures.autoscout24.net/listing-images/6a767900-c68e-44ee-bcca-605cc275e623_7eaf66af-1f7e-4c50-8377-a6a100cef5d1.jpg/250x188.webp https://prod.pictures.autoscout24.net/listing-images/6a767900-c68e-44ee-bcca-605cc275e623_ea7a372e-c876-4f3f-b9bc-6af0c01b0aa0.jpg/250x188.webp https://prod.pictures.autoscout24.net/listing-images/6a767900-c68e-44ee-bcca-605cc275e623_17330520-0dd8-447c-8c70-58dc1435cebe.jpg/250x188.webp https://prod.pictures.autoscout24.net/listing-images/6a767900-c68e-44ee-bcca-605cc275e623_cec21407-d421-4b01-aa91-50b4f984532c.jpg/250x188.webp https://prod.pictures.autoscout24.net/listing-images/6a767900-c68e-44ee-bcca-605cc275e623_d174457d-4a05-4d96-8014-4d2ea6dc7554.jpg/250x188.webp https://prod.pictures.autoscout24.net/listing-images/6a767900-c68e-44ee-bcca-605cc275e623_b6309541-f070-47bf-9dfd-87a89aeb8391.jpg/250x188.webp https://prod.pictures.autoscout24.net/listing-images/6a767900-c68e-44ee-bcca-605cc275e623_c3c46692-0f63-4d87-b4bd-eaf94ff3df0d.jpg/250x188.webp https://prod.pictures.autoscout24.net/listing-images/6a767900-c68e-44ee-bcca-605cc275e623_1f8aa027-de78-4404-bcee-3a5001607ae9.jpg/250x188.webp,58.463024564819776,4218
3cb23018-9c35-4304-9ab8-cbe43932ee0d,Nissan,Murano,,Dealer,5300,b,140000,03-2009,2610,https://prod.pictures.autoscout24.net/listing-images/3cb23018-9c35-4304-9ab8-cbe43932ee0d_1ede7fa0-7a9e-437c-9eef-7b4e5699ff7d.jpg/250x188.webp https://prod.pictures.autoscout24.net/listing-images/3cb23018-9c35-4304-9ab8-cbe43932ee0d_a795ac53-4bf3-4a4f-abf5-8bfcf5db3921.jpg/250x188.webp https://prod.pictures.autoscout24.net/listing-images/3cb23018-9c35-4304-9ab8-cbe43932ee0d_aa98f83f-bade-4ed8-83e7-1a4fff7112d8.jpg/250x188.webp https://prod.pictures.autoscout24.net/listing-images/3cb23018-9c35-4304-9ab8-cbe43932ee0d_08d32abe-9b2d-40a2-8690-faa280307c67.jpg/250x188.webp https://prod.pictures.autoscout24.net/listing-images/3cb23018-9c35-4304-9ab8-cbe43932ee0d_2f1cd87f-adad-4732-8b20-c15282b6ccd6.jpg/250x188.webp https://prod.pictures.autoscout24.net/listing-images/3cb23018-9c35-4304-9ab8-cbe43932ee0d_37187a1a-e630-46be-aba1-c248f48c4b99.jpg/250x188.webp,33.817501233272104,5040
ad4da69d-c7fa-44bb-a530-db3d682ce10e,Nissan,Qashqai,1.6i 2WD Acenta   (((((EXPORT)))) AIRCO CLIMA 🌬,Dealer,5300,b,90000,03-2007,1080,https://prod.pictures.autoscout24.net/listing-images/ad4da69d-c7fa-44bb-a530-db3d682ce10e_61149fce-8a93-4349-ac8e-05cc7659bde9.jpg/250x188.webp https://prod.pictures.autoscout24.net/listing-images/ad4da69d-c7fa-44bb-a530-db3d682ce10e_bb96a2c3-0f82-403e-82ac-b84fbc20b2a2.jpg/250x188.webp https://prod.pictures.autoscout24.net/listing-images/ad4da69d-c7fa-44bb-a530-db3d682ce10e_195e4d84-3390-4b12-b90a-a2532d06f801.jpg/250x188.webp https://prod.pictures.autoscout24.net/listing-images/ad4da69d-c7fa-44bb-a530-db3d682ce10e_65dadef0-22c2-48b2-8b70-f057ad19e54a.jpg/250x188.webp https://prod.pictures.autoscout24.net/listing-images/ad4da69d-c7fa-44bb-a530-db3d682ce10e_102bafe5-72fd-4f5f-9ffd-ed26051f5ab3.jpg/250x188.webp https://prod.pictures.autoscout24.net/listing-images/ad4da69d-c7fa-44bb-a530-db3d682ce10e_70b18f43-104c-410f-802c-eea2c734f773.jpg/250x188.webp https://prod.pictures.autoscout24.net/listing-images/ad4da69d-c7fa-44bb-a530-db3d682ce10e_f8dad7a6-b149-4978-b582-129ecf859e33.jpg/250x188.webp https://prod.pictures.autoscout24.net/listing-images/ad4da69d-c7fa-44bb-a530-db3d682ce10e_50690c39-f9c7-4f8a-aff6-399d1517fd12.jpg/250x188.webp https://prod.pictures.autoscout24.net/listing-images/ad4da69d-c7fa-44bb-a530-db3d682ce10e_e582894d-9c2d-4ea9-b68d-85d9bf365395.jpg/250x188.webp https://prod.pictures.autoscout24.net/listing-images/ad4da69d-c7fa-44bb-a530-db3d682ce10e_32b67277-9e4a-4f70-a4c0-fb0d8944f0f8.jpg/250x188.webp https://prod.pictures.autoscout24.net/listing-images/ad4da69d-c7fa-44bb-a530-db3d682ce10e_51cfeb9b-f4f4-4797-b3b3-94a516b35788.jpg/250x188.webp https://prod.pictures.autoscout24.net/listing-images/ad4da69d-c7fa-44bb-a530-db3d682ce10e_9823c6c7-a773-4f45-904c-b024aadfb156.jpg/250x188.webp https://prod.pictures.autoscout24.net/listing-images/ad4da69d-c7fa-44bb-a530-db3d682ce10e_5ad1f43f-5086-4ccc-8788-a8a5256fe127.jpg/250x188.webp https://prod.pictures.autoscout24.net/listing-images/ad4da69d-c7fa-44bb-a530-db3d682ce10e_16265220-9ba3-45db-8f2f-fbe537b89b11.jpg/250x188.webp https://prod.pictures.autoscout24.net/listing-images/ad4da69d-c7fa-44bb-a530-db3d682ce10e_0ac076d5-3934-4ec5-8a89-39ac067d62ab.jpg/250x188.webp,69.57979227671277,5771
adbb30a0-1a55-4e52-a94e-dd93b416fa76,Nissan,Qashqai,1.6i 2WD Acenta Pack Executive,Dealer,5300,b,230503,10-2008,1070,https://prod.pictures.autoscout24.net/listing-images/adbb30a0-1a55-4e52-a94e-dd93b416fa76_1b230a81-723a-4586-96c5-e7e0bbbace27.jpg/250x188.webp https://prod.pictures.autoscout24.net/listing-images/adbb30a0-1a55-4e52-a94e-dd93b416fa76_483aa212-be2d-415e-ac01-ef3d471aca7e.jpg/250x188.webp https://prod.pictures.autoscout24.net/listing-images/adbb30a0-1a55-4e52-a94e-dd93b416fa76_5cce5cf3-8ece-4b04-92f5-b0c711faca27.jpg/250x188.webp https://prod.pictures.autoscout24.net/listing-images/adbb30a0-1a55-4e52-a94e-dd93b416fa76_9d8865b8-57ae-48e6-ae28-fe148d732cdc.jpg/250x188.webp https://prod.pictures.autoscout24.net/listing-images/adbb30a0-1a55-4e52-a94e-dd93b416fa76_52c47bad-2c4f-47a8-981e-5c18e0cf3abe.jpg/250x188.webp https://prod.pictures.autoscout24.net/listing-images/adbb30a0-1a55-4e52-a94e-dd93b416fa76_f1bec1a3-1a16-4b27-b9af-888933d1c852.jpg/250x188.webp,71.06367211068877,5191
cb1cc32f-ee2e-4060-ada6-ee78a7bc7bda,Nissan,Qashqai,1.6i  *** ONLY EXPORT ***,Dealer,5300,b,120000,08-2007,1730,https://prod.pictures.autoscout24.net/listing-images/cb1cc32f-ee2e-4060-ada6-ee78a7bc7bda_d0dea23b-1543-4e9f-a8d3-f6945c137a2b.jpg/250x188.webp https://prod.pictures.autoscout24.net/listing-images/cb1cc32f-ee2e-4060-ada6-ee78a7bc7bda_e2eed9a7-540d-4095-9daa-60fba9d3ea05.jpg/250x188.webp https://prod.pictures.autoscout24.net/listing-images/cb1cc32f-ee2e-4060-ada6-ee78a7bc7bda_e54e4687-603c-40b5-96eb-830c8b2a1941.jpg/250x188.webp https://prod.pictures.autoscout24.net/listing-images/cb1cc32f-ee2e-4060-ada6-ee78a7bc7bda_d79d2955-a0f9-4207-a6d4-767f622a92ed.jpg/250x188.webp https://prod.pictures.autoscout24.net/listing-images/cb1cc32f-ee2e-4060-ada6-ee78a7bc7bda_ce024d36-b83f-4ea3-b14c-14003f92bbc5.jpg/250x188.webp https://prod.pictures.autoscout24.net/listing-images/cb1cc32f-ee2e-4060-ada6-ee78a7bc7bda_297728a0-55e3-43bc-b532-05eb9c5222d0.jpg/250x188.webp https://prod.pictures.autoscout24.net/listing-images/cb1cc32f-ee2e-4060-ada6-ee78a7bc7bda_d155b95d-181a-42b2-9658-2ef561745802.jpg/250x188.webp https://prod.pictures.autoscout24.net/listing-images/cb1cc32f-ee2e-4060-ada6-ee78a7bc7bda_98619dd8-1f3e-4af8-9f5c-aac83aa0967f.jpg/250x188.webp https://prod.pictures.autoscout24.net/listing-images/cb1cc32f-ee2e-4060-ada6-ee78a7bc7bda_df22c8a5-1cd2-433e-9c1b-116304a62c76.jpg/250x188.webp https://prod.pictures.autoscout24.net/listing-images/cb1cc32f-ee2e-4060-ada6-ee78a7bc7bda_60b99f3f-5db1-4e81-88e1-4fc805302a97.jpg/250x188.webp https://prod.pictures.autoscout24.net/listing-images/cb1cc32f-ee2e-4060-ada6-ee78a7bc7bda_54735eaf-5a4d-4718-9dba-f04a9d4018ee.jpg/250x188.webp,61.98157406185932,5618
219dc7e6-eb07-495b-b5a2-378f1bd627da,Nissan,Qashqai,1.5 dCi 2WD Executive,Dealer,5400,d,210000,05-2010,6060,https://prod.pictures.autoscout24.net/listing-images/219dc7e6-eb07-495b-b5a2-378f1bd627da_f4d14208-90ba-49f6-a195-ec13c92a13bc.jpg/250x188.webp https://prod.pictures.autoscout24.net/listing-images/219dc7e6-eb07-495b-b5a2-378f1bd627da_2adfb0af-abe4-4e77-9038-671331bab0fb.jpg/250x188.webp https://prod.pictures.autoscout24.net/listing-images/219dc7e6-eb07-495b-b5a2-378f1bd627da_4bb0d2be-d7ff-44a4-9dcb-35f57333c2d0.jpg/250x188.webp https://prod.pictures.autoscout24.net/listing-images/219dc7e6-eb07-495b-b5a2-378f1bd627da_9618cb6c-2b0e-41ed-8b1a-cedf645cff23.jpg/250x188.webp https://prod.pictures.autoscout24.net/listing-images/219dc7e6-eb07-495b-b5a2-378f1bd627da_1e2fd07b-7911-465a-a618-a1e33ea38bae.jpg/250x188.webp https://prod.pictures.autoscout24.net/listing-images/219dc7e6-eb07-495b-b5a2-378f1bd627da_2d93b8e8-9b75-4e1c-a41e-789198f692da.jpg/250x188.webp https://prod.pictures.autoscout24.net/listing-images/219dc7e6-eb07-495b-b5a2-378f1bd627da_03775e7f-f791-4e19-afef-ab1532a95130.jpg/250x188.webp https://prod.pictures.autoscout24.net/listing-images/219dc7e6-eb07-495b-b5a2-378f1bd627da_d2bce728-7540-480d-9047-792ca375f3ac.jpg/250x188.webp https://prod.pictures.autoscout24.net/listing-images/219dc7e6-eb07-495b-b5a2-378f1bd627da_aa22a2a0-b4e0-4ff5-8949-1442c3b9e565.jpg/250x188.webp https://prod.pictures.autoscout24.net/listing-images/219dc7e6-eb07-495b-b5a2-378f1bd627da_316ee430-57a2-4147-987f-948f2ced0dc5.jpg/250x188.webp https://prod.pictures.autoscout24.net/listing-images/219dc7e6-eb07-495b-b5a2-378f1bd627da_d4a46073-840e-4539-a801-a667ca5b3fd1.jpg/250x188.webp,116.023023143389,4614
e588cb95-5d57-447e-81d5-82c71b1e121b,Nissan,Note,1.5 dCi Business Edition,Dealer,5400,d,171825,08-2014,2500,https://prod.pictures.autoscout24.net/listing-images/e588cb95-5d57-447e-81d5-82c71b1e121b_f873a900-f658-40a3-a4b6-c776510cdf66.jpg/250x188.webp https://prod.pictures.autoscout24.net/listing-images/e588cb95-5d57-447e-81d5-82c71b1e121b_8a1aed79-4a44-4ea4-a9f1-2ed441e18649.jpg/250x188.webp https://prod.pictures.autoscout24.net/listing-images/e588cb95-5d57-447e-81d5-82c71b1e121b_39222461-6269-466d-b2f6-940ae87b0520.jpg/250x188.webp https://prod.pictures.autoscout24.net/listing-images/e588cb95-5d57-447e-81d5-82c71b1e121b_d039f7ea-1c99-4aa5-9d38-757fcb192ebc.jpg/250x188.webp https://prod.pictures.autoscout24.net/listing-images/e588cb95-5d57-447e-81d5-82c71b1e121b_42bf0080-0fda-4543-9c75-28d47be10e2b.jpg/250x188.webp https://prod.pictures.autoscout24.net/listing-images/e588cb95-5d57-447e-81d5-82c71b1e121b_6378381d-e478-45b2-a737-70de5942a133.jpg/250x188.webp https://prod.pictures.autoscout24.net/listing-images/e588cb95-5d57-447e-81d5-82c71b1e121b_07090b00-efa9-4954-b093-1c61c2046972.jpg/250x188.webp https://prod.pictures.autoscout24.net/listing-images/e588cb95-5d57-447e-81d5-82c71b1e121b_e9c452b9-13c6-459b-b209-6797cebd89fe.jpg/250x188.webp https://prod.pictures.autoscout24.net/listing-images/e588cb95-5d57-447e-81d5-82c71b1e121b_b9de8c47-3723-4c48-aa56-8884e64bf920.jpg/250x188.webp https://prod.pictures.autoscout24.net/listing-images/e588cb95-5d57-447e-81d5-82c71b1e121b_40c24db1-1b05-4246-8143-d226f5c9ff98.jpg/250x188.webp https://prod.pictures.autoscout24.net/listing-images/e588cb95-5d57-447e-81d5-82c71b1e121b_c5889b62-013d-47fd-be3a-e44610d6e677.jpg/250x188.webp https://prod.pictures.autoscout24.net/listing-images/e588cb95-5d57-447e-81d5-82c71b1e121b_44fd78c4-2353-4313-999a-7f3cc296b15e.jpg/250x188.webp,38.36429357421789,3061
b8a2f319-3e2c-424b-ae79-b3ad5472e6a6,Nissan,Qashqai,1.5 dCi 2WD Acenta,Dealer,5490,d,184754,12-2013,1930,https://prod.pictures.autoscout24.net/listing-images/b8a2f319-3e2c-424b-ae79-b3ad5472e6a6_247f5f86-3540-4467-a997-05c2c36bbc08.jpg/250x188.webp https://prod.pictures.autoscout24.net/listing-images/b8a2f319-3e2c-424b-ae79-b3ad5472e6a6_cf3bb7db-71a7-4ea8-a1ed-3a51ffea1671.jpg/250x188.webp https://prod.pictures.autoscout24.net/listing-images/b8a2f319-3e2c-424b-ae79-b3ad5472e6a6_02b83f4b-d88b-4e7c-876a-3f2106a38476.jpg/250x188.webp https://prod.pictures.autoscout24.net/listing-images/b8a2f319-3e2c-424b-ae79-b3ad5472e6a6_1d3fb322-0e46-4c4b-a7ae-f014f32e6582.jpg/250x188.webp https://prod.pictures.autoscout24.net/listing-images/b8a2f319-3e2c-424b-ae79-b3ad5472e6a6_fcdcc29a-c528-44d3-bf0a-3cf7247c9d83.jpg/250x188.webp https://prod.pictures.autoscout24.net/listing-images/b8a2f319-3e2c-424b-ae79-b3ad5472e6a6_1f6c0131-4289-4b04-b8e5-d974ecbacf6e.jpg/250x188.webp https://prod.pictures.autoscout24.net/listing-images/b8a2f319-3e2c-424b-ae79-b3ad5472e6a6_d0b2ba46-1919-4800-9c91-caa3663a29c7.jpg/250x188.webp https://prod.pictures.autoscout24.net/listing-images/b8a2f319-3e2c-424b-ae79-b3ad5472e6a6_5f76c0cc-ec9c-4c7c-bb67-1c6a73732a23.jpg/250x188.webp https://prod.pictures.autoscout24.net/listing-images/b8a2f319-3e2c-424b-ae79-b3ad5472e6a6_5cf3dbbf-ba0a-4ea0-a985-cde55004f768.jpg/250x188.webp https://prod.pictures.autoscout24.net/listing-images/b8a2f319-3e2c-424b-ae79-b3ad5472e6a6_d1ff86f4-8c17-4aef-8e14-a664e0efec3e.jpg/250x188.webp https://prod.pictures.autoscout24.net/listing-images/b8a2f319-3e2c-424b-ae79-b3ad5472e6a6_54fbc1d5-a9dc-4c3c-94d1-a724f90d2823.jpg/250x188.webp https://prod.pictures.autoscout24.net/listing-images/b8a2f319-3e2c-424b-ae79-b3ad5472e6a6_1f1cb6de-8614-460a-911d-797cd19b6b42.jpg/250x188.webp,65.18883147641638,3304
eb2f775a-3105-46ce-a28b-058fd8081088,Nissan,Bluebird,46171 KM /CAR PASS/CONTROL TECHNIQUE/OLDTIMER,Dealer,5499,b,46171,01-1987,1602,https://prod.pictures.autoscout24.net/listing-images/eb2f775a-3105-46ce-a28b-058fd8081088_8a56ec66-183f-4dda-b5fd-97cbaf98eba7.jpg/250x188.webp https://prod.pictures.autoscout24.net/listing-images/eb2f775a-3105-46ce-a28b-058fd8081088_9c783674-e9e6-432d-9e3b-e447ad0e9a28.jpg/250x188.webp https://prod.pictures.autoscout24.net/listing-images/eb2f775a-3105-46ce-a28b-058fd8081088_753d0f12-f478-4d84-b06e-879102fa1d20.jpg/250x188.webp https://prod.pictures.autoscout24.net/listing-images/eb2f775a-3105-46ce-a28b-058fd8081088_badd8fa4-0408-4bad-82a7-3b6aa25e2aaa.jpg/250x188.webp https://prod.pictures.autoscout24.net/listing-images/eb2f775a-3105-46ce-a28b-058fd8081088_dceede25-4c2a-4fef-94f7-60a8ab9cbc47.jpg/250x188.webp https://prod.pictures.autoscout24.net/listing-images/eb2f775a-3105-46ce-a28b-058fd8081088_a11648c7-7f0b-4207-ae84-d684a9229b3b.jpg/250x188.webp https://prod.pictures.autoscout24.net/listing-images/eb2f775a-3105-46ce-a28b-058fd8081088_3d4b848f-6817-47d4-90cf-2bc836ae6f84.jpg/250x188.webp https://prod.pictures.autoscout24.net/listing-images/eb2f775a-3105-46ce-a28b-058fd8081088_670d2850-aa9d-47b5-915a-8d1679dc00ff.jpg/250x188.webp https://prod.pictures.autoscout24.net/listing-images/eb2f775a-3105-46ce-a28b-058fd8081088_d0e6f3e4-7c9f-4013-a8c9-4f79cfd860b1.jpg/250x188.webp https://prod.pictures.autoscout24.net/listing-images/eb2f775a-3105-46ce-a28b-058fd8081088_b1d2035a-9608-4c1c-92e8-82de839a9839.jpg/250x188.webp https://prod.pictures.autoscout24.net/listing-images/eb2f775a-3105-46ce-a28b-058fd8081088_feea5919-2b21-424e-aa87-ef31a257d80e.jpg/250x188.webp https://prod.pictures.autoscout24.net/listing-images/eb2f775a-3105-46ce-a28b-058fd8081088_fb35641a-bc15-4cff-af28-1997d2a9eea9.jpg/250x188.webp https://prod.pictures.autoscout24.net/listing-images/eb2f775a-3105-46ce-a28b-058fd8081088_6ccab43d-4b1b-4c2d-8fe9-ddb21f55484c.jpg/250x188.webp https://prod.pictures.autoscout24.net/listing-images/eb2f775a-3105-46ce-a28b-058fd8081088_81444951-1002-49b7-b24a-eaa17fe800ea.jpg/250x188.webp https://prod.pictures.autoscout24.net/listing-images/eb2f775a-3105-46ce-a28b-058fd8081088_179a1b9b-fc5a-4c07-9239-8e773aaf75b7.jpg/250x188.webp,75.23922327931528,13135
2c89d020-3101-438b-8c8e-2446ae807468,Nissan,Micra,1.2i 80pk,Dealer,5500,b,73634,11-2011,2150,https://prod.pictures.autoscout24.net/listing-images/2c89d020-3101-438b-8c8e-2446ae807468_77c55347-0da6-423d-abd2-92cea3d384d5.jpg/250x188.webp https://prod.pictures.autoscout24.net/listing-images/2c89d020-3101-438b-8c8e-2446ae807468_5d6587f3-5f14-433e-a46e-c6ed17bae965.jpg/250x188.webp https://prod.pictures.autoscout24.net/listing-images/2c89d020-3101-438b-8c8e-2446ae807468_55834953-28b6-44d5-bbf3-ba821c022532.jpg/250x188.webp https://prod.pictures.autoscout24.net/listing-images/2c89d020-3101-438b-8c8e-2446ae807468_d917e29b-94a6-487c-86fd-1a7cf23ca9e5.jpg/250x188.webp https://prod.pictures.autoscout24.net/listing-images/2c89d020-3101-438b-8c8e-2446ae807468_2795da16-8b05-45d2-bed5-66516afe7520.jpg/250x188.webp https://prod.pictures.autoscout24.net/listing-images/2c89d020-3101-438b-8c8e-2446ae807468_02ed6d26-4365-4d74-837a-05ae4c8e05c1.jpg/250x188.webp https://prod.pictures.autoscout24.net/listing-images/2c89d020-3101-438b-8c8e-2446ae807468_aa63b345-6a59-4aec-ad89-b1c2bd27bcc7.jpg/250x188.webp https://prod.pictures.autoscout24.net/listing-images/2c89d020-3101-438b-8c8e-2446ae807468_51810504-cf49-4271-9cbf-638922df3e57.jpg/250x188.webp https://prod.pictures.autoscout24.net/listing-images/2c89d020-3101-438b-8c8e-2446ae807468_6abaab95-5ef3-4fea-b356-c09cfa0c8b3e.jpg/250x188.webp https://prod.pictures.autoscout24.net/listing-images/2c89d020-3101-438b-8c8e-2446ae807468_0dc74916-e3b7-422b-9fb1-0e63b0f18144.jpg/250x188.webp,30.188735237139657,4065
5f57cba8-b2ee-40b4-a9f0-0382a5d9cb89,Nissan,Qashqai,1.5 dCi 2WD Tekna Navi,Dealer,5500,d,165842,01-2008,1080,https://prod.pictures.autoscout24.net/listing-images/5f57cba8-b2ee-40b4-a9f0-0382a5d9cb89_39760896-ebe2-40b3-8b3f-b6ab7a380d97.jpg/250x188.webp https://prod.pictures.autoscout24.net/listing-images/5f57cba8-b2ee-40b4-a9f0-0382a5d9cb89_feb6457a-7052-494a-802b-86e946c28ed1.jpg/250x188.webp https://prod.pictures.autoscout24.net/listing-images/5f57cba8-b2ee-40b4-a9f0-0382a5d9cb89_8123e3c0-cc91-4bfe-b60c-30fd8a4ce63d.jpg/250x188.webp https://prod.pictures.autoscout24.net/listing-images/5f57cba8-b2ee-40b4-a9f0-0382a5d9cb89_52426b55-c6f7-4fec-9c64-7a0797cf932a.jpg/250x188.webp https://prod.pictures.autoscout24.net/listing-images/5f57cba8-b2ee-40b4-a9f0-0382a5d9cb89_3c81ef0e-b2ec-4532-9753-7c6b92a4f76f.jpg/250x188.webp https://prod.pictures.autoscout24.net/listing-images/5f57cba8-b2ee-40b4-a9f0-0382a5d9cb89_b1819efd-c87c-44e5-beac-cb85505207cb.jpg/250x188.webp https://prod.pictures.autoscout24.net/listing-images/5f57cba8-b2ee-40b4-a9f0-0382a5d9cb89_b5ab8b73-e4ee-4b3f-a187-e0d048291a31.jpg/250x188.webp https://prod.pictures.autoscout24.net/listing-images/5f57cba8-b2ee-40b4-a9f0-0382a5d9cb89_1a8db94c-f99f-45de-bc7e-01f71f7e128f.jpg/250x188.webp https://prod.pictures.autoscout24.net/listing-images/5f57cba8-b2ee-40b4-a9f0-0382a5d9cb89_43ff8515-d840-4cdb-8290-3a3a53920f23.jpg/250x188.webp https://prod.pictures.autoscout24.net/listing-images/5f57cba8-b2ee-40b4-a9f0-0382a5d9cb89_fc35af7d-07b9-4fe7-842a-10a7f82f20ca.jpg/250x188.webp https://prod.pictures.autoscout24.net/listing-images/5f57cba8-b2ee-40b4-a9f0-0382a5d9cb89_85d843b3-3eb2-4ace-8bb7-0c3f04ed0958.jpg/250x188.webp https://prod.pictures.autoscout24.net/listing-images/5f57cba8-b2ee-40b4-a9f0-0382a5d9cb89_77606b32-c8c9-4ee5-856e-476e1ad3c6c7.jpg/250x188.webp https://prod.pictures.autoscout24.net/listing-images/5f57cba8-b2ee-40b4-a9f0-0382a5d9cb89_0e46e12e-d977-4efc-a629-44c85cb95b96.jpg/250x188.webp https://prod.pictures.autoscout24.net/listing-images/5f57cba8-b2ee-40b4-a9f0-0382a5d9cb89_d62039b4-e8a0-445b-8462-76924b076300.jpg/250x188.webp https://prod.pictures.autoscout24.net/listing-images/5f57cba8-b2ee-40b4-a9f0-0382a5d9cb89_1a2e5e85-71bf-46c3-822c-595c7bbe0991.jpg/250x188.webp https://prod.pictures.autoscout24.net/listing-images/5f57cba8-b2ee-40b4-a9f0-0382a5d9cb89_bef314a9-5d98-42fd-801d-d1a89bc6a7b4.jpg/250x188.webp https://prod.pictures.autoscout24.net/listing-images/5f57cba8-b2ee-40b4-a9f0-0382a5d9cb89_7d886681-af6c-4bbf-b035-eba78542edde.jpg/250x188.webp https://prod.pictures.autoscout24.net/listing-images/5f57cba8-b2ee-40b4-a9f0-0382a5d9cb89_b96d0184-7a4f-4c3e-950b-e61b0419ad82.jpg/250x188.webp https://prod.pictures.autoscout24.net/listing-images/5f57cba8-b2ee-40b4-a9f0-0382a5d9cb89_c89f1856-1685-490d-a9c7-9e20c89f954b.jpg/250x188.webp https://prod.pictures.autoscout24.net/listing-images/5f57cba8-b2ee-40b4-a9f0-0382a5d9cb89_41e1f1f9-c397-4d30-82b0-8f35a60ba73a.jpg/250x188.webp,69.57979227671277,5465
2da5dd2b-dcd8-4396-b59a-b144ecbe239c,Nissan,Qashqai,,Dealer,5500,b,171000,10-2007,1000,https://prod.pictures.autoscout24.net/listing-images/2da5dd2b-dcd8-4396-b59a-b144ecbe239c_cd205d44-bc4d-40ef-9308-daef3f662606.jpg/250x188.webp https://prod.pictures.autoscout24.net/listing-images/2da5dd2b-dcd8-4396-b59a-b144ecbe239c_41e63485-90ac-411e-926f-d307e8a8d132.jpg/250x188.webp https://prod.pictures.autoscout24.net/listing-images/2da5dd2b-dcd8-4396-b59a-b144ecbe239c_cadd22e7-be6c-4c23-a6cb-98c37592a8dd.jpg/250x188.webp https://prod.pictures.autoscout24.net/listing-images/2da5dd2b-dcd8-4396-b59a-b144ecbe239c_824d6105-3e7b-4937-9fc1-9440f2fc551a.jpg/250x188.webp https://prod.pictures.autoscout24.net/listing-images/2da5dd2b-dcd8-4396-b59a-b144ecbe239c_7b71ba2b-454b-4f7e-baf2-8c8f5339b900.jpg/250x188.webp https://prod.pictures.autoscout24.net/listing-images/2da5dd2b-dcd8-4396-b59a-b144ecbe239c_457ef357-738e-4385-99cb-310eda109cbc.jpg/250x188.webp https://prod.pictures.autoscout24.net/listing-images/2da5dd2b-dcd8-4396-b59a-b144ecbe239c_361f53d7-6a45-41ed-9259-e1ca2c83187e.jpg/250x188.webp https://prod.pictures.autoscout24.net/listing-images/2da5dd2b-dcd8-4396-b59a-b144ecbe239c_22201667-7dd0-4926-b87f-68469150c454.jpg/250x188.webp https://prod.pictures.autoscout24.net/listing-images/2da5dd2b-dcd8-4396-b59a-b144ecbe239c_c251ab05-9cb7-4cce-9d4f-3be59caadb0c.jpg/250x188.webp https://prod.pictures.autoscout24.net/listing-images/2da5dd2b-dcd8-4396-b59a-b144ecbe239c_4dc35a27-6030-4f45-8fef-7a1f9cd16bde.jpg/250x188.webp https://prod.pictures.autoscout24.net/listing-images/2da5dd2b-dcd8-4396-b59a-b144ecbe239c_7c0bbc9b-0a9b-40ed-9577-e8f09057389d.jpg/250x188.webp https://prod.pictures.autoscout24.net/listing-images/2da5dd2b-dcd8-4396-b59a-b144ecbe239c_0ac0491a-2234-4cd6-87aa-2a73bd815e81.jpg/250x188.webp https://prod.pictures.autoscout24.net/listing-images/2da5dd2b-dcd8-4396-b59a-b144ecbe239c_d213fb1d-24a6-401b-b32e-dc687c8f0354.jpg/250x188.webp https://prod.pictures.autoscout24.net/listing-images/2da5dd2b-dcd8-4396-b59a-b144ecbe239c_ec17edec-6d95-49a8-b7c2-a8c408719705.jpg/250x188.webp https://prod.pictures.autoscout24.net/listing-images/2da5dd2b-dcd8-4396-b59a-b144ecbe239c_57684836-e5f5-4263-a011-33a71434687a.jpg/250x188.webp https://prod.pictures.autoscout24.net/listing-images/2da5dd2b-dcd8-4396-b59a-b144ecbe239c_6eb27763-0b9b-44a7-aad3-a6fa2e27dadf.jpg/250x188.webp,69.17270624549755,5557
42bbbbf3-c2a5-469f-a5db-fe669d82cf02,Nissan,,Primastar,PrivateSeller,5500,d,229500,06-2008,7711,https://prod.pictures.autoscout24.net/listing-images/42bbbbf3-c2a5-469f-a5db-fe669d82cf02_ac9fcbf4-cde8-4c6a-909c-958f10185178.jpg/250x188.webp https://prod.pictures.autoscout24.net/listing-images/42bbbbf3-c2a5-469f-a5db-fe669d82cf02_91edfd04-ba4f-43b3-8276-a43348b24c28.jpg/250x188.webp https://prod.pictures.autoscout24.net/listing-images/42bbbbf3-c2a5-469f-a5db-fe669d82cf02_d5b93a5f-2d90-4a5a-bb06-d48f0ef86dd0.jpg/250x188.webp https://prod.pictures.autoscout24.net/listing-images/42bbbbf3-c2a5-469f-a5db-fe669d82cf02_91f1bd34-f059-4b99-9a44-b1531deb5daa.jpg/250x188.webp https://prod.pictures.autoscout24.net/listing-images/42bbbbf3-c2a5-469f-a5db-fe669d82cf02_898676be-cc14-4f6d-85dc-ad0c173384d3.jpg/250x188.webp https://prod.pictures.autoscout24.net/listing-images/42bbbbf3-c2a5-469f-a5db-fe669d82cf02_70f27fd1-420f-455a-a7e8-91b691f87d7c.jpg/250x188.webp https://prod.pictures.autoscout24.net/listing-images/42bbbbf3-c2a5-469f-a5db-fe669d82cf02_5bfca3b5-7241-4585-9b7c-53c49d1edbf5.jpg/250x188.webp https://prod.pictures.autoscout24.net/listing-images/42bbbbf3-c2a5-469f-a5db-fe669d82cf02_837e006f-04b9-4e72-88d0-2fe75b65d522.jpg/250x188.webp https://prod.pictures.autoscout24.net/listing-images/42bbbbf3-c2a5-469f-a5db-fe669d82cf02_987fd6ca-6269-4ad2-a877-6f3fd5318b9d.jpg/250x188.webp https://prod.pictures.autoscout24.net/listing-images/42bbbbf3-c2a5-469f-a5db-fe669d82cf02_f74a0421-3edd-4dd1-9c99-ca03b84a86db.jpg/250x188.webp https://prod.pictures.autoscout24.net/listing-images/42bbbbf3-c2a5-469f-a5db-fe669d82cf02_9596d4ac-15f9-412d-b4cf-a78c1d1a1201.jpg/250x188.webp https://prod.pictures.autoscout24.net/listing-images/42bbbbf3-c2a5-469f-a5db-fe669d82cf02_01fa8bc5-4ea9-4b5f-aab3-60308b520370.jpg/250x188.webp https://prod.pictures.autoscout24.net/listing-images/42bbbbf3-c2a5-469f-a5db-fe669d82cf02_bdf6ea3d-6212-4d2c-94ee-86e8255364b3.jpg/250x188.webp https://prod.pictures.autoscout24.net/listing-images/42bbbbf3-c2a5-469f-a5db-fe669d82cf02_9e156167-4fe3-4221-8b10-a9cc133b4386.jpg/250x188.webp https://prod.pictures.autoscout24.net/listing-images/42bbbbf3-c2a5-469f-a5db-fe669d82cf02_db9d876f-c6d8-4ea6-8b79-7849f9a22284.jpg/250x188.webp https://prod.pictures.autoscout24.net/listing-images/42bbbbf3-c2a5-469f-a5db-fe669d82cf02_0862079d-3cf8-41a6-983e-73dd49f9c9c8.jpg/250x188.webp https://prod.pictures.autoscout24.net/listing-images/42bbbbf3-c2a5-469f-a5db-fe669d82cf02_abbb34b5-bd83-4c03-ac12-b9bc86f5676b.jpg/250x188.webp https://prod.pictures.autoscout24.net/listing-images/42bbbbf3-c2a5-469f-a5db-fe669d82cf02_6fbfc2e0-75e1-4165-969f-ea16e1e168ae.jpg/250x188.webp https://prod.pictures.autoscout24.net/listing-images/42bbbbf3-c2a5-469f-a5db-fe669d82cf02_5a41653f-d537-41b1-9cfb-3350fe96667d.jpg/250x188.webp https://prod.pictures.autoscout24.net/listing-images/42bbbbf3-c2a5-469f-a5db-fe669d82cf02_be53f440-e926-49ab-b530-52a8c28400f7.jpg/250x188.webp https://prod.pictures.autoscout24.net/listing-images/42bbbbf3-c2a5-469f-a5db-fe669d82cf02_62d63a39-8733-4b7e-aa0d-f2d374e01669.jpg/250x188.webp https://prod.pictures.autoscout24.net/listing-images/42bbbbf3-c2a5-469f-a5db-fe669d82cf02_1da0ef90-ab95-44d9-9f38-113e3752157a.jpg/250x188.webp,115.47473416160202,5313
cfb73120-a383-405a-a6a6-2f51e42ce5b6,Nissan,Micra,1.2i Acenta,PrivateSeller,5500,b,106300,06-2015,5300,https://prod.pictures.autoscout24.net/listing-images/cfb73120-a383-405a-a6a6-2f51e42ce5b6_b50feb28-3be1-46b8-b1ac-7cec74815366.jpg/250x188.webp https://prod.pictures.autoscout24.net/listing-images/cfb73120-a383-405a-a6a6-2f51e42ce5b6_53201e26-1817-4da9-9528-67f689e501f7.jpg/250x188.webp https://prod.pictures.autoscout24.net/listing-images/cfb73120-a383-405a-a6a6-2f51e42ce5b6_1418b443-af89-4113-bbdb-ba2f7b7fb6c1.jpg/250x188.webp https://prod.pictures.autoscout24.net/listing-images/cfb73120-a383-405a-a6a6-2f51e42ce5b6_f847c25d-2cbb-4895-9f4a-7a6de2ced5f6.jpg/250x188.webp https://prod.pictures.autoscout24.net/listing-images/cfb73120-a383-405a-a6a6-2f51e42ce5b6_17f6f71a-60b0-4357-ab22-d6c789964b3d.jpg/250x188.webp,113.30647041751955,2757
63c1de9b-8154-4fdf-807e-b03d63961989,Nissan,Qashqai,1.6i *** ONLY EXPORT ***,Dealer,5500,b,109000,07-2008,1730,https://prod.pictures.autoscout24.net/listing-images/63c1de9b-8154-4fdf-807e-b03d63961989_2f77acc1-dfdd-4ebd-8032-c01a741ee157.jpg/250x188.webp https://prod.pictures.autoscout24.net/listing-images/63c1de9b-8154-4fdf-807e-b03d63961989_302a3110-634a-464c-adff-93099b825b1b.jpg/250x188.webp https://prod.pictures.autoscout24.net/listing-images/63c1de9b-8154-4fdf-807e-b03d63961989_386fe62b-8ee1-42a0-badd-7b90d0da4a37.jpg/250x188.webp https://prod.pictures.autoscout24.net/listing-images/63c1de9b-8154-4fdf-807e-b03d63961989_bd0f722d-363a-4b5c-a514-cb391d8f226d.jpg/250x188.webp https://prod.pictures.autoscout24.net/listing-images/63c1de9b-8154-4fdf-807e-b03d63961989_2297df37-84ef-4253-94f0-043e848a5ac2.jpg/250x188.webp https://prod.pictures.autoscout24.net/listing-images/63c1de9b-8154-4fdf-807e-b03d63961989_6c11378c-0e61-4567-8b99-4e520711f87e.jpg/250x188.webp https://prod.pictures.autoscout24.net/listing-images/63c1de9b-8154-4fdf-807e-b03d63961989_0be19041-ebec-4475-aa5a-2b46dfdf97a6.jpg/250x188.webp https://prod.pictures.autoscout24.net/listing-images/63c1de9b-8154-4fdf-807e-b03d63961989_4e958ab8-966d-4d8c-8a6a-5faab353d839.jpg/250x188.webp https://prod.pictures.autoscout24.net/listing-images/63c1de9b-8154-4fdf-807e-b03d63961989_3703cb81-7c30-4a10-b348-22c5d82d5af4.jpg/250x188.webp https://prod.pictures.autoscout24.net/listing-images/63c1de9b-8154-4fdf-807e-b03d63961989_d5afe2e1-5886-43d4-b249-10b7cdc18555.jpg/250x188.webp https://prod.pictures.autoscout24.net/listing-images/63c1de9b-8154-4fdf-807e-b03d63961989_9e55af67-8b67-4fff-8230-f6dbbaaf1df6.jpg/250x188.webp https://prod.pictures.autoscout24.net/listing-images/63c1de9b-8154-4fdf-807e-b03d63961989_c3a07da5-91f0-4f66-849f-c43c5bfcf990.jpg/250x188.webp,61.98157406185932,5283
994179b6-d8a3-4314-a49e-fc45b0fd6a18,Nissan,Note,1.2i Visia,PrivateSeller,5500,b,146000,06-2015,6001,https://prod.pictures.autoscout24.net/listing-images/994179b6-d8a3-4314-a49e-fc45b0fd6a18_9be2c971-df6d-4517-a187-e62ee41881fc.jpg/250x188.webp https://prod.pictures.autoscout24.net/listing-images/994179b6-d8a3-4314-a49e-fc45b0fd6a18_47493150-06a7-4ac7-b188-ab5acf966c61.jpg/250x188.webp https://prod.pictures.autoscout24.net/listing-images/994179b6-d8a3-4314-a49e-fc45b0fd6a18_7065c33a-ce23-4afe-bec8-cedf5f6e06c6.jpg/250x188.webp https://prod.pictures.autoscout24.net/listing-images/994179b6-d8a3-4314-a49e-fc45b0fd6a18_e5b914e6-a370-473a-b9ce-67a5d37abf3e.jpg/250x188.webp https://prod.pictures.autoscout24.net/listing-images/994179b6-d8a3-4314-a49e-fc45b0fd6a18_26f3c91a-6da2-44b2-9072-c6af41c66556.jpg/250x188.webp https://prod.pictures.autoscout24.net/listing-images/994179b6-d8a3-4314-a49e-fc45b0fd6a18_5483bb8f-0bcc-447e-b97c-9676b1ef1d11.jpg/250x188.webp https://prod.pictures.autoscout24.net/listing-images/994179b6-d8a3-4314-a49e-fc45b0fd6a18_3e933dea-9159-4707-9aa8-9a7648f02706.jpg/250x188.webp,119.62548366163914,2757
77517342-8e7b-49f2-a51c-203db0f57780,Nissan,,1.2 80M/T,PrivateSeller,5500,b,146000,05-2015,6001,https://prod.pictures.autoscout24.net/listing-images/77517342-8e7b-49f2-a51c-203db0f57780_a141272c-a45c-4ce5-8c60-638771a132c9.jpg/250x188.webp https://prod.pictures.autoscout24.net/listing-images/77517342-8e7b-49f2-a51c-203db0f57780_0790e740-3642-440c-a194-a36bd11bd153.jpg/250x188.webp https://prod.pictures.autoscout24.net/listing-images/77517342-8e7b-49f2-a51c-203db0f57780_ea8bc3b9-893a-4aee-a825-948da5a0aa37.jpg/250x188.webp https://prod.pictures.autoscout24.net/listing-images/77517342-8e7b-49f2-a51c-203db0f57780_1504143c-8d5b-4cfa-9319-40690c08e8b0.jpg/250x188.webp https://prod.pictures.autoscout24.net/listing-images/77517342-8e7b-49f2-a51c-203db0f57780_8aa7faae-273c-466b-932c-43d27f5ee0cd.jpg/250x188.webp https://prod.pictures.autoscout24.net/listing-images/77517342-8e7b-49f2-a51c-203db0f57780_151f3ddc-2e31-4445-a05d-586a0b0c4dbb.jpg/250x188.webp https://prod.pictures.autoscout24.net/listing-images/77517342-8e7b-49f2-a51c-203db0f57780_353a2145-6559-432a-a981-83eea1401c35.jpg/250x188.webp https://prod.pictures.autoscout24.net/listing-images/77517342-8e7b-49f2-a51c-203db0f57780_cfe97f40-80a8-4e82-9d79-89cabf059a95.jpg/250x188.webp,119.62548366163914,2788
7b59ae83-4a4e-4f69-808e-579c97bb1951,Nissan,Micra,,PrivateSeller,5500,b,26800,03-2012,1180,,74.57281408996285,3944
68a0a160-f30c-4269-a890-bbef2f4cfa87,Nissan,Micra,1.2i Acenta,PrivateSeller,5500,b,26500,06-2012,1180,https://prod.pictures.autoscout24.net/listing-images/68a0a160-f30c-4269-a890-bbef2f4cfa87_d1e54dd5-0cb9-4c0d-95a2-259a8d270643.jpg/250x188.webp https://prod.pictures.autoscout24.net/listing-images/68a0a160-f30c-4269-a890-bbef2f4cfa87_1107d6b5-2833-4868-aa5c-c9c76ff0412a.jpg/250x188.webp https://prod.pictures.autoscout24.net/listing-images/68a0a160-f30c-4269-a890-bbef2f4cfa87_751a44c2-fc89-4d78-b100-ff8a74fc4bc5.jpg/250x188.webp https://prod.pictures.autoscout24.net/listing-images/68a0a160-f30c-4269-a890-bbef2f4cfa87_9bbba670-e1ad-420d-9c84-4b71019a889d.jpg/250x188.webp https://prod.pictures.autoscout24.net/listing-images/68a0a160-f30c-4269-a890-bbef2f4cfa87_15baf6e8-3ca4-4beb-bf36-151e564f13b3.jpg/250x188.webp https://prod.pictures.autoscout24.net/listing-images/68a0a160-f30c-4269-a890-bbef2f4cfa87_bd1835bb-3f6f-43c1-9d0f-cf69ed00b0ad.jpg/250x188.webp https://prod.pictures.autoscout24.net/listing-images/68a0a160-f30c-4269-a890-bbef2f4cfa87_0f0f058e-4630-4baa-a1c9-e0ebdcb53e34.jpg/250x188.webp https://prod.pictures.autoscout24.net/listing-images/68a0a160-f30c-4269-a890-bbef2f4cfa87_48a91c6d-b924-434b-8939-cd10f3f00515.jpg/250x188.webp,74.57281408996285,3852
86c82a2d-0ad9-4074-bfcb-b8a8e460a7e1,Nissan,Micra,1.2i Acenta,Dealer,5550,b,120870,02-2012,1780,https://prod.pictures.autoscout24.net/listing-images/86c82a2d-0ad9-4074-bfcb-b8a8e460a7e1_5e8abbac-7a98-44a4-aea6-ba2651c5a490.jpg/250x188.webp https://prod.pictures.autoscout24.net/listing-images/86c82a2d-0ad9-4074-bfcb-b8a8e460a7e1_dd6140b1-5357-48c9-879d-ab766124baab.jpg/250x188.webp https://prod.pictures.autoscout24.net/listing-images/86c82a2d-0ad9-4074-bfcb-b8a8e460a7e1_2b4e5573-d3b4-4782-b8a8-2153cdc1b30e.jpg/250x188.webp https://prod.pictures.autoscout24.net/listing-images/86c82a2d-0ad9-4074-bfcb-b8a8e460a7e1_4e2b7597-3787-49a9-a5e2-2443cffce29b.jpg/250x188.webp https://prod.pictures.autoscout24.net/listing-images/86c82a2d-0ad9-4074-bfcb-b8a8e460a7e1_3818dcc1-7dbd-43df-9b73-237d72c51adc.jpg/250x188.webp https://prod.pictures.autoscout24.net/listing-images/86c82a2d-0ad9-4074-bfcb-b8a8e460a7e1_a38ac249-d138-45fb-b32a-b602fbd63a9e.jpg/250x188.webp https://prod.pictures.autoscout24.net/listing-images/86c82a2d-0ad9-4074-bfcb-b8a8e460a7e1_847fe90a-c5ed-4b79-8daf-8ba41b562295.jpg/250x188.webp https://prod.pictures.autoscout24.net/listing-images/86c82a2d-0ad9-4074-bfcb-b8a8e460a7e1_fb72be62-08c8-43e2-a7e8-153c09010a70.jpg/250x188.webp https://prod.pictures.autoscout24.net/listing-images/86c82a2d-0ad9-4074-bfcb-b8a8e460a7e1_e3ef9f13-788b-4fc8-98c6-e8b45d8c7f6c.jpg/250x188.webp https://prod.pictures.autoscout24.net/listing-images/86c82a2d-0ad9-4074-bfcb-b8a8e460a7e1_24f9752c-ae34-4aa8-ac18-b3a969dbcb9d.jpg/250x188.webp https://prod.pictures.autoscout24.net/listing-images/86c82a2d-0ad9-4074-bfcb-b8a8e460a7e1_3d067c03-82f6-42a0-a116-2b531f743c1d.jpg/250x188.webp https://prod.pictures.autoscout24.net/listing-images/86c82a2d-0ad9-4074-bfcb-b8a8e460a7e1_113a9b1c-98fa-4608-9214-4f6ac49f8680.jpg/250x188.webp https://prod.pictures.autoscout24.net/listing-images/86c82a2d-0ad9-4074-bfcb-b8a8e460a7e1_788bdcdb-908c-4458-a8be-af142ddd6a20.jpg/250x188.webp https://prod.pictures.autoscout24.net/listing-images/86c82a2d-0ad9-4074-bfcb-b8a8e460a7e1_b42d212f-a3c8-4916-9532-10f17b7f7f01.jpg/250x188.webp,63.273818071645216,3973
8a5edb55-f1fb-46fb-bd09-515ec66ddca3,Nissan,Micra,1.2 Automaat,PrivateSeller,5650,b,96000,04-2008,1840,https://prod.pictures.autoscout24.net/listing-images/8a5edb55-f1fb-46fb-bd09-515ec66ddca3_5bfe3663-e615-4845-937c-ea27172152a1.jpg/250x188.webp https://prod.pictures.autoscout24.net/listing-images/8a5edb55-f1fb-46fb-bd09-515ec66ddca3_919c22ed-d1da-4950-a0db-1fc9449a53ca.jpg/250x188.webp https://prod.pictures.autoscout24.net/listing-images/8a5edb55-f1fb-46fb-bd09-515ec66ddca3_db69dd44-e8ff-4aca-8c78-5448e509cb2b.jpg/250x188.webp https://prod.pictures.autoscout24.net/listing-images/8a5edb55-f1fb-46fb-bd09-515ec66ddca3_4ac39298-50dd-4708-8130-a286f3d9f26d.jpg/250x188.webp https://prod.pictures.autoscout24.net/listing-images/8a5edb55-f1fb-46fb-bd09-515ec66ddca3_a372e8d3-7b79-4300-a53a-30e441bed137.jpg/250x188.webp https://prod.pictures.autoscout24.net/listing-images/8a5edb55-f1fb-46fb-bd09-515ec66ddca3_8ecfb5bc-ee9d-4a95-a07d-4e4a9fe7ed08.jpg/250x188.webp https://prod.pictures.autoscout24.net/listing-images/8a5edb55-f1fb-46fb-bd09-515ec66ddca3_f912ec88-4f6e-47b9-8d3c-f8d0805c43f5.jpg/250x188.webp https://prod.pictures.autoscout24.net/listing-images/8a5edb55-f1fb-46fb-bd09-515ec66ddca3_fd4d8ca4-cf1f-459c-9571-613c388fe7ff.jpg/250x188.webp https://prod.pictures.autoscout24.net/listing-images/8a5edb55-f1fb-46fb-bd09-515ec66ddca3_b1a46010-6373-4e2e-acab-d195c8b9d684.jpg/250x188.webp https://prod.pictures.autoscout24.net/listing-images/8a5edb55-f1fb-46fb-bd09-515ec66ddca3_151b4919-e82c-47fd-a67e-d85cb3b6ca95.jpg/250x188.webp https://prod.pictures.autoscout24.net/listing-images/8a5edb55-f1fb-46fb-bd09-515ec66ddca3_5b9dec64-618e-4d18-8f4f-2e872d794003.jpg/250x188.webp https://prod.pictures.autoscout24.net/listing-images/8a5edb55-f1fb-46fb-bd09-515ec66ddca3_7eb50415-923a-4dd0-84c1-232e2187e801.jpg/250x188.webp,54.29299877782283,5374
c7b9aaa6-a6b2-4c8b-b7d1-dd6fb61e5f21,Nissan,Qashqai,1.6 acenta,PrivateSeller,5750,b,185000,12-2008,1000,https://prod.pictures.autoscout24.net/listing-images/c7b9aaa6-a6b2-4c8b-b7d1-dd6fb61e5f21_291188a9-43c1-49dd-b03e-81990ba6c31d.jpg/250x188.webp https://prod.pictures.autoscout24.net/listing-images/c7b9aaa6-a6b2-4c8b-b7d1-dd6fb61e5f21_471cf4fd-0130-4ec4-bc95-e65b74102451.jpg/250x188.webp https://prod.pictures.autoscout24.net/listing-images/c7b9aaa6-a6b2-4c8b-b7d1-dd6fb61e5f21_a1002076-f2ff-4172-9ffe-2cc9696ef5a5.jpg/250x188.webp https://prod.pictures.autoscout24.net/listing-images/c7b9aaa6-a6b2-4c8b-b7d1-dd6fb61e5f21_64214b55-2c15-4ea1-97cc-004c99030b7e.jpg/250x188.webp https://prod.pictures.autoscout24.net/listing-images/c7b9aaa6-a6b2-4c8b-b7d1-dd6fb61e5f21_414d3032-f69b-42b8-8fff-4ba1a2a917c5.jpg/250x188.webp https://prod.pictures.autoscout24.net/listing-images/c7b9aaa6-a6b2-4c8b-b7d1-dd6fb61e5f21_4ec0ec42-bc8f-40e3-8f41-fb74e41cb4b8.jpg/250x188.webp https://prod.pictures.autoscout24.net/listing-images/c7b9aaa6-a6b2-4c8b-b7d1-dd6fb61e5f21_0ec23fe2-5ec3-4b6f-bc87-8058b62a3cd8.jpg/250x188.webp https://prod.pictures.autoscout24.net/listing-images/c7b9aaa6-a6b2-4c8b-b7d1-dd6fb61e5f21_bd720435-c202-4509-aa0a-bd92bddb98e5.jpg/250x188.webp,69.17270624549755,5130
8d791abb-f567-4ab0-ae5f-f0650a3a48b3,Nissan,Qashqai,1.5 dCi 2WD,Dealer,5900,d,116971,04-2008,3530,https://prod.pictures.autoscout24.net/listing-images/8d791abb-f567-4ab0-ae5f-f0650a3a48b3_6bebea6d-f116-4991-8963-35575ffbe2c4.jpg/250x188.webp https://prod.pictures.autoscout24.net/listing-images/8d791abb-f567-4ab0-ae5f-f0650a3a48b3_0490324b-8236-4e6a-a1a0-f31cf0cd2bcc.jpg/250x188.webp https://prod.pictures.autoscout24.net/listing-images/8d791abb-f567-4ab0-ae5f-f0650a3a48b3_f6922dbf-9732-438f-b86c-8258dc7573c2.jpg/250x188.webp https://prod.pictures.autoscout24.net/listing-images/8d791abb-f567-4ab0-ae5f-f0650a3a48b3_f9b2ae29-c3df-4669-86a9-dc995130b424.jpg/250x188.webp https://prod.pictures.autoscout24.net/listing-images/8d791abb-f567-4ab0-ae5f-f0650a3a48b3_c1c5029f-b9ef-4a62-a60a-f07749cba9a8.jpg/250x188.webp https://prod.pictures.autoscout24.net/listing-images/8d791abb-f567-4ab0-ae5f-f0650a3a48b3_f86209c5-8cef-43c7-8998-6619eae2e05c.jpg/250x188.webp https://prod.pictures.autoscout24.net/listing-images/8d791abb-f567-4ab0-ae5f-f0650a3a48b3_fe5f2edb-7826-4e8b-8804-2daad3643940.jpg/250x188.webp,79.7065029526959,5374
fd4350ea-e587-4057-bcb7-2f4f18fbb0c4,Nissan,Qashqai,1.6 DCI 2WD AIR -CO CAPTEUR,PrivateSeller,5900,d,140000,12-2013,7340,https://prod.pictures.autoscout24.net/listing-images/fd4350ea-e587-4057-bcb7-2f4f18fbb0c4_f33f0cf2-ccb6-4fd4-9e8d-a12bedc48fe1.jpg/250x188.webp https://prod.pictures.autoscout24.net/listing-images/fd4350ea-e587-4057-bcb7-2f4f18fbb0c4_4bfe3aa7-7354-4173-b708-194c55b3b081.jpg/250x188.webp https://prod.pictures.autoscout24.net/listing-images/fd4350ea-e587-4057-bcb7-2f4f18fbb0c4_a8ed14ab-b2a8-4489-811a-37a6be0fca44.jpg/250x188.webp https://prod.pictures.autoscout24.net/listing-images/fd4350ea-e587-4057-bcb7-2f4f18fbb0c4_b89ed48c-84c3-49f0-afe4-42896cc2d11a.jpg/250x188.webp https://prod.pictures.autoscout24.net/listing-images/fd4350ea-e587-4057-bcb7-2f4f18fbb0c4_62678325-f294-4807-9451-b76e0dce59c2.jpg/250x188.webp https://prod.pictures.autoscout24.net/listing-images/fd4350ea-e587-4057-bcb7-2f4f18fbb0c4_7a80610c-c55f-496a-875b-ebc764697307.jpg/250x188.webp https://prod.pictures.autoscout24.net/listing-images/fd4350ea-e587-4057-bcb7-2f4f18fbb0c4_1750df7e-7381-4b86-8291-fd2c9db08304.jpg/250x188.webp https://prod.pictures.autoscout24.net/listing-images/fd4350ea-e587-4057-bcb7-2f4f18fbb0c4_a7721ab8-61a7-4a71-9c29-2b734795b2a1.jpg/250x188.webp https://prod.pictures.autoscout24.net/listing-images/fd4350ea-e587-4057-bcb7-2f4f18fbb0c4_a31e95b9-ef1e-4c26-956b-bfad8ff1491e.jpg/250x188.webp https://prod.pictures.autoscout24.net/listing-images/fd4350ea-e587-4057-bcb7-2f4f18fbb0c4_ad9374ff-c779-45a6-adb1-f7d7e74db56f.jpg/250x188.webp https://prod.pictures.autoscout24.net/listing-images/fd4350ea-e587-4057-bcb7-2f4f18fbb0c4_c967f6d6-aff3-42a4-835d-37b6a1614e21.jpg/250x188.webp https://prod.pictures.autoscout24.net/listing-images/fd4350ea-e587-4057-bcb7-2f4f18fbb0c4_e9053b7f-2b36-47d8-8412-4b66daca2d45.jpg/250x188.webp https://prod.pictures.autoscout24.net/listing-images/fd4350ea-e587-4057-bcb7-2f4f18fbb0c4_9a0a3ac5-b5ba-4bbe-887a-2a5a14a469c8.jpg/250x188.webp,126.38155252550393,3304
e45f52e9-31d2-4fa8-a12c-aff3243ae56f,Nissan,Note,1.5 dci,PrivateSeller,5900,d,120000,11-2012,3190,https://prod.pictures.autoscout24.net/listing-images/e45f52e9-31d2-4fa8-a12c-aff3243ae56f_cdc75daa-abe5-4c4e-bad7-3574ebeb1fbc.jpg/250x188.webp https://prod.pictures.autoscout24.net/listing-images/e45f52e9-31d2-4fa8-a12c-aff3243ae56f_f66c4fce-934c-45b5-8237-3c7ed738f122.jpg/250x188.webp https://prod.pictures.autoscout24.net/listing-images/e45f52e9-31d2-4fa8-a12c-aff3243ae56f_01086518-a41f-4518-9aeb-f6e4688024d3.jpg/250x188.webp https://prod.pictures.autoscout24.net/listing-images/e45f52e9-31d2-4fa8-a12c-aff3243ae56f_165af4d4-2af1-4194-a479-be27071c0be0.jpg/250x188.webp https://prod.pictures.autoscout24.net/listing-images/e45f52e9-31d2-4fa8-a12c-aff3243ae56f_03545c96-9079-48b6-9b6b-4db101530a2e.jpg/250x188.webp https://prod.pictures.autoscout24.net/listing-images/e45f52e9-31d2-4fa8-a12c-aff3243ae56f_e3cc8604-e32a-451b-a557-ed1ff0168f46.jpg/250x188.webp,54.823479205129566,3699
7637251f-9eac-4e18-9a77-f7e3b84ad5ae,Nissan,Micra,1.2i Acenta,PrivateSeller,5900,b,28000,04-2012,1180,https://prod.pictures.autoscout24.net/listing-images/7637251f-9eac-4e18-9a77-f7e3b84ad5ae_19e41a1e-7cee-4d79-9d20-874f0b78b756.jpg/250x188.webp https://prod.pictures.autoscout24.net/listing-images/7637251f-9eac-4e18-9a77-f7e3b84ad5ae_a2e94ceb-d3fe-44d6-be8b-c0f6dae39907.jpg/250x188.webp https://prod.pictures.autoscout24.net/listing-images/7637251f-9eac-4e18-9a77-f7e3b84ad5ae_e261a956-5e91-4f24-843c-f5679ddb1016.jpg/250x188.webp https://prod.pictures.autoscout24.net/listing-images/7637251f-9eac-4e18-9a77-f7e3b84ad5ae_8e04f182-355f-4254-932f-e2aae6521ba8.jpg/250x188.webp https://prod.pictures.autoscout24.net/listing-images/7637251f-9eac-4e18-9a77-f7e3b84ad5ae_7e6c8b77-a667-4b4d-8a1b-cfb6cafb60e3.jpg/250x188.webp https://prod.pictures.autoscout24.net/listing-images/7637251f-9eac-4e18-9a77-f7e3b84ad5ae_cf12fe51-8384-42b7-a39c-840c42f1692c.jpg/250x188.webp https://prod.pictures.autoscout24.net/listing-images/7637251f-9eac-4e18-9a77-f7e3b84ad5ae_822d4e3e-6f9f-4fcc-ac6a-b6ec2bff632e.jpg/250x188.webp https://prod.pictures.autoscout24.net/listing-images/7637251f-9eac-4e18-9a77-f7e3b84ad5ae_76151e3c-8c9a-4c6d-879f-31c00f8d72ad.jpg/250x188.webp https://prod.pictures.autoscout24.net/listing-images/7637251f-9eac-4e18-9a77-f7e3b84ad5ae_426a52ad-3b3b-478b-9b40-cc69b297b8f7.jpg/250x188.webp,74.57281408996285,3913
ab12902c-ac0f-495e-a586-83e2fd3e4695,Nissan,Micra,1.4i 16v Tekna,Dealer,5900,b,37500,12-2007,8880,https://prod.pictures.autoscout24.net/listing-images/ab12902c-ac0f-495e-a586-83e2fd3e4695_c6eabf37-ddba-4735-b69a-8cf3b0eb8f2d.jpg/250x188.webp https://prod.pictures.autoscout24.net/listing-images/ab12902c-ac0f-495e-a586-83e2fd3e4695_ff98cb45-8d2e-4877-bdc7-a314dfa96e88.jpg/250x188.webp https://prod.pictures.autoscout24.net/listing-images/ab12902c-ac0f-495e-a586-83e2fd3e4695_45f1c875-dc7a-4984-a3e5-da1829a7c2b3.jpg/250x188.webp https://prod.pictures.autoscout24.net/listing-images/ab12902c-ac0f-495e-a586-83e2fd3e4695_aac14b33-c186-401c-bb0e-22f5aedbc6b4.jpg/250x188.webp https://prod.pictures.autoscout24.net/listing-images/ab12902c-ac0f-495e-a586-83e2fd3e4695_3f01681c-817b-4a36-8be4-13f9ab04f7ab.jpg/250x188.webp https://prod.pictures.autoscout24.net/listing-images/ab12902c-ac0f-495e-a586-83e2fd3e4695_448387be-e494-4798-bdbd-fc371faaee12.jpg/250x188.webp https://prod.pictures.autoscout24.net/listing-images/ab12902c-ac0f-495e-a586-83e2fd3e4695_f28317d6-c6c2-4c57-a6b2-9b7bfe741766.jpg/250x188.webp https://prod.pictures.autoscout24.net/listing-images/ab12902c-ac0f-495e-a586-83e2fd3e4695_85ae4d09-85bf-40d5-a122-b6057c8fc8a1.jpg/250x188.webp https://prod.pictures.autoscout24.net/listing-images/ab12902c-ac0f-495e-a586-83e2fd3e4695_41e44501-f948-421f-806b-a882a929ca32.jpg/250x188.webp https://prod.pictures.autoscout24.net/listing-images/ab12902c-ac0f-495e-a586-83e2fd3e4695_b0482479-172c-43fd-9640-ee58c79470f4.jpg/250x188.webp,113.05181262649485,5496
c8dc9238-fc93-41b4-9680-dc10a75d5911,Nissan,Micra,1.2i Automatique Airco Carnet Complet Nissan,Dealer,5950,b,187972,06-2012,1020,https://prod.pictures.autoscout24.net/listing-images/c8dc9238-fc93-41b4-9680-dc10a75d5911_88dfd7ae-b4dd-4c0a-96b0-2009ee896144.jpg/250x188.webp https://prod.pictures.autoscout24.net/listing-images/c8dc9238-fc93-41b4-9680-dc10a75d5911_034749aa-9385-4dba-a7a6-2e05c1e0603e.jpg/250x188.webp https://prod.pictures.autoscout24.net/listing-images/c8dc9238-fc93-41b4-9680-dc10a75d5911_38ea1415-a979-4484-9720-ece50ca43c31.jpg/250x188.webp https://prod.pictures.autoscout24.net/listing-images/c8dc9238-fc93-41b4-9680-dc10a75d5911_9091c5ee-3840-492e-bf6d-9d6ad545fc63.jpg/250x188.webp https://prod.pictures.autoscout24.net/listing-images/c8dc9238-fc93-41b4-9680-dc10a75d5911_1139eeb7-d8ef-4930-922f-cbc0726aae18.jpg/250x188.webp https://prod.pictures.autoscout24.net/listing-images/c8dc9238-fc93-41b4-9680-dc10a75d5911_9ec19801-318f-42f0-bd86-aa2ded7e192f.jpg/250x188.webp,66.36225311284039,3852
884293dd-565b-499c-ab7d-bf0489a5fbac,Nissan,Note,1.5 dci 90,Dealer,5950,d,165000,07-2011,6700,https://prod.pictures.autoscout24.net/listing-images/884293dd-565b-499c-ab7d-bf0489a5fbac_3a4c8cc6-ae30-4276-abe1-2e6ea2402024.jpg/250x188.webp https://prod.pictures.autoscout24.net/listing-images/884293dd-565b-499c-ab7d-bf0489a5fbac_1c7dcc86-9a5d-40a1-8388-9834f0ff92da.jpg/250x188.webp https://prod.pictures.autoscout24.net/listing-images/884293dd-565b-499c-ab7d-bf0489a5fbac_b20b191e-b1ca-4d0b-b160-2feab621d504.jpg/250x188.webp https://prod.pictures.autoscout24.net/listing-images/884293dd-565b-499c-ab7d-bf0489a5fbac_86e8ed74-6f08-40e6-9463-955e4274bd65.jpg/250x188.webp https://prod.pictures.autoscout24.net/listing-images/884293dd-565b-499c-ab7d-bf0489a5fbac_be2c4b61-c680-442c-9d49-fd355f6dd2bb.jpg/250x188.webp https://prod.pictures.autoscout24.net/listing-images/884293dd-565b-499c-ab7d-bf0489a5fbac_2ba06693-e4ac-4b91-b524-1cafbf5bc8e3.jpg/250x188.webp https://prod.pictures.autoscout24.net/listing-images/884293dd-565b-499c-ab7d-bf0489a5fbac_d0f0d207-4239-4ee9-bba9-2a4bf35d7124.jpg/250x188.webp https://prod.pictures.autoscout24.net/listing-images/884293dd-565b-499c-ab7d-bf0489a5fbac_4fe168bb-c8d8-44ca-88bb-b28dfe9c2dfd.jpg/250x188.webp https://prod.pictures.autoscout24.net/listing-images/884293dd-565b-499c-ab7d-bf0489a5fbac_ce1b1504-e079-44b7-9a9b-6cd183851e98.jpg/250x188.webp https://prod.pictures.autoscout24.net/listing-images/884293dd-565b-499c-ab7d-bf0489a5fbac_26f98997-49a0-4392-94c8-e2f0c7d367ef.jpg/250x188.webp https://prod.pictures.autoscout24.net/listing-images/884293dd-565b-499c-ab7d-bf0489a5fbac_182f8980-b877-4367-b2b9-f3a0a922a46e.jpg/250x188.webp https://prod.pictures.autoscout24.net/listing-images/884293dd-565b-499c-ab7d-bf0489a5fbac_50d2167f-57f2-4d48-bdf5-b0fef60f0baa.jpg/250x188.webp https://prod.pictures.autoscout24.net/listing-images/884293dd-565b-499c-ab7d-bf0489a5fbac_748e6f08-e679-4622-bb54-84511a2df9b8.jpg/250x188.webp https://prod.pictures.autoscout24.net/listing-images/884293dd-565b-499c-ab7d-bf0489a5fbac_7b9202c3-70da-43ae-a56c-eeeafe781b66.jpg/250x188.webp https://prod.pictures.autoscout24.net/listing-images/884293dd-565b-499c-ab7d-bf0489a5fbac_7b96dc90-93e8-42ae-b183-808b34c67c67.jpg/250x188.webp https://prod.pictures.autoscout24.net/listing-images/884293dd-565b-499c-ab7d-bf0489a5fbac_ac871e9a-56a0-470c-aded-a4a861858c29.jpg/250x188.webp,222.44484417522085,4188
f519ca25-5ac2-4f29-98d0-321ec80b2326,Nissan,Qashqai,1.5 dCi 2WD Tekna Executive Black Leath.,Dealer,5950,d,155000,08-2009,1800,https://prod.pictures.autoscout24.net/listing-images/f519ca25-5ac2-4f29-98d0-321ec80b2326_6340c2a1-cfb6-443c-839c-67e5dd638f48.jpg/250x188.webp https://prod.pictures.autoscout24.net/listing-images/f519ca25-5ac2-4f29-98d0-321ec80b2326_5aa16687-0d03-4ccd-b5aa-12d3be4b228d.jpg/250x188.webp https://prod.pictures.autoscout24.net/listing-images/f519ca25-5ac2-4f29-98d0-321ec80b2326_95731500-c761-42be-8104-f9414073879d.jpg/250x188.webp https://prod.pictures.autoscout24.net/listing-images/f519ca25-5ac2-4f29-98d0-321ec80b2326_0a330169-b540-4266-a0aa-45f48e9969d5.jpg/250x188.webp https://prod.pictures.autoscout24.net/listing-images/f519ca25-5ac2-4f29-98d0-321ec80b2326_69712c52-1902-4c63-8e31-636f12703000.jpg/250x188.webp https://prod.pictures.autoscout24.net/listing-images/f519ca25-5ac2-4f29-98d0-321ec80b2326_ce314973-f1ae-4001-b248-59fbdd94a3fd.jpg/250x188.webp https://prod.pictures.autoscout24.net/listing-images/f519ca25-5ac2-4f29-98d0-321ec80b2326_83bf34ce-62b1-4cf8-b98d-480ec06729e3.jpg/250x188.webp https://prod.pictures.autoscout24.net/listing-images/f519ca25-5ac2-4f29-98d0-321ec80b2326_809b659e-9fff-4dba-93d5-b7962fb818b0.jpg/250x188.webp,60.05560122441548,4887
12628ab7-269e-4be6-9ebb-2fe5049b1eb5,Nissan,Pixo,1.0i • AUTOMATIQUE •,Dealer,5990,b,108000,03-2010,5020,https://prod.pictures.autoscout24.net/listing-images/12628ab7-269e-4be6-9ebb-2fe5049b1eb5_2871f99b-3520-41df-a689-bd45ca4fbbbf.jpg/250x188.webp https://prod.pictures.autoscout24.net/listing-images/12628ab7-269e-4be6-9ebb-2fe5049b1eb5_04c26250-4534-4884-ab12-ac10713693de.jpg/250x188.webp https://prod.pictures.autoscout24.net/listing-images/12628ab7-269e-4be6-9ebb-2fe5049b1eb5_dd8ec0b4-b8fb-4d5b-ab82-48b4dc8bab7e.jpg/250x188.webp https://prod.pictures.autoscout24.net/listing-images/12628ab7-269e-4be6-9ebb-2fe5049b1eb5_86e5196c-bb4a-4c04-a8f2-8eaa542f3a0c.jpg/250x188.webp https://prod.pictures.autoscout24.net/listing-images/12628ab7-269e-4be6-9ebb-2fe5049b1eb5_7144f53b-92a3-4f30-a705-f1943ad0174b.jpg/250x188.webp https://prod.pictures.autoscout24.net/listing-images/12628ab7-269e-4be6-9ebb-2fe5049b1eb5_2473317e-71fe-4f98-8dd3-6f10d5ce6b69.jpg/250x188.webp https://prod.pictures.autoscout24.net/listing-images/12628ab7-269e-4be6-9ebb-2fe5049b1eb5_a4f1a5a4-d63f-4aed-8b3e-e095441d1451.jpg/250x188.webp https://prod.pictures.autoscout24.net/listing-images/12628ab7-269e-4be6-9ebb-2fe5049b1eb5_81e0770a-cb58-44f5-95e5-c7c468dd7fe6.jpg/250x188.webp https://prod.pictures.autoscout24.net/listing-images/12628ab7-269e-4be6-9ebb-2fe5049b1eb5_90bc821a-9b22-4694-8c90-7386efb2198d.jpg/250x188.webp https://prod.pictures.autoscout24.net/listing-images/12628ab7-269e-4be6-9ebb-2fe5049b1eb5_5b7c1182-e907-448f-aadc-8a24782aea92.jpg/250x188.webp,112.56317852994579,4675
f4bc1036-ece5-48f5-bf5c-19d06638dad0,Nissan,Micra,1.2i Tekna *GARANTIE 12 MOIS,Dealer,5990,b,108000,09-2011,4430,https://prod.pictures.autoscout24.net/listing-images/f4bc1036-ece5-48f5-bf5c-19d06638dad0_0524c5e0-354a-43b9-b6f6-2c02a75e8d91.jpg/250x188.webp https://prod.pictures.autoscout24.net/listing-images/f4bc1036-ece5-48f5-bf5c-19d06638dad0_860d5e54-fad1-4f0a-a6d9-e255fc4b6991.jpg/250x188.webp https://prod.pictures.autoscout24.net/listing-images/f4bc1036-ece5-48f5-bf5c-19d06638dad0_92c98b3e-8057-4ca1-b46a-7d48c7669652.jpg/250x188.webp https://prod.pictures.autoscout24.net/listing-images/f4bc1036-ece5-48f5-bf5c-19d06638dad0_86149142-926c-4913-a92e-bc8cd38e5ea3.jpg/250x188.webp https://prod.pictures.autoscout24.net/listing-images/f4bc1036-ece5-48f5-bf5c-19d06638dad0_14870605-cac4-488e-b7e8-8d3e8f0822d6.jpg/250x188.webp https://prod.pictures.autoscout24.net/listing-images/f4bc1036-ece5-48f5-bf5c-19d06638dad0_0577decd-a09b-4c7c-84d0-59fa8b00f0e0.jpg/250x188.webp https://prod.pictures.autoscout24.net/listing-images/f4bc1036-ece5-48f5-bf5c-19d06638dad0_f531992d-60cb-4c11-bf73-af4327ce7aa3.jpg/250x188.webp https://prod.pictures.autoscout24.net/listing-images/f4bc1036-ece5-48f5-bf5c-19d06638dad0_09333046-f11c-43c6-b9ac-e012a02c0ad7.jpg/250x188.webp https://prod.pictures.autoscout24.net/listing-images/f4bc1036-ece5-48f5-bf5c-19d06638dad0_52eaff42-b0f2-4d5c-8070-3837f60e774b.jpg/250x188.webp https://prod.pictures.autoscout24.net/listing-images/f4bc1036-ece5-48f5-bf5c-19d06638dad0_dfffd83c-eea6-465d-8c10-bfebb10de497.jpg/250x188.webp https://prod.pictures.autoscout24.net/listing-images/f4bc1036-ece5-48f5-bf5c-19d06638dad0_8f2277f0-c9c3-42b7-bd9c-640c6bd107d5.jpg/250x188.webp https://prod.pictures.autoscout24.net/listing-images/f4bc1036-ece5-48f5-bf5c-19d06638dad0_f36023e0-0ed5-4b44-86c3-559de4c6e150.jpg/250x188.webp https://prod.pictures.autoscout24.net/listing-images/f4bc1036-ece5-48f5-bf5c-19d06638dad0_ee239afc-fea0-403d-abc0-12504845d846.jpg/250x188.webp https://prod.pictures.autoscout24.net/listing-images/f4bc1036-ece5-48f5-bf5c-19d06638dad0_0dab930f-8f98-4d5a-b805-aff8b2452408.jpg/250x188.webp https://prod.pictures.autoscout24.net/listing-images/f4bc1036-ece5-48f5-bf5c-19d06638dad0_81aecc7e-0cab-4acf-844c-e190112363bb.jpg/250x188.webp https://prod.pictures.autoscout24.net/listing-images/f4bc1036-ece5-48f5-bf5c-19d06638dad0_0f88cadf-b3eb-4984-820b-ffc14096d910.jpg/250x188.webp https://prod.pictures.autoscout24.net/listing-images/f4bc1036-ece5-48f5-bf5c-19d06638dad0_c5fcdaac-0dfb-47ec-b016-98a5e2d71025.jpg/250x188.webp https://prod.pictures.autoscout24.net/listing-images/f4bc1036-ece5-48f5-bf5c-19d06638dad0_9728df03-574e-4f26-b5ef-b23c0648cd1f.jpg/250x188.webp,115.84778684140608,4126
77eefb1e-8ab4-4a16-936d-0c240fab2bf1,Nissan,Micra,1.2i AC 2014 115.000KM GARANTIE,Dealer,5990,b,115000,06-2014,6200,https://prod.pictures.autoscout24.net/listing-images/77eefb1e-8ab4-4a16-936d-0c240fab2bf1_d37ef4a8-5d6d-425a-b054-eb71663347c6.jpg/250x188.webp https://prod.pictures.autoscout24.net/listing-images/77eefb1e-8ab4-4a16-936d-0c240fab2bf1_4545e9f5-6981-4a5e-a486-f3245753eec6.jpg/250x188.webp https://prod.pictures.autoscout24.net/listing-images/77eefb1e-8ab4-4a16-936d-0c240fab2bf1_4034ff24-bbeb-478a-8542-007af5040da7.jpg/250x188.webp https://prod.pictures.autoscout24.net/listing-images/77eefb1e-8ab4-4a16-936d-0c240fab2bf1_5db067d7-a098-4d39-a216-f8a92db41475.jpg/250x188.webp https://prod.pictures.autoscout24.net/listing-images/77eefb1e-8ab4-4a16-936d-0c240fab2bf1_99d9d02d-88a6-4300-a699-17ec455d1ed1.jpg/250x188.webp https://prod.pictures.autoscout24.net/listing-images/77eefb1e-8ab4-4a16-936d-0c240fab2bf1_7898dccf-042a-4e31-bcaf-5198b3b678f9.jpg/250x188.webp https://prod.pictures.autoscout24.net/listing-images/77eefb1e-8ab4-4a16-936d-0c240fab2bf1_e933c8e9-c7cd-47d8-946b-25a6cb4c995c.jpg/250x188.webp https://prod.pictures.autoscout24.net/listing-images/77eefb1e-8ab4-4a16-936d-0c240fab2bf1_bd6a0eae-7200-44ca-8a10-293e5e3a0fa3.jpg/250x188.webp https://prod.pictures.autoscout24.net/listing-images/77eefb1e-8ab4-4a16-936d-0c240fab2bf1_82a412e9-5892-4a6a-a95d-e4d406284e5b.jpg/250x188.webp https://prod.pictures.autoscout24.net/listing-images/77eefb1e-8ab4-4a16-936d-0c240fab2bf1_8d78cd60-072e-4b55-a03b-849d5e6fb30b.jpg/250x188.webp https://prod.pictures.autoscout24.net/listing-images/77eefb1e-8ab4-4a16-936d-0c240fab2bf1_4baee072-c0aa-41c4-882b-140e94fddbff.jpg/250x188.webp https://prod.pictures.autoscout24.net/listing-images/77eefb1e-8ab4-4a16-936d-0c240fab2bf1_a1994071-6a7a-4a76-8654-94a18dbb9303.jpg/250x188.webp https://prod.pictures.autoscout24.net/listing-images/77eefb1e-8ab4-4a16-936d-0c240fab2bf1_28a1aa6a-9311-4e58-b4f1-faeefebb2c28.jpg/250x188.webp https://prod.pictures.autoscout24.net/listing-images/77eefb1e-8ab4-4a16-936d-0c240fab2bf1_e723a74d-abd4-4d64-ac17-5d3574672dcd.jpg/250x188.webp https://prod.pictures.autoscout24.net/listing-images/77eefb1e-8ab4-4a16-936d-0c240fab2bf1_42845b49-ac07-45d5-84ae-cff51364fe9a.jpg/250x188.webp,119.77990387531518,3122
5d92060a-50d4-4d1f-96de-8dce65dbf211,Nissan,Micra,1.2i Tekna,Dealer,5995,b,131500,10-2014,3090,https://prod.pictures.autoscout24.net/listing-images/5d92060a-50d4-4d1f-96de-8dce65dbf211_98ebfb65-9dd9-42a2-87c7-a370d6b66050.jpg/250x188.webp https://prod.pictures.autoscout24.net/listing-images/5d92060a-50d4-4d1f-96de-8dce65dbf211_03f94a2d-95a7-48fc-b53e-6c0ecd711d76.jpg/250x188.webp https://prod.pictures.autoscout24.net/listing-images/5d92060a-50d4-4d1f-96de-8dce65dbf211_5b110959-0b45-4e4d-b88b-c30c7eb1ceed.jpg/250x188.webp https://prod.pictures.autoscout24.net/listing-images/5d92060a-50d4-4d1f-96de-8dce65dbf211_5670115f-e391-4e8e-b314-f35f493b1bfa.jpg/250x188.webp https://prod.pictures.autoscout24.net/listing-images/5d92060a-50d4-4d1f-96de-8dce65dbf211_305ef418-c7f2-45f2-82c1-db76c3188d9e.jpg/250x188.webp https://prod.pictures.autoscout24.net/listing-images/5d92060a-50d4-4d1f-96de-8dce65dbf211_0086002b-bb49-4eb8-9984-38c6eda87cae.jpg/250x188.webp https://prod.pictures.autoscout24.net/listing-images/5d92060a-50d4-4d1f-96de-8dce65dbf211_6b0122f2-c465-410d-98b3-f375f7466260.jpg/250x188.webp https://prod.pictures.autoscout24.net/listing-images/5d92060a-50d4-4d1f-96de-8dce65dbf211_aca92d09-0962-4fa5-bd53-03d6604ff59e.jpg/250x188.webp https://prod.pictures.autoscout24.net/listing-images/5d92060a-50d4-4d1f-96de-8dce65dbf211_1753382d-b614-4ee6-a036-fa7dd2d73098.jpg/250x188.webp https://prod.pictures.autoscout24.net/listing-images/5d92060a-50d4-4d1f-96de-8dce65dbf211_31870a1f-ba07-403f-a074-86d1fdecec5d.jpg/250x188.webp https://prod.pictures.autoscout24.net/listing-images/5d92060a-50d4-4d1f-96de-8dce65dbf211_5531acde-e8dd-423b-8e64-e54cd2f7517e.jpg/250x188.webp https://prod.pictures.autoscout24.net/listing-images/5d92060a-50d4-4d1f-96de-8dce65dbf211_62f46f75-9138-4ac6-9126-2b8eda01a37a.jpg/250x188.webp https://prod.pictures.autoscout24.net/listing-images/5d92060a-50d4-4d1f-96de-8dce65dbf211_416b5e9d-e4b5-43e6-a170-3e395635b6b0.jpg/250x188.webp https://prod.pictures.autoscout24.net/listing-images/5d92060a-50d4-4d1f-96de-8dce65dbf211_3061b19d-ca4e-4905-88b7-a8dea7de30b5.jpg/250x188.webp https://prod.pictures.autoscout24.net/listing-images/5d92060a-50d4-4d1f-96de-8dce65dbf211_0620a8af-a53b-49e0-992e-64a3c4e70f19.jpg/250x188.webp,77.24958296507762,3000
92c7ed25-b96a-4356-9282-0ab845b546b7,Nissan,300 ZX,slicktop,PrivateSeller,5995,b,120000,01-1987,2800,https://prod.pictures.autoscout24.net/listing-images/92c7ed25-b96a-4356-9282-0ab845b546b7_b540cdf7-ab41-4f9f-82b2-d94d5d8d70ee.jpg/250x188.webp https://prod.pictures.autoscout24.net/listing-images/92c7ed25-b96a-4356-9282-0ab845b546b7_3a239a42-75ff-484e-b579-0d28b41857fb.jpg/250x188.webp https://prod.pictures.autoscout24.net/listing-images/92c7ed25-b96a-4356-9282-0ab845b546b7_959bbfc0-627e-4634-9526-ed333c6984e5.jpg/250x188.webp https://prod.pictures.autoscout24.net/listing-images/92c7ed25-b96a-4356-9282-0ab845b546b7_67820902-c82f-489f-b710-b8e6b1cda2c1.jpg/250x188.webp https://prod.pictures.autoscout24.net/listing-images/92c7ed25-b96a-4356-9282-0ab845b546b7_685168be-a3c8-47af-b83d-5623251494ff.jpg/250x188.webp,49.170515286575046,13135
1fa89192-a3b9-4859-bd33-8d5e78215f0a,Nissan,Qashqai,Nissan Qashqai 1.5 Dci Bj.2009 Met 187000 Km.,Dealer,5999,d,187000,04-2009,3140,https://prod.pictures.autoscout24.net/listing-images/1fa89192-a3b9-4859-bd33-8d5e78215f0a_33b2b0ca-5c95-4634-b5f8-19f108866799.jpg/250x188.webp https://prod.pictures.autoscout24.net/listing-images/1fa89192-a3b9-4859-bd33-8d5e78215f0a_6b570c43-8c4f-43dd-8be5-b94e9163c34d.jpg/250x188.webp https://prod.pictures.autoscout24.net/listing-images/1fa89192-a3b9-4859-bd33-8d5e78215f0a_4f1fb420-8a9f-4a07-bfad-21d401e3aa4b.jpg/250x188.webp https://prod.pictures.autoscout24.net/listing-images/1fa89192-a3b9-4859-bd33-8d5e78215f0a_b9cfd223-c80c-4503-bb8f-f59ef055477f.jpg/250x188.webp https://prod.pictures.autoscout24.net/listing-images/1fa89192-a3b9-4859-bd33-8d5e78215f0a_3682da36-6062-4834-92b2-2ec32b7a25d4.jpg/250x188.webp https://prod.pictures.autoscout24.net/listing-images/1fa89192-a3b9-4859-bd33-8d5e78215f0a_3b8f048c-0aef-4ead-b818-a403b814c1c7.jpg/250x188.webp https://prod.pictures.autoscout24.net/listing-images/1fa89192-a3b9-4859-bd33-8d5e78215f0a_dec06c48-a885-4abe-82bd-3adc3335a6b7.jpg/250x188.webp https://prod.pictures.autoscout24.net/listing-images/1fa89192-a3b9-4859-bd33-8d5e78215f0a_adaae995-3c1e-467f-a4e7-45dd186d6f3d.jpg/250x188.webp https://prod.pictures.autoscout24.net/listing-images/1fa89192-a3b9-4859-bd33-8d5e78215f0a_2fae841b-6907-4f7c-9f5b-703b2e03e104.jpg/250x188.webp https://prod.pictures.autoscout24.net/listing-images/1fa89192-a3b9-4859-bd33-8d5e78215f0a_e7f20e1f-0036-4cf3-a5a3-7e8d96548dac.jpg/250x188.webp https://prod.pictures.autoscout24.net/listing-images/1fa89192-a3b9-4859-bd33-8d5e78215f0a_38cf66db-a5bb-4850-a314-f1162a7c140b.jpg/250x188.webp https://prod.pictures.autoscout24.net/listing-images/1fa89192-a3b9-4859-bd33-8d5e78215f0a_671f6cfd-bce5-4b89-90a3-35c9cfbe1053.jpg/250x188.webp https://prod.pictures.autoscout24.net/listing-images/1fa89192-a3b9-4859-bd33-8d5e78215f0a_99dbe3ef-d1de-4b9f-901c-2333d0a0e3a2.jpg/250x188.webp https://prod.pictures.autoscout24.net/listing-images/1fa89192-a3b9-4859-bd33-8d5e78215f0a_69fa2d3a-689c-47cb-a2de-10f42991161a.jpg/250x188.webp https://prod.pictures.autoscout24.net/listing-images/1fa89192-a3b9-4859-bd33-8d5e78215f0a_28c93468-feb3-4942-a99b-601ac2542eb1.jpg/250x188.webp,52.96009333344531,5009
57d7f326-e8ab-46b7-a8dd-c868963f5189,Nissan,Note,1.5 dCi // CLIMATISATION // JANTES //,Dealer,5999,d,138783,07-2012,4100,https://prod.pictures.autoscout24.net/listing-images/57d7f326-e8ab-46b7-a8dd-c868963f5189_35092f71-4626-4ed0-8c06-ea418bb78083.jpg/250x188.webp https://prod.pictures.autoscout24.net/listing-images/57d7f326-e8ab-46b7-a8dd-c868963f5189_8e018b0b-3fe8-4e10-9ab0-7041c8ca71bb.jpg/250x188.webp https://prod.pictures.autoscout24.net/listing-images/57d7f326-e8ab-46b7-a8dd-c868963f5189_2e6b4a02-1c71-4836-845d-a5835aa0254d.jpg/250x188.webp https://prod.pictures.autoscout24.net/listing-images/57d7f326-e8ab-46b7-a8dd-c868963f5189_494ddb54-37a7-44e7-9431-50ef55f560f9.jpg/250x188.webp https://prod.pictures.autoscout24.net/listing-images/57d7f326-e8ab-46b7-a8dd-c868963f5189_3c51eec3-eaa1-4a66-9aba-e2d28822a593.jpg/250x188.webp https://prod.pictures.autoscout24.net/listing-images/57d7f326-e8ab-46b7-a8dd-c868963f5189_9bdd71de-3f49-49d9-b0a5-35cbfa445bf1.jpg/250x188.webp https://prod.pictures.autoscout24.net/listing-images/57d7f326-e8ab-46b7-a8dd-c868963f5189_35673c77-b706-494d-a235-f73597a22f94.jpg/250x188.webp https://prod.pictures.autoscout24.net/listing-images/57d7f326-e8ab-46b7-a8dd-c868963f5189_dad54b48-f124-4c7f-81ae-df365ae65e1f.jpg/250x188.webp https://prod.pictures.autoscout24.net/listing-images/57d7f326-e8ab-46b7-a8dd-c868963f5189_78d153a2-4ea4-4c9b-8315-9d2fe3d1948b.jpg/250x188.webp https://prod.pictures.autoscout24.net/listing-images/57d7f326-e8ab-46b7-a8dd-c868963f5189_9cd80b63-e8ad-4b00-867f-e29919a5cd9e.jpg/250x188.webp https://prod.pictures.autoscout24.net/listing-images/57d7f326-e8ab-46b7-a8dd-c868963f5189_d77a44be-24a9-4e04-a2bb-57a243086aad.jpg/250x188.webp https://prod.pictures.autoscout24.net/listing-images/57d7f326-e8ab-46b7-a8dd-c868963f5189_14dcaea6-e0ad-4471-bed9-471304154c9c.jpg/250x188.webp https://prod.pictures.autoscout24.net/listing-images/57d7f326-e8ab-46b7-a8dd-c868963f5189_219ac031-8660-49ed-9e2d-9a26530ed371.jpg/250x188.webp https://prod.pictures.autoscout24.net/listing-images/57d7f326-e8ab-46b7-a8dd-c868963f5189_34ae87e1-4000-4d04-afed-14b40fb84d84.jpg/250x188.webp,122.70999344916741,3822
05ed2fb8-db78-4789-8062-5fa1ac2a1cfe,Nissan,Qashqai,Airco*Navi*,Dealer,6000,d,155000,11-2010,8800,https://prod.pictures.autoscout24.net/listing-images/05ed2fb8-db78-4789-8062-5fa1ac2a1cfe_72ec62ce-583e-46cc-b561-50cd4af5b33f.jpg/250x188.webp https://prod.pictures.autoscout24.net/listing-images/05ed2fb8-db78-4789-8062-5fa1ac2a1cfe_93e91dab-96d3-4674-b845-5a1cef8babbc.jpg/250x188.webp https://prod.pictures.autoscout24.net/listing-images/05ed2fb8-db78-4789-8062-5fa1ac2a1cfe_aba700f0-d0ba-4c40-b5a8-14fa138bfc1e.jpg/250x188.webp https://prod.pictures.autoscout24.net/listing-images/05ed2fb8-db78-4789-8062-5fa1ac2a1cfe_931165f6-35c7-43a7-9c43-87819c4a7f16.jpg/250x188.webp https://prod.pictures.autoscout24.net/listing-images/05ed2fb8-db78-4789-8062-5fa1ac2a1cfe_4e091432-2445-4da0-a878-63b2be4fe96f.jpg/250x188.webp https://prod.pictures.autoscout24.net/listing-images/05ed2fb8-db78-4789-8062-5fa1ac2a1cfe_888759ca-6430-4454-86f9-625276cbaf14.jpg/250x188.webp https://prod.pictures.autoscout24.net/listing-images/05ed2fb8-db78-4789-8062-5fa1ac2a1cfe_25f4768c-4d4c-4e3f-8390-8673f7abb77f.jpg/250x188.webp https://prod.pictures.autoscout24.net/listing-images/05ed2fb8-db78-4789-8062-5fa1ac2a1cfe_1bff5737-d341-427e-a4de-16b1d3538163.jpg/250x188.webp https://prod.pictures.autoscout24.net/listing-images/05ed2fb8-db78-4789-8062-5fa1ac2a1cfe_1c8665a3-9e19-482f-91a1-7b29b73f79ba.jpg/250x188.webp https://prod.pictures.autoscout24.net/listing-images/05ed2fb8-db78-4789-8062-5fa1ac2a1cfe_c89c733b-65ac-40e3-a5ea-d16203f5b355.jpg/250x188.webp https://prod.pictures.autoscout24.net/listing-images/05ed2fb8-db78-4789-8062-5fa1ac2a1cfe_06cc4a77-d395-4bac-8ff1-24e4b9145898.jpg/250x188.webp https://prod.pictures.autoscout24.net/listing-images/05ed2fb8-db78-4789-8062-5fa1ac2a1cfe_79974bc3-6d64-4f4e-a83d-5f0f98abfa5c.jpg/250x188.webp https://prod.pictures.autoscout24.net/listing-images/05ed2fb8-db78-4789-8062-5fa1ac2a1cfe_1ec97d62-2c21-4cc4-890e-432d7647a8d7.jpg/250x188.webp,107.24415982689398,4430
b2236f94-c46a-421f-b781-d2d67b155528,Nissan,Navara,,Dealer,6000,d,200000,04-2003,1740,https://prod.pictures.autoscout24.net/listing-images/b2236f94-c46a-421f-b781-d2d67b155528_7ac8742b-9d44-49fc-a974-52dc95be8020.jpg/250x188.webp https://prod.pictures.autoscout24.net/listing-images/b2236f94-c46a-421f-b781-d2d67b155528_3948d0a9-f5a9-4c44-bdd2-061a7d7319d5.jpg/250x188.webp https://prod.pictures.autoscout24.net/listing-images/b2236f94-c46a-421f-b781-d2d67b155528_ee6bae95-bdae-4c3c-a73c-4d1b7f6197a6.jpg/250x188.webp https://prod.pictures.autoscout24.net/listing-images/b2236f94-c46a-421f-b781-d2d67b155528_f0151bbe-9186-4fe5-baec-7ce111f8167d.jpg/250x188.webp https://prod.pictures.autoscout24.net/listing-images/b2236f94-c46a-421f-b781-d2d67b155528_f5e5e37a-02e4-4d50-b617-e31d409beebf.jpg/250x188.webp https://prod.pictures.autoscout24.net/listing-images/b2236f94-c46a-421f-b781-d2d67b155528_8e09f6ce-03fd-4901-ae1e-d54d5cc9c99e.jpg/250x188.webp https://prod.pictures.autoscout24.net/listing-images/b2236f94-c46a-421f-b781-d2d67b155528_9c6eddeb-6d9f-44e4-9f27-de6b79750561.jpg/250x188.webp https://prod.pictures.autoscout24.net/listing-images/b2236f94-c46a-421f-b781-d2d67b155528_e5c46295-8640-4e8b-8cac-aa487b21fdc2.jpg/250x188.webp https://prod.pictures.autoscout24.net/listing-images/b2236f94-c46a-421f-b781-d2d67b155528_a70a01e6-4cf6-4404-80d8-032800a2a376.jpg/250x188.webp https://prod.pictures.autoscout24.net/listing-images/b2236f94-c46a-421f-b781-d2d67b155528_16d2e11e-c414-45de-9f5a-e90156358469.jpg/250x188.webp https://prod.pictures.autoscout24.net/listing-images/b2236f94-c46a-421f-b781-d2d67b155528_92180fd7-640d-4e5c-8331-954ebe46de9c.jpg/250x188.webp https://prod.pictures.autoscout24.net/listing-images/b2236f94-c46a-421f-b781-d2d67b155528_50220c7a-5371-411a-8835-ccdac6b34b13.jpg/250x188.webp,70.11361067497609,7201
7f70fbd6-7f87-4d9f-b7c4-c64d806e230b,Nissan,NV200,1.5 dci,PrivateSeller,6000,d,149000,09-2014,7100,https://prod.pictures.autoscout24.net/listing-images/7f70fbd6-7f87-4d9f-b7c4-c64d806e230b_58dcddbe-01c0-4dd2-a9d5-d87114a8146b.jpg/250x188.webp https://prod.pictures.autoscout24.net/listing-images/7f70fbd6-7f87-4d9f-b7c4-c64d806e230b_fa2071e7-b6c3-41be-ad34-c06aa5a8ae61.jpg/250x188.webp https://prod.pictures.autoscout24.net/listing-images/7f70fbd6-7f87-4d9f-b7c4-c64d806e230b_6a8c34c9-2f51-4ca0-ab45-b3b04c9bb742.jpg/250x188.webp https://prod.pictures.autoscout24.net/listing-images/7f70fbd6-7f87-4d9f-b7c4-c64d806e230b_ec675cce-09d1-4747-9de5-63c668c95e25.jpg/250x188.webp https://prod.pictures.autoscout24.net/listing-images/7f70fbd6-7f87-4d9f-b7c4-c64d806e230b_99646be2-2b70-47f4-a778-62097640bab2.jpg/250x188.webp https://prod.pictures.autoscout24.net/listing-images/7f70fbd6-7f87-4d9f-b7c4-c64d806e230b_e1e8fb0d-d92c-41b7-bed1-4c3f06ec7484.jpg/250x188.webp https://prod.pictures.autoscout24.net/listing-images/7f70fbd6-7f87-4d9f-b7c4-c64d806e230b_6ad192d8-7309-42ad-9de6-44ed26326566.jpg/250x188.webp,111.04432979756132,3030
9295ced7-6ddf-4c7c-8e95-adc441fcd343,Nissan,Terrano,2.7 TDi Luxe,PrivateSeller,6000,d,160000,07-2005,1936,https://prod.pictures.autoscout24.net/listing-images/9295ced7-6ddf-4c7c-8e95-adc441fcd343_bb7b9f2f-0040-4bdc-92ce-fab789d56bd7.jpg/250x188.webp https://prod.pictures.autoscout24.net/listing-images/9295ced7-6ddf-4c7c-8e95-adc441fcd343_5b4bfbbc-7f97-439f-b284-d33def6b673b.jpg/250x188.webp https://prod.pictures.autoscout24.net/listing-images/9295ced7-6ddf-4c7c-8e95-adc441fcd343_e980c748-5b38-425f-acb0-a4988c45218d.jpg/250x188.webp https://prod.pictures.autoscout24.net/listing-images/9295ced7-6ddf-4c7c-8e95-adc441fcd343_21a75f65-c180-43af-8cbe-e96da1dab4cb.jpg/250x188.webp https://prod.pictures.autoscout24.net/listing-images/9295ced7-6ddf-4c7c-8e95-adc441fcd343_8c2abf47-6bae-4989-9050-15cf044bf692.jpg/250x188.webp https://prod.pictures.autoscout24.net/listing-images/9295ced7-6ddf-4c7c-8e95-adc441fcd343_33cde76b-8932-41d7-b76f-d648f2266779.jpg/250x188.webp https://prod.pictures.autoscout24.net/listing-images/9295ced7-6ddf-4c7c-8e95-adc441fcd343_2963c65f-7fa0-40bf-be78-4580d147ed2c.jpg/250x188.webp,,6379
193b0d38-70a5-475c-8de5-05adcf522295,Nissan,Micra,1.2i 25th Anniversary+ Connect,PrivateSeller,6000,b,26730,09-2009,1742,https://prod.pictures.autoscout24.net/listing-images/193b0d38-70a5-475c-8de5-05adcf522295_fc6702a1-ddca-45d6-9da1-2757bc10330f.jpg/250x188.webp https://prod.pictures.autoscout24.net/listing-images/193b0d38-70a5-475c-8de5-05adcf522295_db15983a-8e8f-4e55-8481-c85a70b93648.jpg/250x188.webp https://prod.pictures.autoscout24.net/listing-images/193b0d38-70a5-475c-8de5-05adcf522295_6d15cbc7-6bcd-459c-98d9-bba39b63a533.jpg/250x188.webp https://prod.pictures.autoscout24.net/listing-images/193b0d38-70a5-475c-8de5-05adcf522295_e31cb8ec-309e-47a9-8fd0-9e6ac70a2797.jpg/250x188.webp https://prod.pictures.autoscout24.net/listing-images/193b0d38-70a5-475c-8de5-05adcf522295_76d5e082-a37a-4f06-8b39-6806f5c523eb.jpg/250x188.webp https://prod.pictures.autoscout24.net/listing-images/193b0d38-70a5-475c-8de5-05adcf522295_c8320389-eed9-413d-9296-8b78a7d9189e.jpg/250x188.webp https://prod.pictures.autoscout24.net/listing-images/193b0d38-70a5-475c-8de5-05adcf522295_93e1b3f6-407e-4325-8098-e5a926a78290.jpg/250x188.webp https://prod.pictures.autoscout24.net/listing-images/193b0d38-70a5-475c-8de5-05adcf522295_4858ac4b-068c-44a6-b654-7de28a0fa20e.jpg/250x188.webp https://prod.pictures.autoscout24.net/listing-images/193b0d38-70a5-475c-8de5-05adcf522295_df2745c1-fbc5-460b-9b07-a13ff5919b93.jpg/250x188.webp,69.69838599851911,4856
cb2cd99f-7207-4a1c-96b7-73bece3ff3f3,Nissan,Note,1.2i Visia,Dealer,6100,b,109000,09-2015,1731,,64.67551938133373,2665
8b76d999-dacb-4f63-857c-53c7f3885deb,Nissan,Pick Up,2.5 Turbo Di Navara 4x4,Dealer,6100,d,256000,11-2004,1080,https://prod.pictures.autoscout24.net/listing-images/8b76d999-dacb-4f63-857c-53c7f3885deb_da3cd92b-cf95-4425-a975-341f977e1584.jpg/250x188.webp https://prod.pictures.autoscout24.net/listing-images/8b76d999-dacb-4f63-857c-53c7f3885deb_86c9b2bd-8f3f-4e83-9dd4-57651b64b8f6.jpg/250x188.webp https://prod.pictures.autoscout24.net/listing-images/8b76d999-dacb-4f63-857c-53c7f3885deb_4d3478b6-994b-4a80-b8f4-1c85424eac6c.jpg/250x188.webp https://prod.pictures.autoscout24.net/listing-images/8b76d999-dacb-4f63-857c-53c7f3885deb_9ef06615-1949-4463-bae5-5d1ade78a144.jpg/250x188.webp https://prod.pictures.autoscout24.net/listing-images/8b76d999-dacb-4f63-857c-53c7f3885deb_908cfa2e-aa00-49d8-b349-4c65c9c63f82.jpg/250x188.webp https://prod.pictures.autoscout24.net/listing-images/8b76d999-dacb-4f63-857c-53c7f3885deb_ae3f38d7-cfba-46e8-bdef-01264ff0b851.jpg/250x188.webp https://prod.pictures.autoscout24.net/listing-images/8b76d999-dacb-4f63-857c-53c7f3885deb_2406376d-4987-4c46-9d82-e68d55b18e83.jpg/250x188.webp https://prod.pictures.autoscout24.net/listing-images/8b76d999-dacb-4f63-857c-53c7f3885deb_a7890245-de65-42aa-9114-dc495d5b0c6f.jpg/250x188.webp https://prod.pictures.autoscout24.net/listing-images/8b76d999-dacb-4f63-857c-53c7f3885deb_a4aa63e9-b4df-4502-be72-89635c9be892.jpg/250x188.webp https://prod.pictures.autoscout24.net/listing-images/8b76d999-dacb-4f63-857c-53c7f3885deb_56cbcaee-20fe-4eb6-84cd-3ca2990630cb.jpg/250x188.webp https://prod.pictures.autoscout24.net/listing-images/8b76d999-dacb-4f63-857c-53c7f3885deb_9994e70f-3a38-4ffe-b95d-04398439f55d.jpg/250x188.webp https://prod.pictures.autoscout24.net/listing-images/8b76d999-dacb-4f63-857c-53c7f3885deb_854e903c-7ea9-493f-8208-7baf55b5d1be.jpg/250x188.webp https://prod.pictures.autoscout24.net/listing-images/8b76d999-dacb-4f63-857c-53c7f3885deb_aeaba07e-4d78-4451-b3d6-6d2fb6c7adbd.jpg/250x188.webp,69.57979227671277,6621
892802a2-6540-4267-8d6c-ff399ec1e727,Nissan,Patrol,3.0 DDTi // 7places // 4WD // Aut // Export,Dealer,6200,d,364000,04-2001,1070,https://prod.pictures.autoscout24.net/listing-images/892802a2-6540-4267-8d6c-ff399ec1e727_35d8ccfe-53c8-47c3-832b-8f594a5a8d30.jpg/250x188.webp https://prod.pictures.autoscout24.net/listing-images/892802a2-6540-4267-8d6c-ff399ec1e727_0e7891fd-5e38-4379-80bd-494ad2458c76.jpg/250x188.webp https://prod.pictures.autoscout24.net/listing-images/892802a2-6540-4267-8d6c-ff399ec1e727_e828764d-3659-452b-b1c4-859e46922430.jpg/250x188.webp https://prod.pictures.autoscout24.net/listing-images/892802a2-6540-4267-8d6c-ff399ec1e727_7dd24ef4-4c90-4723-9b5a-6418f1ad9be5.jpg/250x188.webp https://prod.pictures.autoscout24.net/listing-images/892802a2-6540-4267-8d6c-ff399ec1e727_1714d1bc-7f73-4e5d-b24e-fcb7bd0e677c.jpg/250x188.webp https://prod.pictures.autoscout24.net/listing-images/892802a2-6540-4267-8d6c-ff399ec1e727_421a9d39-0ee1-4361-9cc1-ea55fcc1c238.jpg/250x188.webp https://prod.pictures.autoscout24.net/listing-images/892802a2-6540-4267-8d6c-ff399ec1e727_96b69451-b7bb-42c1-a103-a5ffc48af640.jpg/250x188.webp https://prod.pictures.autoscout24.net/listing-images/892802a2-6540-4267-8d6c-ff399ec1e727_1324f5f2-54e5-444a-a543-418fdb2cdffd.jpg/250x188.webp https://prod.pictures.autoscout24.net/listing-images/892802a2-6540-4267-8d6c-ff399ec1e727_5b6056a6-07ae-41f0-aa27-020c637e6bbc.jpg/250x188.webp https://prod.pictures.autoscout24.net/listing-images/892802a2-6540-4267-8d6c-ff399ec1e727_c851c9fa-9988-465d-8c87-19345e3e4e4e.jpg/250x188.webp https://prod.pictures.autoscout24.net/listing-images/892802a2-6540-4267-8d6c-ff399ec1e727_8bb0376c-7e68-4dc2-9eec-9e47ebcc069a.jpg/250x188.webp https://prod.pictures.autoscout24.net/listing-images/892802a2-6540-4267-8d6c-ff399ec1e727_1844a97b-1131-4d88-8a97-97e749fb5b1e.jpg/250x188.webp https://prod.pictures.autoscout24.net/listing-images/892802a2-6540-4267-8d6c-ff399ec1e727_f9679263-b239-4a04-8a9f-dc81ed98da9e.jpg/250x188.webp https://prod.pictures.autoscout24.net/listing-images/892802a2-6540-4267-8d6c-ff399ec1e727_b259760f-2fa3-400f-ae3e-accd770b0929.jpg/250x188.webp https://prod.pictures.autoscout24.net/listing-images/892802a2-6540-4267-8d6c-ff399ec1e727_a198cd2f-d64f-4ff1-a4c8-1ffb7f503d62.jpg/250x188.webp https://prod.pictures.autoscout24.net/listing-images/892802a2-6540-4267-8d6c-ff399ec1e727_8d663fdd-5874-4517-9516-839cd4cefeab.jpg/250x188.webp https://prod.pictures.autoscout24.net/listing-images/892802a2-6540-4267-8d6c-ff399ec1e727_c88f9597-1115-4bca-a4db-11d60bb30a60.jpg/250x188.webp https://prod.pictures.autoscout24.net/listing-images/892802a2-6540-4267-8d6c-ff399ec1e727_124417d3-d534-4638-a862-a10a0186575f.jpg/250x188.webp,71.06367211068877,7931
b0a7df4f-e9c6-4783-b99b-d9c66b950572,Nissan,Qashqai,1.5 dCi Tekna-GPS-Camera-Toit pano,Dealer,6200,d,225000,02-2011,4700,https://prod.pictures.autoscout24.net/listing-images/b0a7df4f-e9c6-4783-b99b-d9c66b950572_55886be7-8fe8-4b85-b2e2-4b079ebc7538.jpg/250x188.webp https://prod.pictures.autoscout24.net/listing-images/b0a7df4f-e9c6-4783-b99b-d9c66b950572_acc3db7e-5b80-4183-95b7-eb6ee88895c4.jpg/250x188.webp https://prod.pictures.autoscout24.net/listing-images/b0a7df4f-e9c6-4783-b99b-d9c66b950572_45e5f9a5-ce93-4dc4-8ac8-8dcc0cc66139.jpg/250x188.webp https://prod.pictures.autoscout24.net/listing-images/b0a7df4f-e9c6-4783-b99b-d9c66b950572_17e0028e-833c-41b2-951b-95445a32e46c.jpg/250x188.webp https://prod.pictures.autoscout24.net/listing-images/b0a7df4f-e9c6-4783-b99b-d9c66b950572_e1396ecf-2158-4182-b1fc-634957a1b0ef.jpg/250x188.webp https://prod.pictures.autoscout24.net/listing-images/b0a7df4f-e9c6-4783-b99b-d9c66b950572_13f32a72-efcc-4c68-9ba1-42eb6bbc5c4b.jpg/250x188.webp https://prod.pictures.autoscout24.net/listing-images/b0a7df4f-e9c6-4783-b99b-d9c66b950572_173457a2-8509-4006-8edd-de9080c7ca53.jpg/250x188.webp https://prod.pictures.autoscout24.net/listing-images/b0a7df4f-e9c6-4783-b99b-d9c66b950572_52113e52-2387-40ed-aab7-a123308baff8.jpg/250x188.webp https://prod.pictures.autoscout24.net/listing-images/b0a7df4f-e9c6-4783-b99b-d9c66b950572_d15f8569-7e75-4350-80fd-3ab937b81d69.jpg/250x188.webp https://prod.pictures.autoscout24.net/listing-images/b0a7df4f-e9c6-4783-b99b-d9c66b950572_7fafbc54-9ecd-404f-b14c-fc375688427c.jpg/250x188.webp https://prod.pictures.autoscout24.net/listing-images/b0a7df4f-e9c6-4783-b99b-d9c66b950572_7d6250cc-f855-48b0-8fde-0460788be485.jpg/250x188.webp https://prod.pictures.autoscout24.net/listing-images/b0a7df4f-e9c6-4783-b99b-d9c66b950572_bcfd51eb-022e-46d0-aaa9-b3d952ffb3dc.jpg/250x188.webp https://prod.pictures.autoscout24.net/listing-images/b0a7df4f-e9c6-4783-b99b-d9c66b950572_9c45f794-e7e3-4be4-a30e-0fe7b8cf34b2.jpg/250x188.webp,143.97766881241236,4338
f45686fb-62b5-4312-bbf8-c213aa9076e0,Nissan,Qashqai+2,1.6i 2WD Urban Edition,Dealer,6250,b,215000,10-2009,1730,https://prod.pictures.autoscout24.net/listing-images/f45686fb-62b5-4312-bbf8-c213aa9076e0_bce5fc29-4d63-40cd-a7fc-f307eb293742.jpg/250x188.webp https://prod.pictures.autoscout24.net/listing-images/f45686fb-62b5-4312-bbf8-c213aa9076e0_d47f7253-c9bf-4c6d-a00a-be9ec662d4b3.jpg/250x188.webp https://prod.pictures.autoscout24.net/listing-images/f45686fb-62b5-4312-bbf8-c213aa9076e0_6d119ffd-9f65-422d-a485-e3064c6facad.jpg/250x188.webp https://prod.pictures.autoscout24.net/listing-images/f45686fb-62b5-4312-bbf8-c213aa9076e0_e43ef2c3-2fb1-4a19-8bef-3d53f9efbed0.jpg/250x188.webp https://prod.pictures.autoscout24.net/listing-images/f45686fb-62b5-4312-bbf8-c213aa9076e0_6ccd5816-24b7-4d61-9fa1-a4c705f0aa42.jpg/250x188.webp https://prod.pictures.autoscout24.net/listing-images/f45686fb-62b5-4312-bbf8-c213aa9076e0_2a8aa86c-eb17-4a55-a6f8-25c0faa0e05e.jpg/250x188.webp https://prod.pictures.autoscout24.net/listing-images/f45686fb-62b5-4312-bbf8-c213aa9076e0_0d0ef2c5-e5c0-4956-9235-4b19e1fbf10a.jpg/250x188.webp https://prod.pictures.autoscout24.net/listing-images/f45686fb-62b5-4312-bbf8-c213aa9076e0_e88b3d23-68a7-4996-8067-4152bd59ade7.jpg/250x188.webp https://prod.pictures.autoscout24.net/listing-images/f45686fb-62b5-4312-bbf8-c213aa9076e0_8f32caed-6b8f-4be9-9b2e-d57e5629f481.jpg/250x188.webp https://prod.pictures.autoscout24.net/listing-images/f45686fb-62b5-4312-bbf8-c213aa9076e0_b1c09fe0-d85b-45a5-9814-e26dfe0b91d5.jpg/250x188.webp https://prod.pictures.autoscout24.net/listing-images/f45686fb-62b5-4312-bbf8-c213aa9076e0_b2d8c5da-d351-4f5e-94af-49fb4fc00b8f.jpg/250x188.webp https://prod.pictures.autoscout24.net/listing-images/f45686fb-62b5-4312-bbf8-c213aa9076e0_5db4677c-f0df-4081-b775-797abeb6f4e1.jpg/250x188.webp https://prod.pictures.autoscout24.net/listing-images/f45686fb-62b5-4312-bbf8-c213aa9076e0_e1fcdcc8-a6b8-4de1-9347-5b69eefa2c33.jpg/250x188.webp https://prod.pictures.autoscout24.net/listing-images/f45686fb-62b5-4312-bbf8-c213aa9076e0_bb57aaa5-3b54-4390-a5fc-541fa87dfe26.jpg/250x188.webp https://prod.pictures.autoscout24.net/listing-images/f45686fb-62b5-4312-bbf8-c213aa9076e0_74a0344d-9235-4964-ae22-7deb82ce9d66.jpg/250x188.webp,61.98157406185932,4826
977faffb-1d56-4391-80f8-2d41e268e0db,Nissan,Qashqai,1.5 dCi 2WD Tekna+Nissan Connect,Dealer,6399,d,207971,08-2010,1600,https://prod.pictures.autoscout24.net/listing-images/977faffb-1d56-4391-80f8-2d41e268e0db_78b508a6-d67d-4ef6-832e-6c0fea3211e4.jpg/250x188.webp https://prod.pictures.autoscout24.net/listing-images/977faffb-1d56-4391-80f8-2d41e268e0db_08be6190-000a-483b-b79f-bda453fb55af.jpg/250x188.webp https://prod.pictures.autoscout24.net/listing-images/977faffb-1d56-4391-80f8-2d41e268e0db_f58d82a2-d5b6-4d49-9b6a-e901b3078bac.jpg/250x188.webp https://prod.pictures.autoscout24.net/listing-images/977faffb-1d56-4391-80f8-2d41e268e0db_7558c0e3-2326-4767-aece-b5ddb405ba7d.jpg/250x188.webp https://prod.pictures.autoscout24.net/listing-images/977faffb-1d56-4391-80f8-2d41e268e0db_425fb441-0028-4ddc-b316-5a3d3b969b9e.jpg/250x188.webp https://prod.pictures.autoscout24.net/listing-images/977faffb-1d56-4391-80f8-2d41e268e0db_11f163fd-e5c2-4679-ac19-de28abff9ac0.jpg/250x188.webp https://prod.pictures.autoscout24.net/listing-images/977faffb-1d56-4391-80f8-2d41e268e0db_88967a5a-dc85-46ed-b9ac-7c9019997129.jpg/250x188.webp https://prod.pictures.autoscout24.net/listing-images/977faffb-1d56-4391-80f8-2d41e268e0db_7f9aa038-6da7-4f98-a91a-7aeb33cb30d6.jpg/250x188.webp https://prod.pictures.autoscout24.net/listing-images/977faffb-1d56-4391-80f8-2d41e268e0db_12f1a27c-c7cd-4a9f-a743-de5739029200.jpg/250x188.webp https://prod.pictures.autoscout24.net/listing-images/977faffb-1d56-4391-80f8-2d41e268e0db_c953336d-0949-43cd-9c1e-c8bc6a0e90eb.jpg/250x188.webp https://prod.pictures.autoscout24.net/listing-images/977faffb-1d56-4391-80f8-2d41e268e0db_cc9bfa31-2760-4017-be3c-c339bc83dd9a.jpg/250x188.webp https://prod.pictures.autoscout24.net/listing-images/977faffb-1d56-4391-80f8-2d41e268e0db_55c9b640-1ab6-4a55-95bb-67de697b798b.jpg/250x188.webp https://prod.pictures.autoscout24.net/listing-images/977faffb-1d56-4391-80f8-2d41e268e0db_e08887ce-5259-475c-9bdc-df9eb60373fc.jpg/250x188.webp https://prod.pictures.autoscout24.net/listing-images/977faffb-1d56-4391-80f8-2d41e268e0db_ffd48392-e235-4f91-8c25-97d3786d3e4e.jpg/250x188.webp https://prod.pictures.autoscout24.net/listing-images/977faffb-1d56-4391-80f8-2d41e268e0db_a5d6dc13-c6bb-4805-af06-6593414230c3.jpg/250x188.webp,78.61296004280759,4522
48b6475a-5e06-4794-bd51-ead829e68a97,Nissan,Micra,Acenta,PrivateSeller,6400,b,46900,08-2015,1000,https://prod.pictures.autoscout24.net/listing-images/48b6475a-5e06-4794-bd51-ead829e68a97_afbbc3b9-c423-4c08-b4ff-5c08bdc2c71a.jpg/250x188.webp https://prod.pictures.autoscout24.net/listing-images/48b6475a-5e06-4794-bd51-ead829e68a97_ef64374f-2f5b-4f11-adb1-700e2de18f8d.jpg/250x188.webp https://prod.pictures.autoscout24.net/listing-images/48b6475a-5e06-4794-bd51-ead829e68a97_cf4359c9-ee78-4025-865c-5efbb3583732.jpg/250x188.webp https://prod.pictures.autoscout24.net/listing-images/48b6475a-5e06-4794-bd51-ead829e68a97_703ea261-8f6a-4a06-9f5c-a15c8d779a6c.jpg/250x188.webp https://prod.pictures.autoscout24.net/listing-images/48b6475a-5e06-4794-bd51-ead829e68a97_e59ed386-2094-474a-895c-2c5490c6ab14.jpg/250x188.webp https://prod.pictures.autoscout24.net/listing-images/48b6475a-5e06-4794-bd51-ead829e68a97_76938cfb-c09c-4363-b98b-4d89b9f9c6f7.jpg/250x188.webp https://prod.pictures.autoscout24.net/listing-images/48b6475a-5e06-4794-bd51-ead829e68a97_f1715b31-6f9b-44a4-9513-767e4175f67a.jpg/250x188.webp https://prod.pictures.autoscout24.net/listing-images/48b6475a-5e06-4794-bd51-ead829e68a97_c62ce1ca-7e5b-42a3-8e20-64e090938e7a.jpg/250x188.webp https://prod.pictures.autoscout24.net/listing-images/48b6475a-5e06-4794-bd51-ead829e68a97_0e12c00d-829e-4441-8106-a4d6ec5718d8.jpg/250x188.webp https://prod.pictures.autoscout24.net/listing-images/48b6475a-5e06-4794-bd51-ead829e68a97_a9e66204-5958-48d6-9aff-9a7cd4c12efe.jpg/250x188.webp https://prod.pictures.autoscout24.net/listing-images/48b6475a-5e06-4794-bd51-ead829e68a97_74255367-1d9e-4bd5-95ea-46c3fa4d29ab.jpg/250x188.webp https://prod.pictures.autoscout24.net/listing-images/48b6475a-5e06-4794-bd51-ead829e68a97_f650aeed-b71c-4ac6-ae18-c7e6602bbfda.jpg/250x188.webp https://prod.pictures.autoscout24.net/listing-images/48b6475a-5e06-4794-bd51-ead829e68a97_6da0e401-d62c-4291-a698-127a6a3edabc.jpg/250x188.webp https://prod.pictures.autoscout24.net/listing-images/48b6475a-5e06-4794-bd51-ead829e68a97_445edaea-a16a-4365-b5d2-156b8075abc9.jpg/250x188.webp,69.17270624549755,2696
fb195909-c004-4746-9037-e820642dc5b3,Nissan,Qashqai+2,1.6 dCi 2WD Urban Edition/7pl/2013,Dealer,6450,d,239500,10-2013,9150,https://prod.pictures.autoscout24.net/listing-images/fb195909-c004-4746-9037-e820642dc5b3_7757d4a4-a4f5-49fb-b3c5-aa652752c38d.jpg/250x188.webp https://prod.pictures.autoscout24.net/listing-images/fb195909-c004-4746-9037-e820642dc5b3_54a0544f-d5c6-4a6f-9a78-b3ab42740a51.jpg/250x188.webp https://prod.pictures.autoscout24.net/listing-images/fb195909-c004-4746-9037-e820642dc5b3_134d0229-b637-4999-93da-3033de7345f5.jpg/250x188.webp https://prod.pictures.autoscout24.net/listing-images/fb195909-c004-4746-9037-e820642dc5b3_b7ab4b70-dfd9-4b66-8a5f-dc7fd297b79d.jpg/250x188.webp https://prod.pictures.autoscout24.net/listing-images/fb195909-c004-4746-9037-e820642dc5b3_aceb9097-e13d-414f-8d08-3d6fffd8ebd3.jpg/250x188.webp https://prod.pictures.autoscout24.net/listing-images/fb195909-c004-4746-9037-e820642dc5b3_5015aef3-b092-4c8d-bbe7-fdc0bc637b26.jpg/250x188.webp https://prod.pictures.autoscout24.net/listing-images/fb195909-c004-4746-9037-e820642dc5b3_001c1cc6-4d0b-4d1e-ad4d-aa179c3f8f70.jpg/250x188.webp https://prod.pictures.autoscout24.net/listing-images/fb195909-c004-4746-9037-e820642dc5b3_0b4ee077-11d7-4c78-a1ce-83841ad1c01c.jpg/250x188.webp https://prod.pictures.autoscout24.net/listing-images/fb195909-c004-4746-9037-e820642dc5b3_ed3aa32f-fbc1-4c66-acfa-47c51cb35016.jpg/250x188.webp https://prod.pictures.autoscout24.net/listing-images/fb195909-c004-4746-9037-e820642dc5b3_d74a4d9d-346d-44ca-88b1-45528f17b33c.jpg/250x188.webp https://prod.pictures.autoscout24.net/listing-images/fb195909-c004-4746-9037-e820642dc5b3_9565ca91-89f0-4fdf-8970-24816e64e437.jpg/250x188.webp https://prod.pictures.autoscout24.net/listing-images/fb195909-c004-4746-9037-e820642dc5b3_19a88ae7-0e0d-456f-a02f-440c93623be9.jpg/250x188.webp https://prod.pictures.autoscout24.net/listing-images/fb195909-c004-4746-9037-e820642dc5b3_429f0801-4efc-49eb-8ea1-6e21d44f3802.jpg/250x188.webp https://prod.pictures.autoscout24.net/listing-images/fb195909-c004-4746-9037-e820642dc5b3_1d51eac4-9ce6-45bf-bf7b-e90440d3d756.jpg/250x188.webp https://prod.pictures.autoscout24.net/listing-images/fb195909-c004-4746-9037-e820642dc5b3_d3b654ae-6b47-4f57-9a39-d86246b07265.jpg/250x188.webp https://prod.pictures.autoscout24.net/listing-images/fb195909-c004-4746-9037-e820642dc5b3_8eccf4d6-c365-4bc3-8eac-9eba6f96564f.jpg/250x188.webp https://prod.pictures.autoscout24.net/listing-images/fb195909-c004-4746-9037-e820642dc5b3_22beb1a4-e542-4dfe-ade7-f0a0e4b71cda.jpg/250x188.webp,35.01618584808545,3365
a04b453c-def9-42ca-b93c-b7d6189644a7,Nissan,Micra,1.2i Connect,PrivateSeller,6450,b,120000,06-2011,1140,https://prod.pictures.autoscout24.net/listing-images/a04b453c-def9-42ca-b93c-b7d6189644a7_9ae8679c-661c-49af-be47-88edabfdd36e.jpg/250x188.webp https://prod.pictures.autoscout24.net/listing-images/a04b453c-def9-42ca-b93c-b7d6189644a7_40adb40e-0a89-4599-9f72-37b637400c82.jpg/250x188.webp https://prod.pictures.autoscout24.net/listing-images/a04b453c-def9-42ca-b93c-b7d6189644a7_48d75a11-7664-4af3-bcf6-438e9fa1acfe.jpg/250x188.webp https://prod.pictures.autoscout24.net/listing-images/a04b453c-def9-42ca-b93c-b7d6189644a7_22bfa77b-90cc-40c6-bba2-294778bc9f0d.jpg/250x188.webp https://prod.pictures.autoscout24.net/listing-images/a04b453c-def9-42ca-b93c-b7d6189644a7_08d40aee-e19d-41b4-8dd6-277a681f00f4.jpg/250x188.webp https://prod.pictures.autoscout24.net/listing-images/a04b453c-def9-42ca-b93c-b7d6189644a7_3cd7bc16-95a7-4c4d-872e-138967ce4529.jpg/250x188.webp https://prod.pictures.autoscout24.net/listing-images/a04b453c-def9-42ca-b93c-b7d6189644a7_5ebf3822-e766-4b81-a78a-b894a2eb0a68.jpg/250x188.webp https://prod.pictures.autoscout24.net/listing-images/a04b453c-def9-42ca-b93c-b7d6189644a7_68808ceb-89af-439a-b428-d3b5d06e97e8.jpg/250x188.webp,66.17447866127165,4218
7d663ec0-6108-4fa4-9222-d9c57cbc30fa,Nissan,Note,1.5 dCi A/C - 1ère main -(Carnet AGENT NISSAN)-,Dealer,6490,d,110203,12-2011,7380,https://prod.pictures.autoscout24.net/listing-images/7d663ec0-6108-4fa4-9222-d9c57cbc30fa_715c6a27-78e3-4f1a-85b9-8464a202c8c0.jpg/250x188.webp https://prod.pictures.autoscout24.net/listing-images/7d663ec0-6108-4fa4-9222-d9c57cbc30fa_b200cbbe-9462-4a91-88f3-4e299f13e081.jpg/250x188.webp https://prod.pictures.autoscout24.net/listing-images/7d663ec0-6108-4fa4-9222-d9c57cbc30fa_0ae9c4f1-8ae1-4eb0-889d-1b973ecfa7b1.jpg/250x188.webp https://prod.pictures.autoscout24.net/listing-images/7d663ec0-6108-4fa4-9222-d9c57cbc30fa_a63f5013-09fe-475d-b611-730d14b804c3.jpg/250x188.webp https://prod.pictures.autoscout24.net/listing-images/7d663ec0-6108-4fa4-9222-d9c57cbc30fa_12689f79-c2e3-4fe8-b340-3507c16a9a2c.jpg/250x188.webp https://prod.pictures.autoscout24.net/listing-images/7d663ec0-6108-4fa4-9222-d9c57cbc30fa_909a80ff-4f70-41cb-870d-53167e8e0cbd.jpg/250x188.webp https://prod.pictures.autoscout24.net/listing-images/7d663ec0-6108-4fa4-9222-d9c57cbc30fa_eae7df9d-e473-4152-a99f-f0ad28daaf11.jpg/250x188.webp https://prod.pictures.autoscout24.net/listing-images/7d663ec0-6108-4fa4-9222-d9c57cbc30fa_0fda9254-f737-4c59-bcc4-89b4cad344cc.jpg/250x188.webp https://prod.pictures.autoscout24.net/listing-images/7d663ec0-6108-4fa4-9222-d9c57cbc30fa_688a6847-a0e5-48ad-a1e9-96357c25ce2a.jpg/250x188.webp https://prod.pictures.autoscout24.net/listing-images/7d663ec0-6108-4fa4-9222-d9c57cbc30fa_5b41fe2b-2a8c-4cfc-bb23-aafeda07c5fa.jpg/250x188.webp https://prod.pictures.autoscout24.net/listing-images/7d663ec0-6108-4fa4-9222-d9c57cbc30fa_adb51284-6c3d-490f-92ee-9f4294010eb0.jpg/250x188.webp https://prod.pictures.autoscout24.net/listing-images/7d663ec0-6108-4fa4-9222-d9c57cbc30fa_5fd83f02-7270-4c50-9f83-632b3f07207a.jpg/250x188.webp https://prod.pictures.autoscout24.net/listing-images/7d663ec0-6108-4fa4-9222-d9c57cbc30fa_b55b4b6a-f584-4ec5-9c67-c2635a03a464.jpg/250x188.webp https://prod.pictures.autoscout24.net/listing-images/7d663ec0-6108-4fa4-9222-d9c57cbc30fa_a56da53b-4f8c-4ee5-a4eb-684379439ec2.jpg/250x188.webp https://prod.pictures.autoscout24.net/listing-images/7d663ec0-6108-4fa4-9222-d9c57cbc30fa_77414623-40cc-44c8-9574-c627afe7068a.jpg/250x188.webp,129.95614046754844,4035
323d670a-a29a-4ad7-9275-7386ff12255c,Nissan,Micra,1.2i Acenta/airvo/12M garantie/,Dealer,6499,b,40946,10-2012,1440,,88.54751756589805,3730
03396eeb-a908-4fa4-8fc9-fb24628665c8,Nissan,Qashqai+2,2.0i 2WD/Auto Airco/Pano Dak/7-Seats/GPS,Dealer,6500,b,170000,10-2009,9200,https://prod.pictures.autoscout24.net/listing-images/03396eeb-a908-4fa4-8fc9-fb24628665c8_4ae9571a-eecf-47be-95f9-ce94fc4be9c9.jpg/250x188.webp https://prod.pictures.autoscout24.net/listing-images/03396eeb-a908-4fa4-8fc9-fb24628665c8_24b58ab7-0e70-4993-acab-28fe0f3e22cc.jpg/250x188.webp https://prod.pictures.autoscout24.net/listing-images/03396eeb-a908-4fa4-8fc9-fb24628665c8_68cba54b-f6d4-4fcb-8ea4-b2777df534e0.jpg/250x188.webp https://prod.pictures.autoscout24.net/listing-images/03396eeb-a908-4fa4-8fc9-fb24628665c8_c061b61e-81fe-4da3-acd6-9544aacb01b5.jpg/250x188.webp https://prod.pictures.autoscout24.net/listing-images/03396eeb-a908-4fa4-8fc9-fb24628665c8_8e93ac44-0ce9-4b70-9643-f08c4d0b491f.jpg/250x188.webp https://prod.pictures.autoscout24.net/listing-images/03396eeb-a908-4fa4-8fc9-fb24628665c8_f23a0231-e4a9-4451-add7-4245075f3a7f.jpg/250x188.webp https://prod.pictures.autoscout24.net/listing-images/03396eeb-a908-4fa4-8fc9-fb24628665c8_649d7164-453b-4154-8e4e-47f7d73a14a4.jpg/250x188.webp https://prod.pictures.autoscout24.net/listing-images/03396eeb-a908-4fa4-8fc9-fb24628665c8_b0bf7123-1058-46a6-8575-21f1de2c0628.jpg/250x188.webp,55.33414746561007,4826
4dd1226d-e48b-43ea-a0b2-beeaa089d15c,Nissan,Cabstar,// 131000 km // PRIX MARCHAND //,Dealer,6500,d,131000,10-2007,1700,https://prod.pictures.autoscout24.net/listing-images/4dd1226d-e48b-43ea-a0b2-beeaa089d15c_bb447b40-617c-4005-b270-97d10c9e8aea.jpg/250x188.webp https://prod.pictures.autoscout24.net/listing-images/4dd1226d-e48b-43ea-a0b2-beeaa089d15c_aacdbd7c-198f-49bd-b173-89e3b1633354.jpg/250x188.webp https://prod.pictures.autoscout24.net/listing-images/4dd1226d-e48b-43ea-a0b2-beeaa089d15c_f809fdb1-6cfe-4f09-a002-4244b5688cb0.jpg/250x188.webp https://prod.pictures.autoscout24.net/listing-images/4dd1226d-e48b-43ea-a0b2-beeaa089d15c_ae3c5432-fdca-4c92-91d6-42dcaf1e2824.jpg/250x188.webp https://prod.pictures.autoscout24.net/listing-images/4dd1226d-e48b-43ea-a0b2-beeaa089d15c_e4826203-821a-497e-94dd-a9a82fbd6158.jpg/250x188.webp https://prod.pictures.autoscout24.net/listing-images/4dd1226d-e48b-43ea-a0b2-beeaa089d15c_67a9a7b5-7f23-43c2-82ea-f19f567b41ab.jpg/250x188.webp https://prod.pictures.autoscout24.net/listing-images/4dd1226d-e48b-43ea-a0b2-beeaa089d15c_ddebf1b3-b553-4bee-abf6-daf6694c622a.jpg/250x188.webp https://prod.pictures.autoscout24.net/listing-images/4dd1226d-e48b-43ea-a0b2-beeaa089d15c_57e7b903-d3a8-4eff-9198-ee59f18ff1d3.jpg/250x188.webp https://prod.pictures.autoscout24.net/listing-images/4dd1226d-e48b-43ea-a0b2-beeaa089d15c_71eef897-47a2-4751-afa6-3ffa4ccbb928.jpg/250x188.webp https://prod.pictures.autoscout24.net/listing-images/4dd1226d-e48b-43ea-a0b2-beeaa089d15c_bd2cf787-eb05-4e2e-82bf-453c022f2484.jpg/250x188.webp https://prod.pictures.autoscout24.net/listing-images/4dd1226d-e48b-43ea-a0b2-beeaa089d15c_cfbb4661-adb8-4a15-8022-e347959061e0.jpg/250x188.webp https://prod.pictures.autoscout24.net/listing-images/4dd1226d-e48b-43ea-a0b2-beeaa089d15c_09e8f7c4-518b-43e6-889c-3c418879afee.jpg/250x188.webp,70.90697373704198,5557
25e1fc0e-1354-4039-bc3f-04493d667b5b,Nissan,Note,1.5 dCi Nickelodeon DPF,PrivateSeller,6500,d,61734,05-2013,6280,https://prod.pictures.autoscout24.net/listing-images/25e1fc0e-1354-4039-bc3f-04493d667b5b_e19eddc2-bac5-4ff4-adea-39f789a6ced8.jpg/250x188.webp https://prod.pictures.autoscout24.net/listing-images/25e1fc0e-1354-4039-bc3f-04493d667b5b_001c55a5-2b62-4861-9e15-27efdc1da2aa.jpg/250x188.webp https://prod.pictures.autoscout24.net/listing-images/25e1fc0e-1354-4039-bc3f-04493d667b5b_f42013fa-d816-40ea-9bc5-50e0fc8e8132.jpg/250x188.webp https://prod.pictures.autoscout24.net/listing-images/25e1fc0e-1354-4039-bc3f-04493d667b5b_e8735635-154d-47ab-9407-6baca5c06f04.jpg/250x188.webp https://prod.pictures.autoscout24.net/listing-images/25e1fc0e-1354-4039-bc3f-04493d667b5b_50a0ecb2-d3d5-4bb9-b2f0-5e5868b4a078.jpg/250x188.webp https://prod.pictures.autoscout24.net/listing-images/25e1fc0e-1354-4039-bc3f-04493d667b5b_0a6e450f-063c-475e-8691-1a1724dd0750.jpg/250x188.webp https://prod.pictures.autoscout24.net/listing-images/25e1fc0e-1354-4039-bc3f-04493d667b5b_4a5ac205-a005-49ba-94c0-28d7392e197d.jpg/250x188.webp https://prod.pictures.autoscout24.net/listing-images/25e1fc0e-1354-4039-bc3f-04493d667b5b_f32ba5ca-7655-4007-bd85-71b7371d18b5.jpg/250x188.webp,125.71995865757935,3518
17ec3ab9-74c8-4073-9e67-60c98491cbff,Nissan,Juke,1.5 dCi 2WD Visia DPF,PrivateSeller,6500,d,205000,03-2011,1700,https://prod.pictures.autoscout24.net/listing-images/17ec3ab9-74c8-4073-9e67-60c98491cbff_92e512c1-8af4-475d-949b-61bbaf6f47a3.jpg/250x188.webp https://prod.pictures.autoscout24.net/listing-images/17ec3ab9-74c8-4073-9e67-60c98491cbff_0e9fd4e2-63fd-4134-9244-1f36409aaa26.jpg/250x188.webp https://prod.pictures.autoscout24.net/listing-images/17ec3ab9-74c8-4073-9e67-60c98491cbff_cb3a89a9-6975-4f93-b1d3-54d301e9ee3c.jpg/250x188.webp https://prod.pictures.autoscout24.net/listing-images/17ec3ab9-74c8-4073-9e67-60c98491cbff_3fda0dd6-4f2a-4299-a5d1-6541d9087204.jpg/250x188.webp https://prod.pictures.autoscout24.net/listing-images/17ec3ab9-74c8-4073-9e67-60c98491cbff_c65867e4-8e10-4407-b482-f11d7cb0e439.jpg/250x188.webp https://prod.pictures.autoscout24.net/listing-images/17ec3ab9-74c8-4073-9e67-60c98491cbff_fe24c95c-2744-4bff-8f66-5370c87cb625.jpg/250x188.webp https://prod.pictures.autoscout24.net/listing-images/17ec3ab9-74c8-4073-9e67-60c98491cbff_fe808128-ff8a-4be8-bffb-44ff4cf5683f.jpg/250x188.webp https://prod.pictures.autoscout24.net/listing-images/17ec3ab9-74c8-4073-9e67-60c98491cbff_b0acb698-78c7-45b0-9b64-c3641e4d36fe.jpg/250x188.webp https://prod.pictures.autoscout24.net/listing-images/17ec3ab9-74c8-4073-9e67-60c98491cbff_6bdc193e-5a6e-4be5-972a-9b0906ed29a1.jpg/250x188.webp https://prod.pictures.autoscout24.net/listing-images/17ec3ab9-74c8-4073-9e67-60c98491cbff_e5998c82-2d17-4573-bee3-8cc109e60736.jpg/250x188.webp https://prod.pictures.autoscout24.net/listing-images/17ec3ab9-74c8-4073-9e67-60c98491cbff_2a47966f-a95c-4625-abbb-f0d90a4fe5e4.jpg/250x188.webp https://prod.pictures.autoscout24.net/listing-images/17ec3ab9-74c8-4073-9e67-60c98491cbff_bbec6189-9d35-44df-867b-a8b77578b1e9.jpg/250x188.webp,70.90697373704198,4310
cb8ef507-e523-4a9c-93b9-3570cb06ce7b,Nissan,Juke,1.5 dCi 2WD Tekna DPF,Dealer,6500,d,235000,04-2011,6560,https://prod.pictures.autoscout24.net/listing-images/cb8ef507-e523-4a9c-93b9-3570cb06ce7b_f7a41317-592a-434f-b7f8-006a2998d287.jpg/250x188.webp https://prod.pictures.autoscout24.net/listing-images/cb8ef507-e523-4a9c-93b9-3570cb06ce7b_9b4c89f7-18f5-4b3b-9208-3612fa14d321.jpg/250x188.webp https://prod.pictures.autoscout24.net/listing-images/cb8ef507-e523-4a9c-93b9-3570cb06ce7b_10c55adf-c2e7-4cbd-8132-3a4e0304d14a.jpg/250x188.webp https://prod.pictures.autoscout24.net/listing-images/cb8ef507-e523-4a9c-93b9-3570cb06ce7b_71a4ca5a-810c-4144-b06f-a678acf8ac9c.jpg/250x188.webp https://prod.pictures.autoscout24.net/listing-images/cb8ef507-e523-4a9c-93b9-3570cb06ce7b_5831283a-cd4c-4501-86ab-c79469006675.jpg/250x188.webp https://prod.pictures.autoscout24.net/listing-images/cb8ef507-e523-4a9c-93b9-3570cb06ce7b_b439f87f-71a1-4594-96a4-c993e5d01f82.jpg/250x188.webp https://prod.pictures.autoscout24.net/listing-images/cb8ef507-e523-4a9c-93b9-3570cb06ce7b_860a4cf8-032f-42c7-86d8-4defad983734.jpg/250x188.webp https://prod.pictures.autoscout24.net/listing-images/cb8ef507-e523-4a9c-93b9-3570cb06ce7b_c8a4a241-aa43-41b8-b8f3-e32468b7f344.jpg/250x188.webp https://prod.pictures.autoscout24.net/listing-images/cb8ef507-e523-4a9c-93b9-3570cb06ce7b_c885bd00-f571-4325-bc4c-5540579a87ed.jpg/250x188.webp https://prod.pictures.autoscout24.net/listing-images/cb8ef507-e523-4a9c-93b9-3570cb06ce7b_ef866511-240e-4124-a7a6-f91efe7b8bb1.jpg/250x188.webp https://prod.pictures.autoscout24.net/listing-images/cb8ef507-e523-4a9c-93b9-3570cb06ce7b_ffcd978e-47d3-4b76-aea2-7b63f4195c39.jpg/250x188.webp https://prod.pictures.autoscout24.net/listing-images/cb8ef507-e523-4a9c-93b9-3570cb06ce7b_16107202-844b-45dd-b289-7268fdd24dba.jpg/250x188.webp https://prod.pictures.autoscout24.net/listing-images/cb8ef507-e523-4a9c-93b9-3570cb06ce7b_b382f219-e599-4846-a4e6-5650bd2194d5.jpg/250x188.webp https://prod.pictures.autoscout24.net/listing-images/cb8ef507-e523-4a9c-93b9-3570cb06ce7b_f41cfd63-32f8-4010-bd68-3082184c8a8b.jpg/250x188.webp https://prod.pictures.autoscout24.net/listing-images/cb8ef507-e523-4a9c-93b9-3570cb06ce7b_a81b0862-6e02-4a6f-8ac9-c22a0ea8bf81.jpg/250x188.webp https://prod.pictures.autoscout24.net/listing-images/cb8ef507-e523-4a9c-93b9-3570cb06ce7b_5f78b2c1-0e4d-44ef-ac86-8048ac167c26.jpg/250x188.webp https://prod.pictures.autoscout24.net/listing-images/cb8ef507-e523-4a9c-93b9-3570cb06ce7b_63d7d564-a32b-4181-94c0-53953938ee29.jpg/250x188.webp https://prod.pictures.autoscout24.net/listing-images/cb8ef507-e523-4a9c-93b9-3570cb06ce7b_90c44297-85f6-4faa-9d0d-112f1c55a565.jpg/250x188.webp,131.1094961268063,4279
161d336e-cabb-4781-8453-b2a0f02d4fff,Nissan,Juke,1.5 dCi 2WD Tekna+Leather+Wheel DPF,Dealer,6500,d,228000,02-2011,4460,https://prod.pictures.autoscout24.net/listing-images/161d336e-cabb-4781-8453-b2a0f02d4fff_04b6cc54-32fb-40f2-b0f6-3695db676244.jpg/250x188.webp https://prod.pictures.autoscout24.net/listing-images/161d336e-cabb-4781-8453-b2a0f02d4fff_7549c4ca-5021-4949-b00b-12443bae5e35.jpg/250x188.webp https://prod.pictures.autoscout24.net/listing-images/161d336e-cabb-4781-8453-b2a0f02d4fff_d06ce793-5112-44fd-a040-67aed8b46d76.jpg/250x188.webp https://prod.pictures.autoscout24.net/listing-images/161d336e-cabb-4781-8453-b2a0f02d4fff_54ecf32f-25a9-4743-9a6b-7781edbde188.jpg/250x188.webp https://prod.pictures.autoscout24.net/listing-images/161d336e-cabb-4781-8453-b2a0f02d4fff_b9778453-677a-4526-9aa7-29aef7365563.jpg/250x188.webp https://prod.pictures.autoscout24.net/listing-images/161d336e-cabb-4781-8453-b2a0f02d4fff_2d3b3d1b-36ee-4182-85fd-ccf473f229f5.jpg/250x188.webp https://prod.pictures.autoscout24.net/listing-images/161d336e-cabb-4781-8453-b2a0f02d4fff_d9f0721e-0425-4848-b156-463b964e0170.jpg/250x188.webp https://prod.pictures.autoscout24.net/listing-images/161d336e-cabb-4781-8453-b2a0f02d4fff_c6cb5a08-053a-4340-9705-4e52016b1b55.jpg/250x188.webp https://prod.pictures.autoscout24.net/listing-images/161d336e-cabb-4781-8453-b2a0f02d4fff_a6ca4b68-73b0-4246-8d7f-6fc26760d336.jpg/250x188.webp https://prod.pictures.autoscout24.net/listing-images/161d336e-cabb-4781-8453-b2a0f02d4fff_2f63a63b-cd1d-429f-b2c8-999ec1d9997f.jpg/250x188.webp https://prod.pictures.autoscout24.net/listing-images/161d336e-cabb-4781-8453-b2a0f02d4fff_c4723584-44da-4ae1-b1af-196dd104909c.jpg/250x188.webp https://prod.pictures.autoscout24.net/listing-images/161d336e-cabb-4781-8453-b2a0f02d4fff_78349060-673a-4b83-9cfb-7a39f6890643.jpg/250x188.webp https://prod.pictures.autoscout24.net/listing-images/161d336e-cabb-4781-8453-b2a0f02d4fff_5f300ddc-bf99-4c14-bfe5-e9c8f79de8bf.jpg/250x188.webp,114.8668906662163,4338
56570abb-295a-4e26-859b-583a16216de6,Nissan,Navara,D22,Dealer,6500,d,227224,08-1999,9260,https://prod.pictures.autoscout24.net/listing-images/56570abb-295a-4e26-859b-583a16216de6_05119bba-dc1e-4b8e-a82b-6713f34e4514.jpg/250x188.webp https://prod.pictures.autoscout24.net/listing-images/56570abb-295a-4e26-859b-583a16216de6_c063f47f-321d-4186-99f5-392b3f49f800.jpg/250x188.webp https://prod.pictures.autoscout24.net/listing-images/56570abb-295a-4e26-859b-583a16216de6_07399554-de73-47e3-b44b-01eeef9c8ee0.jpg/250x188.webp https://prod.pictures.autoscout24.net/listing-images/56570abb-295a-4e26-859b-583a16216de6_28ac3090-3196-4aeb-ad49-3f61b5272006.jpg/250x188.webp https://prod.pictures.autoscout24.net/listing-images/56570abb-295a-4e26-859b-583a16216de6_26c63ebb-b9b1-449a-a9e5-6a40732d2768.jpg/250x188.webp https://prod.pictures.autoscout24.net/listing-images/56570abb-295a-4e26-859b-583a16216de6_494f111b-e958-43bb-abd3-e3d113183e0e.jpg/250x188.webp https://prod.pictures.autoscout24.net/listing-images/56570abb-295a-4e26-859b-583a16216de6_7f3faa12-0fbf-4192-8409-9f8336513d4f.jpg/250x188.webp https://prod.pictures.autoscout24.net/listing-images/56570abb-295a-4e26-859b-583a16216de6_2785b5f4-ee49-4da1-bcd1-7c398356c0b1.jpg/250x188.webp https://prod.pictures.autoscout24.net/listing-images/56570abb-295a-4e26-859b-583a16216de6_9d3285ea-68b3-4532-a4d8-2878bf8b1df0.jpg/250x188.webp https://prod.pictures.autoscout24.net/listing-images/56570abb-295a-4e26-859b-583a16216de6_38599457-cd7f-4c1a-a11e-123b06ed12a2.jpg/250x188.webp,64.90244926494331,8540
86c33af3-a12d-454e-9fe1-f5dd6bcd598a,Nissan,Note,1.5 dCi Acenta,Dealer,6500,d,100000,02-2017,1800,https://prod.pictures.autoscout24.net/listing-images/86c33af3-a12d-454e-9fe1-f5dd6bcd598a_32987fb2-c296-4d84-8908-8265bc7f8551.jpg/250x188.webp https://prod.pictures.autoscout24.net/listing-images/86c33af3-a12d-454e-9fe1-f5dd6bcd598a_983e9d7c-7607-452b-a09c-b26b474a12f9.jpg/250x188.webp https://prod.pictures.autoscout24.net/listing-images/86c33af3-a12d-454e-9fe1-f5dd6bcd598a_bb56daa4-5ea1-42b6-a9a6-53c7b4ed9bfb.jpg/250x188.webp https://prod.pictures.autoscout24.net/listing-images/86c33af3-a12d-454e-9fe1-f5dd6bcd598a_455f3432-5424-48e7-bacd-8d9a11c34d81.jpg/250x188.webp https://prod.pictures.autoscout24.net/listing-images/86c33af3-a12d-454e-9fe1-f5dd6bcd598a_c07b0927-de7b-4016-a556-21f1d0dd7454.jpg/250x188.webp https://prod.pictures.autoscout24.net/listing-images/86c33af3-a12d-454e-9fe1-f5dd6bcd598a_95bde6a6-5c01-45a1-b0ad-7e462253dad6.jpg/250x188.webp https://prod.pictures.autoscout24.net/listing-images/86c33af3-a12d-454e-9fe1-f5dd6bcd598a_abf2153b-b297-4b77-b2ea-7af430db9f84.jpg/250x188.webp https://prod.pictures.autoscout24.net/listing-images/86c33af3-a12d-454e-9fe1-f5dd6bcd598a_b27ef83b-2e02-45ca-8d71-dae8c5a55de8.jpg/250x188.webp https://prod.pictures.autoscout24.net/listing-images/86c33af3-a12d-454e-9fe1-f5dd6bcd598a_993f718c-238f-4f9d-80b8-00e2eb967c2e.jpg/250x188.webp https://prod.pictures.autoscout24.net/listing-images/86c33af3-a12d-454e-9fe1-f5dd6bcd598a_2974a781-852d-49af-a497-f6692ea1cea7.jpg/250x188.webp https://prod.pictures.autoscout24.net/listing-images/86c33af3-a12d-454e-9fe1-f5dd6bcd598a_3e2f5148-7406-4d14-b37e-d7988cd6b026.jpg/250x188.webp,60.05560122441548,2146
fb26e23d-35e1-4435-bfcd-675be589e232,Nissan,Murano,2.5 dci executive fullll options,Dealer,6500,d,113000,02-2012,5140,https://prod.pictures.autoscout24.net/listing-images/fb26e23d-35e1-4435-bfcd-675be589e232_f4513d2e-9d23-40f6-8f01-ab98672c52bc.jpg/250x188.webp https://prod.pictures.autoscout24.net/listing-images/fb26e23d-35e1-4435-bfcd-675be589e232_39c3c4e6-7d4c-4092-b969-5c7fcd670d97.jpg/250x188.webp https://prod.pictures.autoscout24.net/listing-images/fb26e23d-35e1-4435-bfcd-675be589e232_a3b8952a-9283-433e-89b9-4a5f113b8474.jpg/250x188.webp https://prod.pictures.autoscout24.net/listing-images/fb26e23d-35e1-4435-bfcd-675be589e232_7289ac19-c303-4529-9298-caad16c41283.jpg/250x188.webp https://prod.pictures.autoscout24.net/listing-images/fb26e23d-35e1-4435-bfcd-675be589e232_21fa40a2-8a5f-4c77-a612-35700d7f8236.jpg/250x188.webp https://prod.pictures.autoscout24.net/listing-images/fb26e23d-35e1-4435-bfcd-675be589e232_a528134c-f552-4525-b057-b04ad0a6049a.jpg/250x188.webp https://prod.pictures.autoscout24.net/listing-images/fb26e23d-35e1-4435-bfcd-675be589e232_7b7c477a-a672-4381-acd5-f749b96eced7.jpg/250x188.webp https://prod.pictures.autoscout24.net/listing-images/fb26e23d-35e1-4435-bfcd-675be589e232_165cc2e0-fdbc-4a26-a208-94ad1286f6dc.jpg/250x188.webp https://prod.pictures.autoscout24.net/listing-images/fb26e23d-35e1-4435-bfcd-675be589e232_795e5cb9-91e4-4b1a-a8d6-05b03baa3b70.jpg/250x188.webp,104.85389989976589,3973
d7d53046-28c2-48d0-97d8-b95bf71b5358,Nissan,NV200,UTILITAIRE // CAMIONNETTE // 1'iere MAIN,Dealer,6500,d,163158,06-2010,4100,https://prod.pictures.autoscout24.net/listing-images/d7d53046-28c2-48d0-97d8-b95bf71b5358_224fd5be-2c17-40ff-b87f-05cefa80db30.jpg/250x188.webp https://prod.pictures.autoscout24.net/listing-images/d7d53046-28c2-48d0-97d8-b95bf71b5358_2fb2d78d-6785-46de-bc1a-b881e093c47d.jpg/250x188.webp https://prod.pictures.autoscout24.net/listing-images/d7d53046-28c2-48d0-97d8-b95bf71b5358_13cca84c-f11f-40bd-9abb-668e492f1fae.jpg/250x188.webp https://prod.pictures.autoscout24.net/listing-images/d7d53046-28c2-48d0-97d8-b95bf71b5358_55db64db-2344-4519-a1a3-0ac2fa37ac78.jpg/250x188.webp https://prod.pictures.autoscout24.net/listing-images/d7d53046-28c2-48d0-97d8-b95bf71b5358_e0e3ebc7-d964-4463-8722-30c5ae2e5122.jpg/250x188.webp https://prod.pictures.autoscout24.net/listing-images/d7d53046-28c2-48d0-97d8-b95bf71b5358_b41045b3-de5d-4fe2-862d-564b18bdcb57.jpg/250x188.webp https://prod.pictures.autoscout24.net/listing-images/d7d53046-28c2-48d0-97d8-b95bf71b5358_fd9f6b53-738e-49d2-af03-962b84da31c5.jpg/250x188.webp https://prod.pictures.autoscout24.net/listing-images/d7d53046-28c2-48d0-97d8-b95bf71b5358_cc7a08a6-4f0b-470a-8131-58bbb5557662.jpg/250x188.webp https://prod.pictures.autoscout24.net/listing-images/d7d53046-28c2-48d0-97d8-b95bf71b5358_d2c8eca7-4603-4985-918d-4ecc89f071fc.jpg/250x188.webp https://prod.pictures.autoscout24.net/listing-images/d7d53046-28c2-48d0-97d8-b95bf71b5358_c1624154-cbdd-41c5-a31b-c261c619aae8.jpg/250x188.webp https://prod.pictures.autoscout24.net/listing-images/d7d53046-28c2-48d0-97d8-b95bf71b5358_cf14e5c4-6e2a-4bfa-9a72-744b488ae588.jpg/250x188.webp https://prod.pictures.autoscout24.net/listing-images/d7d53046-28c2-48d0-97d8-b95bf71b5358_17a9df21-63a1-4326-8df2-e2208333a7e4.jpg/250x188.webp https://prod.pictures.autoscout24.net/listing-images/d7d53046-28c2-48d0-97d8-b95bf71b5358_615f6cbd-5a92-4c77-9c45-ea3de86d6238.jpg/250x188.webp https://prod.pictures.autoscout24.net/listing-images/d7d53046-28c2-48d0-97d8-b95bf71b5358_7ca73ebe-d747-4e9f-9e91-0bf3b75900c4.jpg/250x188.webp https://prod.pictures.autoscout24.net/listing-images/d7d53046-28c2-48d0-97d8-b95bf71b5358_0853566e-fdf2-4f33-9a19-edba5fdfbafc.jpg/250x188.webp,122.70999344916741,4583
0b18e9ee-fbba-49d2-beb2-923d8bcfd730,Nissan,Qashqai,1.5 dCi 2WD Executive DPF,PrivateSeller,6500,d,196000,01-2012,1000,https://prod.pictures.autoscout24.net/listing-images/0b18e9ee-fbba-49d2-beb2-923d8bcfd730_ec3464ef-46ac-4599-aeb4-5f3195846c07.jpg/250x188.webp https://prod.pictures.autoscout24.net/listing-images/0b18e9ee-fbba-49d2-beb2-923d8bcfd730_47ce0e98-e4e9-432f-8906-3cb75f4ece2d.jpg/250x188.webp https://prod.pictures.autoscout24.net/listing-images/0b18e9ee-fbba-49d2-beb2-923d8bcfd730_6476431c-4383-4b07-8fb9-0ef5409b7898.jpg/250x188.webp https://prod.pictures.autoscout24.net/listing-images/0b18e9ee-fbba-49d2-beb2-923d8bcfd730_1e17aecb-487e-4435-8bd6-a9f5216fcc61.jpg/250x188.webp https://prod.pictures.autoscout24.net/listing-images/0b18e9ee-fbba-49d2-beb2-923d8bcfd730_7da6ec84-8a94-4136-90d9-68a03a91c904.jpg/250x188.webp https://prod.pictures.autoscout24.net/listing-images/0b18e9ee-fbba-49d2-beb2-923d8bcfd730_57359b55-406b-4dd6-8189-df2211cb767d.jpg/250x188.webp https://prod.pictures.autoscout24.net/listing-images/0b18e9ee-fbba-49d2-beb2-923d8bcfd730_2f954842-1c07-46db-85a1-53742fc3ad59.jpg/250x188.webp,69.17270624549755,4004
d1d8d010-fcda-4143-9ab8-10695e69fa09,Nissan,Murano,2.5 dCi (190CH)All-Mode 4x4 *EURO 5_UTILIT_EQUIPE*,Dealer,6500,d,151525,08-2010,5140,https://prod.pictures.autoscout24.net/listing-images/d1d8d010-fcda-4143-9ab8-10695e69fa09_2c1621c2-3c3c-42ea-838e-a266f8095f52.jpg/250x188.webp https://prod.pictures.autoscout24.net/listing-images/d1d8d010-fcda-4143-9ab8-10695e69fa09_b23c3202-39d1-4eea-b466-fe7527535a96.jpg/250x188.webp https://prod.pictures.autoscout24.net/listing-images/d1d8d010-fcda-4143-9ab8-10695e69fa09_00266bd7-7081-47cd-a157-d969100fad1d.jpg/250x188.webp https://prod.pictures.autoscout24.net/listing-images/d1d8d010-fcda-4143-9ab8-10695e69fa09_8a9089d6-5862-41b9-b6ba-873ca5aa4e43.jpg/250x188.webp https://prod.pictures.autoscout24.net/listing-images/d1d8d010-fcda-4143-9ab8-10695e69fa09_966495cf-feaf-4cc2-a361-09478d0612c6.jpg/250x188.webp https://prod.pictures.autoscout24.net/listing-images/d1d8d010-fcda-4143-9ab8-10695e69fa09_50f54066-a87d-4cbb-9e53-38f85903a469.jpg/250x188.webp https://prod.pictures.autoscout24.net/listing-images/d1d8d010-fcda-4143-9ab8-10695e69fa09_48501b46-9bf0-4dce-9a54-30b4f66ff37f.jpg/250x188.webp https://prod.pictures.autoscout24.net/listing-images/d1d8d010-fcda-4143-9ab8-10695e69fa09_32b82a7d-c714-46e3-82a0-f5556d384e5f.jpg/250x188.webp https://prod.pictures.autoscout24.net/listing-images/d1d8d010-fcda-4143-9ab8-10695e69fa09_c67daa57-380e-44fb-b523-2d2716613b12.jpg/250x188.webp https://prod.pictures.autoscout24.net/listing-images/d1d8d010-fcda-4143-9ab8-10695e69fa09_7d1bb08e-0a08-4387-b569-3df1a1d22791.jpg/250x188.webp https://prod.pictures.autoscout24.net/listing-images/d1d8d010-fcda-4143-9ab8-10695e69fa09_70b3ee04-1322-4c8c-beb4-418d0d2abf03.jpg/250x188.webp https://prod.pictures.autoscout24.net/listing-images/d1d8d010-fcda-4143-9ab8-10695e69fa09_66cc7008-38f7-43b2-996a-60535e7968ca.jpg/250x188.webp https://prod.pictures.autoscout24.net/listing-images/d1d8d010-fcda-4143-9ab8-10695e69fa09_ef01f3da-ede1-424d-9510-cb931c44f310.jpg/250x188.webp https://prod.pictures.autoscout24.net/listing-images/d1d8d010-fcda-4143-9ab8-10695e69fa09_da07f527-97e5-42e9-ad71-dee3f6e62d22.jpg/250x188.webp https://prod.pictures.autoscout24.net/listing-images/d1d8d010-fcda-4143-9ab8-10695e69fa09_50d1cf1e-db76-4987-b533-f7b6d1786e9a.jpg/250x188.webp,104.85389989976589,4522
5f2f4e43-693c-45c9-8216-cc78ad78dc20,Nissan,Micra,1.2i Connect+Comfort Pack automatique/12mois garan,Dealer,6650,b,51183,01-2011,1440,https://prod.pictures.autoscout24.net/listing-images/5f2f4e43-693c-45c9-8216-cc78ad78dc20_96e4091a-6b69-4887-a277-1c6183b37f1f.jpg/250x188.webp https://prod.pictures.autoscout24.net/listing-images/5f2f4e43-693c-45c9-8216-cc78ad78dc20_ecd99ed5-9dbf-4d8e-9a35-35dd1d9791c4.jpg/250x188.webp https://prod.pictures.autoscout24.net/listing-images/5f2f4e43-693c-45c9-8216-cc78ad78dc20_b179ba2d-ffd1-4331-8ad4-64cba5c9b449.jpg/250x188.webp https://prod.pictures.autoscout24.net/listing-images/5f2f4e43-693c-45c9-8216-cc78ad78dc20_95a15fc5-9190-4b89-9fa2-7c36ce8fa9f0.jpg/250x188.webp https://prod.pictures.autoscout24.net/listing-images/5f2f4e43-693c-45c9-8216-cc78ad78dc20_46a2c8f2-06d7-4fc8-bbf8-7cfa94ae89b0.jpg/250x188.webp https://prod.pictures.autoscout24.net/listing-images/5f2f4e43-693c-45c9-8216-cc78ad78dc20_13fe7b6c-b513-496d-afba-4b0f85eec277.jpg/250x188.webp https://prod.pictures.autoscout24.net/listing-images/5f2f4e43-693c-45c9-8216-cc78ad78dc20_02969477-b4fd-438c-b947-62a2dcbcbfae.jpg/250x188.webp https://prod.pictures.autoscout24.net/listing-images/5f2f4e43-693c-45c9-8216-cc78ad78dc20_0466cfb0-8ae1-4caf-b813-16e5d432c61b.jpg/250x188.webp https://prod.pictures.autoscout24.net/listing-images/5f2f4e43-693c-45c9-8216-cc78ad78dc20_8470b8cf-9927-4fe6-b82e-919c02b6b716.jpg/250x188.webp https://prod.pictures.autoscout24.net/listing-images/5f2f4e43-693c-45c9-8216-cc78ad78dc20_bbc6f80e-4560-4e2d-a2b0-7d34d4b86c7c.jpg/250x188.webp https://prod.pictures.autoscout24.net/listing-images/5f2f4e43-693c-45c9-8216-cc78ad78dc20_5897fd37-026e-4ae5-aa57-0b61af381a16.jpg/250x188.webp https://prod.pictures.autoscout24.net/listing-images/5f2f4e43-693c-45c9-8216-cc78ad78dc20_a1efa817-0d06-41cf-8a03-6ffd8b7be78e.jpg/250x188.webp https://prod.pictures.autoscout24.net/listing-images/5f2f4e43-693c-45c9-8216-cc78ad78dc20_86954635-3199-4395-b3c1-b8f9a70deed3.jpg/250x188.webp https://prod.pictures.autoscout24.net/listing-images/5f2f4e43-693c-45c9-8216-cc78ad78dc20_e5f6467e-0ea2-4760-8f23-5e9dcc696544.jpg/250x188.webp https://prod.pictures.autoscout24.net/listing-images/5f2f4e43-693c-45c9-8216-cc78ad78dc20_9ebc40ca-1096-468b-8c09-e0ef632adc75.jpg/250x188.webp,88.54751756589805,4369
7ada38b7-7f79-480d-9582-4fefab4e6c90,Nissan,Navara,,Dealer,6750,d,125300,01-2006,1830,https://prod.pictures.autoscout24.net/listing-images/7ada38b7-7f79-480d-9582-4fefab4e6c90_39ca18fa-00fe-49ff-848e-4a406273afe0.jpg/250x188.webp https://prod.pictures.autoscout24.net/listing-images/7ada38b7-7f79-480d-9582-4fefab4e6c90_5a3ba1d5-f325-4acb-931c-e9cd9c2b3f91.jpg/250x188.webp https://prod.pictures.autoscout24.net/listing-images/7ada38b7-7f79-480d-9582-4fefab4e6c90_fa03587d-baff-40cf-919e-0629435b6534.jpg/250x188.webp https://prod.pictures.autoscout24.net/listing-images/7ada38b7-7f79-480d-9582-4fefab4e6c90_b08e8434-4598-413b-8549-b1aa0b29801b.jpg/250x188.webp https://prod.pictures.autoscout24.net/listing-images/7ada38b7-7f79-480d-9582-4fefab4e6c90_c68a97c0-1a63-4cbc-b01a-6f583e89ece4.jpg/250x188.webp https://prod.pictures.autoscout24.net/listing-images/7ada38b7-7f79-480d-9582-4fefab4e6c90_425930d4-7bee-4e24-8f74-8303ed9e9e62.jpg/250x188.webp https://prod.pictures.autoscout24.net/listing-images/7ada38b7-7f79-480d-9582-4fefab4e6c90_5d31b022-10e9-403b-b5c7-bb81f36b7efc.jpg/250x188.webp https://prod.pictures.autoscout24.net/listing-images/7ada38b7-7f79-480d-9582-4fefab4e6c90_81625f1c-6f40-4604-89a1-19de6d0d3ad2.jpg/250x188.webp https://prod.pictures.autoscout24.net/listing-images/7ada38b7-7f79-480d-9582-4fefab4e6c90_665edb49-4ce3-4427-8f38-c4262e85ee69.jpg/250x188.webp,61.99821855231934,6195
a9aa1283-9aa4-4711-b135-58ac56755aa2,Nissan,Murano,3.5 Selection*Belgian car*full service book*1owner,Dealer,6750,b,172000,12-2008,9920,https://prod.pictures.autoscout24.net/listing-images/a9aa1283-9aa4-4711-b135-58ac56755aa2_cda15dad-4572-4d68-8599-c841a205274a.jpg/250x188.webp https://prod.pictures.autoscout24.net/listing-images/a9aa1283-9aa4-4711-b135-58ac56755aa2_f075226d-b9c3-4101-aa59-5fbdd262cdeb.jpg/250x188.webp https://prod.pictures.autoscout24.net/listing-images/a9aa1283-9aa4-4711-b135-58ac56755aa2_541dd295-0a91-4788-8221-d882fec3183b.jpg/250x188.webp https://prod.pictures.autoscout24.net/listing-images/a9aa1283-9aa4-4711-b135-58ac56755aa2_20b12e2b-7938-4c27-a30a-51d4ea00d577.jpg/250x188.webp https://prod.pictures.autoscout24.net/listing-images/a9aa1283-9aa4-4711-b135-58ac56755aa2_d5510af9-a03a-472a-b5b4-9098bfd6ce97.jpg/250x188.webp https://prod.pictures.autoscout24.net/listing-images/a9aa1283-9aa4-4711-b135-58ac56755aa2_b5af0c32-00c3-4054-a428-77e3ad20fdbd.jpg/250x188.webp https://prod.pictures.autoscout24.net/listing-images/a9aa1283-9aa4-4711-b135-58ac56755aa2_d6fa5640-1fe6-4dbe-b6e1-2e12fba3fe22.jpg/250x188.webp https://prod.pictures.autoscout24.net/listing-images/a9aa1283-9aa4-4711-b135-58ac56755aa2_75c83dfd-43a0-4a04-abbc-63ddf5a7c52a.jpg/250x188.webp https://prod.pictures.autoscout24.net/listing-images/a9aa1283-9aa4-4711-b135-58ac56755aa2_4f850b1e-d43b-4e1b-a851-b79de32eeedb.jpg/250x188.webp https://prod.pictures.autoscout24.net/listing-images/a9aa1283-9aa4-4711-b135-58ac56755aa2_4e6a90c0-9ec7-4212-b751-c2862e92efbf.jpg/250x188.webp https://prod.pictures.autoscout24.net/listing-images/a9aa1283-9aa4-4711-b135-58ac56755aa2_e75d8c22-ee2b-44ca-9bad-c50c6441915f.jpg/250x188.webp https://prod.pictures.autoscout24.net/listing-images/a9aa1283-9aa4-4711-b135-58ac56755aa2_28b8c7d1-6e76-4b72-92b2-602fbe21fbba.jpg/250x188.webp https://prod.pictures.autoscout24.net/listing-images/a9aa1283-9aa4-4711-b135-58ac56755aa2_6704bcf2-d081-47ff-840e-55f1fa7d9127.jpg/250x188.webp https://prod.pictures.autoscout24.net/listing-images/a9aa1283-9aa4-4711-b135-58ac56755aa2_ed7a6fc4-1c0f-4b9e-b072-b90cb1cf76dc.jpg/250x188.webp,72.12530715362509,5130
426e419d-c3a0-4acc-8e9a-5d5263403f3d,Nissan,Note,1.5 dCi Acenta,Dealer,6750,d,164118,09-2014,3550,https://prod.pictures.autoscout24.net/listing-images/426e419d-c3a0-4acc-8e9a-5d5263403f3d_436ece05-270c-458f-90dc-901ee4f4c04a.jpg/250x188.webp https://prod.pictures.autoscout24.net/listing-images/426e419d-c3a0-4acc-8e9a-5d5263403f3d_af8c7f5f-7a26-4ef7-a84b-b2762fcb0021.jpg/250x188.webp https://prod.pictures.autoscout24.net/listing-images/426e419d-c3a0-4acc-8e9a-5d5263403f3d_942061c4-0d2e-4583-b68d-4350d2d960bc.jpg/250x188.webp https://prod.pictures.autoscout24.net/listing-images/426e419d-c3a0-4acc-8e9a-5d5263403f3d_734bafc5-5e24-4854-927a-990f4326855c.jpg/250x188.webp https://prod.pictures.autoscout24.net/listing-images/426e419d-c3a0-4acc-8e9a-5d5263403f3d_fe2763df-f04e-4ac1-9ed6-891f1ffda8d0.jpg/250x188.webp https://prod.pictures.autoscout24.net/listing-images/426e419d-c3a0-4acc-8e9a-5d5263403f3d_e8259fe7-4c5d-4793-ba1a-3ba34088614b.jpg/250x188.webp https://prod.pictures.autoscout24.net/listing-images/426e419d-c3a0-4acc-8e9a-5d5263403f3d_772d2317-a9be-4352-8da8-23f05ec45c01.jpg/250x188.webp https://prod.pictures.autoscout24.net/listing-images/426e419d-c3a0-4acc-8e9a-5d5263403f3d_99d912fc-913b-4abb-9aa2-29a82b3ac109.jpg/250x188.webp https://prod.pictures.autoscout24.net/listing-images/426e419d-c3a0-4acc-8e9a-5d5263403f3d_7519d639-16b5-474c-a1d5-b3545a876055.jpg/250x188.webp https://prod.pictures.autoscout24.net/listing-images/426e419d-c3a0-4acc-8e9a-5d5263403f3d_72883f44-767b-4cad-baf3-baec30ff41dd.jpg/250x188.webp https://prod.pictures.autoscout24.net/listing-images/426e419d-c3a0-4acc-8e9a-5d5263403f3d_9cb8945d-a169-431e-b6b9-c36152d6e6f3.jpg/250x188.webp https://prod.pictures.autoscout24.net/listing-images/426e419d-c3a0-4acc-8e9a-5d5263403f3d_b76d0c5d-714f-4b18-af68-4a5f3c263d2b.jpg/250x188.webp,75.75580829789837,3030
afac70cd-7efd-476f-a440-69c92cd0bd72,Nissan,Qashqai,1.6 dCi PRÊTE À IMMATRICULÉE,PrivateSeller,6750,d,253000,06-2012,3890,https://prod.pictures.autoscout24.net/listing-images/afac70cd-7efd-476f-a440-69c92cd0bd72_02b2b413-8061-4f74-8c35-50933293c3d8.jpg/250x188.webp https://prod.pictures.autoscout24.net/listing-images/afac70cd-7efd-476f-a440-69c92cd0bd72_da49e3ea-ffd2-4e03-be33-3c88b338bd41.jpg/250x188.webp https://prod.pictures.autoscout24.net/listing-images/afac70cd-7efd-476f-a440-69c92cd0bd72_4d36671b-dd93-4956-be46-c50dd2a763ff.jpg/250x188.webp https://prod.pictures.autoscout24.net/listing-images/afac70cd-7efd-476f-a440-69c92cd0bd72_9bbf2566-f894-434e-9bf4-91add6a517f7.jpg/250x188.webp https://prod.pictures.autoscout24.net/listing-images/afac70cd-7efd-476f-a440-69c92cd0bd72_7c57e3b5-c9e3-4dee-9a48-6af6909f02c6.jpg/250x188.webp https://prod.pictures.autoscout24.net/listing-images/afac70cd-7efd-476f-a440-69c92cd0bd72_a8a346cc-82c5-4e01-86ac-16baf1ef26a0.jpg/250x188.webp https://prod.pictures.autoscout24.net/listing-images/afac70cd-7efd-476f-a440-69c92cd0bd72_1695d31f-be1f-4bf2-9d73-a7165db96975.jpg/250x188.webp https://prod.pictures.autoscout24.net/listing-images/afac70cd-7efd-476f-a440-69c92cd0bd72_04b06e7b-c818-4b14-803b-3ecb86b8de03.jpg/250x188.webp https://prod.pictures.autoscout24.net/listing-images/afac70cd-7efd-476f-a440-69c92cd0bd72_c8be1cdd-caa3-48de-950b-7ceeaa94c37a.jpg/250x188.webp https://prod.pictures.autoscout24.net/listing-images/afac70cd-7efd-476f-a440-69c92cd0bd72_79d3d9fd-d7b9-4031-8092-78080ca714fc.jpg/250x188.webp https://prod.pictures.autoscout24.net/listing-images/afac70cd-7efd-476f-a440-69c92cd0bd72_53151c7f-66e9-45fb-bd8d-68ed3ca212da.jpg/250x188.webp https://prod.pictures.autoscout24.net/listing-images/afac70cd-7efd-476f-a440-69c92cd0bd72_cf333c41-c3f9-4e55-af49-fa36931e2fdf.jpg/250x188.webp https://prod.pictures.autoscout24.net/listing-images/afac70cd-7efd-476f-a440-69c92cd0bd72_606f3e5b-94c0-4dff-ac56-22a83aeee58f.jpg/250x188.webp,93.7211824428276,3852
9ff10111-6e0c-4bff-83df-f8636068511f,Nissan,Micra,1.2i Acenta ~ TopDeal ~ Airco,Dealer,6750,b,59000,03-2013,9200,https://prod.pictures.autoscout24.net/listing-images/9ff10111-6e0c-4bff-83df-f8636068511f_38b0b795-aed7-4392-afdc-3a584afe23ff.jpg/250x188.webp https://prod.pictures.autoscout24.net/listing-images/9ff10111-6e0c-4bff-83df-f8636068511f_47a1016e-8761-4b39-8a3d-1a0d3855a9cc.jpg/250x188.webp https://prod.pictures.autoscout24.net/listing-images/9ff10111-6e0c-4bff-83df-f8636068511f_c753213e-29b0-4827-84b9-2fccaa7bf561.jpg/250x188.webp https://prod.pictures.autoscout24.net/listing-images/9ff10111-6e0c-4bff-83df-f8636068511f_a5a76d67-5131-4911-b793-03b62c0b179a.jpg/250x188.webp https://prod.pictures.autoscout24.net/listing-images/9ff10111-6e0c-4bff-83df-f8636068511f_bdab19a9-bd8a-4b0a-bf6e-b836fa98684f.jpg/250x188.webp https://prod.pictures.autoscout24.net/listing-images/9ff10111-6e0c-4bff-83df-f8636068511f_f0c4363a-64ac-4761-8e31-3d2914c5188f.jpg/250x188.webp https://prod.pictures.autoscout24.net/listing-images/9ff10111-6e0c-4bff-83df-f8636068511f_211382f8-33b2-4bdf-b022-e42ae64cfd37.jpg/250x188.webp https://prod.pictures.autoscout24.net/listing-images/9ff10111-6e0c-4bff-83df-f8636068511f_39f47ca7-c54c-418a-9859-518a97d33a3a.jpg/250x188.webp https://prod.pictures.autoscout24.net/listing-images/9ff10111-6e0c-4bff-83df-f8636068511f_e9f22803-9d1e-4178-ab67-9e83f41bdbba.jpg/250x188.webp https://prod.pictures.autoscout24.net/listing-images/9ff10111-6e0c-4bff-83df-f8636068511f_266aab5d-09c5-43c6-b37d-3338fe5bc848.jpg/250x188.webp https://prod.pictures.autoscout24.net/listing-images/9ff10111-6e0c-4bff-83df-f8636068511f_b84b3ef0-b10d-4659-85fa-d6feec8fb5c5.jpg/250x188.webp https://prod.pictures.autoscout24.net/listing-images/9ff10111-6e0c-4bff-83df-f8636068511f_393d3542-afcb-499a-8121-ad481a75e7b3.jpg/250x188.webp https://prod.pictures.autoscout24.net/listing-images/9ff10111-6e0c-4bff-83df-f8636068511f_bdc87dea-25c4-4a9d-88f2-fa03211153c9.jpg/250x188.webp,55.33414746561007,3579
e5ce5551-d9b3-4a58-8536-a741037b21c2,Nissan,Micra,1.2i Acenta,Dealer,6800,b,60800,06-2014,4670,https://prod.pictures.autoscout24.net/listing-images/e5ce5551-d9b3-4a58-8536-a741037b21c2_b2a7eb45-c17d-4fa2-aa37-fea757deac01.jpg/250x188.webp https://prod.pictures.autoscout24.net/listing-images/e5ce5551-d9b3-4a58-8536-a741037b21c2_4ef0b3d7-3b2b-479f-aa66-2f5bb8fc4ad9.jpg/250x188.webp https://prod.pictures.autoscout24.net/listing-images/e5ce5551-d9b3-4a58-8536-a741037b21c2_b6f109a4-876f-4093-a189-f680b1fc3569.jpg/250x188.webp https://prod.pictures.autoscout24.net/listing-images/e5ce5551-d9b3-4a58-8536-a741037b21c2_63e700b3-7b77-4c20-8157-80e1cedafa4f.jpg/250x188.webp https://prod.pictures.autoscout24.net/listing-images/e5ce5551-d9b3-4a58-8536-a741037b21c2_4af89a81-8be6-4400-beff-4caf5e777043.jpg/250x188.webp https://prod.pictures.autoscout24.net/listing-images/e5ce5551-d9b3-4a58-8536-a741037b21c2_98083a2a-98ae-4685-a510-51ba490b93bd.jpg/250x188.webp https://prod.pictures.autoscout24.net/listing-images/e5ce5551-d9b3-4a58-8536-a741037b21c2_d96081b5-7dea-43b6-bb2e-3e7ad9f654a5.jpg/250x188.webp,124.902476599088,3122
9407888c-9b21-4f8f-8ee5-52a8c24ada3d,Nissan,Note,1.6i 16v * A/C * V/E * BOITE AUTO  * 166 X 42 MOIS,Dealer,6800,b,67943,01-2008,1160,https://prod.pictures.autoscout24.net/listing-images/9407888c-9b21-4f8f-8ee5-52a8c24ada3d_c28af8a2-c1a1-4266-a069-46573738f68d.jpg/250x188.webp https://prod.pictures.autoscout24.net/listing-images/9407888c-9b21-4f8f-8ee5-52a8c24ada3d_9409e125-f3fc-4f18-9bd0-44573afc0be0.jpg/250x188.webp https://prod.pictures.autoscout24.net/listing-images/9407888c-9b21-4f8f-8ee5-52a8c24ada3d_64b046c0-9106-4dda-bdb8-0ca986f4222b.jpg/250x188.webp https://prod.pictures.autoscout24.net/listing-images/9407888c-9b21-4f8f-8ee5-52a8c24ada3d_c55695d6-ac20-479e-bdab-a1e590e07798.jpg/250x188.webp https://prod.pictures.autoscout24.net/listing-images/9407888c-9b21-4f8f-8ee5-52a8c24ada3d_3da71517-81cc-4cbd-935a-74f289f82ba2.jpg/250x188.webp https://prod.pictures.autoscout24.net/listing-images/9407888c-9b21-4f8f-8ee5-52a8c24ada3d_0841ac90-cc09-470e-ada3-3cd6cf1fafa6.jpg/250x188.webp https://prod.pictures.autoscout24.net/listing-images/9407888c-9b21-4f8f-8ee5-52a8c24ada3d_f594a5f4-19b7-47ce-ac52-3e7425eca1e7.jpg/250x188.webp https://prod.pictures.autoscout24.net/listing-images/9407888c-9b21-4f8f-8ee5-52a8c24ada3d_0c837e30-45d3-45d8-8a7d-fd9f87efcc94.jpg/250x188.webp https://prod.pictures.autoscout24.net/listing-images/9407888c-9b21-4f8f-8ee5-52a8c24ada3d_49d64ddd-872b-4d63-b3e4-71c6874e3a05.jpg/250x188.webp https://prod.pictures.autoscout24.net/listing-images/9407888c-9b21-4f8f-8ee5-52a8c24ada3d_ec9acee6-a0e7-43af-a58b-dfa137e81c87.jpg/250x188.webp https://prod.pictures.autoscout24.net/listing-images/9407888c-9b21-4f8f-8ee5-52a8c24ada3d_f0e196da-dbfa-4041-b2b8-723850b76247.jpg/250x188.webp https://prod.pictures.autoscout24.net/listing-images/9407888c-9b21-4f8f-8ee5-52a8c24ada3d_7735646e-8af2-4e82-99dc-0626810a7a16.jpg/250x188.webp https://prod.pictures.autoscout24.net/listing-images/9407888c-9b21-4f8f-8ee5-52a8c24ada3d_d9604232-4ef6-414c-9a35-d4190c75da98.jpg/250x188.webp https://prod.pictures.autoscout24.net/listing-images/9407888c-9b21-4f8f-8ee5-52a8c24ada3d_acbb77c8-a3a7-44c6-b8be-994e62d48e36.jpg/250x188.webp https://prod.pictures.autoscout24.net/listing-images/9407888c-9b21-4f8f-8ee5-52a8c24ada3d_abb9e722-59e5-4483-82af-51f3dfa9937d.jpg/250x188.webp https://prod.pictures.autoscout24.net/listing-images/9407888c-9b21-4f8f-8ee5-52a8c24ada3d_756554cc-c3ba-4932-aec3-0ee497e122c2.jpg/250x188.webp,72.45305351002509,5465
4286146f-06d3-4c19-9de1-6e0d9acb34e5,Nissan,Juke,1.5 dCi 2WD Tekna+Leather DPF,PrivateSeller,6800,d,170000,05-2012,6000,https://prod.pictures.autoscout24.net/listing-images/4286146f-06d3-4c19-9de1-6e0d9acb34e5_345b7a82-d5fe-4d29-8623-b5e984b93446.jpg/250x188.webp https://prod.pictures.autoscout24.net/listing-images/4286146f-06d3-4c19-9de1-6e0d9acb34e5_eb4c7be2-d6db-4ac6-8986-ae36cb2ebebf.jpg/250x188.webp https://prod.pictures.autoscout24.net/listing-images/4286146f-06d3-4c19-9de1-6e0d9acb34e5_6ca4c94f-537b-4150-85fe-f6a5c2569d92.jpg/250x188.webp https://prod.pictures.autoscout24.net/listing-images/4286146f-06d3-4c19-9de1-6e0d9acb34e5_501dc2e2-4980-437c-a792-1539427f2557.jpg/250x188.webp https://prod.pictures.autoscout24.net/listing-images/4286146f-06d3-4c19-9de1-6e0d9acb34e5_28016fde-a8d9-4cb1-a281-b162fa05cd86.jpg/250x188.webp https://prod.pictures.autoscout24.net/listing-images/4286146f-06d3-4c19-9de1-6e0d9acb34e5_5cebffdd-45a2-473a-86f1-9fc28bc27fa9.jpg/250x188.webp https://prod.pictures.autoscout24.net/listing-images/4286146f-06d3-4c19-9de1-6e0d9acb34e5_8587292b-2534-4039-8031-b986c93b5ac4.jpg/250x188.webp https://prod.pictures.autoscout24.net/listing-images/4286146f-06d3-4c19-9de1-6e0d9acb34e5_a449887e-db1d-4181-8493-58335d6f781b.jpg/250x188.webp https://prod.pictures.autoscout24.net/listing-images/4286146f-06d3-4c19-9de1-6e0d9acb34e5_1c0ff1c2-427d-4bb4-8914-e524f7a726b5.jpg/250x188.webp https://prod.pictures.autoscout24.net/listing-images/4286146f-06d3-4c19-9de1-6e0d9acb34e5_2d2f649b-b887-4444-b70c-e038749e8f2d.jpg/250x188.webp https://prod.pictures.autoscout24.net/listing-images/4286146f-06d3-4c19-9de1-6e0d9acb34e5_c9f18f92-05f1-4859-96b9-a2d7c1cce6cc.jpg/250x188.webp https://prod.pictures.autoscout24.net/listing-images/4286146f-06d3-4c19-9de1-6e0d9acb34e5_88fd94fa-cba2-43f3-908a-c9b86baab025.jpg/250x188.webp https://prod.pictures.autoscout24.net/listing-images/4286146f-06d3-4c19-9de1-6e0d9acb34e5_c49c19fe-c581-4714-b940-1432da68698b.jpg/250x188.webp,117.49014599385939,3883
4517ef0d-3fca-4457-9ca4-45122c52ba30,Nissan,Micra,1.2i Pack 1 Prop Entret Nissan Airco Blutooth,Dealer,6888,b,83960,02-2015,7060,https://prod.pictures.autoscout24.net/listing-images/4517ef0d-3fca-4457-9ca4-45122c52ba30_cb709cb7-1ae1-4e13-b910-ae905588dc8a.jpg/250x188.webp https://prod.pictures.autoscout24.net/listing-images/4517ef0d-3fca-4457-9ca4-45122c52ba30_b157025c-2470-4092-bffa-1e793e99304a.jpg/250x188.webp https://prod.pictures.autoscout24.net/listing-images/4517ef0d-3fca-4457-9ca4-45122c52ba30_a5481c5f-702a-490b-b495-51092eb92d50.jpg/250x188.webp https://prod.pictures.autoscout24.net/listing-images/4517ef0d-3fca-4457-9ca4-45122c52ba30_f9399fda-2d70-42ef-8075-8d771441fc1d.jpg/250x188.webp https://prod.pictures.autoscout24.net/listing-images/4517ef0d-3fca-4457-9ca4-45122c52ba30_5930a356-4cba-4a85-b6ef-31e5a5b7aa3f.jpg/250x188.webp https://prod.pictures.autoscout24.net/listing-images/4517ef0d-3fca-4457-9ca4-45122c52ba30_a830efa4-5873-4679-9560-2caec4bb0538.jpg/250x188.webp https://prod.pictures.autoscout24.net/listing-images/4517ef0d-3fca-4457-9ca4-45122c52ba30_56c84714-a533-4bcd-8ec7-87c68a5451c8.jpg/250x188.webp https://prod.pictures.autoscout24.net/listing-images/4517ef0d-3fca-4457-9ca4-45122c52ba30_bae3d9cb-d552-48cd-accb-0af283abc004.jpg/250x188.webp https://prod.pictures.autoscout24.net/listing-images/4517ef0d-3fca-4457-9ca4-45122c52ba30_502a1b03-fffa-48e0-80b6-3c608622bd86.jpg/250x188.webp https://prod.pictures.autoscout24.net/listing-images/4517ef0d-3fca-4457-9ca4-45122c52ba30_2c7b3db7-019d-47b6-8d87-f724934b55ac.jpg/250x188.webp https://prod.pictures.autoscout24.net/listing-images/4517ef0d-3fca-4457-9ca4-45122c52ba30_9d5deb90-ae74-44a3-b302-bb6664928412.jpg/250x188.webp https://prod.pictures.autoscout24.net/listing-images/4517ef0d-3fca-4457-9ca4-45122c52ba30_07c6a9dd-2c92-4432-9c8d-7ff03e74c88a.jpg/250x188.webp https://prod.pictures.autoscout24.net/listing-images/4517ef0d-3fca-4457-9ca4-45122c52ba30_c6ca26f7-0daa-4c75-b35b-3230901279db.jpg/250x188.webp https://prod.pictures.autoscout24.net/listing-images/4517ef0d-3fca-4457-9ca4-45122c52ba30_399ff669-7ab3-43bf-bbd6-eb6cf5b92b22.jpg/250x188.webp https://prod.pictures.autoscout24.net/listing-images/4517ef0d-3fca-4457-9ca4-45122c52ba30_2af8ccc3-8753-4cb7-a431-d9bbb3a2268d.jpg/250x188.webp https://prod.pictures.autoscout24.net/listing-images/4517ef0d-3fca-4457-9ca4-45122c52ba30_3dcac309-d6e6-49f9-879c-5fb2e8db88eb.jpg/250x188.webp https://prod.pictures.autoscout24.net/listing-images/4517ef0d-3fca-4457-9ca4-45122c52ba30_bdc15d40-474e-41bd-b7d1-b5bc621ce289.jpg/250x188.webp https://prod.pictures.autoscout24.net/listing-images/4517ef0d-3fca-4457-9ca4-45122c52ba30_079729f1-196c-4d6e-8790-4c5ea4ad186d.jpg/250x188.webp https://prod.pictures.autoscout24.net/listing-images/4517ef0d-3fca-4457-9ca4-45122c52ba30_546c137d-c5b1-4ccc-b091-ffc53c260170.jpg/250x188.webp,102.95472204892502,2877
da3e1b8b-1fa8-40ef-ac70-5d3fd40a8a3d,Nissan,Juke,Export /marchand/cuir/clim,Dealer,6899,d,176000,03-2013,7301,https://prod.pictures.autoscout24.net/listing-images/da3e1b8b-1fa8-40ef-ac70-5d3fd40a8a3d_a4d9dd82-adb5-4b31-9055-bd67dd78e8e1.jpg/250x188.webp https://prod.pictures.autoscout24.net/listing-images/da3e1b8b-1fa8-40ef-ac70-5d3fd40a8a3d_320e5801-c8da-41d2-b029-554fb30a04c1.jpg/250x188.webp https://prod.pictures.autoscout24.net/listing-images/da3e1b8b-1fa8-40ef-ac70-5d3fd40a8a3d_6c142e21-7ef3-4e23-ad30-c801eec73886.jpg/250x188.webp https://prod.pictures.autoscout24.net/listing-images/da3e1b8b-1fa8-40ef-ac70-5d3fd40a8a3d_a8748970-1b87-4b36-b403-9b8b9ce4562c.jpg/250x188.webp https://prod.pictures.autoscout24.net/listing-images/da3e1b8b-1fa8-40ef-ac70-5d3fd40a8a3d_49c1ae3b-7a1b-4b23-bb7d-573e3a04da0a.jpg/250x188.webp https://prod.pictures.autoscout24.net/listing-images/da3e1b8b-1fa8-40ef-ac70-5d3fd40a8a3d_576c5d37-55a6-4a5a-84ab-a51ce836145a.jpg/250x188.webp https://prod.pictures.autoscout24.net/listing-images/da3e1b8b-1fa8-40ef-ac70-5d3fd40a8a3d_b5273e59-a04e-49c1-9e93-cec359920a91.jpg/250x188.webp https://prod.pictures.autoscout24.net/listing-images/da3e1b8b-1fa8-40ef-ac70-5d3fd40a8a3d_b0ffe128-8ba5-48fa-8466-3f23a381795a.jpg/250x188.webp https://prod.pictures.autoscout24.net/listing-images/da3e1b8b-1fa8-40ef-ac70-5d3fd40a8a3d_ca01b20c-e4c8-4907-bbc4-8efd49aeaf0b.jpg/250x188.webp https://prod.pictures.autoscout24.net/listing-images/da3e1b8b-1fa8-40ef-ac70-5d3fd40a8a3d_be4af543-0217-4722-8606-db641fb9abd0.jpg/250x188.webp https://prod.pictures.autoscout24.net/listing-images/da3e1b8b-1fa8-40ef-ac70-5d3fd40a8a3d_8897ecbd-4fc0-4b57-867d-8a645fb577eb.jpg/250x188.webp https://prod.pictures.autoscout24.net/listing-images/da3e1b8b-1fa8-40ef-ac70-5d3fd40a8a3d_14c566cb-716e-4d08-875e-06630551388b.jpg/250x188.webp https://prod.pictures.autoscout24.net/listing-images/da3e1b8b-1fa8-40ef-ac70-5d3fd40a8a3d_2a7066ca-f6db-4d2d-95d0-6302a9fb015c.jpg/250x188.webp https://prod.pictures.autoscout24.net/listing-images/da3e1b8b-1fa8-40ef-ac70-5d3fd40a8a3d_cacafce4-5aed-46bc-b9c8-699784c17df6.jpg/250x188.webp https://prod.pictures.autoscout24.net/listing-images/da3e1b8b-1fa8-40ef-ac70-5d3fd40a8a3d_b9770813-fd17-4a1e-a0bc-92b7e4f6930d.jpg/250x188.webp,123.56105896109892,3579
dadf13bf-484a-4bbb-8a7f-e9ba16ab78f2,Nissan,Navara,_2.5 DCI (190CH)_02/2006🔺EURO 3_A/C_EQUIP🔺,Dealer,6900,d,289775,02-2006,5140,https://prod.pictures.autoscout24.net/listing-images/dadf13bf-484a-4bbb-8a7f-e9ba16ab78f2_14913646-4c77-4f24-b253-3289507f95be.jpg/250x188.webp https://prod.pictures.autoscout24.net/listing-images/dadf13bf-484a-4bbb-8a7f-e9ba16ab78f2_48372605-2a93-405c-b9b9-141ad17f14bf.jpg/250x188.webp https://prod.pictures.autoscout24.net/listing-images/dadf13bf-484a-4bbb-8a7f-e9ba16ab78f2_0afc8426-676e-473e-ad9a-ba3f5d9c86e7.jpg/250x188.webp https://prod.pictures.autoscout24.net/listing-images/dadf13bf-484a-4bbb-8a7f-e9ba16ab78f2_2761bb9a-573e-4238-b15b-34d553324c83.jpg/250x188.webp https://prod.pictures.autoscout24.net/listing-images/dadf13bf-484a-4bbb-8a7f-e9ba16ab78f2_e773915f-2c30-4192-9114-eeba489f4c53.jpg/250x188.webp https://prod.pictures.autoscout24.net/listing-images/dadf13bf-484a-4bbb-8a7f-e9ba16ab78f2_920ac0bd-df8f-4e3c-8f2f-44054120706b.jpg/250x188.webp https://prod.pictures.autoscout24.net/listing-images/dadf13bf-484a-4bbb-8a7f-e9ba16ab78f2_da969083-b1e6-49b1-8427-6925a537ad93.jpg/250x188.webp https://prod.pictures.autoscout24.net/listing-images/dadf13bf-484a-4bbb-8a7f-e9ba16ab78f2_dee4fcd5-4288-4437-9790-d79303ab6651.jpg/250x188.webp https://prod.pictures.autoscout24.net/listing-images/dadf13bf-484a-4bbb-8a7f-e9ba16ab78f2_0f271e76-7d2e-4ab5-9929-ca751d90b502.jpg/250x188.webp https://prod.pictures.autoscout24.net/listing-images/dadf13bf-484a-4bbb-8a7f-e9ba16ab78f2_e20545b6-0cc7-44a5-808c-20ab33eb98b3.jpg/250x188.webp https://prod.pictures.autoscout24.net/listing-images/dadf13bf-484a-4bbb-8a7f-e9ba16ab78f2_18a2cbc1-1813-42c1-bfa2-079e35afd5f6.jpg/250x188.webp https://prod.pictures.autoscout24.net/listing-images/dadf13bf-484a-4bbb-8a7f-e9ba16ab78f2_3f032ed3-15da-499a-a3bb-55ea3196d91e.jpg/250x188.webp https://prod.pictures.autoscout24.net/listing-images/dadf13bf-484a-4bbb-8a7f-e9ba16ab78f2_ebe465ff-7f7a-4631-9315-dc489c0c2919.jpg/250x188.webp https://prod.pictures.autoscout24.net/listing-images/dadf13bf-484a-4bbb-8a7f-e9ba16ab78f2_e2904c63-7b47-424a-b1bd-0cdf6bc04efd.jpg/250x188.webp https://prod.pictures.autoscout24.net/listing-images/dadf13bf-484a-4bbb-8a7f-e9ba16ab78f2_fb8f87f1-6122-447a-aea4-f277fa4db6b5.jpg/250x188.webp,104.85389989976589,6164
8ce11987-5c41-4282-81ca-2238d396af17,Nissan,Micra,1.2i 80PK ACENTA,Dealer,6900,b,83454,11-2014,2300,https://prod.pictures.autoscout24.net/listing-images/8ce11987-5c41-4282-81ca-2238d396af17_69564fe5-a4d1-4193-87b9-abb350031e25.jpg/250x188.webp https://prod.pictures.autoscout24.net/listing-images/8ce11987-5c41-4282-81ca-2238d396af17_9a6c10c1-435e-4260-af77-f8db882f9e0b.jpg/250x188.webp https://prod.pictures.autoscout24.net/listing-images/8ce11987-5c41-4282-81ca-2238d396af17_912779de-7dc4-42c0-a064-b8ae9a9838c8.jpg/250x188.webp https://prod.pictures.autoscout24.net/listing-images/8ce11987-5c41-4282-81ca-2238d396af17_967afea6-17f6-4f25-b4f2-94611d691880.jpg/250x188.webp https://prod.pictures.autoscout24.net/listing-images/8ce11987-5c41-4282-81ca-2238d396af17_6e65853c-7fd7-4d4e-b642-33b5c4a7b513.jpg/250x188.webp https://prod.pictures.autoscout24.net/listing-images/8ce11987-5c41-4282-81ca-2238d396af17_a97a08e9-7b8f-450d-923c-b7c1bb9c87fb.jpg/250x188.webp https://prod.pictures.autoscout24.net/listing-images/8ce11987-5c41-4282-81ca-2238d396af17_2f87a349-1228-4fe6-9817-f4391b62e3a3.jpg/250x188.webp https://prod.pictures.autoscout24.net/listing-images/8ce11987-5c41-4282-81ca-2238d396af17_9316118b-d357-4af6-a9f8-87abdd884ace.jpg/250x188.webp https://prod.pictures.autoscout24.net/listing-images/8ce11987-5c41-4282-81ca-2238d396af17_da59c237-31a7-466a-a710-5b9c6a911fd1.jpg/250x188.webp https://prod.pictures.autoscout24.net/listing-images/8ce11987-5c41-4282-81ca-2238d396af17_51700b50-e728-4b6b-921e-914fdd404978.jpg/250x188.webp https://prod.pictures.autoscout24.net/listing-images/8ce11987-5c41-4282-81ca-2238d396af17_c13a7182-f737-400f-bbcd-56142d0a96dc.jpg/250x188.webp https://prod.pictures.autoscout24.net/listing-images/8ce11987-5c41-4282-81ca-2238d396af17_86ef3d64-8c62-4719-b3b0-7cfb405da41a.jpg/250x188.webp https://prod.pictures.autoscout24.net/listing-images/8ce11987-5c41-4282-81ca-2238d396af17_21399a39-ecca-4d89-8440-b92b94fef2cb.jpg/250x188.webp https://prod.pictures.autoscout24.net/listing-images/8ce11987-5c41-4282-81ca-2238d396af17_04d1ef7a-7bce-446a-97fc-ab768e2bc4f2.jpg/250x188.webp https://prod.pictures.autoscout24.net/listing-images/8ce11987-5c41-4282-81ca-2238d396af17_6272ffe7-e13a-4d31-8ae4-463e8fba8faf.jpg/250x188.webp https://prod.pictures.autoscout24.net/listing-images/8ce11987-5c41-4282-81ca-2238d396af17_9763ee98-3190-44f4-8a90-de39dab9a083.jpg/250x188.webp https://prod.pictures.autoscout24.net/listing-images/8ce11987-5c41-4282-81ca-2238d396af17_0120d569-b60b-46d8-9bcb-156919ad5d11.jpg/250x188.webp https://prod.pictures.autoscout24.net/listing-images/8ce11987-5c41-4282-81ca-2238d396af17_04077cfe-0d75-41f3-9dce-b0c2aa8fa696.jpg/250x188.webp,36.751136569594,2969
6d3bcd4c-5dce-4a1c-b579-d786b0d7bb2d,Nissan,Qashqai+2,1.5 dCi 2WD Tekna,PrivateSeller,6900,d,188000,04-2010,3620,https://prod.pictures.autoscout24.net/listing-images/6d3bcd4c-5dce-4a1c-b579-d786b0d7bb2d_bf1077d4-35e7-4b88-b50b-1aa9b043a3b7.jpg/250x188.webp https://prod.pictures.autoscout24.net/listing-images/6d3bcd4c-5dce-4a1c-b579-d786b0d7bb2d_7c111a2b-5490-4e65-aa8e-73b11c297b8b.jpg/250x188.webp https://prod.pictures.autoscout24.net/listing-images/6d3bcd4c-5dce-4a1c-b579-d786b0d7bb2d_d4850a8b-975a-4b18-b113-0e76f341d74e.jpg/250x188.webp https://prod.pictures.autoscout24.net/listing-images/6d3bcd4c-5dce-4a1c-b579-d786b0d7bb2d_072f5723-ec51-468c-b7b8-179753b69099.jpg/250x188.webp https://prod.pictures.autoscout24.net/listing-images/6d3bcd4c-5dce-4a1c-b579-d786b0d7bb2d_2e4bf520-5709-4560-88fa-d0d368cdc04d.jpg/250x188.webp https://prod.pictures.autoscout24.net/listing-images/6d3bcd4c-5dce-4a1c-b579-d786b0d7bb2d_7150bd36-60f6-4acc-b97f-2ee878e1ddba.jpg/250x188.webp https://prod.pictures.autoscout24.net/listing-images/6d3bcd4c-5dce-4a1c-b579-d786b0d7bb2d_18d0494b-b764-4837-93c8-9397ba654353.jpg/250x188.webp https://prod.pictures.autoscout24.net/listing-images/6d3bcd4c-5dce-4a1c-b579-d786b0d7bb2d_7e5a8f92-bc4f-4688-8a80-c7c616b21894.jpg/250x188.webp https://prod.pictures.autoscout24.net/listing-images/6d3bcd4c-5dce-4a1c-b579-d786b0d7bb2d_0fa5812e-86c5-47fe-8f11-2be90741e521.jpg/250x188.webp https://prod.pictures.autoscout24.net/listing-images/6d3bcd4c-5dce-4a1c-b579-d786b0d7bb2d_7864c495-ab83-4298-b4bd-8f5efd1b8f3d.jpg/250x188.webp,104.36478822085542,4644
58c1571c-28d2-4c56-bbf5-63f479be509a,Nissan,Micra,1.2i Acenta,PrivateSeller,6950,b,49070,08-2016,8380,https://prod.pictures.autoscout24.net/listing-images/58c1571c-28d2-4c56-bbf5-63f479be509a_75b7a9b2-a998-4aa5-86ab-d9ddb2509b1c.jpg/250x188.webp https://prod.pictures.autoscout24.net/listing-images/58c1571c-28d2-4c56-bbf5-63f479be509a_38de0a5b-a4a3-4755-bb8a-79a470d441d7.jpg/250x188.webp https://prod.pictures.autoscout24.net/listing-images/58c1571c-28d2-4c56-bbf5-63f479be509a_5351f688-589b-40cc-a6cb-df3756dfa64d.jpg/250x188.webp https://prod.pictures.autoscout24.net/listing-images/58c1571c-28d2-4c56-bbf5-63f479be509a_53772f6d-1cb2-4698-b777-6d41c048c8a6.jpg/250x188.webp https://prod.pictures.autoscout24.net/listing-images/58c1571c-28d2-4c56-bbf5-63f479be509a_1ba4a76f-2578-404f-a06c-c446d6f5d887.jpg/250x188.webp https://prod.pictures.autoscout24.net/listing-images/58c1571c-28d2-4c56-bbf5-63f479be509a_4cf00f17-f6e9-4a52-826e-c12b0c878a39.jpg/250x188.webp https://prod.pictures.autoscout24.net/listing-images/58c1571c-28d2-4c56-bbf5-63f479be509a_95b6933f-0aa8-4660-b7ec-a9f69a0d00de.jpg/250x188.webp,90.14800322419548,2330
17bdde82-0a8f-4a50-8203-f70f35ae1f1b,Nissan,Qashqai,1.5 dCi 2WD Tekna+Connect,Dealer,6950,d,138000,10-2010,6060,https://prod.pictures.autoscout24.net/listing-images/17bdde82-0a8f-4a50-8203-f70f35ae1f1b_999b8027-f102-496e-9dbe-6a887408f115.jpg/250x188.webp https://prod.pictures.autoscout24.net/listing-images/17bdde82-0a8f-4a50-8203-f70f35ae1f1b_2a0e8ed1-63e5-4ca6-ba15-fbe50fcefc53.jpg/250x188.webp https://prod.pictures.autoscout24.net/listing-images/17bdde82-0a8f-4a50-8203-f70f35ae1f1b_16a0363d-6fc8-4741-b9fa-a76ce291f1a8.jpg/250x188.webp https://prod.pictures.autoscout24.net/listing-images/17bdde82-0a8f-4a50-8203-f70f35ae1f1b_d66f4c37-7f5b-4f3e-b929-52a82853a232.jpg/250x188.webp https://prod.pictures.autoscout24.net/listing-images/17bdde82-0a8f-4a50-8203-f70f35ae1f1b_a1d4733a-c5db-454d-8df6-09128c9f3391.jpg/250x188.webp https://prod.pictures.autoscout24.net/listing-images/17bdde82-0a8f-4a50-8203-f70f35ae1f1b_a3ca029a-c0bf-4fb5-b5fb-502275d38744.jpg/250x188.webp https://prod.pictures.autoscout24.net/listing-images/17bdde82-0a8f-4a50-8203-f70f35ae1f1b_5e876973-8840-486c-a89b-1ab77ed12e02.jpg/250x188.webp https://prod.pictures.autoscout24.net/listing-images/17bdde82-0a8f-4a50-8203-f70f35ae1f1b_07c1d74a-3a4d-462d-a242-71e0b0fab6b8.jpg/250x188.webp https://prod.pictures.autoscout24.net/listing-images/17bdde82-0a8f-4a50-8203-f70f35ae1f1b_8085c424-e31a-4876-80bc-ea1e8cacc400.jpg/250x188.webp https://prod.pictures.autoscout24.net/listing-images/17bdde82-0a8f-4a50-8203-f70f35ae1f1b_465b6add-797c-4595-8fc9-2d842992394a.jpg/250x188.webp https://prod.pictures.autoscout24.net/listing-images/17bdde82-0a8f-4a50-8203-f70f35ae1f1b_e350425e-d65e-4633-96e4-2cb74be069ca.jpg/250x188.webp https://prod.pictures.autoscout24.net/listing-images/17bdde82-0a8f-4a50-8203-f70f35ae1f1b_70a76146-46ba-43b5-9fd7-178a5039bd67.jpg/250x188.webp,116.023023143389,4461
25386813-8f3a-44d7-afa4-f70f40aa444c,Nissan,Micra,1.2i Acenta,PrivateSeller,6950,b,50000,08-2016,8380,https://prod.pictures.autoscout24.net/listing-images/25386813-8f3a-44d7-afa4-f70f40aa444c_07cabc61-e6a8-44b0-a5c1-531c64f3e86f.jpg/250x188.webp https://prod.pictures.autoscout24.net/listing-images/25386813-8f3a-44d7-afa4-f70f40aa444c_05b153ab-4eb5-4a20-a895-6adc4b07f213.jpg/250x188.webp https://prod.pictures.autoscout24.net/listing-images/25386813-8f3a-44d7-afa4-f70f40aa444c_cc5cb1fe-8ea8-4298-aeb5-37bf41070bf5.jpg/250x188.webp https://prod.pictures.autoscout24.net/listing-images/25386813-8f3a-44d7-afa4-f70f40aa444c_11410224-73f1-43a1-9061-a62ef3ca64ca.jpg/250x188.webp https://prod.pictures.autoscout24.net/listing-images/25386813-8f3a-44d7-afa4-f70f40aa444c_9f278595-596f-4295-8a35-d1b1e85b879a.jpg/250x188.webp https://prod.pictures.autoscout24.net/listing-images/25386813-8f3a-44d7-afa4-f70f40aa444c_0a0102a4-3757-4edb-8cc8-2b2bca70cc46.jpg/250x188.webp https://prod.pictures.autoscout24.net/listing-images/25386813-8f3a-44d7-afa4-f70f40aa444c_01f90e86-5418-425b-b39a-c34ff47f98d0.jpg/250x188.webp https://prod.pictures.autoscout24.net/listing-images/25386813-8f3a-44d7-afa4-f70f40aa444c_640bac78-e71f-4d64-a495-ff01338ac4af.jpg/250x188.webp,90.14800322419548,2330
7ebac8c3-bd2e-4a54-964c-a38301102e6d,Nissan,NV200,Euro 5  nouvelle distribution + pompe à eau,Dealer,6950,d,157000,12-2012,1601,https://prod.pictures.autoscout24.net/listing-images/7ebac8c3-bd2e-4a54-964c-a38301102e6d_d63c1ff9-cafd-446e-b033-c8b317e4cfbb.jpg/250x188.webp https://prod.pictures.autoscout24.net/listing-images/7ebac8c3-bd2e-4a54-964c-a38301102e6d_58c99f33-e7dd-4884-a939-f60d01342c84.jpg/250x188.webp https://prod.pictures.autoscout24.net/listing-images/7ebac8c3-bd2e-4a54-964c-a38301102e6d_724285e7-5b63-4ec6-8a4a-2f85a7693340.jpg/250x188.webp https://prod.pictures.autoscout24.net/listing-images/7ebac8c3-bd2e-4a54-964c-a38301102e6d_1ecb388d-fe98-4314-9e95-741dd992dee6.jpg/250x188.webp https://prod.pictures.autoscout24.net/listing-images/7ebac8c3-bd2e-4a54-964c-a38301102e6d_d828bd41-3224-4de6-bd13-330b8a171543.jpg/250x188.webp https://prod.pictures.autoscout24.net/listing-images/7ebac8c3-bd2e-4a54-964c-a38301102e6d_693847fe-4110-40ab-9d49-4ae0c78eff79.jpg/250x188.webp https://prod.pictures.autoscout24.net/listing-images/7ebac8c3-bd2e-4a54-964c-a38301102e6d_863cd3da-39e0-4988-86a0-7c2c6974c31f.jpg/250x188.webp https://prod.pictures.autoscout24.net/listing-images/7ebac8c3-bd2e-4a54-964c-a38301102e6d_6e2dde7b-7bcb-49fd-8efa-3c2049881e96.jpg/250x188.webp https://prod.pictures.autoscout24.net/listing-images/7ebac8c3-bd2e-4a54-964c-a38301102e6d_88642660-8ff1-4cd0-b038-b71a617737cd.jpg/250x188.webp https://prod.pictures.autoscout24.net/listing-images/7ebac8c3-bd2e-4a54-964c-a38301102e6d_8c4a9ef9-d562-471f-8349-3019cad7a279.jpg/250x188.webp,76.3100421089918,3669
11bc563d-4c42-4c4f-8a7d-c5570e0498e7,Nissan,Micra,1.2i Airco Bluethoot 45000km!!!,Dealer,6990,b,45000,06-2011,1083,https://prod.pictures.autoscout24.net/listing-images/11bc563d-4c42-4c4f-8a7d-c5570e0498e7_6f8f82e1-4e36-4d7c-b289-ba6b1f9899f5.jpg/250x188.webp https://prod.pictures.autoscout24.net/listing-images/11bc563d-4c42-4c4f-8a7d-c5570e0498e7_90699257-e9b4-4b40-b4f4-078ccc7c04de.jpg/250x188.webp https://prod.pictures.autoscout24.net/listing-images/11bc563d-4c42-4c4f-8a7d-c5570e0498e7_f2efafb2-9f7f-411f-b747-de142fa0019a.jpg/250x188.webp https://prod.pictures.autoscout24.net/listing-images/11bc563d-4c42-4c4f-8a7d-c5570e0498e7_74df9710-378b-49fd-8fda-bf5a3eed1252.jpg/250x188.webp https://prod.pictures.autoscout24.net/listing-images/11bc563d-4c42-4c4f-8a7d-c5570e0498e7_eb78fc6a-9d34-41cd-86d7-ac4ea3fc296f.jpg/250x188.webp https://prod.pictures.autoscout24.net/listing-images/11bc563d-4c42-4c4f-8a7d-c5570e0498e7_1d6645e1-c4b2-472b-b699-5bd70647bfcf.jpg/250x188.webp https://prod.pictures.autoscout24.net/listing-images/11bc563d-4c42-4c4f-8a7d-c5570e0498e7_0f8680f6-22c9-4d9a-b7ea-17af1f9c2771.jpg/250x188.webp https://prod.pictures.autoscout24.net/listing-images/11bc563d-4c42-4c4f-8a7d-c5570e0498e7_6f002cbb-dd9d-4437-8137-7e012bec2d22.jpg/250x188.webp https://prod.pictures.autoscout24.net/listing-images/11bc563d-4c42-4c4f-8a7d-c5570e0498e7_9524d463-0df1-4d01-906b-50fab0c2aeca.jpg/250x188.webp https://prod.pictures.autoscout24.net/listing-images/11bc563d-4c42-4c4f-8a7d-c5570e0498e7_5eb7d4be-f3f0-4ec3-885c-41448c17f6de.jpg/250x188.webp https://prod.pictures.autoscout24.net/listing-images/11bc563d-4c42-4c4f-8a7d-c5570e0498e7_fbaa9aea-7bb3-470b-8aab-47b412040000.jpg/250x188.webp https://prod.pictures.autoscout24.net/listing-images/11bc563d-4c42-4c4f-8a7d-c5570e0498e7_8f0a55dc-060e-4eef-8130-8b42d4da638f.jpg/250x188.webp https://prod.pictures.autoscout24.net/listing-images/11bc563d-4c42-4c4f-8a7d-c5570e0498e7_99e04d15-58f3-4f22-8aa1-73edd405b423.jpg/250x188.webp,67.26476839570763,4218
51f0a58c-c756-462e-87c0-7365e9f8d38e,Nissan,Leaf,ELECTRIQUE//108.000km,Dealer,6990,e,108000,06-2013,1930,https://prod.pictures.autoscout24.net/listing-images/51f0a58c-c756-462e-87c0-7365e9f8d38e_afe8df68-bbfe-4ecb-850c-bcadeb66431a.jpg/250x188.webp https://prod.pictures.autoscout24.net/listing-images/51f0a58c-c756-462e-87c0-7365e9f8d38e_cb3959b6-08e7-40cc-b2f4-c38458b827be.jpg/250x188.webp https://prod.pictures.autoscout24.net/listing-images/51f0a58c-c756-462e-87c0-7365e9f8d38e_e31543cf-24f4-4e0c-9e0f-32aed1414dda.jpg/250x188.webp https://prod.pictures.autoscout24.net/listing-images/51f0a58c-c756-462e-87c0-7365e9f8d38e_9b7cbac3-e7a1-40bf-8ed2-27c8431c99d5.jpg/250x188.webp https://prod.pictures.autoscout24.net/listing-images/51f0a58c-c756-462e-87c0-7365e9f8d38e_313ccf62-ec21-4620-a1b4-b0b184b49dc9.jpg/250x188.webp https://prod.pictures.autoscout24.net/listing-images/51f0a58c-c756-462e-87c0-7365e9f8d38e_5ea4fc62-47c8-49cf-9712-a32d71b03258.jpg/250x188.webp https://prod.pictures.autoscout24.net/listing-images/51f0a58c-c756-462e-87c0-7365e9f8d38e_2e1c2ae8-e7f9-4e84-b1b7-f9cf8a957324.jpg/250x188.webp https://prod.pictures.autoscout24.net/listing-images/51f0a58c-c756-462e-87c0-7365e9f8d38e_f2815184-a7c9-4ef7-be8e-071d75e95488.jpg/250x188.webp https://prod.pictures.autoscout24.net/listing-images/51f0a58c-c756-462e-87c0-7365e9f8d38e_d07edeb3-0297-4e6c-b986-206be0aab11d.jpg/250x188.webp https://prod.pictures.autoscout24.net/listing-images/51f0a58c-c756-462e-87c0-7365e9f8d38e_82d04db2-7c5e-4671-814f-ae401f45a79c.jpg/250x188.webp https://prod.pictures.autoscout24.net/listing-images/51f0a58c-c756-462e-87c0-7365e9f8d38e_31e80358-8466-4c19-81d1-f97849fa7105.jpg/250x188.webp https://prod.pictures.autoscout24.net/listing-images/51f0a58c-c756-462e-87c0-7365e9f8d38e_38af37de-526f-4da7-8ced-1efbe71d5b7e.jpg/250x188.webp https://prod.pictures.autoscout24.net/listing-images/51f0a58c-c756-462e-87c0-7365e9f8d38e_6461b84a-4a10-440b-bcf6-037996ec6693.jpg/250x188.webp,65.18883147641638,3487
8903009a-7948-4e4a-b7f8-41b2e6ef1380,Nissan,Micra,BLUETOOTH - CLIMATISATION,Dealer,6990,b,62931,04-2014,5060,https://prod.pictures.autoscout24.net/listing-images/8903009a-7948-4e4a-b7f8-41b2e6ef1380_51f47325-ca4a-420d-8f93-1ad84381be9c.jpg/250x188.webp https://prod.pictures.autoscout24.net/listing-images/8903009a-7948-4e4a-b7f8-41b2e6ef1380_d004e463-ed28-4cd1-baa6-6eaca3804f6c.jpg/250x188.webp https://prod.pictures.autoscout24.net/listing-images/8903009a-7948-4e4a-b7f8-41b2e6ef1380_11b79525-1350-409b-b641-a980d0647f64.jpg/250x188.webp https://prod.pictures.autoscout24.net/listing-images/8903009a-7948-4e4a-b7f8-41b2e6ef1380_e31acfdf-5eac-41a2-a543-982da50d1038.jpg/250x188.webp https://prod.pictures.autoscout24.net/listing-images/8903009a-7948-4e4a-b7f8-41b2e6ef1380_2b78dad1-dbb7-44c7-96c7-d4e6612146f6.jpg/250x188.webp https://prod.pictures.autoscout24.net/listing-images/8903009a-7948-4e4a-b7f8-41b2e6ef1380_317eafa9-06c0-4773-9429-d45b9f2987b0.jpg/250x188.webp https://prod.pictures.autoscout24.net/listing-images/8903009a-7948-4e4a-b7f8-41b2e6ef1380_40055620-3db5-407f-bdd1-c75d2e32778a.jpg/250x188.webp https://prod.pictures.autoscout24.net/listing-images/8903009a-7948-4e4a-b7f8-41b2e6ef1380_be078655-67ed-4f88-8181-8bf59bb2cdfa.jpg/250x188.webp https://prod.pictures.autoscout24.net/listing-images/8903009a-7948-4e4a-b7f8-41b2e6ef1380_a9ec9006-b36c-4468-bd57-ee4a2cae5e92.jpg/250x188.webp https://prod.pictures.autoscout24.net/listing-images/8903009a-7948-4e4a-b7f8-41b2e6ef1380_95568973-b730-4725-93de-6033108988d4.jpg/250x188.webp https://prod.pictures.autoscout24.net/listing-images/8903009a-7948-4e4a-b7f8-41b2e6ef1380_2fdee7a8-0acb-425c-a69c-6e29b61bda6e.jpg/250x188.webp https://prod.pictures.autoscout24.net/listing-images/8903009a-7948-4e4a-b7f8-41b2e6ef1380_ef2d8522-93e1-479f-be7f-ddc538d225bd.jpg/250x188.webp https://prod.pictures.autoscout24.net/listing-images/8903009a-7948-4e4a-b7f8-41b2e6ef1380_0f261fa3-42dd-4f3d-8f37-fff529cae0b5.jpg/250x188.webp https://prod.pictures.autoscout24.net/listing-images/8903009a-7948-4e4a-b7f8-41b2e6ef1380_c902bf31-985c-4a34-ad21-51fc6f8654b9.jpg/250x188.webp,116.00750129472273,3183
aa3b814c-ac2e-47c4-bfd4-795d7364afcc,Nissan,Juke,1.6i 2WD Tekna+Leather,PrivateSeller,6999,b,150000,01-2012,4460,https://prod.pictures.autoscout24.net/listing-images/aa3b814c-ac2e-47c4-bfd4-795d7364afcc_55f0a48a-16b0-4d0e-a068-dcee90ba7b40.jpg/250x188.webp https://prod.pictures.autoscout24.net/listing-images/aa3b814c-ac2e-47c4-bfd4-795d7364afcc_1a3e21f9-cdb5-4338-81ae-79a07c98397b.jpg/250x188.webp https://prod.pictures.autoscout24.net/listing-images/aa3b814c-ac2e-47c4-bfd4-795d7364afcc_81859f63-960a-4dbd-90d4-4cfa2d8c1fcc.jpg/250x188.webp https://prod.pictures.autoscout24.net/listing-images/aa3b814c-ac2e-47c4-bfd4-795d7364afcc_457514f3-4328-47e5-bd67-67f8a0bbc15e.jpg/250x188.webp https://prod.pictures.autoscout24.net/listing-images/aa3b814c-ac2e-47c4-bfd4-795d7364afcc_475bbbec-4d88-422f-8f44-e01cc778755b.jpg/250x188.webp https://prod.pictures.autoscout24.net/listing-images/aa3b814c-ac2e-47c4-bfd4-795d7364afcc_f0889fc1-9096-4010-afd8-7fd517e3adf9.jpg/250x188.webp https://prod.pictures.autoscout24.net/listing-images/aa3b814c-ac2e-47c4-bfd4-795d7364afcc_5e56e6c4-69c6-4df7-9816-fe17ab01341e.jpg/250x188.webp https://prod.pictures.autoscout24.net/listing-images/aa3b814c-ac2e-47c4-bfd4-795d7364afcc_9b0871ef-7af8-4a36-9ca9-b9ef4c1d38af.jpg/250x188.webp https://prod.pictures.autoscout24.net/listing-images/aa3b814c-ac2e-47c4-bfd4-795d7364afcc_bbc0e56f-00c5-4b19-93c5-a066a7de52b5.jpg/250x188.webp https://prod.pictures.autoscout24.net/listing-images/aa3b814c-ac2e-47c4-bfd4-795d7364afcc_31f18ed9-b74b-4e59-a211-59f360a7ec7e.jpg/250x188.webp https://prod.pictures.autoscout24.net/listing-images/aa3b814c-ac2e-47c4-bfd4-795d7364afcc_543d06df-8dcc-498e-b8cb-a7d6d02df5b4.jpg/250x188.webp https://prod.pictures.autoscout24.net/listing-images/aa3b814c-ac2e-47c4-bfd4-795d7364afcc_b8c73b24-6eda-46e8-a341-8e27fd332509.jpg/250x188.webp https://prod.pictures.autoscout24.net/listing-images/aa3b814c-ac2e-47c4-bfd4-795d7364afcc_6c040a49-dcc9-45bb-9a79-828ac76ef34e.jpg/250x188.webp https://prod.pictures.autoscout24.net/listing-images/aa3b814c-ac2e-47c4-bfd4-795d7364afcc_a9c8331d-a859-4243-b08d-742c342ac906.jpg/250x188.webp https://prod.pictures.autoscout24.net/listing-images/aa3b814c-ac2e-47c4-bfd4-795d7364afcc_513cf508-f4d7-49b8-b723-a10b5fcff751.jpg/250x188.webp https://prod.pictures.autoscout24.net/listing-images/aa3b814c-ac2e-47c4-bfd4-795d7364afcc_f7695a50-0031-4f02-a48d-13bedecd46ce.jpg/250x188.webp https://prod.pictures.autoscout24.net/listing-images/aa3b814c-ac2e-47c4-bfd4-795d7364afcc_ab228d8e-1540-404d-9368-3712754fc02e.jpg/250x188.webp https://prod.pictures.autoscout24.net/listing-images/aa3b814c-ac2e-47c4-bfd4-795d7364afcc_a484dc74-9160-443c-b1f5-4d2ed075da0b.jpg/250x188.webp https://prod.pictures.autoscout24.net/listing-images/aa3b814c-ac2e-47c4-bfd4-795d7364afcc_5738b53a-0e6e-45ce-b89c-9c7b4a40943f.jpg/250x188.webp https://prod.pictures.autoscout24.net/listing-images/aa3b814c-ac2e-47c4-bfd4-795d7364afcc_caeb87ef-b648-4e5a-98ab-af4267304a2b.jpg/250x188.webp,114.8668906662163,4004
8cedef15-849c-4c04-88ad-461b941c3a0c,Nissan,Note,1.5 dCi acenta,PrivateSeller,6999,d,118000,12-2013,3680,https://prod.pictures.autoscout24.net/listing-images/8cedef15-849c-4c04-88ad-461b941c3a0c_e4bb76cb-fe47-46bc-a31b-2e811f954054.jpg/250x188.webp https://prod.pictures.autoscout24.net/listing-images/8cedef15-849c-4c04-88ad-461b941c3a0c_aa436a11-c243-4c31-a838-2bc1a549b918.jpg/250x188.webp https://prod.pictures.autoscout24.net/listing-images/8cedef15-849c-4c04-88ad-461b941c3a0c_a775308a-d652-44ee-a160-1ae4f5caf97a.jpg/250x188.webp https://prod.pictures.autoscout24.net/listing-images/8cedef15-849c-4c04-88ad-461b941c3a0c_1df18421-cfd2-425c-b7f9-718e2dcb3fd4.jpg/250x188.webp https://prod.pictures.autoscout24.net/listing-images/8cedef15-849c-4c04-88ad-461b941c3a0c_693f93ff-2979-4fc7-a083-d63489300981.jpg/250x188.webp https://prod.pictures.autoscout24.net/listing-images/8cedef15-849c-4c04-88ad-461b941c3a0c_e6683eed-a48c-420d-8780-2481a3a651aa.jpg/250x188.webp https://prod.pictures.autoscout24.net/listing-images/8cedef15-849c-4c04-88ad-461b941c3a0c_fc3ed2be-5467-4f17-b604-2657d4893f0a.jpg/250x188.webp https://prod.pictures.autoscout24.net/listing-images/8cedef15-849c-4c04-88ad-461b941c3a0c_6fd42ef2-7770-4151-950a-8102eb84ce60.jpg/250x188.webp https://prod.pictures.autoscout24.net/listing-images/8cedef15-849c-4c04-88ad-461b941c3a0c_7656c4a9-3431-41b0-bfd3-e399ceeee7eb.jpg/250x188.webp https://prod.pictures.autoscout24.net/listing-images/8cedef15-849c-4c04-88ad-461b941c3a0c_ea7528ef-b1c0-4d02-abfa-1c7f63d4b87a.jpg/250x188.webp https://prod.pictures.autoscout24.net/listing-images/8cedef15-849c-4c04-88ad-461b941c3a0c_820d2b04-e7b5-4ce3-a530-960c13aaba01.jpg/250x188.webp https://prod.pictures.autoscout24.net/listing-images/8cedef15-849c-4c04-88ad-461b941c3a0c_6f9c88b5-686e-4ce0-b06f-2a9573d0d4a8.jpg/250x188.webp https://prod.pictures.autoscout24.net/listing-images/8cedef15-849c-4c04-88ad-461b941c3a0c_ef952091-a902-4272-b72f-f634ba3b2324.jpg/250x188.webp https://prod.pictures.autoscout24.net/listing-images/8cedef15-849c-4c04-88ad-461b941c3a0c_75db049c-0a14-4de7-acaa-b3bb5200ccfc.jpg/250x188.webp https://prod.pictures.autoscout24.net/listing-images/8cedef15-849c-4c04-88ad-461b941c3a0c_41691c5a-a4ca-445e-a048-87eefeac4ccf.jpg/250x188.webp,95.79102994233567,3304
ec859acd-4693-4952-a800-d74f17fd7ca0,Nissan,Micra,1.2i ~~AUTOMATIC~~ 12M GARANTIE ~~EURO 5B ~~,Dealer,6999,b,156405,02-2015,1700,https://prod.pictures.autoscout24.net/listing-images/ec859acd-4693-4952-a800-d74f17fd7ca0_5c2e9a6d-cdcd-412e-bb0a-d8c7d09bae98.jpg/250x188.webp https://prod.pictures.autoscout24.net/listing-images/ec859acd-4693-4952-a800-d74f17fd7ca0_d0683a80-4714-419a-a75e-1d4444d20ae8.jpg/250x188.webp https://prod.pictures.autoscout24.net/listing-images/ec859acd-4693-4952-a800-d74f17fd7ca0_75585fce-8e55-42cf-a88d-0d969f82b58f.jpg/250x188.webp https://prod.pictures.autoscout24.net/listing-images/ec859acd-4693-4952-a800-d74f17fd7ca0_73295d89-ea38-4a21-8fc6-e965af56b9a1.jpg/250x188.webp https://prod.pictures.autoscout24.net/listing-images/ec859acd-4693-4952-a800-d74f17fd7ca0_7d85301e-7e7c-4072-ae7c-079f19cfa724.jpg/250x188.webp https://prod.pictures.autoscout24.net/listing-images/ec859acd-4693-4952-a800-d74f17fd7ca0_5eca12e0-d51c-4b72-87ee-19945d7a98c4.jpg/250x188.webp https://prod.pictures.autoscout24.net/listing-images/ec859acd-4693-4952-a800-d74f17fd7ca0_fb0c48ea-ace9-4be8-a723-463790d4e13e.jpg/250x188.webp https://prod.pictures.autoscout24.net/listing-images/ec859acd-4693-4952-a800-d74f17fd7ca0_f8b3c25e-f3b5-490c-b4db-3d9ac49fefae.jpg/250x188.webp https://prod.pictures.autoscout24.net/listing-images/ec859acd-4693-4952-a800-d74f17fd7ca0_60990bc3-2fe4-436e-8a28-dc64e717c398.jpg/250x188.webp https://prod.pictures.autoscout24.net/listing-images/ec859acd-4693-4952-a800-d74f17fd7ca0_8e1dadb5-85cd-4354-8f81-548175ff963c.jpg/250x188.webp https://prod.pictures.autoscout24.net/listing-images/ec859acd-4693-4952-a800-d74f17fd7ca0_1b4147ae-0787-4976-b940-af7d8e920985.jpg/250x188.webp https://prod.pictures.autoscout24.net/listing-images/ec859acd-4693-4952-a800-d74f17fd7ca0_647ac749-9458-44bb-bf6c-ff27a5c746a6.jpg/250x188.webp https://prod.pictures.autoscout24.net/listing-images/ec859acd-4693-4952-a800-d74f17fd7ca0_f901f234-11e3-4b4d-8129-4169c174643b.jpg/250x188.webp https://prod.pictures.autoscout24.net/listing-images/ec859acd-4693-4952-a800-d74f17fd7ca0_d4750440-65cd-48c1-a250-d41090b61003.jpg/250x188.webp,70.90697373704198,2877
b82a472c-2a4d-4003-ae01-346afa79a215,Nissan,Juke,1.5 dCi PURE DRIVE EURO 5 AIRCO JANTES ETAT NEUF,PrivateSeller,6999,d,175000,12-2014,6250,https://prod.pictures.autoscout24.net/listing-images/b82a472c-2a4d-4003-ae01-346afa79a215_47a90512-be16-43d9-9f79-f0fe60ab93de.jpg/250x188.webp https://prod.pictures.autoscout24.net/listing-images/b82a472c-2a4d-4003-ae01-346afa79a215_d376c89d-3bd9-4bfd-b089-6403caf6d292.jpg/250x188.webp https://prod.pictures.autoscout24.net/listing-images/b82a472c-2a4d-4003-ae01-346afa79a215_ca52c6ad-e0d7-4040-8eb8-a5d7381bf614.jpg/250x188.webp https://prod.pictures.autoscout24.net/listing-images/b82a472c-2a4d-4003-ae01-346afa79a215_b01799cf-7e08-46a4-87f6-2c1d0f732241.jpg/250x188.webp https://prod.pictures.autoscout24.net/listing-images/b82a472c-2a4d-4003-ae01-346afa79a215_0122439e-4531-4ac5-bf48-0d48583b8049.jpg/250x188.webp https://prod.pictures.autoscout24.net/listing-images/b82a472c-2a4d-4003-ae01-346afa79a215_f56f9b07-3476-477c-831a-dc13cc5c1c67.jpg/250x188.webp https://prod.pictures.autoscout24.net/listing-images/b82a472c-2a4d-4003-ae01-346afa79a215_fc89ffb3-6cfe-4e00-9843-bf6a23c7745e.jpg/250x188.webp https://prod.pictures.autoscout24.net/listing-images/b82a472c-2a4d-4003-ae01-346afa79a215_f0efd241-48d7-42d1-be3c-b8accc6181a8.jpg/250x188.webp https://prod.pictures.autoscout24.net/listing-images/b82a472c-2a4d-4003-ae01-346afa79a215_19b93672-c0f8-4a03-bd56-a06f21f8c1d8.jpg/250x188.webp https://prod.pictures.autoscout24.net/listing-images/b82a472c-2a4d-4003-ae01-346afa79a215_f4db7085-a3a2-43d5-88e4-77cf0572d3a0.jpg/250x188.webp https://prod.pictures.autoscout24.net/listing-images/b82a472c-2a4d-4003-ae01-346afa79a215_c43aad60-431f-46f7-819f-2e93cac24ffd.jpg/250x188.webp https://prod.pictures.autoscout24.net/listing-images/b82a472c-2a4d-4003-ae01-346afa79a215_7c9eb3cd-058b-452c-8537-1ca1d5ec44ab.jpg/250x188.webp,115.60596353389253,2939
ccb48965-78b1-4c10-9cd6-788faeab810f,Nissan,Note,1.5 dCi Connect Edition +EURO 5+ CAMÈRA+NAVI,Dealer,6999,d,98000,10-2013,1410,https://prod.pictures.autoscout24.net/listing-images/ccb48965-78b1-4c10-9cd6-788faeab810f_178c55a3-7c78-4ea2-b86a-9db01519670c.jpg/250x188.webp https://prod.pictures.autoscout24.net/listing-images/ccb48965-78b1-4c10-9cd6-788faeab810f_676ac977-8d17-43e3-80b5-fd7a997010d6.jpg/250x188.webp https://prod.pictures.autoscout24.net/listing-images/ccb48965-78b1-4c10-9cd6-788faeab810f_e1570d5e-8ca5-444c-ba6b-2675ea622ed9.jpg/250x188.webp https://prod.pictures.autoscout24.net/listing-images/ccb48965-78b1-4c10-9cd6-788faeab810f_f94da75c-05a3-42b5-b303-edb3e087949e.jpg/250x188.webp https://prod.pictures.autoscout24.net/listing-images/ccb48965-78b1-4c10-9cd6-788faeab810f_899be4f4-d584-4a56-a708-a853834674d1.jpg/250x188.webp https://prod.pictures.autoscout24.net/listing-images/ccb48965-78b1-4c10-9cd6-788faeab810f_d373d46c-203a-4410-8475-0c2b8fe9d293.jpg/250x188.webp https://prod.pictures.autoscout24.net/listing-images/ccb48965-78b1-4c10-9cd6-788faeab810f_9a8f1f26-cb1d-40ed-931a-8ae5374cfe32.jpg/250x188.webp https://prod.pictures.autoscout24.net/listing-images/ccb48965-78b1-4c10-9cd6-788faeab810f_458b2031-f208-46fa-9ae4-ad77b38cd5d3.jpg/250x188.webp https://prod.pictures.autoscout24.net/listing-images/ccb48965-78b1-4c10-9cd6-788faeab810f_7bc7b332-28ae-4525-bc67-a8229c10c6c6.jpg/250x188.webp https://prod.pictures.autoscout24.net/listing-images/ccb48965-78b1-4c10-9cd6-788faeab810f_0123fe39-6127-46dd-98b4-f27bb1652acd.jpg/250x188.webp https://prod.pictures.autoscout24.net/listing-images/ccb48965-78b1-4c10-9cd6-788faeab810f_a432a7f0-f0ca-49d8-8641-a20f99ebee70.jpg/250x188.webp https://prod.pictures.autoscout24.net/listing-images/ccb48965-78b1-4c10-9cd6-788faeab810f_9d2421f5-a39f-4a04-9e7d-45cb304135a0.jpg/250x188.webp https://prod.pictures.autoscout24.net/listing-images/ccb48965-78b1-4c10-9cd6-788faeab810f_094039aa-4086-4202-9921-9265a1620cf2.jpg/250x188.webp https://prod.pictures.autoscout24.net/listing-images/ccb48965-78b1-4c10-9cd6-788faeab810f_afd43ea8-7068-47d9-a765-77af41990ba3.jpg/250x188.webp https://prod.pictures.autoscout24.net/listing-images/ccb48965-78b1-4c10-9cd6-788faeab810f_35d06241-c4bc-466d-97e6-e1249a55a21b.jpg/250x188.webp,83.89428081314767,3365
bc0dccda-249e-4556-bad8-60e48cbe78b8,Nissan,Note,1.5 dCi Acenta,PrivateSeller,6999,d,152000,06-2014,2170,https://prod.pictures.autoscout24.net/listing-images/bc0dccda-249e-4556-bad8-60e48cbe78b8_ca810bce-1ab7-43ad-8c3b-a5a850cd2817.jpg/250x188.webp https://prod.pictures.autoscout24.net/listing-images/bc0dccda-249e-4556-bad8-60e48cbe78b8_13f97dc8-6363-412e-892f-49b6db1880b1.jpg/250x188.webp https://prod.pictures.autoscout24.net/listing-images/bc0dccda-249e-4556-bad8-60e48cbe78b8_a18775d2-cab6-4528-adfb-432f4ad69255.jpg/250x188.webp https://prod.pictures.autoscout24.net/listing-images/bc0dccda-249e-4556-bad8-60e48cbe78b8_2068401f-571f-4313-89c8-8582ca87f54c.jpg/250x188.webp https://prod.pictures.autoscout24.net/listing-images/bc0dccda-249e-4556-bad8-60e48cbe78b8_9a011343-f7c9-43d1-9144-29986db852f2.jpg/250x188.webp https://prod.pictures.autoscout24.net/listing-images/bc0dccda-249e-4556-bad8-60e48cbe78b8_08138ba3-24c8-4bec-b8c6-549f8df0eca5.jpg/250x188.webp https://prod.pictures.autoscout24.net/listing-images/bc0dccda-249e-4556-bad8-60e48cbe78b8_3216b43b-c90c-45d1-b1bc-9e704cedabf2.jpg/250x188.webp https://prod.pictures.autoscout24.net/listing-images/bc0dccda-249e-4556-bad8-60e48cbe78b8_0b988682-b1e5-43b6-94c5-c61c5006cfde.jpg/250x188.webp https://prod.pictures.autoscout24.net/listing-images/bc0dccda-249e-4556-bad8-60e48cbe78b8_28d8d788-7ab8-4498-a3cf-fbddb0b97929.jpg/250x188.webp https://prod.pictures.autoscout24.net/listing-images/bc0dccda-249e-4556-bad8-60e48cbe78b8_21a20c26-6984-496a-9171-10db4ffc69d4.jpg/250x188.webp https://prod.pictures.autoscout24.net/listing-images/bc0dccda-249e-4556-bad8-60e48cbe78b8_b0fb47ea-557a-4c42-83c5-9f5f02be9d2d.jpg/250x188.webp https://prod.pictures.autoscout24.net/listing-images/bc0dccda-249e-4556-bad8-60e48cbe78b8_ad1a31fa-09eb-4fba-8be3-3154a3b0a428.jpg/250x188.webp https://prod.pictures.autoscout24.net/listing-images/bc0dccda-249e-4556-bad8-60e48cbe78b8_1a04bceb-1a44-4e5c-856e-5187033a73e9.jpg/250x188.webp https://prod.pictures.autoscout24.net/listing-images/bc0dccda-249e-4556-bad8-60e48cbe78b8_08d61daf-eaa0-4cc1-a7ea-50fcfc028fc3.jpg/250x188.webp https://prod.pictures.autoscout24.net/listing-images/bc0dccda-249e-4556-bad8-60e48cbe78b8_7d008601-99e8-4e3c-aaee-68429c131c33.jpg/250x188.webp,24.69103588100009,3122
60309c79-283f-402b-8951-8b62918ba98b,Nissan,X-Trail,2.2 dCi 16v /GPS/GARANTIE 12 MOIS/PANORAMIQUE/CT,Dealer,6999,d,71613,09-2006,1602,https://prod.pictures.autoscout24.net/listing-images/60309c79-283f-402b-8951-8b62918ba98b_1d0f1363-7667-44d5-ab46-da23fa19ae31.jpg/250x188.webp https://prod.pictures.autoscout24.net/listing-images/60309c79-283f-402b-8951-8b62918ba98b_94ec8c10-9fb3-49d9-a19c-76b8b2fffb51.jpg/250x188.webp https://prod.pictures.autoscout24.net/listing-images/60309c79-283f-402b-8951-8b62918ba98b_75e44db6-8f01-4a56-9c81-2126275216f7.jpg/250x188.webp https://prod.pictures.autoscout24.net/listing-images/60309c79-283f-402b-8951-8b62918ba98b_fff64aaa-4565-4c63-baf8-19a221646484.jpg/250x188.webp https://prod.pictures.autoscout24.net/listing-images/60309c79-283f-402b-8951-8b62918ba98b_c8d32719-4e08-4ca0-8db9-8f2526abdbdb.jpg/250x188.webp https://prod.pictures.autoscout24.net/listing-images/60309c79-283f-402b-8951-8b62918ba98b_137aeb06-ed4d-45fb-abc0-5d77154d8b05.jpg/250x188.webp https://prod.pictures.autoscout24.net/listing-images/60309c79-283f-402b-8951-8b62918ba98b_a2099674-316f-4541-82cb-b102d4bc3292.jpg/250x188.webp https://prod.pictures.autoscout24.net/listing-images/60309c79-283f-402b-8951-8b62918ba98b_9fece652-3054-42e2-97cd-cfa793189d71.jpg/250x188.webp https://prod.pictures.autoscout24.net/listing-images/60309c79-283f-402b-8951-8b62918ba98b_68b7ec7a-3afa-44f1-812a-fb6e4790c301.jpg/250x188.webp https://prod.pictures.autoscout24.net/listing-images/60309c79-283f-402b-8951-8b62918ba98b_3182858d-242f-4b64-aa6a-7c442f2de76d.jpg/250x188.webp https://prod.pictures.autoscout24.net/listing-images/60309c79-283f-402b-8951-8b62918ba98b_e267c0ee-ab89-47b0-9256-cc363a62f871.jpg/250x188.webp https://prod.pictures.autoscout24.net/listing-images/60309c79-283f-402b-8951-8b62918ba98b_861f003e-ab23-4346-84f2-6e285fc001ba.jpg/250x188.webp https://prod.pictures.autoscout24.net/listing-images/60309c79-283f-402b-8951-8b62918ba98b_e1f14fe5-07ca-4970-b9cc-0cf6c876d8bf.jpg/250x188.webp https://prod.pictures.autoscout24.net/listing-images/60309c79-283f-402b-8951-8b62918ba98b_b6880f75-7d8b-4eee-92ff-ea77c9cd5d92.jpg/250x188.webp https://prod.pictures.autoscout24.net/listing-images/60309c79-283f-402b-8951-8b62918ba98b_1fef0d1f-0293-4867-aaf9-4d60d3f58b35.jpg/250x188.webp,75.23922327931528,5952
8ac40233-d504-4f13-8053-948c97593041,Nissan,Qashqai+2,2.0 dCi GPS Xénon cuir euro 5......1ère  main,Dealer,7000,d,232340,04-2011,1070,https://prod.pictures.autoscout24.net/listing-images/8ac40233-d504-4f13-8053-948c97593041_7f618d73-4525-4ab2-af77-048697c8c441.jpg/250x188.webp https://prod.pictures.autoscout24.net/listing-images/8ac40233-d504-4f13-8053-948c97593041_584097be-dbbf-4b2c-949b-896a81c921f3.jpg/250x188.webp https://prod.pictures.autoscout24.net/listing-images/8ac40233-d504-4f13-8053-948c97593041_be066665-1568-484b-b0e6-eea0b258d8ff.jpg/250x188.webp https://prod.pictures.autoscout24.net/listing-images/8ac40233-d504-4f13-8053-948c97593041_5c8d9cc2-0de9-4d91-b486-6ea53ac420ce.jpg/250x188.webp https://prod.pictures.autoscout24.net/listing-images/8ac40233-d504-4f13-8053-948c97593041_341f7fae-254d-4484-963a-4f081a0c0a89.jpg/250x188.webp https://prod.pictures.autoscout24.net/listing-images/8ac40233-d504-4f13-8053-948c97593041_b286d8af-ebed-44fd-9579-8c2aa543c034.jpg/250x188.webp https://prod.pictures.autoscout24.net/listing-images/8ac40233-d504-4f13-8053-948c97593041_5846b255-51b7-4f31-8e45-b347dcde7e55.jpg/250x188.webp https://prod.pictures.autoscout24.net/listing-images/8ac40233-d504-4f13-8053-948c97593041_a9e32e79-8af1-4ff0-a77c-cf58a1ebdc0f.jpg/250x188.webp https://prod.pictures.autoscout24.net/listing-images/8ac40233-d504-4f13-8053-948c97593041_37171c6f-88df-47fb-a64c-f0ce66314392.jpg/250x188.webp https://prod.pictures.autoscout24.net/listing-images/8ac40233-d504-4f13-8053-948c97593041_99c7f40e-12c3-4433-8a42-8aff698f83af.jpg/250x188.webp https://prod.pictures.autoscout24.net/listing-images/8ac40233-d504-4f13-8053-948c97593041_1f3bf3e5-7dff-4b96-920c-b302cba308e7.jpg/250x188.webp https://prod.pictures.autoscout24.net/listing-images/8ac40233-d504-4f13-8053-948c97593041_f137fca2-1ee6-48e3-96b5-b8cfe1d61cc7.jpg/250x188.webp https://prod.pictures.autoscout24.net/listing-images/8ac40233-d504-4f13-8053-948c97593041_79f922c6-4bb8-4cae-9ffc-4db719243f26.jpg/250x188.webp https://prod.pictures.autoscout24.net/listing-images/8ac40233-d504-4f13-8053-948c97593041_42c9ed6f-1b31-4dbd-80bd-005e4906e812.jpg/250x188.webp https://prod.pictures.autoscout24.net/listing-images/8ac40233-d504-4f13-8053-948c97593041_b66c844a-208e-4a78-9da3-f02bc09671e0.jpg/250x188.webp,71.06367211068877,4279
ec192de3-ae78-4398-9117-5aac1d51f46a,Nissan,Qashqai,1.5 dCi 2WD Connect DPF,PrivateSeller,7000,d,83000,11-2009,5600,https://prod.pictures.autoscout24.net/listing-images/ec192de3-ae78-4398-9117-5aac1d51f46a_894e102e-cfae-4160-ad92-1e2825d66729.jpg/250x188.webp https://prod.pictures.autoscout24.net/listing-images/ec192de3-ae78-4398-9117-5aac1d51f46a_f596f93a-1ff7-4519-851d-d407ad995b52.jpg/250x188.webp https://prod.pictures.autoscout24.net/listing-images/ec192de3-ae78-4398-9117-5aac1d51f46a_fb59192f-a4d6-4910-8932-476958b8833e.jpg/250x188.webp,141.55185821596254,4795
03ef4886-4314-47b6-b18f-d9e1118e177b,Nissan,Qashqai+2,1.6 dCi 2WD Tekna GPS Cuir Xénon euro 5.,Dealer,7000,d,249620,01-2012,1070,https://prod.pictures.autoscout24.net/listing-images/03ef4886-4314-47b6-b18f-d9e1118e177b_12312cbc-9d93-4d7e-8cb4-84df670e173f.jpg/250x188.webp https://prod.pictures.autoscout24.net/listing-images/03ef4886-4314-47b6-b18f-d9e1118e177b_87fdee98-0507-4e30-aa70-114d4a484b02.jpg/250x188.webp https://prod.pictures.autoscout24.net/listing-images/03ef4886-4314-47b6-b18f-d9e1118e177b_f20544ee-0256-41de-8a1c-542f1462b73f.jpg/250x188.webp https://prod.pictures.autoscout24.net/listing-images/03ef4886-4314-47b6-b18f-d9e1118e177b_43c4d02d-4101-4ed5-be88-6b9690a8243b.jpg/250x188.webp https://prod.pictures.autoscout24.net/listing-images/03ef4886-4314-47b6-b18f-d9e1118e177b_ef252e71-e5ae-49e4-ba8b-02bd6976eba4.jpg/250x188.webp https://prod.pictures.autoscout24.net/listing-images/03ef4886-4314-47b6-b18f-d9e1118e177b_55a98356-5464-49b7-a9d9-4462a0a4b939.jpg/250x188.webp https://prod.pictures.autoscout24.net/listing-images/03ef4886-4314-47b6-b18f-d9e1118e177b_0819ea44-4b74-48b7-be17-ede4c45b3bd1.jpg/250x188.webp https://prod.pictures.autoscout24.net/listing-images/03ef4886-4314-47b6-b18f-d9e1118e177b_998602fa-48e2-4d59-b1b4-de796c57e09f.jpg/250x188.webp https://prod.pictures.autoscout24.net/listing-images/03ef4886-4314-47b6-b18f-d9e1118e177b_b80633e5-b433-4578-b037-b43c8a721bf7.jpg/250x188.webp https://prod.pictures.autoscout24.net/listing-images/03ef4886-4314-47b6-b18f-d9e1118e177b_99e43c0a-d535-44e7-998c-89f7838a3971.jpg/250x188.webp https://prod.pictures.autoscout24.net/listing-images/03ef4886-4314-47b6-b18f-d9e1118e177b_3035cd1c-a2a2-4856-a915-49f96c8599be.jpg/250x188.webp https://prod.pictures.autoscout24.net/listing-images/03ef4886-4314-47b6-b18f-d9e1118e177b_a961cbec-a426-4bcf-8497-11feccf6101b.jpg/250x188.webp https://prod.pictures.autoscout24.net/listing-images/03ef4886-4314-47b6-b18f-d9e1118e177b_895268b9-ea6f-422d-a710-5dc592675676.jpg/250x188.webp https://prod.pictures.autoscout24.net/listing-images/03ef4886-4314-47b6-b18f-d9e1118e177b_1da9e7a6-c716-40e9-b132-cc97b5bb2856.jpg/250x188.webp https://prod.pictures.autoscout24.net/listing-images/03ef4886-4314-47b6-b18f-d9e1118e177b_13b4a667-2760-42a9-856f-1005ac756750.jpg/250x188.webp,71.06367211068877,4004
060e7eb2-4590-47f6-be73-409958afbd5f,Nissan,Navara,2.5,PrivateSeller,7000,d,167000,09-2003,8310,https://prod.pictures.autoscout24.net/listing-images/060e7eb2-4590-47f6-be73-409958afbd5f_65d3f665-e613-4627-9ec3-abbd3c9560ad.jpg/250x188.webp https://prod.pictures.autoscout24.net/listing-images/060e7eb2-4590-47f6-be73-409958afbd5f_82805992-2d66-47b6-9942-ebbaafcf1536.jpg/250x188.webp,89.62690218529877,7048
51918348-cba8-4bcf-b18b-0a95b4cbc2cc,Nissan,Navara,4x4 climatisé EXPORT,Dealer,7000,d,170000,05-2008,1070,https://prod.pictures.autoscout24.net/listing-images/51918348-cba8-4bcf-b18b-0a95b4cbc2cc_79831d05-bb8f-42e3-8f5a-5e9d1644b15a.jpg/250x188.webp https://prod.pictures.autoscout24.net/listing-images/51918348-cba8-4bcf-b18b-0a95b4cbc2cc_3c428b42-37a8-4e4c-8d62-d4a2c759b3a2.jpg/250x188.webp https://prod.pictures.autoscout24.net/listing-images/51918348-cba8-4bcf-b18b-0a95b4cbc2cc_f440f617-1118-4e9d-a351-7d82588455dc.jpg/250x188.webp https://prod.pictures.autoscout24.net/listing-images/51918348-cba8-4bcf-b18b-0a95b4cbc2cc_9f38dcc9-31fc-4e96-9d30-d62d72a52e0a.jpg/250x188.webp https://prod.pictures.autoscout24.net/listing-images/51918348-cba8-4bcf-b18b-0a95b4cbc2cc_7bdc8aad-e6f8-464d-a05b-5a84db614aa4.jpg/250x188.webp https://prod.pictures.autoscout24.net/listing-images/51918348-cba8-4bcf-b18b-0a95b4cbc2cc_df8e3894-92ac-4b98-880b-04f0fe042e4d.jpg/250x188.webp https://prod.pictures.autoscout24.net/listing-images/51918348-cba8-4bcf-b18b-0a95b4cbc2cc_5498e572-b306-4663-bca2-db323e84376f.jpg/250x188.webp https://prod.pictures.autoscout24.net/listing-images/51918348-cba8-4bcf-b18b-0a95b4cbc2cc_860f3971-44ba-49cd-aea5-8f17156e7833.jpg/250x188.webp https://prod.pictures.autoscout24.net/listing-images/51918348-cba8-4bcf-b18b-0a95b4cbc2cc_4c723648-18e6-4207-a8e9-bf4a942d22bb.jpg/250x188.webp,71.06367211068877,5344
85bd0885-7e8c-44c9-80a5-1533b9198ab2,Nissan,Qashqai,2.0,Dealer,7150,b,136000,05-2011,1080,https://prod.pictures.autoscout24.net/listing-images/85bd0885-7e8c-44c9-80a5-1533b9198ab2_a6a610d3-d5c5-45ed-a04f-9af885af0745.jpg/250x188.webp https://prod.pictures.autoscout24.net/listing-images/85bd0885-7e8c-44c9-80a5-1533b9198ab2_7199f2c8-4008-4fd1-869a-8177a4f9bd9d.jpg/250x188.webp https://prod.pictures.autoscout24.net/listing-images/85bd0885-7e8c-44c9-80a5-1533b9198ab2_e87bb3c2-8787-4260-a710-dc9a3fd61888.jpg/250x188.webp https://prod.pictures.autoscout24.net/listing-images/85bd0885-7e8c-44c9-80a5-1533b9198ab2_0a9545ad-87ed-452d-bfc9-4d37e4756db4.jpg/250x188.webp https://prod.pictures.autoscout24.net/listing-images/85bd0885-7e8c-44c9-80a5-1533b9198ab2_7221963b-1731-4db9-b3fa-aaaa1f104313.jpg/250x188.webp https://prod.pictures.autoscout24.net/listing-images/85bd0885-7e8c-44c9-80a5-1533b9198ab2_9e3679ba-ff57-4ac1-8aec-374c49a933dc.jpg/250x188.webp https://prod.pictures.autoscout24.net/listing-images/85bd0885-7e8c-44c9-80a5-1533b9198ab2_d9d786c8-e9d3-4f90-997e-92fa8fbecbab.jpg/250x188.webp https://prod.pictures.autoscout24.net/listing-images/85bd0885-7e8c-44c9-80a5-1533b9198ab2_24a6a272-0c17-4290-9731-1feedd9140a9.jpg/250x188.webp https://prod.pictures.autoscout24.net/listing-images/85bd0885-7e8c-44c9-80a5-1533b9198ab2_bb080016-fa0f-40b1-80d7-09b29c4554e9.jpg/250x188.webp https://prod.pictures.autoscout24.net/listing-images/85bd0885-7e8c-44c9-80a5-1533b9198ab2_cfcefc48-958c-40c6-a871-88d5939fb45b.jpg/250x188.webp https://prod.pictures.autoscout24.net/listing-images/85bd0885-7e8c-44c9-80a5-1533b9198ab2_0067056a-7dc5-468e-8aa4-6097f7340532.jpg/250x188.webp https://prod.pictures.autoscout24.net/listing-images/85bd0885-7e8c-44c9-80a5-1533b9198ab2_d460f43c-55b8-46e1-ac96-7e62a039186d.jpg/250x188.webp https://prod.pictures.autoscout24.net/listing-images/85bd0885-7e8c-44c9-80a5-1533b9198ab2_bbb77900-4e28-4f33-bcdb-215018fcd313.jpg/250x188.webp https://prod.pictures.autoscout24.net/listing-images/85bd0885-7e8c-44c9-80a5-1533b9198ab2_b1d9185d-539a-4ad5-8863-6e1582348772.jpg/250x188.webp,69.57979227671277,4249
bf3f5a0c-67ab-479e-9cdb-629a834ce7f0,Nissan,Qashqai,+32 489 66 93 31,PrivateSeller,7200,d,151,12-2011,1080,https://prod.pictures.autoscout24.net/listing-images/bf3f5a0c-67ab-479e-9cdb-629a834ce7f0_466800c4-dfe8-4fc3-8610-40e8044c1b1c.jpg/250x188.webp https://prod.pictures.autoscout24.net/listing-images/bf3f5a0c-67ab-479e-9cdb-629a834ce7f0_5b768fb1-da9b-42e0-9779-c2214a898225.jpg/250x188.webp https://prod.pictures.autoscout24.net/listing-images/bf3f5a0c-67ab-479e-9cdb-629a834ce7f0_65aaf206-6955-401b-af09-e9ea2cbcb8e8.jpg/250x188.webp,69.57979227671277,4035
b16cc0b0-e044-4fc3-80cf-c1ea904f681e,Nissan,Navara,EXPORT,Dealer,7250,d,137800,10-2008,1830,https://prod.pictures.autoscout24.net/listing-images/b16cc0b0-e044-4fc3-80cf-c1ea904f681e_158f11cf-a92a-4ba9-bb78-2821a2b220f0.jpg/250x188.webp https://prod.pictures.autoscout24.net/listing-images/b16cc0b0-e044-4fc3-80cf-c1ea904f681e_bf8eb8f0-797c-4321-91c0-945099ea215d.jpg/250x188.webp https://prod.pictures.autoscout24.net/listing-images/b16cc0b0-e044-4fc3-80cf-c1ea904f681e_e26df22c-9029-47bd-b871-4aa6e4f25b3d.jpg/250x188.webp https://prod.pictures.autoscout24.net/listing-images/b16cc0b0-e044-4fc3-80cf-c1ea904f681e_de4c041e-5a80-4a9a-b62f-c55d5b4da923.jpg/250x188.webp https://prod.pictures.autoscout24.net/listing-images/b16cc0b0-e044-4fc3-80cf-c1ea904f681e_77c22232-1821-4012-8038-d236c409254f.jpg/250x188.webp https://prod.pictures.autoscout24.net/listing-images/b16cc0b0-e044-4fc3-80cf-c1ea904f681e_8c2b04ed-ceaf-40b1-84a1-489f8beba328.jpg/250x188.webp https://prod.pictures.autoscout24.net/listing-images/b16cc0b0-e044-4fc3-80cf-c1ea904f681e_231431e6-0f27-4dd9-baca-b39d21dac120.jpg/250x188.webp https://prod.pictures.autoscout24.net/listing-images/b16cc0b0-e044-4fc3-80cf-c1ea904f681e_7bfa11b1-8d78-4509-ae9b-3a6fac216079.jpg/250x188.webp https://prod.pictures.autoscout24.net/listing-images/b16cc0b0-e044-4fc3-80cf-c1ea904f681e_9df0bbf3-b01b-4aac-a12b-a4d3c3099620.jpg/250x188.webp https://prod.pictures.autoscout24.net/listing-images/b16cc0b0-e044-4fc3-80cf-c1ea904f681e_41415e6a-805c-4483-a5e9-2743137438bd.jpg/250x188.webp https://prod.pictures.autoscout24.net/listing-images/b16cc0b0-e044-4fc3-80cf-c1ea904f681e_30b8cbff-6193-4422-9a12-961513c34e1e.jpg/250x188.webp https://prod.pictures.autoscout24.net/listing-images/b16cc0b0-e044-4fc3-80cf-c1ea904f681e_8bb47d19-3366-491c-a828-6cb9881c5511.jpg/250x188.webp,61.99821855231934,5191
7186e262-4aca-47b4-9392-37c1cd9412de,Nissan,Cabstar,,PrivateSeller,7260,d,300000,11-2011,3900,https://prod.pictures.autoscout24.net/listing-images/7186e262-4aca-47b4-9392-37c1cd9412de_3d7a6528-5112-42ab-b9ff-1f75fe27fe56.jpg/250x188.webp https://prod.pictures.autoscout24.net/listing-images/7186e262-4aca-47b4-9392-37c1cd9412de_5c9da6a3-b51d-4df4-a549-fda4a8eb9abc.jpg/250x188.webp,71.7180365522782,4065
dfe68a30-3f87-42d6-b4bb-5fb5d4edce7b,Nissan,Note,"1.2i Connect Edition AIRCO, Originele KM, Zuinig!!",PrivateSeller,7300,b,96808,11-2014,2060,https://prod.pictures.autoscout24.net/listing-images/dfe68a30-3f87-42d6-b4bb-5fb5d4edce7b_7264edc1-d5b9-4170-a8a7-7dcfe65fc5c6.jpg/250x188.webp https://prod.pictures.autoscout24.net/listing-images/dfe68a30-3f87-42d6-b4bb-5fb5d4edce7b_3f66bbf7-c300-4214-94b0-eb3298617910.jpg/250x188.webp https://prod.pictures.autoscout24.net/listing-images/dfe68a30-3f87-42d6-b4bb-5fb5d4edce7b_a9e78ea8-e8f7-4703-8769-1bfd8bb16385.jpg/250x188.webp https://prod.pictures.autoscout24.net/listing-images/dfe68a30-3f87-42d6-b4bb-5fb5d4edce7b_977d8b16-3fb4-4cd8-bd90-b4fe1bbd35bd.jpg/250x188.webp https://prod.pictures.autoscout24.net/listing-images/dfe68a30-3f87-42d6-b4bb-5fb5d4edce7b_2d68500f-f052-489d-838c-70225baf0684.jpg/250x188.webp https://prod.pictures.autoscout24.net/listing-images/dfe68a30-3f87-42d6-b4bb-5fb5d4edce7b_38bb62b4-97ec-428b-9c21-df6e34a66d7d.jpg/250x188.webp,27.94913546724415,2969
d397e0af-af84-43c6-a17b-28cb4e1c67d1,Nissan,Qashqai+2,4x4 Automatique Panoramique Gps Caméra,Dealer,7300,b,120154,10-2010,1080,https://prod.pictures.autoscout24.net/listing-images/d397e0af-af84-43c6-a17b-28cb4e1c67d1_7c4b9a47-d392-407c-82b8-7ea48c241e4f.jpg/250x188.webp https://prod.pictures.autoscout24.net/listing-images/d397e0af-af84-43c6-a17b-28cb4e1c67d1_15241f31-5644-48db-9914-ce4f785e5a56.jpg/250x188.webp https://prod.pictures.autoscout24.net/listing-images/d397e0af-af84-43c6-a17b-28cb4e1c67d1_0be03886-cf29-4603-830b-3b2dde40a321.jpg/250x188.webp https://prod.pictures.autoscout24.net/listing-images/d397e0af-af84-43c6-a17b-28cb4e1c67d1_60ff8872-6511-41e2-8795-432c3fa9bed8.jpg/250x188.webp https://prod.pictures.autoscout24.net/listing-images/d397e0af-af84-43c6-a17b-28cb4e1c67d1_e8fbb5e8-1ddb-41d5-bec7-a2c21f60623b.jpg/250x188.webp https://prod.pictures.autoscout24.net/listing-images/d397e0af-af84-43c6-a17b-28cb4e1c67d1_270ec797-4ba1-400e-9c33-64813c72c542.jpg/250x188.webp https://prod.pictures.autoscout24.net/listing-images/d397e0af-af84-43c6-a17b-28cb4e1c67d1_38986f35-6492-485f-8fdd-a4a288bf668a.jpg/250x188.webp https://prod.pictures.autoscout24.net/listing-images/d397e0af-af84-43c6-a17b-28cb4e1c67d1_3d9f041a-c5be-4cb8-b18e-44d0ffee5b44.jpg/250x188.webp https://prod.pictures.autoscout24.net/listing-images/d397e0af-af84-43c6-a17b-28cb4e1c67d1_3ec3babf-a592-44eb-88ef-46de8d70fd94.jpg/250x188.webp https://prod.pictures.autoscout24.net/listing-images/d397e0af-af84-43c6-a17b-28cb4e1c67d1_7f5d37c3-3ab2-46ce-8dc5-3cf12c1aef38.jpg/250x188.webp https://prod.pictures.autoscout24.net/listing-images/d397e0af-af84-43c6-a17b-28cb4e1c67d1_2368f68a-e6df-4173-a382-768a9c7ca7a7.jpg/250x188.webp https://prod.pictures.autoscout24.net/listing-images/d397e0af-af84-43c6-a17b-28cb4e1c67d1_4b867913-831b-4e7d-b3b1-8b375d30e222.jpg/250x188.webp https://prod.pictures.autoscout24.net/listing-images/d397e0af-af84-43c6-a17b-28cb4e1c67d1_d340226d-8a80-4b79-9c7c-d5f4080ff070.jpg/250x188.webp,69.57979227671277,4461
6f9dc5e2-26d4-4bdf-94ca-8f1be34e4c8a,Nissan,Pulsar,1.5 dCi Connect Edition,PrivateSeller,7300,d,211916,05-2015,6001,https://prod.pictures.autoscout24.net/listing-images/6f9dc5e2-26d4-4bdf-94ca-8f1be34e4c8a_55049e34-1ee1-4671-b9a9-b72cb24e1ce2.jpg/250x188.webp https://prod.pictures.autoscout24.net/listing-images/6f9dc5e2-26d4-4bdf-94ca-8f1be34e4c8a_bd155586-14bb-4fa5-89e7-b865d40bce72.jpg/250x188.webp https://prod.pictures.autoscout24.net/listing-images/6f9dc5e2-26d4-4bdf-94ca-8f1be34e4c8a_2e5b1a7d-f2cd-4da7-a1ca-0bbb0a322087.jpg/250x188.webp https://prod.pictures.autoscout24.net/listing-images/6f9dc5e2-26d4-4bdf-94ca-8f1be34e4c8a_871fd6e5-edcd-45d4-ab75-f1141e3523f7.jpg/250x188.webp https://prod.pictures.autoscout24.net/listing-images/6f9dc5e2-26d4-4bdf-94ca-8f1be34e4c8a_066bead3-3715-4ddd-8aaa-5d454c7ade1c.jpg/250x188.webp https://prod.pictures.autoscout24.net/listing-images/6f9dc5e2-26d4-4bdf-94ca-8f1be34e4c8a_1ac67d00-835e-41bf-ac67-df3b5532e82e.jpg/250x188.webp https://prod.pictures.autoscout24.net/listing-images/6f9dc5e2-26d4-4bdf-94ca-8f1be34e4c8a_9c25cbd7-70ec-4ba4-9078-d359095f1fde.jpg/250x188.webp https://prod.pictures.autoscout24.net/listing-images/6f9dc5e2-26d4-4bdf-94ca-8f1be34e4c8a_541a7a80-14dc-41bb-8bde-4f64a9ee8153.jpg/250x188.webp https://prod.pictures.autoscout24.net/listing-images/6f9dc5e2-26d4-4bdf-94ca-8f1be34e4c8a_4c8ad0af-968c-47cd-8747-88b21448726d.jpg/250x188.webp,119.62548366163914,2788
4218d28f-bc41-43ae-969f-22ffa7f24264,Nissan,Pathfinder,2.5 dCi Aut. Elegance 7 places,Dealer,7400,d,174000,08-2006,1600,https://prod.pictures.autoscout24.net/listing-images/4218d28f-bc41-43ae-969f-22ffa7f24264_82a36898-87c6-4903-902c-040a6d8441c9.jpg/250x188.webp https://prod.pictures.autoscout24.net/listing-images/4218d28f-bc41-43ae-969f-22ffa7f24264_d3826c57-0fa6-4bf8-b95e-9db15a34aa6e.jpg/250x188.webp https://prod.pictures.autoscout24.net/listing-images/4218d28f-bc41-43ae-969f-22ffa7f24264_2c314e5f-8989-429e-8924-2519100a631b.jpg/250x188.webp https://prod.pictures.autoscout24.net/listing-images/4218d28f-bc41-43ae-969f-22ffa7f24264_66750863-74d9-45b7-b1f7-617dd4b327c1.jpg/250x188.webp https://prod.pictures.autoscout24.net/listing-images/4218d28f-bc41-43ae-969f-22ffa7f24264_d4a5b27c-126f-4fb5-83a6-5fa557d1243b.jpg/250x188.webp https://prod.pictures.autoscout24.net/listing-images/4218d28f-bc41-43ae-969f-22ffa7f24264_caf4fe68-b3e6-4dc2-b587-cabd5bbb08cb.jpg/250x188.webp https://prod.pictures.autoscout24.net/listing-images/4218d28f-bc41-43ae-969f-22ffa7f24264_91502bed-5b8e-44d1-acff-85fb238a4fa1.jpg/250x188.webp https://prod.pictures.autoscout24.net/listing-images/4218d28f-bc41-43ae-969f-22ffa7f24264_514421b1-9e03-4250-ad58-95a4bc446067.jpg/250x188.webp https://prod.pictures.autoscout24.net/listing-images/4218d28f-bc41-43ae-969f-22ffa7f24264_4336dd4e-50cb-4b6a-b701-beca25a1ce62.jpg/250x188.webp https://prod.pictures.autoscout24.net/listing-images/4218d28f-bc41-43ae-969f-22ffa7f24264_f188453b-05a5-4eb3-8e68-3236709477ae.jpg/250x188.webp https://prod.pictures.autoscout24.net/listing-images/4218d28f-bc41-43ae-969f-22ffa7f24264_7a73437f-a01d-48e3-9471-bfe9fe850538.jpg/250x188.webp https://prod.pictures.autoscout24.net/listing-images/4218d28f-bc41-43ae-969f-22ffa7f24264_e24a3f22-7ab7-46da-8037-2af06a28b1a1.jpg/250x188.webp https://prod.pictures.autoscout24.net/listing-images/4218d28f-bc41-43ae-969f-22ffa7f24264_951657aa-a412-403e-ad02-809ae80c787a.jpg/250x188.webp https://prod.pictures.autoscout24.net/listing-images/4218d28f-bc41-43ae-969f-22ffa7f24264_2a311446-c197-4522-99ba-b8271d433c55.jpg/250x188.webp,78.61296004280759,5983
21a3ad19-be17-4b2c-a33e-d011c84752d5,Nissan,Qashqai,1.5 DIESEL 11OCV / CLIMATISATION / 1 PROPRIETAIRE,Dealer,7490,d,202205,12-2013,6150,https://prod.pictures.autoscout24.net/listing-images/21a3ad19-be17-4b2c-a33e-d011c84752d5_c984ad18-b410-472b-a994-30a126d20442.jpg/250x188.webp https://prod.pictures.autoscout24.net/listing-images/21a3ad19-be17-4b2c-a33e-d011c84752d5_c5bd59b4-a2bd-4cbe-84e6-64354ebfbe1e.jpg/250x188.webp https://prod.pictures.autoscout24.net/listing-images/21a3ad19-be17-4b2c-a33e-d011c84752d5_bd9004b4-90c4-4d28-a435-deb5abfeae2f.jpg/250x188.webp https://prod.pictures.autoscout24.net/listing-images/21a3ad19-be17-4b2c-a33e-d011c84752d5_9947beb8-edf8-44fe-95f4-d841d17e591f.jpg/250x188.webp https://prod.pictures.autoscout24.net/listing-images/21a3ad19-be17-4b2c-a33e-d011c84752d5_f6dbd733-d169-442a-ad3e-6b51ecbb5236.jpg/250x188.webp https://prod.pictures.autoscout24.net/listing-images/21a3ad19-be17-4b2c-a33e-d011c84752d5_8c69ca69-ed71-4b8f-8219-4e504741c9b8.jpg/250x188.webp https://prod.pictures.autoscout24.net/listing-images/21a3ad19-be17-4b2c-a33e-d011c84752d5_68b09bde-993e-4588-addc-b43620777133.jpg/250x188.webp https://prod.pictures.autoscout24.net/listing-images/21a3ad19-be17-4b2c-a33e-d011c84752d5_f7c43cee-ca43-4454-b00c-6784c286da71.jpg/250x188.webp https://prod.pictures.autoscout24.net/listing-images/21a3ad19-be17-4b2c-a33e-d011c84752d5_02084f5e-b18c-412e-8194-b8435603dbf5.jpg/250x188.webp https://prod.pictures.autoscout24.net/listing-images/21a3ad19-be17-4b2c-a33e-d011c84752d5_07b60c22-fbf9-4911-8171-0d85d2827faa.jpg/250x188.webp https://prod.pictures.autoscout24.net/listing-images/21a3ad19-be17-4b2c-a33e-d011c84752d5_3f7bcb71-cad9-45f2-ada1-6944055f1ce1.jpg/250x188.webp https://prod.pictures.autoscout24.net/listing-images/21a3ad19-be17-4b2c-a33e-d011c84752d5_1a572f39-317c-49f8-a729-dfbd87674118.jpg/250x188.webp https://prod.pictures.autoscout24.net/listing-images/21a3ad19-be17-4b2c-a33e-d011c84752d5_3989fd34-499a-4d1b-af42-390fdbc5860f.jpg/250x188.webp https://prod.pictures.autoscout24.net/listing-images/21a3ad19-be17-4b2c-a33e-d011c84752d5_369341a4-0c64-4449-9e7f-7dd12a515e1f.jpg/250x188.webp https://prod.pictures.autoscout24.net/listing-images/21a3ad19-be17-4b2c-a33e-d011c84752d5_81b7ffe8-0e00-42ff-8a29-3a55755c337f.jpg/250x188.webp https://prod.pictures.autoscout24.net/listing-images/21a3ad19-be17-4b2c-a33e-d011c84752d5_f29fe5a6-7088-42c8-a104-c208fe90685b.jpg/250x188.webp https://prod.pictures.autoscout24.net/listing-images/21a3ad19-be17-4b2c-a33e-d011c84752d5_c7499b62-9252-4ad9-9acb-67837f8e0118.jpg/250x188.webp https://prod.pictures.autoscout24.net/listing-images/21a3ad19-be17-4b2c-a33e-d011c84752d5_f6c2ecef-c4fd-43d3-bb41-dacb60cd3e78.jpg/250x188.webp https://prod.pictures.autoscout24.net/listing-images/21a3ad19-be17-4b2c-a33e-d011c84752d5_5966a0e4-9a4c-4813-8e4a-56fb20860b65.jpg/250x188.webp,118.77654030835686,3304
07be7daf-a38d-4417-827c-af41ec5beb07,Nissan,Micra,1.2i / Gps / Clim Auto / Cruise / PDC / Bluetooth,Dealer,7490,b,57000,01-2014,6238,https://prod.pictures.autoscout24.net/listing-images/07be7daf-a38d-4417-827c-af41ec5beb07_fb160725-5796-4771-b605-ac3dc4746deb.jpg/250x188.webp https://prod.pictures.autoscout24.net/listing-images/07be7daf-a38d-4417-827c-af41ec5beb07_3c94932f-0e7c-4df2-bc9f-2117e3d62b73.jpg/250x188.webp https://prod.pictures.autoscout24.net/listing-images/07be7daf-a38d-4417-827c-af41ec5beb07_b89f7931-b05b-4167-904a-a04e62e0e0e2.jpg/250x188.webp https://prod.pictures.autoscout24.net/listing-images/07be7daf-a38d-4417-827c-af41ec5beb07_8ca12702-2907-4cde-ba12-869f67c71f60.jpg/250x188.webp https://prod.pictures.autoscout24.net/listing-images/07be7daf-a38d-4417-827c-af41ec5beb07_501e3547-e5d5-4117-8052-ae817f1a6e74.jpg/250x188.webp https://prod.pictures.autoscout24.net/listing-images/07be7daf-a38d-4417-827c-af41ec5beb07_afd10301-27f2-4915-bcfe-141e2d634db6.jpg/250x188.webp https://prod.pictures.autoscout24.net/listing-images/07be7daf-a38d-4417-827c-af41ec5beb07_b94cc2ed-cf97-4b35-8c4f-d18e7395ded8.jpg/250x188.webp https://prod.pictures.autoscout24.net/listing-images/07be7daf-a38d-4417-827c-af41ec5beb07_60af887d-89b2-40da-af36-4bb695b4163c.jpg/250x188.webp https://prod.pictures.autoscout24.net/listing-images/07be7daf-a38d-4417-827c-af41ec5beb07_bc1b6744-f86f-473e-9927-64df015381e0.jpg/250x188.webp https://prod.pictures.autoscout24.net/listing-images/07be7daf-a38d-4417-827c-af41ec5beb07_6479d551-60a5-4638-b764-7cf9e03a48c8.jpg/250x188.webp https://prod.pictures.autoscout24.net/listing-images/07be7daf-a38d-4417-827c-af41ec5beb07_a88fe492-9464-4276-9487-8aa7705a2154.jpg/250x188.webp https://prod.pictures.autoscout24.net/listing-images/07be7daf-a38d-4417-827c-af41ec5beb07_9bedc76a-f893-4b5c-bc4c-aa18b97df91e.jpg/250x188.webp https://prod.pictures.autoscout24.net/listing-images/07be7daf-a38d-4417-827c-af41ec5beb07_9d90ce80-61f0-4c52-85bd-7f826ceb891d.jpg/250x188.webp https://prod.pictures.autoscout24.net/listing-images/07be7daf-a38d-4417-827c-af41ec5beb07_78a5076e-3788-4c9e-9d74-26331b757b2b.jpg/250x188.webp https://prod.pictures.autoscout24.net/listing-images/07be7daf-a38d-4417-827c-af41ec5beb07_c2aea732-6b6a-447d-a066-040ca4120066.jpg/250x188.webp https://prod.pictures.autoscout24.net/listing-images/07be7daf-a38d-4417-827c-af41ec5beb07_97fc66fe-1130-4dab-850e-34c0f954dc06.jpg/250x188.webp https://prod.pictures.autoscout24.net/listing-images/07be7daf-a38d-4417-827c-af41ec5beb07_773c443e-b925-48d8-996c-f428e66e57a3.jpg/250x188.webp https://prod.pictures.autoscout24.net/listing-images/07be7daf-a38d-4417-827c-af41ec5beb07_dac49e1b-9c9b-48d8-8150-168a39b61a04.jpg/250x188.webp https://prod.pictures.autoscout24.net/listing-images/07be7daf-a38d-4417-827c-af41ec5beb07_63d8fde1-7ca0-423c-80f5-0d81650a53ac.jpg/250x188.webp https://prod.pictures.autoscout24.net/listing-images/07be7daf-a38d-4417-827c-af41ec5beb07_d044c8b4-d29b-4c12-b570-6112b527555b.jpg/250x188.webp https://prod.pictures.autoscout24.net/listing-images/07be7daf-a38d-4417-827c-af41ec5beb07_57e755f1-2b03-4dd2-bc71-9664b8bb4a78.jpg/250x188.webp https://prod.pictures.autoscout24.net/listing-images/07be7daf-a38d-4417-827c-af41ec5beb07_5a5ebe1a-e584-45fd-893e-4a5571b60fb1.jpg/250x188.webp https://prod.pictures.autoscout24.net/listing-images/07be7daf-a38d-4417-827c-af41ec5beb07_5cf6e149-9206-4e75-9769-19692e0f1281.jpg/250x188.webp,106.12944231251511,3273
73a2f532-3c5d-4015-bc64-ed37d63b0e61,Nissan,Note,1.2i*NIEUW MODEL*NAVI*AIRCO*CRUISE CONTROLL*GARANT,Dealer,7490,b,97000,11-2015,1730,https://prod.pictures.autoscout24.net/listing-images/73a2f532-3c5d-4015-bc64-ed37d63b0e61_99d42fc8-0a5b-49b8-b347-5659120ea408.jpg/250x188.webp https://prod.pictures.autoscout24.net/listing-images/73a2f532-3c5d-4015-bc64-ed37d63b0e61_a41ad47a-9021-46bc-9403-b0e7c3350dd0.jpg/250x188.webp https://prod.pictures.autoscout24.net/listing-images/73a2f532-3c5d-4015-bc64-ed37d63b0e61_63b8fbdc-30e0-4aa9-a1c6-0a95227732a5.jpg/250x188.webp https://prod.pictures.autoscout24.net/listing-images/73a2f532-3c5d-4015-bc64-ed37d63b0e61_676e20ca-8e86-46dc-8520-ca8b75de72a0.jpg/250x188.webp https://prod.pictures.autoscout24.net/listing-images/73a2f532-3c5d-4015-bc64-ed37d63b0e61_fd8ee933-b88a-4c22-891d-42df1d80d12c.jpg/250x188.webp https://prod.pictures.autoscout24.net/listing-images/73a2f532-3c5d-4015-bc64-ed37d63b0e61_c5cf0f52-f360-4c36-848e-55f28f78f870.jpg/250x188.webp https://prod.pictures.autoscout24.net/listing-images/73a2f532-3c5d-4015-bc64-ed37d63b0e61_209fb231-7b71-4a9b-8ef1-c6cc0c9f6628.jpg/250x188.webp https://prod.pictures.autoscout24.net/listing-images/73a2f532-3c5d-4015-bc64-ed37d63b0e61_18529e6f-b9ed-4f44-9cf4-cb9fb50b845a.jpg/250x188.webp https://prod.pictures.autoscout24.net/listing-images/73a2f532-3c5d-4015-bc64-ed37d63b0e61_352cd1f7-180e-45d5-8725-469832b43073.jpg/250x188.webp https://prod.pictures.autoscout24.net/listing-images/73a2f532-3c5d-4015-bc64-ed37d63b0e61_1e74a031-5d2e-4ca1-aa13-967adb72e578.jpg/250x188.webp https://prod.pictures.autoscout24.net/listing-images/73a2f532-3c5d-4015-bc64-ed37d63b0e61_81b9f59e-b0d4-490e-887a-aa1ff3cc7f1e.jpg/250x188.webp https://prod.pictures.autoscout24.net/listing-images/73a2f532-3c5d-4015-bc64-ed37d63b0e61_7a49778b-97f5-4771-ae8f-7a06beb14184.jpg/250x188.webp https://prod.pictures.autoscout24.net/listing-images/73a2f532-3c5d-4015-bc64-ed37d63b0e61_0da812db-0974-49d9-9f9c-b8bd66e6dcb7.jpg/250x188.webp https://prod.pictures.autoscout24.net/listing-images/73a2f532-3c5d-4015-bc64-ed37d63b0e61_93f65d01-e92f-42a5-8255-f17b01bf5459.jpg/250x188.webp https://prod.pictures.autoscout24.net/listing-images/73a2f532-3c5d-4015-bc64-ed37d63b0e61_49ed1622-4e7f-43d2-82f3-0681f6ad0491.jpg/250x188.webp,61.98157406185932,2604
fccbf3f0-d13a-47ea-a3f7-2fb1ac7b2392,Nissan,Note,1.2iNIEUW MODEL*AIRCO*BLUETOOTH*72.000KM*GARANTIE,Dealer,7490,b,72000,11-2014,1730,https://prod.pictures.autoscout24.net/listing-images/fccbf3f0-d13a-47ea-a3f7-2fb1ac7b2392_bc3561a5-0790-42e1-8df9-8bcac678255b.jpg/250x188.webp https://prod.pictures.autoscout24.net/listing-images/fccbf3f0-d13a-47ea-a3f7-2fb1ac7b2392_738e6263-5e13-473c-8b05-66d86a5790fd.jpg/250x188.webp https://prod.pictures.autoscout24.net/listing-images/fccbf3f0-d13a-47ea-a3f7-2fb1ac7b2392_305e97fc-072b-490a-bfd9-adfcf2ce6e19.jpg/250x188.webp https://prod.pictures.autoscout24.net/listing-images/fccbf3f0-d13a-47ea-a3f7-2fb1ac7b2392_210c0c66-3d10-4504-83a0-8c3577c39e27.jpg/250x188.webp https://prod.pictures.autoscout24.net/listing-images/fccbf3f0-d13a-47ea-a3f7-2fb1ac7b2392_1a4595a5-82c7-4e12-bcbc-1cea6d672feb.jpg/250x188.webp https://prod.pictures.autoscout24.net/listing-images/fccbf3f0-d13a-47ea-a3f7-2fb1ac7b2392_6394805a-1e01-4e7e-819a-f82c090ed489.jpg/250x188.webp https://prod.pictures.autoscout24.net/listing-images/fccbf3f0-d13a-47ea-a3f7-2fb1ac7b2392_f1e5b8db-b286-42c6-b73d-a2d4e68e94ff.jpg/250x188.webp https://prod.pictures.autoscout24.net/listing-images/fccbf3f0-d13a-47ea-a3f7-2fb1ac7b2392_c447c872-f7ca-4631-aaa1-de24ae1080f2.jpg/250x188.webp https://prod.pictures.autoscout24.net/listing-images/fccbf3f0-d13a-47ea-a3f7-2fb1ac7b2392_39029d1e-f9a3-4a78-821d-f63f672cd327.jpg/250x188.webp https://prod.pictures.autoscout24.net/listing-images/fccbf3f0-d13a-47ea-a3f7-2fb1ac7b2392_c2fd376d-b960-4aa3-b1fa-040656a1660b.jpg/250x188.webp https://prod.pictures.autoscout24.net/listing-images/fccbf3f0-d13a-47ea-a3f7-2fb1ac7b2392_4b6eb38a-d7c9-4666-8899-8f532aa8c615.jpg/250x188.webp https://prod.pictures.autoscout24.net/listing-images/fccbf3f0-d13a-47ea-a3f7-2fb1ac7b2392_af473ab7-bb6f-44f7-8830-ae75be4bf3b3.jpg/250x188.webp https://prod.pictures.autoscout24.net/listing-images/fccbf3f0-d13a-47ea-a3f7-2fb1ac7b2392_50a13f32-ae34-49ab-9533-8b6da1372905.jpg/250x188.webp https://prod.pictures.autoscout24.net/listing-images/fccbf3f0-d13a-47ea-a3f7-2fb1ac7b2392_fd51cc85-b283-4baa-b6f3-494ae4072ee0.jpg/250x188.webp https://prod.pictures.autoscout24.net/listing-images/fccbf3f0-d13a-47ea-a3f7-2fb1ac7b2392_8fe203a2-2627-4a25-9c96-d628acfdb299.jpg/250x188.webp,61.98157406185932,2969
3ef5b9a5-455c-4f17-b17d-dcf7dfeb7068,Nissan,Micra,1.2i Visia Pack,Dealer,7490,b,79000,07-2016,4460,https://prod.pictures.autoscout24.net/listing-images/3ef5b9a5-455c-4f17-b17d-dcf7dfeb7068_57daa8c0-abcf-4e00-b4bf-32206e141690.jpg/250x188.webp https://prod.pictures.autoscout24.net/listing-images/3ef5b9a5-455c-4f17-b17d-dcf7dfeb7068_71ee034a-6c3f-42d9-8784-bd8d21e25b35.jpg/250x188.webp https://prod.pictures.autoscout24.net/listing-images/3ef5b9a5-455c-4f17-b17d-dcf7dfeb7068_49367997-b659-4a30-bd87-e3f4c6c43960.jpg/250x188.webp https://prod.pictures.autoscout24.net/listing-images/3ef5b9a5-455c-4f17-b17d-dcf7dfeb7068_fe07b0dd-c7e3-4f1c-9fec-ff72eefc06ed.jpg/250x188.webp https://prod.pictures.autoscout24.net/listing-images/3ef5b9a5-455c-4f17-b17d-dcf7dfeb7068_b485b8a2-df37-477e-a3a0-b144e522da1c.jpg/250x188.webp https://prod.pictures.autoscout24.net/listing-images/3ef5b9a5-455c-4f17-b17d-dcf7dfeb7068_56323011-0097-4171-a01f-c6d9c5e46b83.jpg/250x188.webp https://prod.pictures.autoscout24.net/listing-images/3ef5b9a5-455c-4f17-b17d-dcf7dfeb7068_6a721ad2-347a-42ae-9562-b2245069c9af.jpg/250x188.webp https://prod.pictures.autoscout24.net/listing-images/3ef5b9a5-455c-4f17-b17d-dcf7dfeb7068_844fa161-99df-4315-a0ec-7232897b3ba6.jpg/250x188.webp https://prod.pictures.autoscout24.net/listing-images/3ef5b9a5-455c-4f17-b17d-dcf7dfeb7068_3dc59093-0404-4d37-ae13-a7739788dfd7.jpg/250x188.webp https://prod.pictures.autoscout24.net/listing-images/3ef5b9a5-455c-4f17-b17d-dcf7dfeb7068_077efba6-cc19-40c2-bdd2-4f604cade495.jpg/250x188.webp https://prod.pictures.autoscout24.net/listing-images/3ef5b9a5-455c-4f17-b17d-dcf7dfeb7068_33394c5f-a6ef-4cdb-a722-5dbc5d23c816.jpg/250x188.webp https://prod.pictures.autoscout24.net/listing-images/3ef5b9a5-455c-4f17-b17d-dcf7dfeb7068_edc13454-f33c-4a85-804c-a49508c3c4e2.jpg/250x188.webp https://prod.pictures.autoscout24.net/listing-images/3ef5b9a5-455c-4f17-b17d-dcf7dfeb7068_2cae35b6-e52e-4594-9efb-86e2934f3dc0.jpg/250x188.webp https://prod.pictures.autoscout24.net/listing-images/3ef5b9a5-455c-4f17-b17d-dcf7dfeb7068_dd353b71-a4e4-470e-b576-622dc9d347ad.jpg/250x188.webp https://prod.pictures.autoscout24.net/listing-images/3ef5b9a5-455c-4f17-b17d-dcf7dfeb7068_0ab9ce0c-730d-4b06-8b7e-f349d50b0a61.jpg/250x188.webp https://prod.pictures.autoscout24.net/listing-images/3ef5b9a5-455c-4f17-b17d-dcf7dfeb7068_bf95f590-b2ef-417b-b7eb-7a5ca015f247.jpg/250x188.webp,114.8668906662163,2361
589f44ce-4e12-4835-9e34-754fe59a7cb1,Nissan,Note,1.2 Acenta 80PK UX88168,Dealer,7500,b,45916,11-2013,1000,https://prod.pictures.autoscout24.net/listing-images/589f44ce-4e12-4835-9e34-754fe59a7cb1_4e56f0fb-835e-440b-b684-7952e6952d24.jpg/250x188.webp https://prod.pictures.autoscout24.net/listing-images/589f44ce-4e12-4835-9e34-754fe59a7cb1_be1bf9d8-fcb0-46c9-a4a9-6aaf6d42c61b.jpg/250x188.webp https://prod.pictures.autoscout24.net/listing-images/589f44ce-4e12-4835-9e34-754fe59a7cb1_e7f51c0a-1b23-4560-9c09-d3e53681b8da.jpg/250x188.webp https://prod.pictures.autoscout24.net/listing-images/589f44ce-4e12-4835-9e34-754fe59a7cb1_ddf3f6f1-567c-438c-8da7-4a14147db3c4.jpg/250x188.webp https://prod.pictures.autoscout24.net/listing-images/589f44ce-4e12-4835-9e34-754fe59a7cb1_23258864-d954-49d1-9a94-0d6f985c414d.jpg/250x188.webp https://prod.pictures.autoscout24.net/listing-images/589f44ce-4e12-4835-9e34-754fe59a7cb1_070f626c-bb9d-45c2-a54c-c11ffb4c5e28.jpg/250x188.webp https://prod.pictures.autoscout24.net/listing-images/589f44ce-4e12-4835-9e34-754fe59a7cb1_54ccf607-60a6-448c-b9ef-64a943dff51d.jpg/250x188.webp https://prod.pictures.autoscout24.net/listing-images/589f44ce-4e12-4835-9e34-754fe59a7cb1_4b2ad4d4-4635-483d-89e2-17ca0a647d40.jpg/250x188.webp https://prod.pictures.autoscout24.net/listing-images/589f44ce-4e12-4835-9e34-754fe59a7cb1_95fe76e3-7c08-45d4-aca7-20e9982bc64d.jpg/250x188.webp https://prod.pictures.autoscout24.net/listing-images/589f44ce-4e12-4835-9e34-754fe59a7cb1_7cc73b02-43f1-4517-91cd-da86bed2c757.jpg/250x188.webp https://prod.pictures.autoscout24.net/listing-images/589f44ce-4e12-4835-9e34-754fe59a7cb1_133e8e77-c08b-481d-af17-4386d4d37ede.jpg/250x188.webp https://prod.pictures.autoscout24.net/listing-images/589f44ce-4e12-4835-9e34-754fe59a7cb1_2b9463cb-e877-4db4-980f-12db2cd66d2e.jpg/250x188.webp https://prod.pictures.autoscout24.net/listing-images/589f44ce-4e12-4835-9e34-754fe59a7cb1_6116ba7b-a8a9-4d0d-9c76-c157302f7450.jpg/250x188.webp https://prod.pictures.autoscout24.net/listing-images/589f44ce-4e12-4835-9e34-754fe59a7cb1_520332d8-9e20-4286-b7c5-e6b149d1619a.jpg/250x188.webp https://prod.pictures.autoscout24.net/listing-images/589f44ce-4e12-4835-9e34-754fe59a7cb1_4f8eebd2-262d-45dc-b629-1c33f9160653.jpg/250x188.webp https://prod.pictures.autoscout24.net/listing-images/589f44ce-4e12-4835-9e34-754fe59a7cb1_5761e106-4cb9-4cc5-9483-eb9324a2293f.jpg/250x188.webp https://prod.pictures.autoscout24.net/listing-images/589f44ce-4e12-4835-9e34-754fe59a7cb1_5602e16c-c36c-473e-92d8-64005932fad0.jpg/250x188.webp https://prod.pictures.autoscout24.net/listing-images/589f44ce-4e12-4835-9e34-754fe59a7cb1_938f20ed-0537-42b0-8a9c-4e12cda9645f.jpg/250x188.webp https://prod.pictures.autoscout24.net/listing-images/589f44ce-4e12-4835-9e34-754fe59a7cb1_27a1dfed-5fb6-431d-9ad2-a26f3b346283.jpg/250x188.webp https://prod.pictures.autoscout24.net/listing-images/589f44ce-4e12-4835-9e34-754fe59a7cb1_93fe32c9-2f75-4b7a-9e16-6369273b3118.jpg/250x188.webp https://prod.pictures.autoscout24.net/listing-images/589f44ce-4e12-4835-9e34-754fe59a7cb1_27f9ac31-f590-4a29-b075-548e771dabce.jpg/250x188.webp https://prod.pictures.autoscout24.net/listing-images/589f44ce-4e12-4835-9e34-754fe59a7cb1_2e6f9646-f143-4c1a-9eda-f831e2a60714.jpg/250x188.webp https://prod.pictures.autoscout24.net/listing-images/589f44ce-4e12-4835-9e34-754fe59a7cb1_03a51c25-b8af-4ff1-b643-92d600c1a591.jpg/250x188.webp https://prod.pictures.autoscout24.net/listing-images/589f44ce-4e12-4835-9e34-754fe59a7cb1_c813a23b-e408-46ce-b87b-8977784048cf.jpg/250x188.webp https://prod.pictures.autoscout24.net/listing-images/589f44ce-4e12-4835-9e34-754fe59a7cb1_b0f18c27-4e03-4983-a190-5b193740f371.jpg/250x188.webp https://prod.pictures.autoscout24.net/listing-images/589f44ce-4e12-4835-9e34-754fe59a7cb1_d176bb39-f1d8-42c2-a439-1b07f27019fd.jpg/250x188.webp https://prod.pictures.autoscout24.net/listing-images/589f44ce-4e12-4835-9e34-754fe59a7cb1_b0c9593e-21f7-4943-a481-f594a72af3e3.jpg/250x188.webp,69.17270624549755,3334
70f8b798-83c2-4795-8c7a-1c3c97626ce2,Nissan,Micra,1.2i Acenta 3200KM PRÊT A IMMATRICULER,Dealer,7500,b,3255,07-2014,7320,https://prod.pictures.autoscout24.net/listing-images/70f8b798-83c2-4795-8c7a-1c3c97626ce2_70a349f3-22bd-4321-afef-623b468bd14e.jpg/250x188.webp https://prod.pictures.autoscout24.net/listing-images/70f8b798-83c2-4795-8c7a-1c3c97626ce2_176d62a3-f802-419f-b6cc-3aaed433c6a7.jpg/250x188.webp https://prod.pictures.autoscout24.net/listing-images/70f8b798-83c2-4795-8c7a-1c3c97626ce2_6baf3668-d674-4b17-a485-b6362eb1c714.jpg/250x188.webp https://prod.pictures.autoscout24.net/listing-images/70f8b798-83c2-4795-8c7a-1c3c97626ce2_65e1253d-3703-4cfa-915b-f42d4b9aeea3.jpg/250x188.webp https://prod.pictures.autoscout24.net/listing-images/70f8b798-83c2-4795-8c7a-1c3c97626ce2_6a52e242-a4f6-4d58-94e1-5b0486948673.jpg/250x188.webp https://prod.pictures.autoscout24.net/listing-images/70f8b798-83c2-4795-8c7a-1c3c97626ce2_e4c7bd0d-b471-44b8-8260-952717605fa5.jpg/250x188.webp https://prod.pictures.autoscout24.net/listing-images/70f8b798-83c2-4795-8c7a-1c3c97626ce2_f7debbbb-453f-45cc-ab32-e5394946d0e7.jpg/250x188.webp https://prod.pictures.autoscout24.net/listing-images/70f8b798-83c2-4795-8c7a-1c3c97626ce2_e900d29d-d7f1-445e-9545-a582ff3f2c0a.jpg/250x188.webp https://prod.pictures.autoscout24.net/listing-images/70f8b798-83c2-4795-8c7a-1c3c97626ce2_2fb31fee-3834-4099-98ee-c72e66f380bd.jpg/250x188.webp https://prod.pictures.autoscout24.net/listing-images/70f8b798-83c2-4795-8c7a-1c3c97626ce2_16a70c66-cacb-4e6e-a8fd-d1af96c7f188.jpg/250x188.webp https://prod.pictures.autoscout24.net/listing-images/70f8b798-83c2-4795-8c7a-1c3c97626ce2_ff090132-db14-4ad4-898d-2bb554aebb19.jpg/250x188.webp https://prod.pictures.autoscout24.net/listing-images/70f8b798-83c2-4795-8c7a-1c3c97626ce2_570e34da-fd1f-40fa-9519-a85c7d39c2c7.jpg/250x188.webp,124.4612856225343,3092
079516ad-402d-4b14-9d0c-a72e7c84fe71,Nissan,Qashqai,1.5DCi GPS / PANORAMIQUE / CAMERA,PrivateSeller,7500,d,180000,10-2012,6240,https://prod.pictures.autoscout24.net/listing-images/079516ad-402d-4b14-9d0c-a72e7c84fe71_b7b27994-13c1-4209-9ff9-cf72ee29c409.jpg/250x188.webp https://prod.pictures.autoscout24.net/listing-images/079516ad-402d-4b14-9d0c-a72e7c84fe71_81b03ba8-a6a1-4d82-8182-4b33134a80eb.jpg/250x188.webp https://prod.pictures.autoscout24.net/listing-images/079516ad-402d-4b14-9d0c-a72e7c84fe71_6aeea442-abd2-473f-99ac-c98637945543.jpg/250x188.webp https://prod.pictures.autoscout24.net/listing-images/079516ad-402d-4b14-9d0c-a72e7c84fe71_82090ce1-4f3c-4084-8451-034bcf3c16a2.jpg/250x188.webp https://prod.pictures.autoscout24.net/listing-images/079516ad-402d-4b14-9d0c-a72e7c84fe71_a0798499-ebcc-40a9-9153-0f58a1ea4c3a.jpg/250x188.webp https://prod.pictures.autoscout24.net/listing-images/079516ad-402d-4b14-9d0c-a72e7c84fe71_f233bfa7-0297-4dcc-9b05-c6a10b18c941.jpg/250x188.webp https://prod.pictures.autoscout24.net/listing-images/079516ad-402d-4b14-9d0c-a72e7c84fe71_a4ca5ca2-1695-4196-b9f3-d2efcf2c03bb.jpg/250x188.webp https://prod.pictures.autoscout24.net/listing-images/079516ad-402d-4b14-9d0c-a72e7c84fe71_15a715f0-e263-4312-97ff-ca0ed38dc7c6.jpg/250x188.webp https://prod.pictures.autoscout24.net/listing-images/079516ad-402d-4b14-9d0c-a72e7c84fe71_2f6b1413-776d-4e84-a2d0-124ef2d32406.jpg/250x188.webp https://prod.pictures.autoscout24.net/listing-images/079516ad-402d-4b14-9d0c-a72e7c84fe71_bc3a4b51-7b01-416c-bbb3-ad8d4c241503.jpg/250x188.webp https://prod.pictures.autoscout24.net/listing-images/079516ad-402d-4b14-9d0c-a72e7c84fe71_44649182-8e21-4c06-bc81-ffc32369a978.jpg/250x188.webp https://prod.pictures.autoscout24.net/listing-images/079516ad-402d-4b14-9d0c-a72e7c84fe71_87e1b381-b06c-4e66-a5a6-c5ef45c5a299.jpg/250x188.webp https://prod.pictures.autoscout24.net/listing-images/079516ad-402d-4b14-9d0c-a72e7c84fe71_9fbed0a9-6313-44af-bc84-c5d0d5772c1a.jpg/250x188.webp https://prod.pictures.autoscout24.net/listing-images/079516ad-402d-4b14-9d0c-a72e7c84fe71_e863a10c-072e-49e5-8f42-71ca0e4e257c.jpg/250x188.webp,115.29065835205232,3730
38e194cd-77a4-4400-851b-0cae1e6fd742,Nissan,Navara,2.5D // Airco // Hardtop// Export,Dealer,7500,d,209000,10-2007,1070,https://prod.pictures.autoscout24.net/listing-images/38e194cd-77a4-4400-851b-0cae1e6fd742_97b1dc9d-5ad1-49f4-ab41-360ae0541adf.jpg/250x188.webp https://prod.pictures.autoscout24.net/listing-images/38e194cd-77a4-4400-851b-0cae1e6fd742_5371e80a-28a7-4ab2-a7b5-6bb144fd100e.jpg/250x188.webp https://prod.pictures.autoscout24.net/listing-images/38e194cd-77a4-4400-851b-0cae1e6fd742_27281714-e223-4a5c-9b56-b66dd96c47cd.jpg/250x188.webp https://prod.pictures.autoscout24.net/listing-images/38e194cd-77a4-4400-851b-0cae1e6fd742_e5bce165-4ffc-4a5d-88bf-b741af548bc4.jpg/250x188.webp https://prod.pictures.autoscout24.net/listing-images/38e194cd-77a4-4400-851b-0cae1e6fd742_48b7a4b4-4787-48ff-a472-4158fc591fc0.jpg/250x188.webp https://prod.pictures.autoscout24.net/listing-images/38e194cd-77a4-4400-851b-0cae1e6fd742_e16d939b-5ce2-4006-98db-cd64724a452d.jpg/250x188.webp https://prod.pictures.autoscout24.net/listing-images/38e194cd-77a4-4400-851b-0cae1e6fd742_e3996fd0-4f39-4e37-b100-beccf25021b6.jpg/250x188.webp https://prod.pictures.autoscout24.net/listing-images/38e194cd-77a4-4400-851b-0cae1e6fd742_73fc79b9-1af6-4735-8797-f8aafb2dda1a.jpg/250x188.webp https://prod.pictures.autoscout24.net/listing-images/38e194cd-77a4-4400-851b-0cae1e6fd742_7f02b8c0-33b4-4546-8e14-b64441c3ad17.jpg/250x188.webp https://prod.pictures.autoscout24.net/listing-images/38e194cd-77a4-4400-851b-0cae1e6fd742_6e573d0d-e934-4590-891c-06c3dc152a9c.jpg/250x188.webp https://prod.pictures.autoscout24.net/listing-images/38e194cd-77a4-4400-851b-0cae1e6fd742_54357f01-0472-4e83-933e-767034125596.jpg/250x188.webp https://prod.pictures.autoscout24.net/listing-images/38e194cd-77a4-4400-851b-0cae1e6fd742_1e92123a-70c7-445d-8345-39cd42189d6d.jpg/250x188.webp https://prod.pictures.autoscout24.net/listing-images/38e194cd-77a4-4400-851b-0cae1e6fd742_83b606cc-41fa-4b18-a790-7b6155fb5121.jpg/250x188.webp https://prod.pictures.autoscout24.net/listing-images/38e194cd-77a4-4400-851b-0cae1e6fd742_8d0b9a50-7eef-446d-ab7b-c6379cce8231.jpg/250x188.webp https://prod.pictures.autoscout24.net/listing-images/38e194cd-77a4-4400-851b-0cae1e6fd742_4c33940e-683b-4c52-bc80-cafa6c6c9ed3.jpg/250x188.webp,71.06367211068877,5557
75b5f53c-491f-4655-8d7d-4560cbf0d848,Nissan,Qashqai,2.0 dCi 4WD Executive,Dealer,7500,d,203583,06-2010,8830,https://prod.pictures.autoscout24.net/listing-images/75b5f53c-491f-4655-8d7d-4560cbf0d848_845e349e-9402-4432-b29c-a204a92e1f87.jpg/250x188.webp https://prod.pictures.autoscout24.net/listing-images/75b5f53c-491f-4655-8d7d-4560cbf0d848_507ee4fb-2753-4523-88d8-afe1bbc8e1c4.jpg/250x188.webp https://prod.pictures.autoscout24.net/listing-images/75b5f53c-491f-4655-8d7d-4560cbf0d848_0631b806-cfbe-4729-a363-97a8d868129f.jpg/250x188.webp https://prod.pictures.autoscout24.net/listing-images/75b5f53c-491f-4655-8d7d-4560cbf0d848_9bac67ea-c077-4a9f-8001-f9594275b7c9.jpg/250x188.webp https://prod.pictures.autoscout24.net/listing-images/75b5f53c-491f-4655-8d7d-4560cbf0d848_e48fc85b-3e36-46f9-9d08-bcc93b4a6c01.jpg/250x188.webp https://prod.pictures.autoscout24.net/listing-images/75b5f53c-491f-4655-8d7d-4560cbf0d848_39ef85c2-d864-4e9a-92c6-116ab62e06f6.jpg/250x188.webp https://prod.pictures.autoscout24.net/listing-images/75b5f53c-491f-4655-8d7d-4560cbf0d848_03b768d2-eb24-45e0-97f4-8b133bdf96ad.jpg/250x188.webp https://prod.pictures.autoscout24.net/listing-images/75b5f53c-491f-4655-8d7d-4560cbf0d848_e1b15f58-b301-45b5-adf8-df8902876f7d.jpg/250x188.webp https://prod.pictures.autoscout24.net/listing-images/75b5f53c-491f-4655-8d7d-4560cbf0d848_7376f724-ce31-44d6-a64d-688f59115229.jpg/250x188.webp https://prod.pictures.autoscout24.net/listing-images/75b5f53c-491f-4655-8d7d-4560cbf0d848_a7bb8264-928f-4164-82ca-44db20dbdb08.jpg/250x188.webp https://prod.pictures.autoscout24.net/listing-images/75b5f53c-491f-4655-8d7d-4560cbf0d848_088e816f-8d3b-461c-be8b-abef3937362a.jpg/250x188.webp https://prod.pictures.autoscout24.net/listing-images/75b5f53c-491f-4655-8d7d-4560cbf0d848_2de93efd-cea8-43bc-81d1-00214670ac22.jpg/250x188.webp https://prod.pictures.autoscout24.net/listing-images/75b5f53c-491f-4655-8d7d-4560cbf0d848_06bef15f-beff-4df2-a546-ef2ad9b31974.jpg/250x188.webp https://prod.pictures.autoscout24.net/listing-images/75b5f53c-491f-4655-8d7d-4560cbf0d848_eb484448-6a06-4398-9b36-59d70c589136.jpg/250x188.webp https://prod.pictures.autoscout24.net/listing-images/75b5f53c-491f-4655-8d7d-4560cbf0d848_0c04b47b-d1e5-47b9-b703-4377a20d5922.jpg/250x188.webp https://prod.pictures.autoscout24.net/listing-images/75b5f53c-491f-4655-8d7d-4560cbf0d848_07c8cc2a-3068-4a2a-ba92-091ab8148b95.jpg/250x188.webp https://prod.pictures.autoscout24.net/listing-images/75b5f53c-491f-4655-8d7d-4560cbf0d848_41cc4cf3-9c50-4b72-b99e-159f8ed90bb7.jpg/250x188.webp https://prod.pictures.autoscout24.net/listing-images/75b5f53c-491f-4655-8d7d-4560cbf0d848_a248af0f-6b69-410b-b0ef-43245b58bc82.jpg/250x188.webp https://prod.pictures.autoscout24.net/listing-images/75b5f53c-491f-4655-8d7d-4560cbf0d848_8672f421-bb35-4f21-9c4b-e17648ae87e4.jpg/250x188.webp,110.14495439154433,4583
6dfb12ae-0225-444c-8bfe-5f0561061dfc,Nissan,Qashqai,1.6i 2WD Tekna  (((EXPORT)))AIRCO CLIMA 🌬,Dealer,7500,b,107000,11-2012,1080,https://prod.pictures.autoscout24.net/listing-images/6dfb12ae-0225-444c-8bfe-5f0561061dfc_fa2c4f43-7e56-42f7-bad2-b2b028759e19.jpg/250x188.webp https://prod.pictures.autoscout24.net/listing-images/6dfb12ae-0225-444c-8bfe-5f0561061dfc_20426fd2-09d7-400b-ac18-f140251aba20.jpg/250x188.webp https://prod.pictures.autoscout24.net/listing-images/6dfb12ae-0225-444c-8bfe-5f0561061dfc_769d2e70-e1f3-4136-bb4b-ad83025c98c6.jpg/250x188.webp https://prod.pictures.autoscout24.net/listing-images/6dfb12ae-0225-444c-8bfe-5f0561061dfc_1da643b5-20f9-4297-ba2f-fff32b97f56b.jpg/250x188.webp https://prod.pictures.autoscout24.net/listing-images/6dfb12ae-0225-444c-8bfe-5f0561061dfc_9b854003-56e4-4a08-9ab2-b5f36cddfd0f.jpg/250x188.webp https://prod.pictures.autoscout24.net/listing-images/6dfb12ae-0225-444c-8bfe-5f0561061dfc_76927973-5e21-4f03-bf17-56e5d7228717.jpg/250x188.webp https://prod.pictures.autoscout24.net/listing-images/6dfb12ae-0225-444c-8bfe-5f0561061dfc_4293efff-43c1-4eea-a7d2-2c49ed6eebb6.jpg/250x188.webp https://prod.pictures.autoscout24.net/listing-images/6dfb12ae-0225-444c-8bfe-5f0561061dfc_4b5ed08f-ec53-4ded-bda2-e26b0a949c0d.jpg/250x188.webp https://prod.pictures.autoscout24.net/listing-images/6dfb12ae-0225-444c-8bfe-5f0561061dfc_d605b9c4-1d41-4e40-abb9-4426e42283ec.jpg/250x188.webp https://prod.pictures.autoscout24.net/listing-images/6dfb12ae-0225-444c-8bfe-5f0561061dfc_fbf963c6-06b5-44b0-bfc0-5af012340fba.jpg/250x188.webp https://prod.pictures.autoscout24.net/listing-images/6dfb12ae-0225-444c-8bfe-5f0561061dfc_64a44bfb-0e2c-4aef-9313-f4a95c2561fa.jpg/250x188.webp https://prod.pictures.autoscout24.net/listing-images/6dfb12ae-0225-444c-8bfe-5f0561061dfc_65de124f-5ac0-4c3b-be46-582044249cc8.jpg/250x188.webp https://prod.pictures.autoscout24.net/listing-images/6dfb12ae-0225-444c-8bfe-5f0561061dfc_beb36f14-eab4-46f9-97d1-5e60ef50ef40.jpg/250x188.webp,69.57979227671277,3699
16c4e61f-5e77-4124-90ed-eac06891ccc3,Nissan,Terrano,II 2.7 TD Sport,PrivateSeller,7500,d,164000,05-2000,9220,https://prod.pictures.autoscout24.net/listing-images/16c4e61f-5e77-4124-90ed-eac06891ccc3_d971474a-0fae-4f93-b527-1243cf408cec.jpg/250x188.webp https://prod.pictures.autoscout24.net/listing-images/16c4e61f-5e77-4124-90ed-eac06891ccc3_03124438-4ecc-49ba-a4a6-e14296319bfc.jpg/250x188.webp,46.7400187134896,8266
560de1c5-5872-4bea-9c9b-bed8e6981b8b,Nissan,Note,1.4 Acenta 88PK AA97821,Dealer,7500,b,82423,09-2013,1000,https://prod.pictures.autoscout24.net/listing-images/560de1c5-5872-4bea-9c9b-bed8e6981b8b_6d8dd128-6e30-4091-a227-024b5d088a08.jpg/250x188.webp https://prod.pictures.autoscout24.net/listing-images/560de1c5-5872-4bea-9c9b-bed8e6981b8b_03311af6-03b6-46f5-b2c8-74b4e8e50893.jpg/250x188.webp https://prod.pictures.autoscout24.net/listing-images/560de1c5-5872-4bea-9c9b-bed8e6981b8b_a299200a-b629-409d-b6b2-568aa4c3ef87.jpg/250x188.webp https://prod.pictures.autoscout24.net/listing-images/560de1c5-5872-4bea-9c9b-bed8e6981b8b_d5e7d9f5-2778-4dfe-98a9-90087dbb121e.jpg/250x188.webp https://prod.pictures.autoscout24.net/listing-images/560de1c5-5872-4bea-9c9b-bed8e6981b8b_182cb8ec-edaa-4876-a39f-bdb7480ae0d7.jpg/250x188.webp https://prod.pictures.autoscout24.net/listing-images/560de1c5-5872-4bea-9c9b-bed8e6981b8b_48c2e3b1-a9a6-4f8a-93ac-bcf10b27490e.jpg/250x188.webp https://prod.pictures.autoscout24.net/listing-images/560de1c5-5872-4bea-9c9b-bed8e6981b8b_71b5f491-e27a-46ab-ba31-5b38ebe39e33.jpg/250x188.webp https://prod.pictures.autoscout24.net/listing-images/560de1c5-5872-4bea-9c9b-bed8e6981b8b_f601541b-8db6-479f-9778-938dff40e1a1.jpg/250x188.webp https://prod.pictures.autoscout24.net/listing-images/560de1c5-5872-4bea-9c9b-bed8e6981b8b_15af9170-0f3f-4c90-ba14-6095fc075885.jpg/250x188.webp https://prod.pictures.autoscout24.net/listing-images/560de1c5-5872-4bea-9c9b-bed8e6981b8b_392974f8-b328-4bc1-a29a-04be1619ad5c.jpg/250x188.webp https://prod.pictures.autoscout24.net/listing-images/560de1c5-5872-4bea-9c9b-bed8e6981b8b_10285ae7-cbd1-4d07-83d8-9d89305f5794.jpg/250x188.webp https://prod.pictures.autoscout24.net/listing-images/560de1c5-5872-4bea-9c9b-bed8e6981b8b_b332d542-2dbf-43b7-bcd8-f88d090e1fed.jpg/250x188.webp https://prod.pictures.autoscout24.net/listing-images/560de1c5-5872-4bea-9c9b-bed8e6981b8b_e1b5cb3d-2191-4170-9578-2f9b1dab71bc.jpg/250x188.webp https://prod.pictures.autoscout24.net/listing-images/560de1c5-5872-4bea-9c9b-bed8e6981b8b_7456e410-0607-4940-9b94-0c0ab85ee7f5.jpg/250x188.webp https://prod.pictures.autoscout24.net/listing-images/560de1c5-5872-4bea-9c9b-bed8e6981b8b_ed71f652-9e81-4bdf-8aff-7286ce88d4a6.jpg/250x188.webp https://prod.pictures.autoscout24.net/listing-images/560de1c5-5872-4bea-9c9b-bed8e6981b8b_8c621ff2-68dd-4b3a-aff2-b919f9c8f0b3.jpg/250x188.webp https://prod.pictures.autoscout24.net/listing-images/560de1c5-5872-4bea-9c9b-bed8e6981b8b_f15a3156-6e48-4570-858d-0d59ce6f1202.jpg/250x188.webp https://prod.pictures.autoscout24.net/listing-images/560de1c5-5872-4bea-9c9b-bed8e6981b8b_65c92cd3-6e3c-422c-9f56-6326166c9bfc.jpg/250x188.webp https://prod.pictures.autoscout24.net/listing-images/560de1c5-5872-4bea-9c9b-bed8e6981b8b_8b9411d5-18d9-4b2a-a02f-00875f33dd72.jpg/250x188.webp https://prod.pictures.autoscout24.net/listing-images/560de1c5-5872-4bea-9c9b-bed8e6981b8b_355d12d1-2282-4f41-bc9e-08d02381d266.jpg/250x188.webp https://prod.pictures.autoscout24.net/listing-images/560de1c5-5872-4bea-9c9b-bed8e6981b8b_3f8b37fb-b71f-47dd-87fe-2f028ef8604f.jpg/250x188.webp https://prod.pictures.autoscout24.net/listing-images/560de1c5-5872-4bea-9c9b-bed8e6981b8b_82a81b1e-2c6b-4012-af2c-4cd4ded7a47c.jpg/250x188.webp https://prod.pictures.autoscout24.net/listing-images/560de1c5-5872-4bea-9c9b-bed8e6981b8b_bd5ffe6d-1a7c-418f-a9e3-57e9b3565963.jpg/250x188.webp https://prod.pictures.autoscout24.net/listing-images/560de1c5-5872-4bea-9c9b-bed8e6981b8b_77bdad8e-1496-436e-a864-cc028638df99.jpg/250x188.webp https://prod.pictures.autoscout24.net/listing-images/560de1c5-5872-4bea-9c9b-bed8e6981b8b_ff556520-4c52-4533-b160-1c090dbaebc8.jpg/250x188.webp,69.17270624549755,3395
5070de97-86f7-4f54-b199-ba92b255edd8,Nissan,Qashqai+2,2.0 dCi 4WD 360,PrivateSeller,7500,d,191000,08-2013,8560,https://prod.pictures.autoscout24.net/listing-images/5070de97-86f7-4f54-b199-ba92b255edd8_a54c6f1b-2f55-4126-8fa3-7d8827ea7176.jpg/250x188.webp https://prod.pictures.autoscout24.net/listing-images/5070de97-86f7-4f54-b199-ba92b255edd8_fa6be98e-6eed-4cd1-896d-802c56aaf613.jpg/250x188.webp https://prod.pictures.autoscout24.net/listing-images/5070de97-86f7-4f54-b199-ba92b255edd8_712db3ab-8812-4ca7-b791-ae08d0a183f2.jpg/250x188.webp https://prod.pictures.autoscout24.net/listing-images/5070de97-86f7-4f54-b199-ba92b255edd8_340ad5ef-a0f6-48a6-8106-5154e29f29c8.jpg/250x188.webp https://prod.pictures.autoscout24.net/listing-images/5070de97-86f7-4f54-b199-ba92b255edd8_a286b708-f4d5-412c-8fac-c2acb56de7ed.jpg/250x188.webp https://prod.pictures.autoscout24.net/listing-images/5070de97-86f7-4f54-b199-ba92b255edd8_648906d0-069b-408b-9654-3d2bf8aa7e66.jpg/250x188.webp https://prod.pictures.autoscout24.net/listing-images/5070de97-86f7-4f54-b199-ba92b255edd8_0a11c27a-6328-4307-930d-49eb504a7f14.jpg/250x188.webp https://prod.pictures.autoscout24.net/listing-images/5070de97-86f7-4f54-b199-ba92b255edd8_a6ffc88e-3a51-4083-ba00-30cdd5eeabb2.jpg/250x188.webp https://prod.pictures.autoscout24.net/listing-images/5070de97-86f7-4f54-b199-ba92b255edd8_aa60d9ef-4d22-442c-9bd1-73efe9cd84b8.jpg/250x188.webp https://prod.pictures.autoscout24.net/listing-images/5070de97-86f7-4f54-b199-ba92b255edd8_d1910306-5664-4669-9b51-9761dc48898b.jpg/250x188.webp https://prod.pictures.autoscout24.net/listing-images/5070de97-86f7-4f54-b199-ba92b255edd8_7ef3b85a-026d-47de-91c6-7446c9e2247f.jpg/250x188.webp https://prod.pictures.autoscout24.net/listing-images/5070de97-86f7-4f54-b199-ba92b255edd8_58f51086-1348-4c12-a140-3fcb2ced51fd.jpg/250x188.webp https://prod.pictures.autoscout24.net/listing-images/5070de97-86f7-4f54-b199-ba92b255edd8_549efec5-b141-4f7c-b3dd-5af63e22070b.jpg/250x188.webp https://prod.pictures.autoscout24.net/listing-images/5070de97-86f7-4f54-b199-ba92b255edd8_9a691bac-6577-4cc5-a932-d3713bebafc8.jpg/250x188.webp https://prod.pictures.autoscout24.net/listing-images/5070de97-86f7-4f54-b199-ba92b255edd8_6993089e-f87b-42cb-b7a1-969cd1fa35c4.jpg/250x188.webp https://prod.pictures.autoscout24.net/listing-images/5070de97-86f7-4f54-b199-ba92b255edd8_b3618a92-e72d-4f66-aa84-e64f040fb3b1.jpg/250x188.webp https://prod.pictures.autoscout24.net/listing-images/5070de97-86f7-4f54-b199-ba92b255edd8_8205fe61-af3e-4526-9d68-734a6dd41ff7.jpg/250x188.webp https://prod.pictures.autoscout24.net/listing-images/5070de97-86f7-4f54-b199-ba92b255edd8_1ff32843-7d2b-41c0-b935-041143f1f34b.jpg/250x188.webp https://prod.pictures.autoscout24.net/listing-images/5070de97-86f7-4f54-b199-ba92b255edd8_9a145478-2685-4b8e-9d02-9716426aa4e4.jpg/250x188.webp https://prod.pictures.autoscout24.net/listing-images/5070de97-86f7-4f54-b199-ba92b255edd8_feb743c5-6ba7-472a-a6d8-2593af51662d.jpg/250x188.webp,116.79638105292675,3426
aa4a31fa-b20f-43b2-a28a-3915d9219dac,Nissan,Qashqai+2,1.5 DCi Euro5 7 Places Clim Gps Panoramic Jantes,Dealer,7500,d,220000,02-2011,1070,https://prod.pictures.autoscout24.net/listing-images/aa4a31fa-b20f-43b2-a28a-3915d9219dac_4c65c07a-c52c-4925-bc62-71eed367258b.jpg/250x188.webp https://prod.pictures.autoscout24.net/listing-images/aa4a31fa-b20f-43b2-a28a-3915d9219dac_a8b21477-5306-4d85-a756-f408a62c76df.jpg/250x188.webp https://prod.pictures.autoscout24.net/listing-images/aa4a31fa-b20f-43b2-a28a-3915d9219dac_92d3103c-d2f3-4ef8-a30e-b5e27b5ed278.jpg/250x188.webp https://prod.pictures.autoscout24.net/listing-images/aa4a31fa-b20f-43b2-a28a-3915d9219dac_24480253-349e-4073-9662-4cf7e6e1175c.jpg/250x188.webp https://prod.pictures.autoscout24.net/listing-images/aa4a31fa-b20f-43b2-a28a-3915d9219dac_fcb9dae3-e1c9-481b-886a-46228f398a75.jpg/250x188.webp https://prod.pictures.autoscout24.net/listing-images/aa4a31fa-b20f-43b2-a28a-3915d9219dac_537eff6f-d8d6-4dc2-9bdf-92ffd8dfecd4.jpg/250x188.webp https://prod.pictures.autoscout24.net/listing-images/aa4a31fa-b20f-43b2-a28a-3915d9219dac_0737cb86-1cd6-447a-9a97-2b43450b8157.jpg/250x188.webp https://prod.pictures.autoscout24.net/listing-images/aa4a31fa-b20f-43b2-a28a-3915d9219dac_0ca63f60-00ac-4935-be34-0d787448a8f1.jpg/250x188.webp https://prod.pictures.autoscout24.net/listing-images/aa4a31fa-b20f-43b2-a28a-3915d9219dac_94395ab0-5d11-40a6-984f-e78f4f0b2fc3.jpg/250x188.webp https://prod.pictures.autoscout24.net/listing-images/aa4a31fa-b20f-43b2-a28a-3915d9219dac_09bbe977-3fce-41c9-a7e2-832745c747cf.jpg/250x188.webp https://prod.pictures.autoscout24.net/listing-images/aa4a31fa-b20f-43b2-a28a-3915d9219dac_64af11a6-3a38-4b82-bfb7-bc4b729dab43.jpg/250x188.webp https://prod.pictures.autoscout24.net/listing-images/aa4a31fa-b20f-43b2-a28a-3915d9219dac_56938739-89ec-492c-b2bd-eaf3d46dd17e.jpg/250x188.webp https://prod.pictures.autoscout24.net/listing-images/aa4a31fa-b20f-43b2-a28a-3915d9219dac_082d49d1-d3cf-4ffb-a88d-cbb2f05bf96b.jpg/250x188.webp https://prod.pictures.autoscout24.net/listing-images/aa4a31fa-b20f-43b2-a28a-3915d9219dac_982c057d-2fa0-46f7-8afa-534a5aff8a93.jpg/250x188.webp https://prod.pictures.autoscout24.net/listing-images/aa4a31fa-b20f-43b2-a28a-3915d9219dac_ff06a2e7-4572-442f-bb55-41287a0379e6.jpg/250x188.webp,71.06367211068877,4338
14aff0b3-ea77-4945-873a-59adaff0b6e5,Nissan,Qashqai+2,,PrivateSeller,7500,d,199000,01-2012,4683,https://prod.pictures.autoscout24.net/listing-images/14aff0b3-ea77-4945-873a-59adaff0b6e5_b3a46016-eb81-4137-b62e-c26249564643.jpg/250x188.webp https://prod.pictures.autoscout24.net/listing-images/14aff0b3-ea77-4945-873a-59adaff0b6e5_b311c19c-4293-4d3d-bd0f-b6081d6eeee6.jpg/250x188.webp https://prod.pictures.autoscout24.net/listing-images/14aff0b3-ea77-4945-873a-59adaff0b6e5_ebe4222f-f510-43ed-8ff6-f2f1eee8409c.jpg/250x188.webp https://prod.pictures.autoscout24.net/listing-images/14aff0b3-ea77-4945-873a-59adaff0b6e5_e7a33691-bf07-44c2-9a5e-9919b1ad6d34.jpg/250x188.webp https://prod.pictures.autoscout24.net/listing-images/14aff0b3-ea77-4945-873a-59adaff0b6e5_410e1bdb-61eb-4b34-b155-46a7323695dc.jpg/250x188.webp https://prod.pictures.autoscout24.net/listing-images/14aff0b3-ea77-4945-873a-59adaff0b6e5_8dd75702-9e3c-460a-995f-33d2a8a1b219.jpg/250x188.webp https://prod.pictures.autoscout24.net/listing-images/14aff0b3-ea77-4945-873a-59adaff0b6e5_d68ba80b-1f1e-48dc-8a62-4e919af0215b.jpg/250x188.webp https://prod.pictures.autoscout24.net/listing-images/14aff0b3-ea77-4945-873a-59adaff0b6e5_ec874be2-4203-46bc-ae2d-96e4dc5f18fe.jpg/250x188.webp https://prod.pictures.autoscout24.net/listing-images/14aff0b3-ea77-4945-873a-59adaff0b6e5_3f4e97f6-b7a8-4745-b77d-60df10f55b21.jpg/250x188.webp,119.22195844881871,4004
49a9d003-a8fc-41ba-b780-dcba49bd49b2,Nissan,Murano,2.5 dCi Executive,PrivateSeller,7500,d,181000,02-2013,8301,https://prod.pictures.autoscout24.net/listing-images/49a9d003-a8fc-41ba-b780-dcba49bd49b2_2ebccd8f-9fac-4c08-973b-5e85858173d9.jpg/250x188.webp https://prod.pictures.autoscout24.net/listing-images/49a9d003-a8fc-41ba-b780-dcba49bd49b2_2a936a02-fb07-4898-8ee3-4b5778cbfeb9.jpg/250x188.webp https://prod.pictures.autoscout24.net/listing-images/49a9d003-a8fc-41ba-b780-dcba49bd49b2_a3d2fbb4-b8a5-452a-9e4c-b83156e9e45c.jpg/250x188.webp https://prod.pictures.autoscout24.net/listing-images/49a9d003-a8fc-41ba-b780-dcba49bd49b2_cb840b71-e78f-46ab-b70d-d3f63538a3c1.jpg/250x188.webp https://prod.pictures.autoscout24.net/listing-images/49a9d003-a8fc-41ba-b780-dcba49bd49b2_4117ea8d-e58d-4a7d-959f-7ff587d0fca1.jpg/250x188.webp https://prod.pictures.autoscout24.net/listing-images/49a9d003-a8fc-41ba-b780-dcba49bd49b2_34744c4d-439f-4fb1-8884-63b71a5f03da.jpg/250x188.webp https://prod.pictures.autoscout24.net/listing-images/49a9d003-a8fc-41ba-b780-dcba49bd49b2_1d7d7d64-76eb-4e01-9fa4-8145fd8389d5.jpg/250x188.webp https://prod.pictures.autoscout24.net/listing-images/49a9d003-a8fc-41ba-b780-dcba49bd49b2_ffc0d6c0-8fe3-4765-a008-35f154cb4c8c.jpg/250x188.webp,86.62972814082708,3607
c5f4ba44-08ec-4023-866c-c8623173139f,Nissan,Qashqai,Nissan Qashqai Tekna,PrivateSeller,7500,b,95000,09-2009,7012,https://prod.pictures.autoscout24.net/listing-images/c5f4ba44-08ec-4023-866c-c8623173139f_487c0169-8974-4929-9e21-714e4b245cdc.jpg/250x188.webp https://prod.pictures.autoscout24.net/listing-images/c5f4ba44-08ec-4023-866c-c8623173139f_c804942b-4857-417b-962d-02d38baf410f.jpg/250x188.webp https://prod.pictures.autoscout24.net/listing-images/c5f4ba44-08ec-4023-866c-c8623173139f_db76dd92-bee2-4eed-8fca-d3e7b437fab3.jpg/250x188.webp https://prod.pictures.autoscout24.net/listing-images/c5f4ba44-08ec-4023-866c-c8623173139f_1429db9d-ed02-4134-a08a-847f5e45f1b7.jpg/250x188.webp https://prod.pictures.autoscout24.net/listing-images/c5f4ba44-08ec-4023-866c-c8623173139f_3ff49599-36e5-4b03-aaca-c697d75bc5f2.jpg/250x188.webp https://prod.pictures.autoscout24.net/listing-images/c5f4ba44-08ec-4023-866c-c8623173139f_ac133e0f-915c-4f66-8a69-6baaec92b435.jpg/250x188.webp https://prod.pictures.autoscout24.net/listing-images/c5f4ba44-08ec-4023-866c-c8623173139f_c5a30211-9f0d-48a8-ac58-34ea304fc795.jpg/250x188.webp,120.36322565219064,4856
241e5c3e-81e4-40f2-981e-4b147c39615f,Nissan,Qashqai,1.6i 2WD Tekna + Connect,PrivateSeller,7500,b,95000,09-2009,7012,https://prod.pictures.autoscout24.net/listing-images/241e5c3e-81e4-40f2-981e-4b147c39615f_f80788ee-0a42-420e-a4e3-f479a67ddaae.jpg/250x188.webp https://prod.pictures.autoscout24.net/listing-images/241e5c3e-81e4-40f2-981e-4b147c39615f_b49ba054-4020-489d-b18d-b1662d931c11.jpg/250x188.webp https://prod.pictures.autoscout24.net/listing-images/241e5c3e-81e4-40f2-981e-4b147c39615f_14ed8264-6af5-43e3-82f8-f76db264c89d.jpg/250x188.webp https://prod.pictures.autoscout24.net/listing-images/241e5c3e-81e4-40f2-981e-4b147c39615f_77f6deef-941a-4dfa-b996-dc075c8965d8.jpg/250x188.webp https://prod.pictures.autoscout24.net/listing-images/241e5c3e-81e4-40f2-981e-4b147c39615f_b32c9450-8f97-4b31-aa33-2dcc50f17858.jpg/250x188.webp https://prod.pictures.autoscout24.net/listing-images/241e5c3e-81e4-40f2-981e-4b147c39615f_df6079b6-57ca-47dd-8d44-ebcf925351b5.jpg/250x188.webp https://prod.pictures.autoscout24.net/listing-images/241e5c3e-81e4-40f2-981e-4b147c39615f_3525dbf3-c182-4ac8-8be1-1cb5daff447f.jpg/250x188.webp https://prod.pictures.autoscout24.net/listing-images/241e5c3e-81e4-40f2-981e-4b147c39615f_bfbe0bd1-5a1c-4c73-9f8f-37a496ed97e1.jpg/250x188.webp https://prod.pictures.autoscout24.net/listing-images/241e5c3e-81e4-40f2-981e-4b147c39615f_4a587e3d-c375-45d7-a94a-986be8a9358b.jpg/250x188.webp https://prod.pictures.autoscout24.net/listing-images/241e5c3e-81e4-40f2-981e-4b147c39615f_f4c0153d-fa36-49f1-bbcd-73b9351d6bf0.jpg/250x188.webp https://prod.pictures.autoscout24.net/listing-images/241e5c3e-81e4-40f2-981e-4b147c39615f_a01a511f-01a9-4323-805f-475a39137e56.jpg/250x188.webp,120.36322565219064,4856
b648d182-2dbc-4151-b5a7-ebd933f5d068,Nissan,Patrol,3.0 Diesel* 7place* Airco* Full option*,Dealer,7500,d,180000,04-2002,1700,https://prod.pictures.autoscout24.net/listing-images/b648d182-2dbc-4151-b5a7-ebd933f5d068_decc7aa2-b002-4330-8dd5-189899ff326c.jpg/250x188.webp https://prod.pictures.autoscout24.net/listing-images/b648d182-2dbc-4151-b5a7-ebd933f5d068_9ca91103-1385-488c-b1b6-d1ce22cae833.jpg/250x188.webp https://prod.pictures.autoscout24.net/listing-images/b648d182-2dbc-4151-b5a7-ebd933f5d068_e7d17097-da3b-43b9-9830-57f32063a324.jpg/250x188.webp https://prod.pictures.autoscout24.net/listing-images/b648d182-2dbc-4151-b5a7-ebd933f5d068_fcd89d87-b5f1-45ee-954f-de99e6ad1b79.jpg/250x188.webp https://prod.pictures.autoscout24.net/listing-images/b648d182-2dbc-4151-b5a7-ebd933f5d068_b65870a7-5a28-4d22-9a8c-570ca9e48428.jpg/250x188.webp https://prod.pictures.autoscout24.net/listing-images/b648d182-2dbc-4151-b5a7-ebd933f5d068_4ed5e6c7-8ae2-4e84-84f3-c1c8af495dad.jpg/250x188.webp https://prod.pictures.autoscout24.net/listing-images/b648d182-2dbc-4151-b5a7-ebd933f5d068_dc7f9df1-72ff-4610-a2b7-9f0d50bba93a.jpg/250x188.webp https://prod.pictures.autoscout24.net/listing-images/b648d182-2dbc-4151-b5a7-ebd933f5d068_4aff28ad-4d9d-4cde-aa93-5335e36f9630.jpg/250x188.webp https://prod.pictures.autoscout24.net/listing-images/b648d182-2dbc-4151-b5a7-ebd933f5d068_172db2ea-da6a-43ea-aa0b-d0442d64b27a.jpg/250x188.webp https://prod.pictures.autoscout24.net/listing-images/b648d182-2dbc-4151-b5a7-ebd933f5d068_9e1db593-9554-4507-b8dd-bedc70e12e6a.jpg/250x188.webp https://prod.pictures.autoscout24.net/listing-images/b648d182-2dbc-4151-b5a7-ebd933f5d068_b2744044-f8f9-4407-ad4b-e2bd9197b5fa.jpg/250x188.webp,70.90697373704198,7566
978b9c4c-4d02-48ec-b4fd-bd58e8e80db5,Nissan,Juke,1.5 dCi 2WD Acenta,PrivateSeller,7500,d,70000,08-2014,6000,https://prod.pictures.autoscout24.net/listing-images/978b9c4c-4d02-48ec-b4fd-bd58e8e80db5_5f96e7a8-4815-49ce-b984-a9313c425fc7.jpg/250x188.webp https://prod.pictures.autoscout24.net/listing-images/978b9c4c-4d02-48ec-b4fd-bd58e8e80db5_57597af3-18ae-40cc-a416-78e463f657fa.jpg/250x188.webp https://prod.pictures.autoscout24.net/listing-images/978b9c4c-4d02-48ec-b4fd-bd58e8e80db5_dcdc805f-19b7-41a9-a37f-af84c8ec3872.jpg/250x188.webp https://prod.pictures.autoscout24.net/listing-images/978b9c4c-4d02-48ec-b4fd-bd58e8e80db5_2722e719-fc2e-4055-9192-b050193dcf65.jpg/250x188.webp https://prod.pictures.autoscout24.net/listing-images/978b9c4c-4d02-48ec-b4fd-bd58e8e80db5_14aa7ba5-f382-46c2-9e0e-93dbb6227149.jpg/250x188.webp https://prod.pictures.autoscout24.net/listing-images/978b9c4c-4d02-48ec-b4fd-bd58e8e80db5_1bf329d0-5f51-4de3-8fa6-2aad7ebf7652.jpg/250x188.webp https://prod.pictures.autoscout24.net/listing-images/978b9c4c-4d02-48ec-b4fd-bd58e8e80db5_a9fc17e6-c91c-45a6-a8c8-8a2600688a84.jpg/250x188.webp https://prod.pictures.autoscout24.net/listing-images/978b9c4c-4d02-48ec-b4fd-bd58e8e80db5_9f01da59-2c5f-42e6-ae62-e9bcf3b10674.jpg/250x188.webp https://prod.pictures.autoscout24.net/listing-images/978b9c4c-4d02-48ec-b4fd-bd58e8e80db5_a1e40641-3246-491c-89c8-f4a995690631.jpg/250x188.webp https://prod.pictures.autoscout24.net/listing-images/978b9c4c-4d02-48ec-b4fd-bd58e8e80db5_47003820-2364-4a98-ad76-d246c3ddb011.jpg/250x188.webp https://prod.pictures.autoscout24.net/listing-images/978b9c4c-4d02-48ec-b4fd-bd58e8e80db5_a013762f-f104-4b36-a032-28f09f063c67.jpg/250x188.webp https://prod.pictures.autoscout24.net/listing-images/978b9c4c-4d02-48ec-b4fd-bd58e8e80db5_ee9a978d-6ffe-48d8-a15f-0eab8d48a13e.jpg/250x188.webp https://prod.pictures.autoscout24.net/listing-images/978b9c4c-4d02-48ec-b4fd-bd58e8e80db5_db8d7f6b-949a-4e36-b90f-79428427ff07.jpg/250x188.webp https://prod.pictures.autoscout24.net/listing-images/978b9c4c-4d02-48ec-b4fd-bd58e8e80db5_fca38366-563e-4b58-9021-7cb4720c9191.jpg/250x188.webp https://prod.pictures.autoscout24.net/listing-images/978b9c4c-4d02-48ec-b4fd-bd58e8e80db5_d2dd33f0-2983-4646-9df1-dc2a59622209.jpg/250x188.webp,117.49014599385939,3061
0a316109-95c8-421b-aced-093840f0605f,Nissan,Note,1.2 DIG-S Black Edition,PrivateSeller,7500,b,46076,06-2016,9900,https://prod.pictures.autoscout24.net/listing-images/0a316109-95c8-421b-aced-093840f0605f_3004d2cc-156f-42ef-9b72-38ad1a0e6fbc.jpg/250x188.webp https://prod.pictures.autoscout24.net/listing-images/0a316109-95c8-421b-aced-093840f0605f_bf6b11ea-c1c3-4055-868f-21a09bf8a601.jpg/250x188.webp https://prod.pictures.autoscout24.net/listing-images/0a316109-95c8-421b-aced-093840f0605f_644bb048-e3a8-4747-938e-2b83b431af2f.jpg/250x188.webp https://prod.pictures.autoscout24.net/listing-images/0a316109-95c8-421b-aced-093840f0605f_3afc78e9-e470-43b9-bfdf-6f68974d8ac3.jpg/250x188.webp https://prod.pictures.autoscout24.net/listing-images/0a316109-95c8-421b-aced-093840f0605f_77708048-7914-4a9a-b0fa-d0ccdbd94d68.jpg/250x188.webp https://prod.pictures.autoscout24.net/listing-images/0a316109-95c8-421b-aced-093840f0605f_c8a8b2f7-b651-4d7e-90f6-ff74f4a8488b.jpg/250x188.webp https://prod.pictures.autoscout24.net/listing-images/0a316109-95c8-421b-aced-093840f0605f_5a76b989-88a1-40e8-b12d-ea939a9fe290.jpg/250x188.webp https://prod.pictures.autoscout24.net/listing-images/0a316109-95c8-421b-aced-093840f0605f_04993027-d1f6-4b4d-95b3-45af49daa2d8.jpg/250x188.webp https://prod.pictures.autoscout24.net/listing-images/0a316109-95c8-421b-aced-093840f0605f_ef063e12-e76a-4efe-932f-27c6e1aa26e8.jpg/250x188.webp,70.67815356163106,2391
03870009-0cc7-40fa-870d-003b33036397,Nissan,Juke,1.2 DIG-T 2WD Acenta,PrivateSeller,7500,b,134000,11-2014,4253,https://prod.pictures.autoscout24.net/listing-images/03870009-0cc7-40fa-870d-003b33036397_b2de1f30-7ee4-4c72-9e81-8786e21bec89.jpg/250x188.webp https://prod.pictures.autoscout24.net/listing-images/03870009-0cc7-40fa-870d-003b33036397_a32c82d9-e558-482d-b982-a1729d5376fb.jpg/250x188.webp https://prod.pictures.autoscout24.net/listing-images/03870009-0cc7-40fa-870d-003b33036397_90825e35-0f90-4989-b370-f563de1a4b2d.jpg/250x188.webp https://prod.pictures.autoscout24.net/listing-images/03870009-0cc7-40fa-870d-003b33036397_dd3c750f-12f7-4445-a0d4-8ef7e1e66a76.jpg/250x188.webp https://prod.pictures.autoscout24.net/listing-images/03870009-0cc7-40fa-870d-003b33036397_03849289-df6b-47e5-a077-63f8d5550516.jpg/250x188.webp https://prod.pictures.autoscout24.net/listing-images/03870009-0cc7-40fa-870d-003b33036397_aee92d01-3a6b-4545-a7c2-48098f9633cc.jpg/250x188.webp https://prod.pictures.autoscout24.net/listing-images/03870009-0cc7-40fa-870d-003b33036397_20d8f4cf-3109-4015-bb83-911ffe1705a0.jpg/250x188.webp,102.39875903570947,2969
3c9e3927-2c40-42a2-aa19-5b25e7d77211,Nissan,Note,1.5dCi✅Business✅TREKHAAK✅CAMERA,Dealer,7555,d,103000,10-2014,9990,https://prod.pictures.autoscout24.net/listing-images/3c9e3927-2c40-42a2-aa19-5b25e7d77211_aa802c87-37f5-4aef-b793-1ff04f206503.jpg/250x188.webp https://prod.pictures.autoscout24.net/listing-images/3c9e3927-2c40-42a2-aa19-5b25e7d77211_4799aa65-1492-4418-9d1f-39fa0d388238.jpg/250x188.webp https://prod.pictures.autoscout24.net/listing-images/3c9e3927-2c40-42a2-aa19-5b25e7d77211_cb7763b4-c98f-44b4-9c33-423d2bc4f711.jpg/250x188.webp https://prod.pictures.autoscout24.net/listing-images/3c9e3927-2c40-42a2-aa19-5b25e7d77211_13624c40-017b-44ce-a683-b6a4e513282a.jpg/250x188.webp https://prod.pictures.autoscout24.net/listing-images/3c9e3927-2c40-42a2-aa19-5b25e7d77211_47bcbe00-7703-4e28-8521-34ac84466b80.jpg/250x188.webp https://prod.pictures.autoscout24.net/listing-images/3c9e3927-2c40-42a2-aa19-5b25e7d77211_fb4a5f79-76f3-42b1-bafb-5c972118fb7d.jpg/250x188.webp https://prod.pictures.autoscout24.net/listing-images/3c9e3927-2c40-42a2-aa19-5b25e7d77211_f4246a45-4336-40ca-9ebb-47eb7ce72aaf.jpg/250x188.webp https://prod.pictures.autoscout24.net/listing-images/3c9e3927-2c40-42a2-aa19-5b25e7d77211_0d1f058a-7fef-4533-b27b-746bd9c1684c.jpg/250x188.webp https://prod.pictures.autoscout24.net/listing-images/3c9e3927-2c40-42a2-aa19-5b25e7d77211_3f74992e-5104-470b-9c0a-10db95606712.jpg/250x188.webp https://prod.pictures.autoscout24.net/listing-images/3c9e3927-2c40-42a2-aa19-5b25e7d77211_578eb700-2d87-4165-8d01-0474e90c1208.jpg/250x188.webp https://prod.pictures.autoscout24.net/listing-images/3c9e3927-2c40-42a2-aa19-5b25e7d77211_538411b1-6876-407c-8a40-17ef2b0f9c2c.jpg/250x188.webp https://prod.pictures.autoscout24.net/listing-images/3c9e3927-2c40-42a2-aa19-5b25e7d77211_56b90e04-d343-4bc2-80a7-10d11265fe8a.jpg/250x188.webp https://prod.pictures.autoscout24.net/listing-images/3c9e3927-2c40-42a2-aa19-5b25e7d77211_c25eeddb-c32c-4af5-b4c0-99f441906e77.jpg/250x188.webp https://prod.pictures.autoscout24.net/listing-images/3c9e3927-2c40-42a2-aa19-5b25e7d77211_16065714-b29a-44a3-bbda-b4fcafeb4a57.jpg/250x188.webp https://prod.pictures.autoscout24.net/listing-images/3c9e3927-2c40-42a2-aa19-5b25e7d77211_b3e1c923-f000-4dcd-afb3-47b8cb7b23df.jpg/250x188.webp https://prod.pictures.autoscout24.net/listing-images/3c9e3927-2c40-42a2-aa19-5b25e7d77211_4ce9ac9e-ed39-43c0-bdc2-686c72e6b39c.jpg/250x188.webp https://prod.pictures.autoscout24.net/listing-images/3c9e3927-2c40-42a2-aa19-5b25e7d77211_2630a0fc-8bd6-4458-ac27-faa7297a9a55.jpg/250x188.webp https://prod.pictures.autoscout24.net/listing-images/3c9e3927-2c40-42a2-aa19-5b25e7d77211_053e2c77-d71b-4f4e-9307-c77efca42e1a.jpg/250x188.webp https://prod.pictures.autoscout24.net/listing-images/3c9e3927-2c40-42a2-aa19-5b25e7d77211_c39b4e79-6739-48b2-81cc-cc51e3a5aacf.jpg/250x188.webp https://prod.pictures.autoscout24.net/listing-images/3c9e3927-2c40-42a2-aa19-5b25e7d77211_415a6fd0-484e-4013-a378-a7cb69058e47.jpg/250x188.webp https://prod.pictures.autoscout24.net/listing-images/3c9e3927-2c40-42a2-aa19-5b25e7d77211_5336af34-b8d2-44d8-8509-5a4ba59881d3.jpg/250x188.webp,76.7983356711753,3000
647a6be3-d12d-4219-bc7d-c42006de26d9,Nissan,Qashqai+2,1.6 dCi 4WD Tekna ISS,PrivateSeller,7600,d,190000,11-2013,6560,https://prod.pictures.autoscout24.net/listing-images/647a6be3-d12d-4219-bc7d-c42006de26d9_70d470cf-e1ca-48b5-98b0-6a52f76d146d.jpg/250x188.webp https://prod.pictures.autoscout24.net/listing-images/647a6be3-d12d-4219-bc7d-c42006de26d9_8ce558ab-ec6d-44f1-bc09-6517d9b2a8fc.jpg/250x188.webp https://prod.pictures.autoscout24.net/listing-images/647a6be3-d12d-4219-bc7d-c42006de26d9_314d5183-6e93-493d-9c4a-8ab52856079e.jpg/250x188.webp https://prod.pictures.autoscout24.net/listing-images/647a6be3-d12d-4219-bc7d-c42006de26d9_de9ff854-26d5-4af1-a5b4-9a850496f548.jpg/250x188.webp https://prod.pictures.autoscout24.net/listing-images/647a6be3-d12d-4219-bc7d-c42006de26d9_f8bc4c7e-25b6-4c71-8bf3-d74d31c89d72.jpg/250x188.webp https://prod.pictures.autoscout24.net/listing-images/647a6be3-d12d-4219-bc7d-c42006de26d9_0379ac63-99e1-4ee7-bee6-81125f1cc97b.jpg/250x188.webp,131.1094961268063,3334
05dbdb8c-4d8c-44d3-8dc4-173d68b0eafd,Nissan,Micra,1.2i ESSENCE AUTOMATIQUE // 60.000 KILOMETRES,Dealer,7650,b,60000,04-2011,4100,https://prod.pictures.autoscout24.net/listing-images/05dbdb8c-4d8c-44d3-8dc4-173d68b0eafd_50d5ba57-2c17-44f6-94b4-8ed6478d4fae.jpg/250x188.webp https://prod.pictures.autoscout24.net/listing-images/05dbdb8c-4d8c-44d3-8dc4-173d68b0eafd_d6754c0a-018a-4f79-b0c0-27d025500bf1.jpg/250x188.webp https://prod.pictures.autoscout24.net/listing-images/05dbdb8c-4d8c-44d3-8dc4-173d68b0eafd_956afa2d-7e3b-4434-99b1-86571af1fdb7.jpg/250x188.webp https://prod.pictures.autoscout24.net/listing-images/05dbdb8c-4d8c-44d3-8dc4-173d68b0eafd_7eae237e-249b-41b4-bd83-f8f313a2bed7.jpg/250x188.webp https://prod.pictures.autoscout24.net/listing-images/05dbdb8c-4d8c-44d3-8dc4-173d68b0eafd_0efe9551-bade-4c84-a40d-396de0aede2c.jpg/250x188.webp https://prod.pictures.autoscout24.net/listing-images/05dbdb8c-4d8c-44d3-8dc4-173d68b0eafd_5b2a607b-4396-4556-b622-a879799ad1a9.jpg/250x188.webp https://prod.pictures.autoscout24.net/listing-images/05dbdb8c-4d8c-44d3-8dc4-173d68b0eafd_9d57b785-4d4e-48cf-a435-b394b7f5586a.jpg/250x188.webp https://prod.pictures.autoscout24.net/listing-images/05dbdb8c-4d8c-44d3-8dc4-173d68b0eafd_877374f4-91cc-4194-a551-f8d53e5032e0.jpg/250x188.webp https://prod.pictures.autoscout24.net/listing-images/05dbdb8c-4d8c-44d3-8dc4-173d68b0eafd_d5a2379e-5831-4d06-b62e-1a2812ea2085.jpg/250x188.webp https://prod.pictures.autoscout24.net/listing-images/05dbdb8c-4d8c-44d3-8dc4-173d68b0eafd_105716af-45c9-404a-86d0-74e0e5c2e07b.jpg/250x188.webp https://prod.pictures.autoscout24.net/listing-images/05dbdb8c-4d8c-44d3-8dc4-173d68b0eafd_a4da0f11-c8ce-4ba2-a03b-a45cb59d391a.jpg/250x188.webp https://prod.pictures.autoscout24.net/listing-images/05dbdb8c-4d8c-44d3-8dc4-173d68b0eafd_a86637bc-f380-400f-b00b-a4ef8471412e.jpg/250x188.webp https://prod.pictures.autoscout24.net/listing-images/05dbdb8c-4d8c-44d3-8dc4-173d68b0eafd_31fd74b0-130e-4a3c-9fc0-e4f2c17b3641.jpg/250x188.webp https://prod.pictures.autoscout24.net/listing-images/05dbdb8c-4d8c-44d3-8dc4-173d68b0eafd_30b013e9-8a29-4371-b024-78e029be50b5.jpg/250x188.webp https://prod.pictures.autoscout24.net/listing-images/05dbdb8c-4d8c-44d3-8dc4-173d68b0eafd_308077fe-e966-4c24-943a-6cb32166e7d8.jpg/250x188.webp,122.70999344916741,4279
bd2632b4-fe21-40b6-b1b2-203cd54d3732,Nissan,Qashqai+2,1.6 dCi 2WD Urban Edition ISS,Dealer,7700,d,213000,07-2012,1700,https://prod.pictures.autoscout24.net/listing-images/bd2632b4-fe21-40b6-b1b2-203cd54d3732_80feb8cb-3820-47b8-b776-bbd514ff834a.jpg/250x188.webp https://prod.pictures.autoscout24.net/listing-images/bd2632b4-fe21-40b6-b1b2-203cd54d3732_a4f9b4f0-ac4d-4e1c-92f5-6187d70a88e6.jpg/250x188.webp https://prod.pictures.autoscout24.net/listing-images/bd2632b4-fe21-40b6-b1b2-203cd54d3732_47064c7b-9caa-4703-adac-36c7bf54874c.jpg/250x188.webp https://prod.pictures.autoscout24.net/listing-images/bd2632b4-fe21-40b6-b1b2-203cd54d3732_8f69ccdd-663b-4f58-b6eb-23723ab88605.jpg/250x188.webp https://prod.pictures.autoscout24.net/listing-images/bd2632b4-fe21-40b6-b1b2-203cd54d3732_0eed6539-6a76-428e-a04a-0ad6ec07cff5.jpg/250x188.webp https://prod.pictures.autoscout24.net/listing-images/bd2632b4-fe21-40b6-b1b2-203cd54d3732_a0d26323-a1e9-41c9-8ef8-f02b25204d34.jpg/250x188.webp https://prod.pictures.autoscout24.net/listing-images/bd2632b4-fe21-40b6-b1b2-203cd54d3732_555e204a-a217-462d-a082-0968de3871b7.jpg/250x188.webp https://prod.pictures.autoscout24.net/listing-images/bd2632b4-fe21-40b6-b1b2-203cd54d3732_a4068854-2f7e-481c-9cf3-c36ed3b4c454.jpg/250x188.webp https://prod.pictures.autoscout24.net/listing-images/bd2632b4-fe21-40b6-b1b2-203cd54d3732_06abb8d4-8ac2-4550-9063-d1fa2ec86a84.jpg/250x188.webp https://prod.pictures.autoscout24.net/listing-images/bd2632b4-fe21-40b6-b1b2-203cd54d3732_b05dc1aa-5494-474b-8304-a8e0df4f1c60.jpg/250x188.webp https://prod.pictures.autoscout24.net/listing-images/bd2632b4-fe21-40b6-b1b2-203cd54d3732_e8ba846e-2e1f-454b-bef6-fe59c51cddb6.jpg/250x188.webp https://prod.pictures.autoscout24.net/listing-images/bd2632b4-fe21-40b6-b1b2-203cd54d3732_ea48071d-f5df-4cbb-a694-6ed77f9d3366.jpg/250x188.webp https://prod.pictures.autoscout24.net/listing-images/bd2632b4-fe21-40b6-b1b2-203cd54d3732_e69eb314-5d53-4421-b674-a53e55353395.jpg/250x188.webp https://prod.pictures.autoscout24.net/listing-images/bd2632b4-fe21-40b6-b1b2-203cd54d3732_e0c323bf-f366-452c-b8a9-48223d5735c1.jpg/250x188.webp https://prod.pictures.autoscout24.net/listing-images/bd2632b4-fe21-40b6-b1b2-203cd54d3732_acb3aa6f-bdeb-4b33-855c-6e27a77a2c86.jpg/250x188.webp,70.90697373704198,3822
6884c7fe-a2bd-4c23-b766-8f60bfd6f3eb,Nissan,Micra,1.2i Visia Pack 12 mois de garantie,Dealer,7700,b,55000,03-2017,1930,https://prod.pictures.autoscout24.net/listing-images/6884c7fe-a2bd-4c23-b766-8f60bfd6f3eb_2869a253-2574-4f9b-99c7-60add2cf60f3.jpg/250x188.webp https://prod.pictures.autoscout24.net/listing-images/6884c7fe-a2bd-4c23-b766-8f60bfd6f3eb_f68c7354-400b-492d-84fe-1d32a56f7ca7.jpg/250x188.webp https://prod.pictures.autoscout24.net/listing-images/6884c7fe-a2bd-4c23-b766-8f60bfd6f3eb_5c977296-6527-4118-b901-10d64d35d609.jpg/250x188.webp https://prod.pictures.autoscout24.net/listing-images/6884c7fe-a2bd-4c23-b766-8f60bfd6f3eb_56e174f0-d9d2-489a-b2ad-1b3f07d87c39.jpg/250x188.webp https://prod.pictures.autoscout24.net/listing-images/6884c7fe-a2bd-4c23-b766-8f60bfd6f3eb_0b472af6-d6e5-4de7-8081-84d3e477c954.jpg/250x188.webp https://prod.pictures.autoscout24.net/listing-images/6884c7fe-a2bd-4c23-b766-8f60bfd6f3eb_fb295fe7-0101-4f24-b8e7-3607c7164c97.jpg/250x188.webp https://prod.pictures.autoscout24.net/listing-images/6884c7fe-a2bd-4c23-b766-8f60bfd6f3eb_7cf86b83-866f-43ca-ba78-7b8be97e2055.jpg/250x188.webp https://prod.pictures.autoscout24.net/listing-images/6884c7fe-a2bd-4c23-b766-8f60bfd6f3eb_c5a95d42-674e-44e3-b9e3-ac882345aa3a.jpg/250x188.webp https://prod.pictures.autoscout24.net/listing-images/6884c7fe-a2bd-4c23-b766-8f60bfd6f3eb_a4861956-a309-48ea-91e6-30470e962f62.jpg/250x188.webp https://prod.pictures.autoscout24.net/listing-images/6884c7fe-a2bd-4c23-b766-8f60bfd6f3eb_55f8c03f-5086-4cd6-b1b6-bc8e5f8c6f7f.jpg/250x188.webp https://prod.pictures.autoscout24.net/listing-images/6884c7fe-a2bd-4c23-b766-8f60bfd6f3eb_df8e0829-146e-4799-9ced-a3357faaa2af.jpg/250x188.webp https://prod.pictures.autoscout24.net/listing-images/6884c7fe-a2bd-4c23-b766-8f60bfd6f3eb_b6f2cde0-6efc-4376-96bd-02b2462acfde.jpg/250x188.webp https://prod.pictures.autoscout24.net/listing-images/6884c7fe-a2bd-4c23-b766-8f60bfd6f3eb_27a1f504-bbc7-4933-af9b-ce77f6d8da3f.jpg/250x188.webp https://prod.pictures.autoscout24.net/listing-images/6884c7fe-a2bd-4c23-b766-8f60bfd6f3eb_6b398370-143c-4e39-a4e8-a038918e0677.jpg/250x188.webp https://prod.pictures.autoscout24.net/listing-images/6884c7fe-a2bd-4c23-b766-8f60bfd6f3eb_d93b47ff-5bb5-4ed9-ad56-8f4acf4c4822.jpg/250x188.webp,65.18883147641638,2118
526582d6-244e-48b0-b751-8e3279e0cf13,Nissan,Qashqai+2,1.6i 2WD Tekna 7places - Navi - 1erMain - Carnet,Dealer,7750,b,228705,04-2010,6031,https://prod.pictures.autoscout24.net/listing-images/526582d6-244e-48b0-b751-8e3279e0cf13_e371aa82-b941-48da-ab84-cc27c70e80db.jpg/250x188.webp https://prod.pictures.autoscout24.net/listing-images/526582d6-244e-48b0-b751-8e3279e0cf13_6ce3bbd1-0a61-4cdf-bd7f-ca00be31fa0b.jpg/250x188.webp https://prod.pictures.autoscout24.net/listing-images/526582d6-244e-48b0-b751-8e3279e0cf13_7e7cc581-e39c-45ad-aee6-2090f3b43325.jpg/250x188.webp https://prod.pictures.autoscout24.net/listing-images/526582d6-244e-48b0-b751-8e3279e0cf13_3e2b6431-c928-4229-9762-4aa515a63b6a.jpg/250x188.webp https://prod.pictures.autoscout24.net/listing-images/526582d6-244e-48b0-b751-8e3279e0cf13_093f617d-60bd-439b-b1e7-ef818e2bfa1e.jpg/250x188.webp https://prod.pictures.autoscout24.net/listing-images/526582d6-244e-48b0-b751-8e3279e0cf13_f4b5a904-a218-4c1d-9f4f-c6e0307a146c.jpg/250x188.webp https://prod.pictures.autoscout24.net/listing-images/526582d6-244e-48b0-b751-8e3279e0cf13_da789f60-893b-436c-81d5-90e979706b56.jpg/250x188.webp https://prod.pictures.autoscout24.net/listing-images/526582d6-244e-48b0-b751-8e3279e0cf13_a3811912-8b87-49f2-9e10-d8e6b52feffd.jpg/250x188.webp https://prod.pictures.autoscout24.net/listing-images/526582d6-244e-48b0-b751-8e3279e0cf13_18a6c36c-4ef7-4c5c-b323-4dd9b112382f.jpg/250x188.webp https://prod.pictures.autoscout24.net/listing-images/526582d6-244e-48b0-b751-8e3279e0cf13_15fb36b6-f9b8-4e17-bbde-73d77b2d9916.jpg/250x188.webp https://prod.pictures.autoscout24.net/listing-images/526582d6-244e-48b0-b751-8e3279e0cf13_0ec0c2a7-3d5e-4783-bbc2-dc3f241d5a47.jpg/250x188.webp https://prod.pictures.autoscout24.net/listing-images/526582d6-244e-48b0-b751-8e3279e0cf13_6eb073b7-f6a4-482b-89eb-75523e0aa27f.jpg/250x188.webp https://prod.pictures.autoscout24.net/listing-images/526582d6-244e-48b0-b751-8e3279e0cf13_2bdd1107-00b8-47a9-8400-c1cc0183b21b.jpg/250x188.webp https://prod.pictures.autoscout24.net/listing-images/526582d6-244e-48b0-b751-8e3279e0cf13_2074c388-487e-490d-98c1-9af1a07f8626.jpg/250x188.webp https://prod.pictures.autoscout24.net/listing-images/526582d6-244e-48b0-b751-8e3279e0cf13_7a17c492-1254-4122-a41a-6894145acd17.jpg/250x188.webp,117.04479587125066,4644
96cf8413-1312-4a07-81a7-c0814a9cf4b7,Nissan,Note,1.5dCi* Radio/CD* Navi* Airco* Cruise C.* Alarm,Dealer,7750,d,78840,12-2013,8770,https://prod.pictures.autoscout24.net/listing-images/96cf8413-1312-4a07-81a7-c0814a9cf4b7_d7a1ebff-c253-40ba-8b3b-e6dd38e93a95.jpg/250x188.webp https://prod.pictures.autoscout24.net/listing-images/96cf8413-1312-4a07-81a7-c0814a9cf4b7_e1b49547-735f-4b22-8cdc-6bbc18e737fa.jpg/250x188.webp https://prod.pictures.autoscout24.net/listing-images/96cf8413-1312-4a07-81a7-c0814a9cf4b7_c90b9841-a179-4bbb-98b8-2261906dcb12.jpg/250x188.webp https://prod.pictures.autoscout24.net/listing-images/96cf8413-1312-4a07-81a7-c0814a9cf4b7_c717ecb9-f550-49b6-b28e-efd328fa2c6e.jpg/250x188.webp https://prod.pictures.autoscout24.net/listing-images/96cf8413-1312-4a07-81a7-c0814a9cf4b7_2bac0130-5f50-4106-b9fd-7f6613a0a43d.jpg/250x188.webp https://prod.pictures.autoscout24.net/listing-images/96cf8413-1312-4a07-81a7-c0814a9cf4b7_a0cecef6-0a32-4cb5-bb44-efac3414aa7b.jpg/250x188.webp https://prod.pictures.autoscout24.net/listing-images/96cf8413-1312-4a07-81a7-c0814a9cf4b7_6ac0905e-3054-4cd5-be8d-9d79670e6e83.jpg/250x188.webp https://prod.pictures.autoscout24.net/listing-images/96cf8413-1312-4a07-81a7-c0814a9cf4b7_589579ef-f4be-4311-bc8b-ed776a771e36.jpg/250x188.webp https://prod.pictures.autoscout24.net/listing-images/96cf8413-1312-4a07-81a7-c0814a9cf4b7_dd59fec7-2dde-4c94-bf73-f8234c691601.jpg/250x188.webp https://prod.pictures.autoscout24.net/listing-images/96cf8413-1312-4a07-81a7-c0814a9cf4b7_d8aca86c-ea25-40d4-bf3c-fe60d5db6a36.jpg/250x188.webp https://prod.pictures.autoscout24.net/listing-images/96cf8413-1312-4a07-81a7-c0814a9cf4b7_b903ab25-2a61-477e-a937-b5efaf1b863b.jpg/250x188.webp https://prod.pictures.autoscout24.net/listing-images/96cf8413-1312-4a07-81a7-c0814a9cf4b7_d43b5b3e-e8f0-4673-8c96-f1fb915d5a08.jpg/250x188.webp https://prod.pictures.autoscout24.net/listing-images/96cf8413-1312-4a07-81a7-c0814a9cf4b7_6edde6cd-60cc-489e-95f7-0582d6c19efa.jpg/250x188.webp https://prod.pictures.autoscout24.net/listing-images/96cf8413-1312-4a07-81a7-c0814a9cf4b7_5fd68e6b-be23-4887-88d0-9ae918347d6d.jpg/250x188.webp https://prod.pictures.autoscout24.net/listing-images/96cf8413-1312-4a07-81a7-c0814a9cf4b7_fddd9311-9fe4-4e94-b5d4-16cb7298d8f1.jpg/250x188.webp,104.15692480242703,3304
70e553df-fc7a-49ce-b606-5b5597b71718,Nissan,Note,✅ 1.5 dCi GARANTIE | Airco | Navi | Cruise C.,Dealer,7750,d,125000,01-2014,3600,https://prod.pictures.autoscout24.net/listing-images/70e553df-fc7a-49ce-b606-5b5597b71718_c2436c68-75e2-4469-94ec-d81f02382619.jpg/250x188.webp https://prod.pictures.autoscout24.net/listing-images/70e553df-fc7a-49ce-b606-5b5597b71718_db649ed8-fa13-4f53-b537-687731e2f52d.jpg/250x188.webp https://prod.pictures.autoscout24.net/listing-images/70e553df-fc7a-49ce-b606-5b5597b71718_6c69eb01-c52f-4deb-81e6-13987b29327e.jpg/250x188.webp https://prod.pictures.autoscout24.net/listing-images/70e553df-fc7a-49ce-b606-5b5597b71718_862c6862-3d9d-45f5-8249-a57dcd868eff.jpg/250x188.webp https://prod.pictures.autoscout24.net/listing-images/70e553df-fc7a-49ce-b606-5b5597b71718_0ae98868-957b-409e-8ff8-6cccacaf83b7.jpg/250x188.webp https://prod.pictures.autoscout24.net/listing-images/70e553df-fc7a-49ce-b606-5b5597b71718_8ae11072-565b-4bbb-adae-ae89c486ded5.jpg/250x188.webp https://prod.pictures.autoscout24.net/listing-images/70e553df-fc7a-49ce-b606-5b5597b71718_e787d39f-b823-4821-abdd-24b80facab2c.jpg/250x188.webp https://prod.pictures.autoscout24.net/listing-images/70e553df-fc7a-49ce-b606-5b5597b71718_39a23803-c3d0-4ccd-8472-d0e51eded61f.jpg/250x188.webp https://prod.pictures.autoscout24.net/listing-images/70e553df-fc7a-49ce-b606-5b5597b71718_20661f24-6396-456e-a534-0adff886bc7b.jpg/250x188.webp https://prod.pictures.autoscout24.net/listing-images/70e553df-fc7a-49ce-b606-5b5597b71718_475c1e91-43ef-43a2-85da-1f5586cc9d8b.jpg/250x188.webp https://prod.pictures.autoscout24.net/listing-images/70e553df-fc7a-49ce-b606-5b5597b71718_5c68eff7-c26e-4dbb-a0dd-225f02b33425.jpg/250x188.webp,91.05707630102727,3273
b446055d-43ec-4298-a413-ea1defebe50d,Nissan,Micra,1.2i Visia Pack  Topstaat !!,Dealer,7800,b,60000,03-2016,2630,https://prod.pictures.autoscout24.net/listing-images/b446055d-43ec-4298-a413-ea1defebe50d_37b95433-7537-40e4-8cd4-5aed87722917.jpg/250x188.webp https://prod.pictures.autoscout24.net/listing-images/b446055d-43ec-4298-a413-ea1defebe50d_cd16c133-ae49-4cbf-a66c-f1644e233cbc.jpg/250x188.webp https://prod.pictures.autoscout24.net/listing-images/b446055d-43ec-4298-a413-ea1defebe50d_76b3b353-d1e1-463e-afae-26a331eed587.jpg/250x188.webp https://prod.pictures.autoscout24.net/listing-images/b446055d-43ec-4298-a413-ea1defebe50d_787f51e5-0094-4fb2-ba46-407fd1eaeb41.jpg/250x188.webp https://prod.pictures.autoscout24.net/listing-images/b446055d-43ec-4298-a413-ea1defebe50d_b053ffd4-9d69-4de7-a8df-0f2964cbee33.jpg/250x188.webp https://prod.pictures.autoscout24.net/listing-images/b446055d-43ec-4298-a413-ea1defebe50d_30c31366-d314-4c85-858c-b224f9b6312d.jpg/250x188.webp https://prod.pictures.autoscout24.net/listing-images/b446055d-43ec-4298-a413-ea1defebe50d_3439d822-bd07-4f4b-a2e7-27215ccb16e2.jpg/250x188.webp https://prod.pictures.autoscout24.net/listing-images/b446055d-43ec-4298-a413-ea1defebe50d_012c6329-9aa1-4c6c-b609-5328034087f7.jpg/250x188.webp https://prod.pictures.autoscout24.net/listing-images/b446055d-43ec-4298-a413-ea1defebe50d_b5d6f647-637c-4a3d-9285-760881eb834d.jpg/250x188.webp https://prod.pictures.autoscout24.net/listing-images/b446055d-43ec-4298-a413-ea1defebe50d_84599247-48a2-42de-bf68-fd299edb1cf0.jpg/250x188.webp https://prod.pictures.autoscout24.net/listing-images/b446055d-43ec-4298-a413-ea1defebe50d_ccc65c74-05b0-4f77-b6be-1558a0dda90e.jpg/250x188.webp https://prod.pictures.autoscout24.net/listing-images/b446055d-43ec-4298-a413-ea1defebe50d_33e1dd69-cf08-446b-a4b6-ab446398df58.jpg/250x188.webp,37.55427282853161,2483
edb49a61-c2d5-48fd-9678-d2421f229d42,Nissan,Patrol,GR 2.8 TurboD Comfort,Dealer,7800,d,173000,11-1999,1700,https://prod.pictures.autoscout24.net/listing-images/edb49a61-c2d5-48fd-9678-d2421f229d42_28663083-ab03-4654-bd3d-2779ea5887eb.jpg/250x188.webp https://prod.pictures.autoscout24.net/listing-images/edb49a61-c2d5-48fd-9678-d2421f229d42_9f30af4a-f50b-446c-9808-345eafdc715d.jpg/250x188.webp https://prod.pictures.autoscout24.net/listing-images/edb49a61-c2d5-48fd-9678-d2421f229d42_5a29143a-e239-44fc-9c5a-407ee683b526.jpg/250x188.webp https://prod.pictures.autoscout24.net/listing-images/edb49a61-c2d5-48fd-9678-d2421f229d42_1638ab11-adf2-4627-8c7e-74c99744afa7.jpg/250x188.webp https://prod.pictures.autoscout24.net/listing-images/edb49a61-c2d5-48fd-9678-d2421f229d42_f5ddb2d2-af64-4b39-9c91-c6cf3cd48ee5.jpg/250x188.webp https://prod.pictures.autoscout24.net/listing-images/edb49a61-c2d5-48fd-9678-d2421f229d42_72f32734-871c-4bd4-b44d-dda4d5e2074c.jpg/250x188.webp https://prod.pictures.autoscout24.net/listing-images/edb49a61-c2d5-48fd-9678-d2421f229d42_a8c17f6f-9d4c-4ae5-b1ca-892eeec11f37.jpg/250x188.webp https://prod.pictures.autoscout24.net/listing-images/edb49a61-c2d5-48fd-9678-d2421f229d42_b40db227-cb58-42b2-af98-f2ffc1303f17.jpg/250x188.webp,70.90697373704198,8448
96fb1e1c-4897-4351-a1ec-202750d9b86c,Nissan,X-Trail,2.0 dCi 4WD LE+xenon+navi+Bose,PrivateSeller,7800,d,318000,04-2012,1560,https://prod.pictures.autoscout24.net/listing-images/96fb1e1c-4897-4351-a1ec-202750d9b86c_4b60b351-e472-49f3-9474-19e76d57f5c8.jpg/250x188.webp https://prod.pictures.autoscout24.net/listing-images/96fb1e1c-4897-4351-a1ec-202750d9b86c_afa8955a-ba5e-4500-85a2-c531e98c2ec4.jpg/250x188.webp https://prod.pictures.autoscout24.net/listing-images/96fb1e1c-4897-4351-a1ec-202750d9b86c_3247a1bb-cb77-4088-b039-8cde3842949d.jpg/250x188.webp https://prod.pictures.autoscout24.net/listing-images/96fb1e1c-4897-4351-a1ec-202750d9b86c_30821317-61f2-4b82-b850-cafa8771f818.jpg/250x188.webp https://prod.pictures.autoscout24.net/listing-images/96fb1e1c-4897-4351-a1ec-202750d9b86c_fce4ab06-fcf2-4711-a2fa-88bf5732aaaa.jpg/250x188.webp,77.903290978219,3913
4ebbdd9c-11d5-4d18-823d-76ce27ed675e,Nissan,Juke,1.6i 2WD Acenta,PrivateSeller,7800,b,111000,12-2010,1300,https://prod.pictures.autoscout24.net/listing-images/4ebbdd9c-11d5-4d18-823d-76ce27ed675e_f14a23c7-1bf5-4793-9eb5-48a215e73bd9.jpg/250x188.webp https://prod.pictures.autoscout24.net/listing-images/4ebbdd9c-11d5-4d18-823d-76ce27ed675e_54400c54-2612-4317-95ae-8fdda813f158.jpg/250x188.webp https://prod.pictures.autoscout24.net/listing-images/4ebbdd9c-11d5-4d18-823d-76ce27ed675e_3bc5c1ae-c0ca-43d6-960a-ce1e73c7ac29.jpg/250x188.webp https://prod.pictures.autoscout24.net/listing-images/4ebbdd9c-11d5-4d18-823d-76ce27ed675e_75d497ec-9c08-44c2-b506-e381ac591baa.jpg/250x188.webp https://prod.pictures.autoscout24.net/listing-images/4ebbdd9c-11d5-4d18-823d-76ce27ed675e_7094f7ad-ef1d-4447-865f-ab150798e1cd.jpg/250x188.webp https://prod.pictures.autoscout24.net/listing-images/4ebbdd9c-11d5-4d18-823d-76ce27ed675e_3716ac01-3624-4baf-958a-f86f62eea0a6.jpg/250x188.webp https://prod.pictures.autoscout24.net/listing-images/4ebbdd9c-11d5-4d18-823d-76ce27ed675e_efe0c609-8c86-492d-a087-382fd33810b4.jpg/250x188.webp,83.88957347991013,4400
b63ad39a-5deb-47b3-b8ae-9af01331a82a,Nissan,Qashqai,1.6i 2WD Tekna ISS,Dealer,7800,b,228000,07-2013,9200,https://prod.pictures.autoscout24.net/listing-images/b63ad39a-5deb-47b3-b8ae-9af01331a82a_97201f29-d3b0-494a-b056-12ea47deb361.jpg/250x188.webp https://prod.pictures.autoscout24.net/listing-images/b63ad39a-5deb-47b3-b8ae-9af01331a82a_da98e494-dd54-458c-82b2-4c8d609671fd.jpg/250x188.webp https://prod.pictures.autoscout24.net/listing-images/b63ad39a-5deb-47b3-b8ae-9af01331a82a_d00f148c-e929-4d7b-8be0-7521a2b39cbd.jpg/250x188.webp https://prod.pictures.autoscout24.net/listing-images/b63ad39a-5deb-47b3-b8ae-9af01331a82a_47b779a5-54b0-473f-b860-05842e1ba775.jpg/250x188.webp https://prod.pictures.autoscout24.net/listing-images/b63ad39a-5deb-47b3-b8ae-9af01331a82a_4604d27b-5911-47bb-9090-d59faeb58f2c.jpg/250x188.webp https://prod.pictures.autoscout24.net/listing-images/b63ad39a-5deb-47b3-b8ae-9af01331a82a_7a4bda9d-4607-4739-b9a1-28fa3aa803b2.jpg/250x188.webp https://prod.pictures.autoscout24.net/listing-images/b63ad39a-5deb-47b3-b8ae-9af01331a82a_2fd98175-8232-450a-967e-4b335d4b8b1b.jpg/250x188.webp https://prod.pictures.autoscout24.net/listing-images/b63ad39a-5deb-47b3-b8ae-9af01331a82a_bc18b9f4-b9ce-46ad-abcd-ceacaf96e4c7.jpg/250x188.webp https://prod.pictures.autoscout24.net/listing-images/b63ad39a-5deb-47b3-b8ae-9af01331a82a_2cac17cf-238f-47a1-988a-14f7a682f673.jpg/250x188.webp https://prod.pictures.autoscout24.net/listing-images/b63ad39a-5deb-47b3-b8ae-9af01331a82a_63020e68-5d60-40ea-a614-dbb39a907498.jpg/250x188.webp https://prod.pictures.autoscout24.net/listing-images/b63ad39a-5deb-47b3-b8ae-9af01331a82a_00b67785-1228-41f4-8bd8-70384ed466b8.jpg/250x188.webp https://prod.pictures.autoscout24.net/listing-images/b63ad39a-5deb-47b3-b8ae-9af01331a82a_87895a85-a607-4446-8879-e89d6e073b5f.jpg/250x188.webp https://prod.pictures.autoscout24.net/listing-images/b63ad39a-5deb-47b3-b8ae-9af01331a82a_8aefeadf-a73f-403a-918c-5aec291f468c.jpg/250x188.webp https://prod.pictures.autoscout24.net/listing-images/b63ad39a-5deb-47b3-b8ae-9af01331a82a_bb57c7b2-6829-43c1-8a9d-71e30cfe5104.jpg/250x188.webp https://prod.pictures.autoscout24.net/listing-images/b63ad39a-5deb-47b3-b8ae-9af01331a82a_1c3e7354-bc56-4c40-b192-91f3741b797c.jpg/250x188.webp https://prod.pictures.autoscout24.net/listing-images/b63ad39a-5deb-47b3-b8ae-9af01331a82a_306539b0-6951-465c-8bed-2648a40adbbd.jpg/250x188.webp,55.33414746561007,3457
cc3ff44c-d093-4542-943e-12117ee14168,Nissan,Navara,*Automatique* V6 (Problème Pompe Diesel)only expo,Dealer,7850,d,225000,08-2007,1420,https://prod.pictures.autoscout24.net/listing-images/cc3ff44c-d093-4542-943e-12117ee14168_73a112be-070a-4305-bc74-248a39dfdeea.jpg/250x188.webp https://prod.pictures.autoscout24.net/listing-images/cc3ff44c-d093-4542-943e-12117ee14168_9c58d851-8d99-4137-bbd4-afdbb38e0a41.jpg/250x188.webp https://prod.pictures.autoscout24.net/listing-images/cc3ff44c-d093-4542-943e-12117ee14168_29649528-258a-4fb5-b177-c0595b581677.jpg/250x188.webp https://prod.pictures.autoscout24.net/listing-images/cc3ff44c-d093-4542-943e-12117ee14168_b9f1ecd5-08dd-40a0-9edf-37ba68efbbd3.jpg/250x188.webp https://prod.pictures.autoscout24.net/listing-images/cc3ff44c-d093-4542-943e-12117ee14168_c100a783-b2ca-4b5d-98de-48eac3d1181f.jpg/250x188.webp https://prod.pictures.autoscout24.net/listing-images/cc3ff44c-d093-4542-943e-12117ee14168_80958d2b-b97b-4cd9-bb4c-2df4f0f664eb.jpg/250x188.webp https://prod.pictures.autoscout24.net/listing-images/cc3ff44c-d093-4542-943e-12117ee14168_1a102346-3361-4756-aa6d-65034c3fd23c.jpg/250x188.webp https://prod.pictures.autoscout24.net/listing-images/cc3ff44c-d093-4542-943e-12117ee14168_ecc87f19-ca9a-4aef-b935-89741d2e8b09.jpg/250x188.webp https://prod.pictures.autoscout24.net/listing-images/cc3ff44c-d093-4542-943e-12117ee14168_b55132be-29ed-4ef2-b7a7-44f8fc34e61b.jpg/250x188.webp https://prod.pictures.autoscout24.net/listing-images/cc3ff44c-d093-4542-943e-12117ee14168_c4419de5-e715-4e93-9570-cddada7f616a.jpg/250x188.webp https://prod.pictures.autoscout24.net/listing-images/cc3ff44c-d093-4542-943e-12117ee14168_9b5c62e1-c9b8-4907-a965-c21a9f7284fe.jpg/250x188.webp https://prod.pictures.autoscout24.net/listing-images/cc3ff44c-d093-4542-943e-12117ee14168_9b4b5da2-5846-430b-99ac-ccc1ef7fe64a.jpg/250x188.webp https://prod.pictures.autoscout24.net/listing-images/cc3ff44c-d093-4542-943e-12117ee14168_efcf4098-1ce1-4c7e-b2b2-bb822f3ba765.jpg/250x188.webp,87.49639779077864,5618
a99d6cbd-f3ef-4f29-9f7f-504e5f2ad1e2,Nissan,NV400,,PrivateSeller,7865,d,144000,07-2012,2980,,26.521830769361618,3822
07001a1c-1629-48f2-b784-0ff0ced31538,Nissan,Juke,1.6i 2WD // EXPORT // Euro 6d  //,Dealer,7900,b,326517,05-2019,1700,https://prod.pictures.autoscout24.net/listing-images/07001a1c-1629-48f2-b784-0ff0ced31538_4ddfbda4-550d-475b-bd7a-a382956aae80.jpg/250x188.webp https://prod.pictures.autoscout24.net/listing-images/07001a1c-1629-48f2-b784-0ff0ced31538_63f1cafb-21bc-4b22-afd1-5f71a54fe9fc.jpg/250x188.webp https://prod.pictures.autoscout24.net/listing-images/07001a1c-1629-48f2-b784-0ff0ced31538_e1ea3894-18d6-43af-9e9c-4c5393d7a99a.jpg/250x188.webp https://prod.pictures.autoscout24.net/listing-images/07001a1c-1629-48f2-b784-0ff0ced31538_53474285-01ce-4f3f-8b35-65113302e684.jpg/250x188.webp https://prod.pictures.autoscout24.net/listing-images/07001a1c-1629-48f2-b784-0ff0ced31538_bf710594-ce10-4d53-bcb3-4fccf769077a.jpg/250x188.webp https://prod.pictures.autoscout24.net/listing-images/07001a1c-1629-48f2-b784-0ff0ced31538_70570b23-551f-441a-abf0-fe2b2c52dcda.jpg/250x188.webp https://prod.pictures.autoscout24.net/listing-images/07001a1c-1629-48f2-b784-0ff0ced31538_fbd2907c-dc76-4366-9363-7fd1864196fe.jpg/250x188.webp https://prod.pictures.autoscout24.net/listing-images/07001a1c-1629-48f2-b784-0ff0ced31538_558a353e-932e-403f-a3fb-631dd230a1aa.jpg/250x188.webp https://prod.pictures.autoscout24.net/listing-images/07001a1c-1629-48f2-b784-0ff0ced31538_a7651e0e-9755-47c7-8df4-7d48918a3999.jpg/250x188.webp https://prod.pictures.autoscout24.net/listing-images/07001a1c-1629-48f2-b784-0ff0ced31538_40a7fffc-c326-4b28-9e68-3545e549844d.jpg/250x188.webp https://prod.pictures.autoscout24.net/listing-images/07001a1c-1629-48f2-b784-0ff0ced31538_ca140600-27ec-43c7-91d1-4329778de976.jpg/250x188.webp https://prod.pictures.autoscout24.net/listing-images/07001a1c-1629-48f2-b784-0ff0ced31538_c543bf3a-0c01-45de-90d2-b31a35192132.jpg/250x188.webp https://prod.pictures.autoscout24.net/listing-images/07001a1c-1629-48f2-b784-0ff0ced31538_f4583a17-1685-4286-a547-0db85a4ded1f.jpg/250x188.webp https://prod.pictures.autoscout24.net/listing-images/07001a1c-1629-48f2-b784-0ff0ced31538_57aa03f0-09ef-410c-aab4-8fc059123281.jpg/250x188.webp https://prod.pictures.autoscout24.net/listing-images/07001a1c-1629-48f2-b784-0ff0ced31538_5135748d-9355-447a-95da-7e0358d7f5e4.jpg/250x188.webp,70.90697373704198,1327
73085eaa-2d22-46fb-9b1e-cadf0db87fee,Nissan,Juke,,PrivateSeller,7900,d,122700,01-2011,1970,https://prod.pictures.autoscout24.net/listing-images/73085eaa-2d22-46fb-9b1e-cadf0db87fee_768cddb7-3194-47ec-b5b5-265480445578.jpg/250x188.webp https://prod.pictures.autoscout24.net/listing-images/73085eaa-2d22-46fb-9b1e-cadf0db87fee_993a156e-502f-412f-9fea-54913bbebb77.jpg/250x188.webp https://prod.pictures.autoscout24.net/listing-images/73085eaa-2d22-46fb-9b1e-cadf0db87fee_3ad8cf57-ca09-4a34-9d3b-b686834c5aca.jpg/250x188.webp https://prod.pictures.autoscout24.net/listing-images/73085eaa-2d22-46fb-9b1e-cadf0db87fee_25737d4f-a184-4fd8-a69a-a5435084bea1.jpg/250x188.webp https://prod.pictures.autoscout24.net/listing-images/73085eaa-2d22-46fb-9b1e-cadf0db87fee_8cebd37a-af12-41ff-9455-e3170bada31c.jpg/250x188.webp https://prod.pictures.autoscout24.net/listing-images/73085eaa-2d22-46fb-9b1e-cadf0db87fee_1960dc72-6de8-4b2e-b8c2-de6a2277fec0.jpg/250x188.webp https://prod.pictures.autoscout24.net/listing-images/73085eaa-2d22-46fb-9b1e-cadf0db87fee_7d54981f-d337-460f-a581-b9c044fdae73.jpg/250x188.webp https://prod.pictures.autoscout24.net/listing-images/73085eaa-2d22-46fb-9b1e-cadf0db87fee_4baaee55-3b53-42e0-9478-218a284d44bf.jpg/250x188.webp https://prod.pictures.autoscout24.net/listing-images/73085eaa-2d22-46fb-9b1e-cadf0db87fee_b64cd906-1eaf-46d6-9971-7fed1edf8438.jpg/250x188.webp https://prod.pictures.autoscout24.net/listing-images/73085eaa-2d22-46fb-9b1e-cadf0db87fee_ab5bf482-6ca2-465f-9669-e72064a11659.jpg/250x188.webp https://prod.pictures.autoscout24.net/listing-images/73085eaa-2d22-46fb-9b1e-cadf0db87fee_09a78dac-daba-4d9d-ac5b-1e82015ddeae.jpg/250x188.webp https://prod.pictures.autoscout24.net/listing-images/73085eaa-2d22-46fb-9b1e-cadf0db87fee_8a023194-225b-4813-8508-d2a7fa9f44e1.jpg/250x188.webp https://prod.pictures.autoscout24.net/listing-images/73085eaa-2d22-46fb-9b1e-cadf0db87fee_ab1ba9da-7200-42f4-8472-6dff958f5766.jpg/250x188.webp https://prod.pictures.autoscout24.net/listing-images/73085eaa-2d22-46fb-9b1e-cadf0db87fee_c3a838dc-1093-44f3-a50f-c6ee9f7db5fb.jpg/250x188.webp https://prod.pictures.autoscout24.net/listing-images/73085eaa-2d22-46fb-9b1e-cadf0db87fee_0d417976-c284-445a-a20a-f3d0e4ab78b8.jpg/250x188.webp,69.8972659895319,4369
adcc3c29-f359-4523-a4ce-42cbb64c8833,Nissan,Cube,1.6i Zen - Panoramique - Caméra de recul - GPS,Dealer,7900,b,116927,06-2010,7380,https://prod.pictures.autoscout24.net/listing-images/adcc3c29-f359-4523-a4ce-42cbb64c8833_3065f2e8-8891-4ad4-b162-f24d81c580ff.jpg/250x188.webp https://prod.pictures.autoscout24.net/listing-images/adcc3c29-f359-4523-a4ce-42cbb64c8833_c392199c-7498-48d2-9e3f-ea50a42c1417.jpg/250x188.webp https://prod.pictures.autoscout24.net/listing-images/adcc3c29-f359-4523-a4ce-42cbb64c8833_76b009fd-5612-4e8c-b841-fe544f703aba.jpg/250x188.webp https://prod.pictures.autoscout24.net/listing-images/adcc3c29-f359-4523-a4ce-42cbb64c8833_835e1c4e-34be-4726-8f6e-f305aea472d5.jpg/250x188.webp https://prod.pictures.autoscout24.net/listing-images/adcc3c29-f359-4523-a4ce-42cbb64c8833_d92b4c98-3a44-4597-853d-b27b52db6e76.jpg/250x188.webp https://prod.pictures.autoscout24.net/listing-images/adcc3c29-f359-4523-a4ce-42cbb64c8833_3900e7cc-3b80-4662-b101-c927a261330d.jpg/250x188.webp https://prod.pictures.autoscout24.net/listing-images/adcc3c29-f359-4523-a4ce-42cbb64c8833_1e089da8-7636-426b-acf4-d01143cc778c.jpg/250x188.webp https://prod.pictures.autoscout24.net/listing-images/adcc3c29-f359-4523-a4ce-42cbb64c8833_cc0f35c4-33b9-491d-8dae-f3d696c18614.jpg/250x188.webp https://prod.pictures.autoscout24.net/listing-images/adcc3c29-f359-4523-a4ce-42cbb64c8833_e71a68f7-9afe-460c-b4a0-220bd7f84008.jpg/250x188.webp https://prod.pictures.autoscout24.net/listing-images/adcc3c29-f359-4523-a4ce-42cbb64c8833_75da5f01-835c-4df8-bbf4-0ccb607c98f2.jpg/250x188.webp https://prod.pictures.autoscout24.net/listing-images/adcc3c29-f359-4523-a4ce-42cbb64c8833_abb2bdce-b9c0-4769-a007-7df11e8748dd.jpg/250x188.webp https://prod.pictures.autoscout24.net/listing-images/adcc3c29-f359-4523-a4ce-42cbb64c8833_030753a4-5bd1-4c01-b1d4-feb3bb3cfe1b.jpg/250x188.webp https://prod.pictures.autoscout24.net/listing-images/adcc3c29-f359-4523-a4ce-42cbb64c8833_5289508f-e79f-4518-adf2-8ac7240820ca.jpg/250x188.webp https://prod.pictures.autoscout24.net/listing-images/adcc3c29-f359-4523-a4ce-42cbb64c8833_eaa4223a-36af-4b51-ad4d-da23a24dfe75.jpg/250x188.webp https://prod.pictures.autoscout24.net/listing-images/adcc3c29-f359-4523-a4ce-42cbb64c8833_cde8542f-4975-43ae-a50f-62ec28388cc0.jpg/250x188.webp,129.95614046754844,4583
dbbedfc3-e603-4dfd-b18a-309df5a781e4,Nissan,Micra,1.2i N-TEC * Garantie 12 Mois *,Dealer,7900,b,54907,10-2015,1390,https://prod.pictures.autoscout24.net/listing-images/dbbedfc3-e603-4dfd-b18a-309df5a781e4_d38cc070-de6c-4bd6-b2a3-560d7bf0bf4f.jpg/250x188.webp https://prod.pictures.autoscout24.net/listing-images/dbbedfc3-e603-4dfd-b18a-309df5a781e4_7665537b-4731-4ee3-8140-7bf1e9f285a9.jpg/250x188.webp https://prod.pictures.autoscout24.net/listing-images/dbbedfc3-e603-4dfd-b18a-309df5a781e4_d097f046-323b-4155-a848-db0d1ee504d0.jpg/250x188.webp https://prod.pictures.autoscout24.net/listing-images/dbbedfc3-e603-4dfd-b18a-309df5a781e4_1153e747-846f-4c40-af2c-e55a0ee14962.jpg/250x188.webp https://prod.pictures.autoscout24.net/listing-images/dbbedfc3-e603-4dfd-b18a-309df5a781e4_1a4c004b-5a0d-40eb-b974-f0fc2710c5b9.jpg/250x188.webp https://prod.pictures.autoscout24.net/listing-images/dbbedfc3-e603-4dfd-b18a-309df5a781e4_9f333878-c1f9-4692-9575-984b4ddcb8df.jpg/250x188.webp https://prod.pictures.autoscout24.net/listing-images/dbbedfc3-e603-4dfd-b18a-309df5a781e4_5068b3f2-a59c-4ac1-b363-a0ddab0c388b.jpg/250x188.webp https://prod.pictures.autoscout24.net/listing-images/dbbedfc3-e603-4dfd-b18a-309df5a781e4_83d55b64-df33-483f-906f-a0da0b01aa26.jpg/250x188.webp https://prod.pictures.autoscout24.net/listing-images/dbbedfc3-e603-4dfd-b18a-309df5a781e4_c0c63a4b-6acb-46d2-98ab-1f192a0718d0.jpg/250x188.webp https://prod.pictures.autoscout24.net/listing-images/dbbedfc3-e603-4dfd-b18a-309df5a781e4_16e5e436-28c4-4cea-8515-028976306730.jpg/250x188.webp https://prod.pictures.autoscout24.net/listing-images/dbbedfc3-e603-4dfd-b18a-309df5a781e4_29bf3443-78f9-40c3-99fe-0d35ebde7aec.jpg/250x188.webp https://prod.pictures.autoscout24.net/listing-images/dbbedfc3-e603-4dfd-b18a-309df5a781e4_845f580b-aaf9-4211-89bb-58f6ce4ff976.jpg/250x188.webp https://prod.pictures.autoscout24.net/listing-images/dbbedfc3-e603-4dfd-b18a-309df5a781e4_d50ddd0d-90eb-47a6-9b7a-ab9e5aeffc5b.jpg/250x188.webp,80.41314824962016,2635
d21a7a99-8e74-4609-85c9-f11e632a1cc1,Nissan,Note,1.2i Acenta,Dealer,7900,b,93000,02-2016,1480,https://prod.pictures.autoscout24.net/listing-images/d21a7a99-8e74-4609-85c9-f11e632a1cc1_6f7321e8-2169-4ddf-843e-9a62fd47a30c.jpg/250x188.webp https://prod.pictures.autoscout24.net/listing-images/d21a7a99-8e74-4609-85c9-f11e632a1cc1_6b8ea464-e8bb-4996-a5de-5747f2afc2f3.jpg/250x188.webp https://prod.pictures.autoscout24.net/listing-images/d21a7a99-8e74-4609-85c9-f11e632a1cc1_6cda7083-2ca5-4b0a-84ef-26edfada93f5.jpg/250x188.webp https://prod.pictures.autoscout24.net/listing-images/d21a7a99-8e74-4609-85c9-f11e632a1cc1_543c42ea-b10f-4287-bcad-5d83f8e31ca6.jpg/250x188.webp https://prod.pictures.autoscout24.net/listing-images/d21a7a99-8e74-4609-85c9-f11e632a1cc1_20f29acc-81cd-43d6-82b4-6b24c4b69b40.jpg/250x188.webp https://prod.pictures.autoscout24.net/listing-images/d21a7a99-8e74-4609-85c9-f11e632a1cc1_1c0f53a0-79ae-4f12-bc90-5d83cf7da49d.jpg/250x188.webp https://prod.pictures.autoscout24.net/listing-images/d21a7a99-8e74-4609-85c9-f11e632a1cc1_089cf93e-91f9-4c73-898e-da95621409de.jpg/250x188.webp https://prod.pictures.autoscout24.net/listing-images/d21a7a99-8e74-4609-85c9-f11e632a1cc1_d0c9420a-cd48-4b1c-82a3-8d803a6a8188.jpg/250x188.webp https://prod.pictures.autoscout24.net/listing-images/d21a7a99-8e74-4609-85c9-f11e632a1cc1_94e81207-fcf6-4efa-9bef-6a6a6259f5d4.jpg/250x188.webp https://prod.pictures.autoscout24.net/listing-images/d21a7a99-8e74-4609-85c9-f11e632a1cc1_d2b30992-5936-440a-b155-869a4b5f4e10.jpg/250x188.webp https://prod.pictures.autoscout24.net/listing-images/d21a7a99-8e74-4609-85c9-f11e632a1cc1_f3f8c6a2-a602-4e51-b578-5375d4fa59dc.jpg/250x188.webp https://prod.pictures.autoscout24.net/listing-images/d21a7a99-8e74-4609-85c9-f11e632a1cc1_499e50e7-e91b-4690-aa93-5b23cbfb375b.jpg/250x188.webp,90.6722887329444,2512
a54c5a0b-6c65-4c9b-b831-3083c55f5149,Nissan,Qashqai,1.6i 2WD Urban Edition+18,PrivateSeller,7900,b,132256,07-2010,2920,https://prod.pictures.autoscout24.net/listing-images/a54c5a0b-6c65-4c9b-b831-3083c55f5149_645c83d5-14b8-4926-b63b-d298aa8eb6f6.jpg/250x188.webp https://prod.pictures.autoscout24.net/listing-images/a54c5a0b-6c65-4c9b-b831-3083c55f5149_aff00a44-22ea-4804-826d-5786e86e2ae5.jpg/250x188.webp https://prod.pictures.autoscout24.net/listing-images/a54c5a0b-6c65-4c9b-b831-3083c55f5149_41c1508d-fddb-4c47-923c-1f6f6710076a.jpg/250x188.webp https://prod.pictures.autoscout24.net/listing-images/a54c5a0b-6c65-4c9b-b831-3083c55f5149_28d27057-f90c-4803-abf8-d563966597d5.jpg/250x188.webp https://prod.pictures.autoscout24.net/listing-images/a54c5a0b-6c65-4c9b-b831-3083c55f5149_6466aef4-ce25-402b-8e9a-b9ebc867164f.jpg/250x188.webp https://prod.pictures.autoscout24.net/listing-images/a54c5a0b-6c65-4c9b-b831-3083c55f5149_ccf85b0e-3687-489b-8035-a42179f1bdd2.jpg/250x188.webp https://prod.pictures.autoscout24.net/listing-images/a54c5a0b-6c65-4c9b-b831-3083c55f5149_1f5a0e01-8165-49ac-915e-6c46a46d7660.jpg/250x188.webp https://prod.pictures.autoscout24.net/listing-images/a54c5a0b-6c65-4c9b-b831-3083c55f5149_962331e6-f220-4450-b910-81ae11ce2f25.jpg/250x188.webp https://prod.pictures.autoscout24.net/listing-images/a54c5a0b-6c65-4c9b-b831-3083c55f5149_5c676b9e-ad42-46ac-84f7-e668b5fe965f.jpg/250x188.webp,9.296058813361997,4553
477d1474-fe34-4f69-a4cd-2d10caf5f8b8,Nissan,Micra,1.2i Mix CVT*AUTOMAAT AIRCO AUX AANSLUITING,Dealer,7950,b,77180,03-2012,9402,https://prod.pictures.autoscout24.net/listing-images/477d1474-fe34-4f69-a4cd-2d10caf5f8b8_c95cf242-1827-450c-b049-fa2f7e511f4e.jpg/250x188.webp https://prod.pictures.autoscout24.net/listing-images/477d1474-fe34-4f69-a4cd-2d10caf5f8b8_9874e63b-62b9-40a7-8303-e06b15c1dba3.jpg/250x188.webp https://prod.pictures.autoscout24.net/listing-images/477d1474-fe34-4f69-a4cd-2d10caf5f8b8_3da5bb40-b7b7-447a-951f-3cf338382e9a.jpg/250x188.webp https://prod.pictures.autoscout24.net/listing-images/477d1474-fe34-4f69-a4cd-2d10caf5f8b8_fc23ed4a-f6a6-4e1f-a514-1b3d95588f5a.jpg/250x188.webp https://prod.pictures.autoscout24.net/listing-images/477d1474-fe34-4f69-a4cd-2d10caf5f8b8_17b4b6b5-31e5-4735-839f-c45891f5865c.jpg/250x188.webp https://prod.pictures.autoscout24.net/listing-images/477d1474-fe34-4f69-a4cd-2d10caf5f8b8_1b58f687-a17d-4914-b82d-65198859dfd1.jpg/250x188.webp https://prod.pictures.autoscout24.net/listing-images/477d1474-fe34-4f69-a4cd-2d10caf5f8b8_c0aeb355-9ac0-4197-96f5-1c05ad0165b8.jpg/250x188.webp https://prod.pictures.autoscout24.net/listing-images/477d1474-fe34-4f69-a4cd-2d10caf5f8b8_7cdae244-18d9-43a6-acf5-6a9d8b2c2b27.jpg/250x188.webp https://prod.pictures.autoscout24.net/listing-images/477d1474-fe34-4f69-a4cd-2d10caf5f8b8_22f1b893-0516-43ad-a9a6-8f30f805590f.jpg/250x188.webp https://prod.pictures.autoscout24.net/listing-images/477d1474-fe34-4f69-a4cd-2d10caf5f8b8_ac3af33b-3379-4ce2-b6a1-ad1a3b1947bd.jpg/250x188.webp https://prod.pictures.autoscout24.net/listing-images/477d1474-fe34-4f69-a4cd-2d10caf5f8b8_aac9a988-c2ed-4888-be81-6c6f9f1db169.jpg/250x188.webp https://prod.pictures.autoscout24.net/listing-images/477d1474-fe34-4f69-a4cd-2d10caf5f8b8_4a99faed-9f97-45ab-9f1c-24608d95c8ee.jpg/250x188.webp https://prod.pictures.autoscout24.net/listing-images/477d1474-fe34-4f69-a4cd-2d10caf5f8b8_2a29bdf7-d254-4ff1-9a7e-c4c0ca16623c.jpg/250x188.webp https://prod.pictures.autoscout24.net/listing-images/477d1474-fe34-4f69-a4cd-2d10caf5f8b8_2db1d5af-9d69-4c85-875d-035dc9e530df.jpg/250x188.webp https://prod.pictures.autoscout24.net/listing-images/477d1474-fe34-4f69-a4cd-2d10caf5f8b8_41c9dd03-13ac-4d69-bfdb-a50dfaf4d816.jpg/250x188.webp https://prod.pictures.autoscout24.net/listing-images/477d1474-fe34-4f69-a4cd-2d10caf5f8b8_d0a6d503-74ec-422a-9820-90623d074d54.jpg/250x188.webp https://prod.pictures.autoscout24.net/listing-images/477d1474-fe34-4f69-a4cd-2d10caf5f8b8_0a79469c-33cf-4344-b808-b2fbb1e7dead.jpg/250x188.webp https://prod.pictures.autoscout24.net/listing-images/477d1474-fe34-4f69-a4cd-2d10caf5f8b8_263aa605-fffb-47a0-a766-c780df6f673b.jpg/250x188.webp https://prod.pictures.autoscout24.net/listing-images/477d1474-fe34-4f69-a4cd-2d10caf5f8b8_0e849886-bf30-4961-b1d5-ec7258cc193b.jpg/250x188.webp https://prod.pictures.autoscout24.net/listing-images/477d1474-fe34-4f69-a4cd-2d10caf5f8b8_7b42cda0-840f-4f6a-9689-7685af30ed85.jpg/250x188.webp https://prod.pictures.autoscout24.net/listing-images/477d1474-fe34-4f69-a4cd-2d10caf5f8b8_74214d6c-7db3-4c06-a944-59a14a2ac5b3.jpg/250x188.webp,77.6485465586824,3944
f95f08e8-9684-4c8f-af87-1b40272e9643,Nissan,Qashqai,1.5l diesel. 92.700 KM. EURO-5. 7950 EURO,Dealer,7950,d,92700,08-2012,1770,https://prod.pictures.autoscout24.net/listing-images/f95f08e8-9684-4c8f-af87-1b40272e9643_05e2950f-3786-467e-9c53-3f1f9c0dd1da.jpg/250x188.webp https://prod.pictures.autoscout24.net/listing-images/f95f08e8-9684-4c8f-af87-1b40272e9643_3066e946-4605-4b1f-baf9-b026fb557e3c.jpg/250x188.webp https://prod.pictures.autoscout24.net/listing-images/f95f08e8-9684-4c8f-af87-1b40272e9643_1c9aa615-eee3-41c8-aec0-fc86e3cad411.jpg/250x188.webp https://prod.pictures.autoscout24.net/listing-images/f95f08e8-9684-4c8f-af87-1b40272e9643_23a31093-92f6-416c-8184-c4ff42effad3.jpg/250x188.webp https://prod.pictures.autoscout24.net/listing-images/f95f08e8-9684-4c8f-af87-1b40272e9643_4376e249-33f0-4857-a04b-3e9125327263.jpg/250x188.webp https://prod.pictures.autoscout24.net/listing-images/f95f08e8-9684-4c8f-af87-1b40272e9643_d12cd675-fe5b-43c5-8937-67ad87f665ef.jpg/250x188.webp https://prod.pictures.autoscout24.net/listing-images/f95f08e8-9684-4c8f-af87-1b40272e9643_b0196853-d945-4aba-9509-2f34e7a8706f.jpg/250x188.webp https://prod.pictures.autoscout24.net/listing-images/f95f08e8-9684-4c8f-af87-1b40272e9643_b377e243-75ac-4792-a59e-6eadbfcbed73.jpg/250x188.webp https://prod.pictures.autoscout24.net/listing-images/f95f08e8-9684-4c8f-af87-1b40272e9643_8a3f1ac7-53a1-47d7-827d-59d79fe9fec1.jpg/250x188.webp https://prod.pictures.autoscout24.net/listing-images/f95f08e8-9684-4c8f-af87-1b40272e9643_8d8d2bd0-c22e-4b8d-8b1c-cf1f1eaa45cd.jpg/250x188.webp https://prod.pictures.autoscout24.net/listing-images/f95f08e8-9684-4c8f-af87-1b40272e9643_d51b31ef-efda-4f11-9422-414fbcee36e8.jpg/250x188.webp https://prod.pictures.autoscout24.net/listing-images/f95f08e8-9684-4c8f-af87-1b40272e9643_071fd68f-6eda-44a7-b0e5-69ac992d808d.jpg/250x188.webp https://prod.pictures.autoscout24.net/listing-images/f95f08e8-9684-4c8f-af87-1b40272e9643_5bbca989-9fcb-4c4a-b449-c422489a3397.jpg/250x188.webp https://prod.pictures.autoscout24.net/listing-images/f95f08e8-9684-4c8f-af87-1b40272e9643_928b4330-df8a-458c-a3bb-1c43b285698a.jpg/250x188.webp https://prod.pictures.autoscout24.net/listing-images/f95f08e8-9684-4c8f-af87-1b40272e9643_63ec2cb8-7d87-4ca8-a806-e3c07f239da9.jpg/250x188.webp,71.72306486218548,3791
2eb2520c-a7d8-4fc6-87d1-d852305db090,Nissan,NV200,"1.5 dCi euro5b,cruise control,clim,Bluetooth",Dealer,7950,d,148464,01-2014,7100,https://prod.pictures.autoscout24.net/listing-images/2eb2520c-a7d8-4fc6-87d1-d852305db090_f5d5e300-7b89-4b5a-ac53-b53bd491730a.jpg/250x188.webp https://prod.pictures.autoscout24.net/listing-images/2eb2520c-a7d8-4fc6-87d1-d852305db090_901248bb-25cf-4b6a-9f3e-a84073d6d4eb.jpg/250x188.webp https://prod.pictures.autoscout24.net/listing-images/2eb2520c-a7d8-4fc6-87d1-d852305db090_f8ffbc98-8499-4e09-9d8f-bf7fd29124f4.jpg/250x188.webp https://prod.pictures.autoscout24.net/listing-images/2eb2520c-a7d8-4fc6-87d1-d852305db090_0100fb88-46b0-42a8-a181-4fb98859c18b.jpg/250x188.webp https://prod.pictures.autoscout24.net/listing-images/2eb2520c-a7d8-4fc6-87d1-d852305db090_3864808c-2ccd-45be-a167-4bb51e906b2b.jpg/250x188.webp https://prod.pictures.autoscout24.net/listing-images/2eb2520c-a7d8-4fc6-87d1-d852305db090_4ef2c497-25b1-4d3a-80a5-cd78b29d2dd0.jpg/250x188.webp https://prod.pictures.autoscout24.net/listing-images/2eb2520c-a7d8-4fc6-87d1-d852305db090_2d400d6f-8390-431b-99ce-add87f726592.jpg/250x188.webp https://prod.pictures.autoscout24.net/listing-images/2eb2520c-a7d8-4fc6-87d1-d852305db090_9ffbb093-a93d-4b58-a122-5b3909fdb32a.jpg/250x188.webp https://prod.pictures.autoscout24.net/listing-images/2eb2520c-a7d8-4fc6-87d1-d852305db090_64396fc9-6387-497a-8c21-c3375a3d9b02.jpg/250x188.webp https://prod.pictures.autoscout24.net/listing-images/2eb2520c-a7d8-4fc6-87d1-d852305db090_31db6046-ae49-4b42-8a9c-53d680905b91.jpg/250x188.webp https://prod.pictures.autoscout24.net/listing-images/2eb2520c-a7d8-4fc6-87d1-d852305db090_c29e1a25-1aa2-411c-a9de-fd9ee7334e4e.jpg/250x188.webp https://prod.pictures.autoscout24.net/listing-images/2eb2520c-a7d8-4fc6-87d1-d852305db090_29caa9e2-4aed-404d-b861-f44e8df10b76.jpg/250x188.webp https://prod.pictures.autoscout24.net/listing-images/2eb2520c-a7d8-4fc6-87d1-d852305db090_2c660897-9b51-40da-8346-469d9dacc7cf.jpg/250x188.webp https://prod.pictures.autoscout24.net/listing-images/2eb2520c-a7d8-4fc6-87d1-d852305db090_67b30e1d-c95e-4413-aab6-dfc9fa0bcd3f.jpg/250x188.webp https://prod.pictures.autoscout24.net/listing-images/2eb2520c-a7d8-4fc6-87d1-d852305db090_82baa7fb-7fc1-49d3-a634-5e2347760cb9.jpg/250x188.webp,111.04432979756132,3273
45da7a05-a5b6-4167-97b5-0404078b555f,Nissan,Micra,1.2i / airco / bluetooth,Dealer,7950,b,66420,01-2016,2370,https://prod.pictures.autoscout24.net/listing-images/45da7a05-a5b6-4167-97b5-0404078b555f_e27cf8c8-230a-475b-8024-1b8b35efc7ad.jpg/250x188.webp https://prod.pictures.autoscout24.net/listing-images/45da7a05-a5b6-4167-97b5-0404078b555f_c28c53f9-0fef-4a29-9f1a-18e130365491.jpg/250x188.webp https://prod.pictures.autoscout24.net/listing-images/45da7a05-a5b6-4167-97b5-0404078b555f_9fd75375-2acd-4248-a359-660d3dbe44de.jpg/250x188.webp https://prod.pictures.autoscout24.net/listing-images/45da7a05-a5b6-4167-97b5-0404078b555f_d1f16a57-1e8e-42e0-8071-eca62864293c.jpg/250x188.webp https://prod.pictures.autoscout24.net/listing-images/45da7a05-a5b6-4167-97b5-0404078b555f_c181d00c-77bf-4bc1-b393-01d7a93b597a.jpg/250x188.webp https://prod.pictures.autoscout24.net/listing-images/45da7a05-a5b6-4167-97b5-0404078b555f_bb68fe93-947a-45aa-b1ba-0c985628ae9f.jpg/250x188.webp https://prod.pictures.autoscout24.net/listing-images/45da7a05-a5b6-4167-97b5-0404078b555f_db557e98-085b-41dc-9118-7f630b41ea9b.jpg/250x188.webp https://prod.pictures.autoscout24.net/listing-images/45da7a05-a5b6-4167-97b5-0404078b555f_389eb3ea-1ca4-47e5-b801-cf00cff94028.jpg/250x188.webp,45.54937195187618,2543
4cb7d5c2-9e35-4d95-a029-2ae60bb532da,Nissan,Qashqai,1.5 DCI TEKNA,Dealer,7950,d,155000,10-2012,1400,https://prod.pictures.autoscout24.net/listing-images/4cb7d5c2-9e35-4d95-a029-2ae60bb532da_2dfc1995-38da-40ee-9c64-45ea5c033328.jpg/250x188.webp https://prod.pictures.autoscout24.net/listing-images/4cb7d5c2-9e35-4d95-a029-2ae60bb532da_fd2bc1ea-2b43-4b9d-909b-5e807da85317.jpg/250x188.webp https://prod.pictures.autoscout24.net/listing-images/4cb7d5c2-9e35-4d95-a029-2ae60bb532da_e7b7d3ec-1c18-4135-8f9e-f944bb26f86e.jpg/250x188.webp https://prod.pictures.autoscout24.net/listing-images/4cb7d5c2-9e35-4d95-a029-2ae60bb532da_55e9235a-fe11-49ea-96cc-acd86ee8ddcd.jpg/250x188.webp https://prod.pictures.autoscout24.net/listing-images/4cb7d5c2-9e35-4d95-a029-2ae60bb532da_5ad52f6d-2f41-4ee7-a0d5-a09f67fbd2d5.jpg/250x188.webp https://prod.pictures.autoscout24.net/listing-images/4cb7d5c2-9e35-4d95-a029-2ae60bb532da_937757c8-9db8-4830-bd05-4962b28ee5c6.jpg/250x188.webp https://prod.pictures.autoscout24.net/listing-images/4cb7d5c2-9e35-4d95-a029-2ae60bb532da_06ffc2d9-7998-4f38-9785-5517d0b8c4e4.jpg/250x188.webp https://prod.pictures.autoscout24.net/listing-images/4cb7d5c2-9e35-4d95-a029-2ae60bb532da_5a7edd57-28c4-41d0-ad17-2bfcf835eb48.jpg/250x188.webp https://prod.pictures.autoscout24.net/listing-images/4cb7d5c2-9e35-4d95-a029-2ae60bb532da_f7c4e4b0-84e7-4dde-8db7-e885b3431700.jpg/250x188.webp https://prod.pictures.autoscout24.net/listing-images/4cb7d5c2-9e35-4d95-a029-2ae60bb532da_b91ce175-5234-4509-835d-7c17e13c63e2.jpg/250x188.webp https://prod.pictures.autoscout24.net/listing-images/4cb7d5c2-9e35-4d95-a029-2ae60bb532da_004e139f-cba4-4267-8613-d73d61e01f3e.jpg/250x188.webp https://prod.pictures.autoscout24.net/listing-images/4cb7d5c2-9e35-4d95-a029-2ae60bb532da_e8450009-0d25-4eb9-bfe1-9decae3c7f65.jpg/250x188.webp https://prod.pictures.autoscout24.net/listing-images/4cb7d5c2-9e35-4d95-a029-2ae60bb532da_868900b2-b7eb-40b9-af41-ebeae954a8b1.jpg/250x188.webp,97.35176357549375,3730
4c96f2cb-49be-47ea-a771-8ee2cca6aba7,Nissan,Qashqai,1.5D 127 000Km Leer/camera/Panodak/Xenon,Dealer,7950,d,125000,09-2011,1980,https://prod.pictures.autoscout24.net/listing-images/4c96f2cb-49be-47ea-a771-8ee2cca6aba7_d1b88a42-84d5-4e51-b219-07a50599189b.jpg/250x188.webp https://prod.pictures.autoscout24.net/listing-images/4c96f2cb-49be-47ea-a771-8ee2cca6aba7_fbb841d7-9301-4d7f-9fae-a969a516f92f.jpg/250x188.webp https://prod.pictures.autoscout24.net/listing-images/4c96f2cb-49be-47ea-a771-8ee2cca6aba7_a370ce8f-090f-4fc7-95bb-ab2a627c67be.jpg/250x188.webp https://prod.pictures.autoscout24.net/listing-images/4c96f2cb-49be-47ea-a771-8ee2cca6aba7_f2e3d489-5db5-47cb-8d96-b79dc1238164.jpg/250x188.webp https://prod.pictures.autoscout24.net/listing-images/4c96f2cb-49be-47ea-a771-8ee2cca6aba7_b1ab2096-d241-4166-a34b-62aff7f3a7b7.jpg/250x188.webp https://prod.pictures.autoscout24.net/listing-images/4c96f2cb-49be-47ea-a771-8ee2cca6aba7_16a77d8a-c006-4ea1-a0b1-29d05e32187c.jpg/250x188.webp https://prod.pictures.autoscout24.net/listing-images/4c96f2cb-49be-47ea-a771-8ee2cca6aba7_0ed031f9-dacb-4c6f-9cb8-70e090f391aa.jpg/250x188.webp https://prod.pictures.autoscout24.net/listing-images/4c96f2cb-49be-47ea-a771-8ee2cca6aba7_6d972214-da63-42c9-adb1-cb2a3925eda3.jpg/250x188.webp https://prod.pictures.autoscout24.net/listing-images/4c96f2cb-49be-47ea-a771-8ee2cca6aba7_02f8b1cd-1364-4095-aa43-4cb25d88e170.jpg/250x188.webp https://prod.pictures.autoscout24.net/listing-images/4c96f2cb-49be-47ea-a771-8ee2cca6aba7_403e4251-5e96-45ef-8b5a-49787bae5109.jpg/250x188.webp https://prod.pictures.autoscout24.net/listing-images/4c96f2cb-49be-47ea-a771-8ee2cca6aba7_39a8f739-f87c-47aa-8a2d-6c8097c7a059.jpg/250x188.webp https://prod.pictures.autoscout24.net/listing-images/4c96f2cb-49be-47ea-a771-8ee2cca6aba7_0c845c35-31d1-4cd8-99cc-7cd896e3a7fe.jpg/250x188.webp https://prod.pictures.autoscout24.net/listing-images/4c96f2cb-49be-47ea-a771-8ee2cca6aba7_664948fe-e0d5-4b2e-aba4-e9ca12caac04.jpg/250x188.webp https://prod.pictures.autoscout24.net/listing-images/4c96f2cb-49be-47ea-a771-8ee2cca6aba7_b46d34e9-8179-436d-b4f2-4f31b6eef7ce.jpg/250x188.webp,56.21438376025373,4126
61d0bfd9-0e7f-4577-bcc0-f078e979699b,Nissan,Pulsar,1.2 DIG,Dealer,7990,b,155000,01-2015,8530,https://prod.pictures.autoscout24.net/listing-images/61d0bfd9-0e7f-4577-bcc0-f078e979699b_228b5305-66bc-47eb-b3da-77acaaaf6c31.jpg/250x188.webp https://prod.pictures.autoscout24.net/listing-images/61d0bfd9-0e7f-4577-bcc0-f078e979699b_1e5bccc4-5407-487d-967d-5478aa016f38.jpg/250x188.webp https://prod.pictures.autoscout24.net/listing-images/61d0bfd9-0e7f-4577-bcc0-f078e979699b_d3f090db-68d2-4b4c-97b8-ec1b77e799d3.jpg/250x188.webp https://prod.pictures.autoscout24.net/listing-images/61d0bfd9-0e7f-4577-bcc0-f078e979699b_01b34cba-94f2-48aa-9cac-d0b63b680303.jpg/250x188.webp https://prod.pictures.autoscout24.net/listing-images/61d0bfd9-0e7f-4577-bcc0-f078e979699b_d14f8c8a-a1de-47a5-bd7c-a0c04e5258fc.jpg/250x188.webp https://prod.pictures.autoscout24.net/listing-images/61d0bfd9-0e7f-4577-bcc0-f078e979699b_33fe3cf1-e122-4ce1-a681-974fee867568.jpg/250x188.webp https://prod.pictures.autoscout24.net/listing-images/61d0bfd9-0e7f-4577-bcc0-f078e979699b_4f7b8c5a-5e18-46f3-ba67-89a6db95af03.jpg/250x188.webp https://prod.pictures.autoscout24.net/listing-images/61d0bfd9-0e7f-4577-bcc0-f078e979699b_cc93fbd1-5652-470a-99c9-067216e6b7d8.jpg/250x188.webp https://prod.pictures.autoscout24.net/listing-images/61d0bfd9-0e7f-4577-bcc0-f078e979699b_24e0d6f4-f82b-4c46-83a8-6d323ca7a454.jpg/250x188.webp https://prod.pictures.autoscout24.net/listing-images/61d0bfd9-0e7f-4577-bcc0-f078e979699b_69051656-9da1-46c5-b668-10406400664a.jpg/250x188.webp https://prod.pictures.autoscout24.net/listing-images/61d0bfd9-0e7f-4577-bcc0-f078e979699b_8df693c4-5e7f-45c4-a0d7-2b2875eab33c.jpg/250x188.webp https://prod.pictures.autoscout24.net/listing-images/61d0bfd9-0e7f-4577-bcc0-f078e979699b_8c4a0e4e-427f-462e-884b-24d11d67b99c.jpg/250x188.webp,105.8653486907627,2908
2d24a91b-1600-4e06-a2f5-b3ecd862f961,Nissan,Micra,1.2 | AIR CO | 1ER PROP |,Dealer,7990,b,66478,03-2013,1000,https://prod.pictures.autoscout24.net/listing-images/2d24a91b-1600-4e06-a2f5-b3ecd862f961_8e226617-88cb-40b6-85e7-bb04276d7f80.jpg/250x188.webp https://prod.pictures.autoscout24.net/listing-images/2d24a91b-1600-4e06-a2f5-b3ecd862f961_45695542-be3c-4de7-bd44-d27b69640877.jpg/250x188.webp https://prod.pictures.autoscout24.net/listing-images/2d24a91b-1600-4e06-a2f5-b3ecd862f961_13232571-a26a-49d4-9969-e760d1b55e94.jpg/250x188.webp https://prod.pictures.autoscout24.net/listing-images/2d24a91b-1600-4e06-a2f5-b3ecd862f961_12b0f208-ce7d-4f42-ab4c-5267c538f32a.jpg/250x188.webp https://prod.pictures.autoscout24.net/listing-images/2d24a91b-1600-4e06-a2f5-b3ecd862f961_f684da73-1b81-4dba-9fc0-feb23d196e98.jpg/250x188.webp https://prod.pictures.autoscout24.net/listing-images/2d24a91b-1600-4e06-a2f5-b3ecd862f961_83c0da01-c351-4644-be04-994c3aa11635.jpg/250x188.webp https://prod.pictures.autoscout24.net/listing-images/2d24a91b-1600-4e06-a2f5-b3ecd862f961_57ef93c9-16ed-4aa8-bfd9-3123f8102ca3.jpg/250x188.webp https://prod.pictures.autoscout24.net/listing-images/2d24a91b-1600-4e06-a2f5-b3ecd862f961_799e739e-8a5a-4586-9e9a-38cb610f9905.jpg/250x188.webp https://prod.pictures.autoscout24.net/listing-images/2d24a91b-1600-4e06-a2f5-b3ecd862f961_37b9bd84-ad27-4a6f-b30c-e53ee5ba1c79.jpg/250x188.webp https://prod.pictures.autoscout24.net/listing-images/2d24a91b-1600-4e06-a2f5-b3ecd862f961_fae2b6cb-6d83-4f13-a6d8-22ba1cf8c654.jpg/250x188.webp https://prod.pictures.autoscout24.net/listing-images/2d24a91b-1600-4e06-a2f5-b3ecd862f961_0b8d27b1-0f40-4557-ad87-a4c4bd8e2575.jpg/250x188.webp https://prod.pictures.autoscout24.net/listing-images/2d24a91b-1600-4e06-a2f5-b3ecd862f961_6dc1e43f-fde9-4954-9a45-90f70d097e24.jpg/250x188.webp https://prod.pictures.autoscout24.net/listing-images/2d24a91b-1600-4e06-a2f5-b3ecd862f961_867204b2-9600-4a8f-9498-90c151a0937f.jpg/250x188.webp https://prod.pictures.autoscout24.net/listing-images/2d24a91b-1600-4e06-a2f5-b3ecd862f961_30a761fc-b327-442c-afd3-76991f2d7277.jpg/250x188.webp https://prod.pictures.autoscout24.net/listing-images/2d24a91b-1600-4e06-a2f5-b3ecd862f961_f46b3c3b-0145-433f-ac13-1baba9659431.jpg/250x188.webp https://prod.pictures.autoscout24.net/listing-images/2d24a91b-1600-4e06-a2f5-b3ecd862f961_bc7ac982-c404-4aa1-b1b7-0c8560d2f7e2.jpg/250x188.webp,69.17270624549755,3579
42ba4aeb-e41f-4605-91c3-e69025918c0f,Nissan,Cabstar,35.14 L3 Euro5 Grande Caisse 149000 km 2012,Dealer,7999,d,149000,10-2012,9500,https://prod.pictures.autoscout24.net/listing-images/42ba4aeb-e41f-4605-91c3-e69025918c0f_d9507874-58af-4a93-ac47-bf75eafcdf62.jpg/250x188.webp https://prod.pictures.autoscout24.net/listing-images/42ba4aeb-e41f-4605-91c3-e69025918c0f_295ad952-2ad7-4cca-96b2-84fa57866ed3.jpg/250x188.webp https://prod.pictures.autoscout24.net/listing-images/42ba4aeb-e41f-4605-91c3-e69025918c0f_24ecbbe9-e1eb-4534-9ca6-90a3900cfde3.jpg/250x188.webp https://prod.pictures.autoscout24.net/listing-images/42ba4aeb-e41f-4605-91c3-e69025918c0f_a41e11a4-97f0-4571-9a47-be6cdf5e9597.jpg/250x188.webp https://prod.pictures.autoscout24.net/listing-images/42ba4aeb-e41f-4605-91c3-e69025918c0f_ecde84d4-f9f3-4475-a01a-0ce4fd1d8885.jpg/250x188.webp https://prod.pictures.autoscout24.net/listing-images/42ba4aeb-e41f-4605-91c3-e69025918c0f_82afa379-60b7-4da9-83d8-b8b1936b40de.jpg/250x188.webp https://prod.pictures.autoscout24.net/listing-images/42ba4aeb-e41f-4605-91c3-e69025918c0f_13608c11-5220-4c2b-a181-849a4bb2e7bc.jpg/250x188.webp https://prod.pictures.autoscout24.net/listing-images/42ba4aeb-e41f-4605-91c3-e69025918c0f_65dbdfd2-818c-4b02-9a6b-e08e820d1fe8.jpg/250x188.webp https://prod.pictures.autoscout24.net/listing-images/42ba4aeb-e41f-4605-91c3-e69025918c0f_12a91850-a360-43fd-a55f-ccb5d914d056.jpg/250x188.webp https://prod.pictures.autoscout24.net/listing-images/42ba4aeb-e41f-4605-91c3-e69025918c0f_1c857c1a-3ba7-4b10-bb6b-cac2be70c43f.jpg/250x188.webp https://prod.pictures.autoscout24.net/listing-images/42ba4aeb-e41f-4605-91c3-e69025918c0f_e625c44f-0b47-4e2f-8d4e-a73a6c0e942e.jpg/250x188.webp https://prod.pictures.autoscout24.net/listing-images/42ba4aeb-e41f-4605-91c3-e69025918c0f_0ea04cd3-d7fe-44aa-9f97-442edaf4c587.jpg/250x188.webp https://prod.pictures.autoscout24.net/listing-images/42ba4aeb-e41f-4605-91c3-e69025918c0f_15ed41cd-b1ce-4638-8759-0d329a6f60ed.jpg/250x188.webp https://prod.pictures.autoscout24.net/listing-images/42ba4aeb-e41f-4605-91c3-e69025918c0f_d58e83c9-9124-4d4e-80ba-835ed789bf40.jpg/250x188.webp https://prod.pictures.autoscout24.net/listing-images/42ba4aeb-e41f-4605-91c3-e69025918c0f_40b5a9a7-5e32-4dff-853d-999706fc03c4.jpg/250x188.webp,88.55487491294804,3730
211f9f62-20d1-4598-8066-8cdfb83ca89b,Nissan,Juke,1.2 DIG-T 2WD *BRUIT MOTEUR*GPS*TOIT OUVRANT*,Dealer,8000,b,79000,07-2015,7033,https://prod.pictures.autoscout24.net/listing-images/211f9f62-20d1-4598-8066-8cdfb83ca89b_7233e24a-e2db-4b9f-86c8-e62fae84e76e.jpg/250x188.webp https://prod.pictures.autoscout24.net/listing-images/211f9f62-20d1-4598-8066-8cdfb83ca89b_32b12714-f9e3-4cfc-886f-808328d12bf3.jpg/250x188.webp https://prod.pictures.autoscout24.net/listing-images/211f9f62-20d1-4598-8066-8cdfb83ca89b_d61c52c9-4cae-433f-8341-3cd003bf11e1.jpg/250x188.webp https://prod.pictures.autoscout24.net/listing-images/211f9f62-20d1-4598-8066-8cdfb83ca89b_d8d9444e-4008-40f6-80fd-96435a617193.jpg/250x188.webp https://prod.pictures.autoscout24.net/listing-images/211f9f62-20d1-4598-8066-8cdfb83ca89b_8128050e-6533-4326-8625-bcc3d27d37a4.jpg/250x188.webp https://prod.pictures.autoscout24.net/listing-images/211f9f62-20d1-4598-8066-8cdfb83ca89b_704d4aee-27fc-45e7-99cb-46d897108c8e.jpg/250x188.webp https://prod.pictures.autoscout24.net/listing-images/211f9f62-20d1-4598-8066-8cdfb83ca89b_70e10bd8-9a07-4241-ac8b-a796033fedb0.jpg/250x188.webp https://prod.pictures.autoscout24.net/listing-images/211f9f62-20d1-4598-8066-8cdfb83ca89b_809d2cdb-f251-498c-ab0a-6f3c23841ee7.jpg/250x188.webp https://prod.pictures.autoscout24.net/listing-images/211f9f62-20d1-4598-8066-8cdfb83ca89b_22e60edb-3073-4f33-b5d1-32a89f7fdfe0.jpg/250x188.webp https://prod.pictures.autoscout24.net/listing-images/211f9f62-20d1-4598-8066-8cdfb83ca89b_9a928014-f047-4238-9e1b-d14758983e29.jpg/250x188.webp https://prod.pictures.autoscout24.net/listing-images/211f9f62-20d1-4598-8066-8cdfb83ca89b_bc0f684a-81f4-4657-9e58-f60e6f0b9315.jpg/250x188.webp https://prod.pictures.autoscout24.net/listing-images/211f9f62-20d1-4598-8066-8cdfb83ca89b_351b4e48-aef8-42d5-83e0-e30a3bd3f76f.jpg/250x188.webp https://prod.pictures.autoscout24.net/listing-images/211f9f62-20d1-4598-8066-8cdfb83ca89b_05c1424e-c407-4d20-8e7a-ef0294432b34.jpg/250x188.webp,120.92234590410432,2727
d6b7c381-df4f-4286-a1a2-5816309bcd98,Nissan,Juke,1.6 DIG-T 4WD Tekna+Leather M-CVT,PrivateSeller,8000,b,140000,08-2011,1800,https://prod.pictures.autoscout24.net/listing-images/d6b7c381-df4f-4286-a1a2-5816309bcd98_785d1b9f-3df5-448c-8ecd-fc055526f4c2.jpg/250x188.webp https://prod.pictures.autoscout24.net/listing-images/d6b7c381-df4f-4286-a1a2-5816309bcd98_1a61fd57-cedf-4e4d-8d72-cae5d4d31cbd.jpg/250x188.webp https://prod.pictures.autoscout24.net/listing-images/d6b7c381-df4f-4286-a1a2-5816309bcd98_d200feb3-181a-4cd9-8886-152c05c7cc7f.jpg/250x188.webp https://prod.pictures.autoscout24.net/listing-images/d6b7c381-df4f-4286-a1a2-5816309bcd98_69de7952-9ded-4541-95a6-1840bcffbae1.jpg/250x188.webp https://prod.pictures.autoscout24.net/listing-images/d6b7c381-df4f-4286-a1a2-5816309bcd98_24343548-89e4-46d9-852c-dfcb0dd4a35a.jpg/250x188.webp https://prod.pictures.autoscout24.net/listing-images/d6b7c381-df4f-4286-a1a2-5816309bcd98_34e5dd81-d7d0-44d3-b821-2130b139a35c.jpg/250x188.webp https://prod.pictures.autoscout24.net/listing-images/d6b7c381-df4f-4286-a1a2-5816309bcd98_70169558-da75-49f1-9009-77dcb199cfb3.jpg/250x188.webp https://prod.pictures.autoscout24.net/listing-images/d6b7c381-df4f-4286-a1a2-5816309bcd98_2b0e786f-ceb3-4206-a5c0-487cb5567419.jpg/250x188.webp https://prod.pictures.autoscout24.net/listing-images/d6b7c381-df4f-4286-a1a2-5816309bcd98_76a55ddf-898e-43ec-979f-2a43d7c72eb7.jpg/250x188.webp https://prod.pictures.autoscout24.net/listing-images/d6b7c381-df4f-4286-a1a2-5816309bcd98_67a80d7a-a14c-40eb-a398-794b9e6cd9a6.jpg/250x188.webp https://prod.pictures.autoscout24.net/listing-images/d6b7c381-df4f-4286-a1a2-5816309bcd98_7693a8c2-fb28-490b-9e0b-ed67c3cc1877.jpg/250x188.webp https://prod.pictures.autoscout24.net/listing-images/d6b7c381-df4f-4286-a1a2-5816309bcd98_9b42ffe5-460f-444a-9d17-0390a5b4fdfb.jpg/250x188.webp https://prod.pictures.autoscout24.net/listing-images/d6b7c381-df4f-4286-a1a2-5816309bcd98_731674df-ec21-41ec-a634-ab85b44be956.jpg/250x188.webp https://prod.pictures.autoscout24.net/listing-images/d6b7c381-df4f-4286-a1a2-5816309bcd98_1dd91cf6-21b1-44bb-b0c0-b637255d4cf4.jpg/250x188.webp https://prod.pictures.autoscout24.net/listing-images/d6b7c381-df4f-4286-a1a2-5816309bcd98_891007ff-1dcc-4efd-a6d2-f92de37de97e.jpg/250x188.webp https://prod.pictures.autoscout24.net/listing-images/d6b7c381-df4f-4286-a1a2-5816309bcd98_7898cb32-19ac-4be7-9195-e9ee1f8360aa.jpg/250x188.webp https://prod.pictures.autoscout24.net/listing-images/d6b7c381-df4f-4286-a1a2-5816309bcd98_8d63860f-b3ec-44d7-a92f-77e38a67f2d3.jpg/250x188.webp https://prod.pictures.autoscout24.net/listing-images/d6b7c381-df4f-4286-a1a2-5816309bcd98_30b84dc7-0874-4f56-8291-1e59832056ce.jpg/250x188.webp https://prod.pictures.autoscout24.net/listing-images/d6b7c381-df4f-4286-a1a2-5816309bcd98_bcf5c279-fdaf-43b4-8a6d-d4c3bd3261c2.jpg/250x188.webp https://prod.pictures.autoscout24.net/listing-images/d6b7c381-df4f-4286-a1a2-5816309bcd98_dc45d318-12a3-41f9-8621-315d5df6cc49.jpg/250x188.webp,60.05560122441548,4157
49771e64-c43c-4e52-8ea0-7b0b4782d405,Nissan,Qashqai+2,2.0 dCi 2WD Executive,PrivateSeller,8000,d,219000,12-2010,1070,https://prod.pictures.autoscout24.net/listing-images/49771e64-c43c-4e52-8ea0-7b0b4782d405_3126997e-f727-4cf8-8a51-7dae43c451e7.jpg/250x188.webp https://prod.pictures.autoscout24.net/listing-images/49771e64-c43c-4e52-8ea0-7b0b4782d405_e4f70cea-9e5b-4a4d-894f-58d819d47ef0.jpg/250x188.webp https://prod.pictures.autoscout24.net/listing-images/49771e64-c43c-4e52-8ea0-7b0b4782d405_6418f181-4bda-466a-b8c8-c5caca6b584a.jpg/250x188.webp https://prod.pictures.autoscout24.net/listing-images/49771e64-c43c-4e52-8ea0-7b0b4782d405_3b155bb2-41c2-49ef-ac4d-4a93ef7f004b.jpg/250x188.webp https://prod.pictures.autoscout24.net/listing-images/49771e64-c43c-4e52-8ea0-7b0b4782d405_fcab442d-bc91-4030-9499-f2edddec2951.jpg/250x188.webp https://prod.pictures.autoscout24.net/listing-images/49771e64-c43c-4e52-8ea0-7b0b4782d405_6e192c73-2523-45df-8cc3-396c133c7e6c.jpg/250x188.webp https://prod.pictures.autoscout24.net/listing-images/49771e64-c43c-4e52-8ea0-7b0b4782d405_7229509d-c68a-4760-a3c5-56427c5e9e4a.jpg/250x188.webp https://prod.pictures.autoscout24.net/listing-images/49771e64-c43c-4e52-8ea0-7b0b4782d405_5b7414b3-51b7-4d98-8563-4040b3f09f31.jpg/250x188.webp https://prod.pictures.autoscout24.net/listing-images/49771e64-c43c-4e52-8ea0-7b0b4782d405_5b24d139-c02e-424d-8da5-4ac6d74ac10d.jpg/250x188.webp https://prod.pictures.autoscout24.net/listing-images/49771e64-c43c-4e52-8ea0-7b0b4782d405_c4731993-1386-44ac-8a24-51769ffdecb9.jpg/250x188.webp,71.06367211068877,4400
9109c287-16f4-4259-b253-e779f7ffef23,Nissan,Juke,1.5 dCi 2WD Acenta+Connect DPF,PrivateSeller,8000,d,112000,03-2013,6990,https://prod.pictures.autoscout24.net/listing-images/9109c287-16f4-4259-b253-e779f7ffef23_9f884bc0-ce94-4b4b-a39b-8d4e1fbcf043.jpg/250x188.webp https://prod.pictures.autoscout24.net/listing-images/9109c287-16f4-4259-b253-e779f7ffef23_80081485-236c-4394-9d5d-48804adf5dd7.jpg/250x188.webp https://prod.pictures.autoscout24.net/listing-images/9109c287-16f4-4259-b253-e779f7ffef23_b358dd9e-8b73-4d81-a1c1-f9120d07b263.jpg/250x188.webp,152.43394853742674,3579
598814d7-6a14-4eaa-9128-24d75f5eb997,Nissan,Cabstar,,PrivateSeller,8000,d,50000,09-2007,7890,https://prod.pictures.autoscout24.net/listing-images/598814d7-6a14-4eaa-9128-24d75f5eb997_f6bf9195-7dee-4a81-a376-be68f45396d0.jpg/250x188.webp https://prod.pictures.autoscout24.net/listing-images/598814d7-6a14-4eaa-9128-24d75f5eb997_af391c58-8895-42fb-9f46-3aec0a4b75de.jpg/250x188.webp,98.53040663988133,5587
b054b886-2aee-4810-81cc-97bb10942080,Nissan,Pulsar,1.5 dCi Connect Edition,PrivateSeller,8000,d,115000,12-2014,4681,https://prod.pictures.autoscout24.net/listing-images/b054b886-2aee-4810-81cc-97bb10942080_aacb8f45-1c4b-4740-8f1a-8adb2cf91d89.jpg/250x188.webp https://prod.pictures.autoscout24.net/listing-images/b054b886-2aee-4810-81cc-97bb10942080_f9a8dd56-fa14-465e-beaa-d04245a182f9.jpg/250x188.webp https://prod.pictures.autoscout24.net/listing-images/b054b886-2aee-4810-81cc-97bb10942080_a942aabe-ab8e-4fdb-89a6-e9dcc7ea8705.jpg/250x188.webp https://prod.pictures.autoscout24.net/listing-images/b054b886-2aee-4810-81cc-97bb10942080_9b4f517f-b6b4-4aaf-83f6-848727e1684c.jpg/250x188.webp https://prod.pictures.autoscout24.net/listing-images/b054b886-2aee-4810-81cc-97bb10942080_16c7c296-12a3-4fda-a5ce-ef0e182e5978.jpg/250x188.webp https://prod.pictures.autoscout24.net/listing-images/b054b886-2aee-4810-81cc-97bb10942080_522a7a53-4141-44e5-83f8-3f0fe21194cc.jpg/250x188.webp,119.08974846572711,2939
9f66e118-668d-4a28-9a7e-391d4ff4d066,Nissan,NV200,1.5 dCi confort **CLIM- 90CH *,Dealer,8190,d,152000,09-2013,4550,https://prod.pictures.autoscout24.net/listing-images/9f66e118-668d-4a28-9a7e-391d4ff4d066_0636b17f-5730-4ba7-81d8-1c68d30ef8e2.jpg/250x188.webp https://prod.pictures.autoscout24.net/listing-images/9f66e118-668d-4a28-9a7e-391d4ff4d066_457431f9-4a5c-467d-9ddc-dfba69126e3f.jpg/250x188.webp https://prod.pictures.autoscout24.net/listing-images/9f66e118-668d-4a28-9a7e-391d4ff4d066_9b2fe79c-4252-416a-9cb3-4f6ea3a68d51.jpg/250x188.webp https://prod.pictures.autoscout24.net/listing-images/9f66e118-668d-4a28-9a7e-391d4ff4d066_d34d04c5-2829-4d5c-b7aa-89ffb3609c24.jpg/250x188.webp https://prod.pictures.autoscout24.net/listing-images/9f66e118-668d-4a28-9a7e-391d4ff4d066_1d2e75eb-209c-42f4-8a43-6e51f490dd87.jpg/250x188.webp https://prod.pictures.autoscout24.net/listing-images/9f66e118-668d-4a28-9a7e-391d4ff4d066_8315384b-19e6-4c4b-9092-0c4251b78d10.jpg/250x188.webp https://prod.pictures.autoscout24.net/listing-images/9f66e118-668d-4a28-9a7e-391d4ff4d066_097a1896-6394-4ee4-81d8-36e94339aaba.jpg/250x188.webp https://prod.pictures.autoscout24.net/listing-images/9f66e118-668d-4a28-9a7e-391d4ff4d066_e4b382ff-dd64-4ad3-a20e-0ff110fa0024.jpg/250x188.webp https://prod.pictures.autoscout24.net/listing-images/9f66e118-668d-4a28-9a7e-391d4ff4d066_93a7d85a-3ab9-4cc9-aee2-d3dd05c87c6f.jpg/250x188.webp https://prod.pictures.autoscout24.net/listing-images/9f66e118-668d-4a28-9a7e-391d4ff4d066_164ce188-1a99-4d34-8ded-1e5c4af609c9.jpg/250x188.webp https://prod.pictures.autoscout24.net/listing-images/9f66e118-668d-4a28-9a7e-391d4ff4d066_2bc96f47-1287-4a44-b69d-0a9ed1a5f6a5.jpg/250x188.webp,125.02269283856769,3395
9a4805a3-8fb7-4cfd-bfe0-d3149cfccae6,Nissan,Qashqai,1.5 dCi 2WD Tekna DPF,Dealer,8199,d,145000,02-2011,9200,https://prod.pictures.autoscout24.net/listing-images/9a4805a3-8fb7-4cfd-bfe0-d3149cfccae6_47d69cb0-68ef-4166-81c8-182c13904a26.jpg/250x188.webp https://prod.pictures.autoscout24.net/listing-images/9a4805a3-8fb7-4cfd-bfe0-d3149cfccae6_cca64f3b-752b-4cd4-bc73-2561c8b7d6fa.jpg/250x188.webp https://prod.pictures.autoscout24.net/listing-images/9a4805a3-8fb7-4cfd-bfe0-d3149cfccae6_3662130d-c463-4d0f-9099-e8652c3d5372.jpg/250x188.webp https://prod.pictures.autoscout24.net/listing-images/9a4805a3-8fb7-4cfd-bfe0-d3149cfccae6_890a50e8-b62c-4031-ad6e-ebdb3c5d7d17.jpg/250x188.webp https://prod.pictures.autoscout24.net/listing-images/9a4805a3-8fb7-4cfd-bfe0-d3149cfccae6_70195f4f-5f29-4a7d-8bdc-538f2d971832.jpg/250x188.webp https://prod.pictures.autoscout24.net/listing-images/9a4805a3-8fb7-4cfd-bfe0-d3149cfccae6_b95e09f6-3c22-450c-92ef-9b5c747c4daa.jpg/250x188.webp https://prod.pictures.autoscout24.net/listing-images/9a4805a3-8fb7-4cfd-bfe0-d3149cfccae6_a9df7ad1-bcf6-446a-a7df-67fe1fe3337e.jpg/250x188.webp https://prod.pictures.autoscout24.net/listing-images/9a4805a3-8fb7-4cfd-bfe0-d3149cfccae6_a004c104-ebf9-4ad4-978d-42651fac9741.jpg/250x188.webp https://prod.pictures.autoscout24.net/listing-images/9a4805a3-8fb7-4cfd-bfe0-d3149cfccae6_ba5fe255-378a-4eba-b03b-d294427df0c7.jpg/250x188.webp https://prod.pictures.autoscout24.net/listing-images/9a4805a3-8fb7-4cfd-bfe0-d3149cfccae6_52d713d1-47b8-4a03-bfb0-437ab3e9452c.jpg/250x188.webp https://prod.pictures.autoscout24.net/listing-images/9a4805a3-8fb7-4cfd-bfe0-d3149cfccae6_b75f8703-2ed4-44ca-8716-8583700d13fc.jpg/250x188.webp https://prod.pictures.autoscout24.net/listing-images/9a4805a3-8fb7-4cfd-bfe0-d3149cfccae6_431d07af-8913-40f2-b10d-2bf159fb88da.jpg/250x188.webp https://prod.pictures.autoscout24.net/listing-images/9a4805a3-8fb7-4cfd-bfe0-d3149cfccae6_3c67c9f3-fca9-4085-bf9a-6f3b6a66933b.jpg/250x188.webp https://prod.pictures.autoscout24.net/listing-images/9a4805a3-8fb7-4cfd-bfe0-d3149cfccae6_14cea0b4-002b-4066-979f-491b1e6f0339.jpg/250x188.webp https://prod.pictures.autoscout24.net/listing-images/9a4805a3-8fb7-4cfd-bfe0-d3149cfccae6_4b75a1c7-e8db-40bb-b59f-025204f91182.jpg/250x188.webp https://prod.pictures.autoscout24.net/listing-images/9a4805a3-8fb7-4cfd-bfe0-d3149cfccae6_65e62afd-1afe-4ebe-93a7-a73a3ee1a262.jpg/250x188.webp https://prod.pictures.autoscout24.net/listing-images/9a4805a3-8fb7-4cfd-bfe0-d3149cfccae6_ca99c6f6-3cb1-452e-877d-f700acaf8c17.jpg/250x188.webp https://prod.pictures.autoscout24.net/listing-images/9a4805a3-8fb7-4cfd-bfe0-d3149cfccae6_5712b6da-ee45-46a4-a911-ede49d2ddf39.jpg/250x188.webp https://prod.pictures.autoscout24.net/listing-images/9a4805a3-8fb7-4cfd-bfe0-d3149cfccae6_455dc66d-6d35-44df-8a3e-b4ca91a8c668.jpg/250x188.webp https://prod.pictures.autoscout24.net/listing-images/9a4805a3-8fb7-4cfd-bfe0-d3149cfccae6_c889911e-ce8e-4a65-af78-6b96a11caecd.jpg/250x188.webp https://prod.pictures.autoscout24.net/listing-images/9a4805a3-8fb7-4cfd-bfe0-d3149cfccae6_4c38cdcf-01b0-4dff-b542-4afc5839dd66.jpg/250x188.webp https://prod.pictures.autoscout24.net/listing-images/9a4805a3-8fb7-4cfd-bfe0-d3149cfccae6_3e4a353e-f8b1-45da-a001-dca24b3d3e3d.jpg/250x188.webp,55.33414746561007,4338
c04dd3e7-c7e6-4291-b3a1-e760b075e9a1,Nissan,Micra,1.2i*AIRCO*NAVIGATIE*PARKEERSENSOREN V+A*,Dealer,8200,b,58072,09-2013,9340,https://prod.pictures.autoscout24.net/listing-images/c04dd3e7-c7e6-4291-b3a1-e760b075e9a1_c59cc786-ac3b-4d22-9d08-f0f7675c7e24.jpg/250x188.webp https://prod.pictures.autoscout24.net/listing-images/c04dd3e7-c7e6-4291-b3a1-e760b075e9a1_1b797fcd-8146-418e-8410-fccf45637afa.jpg/250x188.webp https://prod.pictures.autoscout24.net/listing-images/c04dd3e7-c7e6-4291-b3a1-e760b075e9a1_9bc0afd6-db37-46be-9405-ccebba259952.jpg/250x188.webp https://prod.pictures.autoscout24.net/listing-images/c04dd3e7-c7e6-4291-b3a1-e760b075e9a1_b60be875-33ae-4e5a-83b3-67ad58eaad2a.jpg/250x188.webp https://prod.pictures.autoscout24.net/listing-images/c04dd3e7-c7e6-4291-b3a1-e760b075e9a1_19ee19e5-ebbe-4ab2-b98e-665f78768cad.jpg/250x188.webp https://prod.pictures.autoscout24.net/listing-images/c04dd3e7-c7e6-4291-b3a1-e760b075e9a1_14198e00-1f79-4a8d-b3a1-66cf633a86de.jpg/250x188.webp https://prod.pictures.autoscout24.net/listing-images/c04dd3e7-c7e6-4291-b3a1-e760b075e9a1_fcb58aeb-7cd9-4223-a43c-c5d4bd04fdf9.jpg/250x188.webp https://prod.pictures.autoscout24.net/listing-images/c04dd3e7-c7e6-4291-b3a1-e760b075e9a1_f6a7e9db-b991-4e5c-b17b-046e0937e1ba.jpg/250x188.webp https://prod.pictures.autoscout24.net/listing-images/c04dd3e7-c7e6-4291-b3a1-e760b075e9a1_5c9079eb-1985-4bb2-94e5-3d5b008ff356.jpg/250x188.webp https://prod.pictures.autoscout24.net/listing-images/c04dd3e7-c7e6-4291-b3a1-e760b075e9a1_524dc806-76d9-43e7-a72e-a8a3e8246a7c.jpg/250x188.webp https://prod.pictures.autoscout24.net/listing-images/c04dd3e7-c7e6-4291-b3a1-e760b075e9a1_af020a19-698f-4119-ba96-31598dc27cb3.jpg/250x188.webp https://prod.pictures.autoscout24.net/listing-images/c04dd3e7-c7e6-4291-b3a1-e760b075e9a1_fd302a9a-6679-4c8e-9961-a61f80cba404.jpg/250x188.webp https://prod.pictures.autoscout24.net/listing-images/c04dd3e7-c7e6-4291-b3a1-e760b075e9a1_73c3540a-e82c-41fc-99c0-026fbb79a6db.jpg/250x188.webp https://prod.pictures.autoscout24.net/listing-images/c04dd3e7-c7e6-4291-b3a1-e760b075e9a1_e3cdf0d2-de13-4d0a-8c06-628193508548.jpg/250x188.webp https://prod.pictures.autoscout24.net/listing-images/c04dd3e7-c7e6-4291-b3a1-e760b075e9a1_632dbbc9-afb4-4125-a09d-e4487b6bbd99.jpg/250x188.webp https://prod.pictures.autoscout24.net/listing-images/c04dd3e7-c7e6-4291-b3a1-e760b075e9a1_f5538d4e-7739-4a94-bb12-5ec757c97bbe.jpg/250x188.webp https://prod.pictures.autoscout24.net/listing-images/c04dd3e7-c7e6-4291-b3a1-e760b075e9a1_f997d815-9f73-48ed-b897-01d92a26b7d2.jpg/250x188.webp https://prod.pictures.autoscout24.net/listing-images/c04dd3e7-c7e6-4291-b3a1-e760b075e9a1_ed73cd0b-5885-4e19-b52c-62ab129b9117.jpg/250x188.webp,67.51567995441158,3395
474ad5bc-19f3-4062-8b8c-bcf1bb174ca2,Nissan,Juke,1.6i 2WD Acenta,PrivateSeller,8200,b,165000,11-2012,1420,https://prod.pictures.autoscout24.net/listing-images/474ad5bc-19f3-4062-8b8c-bcf1bb174ca2_b7779ca2-dcab-446a-90da-40478ab5274d.jpg/250x188.webp https://prod.pictures.autoscout24.net/listing-images/474ad5bc-19f3-4062-8b8c-bcf1bb174ca2_7cbeb68a-230e-4b6a-af91-7f9434b4757c.jpg/250x188.webp https://prod.pictures.autoscout24.net/listing-images/474ad5bc-19f3-4062-8b8c-bcf1bb174ca2_42f6a485-c32e-4801-baac-561379fecaea.jpg/250x188.webp https://prod.pictures.autoscout24.net/listing-images/474ad5bc-19f3-4062-8b8c-bcf1bb174ca2_f93551d8-90a2-4a79-bde4-6b1d9c8a294f.jpg/250x188.webp https://prod.pictures.autoscout24.net/listing-images/474ad5bc-19f3-4062-8b8c-bcf1bb174ca2_cc8ba445-7e1e-4c8a-a462-53223a154423.jpg/250x188.webp https://prod.pictures.autoscout24.net/listing-images/474ad5bc-19f3-4062-8b8c-bcf1bb174ca2_dbd3c0d6-9991-4515-8abf-90ae9d40d0a6.jpg/250x188.webp https://prod.pictures.autoscout24.net/listing-images/474ad5bc-19f3-4062-8b8c-bcf1bb174ca2_84f8b54a-89e6-48e4-943e-3fd16a26ece8.jpg/250x188.webp https://prod.pictures.autoscout24.net/listing-images/474ad5bc-19f3-4062-8b8c-bcf1bb174ca2_aab08c6c-91e2-45e4-aae2-4cbfa23e0eff.jpg/250x188.webp https://prod.pictures.autoscout24.net/listing-images/474ad5bc-19f3-4062-8b8c-bcf1bb174ca2_ae27659b-eedd-4840-a7dc-d0db5185f2ff.jpg/250x188.webp,87.49639779077864,3699
3eaf015a-caf6-4ecc-8388-b8fb3ce437fb,Nissan,Qashqai+2,1.6 dCi 2WD Executive+18''+AVM ISS,PrivateSeller,8200,d,230000,09-2013,7180,https://prod.pictures.autoscout24.net/listing-images/3eaf015a-caf6-4ecc-8388-b8fb3ce437fb_967c578a-1f93-4296-b98a-e4d9f0f54af6.jpg/250x188.webp https://prod.pictures.autoscout24.net/listing-images/3eaf015a-caf6-4ecc-8388-b8fb3ce437fb_cad6371c-43f0-47d6-a397-db9fbd24f55d.jpg/250x188.webp https://prod.pictures.autoscout24.net/listing-images/3eaf015a-caf6-4ecc-8388-b8fb3ce437fb_caab45ae-e0c1-4293-b147-9ddbc5cf17a0.jpg/250x188.webp https://prod.pictures.autoscout24.net/listing-images/3eaf015a-caf6-4ecc-8388-b8fb3ce437fb_922c4690-0c8d-4fdf-8d15-69e58b6f7e08.jpg/250x188.webp https://prod.pictures.autoscout24.net/listing-images/3eaf015a-caf6-4ecc-8388-b8fb3ce437fb_396d0d1b-b2c5-47b3-8013-e334c866c577.jpg/250x188.webp https://prod.pictures.autoscout24.net/listing-images/3eaf015a-caf6-4ecc-8388-b8fb3ce437fb_bca685f3-0c3e-4f7d-a47b-80cf3bee7da9.jpg/250x188.webp https://prod.pictures.autoscout24.net/listing-images/3eaf015a-caf6-4ecc-8388-b8fb3ce437fb_780fcd91-9e03-4c6f-9ce0-cb337dd64ab2.jpg/250x188.webp https://prod.pictures.autoscout24.net/listing-images/3eaf015a-caf6-4ecc-8388-b8fb3ce437fb_ec116bba-2f64-4067-90d7-766daf3d27da.jpg/250x188.webp https://prod.pictures.autoscout24.net/listing-images/3eaf015a-caf6-4ecc-8388-b8fb3ce437fb_871f6b78-526f-41ef-8dbd-6654ae8e13e2.jpg/250x188.webp https://prod.pictures.autoscout24.net/listing-images/3eaf015a-caf6-4ecc-8388-b8fb3ce437fb_450bfed2-4f55-451e-9b1b-c13105fef47c.jpg/250x188.webp,105.13812882706286,3395
bd237cdc-0eea-4220-a753-e0b9744c3214,Nissan,NV200,E31,PrivateSeller,8250,d,125000,06-2015,1360,https://prod.pictures.autoscout24.net/listing-images/bd237cdc-0eea-4220-a753-e0b9744c3214_bccd9d0e-285c-4d33-a330-5c83a481db17.jpg/250x188.webp https://prod.pictures.autoscout24.net/listing-images/bd237cdc-0eea-4220-a753-e0b9744c3214_cad824e8-fe9a-49c4-805f-089979a4c723.jpg/250x188.webp https://prod.pictures.autoscout24.net/listing-images/bd237cdc-0eea-4220-a753-e0b9744c3214_c8b53ebd-a5d9-44f0-9c6f-fbc031673a4f.jpg/250x188.webp https://prod.pictures.autoscout24.net/listing-images/bd237cdc-0eea-4220-a753-e0b9744c3214_c1af6f62-9991-445a-8b7b-824387724221.jpg/250x188.webp https://prod.pictures.autoscout24.net/listing-images/bd237cdc-0eea-4220-a753-e0b9744c3214_ae5c8bce-0826-4013-b454-f1ab7f0b4822.jpg/250x188.webp https://prod.pictures.autoscout24.net/listing-images/bd237cdc-0eea-4220-a753-e0b9744c3214_8ee489bb-d6e2-4ad9-8ad4-fed992caa36a.jpg/250x188.webp https://prod.pictures.autoscout24.net/listing-images/bd237cdc-0eea-4220-a753-e0b9744c3214_14d2c133-9260-411b-9030-8a2289df6255.jpg/250x188.webp https://prod.pictures.autoscout24.net/listing-images/bd237cdc-0eea-4220-a753-e0b9744c3214_80b8a08d-cc6f-4139-b3b3-c793fe46228b.jpg/250x188.webp https://prod.pictures.autoscout24.net/listing-images/bd237cdc-0eea-4220-a753-e0b9744c3214_eb2224dd-b0f4-4848-986e-d5cd980a2840.jpg/250x188.webp https://prod.pictures.autoscout24.net/listing-images/bd237cdc-0eea-4220-a753-e0b9744c3214_2d788ebe-5384-4b79-bdce-875ea2dccc00.jpg/250x188.webp,94.96010137768063,2757
d703d22e-961c-4c3c-8d2b-a827fb037117,Nissan,Note,1.5 dCi Tekna Sport Pack,Dealer,8290,d,129000,04-2015,6560,https://prod.pictures.autoscout24.net/listing-images/d703d22e-961c-4c3c-8d2b-a827fb037117_8e44bd62-020b-41cf-88b0-3546432c5aed.jpg/250x188.webp https://prod.pictures.autoscout24.net/listing-images/d703d22e-961c-4c3c-8d2b-a827fb037117_1f6921f1-76af-4d75-8390-2e9cf4ea404d.jpg/250x188.webp https://prod.pictures.autoscout24.net/listing-images/d703d22e-961c-4c3c-8d2b-a827fb037117_0e119f2b-0b4c-4f35-9062-dcdcd378e800.jpg/250x188.webp https://prod.pictures.autoscout24.net/listing-images/d703d22e-961c-4c3c-8d2b-a827fb037117_0555a250-709a-46a9-a101-c0a2581020e4.jpg/250x188.webp https://prod.pictures.autoscout24.net/listing-images/d703d22e-961c-4c3c-8d2b-a827fb037117_ef54ef24-5931-4f94-bd50-f008c3ca85b1.jpg/250x188.webp https://prod.pictures.autoscout24.net/listing-images/d703d22e-961c-4c3c-8d2b-a827fb037117_ed3ed636-ada7-4f42-8f11-04ab450fd485.jpg/250x188.webp https://prod.pictures.autoscout24.net/listing-images/d703d22e-961c-4c3c-8d2b-a827fb037117_4e62bca9-ec07-4106-8b44-04d458c52472.jpg/250x188.webp https://prod.pictures.autoscout24.net/listing-images/d703d22e-961c-4c3c-8d2b-a827fb037117_e0606a60-dad2-42b0-9d62-c351fab0bcd5.jpg/250x188.webp https://prod.pictures.autoscout24.net/listing-images/d703d22e-961c-4c3c-8d2b-a827fb037117_6e10a169-50cd-4bb3-917f-e95b0ea57456.jpg/250x188.webp https://prod.pictures.autoscout24.net/listing-images/d703d22e-961c-4c3c-8d2b-a827fb037117_e79b6ab7-3c9a-4306-bee5-f4ce7c1c493a.jpg/250x188.webp https://prod.pictures.autoscout24.net/listing-images/d703d22e-961c-4c3c-8d2b-a827fb037117_1b3ac456-0588-4942-b7ca-7b86461fa399.jpg/250x188.webp https://prod.pictures.autoscout24.net/listing-images/d703d22e-961c-4c3c-8d2b-a827fb037117_17dfe5cf-0cbf-4ac8-b906-d7d25c097a5b.jpg/250x188.webp https://prod.pictures.autoscout24.net/listing-images/d703d22e-961c-4c3c-8d2b-a827fb037117_07b0bb2f-2d01-4ef5-a66d-2dfe0d26d6c1.jpg/250x188.webp https://prod.pictures.autoscout24.net/listing-images/d703d22e-961c-4c3c-8d2b-a827fb037117_007beded-d6dc-4dfb-9a15-e35a646666d0.jpg/250x188.webp https://prod.pictures.autoscout24.net/listing-images/d703d22e-961c-4c3c-8d2b-a827fb037117_a67117e1-856c-4d0f-b80c-8faa8cb19feb.jpg/250x188.webp https://prod.pictures.autoscout24.net/listing-images/d703d22e-961c-4c3c-8d2b-a827fb037117_de0d4938-bd84-47f7-9bad-674283549ee8.jpg/250x188.webp https://prod.pictures.autoscout24.net/listing-images/d703d22e-961c-4c3c-8d2b-a827fb037117_2b22df46-d721-47c4-865b-01ca02eb6342.jpg/250x188.webp https://prod.pictures.autoscout24.net/listing-images/d703d22e-961c-4c3c-8d2b-a827fb037117_dd9f0995-e97f-4b71-9160-7bf8b80450e4.jpg/250x188.webp,131.1094961268063,2818
a268b468-36e4-402e-a318-3b352e5dade5,Nissan,Qashqai,1.5 dCi 2WD Executive DPF**GARANTIE 12 MOIS**,Dealer,8300,d,173471,01-2012,4020,https://prod.pictures.autoscout24.net/listing-images/a268b468-36e4-402e-a318-3b352e5dade5_c1fd59fc-bd7c-4ad3-8dae-7168940dc3d9.jpg/250x188.webp https://prod.pictures.autoscout24.net/listing-images/a268b468-36e4-402e-a318-3b352e5dade5_6f351682-31f1-41b8-803d-0322e6117406.jpg/250x188.webp https://prod.pictures.autoscout24.net/listing-images/a268b468-36e4-402e-a318-3b352e5dade5_826abd55-8746-4236-8ab5-b535c28e705d.jpg/250x188.webp https://prod.pictures.autoscout24.net/listing-images/a268b468-36e4-402e-a318-3b352e5dade5_5e793e28-0e86-49ce-b374-281860f5727d.jpg/250x188.webp https://prod.pictures.autoscout24.net/listing-images/a268b468-36e4-402e-a318-3b352e5dade5_9e2219e8-9888-402f-9254-010061da72d4.jpg/250x188.webp https://prod.pictures.autoscout24.net/listing-images/a268b468-36e4-402e-a318-3b352e5dade5_66500818-5dae-4a42-ac64-69a6bc0ab60a.jpg/250x188.webp https://prod.pictures.autoscout24.net/listing-images/a268b468-36e4-402e-a318-3b352e5dade5_5c8ad93c-eaf4-480a-aa39-2ede01a1cd6d.jpg/250x188.webp https://prod.pictures.autoscout24.net/listing-images/a268b468-36e4-402e-a318-3b352e5dade5_4921f668-a0eb-4423-8d08-d9032033e3f9.jpg/250x188.webp https://prod.pictures.autoscout24.net/listing-images/a268b468-36e4-402e-a318-3b352e5dade5_3d65d683-e4ad-4b0e-95c0-fb117e1b2c5f.jpg/250x188.webp https://prod.pictures.autoscout24.net/listing-images/a268b468-36e4-402e-a318-3b352e5dade5_41e1d591-7c26-4dec-aa0a-8162266dcd0f.jpg/250x188.webp https://prod.pictures.autoscout24.net/listing-images/a268b468-36e4-402e-a318-3b352e5dade5_2c9b23eb-cea9-40f8-8e31-c42e93322f4e.jpg/250x188.webp https://prod.pictures.autoscout24.net/listing-images/a268b468-36e4-402e-a318-3b352e5dade5_ddc6dd03-8040-4a1b-8d18-dfd7f9a45671.jpg/250x188.webp https://prod.pictures.autoscout24.net/listing-images/a268b468-36e4-402e-a318-3b352e5dade5_395a57d8-aa8d-4c97-83ef-5322f9e6d502.jpg/250x188.webp https://prod.pictures.autoscout24.net/listing-images/a268b468-36e4-402e-a318-3b352e5dade5_0655dafc-842b-437d-be85-16cebc461cc6.jpg/250x188.webp,121.60247278825214,4004
53767384-d03a-4496-a623-ff693d42e39b,Nissan,X-Trail,2.0 dCi 4WD SE,PrivateSeller,8350,d,221000,10-2013,3120,https://prod.pictures.autoscout24.net/listing-images/53767384-d03a-4496-a623-ff693d42e39b_4299a60c-87ec-41aa-bc81-66010c4d2277.jpg/250x188.webp https://prod.pictures.autoscout24.net/listing-images/53767384-d03a-4496-a623-ff693d42e39b_ceae975c-0556-40fc-8485-c2f3133767ea.jpg/250x188.webp https://prod.pictures.autoscout24.net/listing-images/53767384-d03a-4496-a623-ff693d42e39b_d81fd660-fb45-447b-ae89-792ca9cfc5b3.jpg/250x188.webp https://prod.pictures.autoscout24.net/listing-images/53767384-d03a-4496-a623-ff693d42e39b_e8b0d978-9689-4be1-bdae-34d14bc383ed.jpg/250x188.webp,55.442944447978974,3365
8642247d-e02a-4353-8c69-a10f9f0e4555,Nissan,Juke,1.5 dCi 2WD Tekna+Leather DPF,Dealer,8390,d,147000,12-2012,4000,https://prod.pictures.autoscout24.net/listing-images/8642247d-e02a-4353-8c69-a10f9f0e4555_7f50e64f-8afe-4c5d-ad84-a6ae1ed908a5.jpg/250x188.webp https://prod.pictures.autoscout24.net/listing-images/8642247d-e02a-4353-8c69-a10f9f0e4555_53d63a50-2ca7-4bfc-b322-c826c9a72949.jpg/250x188.webp https://prod.pictures.autoscout24.net/listing-images/8642247d-e02a-4353-8c69-a10f9f0e4555_3c30582e-9b43-4d25-8989-60eaf08d3040.jpg/250x188.webp https://prod.pictures.autoscout24.net/listing-images/8642247d-e02a-4353-8c69-a10f9f0e4555_c96b1f6f-5df1-4a58-b7d2-96ed381c1d69.jpg/250x188.webp https://prod.pictures.autoscout24.net/listing-images/8642247d-e02a-4353-8c69-a10f9f0e4555_611ca516-5bac-436d-8bee-0e1cf4281dc9.jpg/250x188.webp https://prod.pictures.autoscout24.net/listing-images/8642247d-e02a-4353-8c69-a10f9f0e4555_62783d10-7d5c-4216-bc07-67f667376f51.jpg/250x188.webp https://prod.pictures.autoscout24.net/listing-images/8642247d-e02a-4353-8c69-a10f9f0e4555_1806af58-2c12-4b3e-af2c-155170226135.jpg/250x188.webp https://prod.pictures.autoscout24.net/listing-images/8642247d-e02a-4353-8c69-a10f9f0e4555_0e92ae45-9321-43ef-9c96-2734e7bdbc67.jpg/250x188.webp https://prod.pictures.autoscout24.net/listing-images/8642247d-e02a-4353-8c69-a10f9f0e4555_6433970c-1f83-450c-b5df-52b17b048e20.jpg/250x188.webp https://prod.pictures.autoscout24.net/listing-images/8642247d-e02a-4353-8c69-a10f9f0e4555_210a8a1b-ad96-47cb-aa7e-8fc5ecb94ed4.jpg/250x188.webp https://prod.pictures.autoscout24.net/listing-images/8642247d-e02a-4353-8c69-a10f9f0e4555_eedfc996-aa77-42a4-a043-544451b9d0ba.jpg/250x188.webp https://prod.pictures.autoscout24.net/listing-images/8642247d-e02a-4353-8c69-a10f9f0e4555_2f52daff-0d28-484b-8da5-6039a549aa4a.jpg/250x188.webp https://prod.pictures.autoscout24.net/listing-images/8642247d-e02a-4353-8c69-a10f9f0e4555_581322fb-5e23-43ba-adc9-9f027b3b7c75.jpg/250x188.webp https://prod.pictures.autoscout24.net/listing-images/8642247d-e02a-4353-8c69-a10f9f0e4555_0a84cc40-8369-4b0f-84e8-1acdf5eaf6d5.jpg/250x188.webp,118.53949006185148,3669
8642247d-e02a-4353-8c69-a10f9f0e4555,Nissan,Juke,1.5 dCi 2WD Tekna+Leather DPF,Dealer,8390,d,147000,12-2012,4000,https://prod.pictures.autoscout24.net/listing-images/8642247d-e02a-4353-8c69-a10f9f0e4555_7f50e64f-8afe-4c5d-ad84-a6ae1ed908a5.jpg/250x188.webp https://prod.pictures.autoscout24.net/listing-images/8642247d-e02a-4353-8c69-a10f9f0e4555_53d63a50-2ca7-4bfc-b322-c826c9a72949.jpg/250x188.webp https://prod.pictures.autoscout24.net/listing-images/8642247d-e02a-4353-8c69-a10f9f0e4555_3c30582e-9b43-4d25-8989-60eaf08d3040.jpg/250x188.webp https://prod.pictures.autoscout24.net/listing-images/8642247d-e02a-4353-8c69-a10f9f0e4555_c96b1f6f-5df1-4a58-b7d2-96ed381c1d69.jpg/250x188.webp https://prod.pictures.autoscout24.net/listing-images/8642247d-e02a-4353-8c69-a10f9f0e4555_611ca516-5bac-436d-8bee-0e1cf4281dc9.jpg/250x188.webp https://prod.pictures.autoscout24.net/listing-images/8642247d-e02a-4353-8c69-a10f9f0e4555_62783d10-7d5c-4216-bc07-67f667376f51.jpg/250x188.webp https://prod.pictures.autoscout24.net/listing-images/8642247d-e02a-4353-8c69-a10f9f0e4555_1806af58-2c12-4b3e-af2c-155170226135.jpg/250x188.webp https://prod.pictures.autoscout24.net/listing-images/8642247d-e02a-4353-8c69-a10f9f0e4555_0e92ae45-9321-43ef-9c96-2734e7bdbc67.jpg/250x188.webp https://prod.pictures.autoscout24.net/listing-images/8642247d-e02a-4353-8c69-a10f9f0e4555_6433970c-1f83-450c-b5df-52b17b048e20.jpg/250x188.webp https://prod.pictures.autoscout24.net/listing-images/8642247d-e02a-4353-8c69-a10f9f0e4555_210a8a1b-ad96-47cb-aa7e-8fc5ecb94ed4.jpg/250x188.webp https://prod.pictures.autoscout24.net/listing-images/8642247d-e02a-4353-8c69-a10f9f0e4555_eedfc996-aa77-42a4-a043-544451b9d0ba.jpg/250x188.webp https://prod.pictures.autoscout24.net/listing-images/8642247d-e02a-4353-8c69-a10f9f0e4555_2f52daff-0d28-484b-8da5-6039a549aa4a.jpg/250x188.webp https://prod.pictures.autoscout24.net/listing-images/8642247d-e02a-4353-8c69-a10f9f0e4555_581322fb-5e23-43ba-adc9-9f027b3b7c75.jpg/250x188.webp https://prod.pictures.autoscout24.net/listing-images/8642247d-e02a-4353-8c69-a10f9f0e4555_0a84cc40-8369-4b0f-84e8-1acdf5eaf6d5.jpg/250x188.webp,118.53949006185148,3669
862bea8a-af1c-4cbb-a5d4-1064d2fadf05,Nissan,Qashqai,1.6i 2WD Urban Edition+18''+Chrome Pack,PrivateSeller,8400,b,133000,01-2011,6000,https://prod.pictures.autoscout24.net/listing-images/862bea8a-af1c-4cbb-a5d4-1064d2fadf05_902b800c-86fd-4a2c-b361-36c702ebe698.jpg/250x188.webp https://prod.pictures.autoscout24.net/listing-images/862bea8a-af1c-4cbb-a5d4-1064d2fadf05_39513a80-e457-4d88-ab7c-8366c92fa7c9.jpg/250x188.webp https://prod.pictures.autoscout24.net/listing-images/862bea8a-af1c-4cbb-a5d4-1064d2fadf05_39ae5b23-f49f-4c2d-a5ec-ef2c76f39696.jpg/250x188.webp https://prod.pictures.autoscout24.net/listing-images/862bea8a-af1c-4cbb-a5d4-1064d2fadf05_76521610-0eaa-4001-84be-5a64616b5f27.jpg/250x188.webp https://prod.pictures.autoscout24.net/listing-images/862bea8a-af1c-4cbb-a5d4-1064d2fadf05_1b52a178-46f2-4669-b638-157320a95dd3.jpg/250x188.webp https://prod.pictures.autoscout24.net/listing-images/862bea8a-af1c-4cbb-a5d4-1064d2fadf05_cb1dbae0-82b6-4050-b21b-6ad0cbe0fd22.jpg/250x188.webp https://prod.pictures.autoscout24.net/listing-images/862bea8a-af1c-4cbb-a5d4-1064d2fadf05_d07e3065-92e9-488a-8de8-b68651473aff.jpg/250x188.webp https://prod.pictures.autoscout24.net/listing-images/862bea8a-af1c-4cbb-a5d4-1064d2fadf05_30692487-3d97-4c21-b9ab-d43c981c0714.jpg/250x188.webp https://prod.pictures.autoscout24.net/listing-images/862bea8a-af1c-4cbb-a5d4-1064d2fadf05_be11e696-819f-4c7b-8cb2-364248e65319.jpg/250x188.webp https://prod.pictures.autoscout24.net/listing-images/862bea8a-af1c-4cbb-a5d4-1064d2fadf05_5119f2b4-7c58-4c26-948a-4b630082a577.jpg/250x188.webp https://prod.pictures.autoscout24.net/listing-images/862bea8a-af1c-4cbb-a5d4-1064d2fadf05_a3d44bf5-d1f6-4a66-bc80-38d934c913ab.jpg/250x188.webp https://prod.pictures.autoscout24.net/listing-images/862bea8a-af1c-4cbb-a5d4-1064d2fadf05_4faa33f6-0f51-4d71-be7d-2bd14127eb18.jpg/250x188.webp,117.49014599385939,4369
7dabce61-73fe-4960-b55c-4275e331c9d4,Nissan,Juke,1.6i 2WD Connect Edition CVT (PRIX EXPORT/MARCHAND,Dealer,8450,b,113000,04-2015,1410,https://prod.pictures.autoscout24.net/listing-images/7dabce61-73fe-4960-b55c-4275e331c9d4_47b71052-7d8c-4853-9da3-c56bc8b33089.jpg/250x188.webp https://prod.pictures.autoscout24.net/listing-images/7dabce61-73fe-4960-b55c-4275e331c9d4_9bb3831a-136d-4776-97d3-f82985c3df98.jpg/250x188.webp https://prod.pictures.autoscout24.net/listing-images/7dabce61-73fe-4960-b55c-4275e331c9d4_ca52785e-f546-481e-90f8-c19549160e54.jpg/250x188.webp https://prod.pictures.autoscout24.net/listing-images/7dabce61-73fe-4960-b55c-4275e331c9d4_940c5155-4647-482c-aefe-4f66455ec31d.jpg/250x188.webp https://prod.pictures.autoscout24.net/listing-images/7dabce61-73fe-4960-b55c-4275e331c9d4_c6501f46-1c8f-41e1-be15-63d9f667a05a.jpg/250x188.webp https://prod.pictures.autoscout24.net/listing-images/7dabce61-73fe-4960-b55c-4275e331c9d4_c829c403-77d4-46d9-8455-f6ee55678569.jpg/250x188.webp https://prod.pictures.autoscout24.net/listing-images/7dabce61-73fe-4960-b55c-4275e331c9d4_b44653b8-9597-41be-810e-15dc25f0b2e6.jpg/250x188.webp https://prod.pictures.autoscout24.net/listing-images/7dabce61-73fe-4960-b55c-4275e331c9d4_11aebf55-358f-4b13-a2b6-310a56c5b9e3.jpg/250x188.webp https://prod.pictures.autoscout24.net/listing-images/7dabce61-73fe-4960-b55c-4275e331c9d4_28b79371-709c-4d36-bab2-7f387d93b2f1.jpg/250x188.webp https://prod.pictures.autoscout24.net/listing-images/7dabce61-73fe-4960-b55c-4275e331c9d4_d9548294-5531-4271-8382-67cf51259e9b.jpg/250x188.webp,83.89428081314767,2818
81db6eed-637b-49e5-a510-1593e5dd0a16,Nissan,NV200,1.5 DCI - GARANTIE 12 MOIS - AIRCO - VITRES ELEC -,Dealer,8450,d,105000,03-2010,6200,https://prod.pictures.autoscout24.net/listing-images/81db6eed-637b-49e5-a510-1593e5dd0a16_664d577c-e04a-4050-ab84-86ac11993507.jpg/250x188.webp https://prod.pictures.autoscout24.net/listing-images/81db6eed-637b-49e5-a510-1593e5dd0a16_3d45aa0f-8f0a-4a5b-9bbf-acaa16b274e5.jpg/250x188.webp https://prod.pictures.autoscout24.net/listing-images/81db6eed-637b-49e5-a510-1593e5dd0a16_0d3806fe-63e8-470a-8834-b72ab68d71f3.jpg/250x188.webp https://prod.pictures.autoscout24.net/listing-images/81db6eed-637b-49e5-a510-1593e5dd0a16_073ef923-3f69-4285-8d3f-c5aa9f2fa3e9.jpg/250x188.webp https://prod.pictures.autoscout24.net/listing-images/81db6eed-637b-49e5-a510-1593e5dd0a16_7baba20b-25e9-405f-a81e-3f1b3bff56ab.jpg/250x188.webp https://prod.pictures.autoscout24.net/listing-images/81db6eed-637b-49e5-a510-1593e5dd0a16_2b5868e0-736d-4ff6-a32f-13bcf4018daf.jpg/250x188.webp https://prod.pictures.autoscout24.net/listing-images/81db6eed-637b-49e5-a510-1593e5dd0a16_219487e3-8e15-4822-9acf-bef76879cfc7.jpg/250x188.webp https://prod.pictures.autoscout24.net/listing-images/81db6eed-637b-49e5-a510-1593e5dd0a16_dc448b08-ba46-43ea-b52f-56575f4f09b7.jpg/250x188.webp https://prod.pictures.autoscout24.net/listing-images/81db6eed-637b-49e5-a510-1593e5dd0a16_ec5047ce-71a8-48f3-af49-652ccb7e76ef.jpg/250x188.webp https://prod.pictures.autoscout24.net/listing-images/81db6eed-637b-49e5-a510-1593e5dd0a16_c4d314b8-64ff-4705-a20f-c34a1029e354.jpg/250x188.webp https://prod.pictures.autoscout24.net/listing-images/81db6eed-637b-49e5-a510-1593e5dd0a16_a852f90f-6e6a-499f-83d0-7e6ef206feaa.jpg/250x188.webp https://prod.pictures.autoscout24.net/listing-images/81db6eed-637b-49e5-a510-1593e5dd0a16_3eafdff3-7088-47ba-bd09-ac1af5ff5fa9.jpg/250x188.webp,119.77990387531518,4675
40199adc-4c32-45be-a105-eca43e5c8d0e,Nissan,Note,1.5 dCi ! 1e PROP - CLIM - 72000km !,Dealer,8490,d,72000,02-2017,7370,https://prod.pictures.autoscout24.net/listing-images/40199adc-4c32-45be-a105-eca43e5c8d0e_5f79c40e-8b0f-4aaf-a866-c237f0d56807.jpg/250x188.webp https://prod.pictures.autoscout24.net/listing-images/40199adc-4c32-45be-a105-eca43e5c8d0e_39facf25-b9a0-49f1-bf5a-adac745d85d4.jpg/250x188.webp https://prod.pictures.autoscout24.net/listing-images/40199adc-4c32-45be-a105-eca43e5c8d0e_5c43a0f3-285b-4c31-a948-3de31e5a1158.jpg/250x188.webp https://prod.pictures.autoscout24.net/listing-images/40199adc-4c32-45be-a105-eca43e5c8d0e_c065d4b0-3744-45ae-a993-d72d2f52f427.jpg/250x188.webp https://prod.pictures.autoscout24.net/listing-images/40199adc-4c32-45be-a105-eca43e5c8d0e_b4c82e3b-326b-46d5-8f95-fb3205766f47.jpg/250x188.webp https://prod.pictures.autoscout24.net/listing-images/40199adc-4c32-45be-a105-eca43e5c8d0e_b99fc607-244a-400b-9146-95e24fa6d075.jpg/250x188.webp https://prod.pictures.autoscout24.net/listing-images/40199adc-4c32-45be-a105-eca43e5c8d0e_99bf5fee-0e37-42e4-b28a-08c651aee757.jpg/250x188.webp https://prod.pictures.autoscout24.net/listing-images/40199adc-4c32-45be-a105-eca43e5c8d0e_ee5e5850-60e6-411b-a298-4dbaea946c60.jpg/250x188.webp https://prod.pictures.autoscout24.net/listing-images/40199adc-4c32-45be-a105-eca43e5c8d0e_7110169a-16ae-4423-801b-bdeb39e3aabb.jpg/250x188.webp https://prod.pictures.autoscout24.net/listing-images/40199adc-4c32-45be-a105-eca43e5c8d0e_a7b3a5cd-7a33-41ab-b3a8-26bdcb7e87c6.jpg/250x188.webp,128.14216834969352,2146
fac2522d-2e33-4594-a584-b8dfa6b1bb8c,Nissan,Juke,✅1.5dCi GARANTIE | Airco | Navi | Camera | Trekh,Dealer,8490,d,118000,01-2011,3600,https://prod.pictures.autoscout24.net/listing-images/fac2522d-2e33-4594-a584-b8dfa6b1bb8c_e37db79f-bc5a-4512-b19f-2c9ca6ea181c.jpg/250x188.webp https://prod.pictures.autoscout24.net/listing-images/fac2522d-2e33-4594-a584-b8dfa6b1bb8c_1f3fa202-fdc5-4198-8997-a56190953a41.jpg/250x188.webp https://prod.pictures.autoscout24.net/listing-images/fac2522d-2e33-4594-a584-b8dfa6b1bb8c_8b036304-9295-4991-a082-b29de110061b.jpg/250x188.webp https://prod.pictures.autoscout24.net/listing-images/fac2522d-2e33-4594-a584-b8dfa6b1bb8c_efd3a134-258c-439e-96c2-8da472d23278.jpg/250x188.webp https://prod.pictures.autoscout24.net/listing-images/fac2522d-2e33-4594-a584-b8dfa6b1bb8c_05d254d2-9563-4039-9411-c75d9e1f906c.jpg/250x188.webp https://prod.pictures.autoscout24.net/listing-images/fac2522d-2e33-4594-a584-b8dfa6b1bb8c_482efdd4-350a-47d8-b1c3-a88199db57c3.jpg/250x188.webp https://prod.pictures.autoscout24.net/listing-images/fac2522d-2e33-4594-a584-b8dfa6b1bb8c_8a3401db-de46-46fa-ac73-9632d6c43e0e.jpg/250x188.webp https://prod.pictures.autoscout24.net/listing-images/fac2522d-2e33-4594-a584-b8dfa6b1bb8c_9bf98e43-e874-499c-bd05-cfe9ca047701.jpg/250x188.webp https://prod.pictures.autoscout24.net/listing-images/fac2522d-2e33-4594-a584-b8dfa6b1bb8c_d1a39d5a-90d1-46a6-ad07-a591880a419c.jpg/250x188.webp https://prod.pictures.autoscout24.net/listing-images/fac2522d-2e33-4594-a584-b8dfa6b1bb8c_0e64e2db-0aff-45a2-9f2d-00729b2d70f6.jpg/250x188.webp https://prod.pictures.autoscout24.net/listing-images/fac2522d-2e33-4594-a584-b8dfa6b1bb8c_10ffa3ef-3845-4b27-a617-6c03f8d50044.jpg/250x188.webp https://prod.pictures.autoscout24.net/listing-images/fac2522d-2e33-4594-a584-b8dfa6b1bb8c_3129fdaa-dbd0-4357-83cf-c1bfd6a276dd.jpg/250x188.webp,91.05707630102727,4369
cdc72093-47df-44e0-bee5-c39f4adb9629,Nissan,Micra,1.2i Acenta,Dealer,8499,b,43166,11-2016,7602,https://prod.pictures.autoscout24.net/listing-images/cdc72093-47df-44e0-bee5-c39f4adb9629_828dcbdb-4d07-4d95-b773-169783098c9c.jpg/250x188.webp https://prod.pictures.autoscout24.net/listing-images/cdc72093-47df-44e0-bee5-c39f4adb9629_5cb171ae-0a93-4438-a7b3-edf2946fec46.jpg/250x188.webp https://prod.pictures.autoscout24.net/listing-images/cdc72093-47df-44e0-bee5-c39f4adb9629_768ef12b-8a48-4307-844f-b9f104c47eeb.jpg/250x188.webp https://prod.pictures.autoscout24.net/listing-images/cdc72093-47df-44e0-bee5-c39f4adb9629_0b31168b-e3fc-4b2b-9826-1b64f5f9b9af.jpg/250x188.webp https://prod.pictures.autoscout24.net/listing-images/cdc72093-47df-44e0-bee5-c39f4adb9629_d9fc723b-2bfb-4c51-9f9c-d08ac3ca0f51.jpg/250x188.webp https://prod.pictures.autoscout24.net/listing-images/cdc72093-47df-44e0-bee5-c39f4adb9629_17a2642f-9287-4da9-9b47-de719b68dc3d.jpg/250x188.webp https://prod.pictures.autoscout24.net/listing-images/cdc72093-47df-44e0-bee5-c39f4adb9629_a1ed2530-1770-4bfa-8bad-55825e422463.jpg/250x188.webp https://prod.pictures.autoscout24.net/listing-images/cdc72093-47df-44e0-bee5-c39f4adb9629_d8d9749a-ee67-4542-80eb-66de819aebb3.jpg/250x188.webp https://prod.pictures.autoscout24.net/listing-images/cdc72093-47df-44e0-bee5-c39f4adb9629_1281abc3-72bb-4bcb-9c2b-1a7186900822.jpg/250x188.webp,119.70864179580062,2238
31b23030-4625-41d7-9775-b4cc45b456e3,Nissan,Note,1.5 dci acenta  garantie 12 mois,Dealer,8500,d,115000,01-2016,6700,https://prod.pictures.autoscout24.net/listing-images/31b23030-4625-41d7-9775-b4cc45b456e3_23009072-c516-4b4a-95b8-9b7156be34dd.jpg/250x188.webp https://prod.pictures.autoscout24.net/listing-images/31b23030-4625-41d7-9775-b4cc45b456e3_48181632-6cc6-4794-9243-0246a2beb542.jpg/250x188.webp https://prod.pictures.autoscout24.net/listing-images/31b23030-4625-41d7-9775-b4cc45b456e3_40cca80f-4029-4185-9d63-0f9575d7dc8f.jpg/250x188.webp https://prod.pictures.autoscout24.net/listing-images/31b23030-4625-41d7-9775-b4cc45b456e3_9580c87c-b4a5-40dd-8062-6412aae7f7c3.jpg/250x188.webp https://prod.pictures.autoscout24.net/listing-images/31b23030-4625-41d7-9775-b4cc45b456e3_85c9da43-f84e-4c82-810c-bdf87774cb2d.jpg/250x188.webp https://prod.pictures.autoscout24.net/listing-images/31b23030-4625-41d7-9775-b4cc45b456e3_ca2759dd-f229-4a6e-accf-8aaec73d9598.jpg/250x188.webp https://prod.pictures.autoscout24.net/listing-images/31b23030-4625-41d7-9775-b4cc45b456e3_5743c8ce-33ee-4ddc-9a42-26ad3bc32929.jpg/250x188.webp https://prod.pictures.autoscout24.net/listing-images/31b23030-4625-41d7-9775-b4cc45b456e3_c18263d4-4406-4eb2-91a9-8365d15755bb.jpg/250x188.webp https://prod.pictures.autoscout24.net/listing-images/31b23030-4625-41d7-9775-b4cc45b456e3_8f7e0ef9-73e6-4385-9ad6-71bbe1b0005f.jpg/250x188.webp https://prod.pictures.autoscout24.net/listing-images/31b23030-4625-41d7-9775-b4cc45b456e3_229a7bdd-db3d-4049-904d-0e789524e956.jpg/250x188.webp https://prod.pictures.autoscout24.net/listing-images/31b23030-4625-41d7-9775-b4cc45b456e3_5cfb6400-634e-4d8d-960a-cb0f0053e7aa.jpg/250x188.webp https://prod.pictures.autoscout24.net/listing-images/31b23030-4625-41d7-9775-b4cc45b456e3_e926b153-7716-4b15-ba52-08327093cbda.jpg/250x188.webp https://prod.pictures.autoscout24.net/listing-images/31b23030-4625-41d7-9775-b4cc45b456e3_37a5a399-79d9-414e-842e-4b701e6a4b1e.jpg/250x188.webp https://prod.pictures.autoscout24.net/listing-images/31b23030-4625-41d7-9775-b4cc45b456e3_26c4c601-e566-4cfa-b0b4-bcf5ad7cedd9.jpg/250x188.webp https://prod.pictures.autoscout24.net/listing-images/31b23030-4625-41d7-9775-b4cc45b456e3_9bd736b9-e64c-4931-8fb6-4dcd6a4096b7.jpg/250x188.webp,222.44484417522085,2543
ea1c4380-ce12-458d-b17a-fb67175f5718,Nissan,Micra,0.9 IG-T Tekna,PrivateSeller,8500,b,139000,02-2018,7100,https://prod.pictures.autoscout24.net/listing-images/ea1c4380-ce12-458d-b17a-fb67175f5718_8e6f614b-3ed5-45f8-9e4e-4734e80d3ff5.jpg/250x188.webp https://prod.pictures.autoscout24.net/listing-images/ea1c4380-ce12-458d-b17a-fb67175f5718_eab7930c-a884-4109-894e-723cefdcbde0.jpg/250x188.webp https://prod.pictures.autoscout24.net/listing-images/ea1c4380-ce12-458d-b17a-fb67175f5718_8920499e-6e9a-4405-8d24-cd4d8b9810c2.jpg/250x188.webp https://prod.pictures.autoscout24.net/listing-images/ea1c4380-ce12-458d-b17a-fb67175f5718_cfba4251-118e-44c8-9703-cfd1ac9c193a.jpg/250x188.webp https://prod.pictures.autoscout24.net/listing-images/ea1c4380-ce12-458d-b17a-fb67175f5718_5e56b249-4d76-45f2-9ec0-419de9d87f39.jpg/250x188.webp https://prod.pictures.autoscout24.net/listing-images/ea1c4380-ce12-458d-b17a-fb67175f5718_10551248-f15e-462c-b7aa-4c7c3923d5f1.jpg/250x188.webp https://prod.pictures.autoscout24.net/listing-images/ea1c4380-ce12-458d-b17a-fb67175f5718_5ec51e12-9edd-46af-8e8f-a23b2ce46b8f.jpg/250x188.webp https://prod.pictures.autoscout24.net/listing-images/ea1c4380-ce12-458d-b17a-fb67175f5718_d2580491-94f6-4fa8-bff6-6a28d85250ac.jpg/250x188.webp https://prod.pictures.autoscout24.net/listing-images/ea1c4380-ce12-458d-b17a-fb67175f5718_96030a9a-97b1-4562-9c48-0b6bbfce0869.jpg/250x188.webp https://prod.pictures.autoscout24.net/listing-images/ea1c4380-ce12-458d-b17a-fb67175f5718_8c1f8ac8-2f9c-46f2-9d32-0d54e8845a7e.jpg/250x188.webp,111.04432979756132,1781
5f3e2ffa-037d-4c43-8a40-dd09804c3584,Nissan,Micra,🔺*1.2i *boite auto *clim🔺,Dealer,8500,b,69000,06-2014,4910,https://prod.pictures.autoscout24.net/listing-images/5f3e2ffa-037d-4c43-8a40-dd09804c3584_9c904783-8add-45d6-9041-4cd2ad057c01.jpg/250x188.webp https://prod.pictures.autoscout24.net/listing-images/5f3e2ffa-037d-4c43-8a40-dd09804c3584_497316aa-f632-4550-99cf-a2be82476575.jpg/250x188.webp https://prod.pictures.autoscout24.net/listing-images/5f3e2ffa-037d-4c43-8a40-dd09804c3584_a36c9409-976b-4f04-868d-defb63214b46.jpg/250x188.webp https://prod.pictures.autoscout24.net/listing-images/5f3e2ffa-037d-4c43-8a40-dd09804c3584_921e2cfc-a13b-4d05-880c-67856c54b460.jpg/250x188.webp https://prod.pictures.autoscout24.net/listing-images/5f3e2ffa-037d-4c43-8a40-dd09804c3584_9399dd59-38df-483c-8c3b-cfd34905d4ce.jpg/250x188.webp https://prod.pictures.autoscout24.net/listing-images/5f3e2ffa-037d-4c43-8a40-dd09804c3584_4332fd2b-21ef-44ea-9e4d-15fa04b396f3.jpg/250x188.webp https://prod.pictures.autoscout24.net/listing-images/5f3e2ffa-037d-4c43-8a40-dd09804c3584_d3896e37-c41e-45b8-aa15-601e61a26791.jpg/250x188.webp https://prod.pictures.autoscout24.net/listing-images/5f3e2ffa-037d-4c43-8a40-dd09804c3584_e20367b1-3fae-405e-96a5-8e4ce1b7a94e.jpg/250x188.webp https://prod.pictures.autoscout24.net/listing-images/5f3e2ffa-037d-4c43-8a40-dd09804c3584_ea2f914f-9ea3-4c76-93c4-020f23f4b381.jpg/250x188.webp https://prod.pictures.autoscout24.net/listing-images/5f3e2ffa-037d-4c43-8a40-dd09804c3584_d9c9779b-3657-4f4b-a28b-050b368f1e3f.jpg/250x188.webp https://prod.pictures.autoscout24.net/listing-images/5f3e2ffa-037d-4c43-8a40-dd09804c3584_1387d3ca-f50c-4d7f-8b64-18734790b68f.jpg/250x188.webp https://prod.pictures.autoscout24.net/listing-images/5f3e2ffa-037d-4c43-8a40-dd09804c3584_68f3ee6a-618c-4715-9c50-2a7fc3f35f4d.jpg/250x188.webp https://prod.pictures.autoscout24.net/listing-images/5f3e2ffa-037d-4c43-8a40-dd09804c3584_3fa5427d-42e6-40ab-8d86-63730a1a4a0a.jpg/250x188.webp https://prod.pictures.autoscout24.net/listing-images/5f3e2ffa-037d-4c43-8a40-dd09804c3584_4de7099a-987b-43de-a999-e0fc2487626d.jpg/250x188.webp https://prod.pictures.autoscout24.net/listing-images/5f3e2ffa-037d-4c43-8a40-dd09804c3584_c22afc16-1b13-41c3-95ab-6ebb23797268.jpg/250x188.webp https://prod.pictures.autoscout24.net/listing-images/5f3e2ffa-037d-4c43-8a40-dd09804c3584_a31bba58-65d2-45ef-9459-54c6df293c48.jpg/250x188.webp,144.5605232976023,3122
dcfe5ec4-1563-4295-9539-247446ed640c,Nissan,Navara,D22 **NOUVEAU MOTEUR DE 80.000Km**,PrivateSeller,8500,d,80000,10-2003,1420,https://prod.pictures.autoscout24.net/listing-images/dcfe5ec4-1563-4295-9539-247446ed640c_e2fe5f40-49ec-4e4e-8095-31bbe89e416e.jpg/250x188.webp https://prod.pictures.autoscout24.net/listing-images/dcfe5ec4-1563-4295-9539-247446ed640c_a4cc8f5e-8d80-4df6-9bbd-c2fa2aa60205.jpg/250x188.webp https://prod.pictures.autoscout24.net/listing-images/dcfe5ec4-1563-4295-9539-247446ed640c_ca237eb9-16e6-421f-b8c8-d7363904b9ac.jpg/250x188.webp https://prod.pictures.autoscout24.net/listing-images/dcfe5ec4-1563-4295-9539-247446ed640c_0cbbce6b-f59e-4d6d-9d17-2704ba2f1c33.jpg/250x188.webp https://prod.pictures.autoscout24.net/listing-images/dcfe5ec4-1563-4295-9539-247446ed640c_630bc739-ba5d-4a65-949c-5d5f3cf5079e.jpg/250x188.webp https://prod.pictures.autoscout24.net/listing-images/dcfe5ec4-1563-4295-9539-247446ed640c_68076053-7b22-413c-ace3-ce5aeee97f4a.jpg/250x188.webp https://prod.pictures.autoscout24.net/listing-images/dcfe5ec4-1563-4295-9539-247446ed640c_2b9e2c09-d8d2-4032-9f8f-49ba0ef1e2e6.jpg/250x188.webp https://prod.pictures.autoscout24.net/listing-images/dcfe5ec4-1563-4295-9539-247446ed640c_b36031bc-3af3-4d3d-96cc-2dfe7064fe0c.jpg/250x188.webp https://prod.pictures.autoscout24.net/listing-images/dcfe5ec4-1563-4295-9539-247446ed640c_1c0f03e4-b6ee-4760-aa7c-824c7ba6711b.jpg/250x188.webp https://prod.pictures.autoscout24.net/listing-images/dcfe5ec4-1563-4295-9539-247446ed640c_fab3d58c-78a8-43a1-ac58-6e9d77f37049.jpg/250x188.webp https://prod.pictures.autoscout24.net/listing-images/dcfe5ec4-1563-4295-9539-247446ed640c_f130fc1e-6081-433d-83ee-adf75e2d4f7c.jpg/250x188.webp https://prod.pictures.autoscout24.net/listing-images/dcfe5ec4-1563-4295-9539-247446ed640c_de567388-9b93-47de-810a-b7cd7548c070.jpg/250x188.webp https://prod.pictures.autoscout24.net/listing-images/dcfe5ec4-1563-4295-9539-247446ed640c_4d9a96bf-bf1b-4aee-bf4f-f4a6594fbd65.jpg/250x188.webp https://prod.pictures.autoscout24.net/listing-images/dcfe5ec4-1563-4295-9539-247446ed640c_3d3024d1-8682-4ad6-aa8a-88dcfbc94266.jpg/250x188.webp https://prod.pictures.autoscout24.net/listing-images/dcfe5ec4-1563-4295-9539-247446ed640c_dc1f345f-72de-4879-96db-f63d97b97913.jpg/250x188.webp https://prod.pictures.autoscout24.net/listing-images/dcfe5ec4-1563-4295-9539-247446ed640c_9ddc8ab7-dd3e-45cb-820c-220a953c42df.jpg/250x188.webp https://prod.pictures.autoscout24.net/listing-images/dcfe5ec4-1563-4295-9539-247446ed640c_c0651ada-1545-4cf7-9c38-5a27c06314f1.jpg/250x188.webp https://prod.pictures.autoscout24.net/listing-images/dcfe5ec4-1563-4295-9539-247446ed640c_70afa324-a84e-40e1-a184-44cb584f1643.jpg/250x188.webp https://prod.pictures.autoscout24.net/listing-images/dcfe5ec4-1563-4295-9539-247446ed640c_d79416ee-e903-4808-b2b8-2aa1ed453354.jpg/250x188.webp https://prod.pictures.autoscout24.net/listing-images/dcfe5ec4-1563-4295-9539-247446ed640c_3686cbea-e688-4347-aa8c-76bb02002b3d.jpg/250x188.webp,87.49639779077864,7018
7e23a1e5-e711-43d6-a163-ae253efce572,Nissan,Juke,tekna full options,Dealer,8500,d,189000,10-2014,1400,https://prod.pictures.autoscout24.net/listing-images/7e23a1e5-e711-43d6-a163-ae253efce572_62e4a133-fb0d-4fc7-a827-ae3a4843dab0.jpg/250x188.webp https://prod.pictures.autoscout24.net/listing-images/7e23a1e5-e711-43d6-a163-ae253efce572_cd61e496-6671-4385-85a7-6d2dbf3f565e.jpg/250x188.webp https://prod.pictures.autoscout24.net/listing-images/7e23a1e5-e711-43d6-a163-ae253efce572_4d74cf55-7c81-40bb-ab46-7acf3417c904.jpg/250x188.webp https://prod.pictures.autoscout24.net/listing-images/7e23a1e5-e711-43d6-a163-ae253efce572_44d74b73-2d2c-4015-8535-0eaf6d107fb1.jpg/250x188.webp https://prod.pictures.autoscout24.net/listing-images/7e23a1e5-e711-43d6-a163-ae253efce572_ab15599e-0105-427f-b8ac-2d16fa301568.jpg/250x188.webp https://prod.pictures.autoscout24.net/listing-images/7e23a1e5-e711-43d6-a163-ae253efce572_727d395d-8018-4360-833d-261cd4267c17.jpg/250x188.webp https://prod.pictures.autoscout24.net/listing-images/7e23a1e5-e711-43d6-a163-ae253efce572_b9647fd0-f0a4-408b-82f7-b0848c9e28f6.jpg/250x188.webp https://prod.pictures.autoscout24.net/listing-images/7e23a1e5-e711-43d6-a163-ae253efce572_61b53c35-3ba2-4cec-8d0c-71a9119841e3.jpg/250x188.webp https://prod.pictures.autoscout24.net/listing-images/7e23a1e5-e711-43d6-a163-ae253efce572_82642fca-4a37-4555-9537-ba946118ef56.jpg/250x188.webp https://prod.pictures.autoscout24.net/listing-images/7e23a1e5-e711-43d6-a163-ae253efce572_12b47a9c-489a-40b9-9bf4-de83a30f7079.jpg/250x188.webp https://prod.pictures.autoscout24.net/listing-images/7e23a1e5-e711-43d6-a163-ae253efce572_93a809c2-ca5f-468f-8a15-b6e1f57c2514.jpg/250x188.webp https://prod.pictures.autoscout24.net/listing-images/7e23a1e5-e711-43d6-a163-ae253efce572_159326e8-0120-4549-a685-818c9b481e9c.jpg/250x188.webp https://prod.pictures.autoscout24.net/listing-images/7e23a1e5-e711-43d6-a163-ae253efce572_178f17d9-0c17-443e-9fce-9ebb311ad890.jpg/250x188.webp https://prod.pictures.autoscout24.net/listing-images/7e23a1e5-e711-43d6-a163-ae253efce572_c06eca41-3560-468e-8845-5a4576b52a9c.jpg/250x188.webp,97.35176357549375,3000
3b278124-d9e4-422b-9217-08530f36dcbd,Nissan,Qashqai+2,D.2.2.,PrivateSeller,8500,d,185243,08-2013,1000,https://prod.pictures.autoscout24.net/listing-images/3b278124-d9e4-422b-9217-08530f36dcbd_7e343f55-b0b2-4193-82e4-0c4e494718c0.jpg/250x188.webp https://prod.pictures.autoscout24.net/listing-images/3b278124-d9e4-422b-9217-08530f36dcbd_4fe58497-274e-4f26-97c1-af67478d6e33.jpg/250x188.webp https://prod.pictures.autoscout24.net/listing-images/3b278124-d9e4-422b-9217-08530f36dcbd_011f5c1c-97ac-4eef-b67c-83e4026adfc3.jpg/250x188.webp https://prod.pictures.autoscout24.net/listing-images/3b278124-d9e4-422b-9217-08530f36dcbd_69ef2508-8eb2-40dd-8f3b-99026d2e9caf.jpg/250x188.webp https://prod.pictures.autoscout24.net/listing-images/3b278124-d9e4-422b-9217-08530f36dcbd_cf7cddc1-43a3-4132-ba6a-178dce8502b9.jpg/250x188.webp https://prod.pictures.autoscout24.net/listing-images/3b278124-d9e4-422b-9217-08530f36dcbd_3755fa50-7999-4a83-9001-72c161421259.jpg/250x188.webp https://prod.pictures.autoscout24.net/listing-images/3b278124-d9e4-422b-9217-08530f36dcbd_0bb60038-3398-4450-bedf-2f298eb65103.jpg/250x188.webp https://prod.pictures.autoscout24.net/listing-images/3b278124-d9e4-422b-9217-08530f36dcbd_1ce551ab-3ca9-46d4-801e-97c24869a354.jpg/250x188.webp https://prod.pictures.autoscout24.net/listing-images/3b278124-d9e4-422b-9217-08530f36dcbd_0a033b7f-e11b-4ecf-bbf6-bb3176a3b826.jpg/250x188.webp,69.17270624549755,3426
31507b24-2e65-4d99-ab16-2638f9e6c359,Nissan,Murano,2.5 dCi Executive,PrivateSeller,8500,d,200000,09-2012,8890,https://prod.pictures.autoscout24.net/listing-images/31507b24-2e65-4d99-ab16-2638f9e6c359_4788bd9f-6003-4daf-91d2-a2950f1d2ad6.jpg/250x188.webp https://prod.pictures.autoscout24.net/listing-images/31507b24-2e65-4d99-ab16-2638f9e6c359_1342ca94-34dc-4cfc-8c18-9a786c75c217.jpg/250x188.webp https://prod.pictures.autoscout24.net/listing-images/31507b24-2e65-4d99-ab16-2638f9e6c359_ae9aed3a-fc6b-44fe-bc27-7817f8b48458.jpg/250x188.webp https://prod.pictures.autoscout24.net/listing-images/31507b24-2e65-4d99-ab16-2638f9e6c359_99425195-f643-4e5b-9525-509cb801fe43.jpg/250x188.webp https://prod.pictures.autoscout24.net/listing-images/31507b24-2e65-4d99-ab16-2638f9e6c359_cb5e0bb8-ec53-41cc-aad1-37dfc7253446.jpg/250x188.webp https://prod.pictures.autoscout24.net/listing-images/31507b24-2e65-4d99-ab16-2638f9e6c359_059d557a-eb4a-4fcd-8449-0f8d9d62e829.jpg/250x188.webp https://prod.pictures.autoscout24.net/listing-images/31507b24-2e65-4d99-ab16-2638f9e6c359_40bcf3af-69c9-4f98-a5d8-6d57e3f35f0c.jpg/250x188.webp https://prod.pictures.autoscout24.net/listing-images/31507b24-2e65-4d99-ab16-2638f9e6c359_3d5cb25c-4496-46eb-a076-3e5263dceca0.jpg/250x188.webp https://prod.pictures.autoscout24.net/listing-images/31507b24-2e65-4d99-ab16-2638f9e6c359_0989f584-1b30-4ab7-ab2a-297b886abdf3.jpg/250x188.webp https://prod.pictures.autoscout24.net/listing-images/31507b24-2e65-4d99-ab16-2638f9e6c359_2bf62d28-ca36-4464-9a53-7ac99c95a8b7.jpg/250x188.webp,116.20454185103057,3760
ed4c4bb2-dfd0-409e-be81-9b11ed38103e,Nissan,Murano,ENTREPRISE 2.5 DCI ALL-MODE 4X4,PrivateSeller,8500,d,202000,09-2012,8890,https://prod.pictures.autoscout24.net/listing-images/ed4c4bb2-dfd0-409e-be81-9b11ed38103e_34f5ba41-4a28-4d04-80c4-8e0e77166846.jpg/250x188.webp https://prod.pictures.autoscout24.net/listing-images/ed4c4bb2-dfd0-409e-be81-9b11ed38103e_38fdbeb0-6069-408a-8c87-ba57082244f7.jpg/250x188.webp https://prod.pictures.autoscout24.net/listing-images/ed4c4bb2-dfd0-409e-be81-9b11ed38103e_4f1a77db-83da-4697-8a89-ca3365cd2a1d.jpg/250x188.webp https://prod.pictures.autoscout24.net/listing-images/ed4c4bb2-dfd0-409e-be81-9b11ed38103e_088470a3-acee-4ec7-afda-9f804a2c6df2.jpg/250x188.webp https://prod.pictures.autoscout24.net/listing-images/ed4c4bb2-dfd0-409e-be81-9b11ed38103e_720f45b2-c567-48d3-b350-e05dba188473.jpg/250x188.webp https://prod.pictures.autoscout24.net/listing-images/ed4c4bb2-dfd0-409e-be81-9b11ed38103e_490f7b3f-9d4a-4c35-9509-0f838ea9db36.jpg/250x188.webp https://prod.pictures.autoscout24.net/listing-images/ed4c4bb2-dfd0-409e-be81-9b11ed38103e_c086c369-847f-4d3c-b863-f8496b00d364.jpg/250x188.webp https://prod.pictures.autoscout24.net/listing-images/ed4c4bb2-dfd0-409e-be81-9b11ed38103e_0fcfa965-b8ed-4c3f-b28a-52d52e7db314.jpg/250x188.webp,116.20454185103057,3760
af4c088e-e271-4273-874a-cc7e936e702b,Nissan,Qashqai,2.0 dCi EXPORT,PrivateSeller,8500,d,170000,08-2013,4700,https://prod.pictures.autoscout24.net/listing-images/af4c088e-e271-4273-874a-cc7e936e702b_ba999f28-723f-45e9-ba44-56a982b709a4.jpg/250x188.webp https://prod.pictures.autoscout24.net/listing-images/af4c088e-e271-4273-874a-cc7e936e702b_21e6fe46-fe00-4459-bdb4-9043fa8f229f.jpg/250x188.webp https://prod.pictures.autoscout24.net/listing-images/af4c088e-e271-4273-874a-cc7e936e702b_c9cd218c-74e9-4e7f-a327-9c618c29e51e.jpg/250x188.webp https://prod.pictures.autoscout24.net/listing-images/af4c088e-e271-4273-874a-cc7e936e702b_3a1fceb3-f811-4b6f-ab09-1a7d1273e953.jpg/250x188.webp https://prod.pictures.autoscout24.net/listing-images/af4c088e-e271-4273-874a-cc7e936e702b_ad0c6d07-84f8-405c-9e94-74291cf0827c.jpg/250x188.webp https://prod.pictures.autoscout24.net/listing-images/af4c088e-e271-4273-874a-cc7e936e702b_bcece341-6df2-4650-8e77-062c99d8d0d8.jpg/250x188.webp https://prod.pictures.autoscout24.net/listing-images/af4c088e-e271-4273-874a-cc7e936e702b_e4d6b3ff-6d95-4654-94fb-2ae9eb19451c.jpg/250x188.webp,143.97766881241236,3426
9a63a994-cb0e-44ce-a91d-a5263db1020c,Nissan,Micra,Acenta,Dealer,8500,b,46623,02-2012,8900,https://prod.pictures.autoscout24.net/listing-images/9a63a994-cb0e-44ce-a91d-a5263db1020c_d68cca20-e89f-4356-85b7-8cdb7cc2c34f.jpg/250x188.webp https://prod.pictures.autoscout24.net/listing-images/9a63a994-cb0e-44ce-a91d-a5263db1020c_e35a1948-2dd1-43d4-a4eb-09d3d502b8d0.jpg/250x188.webp https://prod.pictures.autoscout24.net/listing-images/9a63a994-cb0e-44ce-a91d-a5263db1020c_39906e2a-4718-417a-ae51-90fa739bbc55.jpg/250x188.webp https://prod.pictures.autoscout24.net/listing-images/9a63a994-cb0e-44ce-a91d-a5263db1020c_a84b42b3-823d-4917-8b0e-dcdfe768d997.jpg/250x188.webp https://prod.pictures.autoscout24.net/listing-images/9a63a994-cb0e-44ce-a91d-a5263db1020c_9c609164-d62c-4cdf-a55a-97d3d7ab4e8c.jpg/250x188.webp https://prod.pictures.autoscout24.net/listing-images/9a63a994-cb0e-44ce-a91d-a5263db1020c_28de600d-550e-483f-b48f-af66617feed6.jpg/250x188.webp https://prod.pictures.autoscout24.net/listing-images/9a63a994-cb0e-44ce-a91d-a5263db1020c_77e92e15-a220-413c-a58d-5f89fd9194ef.jpg/250x188.webp https://prod.pictures.autoscout24.net/listing-images/9a63a994-cb0e-44ce-a91d-a5263db1020c_83eb10ea-ca26-458b-bf6b-b27adb3b629c.jpg/250x188.webp https://prod.pictures.autoscout24.net/listing-images/9a63a994-cb0e-44ce-a91d-a5263db1020c_f20da6b3-7938-424c-a68d-52fa4bca0d03.jpg/250x188.webp https://prod.pictures.autoscout24.net/listing-images/9a63a994-cb0e-44ce-a91d-a5263db1020c_6e06874d-969d-4b2e-ae7f-2a0b99aa68c4.jpg/250x188.webp https://prod.pictures.autoscout24.net/listing-images/9a63a994-cb0e-44ce-a91d-a5263db1020c_fc0b09d8-1a2a-4e8d-8106-b5496e253bc0.jpg/250x188.webp https://prod.pictures.autoscout24.net/listing-images/9a63a994-cb0e-44ce-a91d-a5263db1020c_39459e15-466d-406f-885d-b1a300f2617d.jpg/250x188.webp https://prod.pictures.autoscout24.net/listing-images/9a63a994-cb0e-44ce-a91d-a5263db1020c_9fa33c8c-24ed-46c9-9571-27f07f158f9a.jpg/250x188.webp https://prod.pictures.autoscout24.net/listing-images/9a63a994-cb0e-44ce-a91d-a5263db1020c_e1b6dc23-3fb8-434f-849b-aa18b5b375b5.jpg/250x188.webp https://prod.pictures.autoscout24.net/listing-images/9a63a994-cb0e-44ce-a91d-a5263db1020c_0bd60ac8-996c-450d-ab39-536f6a537815.jpg/250x188.webp https://prod.pictures.autoscout24.net/listing-images/9a63a994-cb0e-44ce-a91d-a5263db1020c_8319c898-3a43-4ea9-a26c-f15b5e63eebd.jpg/250x188.webp https://prod.pictures.autoscout24.net/listing-images/9a63a994-cb0e-44ce-a91d-a5263db1020c_55b7f32e-932e-42c9-9612-d41b503718b4.jpg/250x188.webp https://prod.pictures.autoscout24.net/listing-images/9a63a994-cb0e-44ce-a91d-a5263db1020c_ae391b2d-781a-408f-a2db-8b5b3c30455a.jpg/250x188.webp,132.89189018035066,3973
f550c3b7-f6d8-4ab0-98a2-d94bdab95e97,Nissan,Qashqai,1.6 Start/Stop 360,PrivateSeller,8600,b,119700,08-2013,2500,https://prod.pictures.autoscout24.net/listing-images/f550c3b7-f6d8-4ab0-98a2-d94bdab95e97_b0b94ff7-f516-49ba-92e5-2d8621e625d0.jpg/250x188.webp https://prod.pictures.autoscout24.net/listing-images/f550c3b7-f6d8-4ab0-98a2-d94bdab95e97_53a4d31b-1dbf-40c9-a919-c1df567088f4.jpg/250x188.webp https://prod.pictures.autoscout24.net/listing-images/f550c3b7-f6d8-4ab0-98a2-d94bdab95e97_d57ad3f7-ca4d-47b3-83f6-ff4ca97f6ea9.jpg/250x188.webp https://prod.pictures.autoscout24.net/listing-images/f550c3b7-f6d8-4ab0-98a2-d94bdab95e97_71b7f721-f2e3-4567-a73e-a4216aafa289.jpg/250x188.webp https://prod.pictures.autoscout24.net/listing-images/f550c3b7-f6d8-4ab0-98a2-d94bdab95e97_411de85e-90c3-4d47-8bfa-cf61c78f81d4.jpg/250x188.webp,38.36429357421789,3426
34542c98-a72c-46d8-ad96-50652f63d12d,Nissan,Qashqai,1.5 dCi 2WD Executive DPF,PrivateSeller,8650,d,131676,01-2011,2660,https://prod.pictures.autoscout24.net/listing-images/34542c98-a72c-46d8-ad96-50652f63d12d_b2febd35-2f25-4222-80fe-105995b3ee19.jpg/250x188.webp https://prod.pictures.autoscout24.net/listing-images/34542c98-a72c-46d8-ad96-50652f63d12d_ba1b1689-cb8e-483c-91f8-1b25e047093d.jpg/250x188.webp https://prod.pictures.autoscout24.net/listing-images/34542c98-a72c-46d8-ad96-50652f63d12d_adf8748a-802b-4727-8ecc-d9bfe825d799.jpg/250x188.webp https://prod.pictures.autoscout24.net/listing-images/34542c98-a72c-46d8-ad96-50652f63d12d_ae87dcd1-4ff3-452a-ace4-0cb062ca3170.jpg/250x188.webp https://prod.pictures.autoscout24.net/listing-images/34542c98-a72c-46d8-ad96-50652f63d12d_21477ce2-bdca-42ed-ad5c-ab85c71310a1.jpg/250x188.webp https://prod.pictures.autoscout24.net/listing-images/34542c98-a72c-46d8-ad96-50652f63d12d_3ca01fa6-1dd4-47cc-ac61-5caeb76d1270.jpg/250x188.webp https://prod.pictures.autoscout24.net/listing-images/34542c98-a72c-46d8-ad96-50652f63d12d_174abfe7-b70b-4289-a082-eda64ca38203.jpg/250x188.webp https://prod.pictures.autoscout24.net/listing-images/34542c98-a72c-46d8-ad96-50652f63d12d_a7aca149-0548-448a-b3b7-ef6eaf7ca51d.jpg/250x188.webp https://prod.pictures.autoscout24.net/listing-images/34542c98-a72c-46d8-ad96-50652f63d12d_813f9a2b-4685-47c2-8f64-dc337a601d2a.jpg/250x188.webp https://prod.pictures.autoscout24.net/listing-images/34542c98-a72c-46d8-ad96-50652f63d12d_807e6c78-975a-4957-afc0-820bd1b36ae9.jpg/250x188.webp,33.51153490320288,4369
3954a53f-c557-4f4f-9616-d6ea83d75baa,Nissan,Juke,1.6i 2WD // 12M GARANTIE // Euro 5b //,Dealer,8700,b,68843,06-2014,1700,https://prod.pictures.autoscout24.net/listing-images/3954a53f-c557-4f4f-9616-d6ea83d75baa_3555d110-3de3-4bc7-b58c-9e22afeafebe.jpg/250x188.webp https://prod.pictures.autoscout24.net/listing-images/3954a53f-c557-4f4f-9616-d6ea83d75baa_1c5a0534-8fdb-42d7-a9c2-6313cfd68286.jpg/250x188.webp https://prod.pictures.autoscout24.net/listing-images/3954a53f-c557-4f4f-9616-d6ea83d75baa_937e67f3-b253-4c49-b0df-76f0abf6a3dd.jpg/250x188.webp https://prod.pictures.autoscout24.net/listing-images/3954a53f-c557-4f4f-9616-d6ea83d75baa_b8ba73d2-d1dc-43d1-9e45-c0a1ab1b61d8.jpg/250x188.webp https://prod.pictures.autoscout24.net/listing-images/3954a53f-c557-4f4f-9616-d6ea83d75baa_e7d796e4-3fb4-4f92-82b7-f351fd4f4379.jpg/250x188.webp https://prod.pictures.autoscout24.net/listing-images/3954a53f-c557-4f4f-9616-d6ea83d75baa_abdfa765-4e3e-4c34-b81a-f9d1244bf05c.jpg/250x188.webp https://prod.pictures.autoscout24.net/listing-images/3954a53f-c557-4f4f-9616-d6ea83d75baa_492ee7e2-71fb-471a-85a7-75170d94d02e.jpg/250x188.webp https://prod.pictures.autoscout24.net/listing-images/3954a53f-c557-4f4f-9616-d6ea83d75baa_3a387a16-bede-4a14-af9a-5c63dbf71ce6.jpg/250x188.webp https://prod.pictures.autoscout24.net/listing-images/3954a53f-c557-4f4f-9616-d6ea83d75baa_51f6c02b-78b1-4dc8-bd1a-0f539b2f7035.jpg/250x188.webp https://prod.pictures.autoscout24.net/listing-images/3954a53f-c557-4f4f-9616-d6ea83d75baa_be8309e3-d313-4722-bcdd-7a79ed5594f6.jpg/250x188.webp https://prod.pictures.autoscout24.net/listing-images/3954a53f-c557-4f4f-9616-d6ea83d75baa_367493c9-17e9-4ca1-8838-278dd7eea02a.jpg/250x188.webp https://prod.pictures.autoscout24.net/listing-images/3954a53f-c557-4f4f-9616-d6ea83d75baa_0d9cf2b0-8c71-4a4c-8639-bdae678c0759.jpg/250x188.webp https://prod.pictures.autoscout24.net/listing-images/3954a53f-c557-4f4f-9616-d6ea83d75baa_ec6186a6-ead9-44e2-9fc5-b70a8507a35b.jpg/250x188.webp,70.90697373704198,3122
88e79e5b-068d-4dfc-800a-e46e60515ae1,Nissan,Qashqai,1.5 dCi 2WD Executive DPF,PrivateSeller,8700,d,110000,06-2012,6060,https://prod.pictures.autoscout24.net/listing-images/88e79e5b-068d-4dfc-800a-e46e60515ae1_7375c4b3-895c-4368-a025-ca164c26baa8.jpg/250x188.webp https://prod.pictures.autoscout24.net/listing-images/88e79e5b-068d-4dfc-800a-e46e60515ae1_29c7b7c1-b2b6-44a1-8221-4fa71bc2deba.jpg/250x188.webp https://prod.pictures.autoscout24.net/listing-images/88e79e5b-068d-4dfc-800a-e46e60515ae1_9190a2fa-03ae-46b3-9526-1d20c2bd9ac4.jpg/250x188.webp https://prod.pictures.autoscout24.net/listing-images/88e79e5b-068d-4dfc-800a-e46e60515ae1_6a18057e-b5c0-4cbb-aabc-3f32765a0dc1.jpg/250x188.webp https://prod.pictures.autoscout24.net/listing-images/88e79e5b-068d-4dfc-800a-e46e60515ae1_6d1ba2ee-a6cb-4420-a7bc-759250c25b49.jpg/250x188.webp https://prod.pictures.autoscout24.net/listing-images/88e79e5b-068d-4dfc-800a-e46e60515ae1_271e0922-62f8-4392-9edf-937952fbae4d.jpg/250x188.webp https://prod.pictures.autoscout24.net/listing-images/88e79e5b-068d-4dfc-800a-e46e60515ae1_a3e36a85-3f1b-4918-b996-7d0c67a89a36.jpg/250x188.webp https://prod.pictures.autoscout24.net/listing-images/88e79e5b-068d-4dfc-800a-e46e60515ae1_dd7abea8-6db8-4077-bd06-844094db46ad.jpg/250x188.webp,116.023023143389,3852
db375773-804b-44ef-9564-bbd670b93183,Nissan,Note,1.5 dci tekna parelwit metallic,Dealer,8700,d,134000,03-2014,2550,https://prod.pictures.autoscout24.net/listing-images/db375773-804b-44ef-9564-bbd670b93183_bece6526-2898-4752-946a-ffbb2034a593.jpg/250x188.webp https://prod.pictures.autoscout24.net/listing-images/db375773-804b-44ef-9564-bbd670b93183_3bc5bd2b-f5e3-4433-98f3-66340b33deba.jpg/250x188.webp https://prod.pictures.autoscout24.net/listing-images/db375773-804b-44ef-9564-bbd670b93183_356601c7-abbe-4634-8642-c2234ab32e08.jpg/250x188.webp https://prod.pictures.autoscout24.net/listing-images/db375773-804b-44ef-9564-bbd670b93183_1e576be6-b89f-4201-87af-3b3862399fd7.jpg/250x188.webp https://prod.pictures.autoscout24.net/listing-images/db375773-804b-44ef-9564-bbd670b93183_587256ab-9540-44b6-802e-0bbde43fd827.jpg/250x188.webp https://prod.pictures.autoscout24.net/listing-images/db375773-804b-44ef-9564-bbd670b93183_68038380-6b78-49e0-a272-90078bb92788.jpg/250x188.webp https://prod.pictures.autoscout24.net/listing-images/db375773-804b-44ef-9564-bbd670b93183_b7f6316c-ac62-4b60-aa67-938cd2dc4c9a.jpg/250x188.webp https://prod.pictures.autoscout24.net/listing-images/db375773-804b-44ef-9564-bbd670b93183_5b175b66-1ad3-4b87-9fb2-2b67f05f6d58.jpg/250x188.webp https://prod.pictures.autoscout24.net/listing-images/db375773-804b-44ef-9564-bbd670b93183_d7ed5598-776f-422b-8bd2-053a1f45c988.jpg/250x188.webp https://prod.pictures.autoscout24.net/listing-images/db375773-804b-44ef-9564-bbd670b93183_e34044c3-cd4d-4cd6-a7f2-d5d4532d4a91.jpg/250x188.webp https://prod.pictures.autoscout24.net/listing-images/db375773-804b-44ef-9564-bbd670b93183_dc5ca382-eec7-4e11-b764-51967ceabedc.jpg/250x188.webp https://prod.pictures.autoscout24.net/listing-images/db375773-804b-44ef-9564-bbd670b93183_2efd23e4-c6ee-4e04-81ab-0b96dfc99a99.jpg/250x188.webp https://prod.pictures.autoscout24.net/listing-images/db375773-804b-44ef-9564-bbd670b93183_265220ee-bc09-4718-847e-ce620a94460b.jpg/250x188.webp https://prod.pictures.autoscout24.net/listing-images/db375773-804b-44ef-9564-bbd670b93183_2de32164-9135-4662-8803-2b8f5fbbee36.jpg/250x188.webp https://prod.pictures.autoscout24.net/listing-images/db375773-804b-44ef-9564-bbd670b93183_b57fc337-97cf-444e-9c47-e61f81dedfba.jpg/250x188.webp,37.36039038956695,3214
d28fe0cf-88e4-4ac2-8117-cab25a3c2c57,Nissan,Qashqai+2,1.6i 2WD Urban Edition+18'',PrivateSeller,8750,b,142413,01-2011,2530,https://prod.pictures.autoscout24.net/listing-images/d28fe0cf-88e4-4ac2-8117-cab25a3c2c57_e3e6fbe5-194c-414d-9e40-14f1ab297c1f.jpg/250x188.webp https://prod.pictures.autoscout24.net/listing-images/d28fe0cf-88e4-4ac2-8117-cab25a3c2c57_ba8eb43b-1f99-4e30-95c2-f19d80c3b0c9.jpg/250x188.webp https://prod.pictures.autoscout24.net/listing-images/d28fe0cf-88e4-4ac2-8117-cab25a3c2c57_6c2f57e5-c3c2-418c-a015-e0f50daf25b8.jpg/250x188.webp https://prod.pictures.autoscout24.net/listing-images/d28fe0cf-88e4-4ac2-8117-cab25a3c2c57_6f6d8691-bcc0-4cf2-a29a-bc59fa04b95a.jpg/250x188.webp https://prod.pictures.autoscout24.net/listing-images/d28fe0cf-88e4-4ac2-8117-cab25a3c2c57_e0c64c0e-964b-451e-afa8-bd2d0ceaa128.jpg/250x188.webp https://prod.pictures.autoscout24.net/listing-images/d28fe0cf-88e4-4ac2-8117-cab25a3c2c57_ab777c47-5c4a-4a12-a9ac-ff4382f15250.jpg/250x188.webp https://prod.pictures.autoscout24.net/listing-images/d28fe0cf-88e4-4ac2-8117-cab25a3c2c57_fbf799ce-6cbf-455b-bbd3-e68a70fb57c6.jpg/250x188.webp https://prod.pictures.autoscout24.net/listing-images/d28fe0cf-88e4-4ac2-8117-cab25a3c2c57_fadf59ca-a50c-4f5f-bda4-750097675f14.jpg/250x188.webp https://prod.pictures.autoscout24.net/listing-images/d28fe0cf-88e4-4ac2-8117-cab25a3c2c57_f72df5ee-cf1f-4e47-aa09-b0559aabcdd8.jpg/250x188.webp,34.318371835623395,4369
6379c977-a37e-4055-8dbe-7a9273cfef18,Nissan,Juke,1.5 dCi Connect Edition NAVI AIRCO,Dealer,8750,d,115301,03-2013,2200,https://prod.pictures.autoscout24.net/listing-images/6379c977-a37e-4055-8dbe-7a9273cfef18_4c5cb7a6-4993-42f1-a273-ca4eb056f7d7.jpg/250x188.webp https://prod.pictures.autoscout24.net/listing-images/6379c977-a37e-4055-8dbe-7a9273cfef18_20f849cc-9161-48b5-a924-bdd8a5838abb.jpg/250x188.webp https://prod.pictures.autoscout24.net/listing-images/6379c977-a37e-4055-8dbe-7a9273cfef18_b8380e1b-4527-4cee-9025-12be25d7e46b.jpg/250x188.webp https://prod.pictures.autoscout24.net/listing-images/6379c977-a37e-4055-8dbe-7a9273cfef18_abd29225-e479-4555-9201-52cca6502e4c.jpg/250x188.webp https://prod.pictures.autoscout24.net/listing-images/6379c977-a37e-4055-8dbe-7a9273cfef18_912f9f09-75a2-4b98-95b4-96e94b6f78ad.jpg/250x188.webp https://prod.pictures.autoscout24.net/listing-images/6379c977-a37e-4055-8dbe-7a9273cfef18_e7e7e7c3-903a-4284-bcff-c4f89b8546e9.jpg/250x188.webp https://prod.pictures.autoscout24.net/listing-images/6379c977-a37e-4055-8dbe-7a9273cfef18_332d77fe-0c1e-48d6-aeb5-b37701ec939b.jpg/250x188.webp https://prod.pictures.autoscout24.net/listing-images/6379c977-a37e-4055-8dbe-7a9273cfef18_6ee1a59e-f656-4c0d-a17d-6d91cab45483.jpg/250x188.webp https://prod.pictures.autoscout24.net/listing-images/6379c977-a37e-4055-8dbe-7a9273cfef18_48cb57e7-7f05-4e06-bb4a-480227605808.jpg/250x188.webp https://prod.pictures.autoscout24.net/listing-images/6379c977-a37e-4055-8dbe-7a9273cfef18_327a823b-8e95-41ca-9c4a-a2c24b985e80.jpg/250x188.webp https://prod.pictures.autoscout24.net/listing-images/6379c977-a37e-4055-8dbe-7a9273cfef18_5a7bcec2-a46b-422f-801b-338bd01f3a33.jpg/250x188.webp https://prod.pictures.autoscout24.net/listing-images/6379c977-a37e-4055-8dbe-7a9273cfef18_b0d248fe-ea8c-431e-8245-ea878804ac9d.jpg/250x188.webp https://prod.pictures.autoscout24.net/listing-images/6379c977-a37e-4055-8dbe-7a9273cfef18_0e0fd481-d98d-4820-81cd-1ab9e9b51352.jpg/250x188.webp https://prod.pictures.autoscout24.net/listing-images/6379c977-a37e-4055-8dbe-7a9273cfef18_b70765aa-1724-4de9-a07c-fba534dfd919.jpg/250x188.webp https://prod.pictures.autoscout24.net/listing-images/6379c977-a37e-4055-8dbe-7a9273cfef18_9f53a941-f543-473f-8d53-0b72f3f28f3f.jpg/250x188.webp https://prod.pictures.autoscout24.net/listing-images/6379c977-a37e-4055-8dbe-7a9273cfef18_31b5d228-cd6e-4269-9e17-156cd9ca4988.jpg/250x188.webp https://prod.pictures.autoscout24.net/listing-images/6379c977-a37e-4055-8dbe-7a9273cfef18_9f533898-e227-4196-a107-626185d663a6.jpg/250x188.webp,44.17776031794284,3579
b28e6425-5ca6-4bfc-87f0-963f9ded3c69,Nissan,Qashqai,• manueel • afneembare trekhaak,PrivateSeller,8750,b,89000,03-2009,8550,https://prod.pictures.autoscout24.net/listing-images/b28e6425-5ca6-4bfc-87f0-963f9ded3c69_0b5436f0-b7b8-4910-987b-7a37a1e9f810.jpg/250x188.webp https://prod.pictures.autoscout24.net/listing-images/b28e6425-5ca6-4bfc-87f0-963f9ded3c69_6d7e8a50-6e91-47aa-90d5-34f45537d0f6.jpg/250x188.webp https://prod.pictures.autoscout24.net/listing-images/b28e6425-5ca6-4bfc-87f0-963f9ded3c69_49ed2ab1-58c9-4ef3-a014-fcee7cdbe288.jpg/250x188.webp https://prod.pictures.autoscout24.net/listing-images/b28e6425-5ca6-4bfc-87f0-963f9ded3c69_f1d2009f-5e9a-4567-a1c3-644e47dfc8d4.jpg/250x188.webp https://prod.pictures.autoscout24.net/listing-images/b28e6425-5ca6-4bfc-87f0-963f9ded3c69_261722f4-f31e-44a5-8395-c81ac198e72c.jpg/250x188.webp https://prod.pictures.autoscout24.net/listing-images/b28e6425-5ca6-4bfc-87f0-963f9ded3c69_ac5d5ac4-b854-409b-ab54-5369faa49886.jpg/250x188.webp https://prod.pictures.autoscout24.net/listing-images/b28e6425-5ca6-4bfc-87f0-963f9ded3c69_c0698f9f-eae2-4a51-bbbd-fb5d083b0c4b.jpg/250x188.webp,107.36766166002549,5040
612ec254-a650-4352-b43e-9da98cfc265a,Nissan,Note,1.5 dCi Tekna//CARNET//GPS//CAMERA//GARANTIE 12M,Dealer,8750,d,123464,02-2015,7904,https://prod.pictures.autoscout24.net/listing-images/612ec254-a650-4352-b43e-9da98cfc265a_b8b1ffca-6f38-4364-a7df-e195bebe2c1b.jpg/250x188.webp https://prod.pictures.autoscout24.net/listing-images/612ec254-a650-4352-b43e-9da98cfc265a_12b8f1f5-b526-4524-b09f-ba093eb63ed6.jpg/250x188.webp https://prod.pictures.autoscout24.net/listing-images/612ec254-a650-4352-b43e-9da98cfc265a_f3b811d7-97f7-453b-a754-fbb500507b4c.jpg/250x188.webp https://prod.pictures.autoscout24.net/listing-images/612ec254-a650-4352-b43e-9da98cfc265a_47497348-8f38-475f-9ced-81f89187193d.jpg/250x188.webp https://prod.pictures.autoscout24.net/listing-images/612ec254-a650-4352-b43e-9da98cfc265a_1a6bdcad-02c3-4624-a85e-e093563e33b9.jpg/250x188.webp https://prod.pictures.autoscout24.net/listing-images/612ec254-a650-4352-b43e-9da98cfc265a_f4e638e6-c0cf-4833-98fe-f86cfc7f2303.jpg/250x188.webp https://prod.pictures.autoscout24.net/listing-images/612ec254-a650-4352-b43e-9da98cfc265a_c0dd945f-f840-4ca4-9d47-03a38908b055.jpg/250x188.webp https://prod.pictures.autoscout24.net/listing-images/612ec254-a650-4352-b43e-9da98cfc265a_a2c94ed4-cd7c-4529-919e-9a5d30abb8a3.jpg/250x188.webp https://prod.pictures.autoscout24.net/listing-images/612ec254-a650-4352-b43e-9da98cfc265a_04dab3a1-3d06-4c0a-a450-8bdb17512fcb.jpg/250x188.webp https://prod.pictures.autoscout24.net/listing-images/612ec254-a650-4352-b43e-9da98cfc265a_f3ef2f61-c326-4b25-b8b9-c3025707dc32.jpg/250x188.webp https://prod.pictures.autoscout24.net/listing-images/612ec254-a650-4352-b43e-9da98cfc265a_e4030658-aca5-4dc2-b76e-3c3070d6dcc8.jpg/250x188.webp https://prod.pictures.autoscout24.net/listing-images/612ec254-a650-4352-b43e-9da98cfc265a_0defd40b-05fc-4505-a12f-2d7f85d11095.jpg/250x188.webp https://prod.pictures.autoscout24.net/listing-images/612ec254-a650-4352-b43e-9da98cfc265a_6628ddc8-9538-455c-878e-a4fcab3eabb0.jpg/250x188.webp https://prod.pictures.autoscout24.net/listing-images/612ec254-a650-4352-b43e-9da98cfc265a_17d5507a-e629-459e-af0e-c01a4b6d0fb2.jpg/250x188.webp https://prod.pictures.autoscout24.net/listing-images/612ec254-a650-4352-b43e-9da98cfc265a_b9dc5955-b67a-4c03-ad51-e116954bf274.jpg/250x188.webp https://prod.pictures.autoscout24.net/listing-images/612ec254-a650-4352-b43e-9da98cfc265a_dd6bf5a4-0e18-4da6-b491-65083f1cf160.jpg/250x188.webp https://prod.pictures.autoscout24.net/listing-images/612ec254-a650-4352-b43e-9da98cfc265a_66cecd6f-34f9-4803-9c9b-d64414e6df5b.jpg/250x188.webp https://prod.pictures.autoscout24.net/listing-images/612ec254-a650-4352-b43e-9da98cfc265a_feffbb7f-7350-4fe2-bf89-e4310c6599d4.jpg/250x188.webp https://prod.pictures.autoscout24.net/listing-images/612ec254-a650-4352-b43e-9da98cfc265a_b99aa587-6871-4ca8-b494-b67b37625597.jpg/250x188.webp,118.30704816178381,2877
92d40bfa-f382-44a9-a0d7-844c1e61ea3c,Nissan,Qashqai,1.6i 2WD Tekna,PrivateSeller,8750,b,167700,08-2011,3600,https://prod.pictures.autoscout24.net/listing-images/92d40bfa-f382-44a9-a0d7-844c1e61ea3c_5f7893a1-82fc-4264-8072-32cf6437ac8b.jpg/250x188.webp https://prod.pictures.autoscout24.net/listing-images/92d40bfa-f382-44a9-a0d7-844c1e61ea3c_055ae25c-5f79-4433-9e4a-dfb92aeec9f5.jpg/250x188.webp https://prod.pictures.autoscout24.net/listing-images/92d40bfa-f382-44a9-a0d7-844c1e61ea3c_f50145e6-4039-4f12-8238-e6726bbb5520.jpg/250x188.webp https://prod.pictures.autoscout24.net/listing-images/92d40bfa-f382-44a9-a0d7-844c1e61ea3c_baf37ee3-de3a-4814-b995-c71751ca2d10.jpg/250x188.webp,91.05707630102727,4157
49d668fa-0403-455c-a5ed-3b8115a4bd98,Nissan,Qashqai,1.6i 2WD Connect,PrivateSeller,8800,b,142000,12-2010,3582,https://prod.pictures.autoscout24.net/listing-images/49d668fa-0403-455c-a5ed-3b8115a4bd98_db9a3a9a-9a0c-4d2d-adc3-01554a090c19.jpg/250x188.webp https://prod.pictures.autoscout24.net/listing-images/49d668fa-0403-455c-a5ed-3b8115a4bd98_7772ead7-8336-4fa6-bdd7-25434643aa95.jpg/250x188.webp https://prod.pictures.autoscout24.net/listing-images/49d668fa-0403-455c-a5ed-3b8115a4bd98_d061a74e-9268-411e-85ab-e4687abd8770.jpg/250x188.webp https://prod.pictures.autoscout24.net/listing-images/49d668fa-0403-455c-a5ed-3b8115a4bd98_727a32ea-7568-4f82-aafa-484d32735917.jpg/250x188.webp,71.98377970991602,4400
eafc3d62-5c41-4632-bd73-d6da07316c5d,Nissan,Pulsar,,Dealer,8850,d,136000,10-2015,3140,https://prod.pictures.autoscout24.net/listing-images/eafc3d62-5c41-4632-bd73-d6da07316c5d_11ffefab-9395-4fc1-8903-1e3249540ad8.jpg/250x188.webp https://prod.pictures.autoscout24.net/listing-images/eafc3d62-5c41-4632-bd73-d6da07316c5d_ca3c44b4-23eb-4d4c-99a5-859a37fa9c00.jpg/250x188.webp https://prod.pictures.autoscout24.net/listing-images/eafc3d62-5c41-4632-bd73-d6da07316c5d_ed3a8657-6d8d-4477-9d00-bbbe5f89e0ce.jpg/250x188.webp https://prod.pictures.autoscout24.net/listing-images/eafc3d62-5c41-4632-bd73-d6da07316c5d_f40fe51a-95f2-462b-b3da-59369634e094.jpg/250x188.webp https://prod.pictures.autoscout24.net/listing-images/eafc3d62-5c41-4632-bd73-d6da07316c5d_90c95ac9-912b-4bde-bd5c-bb17b1782fef.jpg/250x188.webp https://prod.pictures.autoscout24.net/listing-images/eafc3d62-5c41-4632-bd73-d6da07316c5d_4629b42b-370d-4b7c-8540-d6c42fee8000.jpg/250x188.webp https://prod.pictures.autoscout24.net/listing-images/eafc3d62-5c41-4632-bd73-d6da07316c5d_1de4f26e-aff0-4cda-9d43-42fefbb6e470.jpg/250x188.webp https://prod.pictures.autoscout24.net/listing-images/eafc3d62-5c41-4632-bd73-d6da07316c5d_1e6890dd-8123-4a51-be05-11ba8288fc34.jpg/250x188.webp https://prod.pictures.autoscout24.net/listing-images/eafc3d62-5c41-4632-bd73-d6da07316c5d_b4a671f7-99fe-4694-ae81-5ea10caebb3b.jpg/250x188.webp https://prod.pictures.autoscout24.net/listing-images/eafc3d62-5c41-4632-bd73-d6da07316c5d_6185c908-7317-418b-a377-0673b4c6178d.jpg/250x188.webp https://prod.pictures.autoscout24.net/listing-images/eafc3d62-5c41-4632-bd73-d6da07316c5d_888ce18e-6c7b-45e7-9b14-682d37127e43.jpg/250x188.webp https://prod.pictures.autoscout24.net/listing-images/eafc3d62-5c41-4632-bd73-d6da07316c5d_d580c7a9-a713-4179-9b7e-8cd04b904baa.jpg/250x188.webp https://prod.pictures.autoscout24.net/listing-images/eafc3d62-5c41-4632-bd73-d6da07316c5d_0aa438ed-31fd-4047-87a2-043b64db82c4.jpg/250x188.webp https://prod.pictures.autoscout24.net/listing-images/eafc3d62-5c41-4632-bd73-d6da07316c5d_62ece35f-256f-4201-896f-69213ca32185.jpg/250x188.webp https://prod.pictures.autoscout24.net/listing-images/eafc3d62-5c41-4632-bd73-d6da07316c5d_641fb21b-e739-4add-ba3c-c89750f539b9.jpg/250x188.webp,52.96009333344531,2635
9faa228e-714f-4639-af21-a1bd65de256d,Nissan,Qashqai,stationswagen(break),PrivateSeller,8900,d,120000,02-2011,8800,https://prod.pictures.autoscout24.net/listing-images/9faa228e-714f-4639-af21-a1bd65de256d_18a2b99b-09b3-4213-a29b-737549ea9ca0.jpg/250x188.webp https://prod.pictures.autoscout24.net/listing-images/9faa228e-714f-4639-af21-a1bd65de256d_984f0842-2054-438d-9a22-d6b2bccca882.jpg/250x188.webp https://prod.pictures.autoscout24.net/listing-images/9faa228e-714f-4639-af21-a1bd65de256d_48b11514-bf3f-4eb3-ab78-aa77ffca4e7f.jpg/250x188.webp https://prod.pictures.autoscout24.net/listing-images/9faa228e-714f-4639-af21-a1bd65de256d_37ae7029-f3d3-439d-8674-7d3f42df3638.jpg/250x188.webp https://prod.pictures.autoscout24.net/listing-images/9faa228e-714f-4639-af21-a1bd65de256d_5e28036e-9cfb-43af-828d-d3e48a685b93.jpg/250x188.webp https://prod.pictures.autoscout24.net/listing-images/9faa228e-714f-4639-af21-a1bd65de256d_127619e1-173a-431e-bb5b-d9ef509b9e23.jpg/250x188.webp https://prod.pictures.autoscout24.net/listing-images/9faa228e-714f-4639-af21-a1bd65de256d_7ab9a071-003b-44ae-819e-7a854059ace0.jpg/250x188.webp https://prod.pictures.autoscout24.net/listing-images/9faa228e-714f-4639-af21-a1bd65de256d_78e899bc-7bef-4d74-94fd-ae04fc89f293.jpg/250x188.webp https://prod.pictures.autoscout24.net/listing-images/9faa228e-714f-4639-af21-a1bd65de256d_82966cd0-4903-4461-9269-56b16d7570de.jpg/250x188.webp https://prod.pictures.autoscout24.net/listing-images/9faa228e-714f-4639-af21-a1bd65de256d_2ef7bdba-a6eb-4bfb-ab51-af1ea27967b3.jpg/250x188.webp https://prod.pictures.autoscout24.net/listing-images/9faa228e-714f-4639-af21-a1bd65de256d_0e0a558d-8737-4566-a3fd-8a372d6f926e.jpg/250x188.webp https://prod.pictures.autoscout24.net/listing-images/9faa228e-714f-4639-af21-a1bd65de256d_a8cd5a56-737d-488e-a9de-6db1148ceb38.jpg/250x188.webp https://prod.pictures.autoscout24.net/listing-images/9faa228e-714f-4639-af21-a1bd65de256d_274f703d-db7b-427d-9192-2dd263773a71.jpg/250x188.webp https://prod.pictures.autoscout24.net/listing-images/9faa228e-714f-4639-af21-a1bd65de256d_3192bd82-9bbb-4b35-8df7-b3127373600f.jpg/250x188.webp,107.24415982689398,4338
db4ab35f-e4b5-40b7-a922-7433c3596aa4,Nissan,Micra,1.5 dCi Tekna + PACK,Dealer,8900,d,163944,03-2017,1910,https://prod.pictures.autoscout24.net/listing-images/db4ab35f-e4b5-40b7-a922-7433c3596aa4_a9cb4261-e12e-472d-b9ea-4e21e1a1977a.jpg/250x188.webp https://prod.pictures.autoscout24.net/listing-images/db4ab35f-e4b5-40b7-a922-7433c3596aa4_358a6742-2a7c-4564-ab3c-b11a1ba8fade.jpg/250x188.webp https://prod.pictures.autoscout24.net/listing-images/db4ab35f-e4b5-40b7-a922-7433c3596aa4_b30cb88a-38bc-4025-a074-9f42a6680ae5.jpg/250x188.webp https://prod.pictures.autoscout24.net/listing-images/db4ab35f-e4b5-40b7-a922-7433c3596aa4_036aec02-3cd7-49ca-8782-2ca123e79e6f.jpg/250x188.webp https://prod.pictures.autoscout24.net/listing-images/db4ab35f-e4b5-40b7-a922-7433c3596aa4_46dfd2b9-c6b6-4173-9dba-1bf6d3b1b207.jpg/250x188.webp https://prod.pictures.autoscout24.net/listing-images/db4ab35f-e4b5-40b7-a922-7433c3596aa4_d9c74967-7c72-4012-86b4-1609329229b3.jpg/250x188.webp https://prod.pictures.autoscout24.net/listing-images/db4ab35f-e4b5-40b7-a922-7433c3596aa4_8ff0b80b-9f68-43b0-9657-a79c8fd71171.jpg/250x188.webp https://prod.pictures.autoscout24.net/listing-images/db4ab35f-e4b5-40b7-a922-7433c3596aa4_ab60507f-d957-4bb1-8394-891c7d6d4a09.jpg/250x188.webp https://prod.pictures.autoscout24.net/listing-images/db4ab35f-e4b5-40b7-a922-7433c3596aa4_190c1b37-c3f9-411f-acc7-3f156104753d.jpg/250x188.webp https://prod.pictures.autoscout24.net/listing-images/db4ab35f-e4b5-40b7-a922-7433c3596aa4_dd98392f-d6cc-4864-916f-f06c7aa7f180.jpg/250x188.webp https://prod.pictures.autoscout24.net/listing-images/db4ab35f-e4b5-40b7-a922-7433c3596aa4_e297158b-971d-41e8-9cdb-55d46fb9d866.jpg/250x188.webp https://prod.pictures.autoscout24.net/listing-images/db4ab35f-e4b5-40b7-a922-7433c3596aa4_1d543f40-fb8b-444e-ac31-2d3940d3bd27.jpg/250x188.webp https://prod.pictures.autoscout24.net/listing-images/db4ab35f-e4b5-40b7-a922-7433c3596aa4_c9e2b309-1814-48c1-b059-ddd04e87a9c2.jpg/250x188.webp https://prod.pictures.autoscout24.net/listing-images/db4ab35f-e4b5-40b7-a922-7433c3596aa4_2dbb9bcf-ba5b-4abf-b78e-f90678dd1426.jpg/250x188.webp https://prod.pictures.autoscout24.net/listing-images/db4ab35f-e4b5-40b7-a922-7433c3596aa4_e9dee6e4-e014-4b40-9e3e-204b0aeb57d6.jpg/250x188.webp https://prod.pictures.autoscout24.net/listing-images/db4ab35f-e4b5-40b7-a922-7433c3596aa4_0c70de29-7dc7-44fb-8078-205eab35dc81.jpg/250x188.webp https://prod.pictures.autoscout24.net/listing-images/db4ab35f-e4b5-40b7-a922-7433c3596aa4_6cae1cb0-2a3e-4675-9c2f-a42c520a5501.jpg/250x188.webp https://prod.pictures.autoscout24.net/listing-images/db4ab35f-e4b5-40b7-a922-7433c3596aa4_7579ddf2-ce63-4c51-b3b7-a2b4cf9c59cc.jpg/250x188.webp https://prod.pictures.autoscout24.net/listing-images/db4ab35f-e4b5-40b7-a922-7433c3596aa4_805d0d0f-b1ea-40c7-b55d-47676fde992e.jpg/250x188.webp,61.06717284299515,2118
f0102426-d35d-4d97-873a-9e4ffbe8a713,Nissan,Qashqai,1.6 dCi 4WD Euro 5,Dealer,8900,d,131000,08-2012,7170,https://prod.pictures.autoscout24.net/listing-images/f0102426-d35d-4d97-873a-9e4ffbe8a713_8896af30-7e94-486f-b3d2-823509d898d4.jpg/250x188.webp https://prod.pictures.autoscout24.net/listing-images/f0102426-d35d-4d97-873a-9e4ffbe8a713_768d0503-903f-46ed-b028-21afd66b782d.jpg/250x188.webp https://prod.pictures.autoscout24.net/listing-images/f0102426-d35d-4d97-873a-9e4ffbe8a713_b9d65d90-a93c-46e5-a5f4-b68a33079839.jpg/250x188.webp https://prod.pictures.autoscout24.net/listing-images/f0102426-d35d-4d97-873a-9e4ffbe8a713_b626ee0e-a889-4944-9734-9ac6e1ff625e.jpg/250x188.webp https://prod.pictures.autoscout24.net/listing-images/f0102426-d35d-4d97-873a-9e4ffbe8a713_9b6a1391-0fc4-468b-b512-231d91bb05be.jpg/250x188.webp https://prod.pictures.autoscout24.net/listing-images/f0102426-d35d-4d97-873a-9e4ffbe8a713_19fd6c11-fc75-481c-8d77-0c7562870857.jpg/250x188.webp https://prod.pictures.autoscout24.net/listing-images/f0102426-d35d-4d97-873a-9e4ffbe8a713_6d7228d7-fa84-4dd2-a8cb-9716021485be.jpg/250x188.webp https://prod.pictures.autoscout24.net/listing-images/f0102426-d35d-4d97-873a-9e4ffbe8a713_560fd690-1ba0-44a1-a0fb-29ffbee42374.jpg/250x188.webp https://prod.pictures.autoscout24.net/listing-images/f0102426-d35d-4d97-873a-9e4ffbe8a713_3fa8672f-972f-498c-98ca-d9a1e6be8790.jpg/250x188.webp https://prod.pictures.autoscout24.net/listing-images/f0102426-d35d-4d97-873a-9e4ffbe8a713_e02d7a0c-db64-4468-88d5-f51616e80ac3.jpg/250x188.webp https://prod.pictures.autoscout24.net/listing-images/f0102426-d35d-4d97-873a-9e4ffbe8a713_b83fc836-ea6b-4218-a47b-3369ab248ba7.jpg/250x188.webp https://prod.pictures.autoscout24.net/listing-images/f0102426-d35d-4d97-873a-9e4ffbe8a713_0644fc1f-80fc-4bad-a2d7-371e5ba44bc0.jpg/250x188.webp https://prod.pictures.autoscout24.net/listing-images/f0102426-d35d-4d97-873a-9e4ffbe8a713_dc0e29ba-a461-4599-ab78-a03726859e09.jpg/250x188.webp https://prod.pictures.autoscout24.net/listing-images/f0102426-d35d-4d97-873a-9e4ffbe8a713_a0d6fe9c-8449-49d6-9430-35e4fef140de.jpg/250x188.webp https://prod.pictures.autoscout24.net/listing-images/f0102426-d35d-4d97-873a-9e4ffbe8a713_87b2588f-62f7-4fed-908f-281d30e466ee.jpg/250x188.webp,108.4792868516476,3791
e8010931-0e01-4353-afc5-50eea3d0d7b7,Nissan,Qashqai+2,1.5 dCi 2WD 360 DPF,PrivateSeller,8900,d,178000,01-2014,6200,https://prod.pictures.autoscout24.net/listing-images/e8010931-0e01-4353-afc5-50eea3d0d7b7_0203b2ad-79d1-42d1-8265-3ccaf827213f.jpg/250x188.webp https://prod.pictures.autoscout24.net/listing-images/e8010931-0e01-4353-afc5-50eea3d0d7b7_bec3ea1a-6317-4362-bf04-b04b856086b4.jpg/250x188.webp https://prod.pictures.autoscout24.net/listing-images/e8010931-0e01-4353-afc5-50eea3d0d7b7_a1a0ede5-a6ef-40e1-b698-820f9827dd24.jpg/250x188.webp https://prod.pictures.autoscout24.net/listing-images/e8010931-0e01-4353-afc5-50eea3d0d7b7_164b8857-0070-4f35-bbe4-337f09535d0d.jpg/250x188.webp https://prod.pictures.autoscout24.net/listing-images/e8010931-0e01-4353-afc5-50eea3d0d7b7_c74fdea2-01d1-4b4b-8817-cd06977eadb7.jpg/250x188.webp https://prod.pictures.autoscout24.net/listing-images/e8010931-0e01-4353-afc5-50eea3d0d7b7_15ff08b7-66c5-4b09-a3e3-4afb582cae29.jpg/250x188.webp https://prod.pictures.autoscout24.net/listing-images/e8010931-0e01-4353-afc5-50eea3d0d7b7_56943982-7fea-4449-9335-b43c5cde08ab.jpg/250x188.webp https://prod.pictures.autoscout24.net/listing-images/e8010931-0e01-4353-afc5-50eea3d0d7b7_f2d6d208-c787-485a-a454-b393b0013f2a.jpg/250x188.webp https://prod.pictures.autoscout24.net/listing-images/e8010931-0e01-4353-afc5-50eea3d0d7b7_eadc4a81-6bcb-4fca-b86e-9fa84902385f.jpg/250x188.webp https://prod.pictures.autoscout24.net/listing-images/e8010931-0e01-4353-afc5-50eea3d0d7b7_ece529dd-7104-4c4d-916e-69c92d140aa4.jpg/250x188.webp https://prod.pictures.autoscout24.net/listing-images/e8010931-0e01-4353-afc5-50eea3d0d7b7_43009eb4-3f7b-4a73-b61a-dff64d1f89a4.jpg/250x188.webp https://prod.pictures.autoscout24.net/listing-images/e8010931-0e01-4353-afc5-50eea3d0d7b7_de3b0d65-770b-4d9d-b22c-ea280a0be62e.jpg/250x188.webp https://prod.pictures.autoscout24.net/listing-images/e8010931-0e01-4353-afc5-50eea3d0d7b7_7d03bd75-a1f9-4cbb-9da7-b2be9e8b933e.jpg/250x188.webp https://prod.pictures.autoscout24.net/listing-images/e8010931-0e01-4353-afc5-50eea3d0d7b7_5fc1aef3-26e0-4e39-8041-4771d5a709c7.jpg/250x188.webp https://prod.pictures.autoscout24.net/listing-images/e8010931-0e01-4353-afc5-50eea3d0d7b7_fd6f0785-b2c1-4ff9-ba7f-08143eef774f.jpg/250x188.webp https://prod.pictures.autoscout24.net/listing-images/e8010931-0e01-4353-afc5-50eea3d0d7b7_3867e9b5-e86d-4f32-962e-45e9a45568a5.jpg/250x188.webp https://prod.pictures.autoscout24.net/listing-images/e8010931-0e01-4353-afc5-50eea3d0d7b7_d2cad51c-eada-4e93-8a87-0a3538cde312.jpg/250x188.webp https://prod.pictures.autoscout24.net/listing-images/e8010931-0e01-4353-afc5-50eea3d0d7b7_5964a6e6-c87b-4af4-8b10-89df0803e410.jpg/250x188.webp https://prod.pictures.autoscout24.net/listing-images/e8010931-0e01-4353-afc5-50eea3d0d7b7_4573cb0a-e121-4318-a308-e5eefb026d1e.jpg/250x188.webp,119.77990387531518,3273
039db9c0-5970-4b70-9409-f6e5e101570a,Nissan,Murano,2.5 D Automatik Executive,PrivateSeller,8900,d,217000,06-2011,6030,https://prod.pictures.autoscout24.net/listing-images/039db9c0-5970-4b70-9409-f6e5e101570a_97a54a41-6ba4-4bbc-865d-e359c9d214d4.jpg/250x188.webp https://prod.pictures.autoscout24.net/listing-images/039db9c0-5970-4b70-9409-f6e5e101570a_4f34a1b9-8ee8-41b5-9535-3ef36d766147.jpg/250x188.webp https://prod.pictures.autoscout24.net/listing-images/039db9c0-5970-4b70-9409-f6e5e101570a_e4200e87-b991-4027-aa93-ec698e1b806c.jpg/250x188.webp https://prod.pictures.autoscout24.net/listing-images/039db9c0-5970-4b70-9409-f6e5e101570a_66255c91-4791-40f5-8913-7700132d3ad0.jpg/250x188.webp https://prod.pictures.autoscout24.net/listing-images/039db9c0-5970-4b70-9409-f6e5e101570a_7c85e9e9-9896-491b-903c-11995584aa99.jpg/250x188.webp https://prod.pictures.autoscout24.net/listing-images/039db9c0-5970-4b70-9409-f6e5e101570a_25693999-4dc7-48a0-b303-177ab909ddf4.jpg/250x188.webp https://prod.pictures.autoscout24.net/listing-images/039db9c0-5970-4b70-9409-f6e5e101570a_f70b0448-a600-49cc-a374-1d5ccfba4745.jpg/250x188.webp https://prod.pictures.autoscout24.net/listing-images/039db9c0-5970-4b70-9409-f6e5e101570a_60d7df6a-576b-4871-b5f6-9c0013f82bc8.jpg/250x188.webp https://prod.pictures.autoscout24.net/listing-images/039db9c0-5970-4b70-9409-f6e5e101570a_5c2401c6-60d2-45e3-8cf0-54893a019c75.jpg/250x188.webp https://prod.pictures.autoscout24.net/listing-images/039db9c0-5970-4b70-9409-f6e5e101570a_cae22e97-38b1-4841-be1f-249e4b058cb1.jpg/250x188.webp,118.28038734858286,4218
479482eb-dd96-41f6-b3d3-dee3cee100d8,Nissan,Pulsar,1.5 dCi ✅N-Connecta✅GPS-CLIM-CAM-JA-C.T OK !,Dealer,8900,d,143000,12-2015,5060,https://prod.pictures.autoscout24.net/listing-images/479482eb-dd96-41f6-b3d3-dee3cee100d8_f3be02cd-b932-47ba-9b59-a6884b9fa5e3.jpg/250x188.webp https://prod.pictures.autoscout24.net/listing-images/479482eb-dd96-41f6-b3d3-dee3cee100d8_51c24c39-8e46-4b28-a215-5d135aa48886.jpg/250x188.webp https://prod.pictures.autoscout24.net/listing-images/479482eb-dd96-41f6-b3d3-dee3cee100d8_ef784c7d-4782-4137-9cc0-7585537c1ee3.jpg/250x188.webp https://prod.pictures.autoscout24.net/listing-images/479482eb-dd96-41f6-b3d3-dee3cee100d8_6ce4fb71-e6d8-45fa-bb62-a0e449024686.jpg/250x188.webp https://prod.pictures.autoscout24.net/listing-images/479482eb-dd96-41f6-b3d3-dee3cee100d8_39ead551-7d85-41e1-951e-112816aa6cac.jpg/250x188.webp https://prod.pictures.autoscout24.net/listing-images/479482eb-dd96-41f6-b3d3-dee3cee100d8_2f1a2b17-0c9b-440c-8576-d161c854d599.jpg/250x188.webp https://prod.pictures.autoscout24.net/listing-images/479482eb-dd96-41f6-b3d3-dee3cee100d8_5aef4a90-4a39-4f78-a7d6-afb91f2530bd.jpg/250x188.webp https://prod.pictures.autoscout24.net/listing-images/479482eb-dd96-41f6-b3d3-dee3cee100d8_1269e8a9-c3be-4b57-9819-9e752c008d40.jpg/250x188.webp https://prod.pictures.autoscout24.net/listing-images/479482eb-dd96-41f6-b3d3-dee3cee100d8_4b1bf556-422c-4fc2-9848-0eae0bbcd861.jpg/250x188.webp https://prod.pictures.autoscout24.net/listing-images/479482eb-dd96-41f6-b3d3-dee3cee100d8_1b6efe92-2ae0-4806-808a-bfa452b4fec0.jpg/250x188.webp https://prod.pictures.autoscout24.net/listing-images/479482eb-dd96-41f6-b3d3-dee3cee100d8_34383cf5-5190-401b-bc0e-6490ee2d62db.jpg/250x188.webp https://prod.pictures.autoscout24.net/listing-images/479482eb-dd96-41f6-b3d3-dee3cee100d8_3604ac68-5aa5-42c6-bf8a-ffb49ac2f90d.jpg/250x188.webp https://prod.pictures.autoscout24.net/listing-images/479482eb-dd96-41f6-b3d3-dee3cee100d8_fbeaa6e3-b274-4c71-aa12-0f71167b48f4.jpg/250x188.webp https://prod.pictures.autoscout24.net/listing-images/479482eb-dd96-41f6-b3d3-dee3cee100d8_e98dc5a9-d937-4d0d-a4fd-bcee2f23b77e.jpg/250x188.webp https://prod.pictures.autoscout24.net/listing-images/479482eb-dd96-41f6-b3d3-dee3cee100d8_5c759235-271f-4f8f-b148-285722447441.jpg/250x188.webp,116.00750129472273,2574
b338cd38-370c-4ac4-8110-53e996b73b51,Nissan,Note,1.5 dCi Acenta*PRE COLLISION CAM NAV  57000KM!,Dealer,8950,d,57671,02-2014,9402,https://prod.pictures.autoscout24.net/listing-images/b338cd38-370c-4ac4-8110-53e996b73b51_b28568cb-16f6-4361-a698-5393a89ea7a2.jpg/250x188.webp https://prod.pictures.autoscout24.net/listing-images/b338cd38-370c-4ac4-8110-53e996b73b51_748e929d-b324-410f-9712-105249148d8b.jpg/250x188.webp https://prod.pictures.autoscout24.net/listing-images/b338cd38-370c-4ac4-8110-53e996b73b51_89d1c1c8-0d43-4a79-a8e9-76283f91494a.jpg/250x188.webp https://prod.pictures.autoscout24.net/listing-images/b338cd38-370c-4ac4-8110-53e996b73b51_cee7afc9-660b-423d-bac2-37c52a9450e3.jpg/250x188.webp https://prod.pictures.autoscout24.net/listing-images/b338cd38-370c-4ac4-8110-53e996b73b51_e4aeab8b-0325-4483-843d-b417ef5a55f8.jpg/250x188.webp https://prod.pictures.autoscout24.net/listing-images/b338cd38-370c-4ac4-8110-53e996b73b51_f6296cbc-1b1a-490c-aa16-0d3d0465b88b.jpg/250x188.webp https://prod.pictures.autoscout24.net/listing-images/b338cd38-370c-4ac4-8110-53e996b73b51_402dc974-ca13-439c-9f60-953ab6d28e1f.jpg/250x188.webp https://prod.pictures.autoscout24.net/listing-images/b338cd38-370c-4ac4-8110-53e996b73b51_6764e17c-3b8e-400c-81d7-f3e26fe62773.jpg/250x188.webp https://prod.pictures.autoscout24.net/listing-images/b338cd38-370c-4ac4-8110-53e996b73b51_4ee3593a-f9d8-48b6-ad21-818f6460fee4.jpg/250x188.webp https://prod.pictures.autoscout24.net/listing-images/b338cd38-370c-4ac4-8110-53e996b73b51_76e6949d-001c-453b-851f-d26ee5d37dcf.jpg/250x188.webp https://prod.pictures.autoscout24.net/listing-images/b338cd38-370c-4ac4-8110-53e996b73b51_fec10cec-2631-4a49-8b81-88962abf6281.jpg/250x188.webp https://prod.pictures.autoscout24.net/listing-images/b338cd38-370c-4ac4-8110-53e996b73b51_ef468ba5-091d-4cb1-a8ad-04cb64862420.jpg/250x188.webp https://prod.pictures.autoscout24.net/listing-images/b338cd38-370c-4ac4-8110-53e996b73b51_65dbd209-20bf-46ba-a5ec-378d772822f3.jpg/250x188.webp https://prod.pictures.autoscout24.net/listing-images/b338cd38-370c-4ac4-8110-53e996b73b51_3b81dec1-2d20-4fff-8c7f-2398aaccd601.jpg/250x188.webp https://prod.pictures.autoscout24.net/listing-images/b338cd38-370c-4ac4-8110-53e996b73b51_8a486ac7-0b27-4db2-8bae-1496e4c6947f.jpg/250x188.webp https://prod.pictures.autoscout24.net/listing-images/b338cd38-370c-4ac4-8110-53e996b73b51_e2c74b97-a018-4583-99dd-7ef0eb6cdccd.jpg/250x188.webp https://prod.pictures.autoscout24.net/listing-images/b338cd38-370c-4ac4-8110-53e996b73b51_dc2a911b-ac23-46b3-88a3-becd94567838.jpg/250x188.webp https://prod.pictures.autoscout24.net/listing-images/b338cd38-370c-4ac4-8110-53e996b73b51_67941f91-5f5b-4b75-a227-270daaf9b852.jpg/250x188.webp https://prod.pictures.autoscout24.net/listing-images/b338cd38-370c-4ac4-8110-53e996b73b51_108089c6-4413-40f1-aeb0-9ba7bfc91fb5.jpg/250x188.webp https://prod.pictures.autoscout24.net/listing-images/b338cd38-370c-4ac4-8110-53e996b73b51_913b4c2a-7ac6-44cc-9d6f-edfbd91ccaf8.jpg/250x188.webp https://prod.pictures.autoscout24.net/listing-images/b338cd38-370c-4ac4-8110-53e996b73b51_ce2f06c7-7d34-4ade-b892-5c176287ba09.jpg/250x188.webp https://prod.pictures.autoscout24.net/listing-images/b338cd38-370c-4ac4-8110-53e996b73b51_c50b33c6-06f8-4d5c-bedb-aca70571ca34.jpg/250x188.webp https://prod.pictures.autoscout24.net/listing-images/b338cd38-370c-4ac4-8110-53e996b73b51_30dcb470-ec54-4c58-aef4-05c554f9c895.jpg/250x188.webp https://prod.pictures.autoscout24.net/listing-images/b338cd38-370c-4ac4-8110-53e996b73b51_19fc0911-1218-4cb4-be6a-bd4d99dabe1d.jpg/250x188.webp https://prod.pictures.autoscout24.net/listing-images/b338cd38-370c-4ac4-8110-53e996b73b51_57ba558c-0145-42f7-9a45-8c0e6a7afd0f.jpg/250x188.webp https://prod.pictures.autoscout24.net/listing-images/b338cd38-370c-4ac4-8110-53e996b73b51_ef1813f6-c259-4781-8578-5f1587a648a5.jpg/250x188.webp https://prod.pictures.autoscout24.net/listing-images/b338cd38-370c-4ac4-8110-53e996b73b51_0c5f14c1-c311-4ddd-9c1c-e50792bbb3b1.jpg/250x188.webp https://prod.pictures.autoscout24.net/listing-images/b338cd38-370c-4ac4-8110-53e996b73b51_f768f9f5-50a8-4d8d-97b5-94a4d08e56ae.jpg/250x188.webp,77.6485465586824,3242
4c4984a8-2a7f-47ed-b8e0-c494f40b4be3,Nissan,Qashqai+2,RESERVEE//RESERVEE***,Dealer,8950,d,150000,10-2011,4520,https://prod.pictures.autoscout24.net/listing-images/4c4984a8-2a7f-47ed-b8e0-c494f40b4be3_7029a67d-b7e1-4d82-8700-94715e4b699d.jpg/250x188.webp https://prod.pictures.autoscout24.net/listing-images/4c4984a8-2a7f-47ed-b8e0-c494f40b4be3_8bf17ab4-7643-4efa-905c-c248d786733e.jpg/250x188.webp https://prod.pictures.autoscout24.net/listing-images/4c4984a8-2a7f-47ed-b8e0-c494f40b4be3_712292c7-d8d7-420c-bc70-aced9dc1c8b6.jpg/250x188.webp https://prod.pictures.autoscout24.net/listing-images/4c4984a8-2a7f-47ed-b8e0-c494f40b4be3_452673a9-006b-4cca-b98d-dab6d9a48e18.jpg/250x188.webp https://prod.pictures.autoscout24.net/listing-images/4c4984a8-2a7f-47ed-b8e0-c494f40b4be3_6ab6a8c0-a827-41ac-a534-c0630d24efb5.jpg/250x188.webp https://prod.pictures.autoscout24.net/listing-images/4c4984a8-2a7f-47ed-b8e0-c494f40b4be3_c292f31f-1f48-491c-92ad-da14ef62a878.jpg/250x188.webp https://prod.pictures.autoscout24.net/listing-images/4c4984a8-2a7f-47ed-b8e0-c494f40b4be3_08df5329-e561-48a4-bb74-ab05a51149ae.jpg/250x188.webp https://prod.pictures.autoscout24.net/listing-images/4c4984a8-2a7f-47ed-b8e0-c494f40b4be3_42fff696-a21d-4d0b-aa02-526383ac89e9.jpg/250x188.webp https://prod.pictures.autoscout24.net/listing-images/4c4984a8-2a7f-47ed-b8e0-c494f40b4be3_55f9b96f-01cd-4438-a61c-2eedc9b50ec5.jpg/250x188.webp https://prod.pictures.autoscout24.net/listing-images/4c4984a8-2a7f-47ed-b8e0-c494f40b4be3_deabb8e0-cc85-4612-8e19-6f3cd809931f.jpg/250x188.webp https://prod.pictures.autoscout24.net/listing-images/4c4984a8-2a7f-47ed-b8e0-c494f40b4be3_0cb38c6f-c49f-4974-b8ed-f2daa3ea4bb3.jpg/250x188.webp https://prod.pictures.autoscout24.net/listing-images/4c4984a8-2a7f-47ed-b8e0-c494f40b4be3_de5ef561-fe1a-4f09-93b4-39fa3644e111.jpg/250x188.webp https://prod.pictures.autoscout24.net/listing-images/4c4984a8-2a7f-47ed-b8e0-c494f40b4be3_47e348d5-49c8-44ad-9ecb-249967325500.jpg/250x188.webp https://prod.pictures.autoscout24.net/listing-images/4c4984a8-2a7f-47ed-b8e0-c494f40b4be3_1db59ebd-4bac-4ca2-b05c-b6e85cac6527.jpg/250x188.webp https://prod.pictures.autoscout24.net/listing-images/4c4984a8-2a7f-47ed-b8e0-c494f40b4be3_1a8b0f8b-4a07-4f55-9626-88bca950e20e.jpg/250x188.webp https://prod.pictures.autoscout24.net/listing-images/4c4984a8-2a7f-47ed-b8e0-c494f40b4be3_a33fa103-31db-4a75-b193-4ffe4fe19236.jpg/250x188.webp https://prod.pictures.autoscout24.net/listing-images/4c4984a8-2a7f-47ed-b8e0-c494f40b4be3_48ed7523-38fe-4563-91d6-4f415f6331c1.jpg/250x188.webp https://prod.pictures.autoscout24.net/listing-images/4c4984a8-2a7f-47ed-b8e0-c494f40b4be3_8b4d3dc1-4089-4f54-bb14-42fd33cb892d.jpg/250x188.webp,112.57318942534252,4096
c980df77-9856-441b-96b5-c1fbc60ac6de,Nissan,Micra,1.2i N-TEC,PrivateSeller,8950,b,51983,09-2016,9620,https://prod.pictures.autoscout24.net/listing-images/c980df77-9856-441b-96b5-c1fbc60ac6de_6b32b642-e98c-48d4-b9d7-ad6773282d35.jpg/250x188.webp https://prod.pictures.autoscout24.net/listing-images/c980df77-9856-441b-96b5-c1fbc60ac6de_bad5f195-fce0-488c-983a-b4151aec1810.jpg/250x188.webp https://prod.pictures.autoscout24.net/listing-images/c980df77-9856-441b-96b5-c1fbc60ac6de_96d143cf-552b-4cd2-b89a-253f7ff4074f.jpg/250x188.webp https://prod.pictures.autoscout24.net/listing-images/c980df77-9856-441b-96b5-c1fbc60ac6de_6b306857-bb25-4706-9cfd-aa0068e264b3.jpg/250x188.webp https://prod.pictures.autoscout24.net/listing-images/c980df77-9856-441b-96b5-c1fbc60ac6de_5b812319-2a89-4bf6-bbf6-06686e2fb0ec.jpg/250x188.webp https://prod.pictures.autoscout24.net/listing-images/c980df77-9856-441b-96b5-c1fbc60ac6de_206fe595-284b-4804-9394-dd02b88a0569.jpg/250x188.webp https://prod.pictures.autoscout24.net/listing-images/c980df77-9856-441b-96b5-c1fbc60ac6de_3d15c9c0-1643-496c-a076-eb8a3fa41865.jpg/250x188.webp https://prod.pictures.autoscout24.net/listing-images/c980df77-9856-441b-96b5-c1fbc60ac6de_d78fed6a-1bcf-43c5-b503-01ecae4736fc.jpg/250x188.webp https://prod.pictures.autoscout24.net/listing-images/c980df77-9856-441b-96b5-c1fbc60ac6de_279ad9af-a8d5-448d-be7f-5d6761d8cbe8.jpg/250x188.webp https://prod.pictures.autoscout24.net/listing-images/c980df77-9856-441b-96b5-c1fbc60ac6de_125ba429-77d8-431b-98b0-4dc7689687af.jpg/250x188.webp https://prod.pictures.autoscout24.net/listing-images/c980df77-9856-441b-96b5-c1fbc60ac6de_498d634e-9d3e-429b-8076-eb26743118dc.jpg/250x188.webp https://prod.pictures.autoscout24.net/listing-images/c980df77-9856-441b-96b5-c1fbc60ac6de_9dfc9984-8e00-4f83-9d62-ca0525ba895e.jpg/250x188.webp https://prod.pictures.autoscout24.net/listing-images/c980df77-9856-441b-96b5-c1fbc60ac6de_4465ee61-5d54-440c-b1cf-e6c4f332cdfb.jpg/250x188.webp https://prod.pictures.autoscout24.net/listing-images/c980df77-9856-441b-96b5-c1fbc60ac6de_7943f1ec-cc51-4a17-a16f-5482194bb45c.jpg/250x188.webp https://prod.pictures.autoscout24.net/listing-images/c980df77-9856-441b-96b5-c1fbc60ac6de_5dffdef2-a231-4f7b-8da9-9566c7c5224d.jpg/250x188.webp,79.3684737361704,2299
ae6de903-854c-46ce-8aea-5f084f0e3ee1,Nissan,Pathfinder,2.5 dCi 16v * 7 PLACES * CAMERA * GPS * 1ER PROP,Dealer,8950,d,166000,03-2008,4040,https://prod.pictures.autoscout24.net/listing-images/ae6de903-854c-46ce-8aea-5f084f0e3ee1_0e86645f-8526-4a9f-b501-f4e92801c233.jpg/250x188.webp https://prod.pictures.autoscout24.net/listing-images/ae6de903-854c-46ce-8aea-5f084f0e3ee1_2b15158a-3ac7-49f1-abff-cee696e225eb.jpg/250x188.webp https://prod.pictures.autoscout24.net/listing-images/ae6de903-854c-46ce-8aea-5f084f0e3ee1_42110fac-6f48-41a4-8d22-7d2158315281.jpg/250x188.webp https://prod.pictures.autoscout24.net/listing-images/ae6de903-854c-46ce-8aea-5f084f0e3ee1_80121659-aded-41cb-b3fb-d2df705a1930.jpg/250x188.webp https://prod.pictures.autoscout24.net/listing-images/ae6de903-854c-46ce-8aea-5f084f0e3ee1_519797bf-f32c-4e0b-9409-72d4037dcc9a.jpg/250x188.webp https://prod.pictures.autoscout24.net/listing-images/ae6de903-854c-46ce-8aea-5f084f0e3ee1_91ca909f-a3ed-42a4-bc60-75a06c7d2abd.jpg/250x188.webp https://prod.pictures.autoscout24.net/listing-images/ae6de903-854c-46ce-8aea-5f084f0e3ee1_2278d13e-c5c9-409d-9b4f-2414d8dcf94a.jpg/250x188.webp https://prod.pictures.autoscout24.net/listing-images/ae6de903-854c-46ce-8aea-5f084f0e3ee1_7cd7f189-bfe8-45b4-8c26-6b9762dd36c4.jpg/250x188.webp https://prod.pictures.autoscout24.net/listing-images/ae6de903-854c-46ce-8aea-5f084f0e3ee1_0b14bbfd-aba3-43b3-ba38-7e10dd0b8ea9.jpg/250x188.webp https://prod.pictures.autoscout24.net/listing-images/ae6de903-854c-46ce-8aea-5f084f0e3ee1_17e6c9aa-7e0e-4992-8216-a5a8337aff96.jpg/250x188.webp https://prod.pictures.autoscout24.net/listing-images/ae6de903-854c-46ce-8aea-5f084f0e3ee1_eff44d4f-e192-4908-b680-cbbca551a2fd.jpg/250x188.webp https://prod.pictures.autoscout24.net/listing-images/ae6de903-854c-46ce-8aea-5f084f0e3ee1_3ccb4d5c-c599-4d6c-ab1f-fdec540a378b.jpg/250x188.webp https://prod.pictures.autoscout24.net/listing-images/ae6de903-854c-46ce-8aea-5f084f0e3ee1_23a18ae8-d3c7-43b9-b5a1-60ce6f14c9fd.jpg/250x188.webp https://prod.pictures.autoscout24.net/listing-images/ae6de903-854c-46ce-8aea-5f084f0e3ee1_64864b5e-7263-4b1b-8a9a-eb5e77c6b4b6.jpg/250x188.webp https://prod.pictures.autoscout24.net/listing-images/ae6de903-854c-46ce-8aea-5f084f0e3ee1_2542b400-f44c-49fe-bc48-f18ea044ee75.jpg/250x188.webp,120.39133917274062,5405
2a4c0280-6811-4260-a601-f1578297028a,Nissan,Qashqai,1.6i 2WD Tekna+ Connect ISS,Dealer,8950,b,105000,08-2013,9200,https://prod.pictures.autoscout24.net/listing-images/2a4c0280-6811-4260-a601-f1578297028a_6ab75056-0bf3-4bea-8704-2b4d15c338cf.jpg/250x188.webp https://prod.pictures.autoscout24.net/listing-images/2a4c0280-6811-4260-a601-f1578297028a_a1ed7c17-77a3-459a-aaeb-cfd511fcfe42.jpg/250x188.webp https://prod.pictures.autoscout24.net/listing-images/2a4c0280-6811-4260-a601-f1578297028a_9bb50d86-c8b4-469d-976a-8fc138fff028.jpg/250x188.webp https://prod.pictures.autoscout24.net/listing-images/2a4c0280-6811-4260-a601-f1578297028a_4cfc7ffe-5b87-476b-9cca-9d78438448cc.jpg/250x188.webp https://prod.pictures.autoscout24.net/listing-images/2a4c0280-6811-4260-a601-f1578297028a_e5b38792-3c59-41b1-931d-34a92a2090e4.jpg/250x188.webp https://prod.pictures.autoscout24.net/listing-images/2a4c0280-6811-4260-a601-f1578297028a_0296372d-f863-445a-acfa-9d448018fcac.jpg/250x188.webp https://prod.pictures.autoscout24.net/listing-images/2a4c0280-6811-4260-a601-f1578297028a_e798cbeb-fdda-4ce9-b01b-6c4fef746f8a.jpg/250x188.webp https://prod.pictures.autoscout24.net/listing-images/2a4c0280-6811-4260-a601-f1578297028a_1332cfe6-1599-4fc8-ba46-0ca5809165ad.jpg/250x188.webp https://prod.pictures.autoscout24.net/listing-images/2a4c0280-6811-4260-a601-f1578297028a_d8534190-c975-4f2f-92b8-754824fe3b04.jpg/250x188.webp https://prod.pictures.autoscout24.net/listing-images/2a4c0280-6811-4260-a601-f1578297028a_fd50b7d3-570d-4edb-848f-ea03eaffd90a.jpg/250x188.webp https://prod.pictures.autoscout24.net/listing-images/2a4c0280-6811-4260-a601-f1578297028a_dcdf9aac-25e1-4776-a950-dc1c7a7e6628.jpg/250x188.webp https://prod.pictures.autoscout24.net/listing-images/2a4c0280-6811-4260-a601-f1578297028a_7ff4e3be-9327-48cb-b0a8-abd25d19d816.jpg/250x188.webp https://prod.pictures.autoscout24.net/listing-images/2a4c0280-6811-4260-a601-f1578297028a_06690ead-ab47-40c4-b385-0bb16ff6e34c.jpg/250x188.webp https://prod.pictures.autoscout24.net/listing-images/2a4c0280-6811-4260-a601-f1578297028a_e660be32-d8b1-4ba5-b2d5-37da80df6733.jpg/250x188.webp https://prod.pictures.autoscout24.net/listing-images/2a4c0280-6811-4260-a601-f1578297028a_946beb3c-f5f2-45c2-86f7-c3f795f72a01.jpg/250x188.webp https://prod.pictures.autoscout24.net/listing-images/2a4c0280-6811-4260-a601-f1578297028a_e5ffd526-f6da-4601-a0f3-d6737bd2099d.jpg/250x188.webp https://prod.pictures.autoscout24.net/listing-images/2a4c0280-6811-4260-a601-f1578297028a_77c6f402-7c2a-451d-a7d2-c9f3d988e119.jpg/250x188.webp https://prod.pictures.autoscout24.net/listing-images/2a4c0280-6811-4260-a601-f1578297028a_a5afd314-84e9-468b-87f4-5d7af83f0a69.jpg/250x188.webp https://prod.pictures.autoscout24.net/listing-images/2a4c0280-6811-4260-a601-f1578297028a_e9eaa4e8-2078-48fd-8af3-0a594671d1a6.jpg/250x188.webp https://prod.pictures.autoscout24.net/listing-images/2a4c0280-6811-4260-a601-f1578297028a_711bb74f-35e1-491b-910f-f48d6ad11d9b.jpg/250x188.webp https://prod.pictures.autoscout24.net/listing-images/2a4c0280-6811-4260-a601-f1578297028a_c5532f63-f5b0-48a7-87e2-59edc9249ef6.jpg/250x188.webp,55.33414746561007,3426
1ca4e2e5-1b50-4675-8cc9-b68b17a5b1e4,Nissan,Juke,1.5 dCi 2WD/ AIRCO/,Dealer,8990,d,81763,08-2011,6061,https://prod.pictures.autoscout24.net/listing-images/1ca4e2e5-1b50-4675-8cc9-b68b17a5b1e4_e7fb8d46-a26b-4b71-a821-148d5c14d317.jpg/250x188.webp https://prod.pictures.autoscout24.net/listing-images/1ca4e2e5-1b50-4675-8cc9-b68b17a5b1e4_84db915e-00d3-450f-b98f-b66ea5e97f12.jpg/250x188.webp https://prod.pictures.autoscout24.net/listing-images/1ca4e2e5-1b50-4675-8cc9-b68b17a5b1e4_b3824d67-71d1-41e2-812f-3445ce8f28c9.jpg/250x188.webp https://prod.pictures.autoscout24.net/listing-images/1ca4e2e5-1b50-4675-8cc9-b68b17a5b1e4_dcdcb8b7-0913-41ca-856b-0f5c2d8a34fe.jpg/250x188.webp https://prod.pictures.autoscout24.net/listing-images/1ca4e2e5-1b50-4675-8cc9-b68b17a5b1e4_69879a0a-8c31-4fb3-a536-d449bd701d54.jpg/250x188.webp https://prod.pictures.autoscout24.net/listing-images/1ca4e2e5-1b50-4675-8cc9-b68b17a5b1e4_d30eb698-b87a-48dd-b888-6cec0d93f047.jpg/250x188.webp https://prod.pictures.autoscout24.net/listing-images/1ca4e2e5-1b50-4675-8cc9-b68b17a5b1e4_3d74821d-7bb5-4f6d-886e-e84c1340ebe9.jpg/250x188.webp https://prod.pictures.autoscout24.net/listing-images/1ca4e2e5-1b50-4675-8cc9-b68b17a5b1e4_c1f1f83c-75c6-454d-b825-3b9601cf909b.jpg/250x188.webp https://prod.pictures.autoscout24.net/listing-images/1ca4e2e5-1b50-4675-8cc9-b68b17a5b1e4_53796e91-b79a-42f1-92b2-79839e7f7ca4.jpg/250x188.webp https://prod.pictures.autoscout24.net/listing-images/1ca4e2e5-1b50-4675-8cc9-b68b17a5b1e4_12eba8e7-9896-4517-9d0a-ed9519217c6e.jpg/250x188.webp https://prod.pictures.autoscout24.net/listing-images/1ca4e2e5-1b50-4675-8cc9-b68b17a5b1e4_59e86832-d0a2-4b3d-90de-32a881493d27.jpg/250x188.webp https://prod.pictures.autoscout24.net/listing-images/1ca4e2e5-1b50-4675-8cc9-b68b17a5b1e4_cca45e9e-29af-45c6-8fec-112760da9bce.jpg/250x188.webp,117.55452099458994,4157
56f98baa-805a-41d6-9f88-4dc63db05358,Nissan,Qashqai,1.5 dCi *AIRCO*CAPTEURS*GARANTIE 12 MOIS,Dealer,8990,d,139000,10-2011,4430,https://prod.pictures.autoscout24.net/listing-images/56f98baa-805a-41d6-9f88-4dc63db05358_37e524d3-8da4-4df1-a314-ba2139373e78.jpg/250x188.webp https://prod.pictures.autoscout24.net/listing-images/56f98baa-805a-41d6-9f88-4dc63db05358_c49bb3d8-c648-47f5-b6a8-b63a6c414ff4.jpg/250x188.webp https://prod.pictures.autoscout24.net/listing-images/56f98baa-805a-41d6-9f88-4dc63db05358_035f65d9-96ec-42b6-a69a-f78b77324ce1.jpg/250x188.webp https://prod.pictures.autoscout24.net/listing-images/56f98baa-805a-41d6-9f88-4dc63db05358_0fa6a0cb-e9b5-411f-aafe-320b4f0d3bfa.jpg/250x188.webp https://prod.pictures.autoscout24.net/listing-images/56f98baa-805a-41d6-9f88-4dc63db05358_aa9d38a7-0a9f-447b-95a7-9a8147b49062.jpg/250x188.webp https://prod.pictures.autoscout24.net/listing-images/56f98baa-805a-41d6-9f88-4dc63db05358_92784b61-f2d3-4924-a4aa-0e03ebf11114.jpg/250x188.webp https://prod.pictures.autoscout24.net/listing-images/56f98baa-805a-41d6-9f88-4dc63db05358_3939c01c-7ea3-4c8c-a6c3-610c65e3dca6.jpg/250x188.webp https://prod.pictures.autoscout24.net/listing-images/56f98baa-805a-41d6-9f88-4dc63db05358_600a8807-dcd5-43a4-80eb-73ecfffaf37c.jpg/250x188.webp https://prod.pictures.autoscout24.net/listing-images/56f98baa-805a-41d6-9f88-4dc63db05358_5e408ee5-a72f-4d89-9514-5e010b1b26b9.jpg/250x188.webp https://prod.pictures.autoscout24.net/listing-images/56f98baa-805a-41d6-9f88-4dc63db05358_cde2b1e0-3ede-4b2c-b9be-8fe9a02f3c7e.jpg/250x188.webp https://prod.pictures.autoscout24.net/listing-images/56f98baa-805a-41d6-9f88-4dc63db05358_ef1218a3-63d3-4b96-a6ae-8135b6d5bb09.jpg/250x188.webp https://prod.pictures.autoscout24.net/listing-images/56f98baa-805a-41d6-9f88-4dc63db05358_61bdc980-1da6-4473-9746-7d962fc75f9d.jpg/250x188.webp https://prod.pictures.autoscout24.net/listing-images/56f98baa-805a-41d6-9f88-4dc63db05358_73bb511c-9b7e-494b-a025-6ede5cde0229.jpg/250x188.webp https://prod.pictures.autoscout24.net/listing-images/56f98baa-805a-41d6-9f88-4dc63db05358_4a738280-92de-41ce-9717-4f2b148dbd49.jpg/250x188.webp https://prod.pictures.autoscout24.net/listing-images/56f98baa-805a-41d6-9f88-4dc63db05358_6f5a6892-be11-4d2e-96a7-6db8e79b4ca2.jpg/250x188.webp https://prod.pictures.autoscout24.net/listing-images/56f98baa-805a-41d6-9f88-4dc63db05358_67a83b4e-242f-41e2-ba25-242093ee0115.jpg/250x188.webp https://prod.pictures.autoscout24.net/listing-images/56f98baa-805a-41d6-9f88-4dc63db05358_47b47816-c7ba-4ee7-a3a2-0d5bf41090be.jpg/250x188.webp https://prod.pictures.autoscout24.net/listing-images/56f98baa-805a-41d6-9f88-4dc63db05358_415525f3-46be-4a4f-bfdc-8026bbf315ab.jpg/250x188.webp https://prod.pictures.autoscout24.net/listing-images/56f98baa-805a-41d6-9f88-4dc63db05358_b084f300-f6ee-4997-8685-0ea90ae39b76.jpg/250x188.webp,115.84778684140608,4096
19d10e21-d244-4216-8664-42c87b15266e,Nissan,Juke,1.5 dCi 2WD Acenta//CARNET//GPS/CAMERA/GARANTIE,Dealer,8990,d,99454,10-2012,7904,https://prod.pictures.autoscout24.net/listing-images/19d10e21-d244-4216-8664-42c87b15266e_a6021f8b-670a-4c60-a74e-83dca9eeb895.jpg/250x188.webp https://prod.pictures.autoscout24.net/listing-images/19d10e21-d244-4216-8664-42c87b15266e_a194aa91-716e-4a67-ba7c-2bc23d8ffd4a.jpg/250x188.webp https://prod.pictures.autoscout24.net/listing-images/19d10e21-d244-4216-8664-42c87b15266e_0bb705e8-6037-4660-9d88-f848e6af5611.jpg/250x188.webp https://prod.pictures.autoscout24.net/listing-images/19d10e21-d244-4216-8664-42c87b15266e_0fdcd6b9-7c19-48ad-a879-ec1618b76dc9.jpg/250x188.webp https://prod.pictures.autoscout24.net/listing-images/19d10e21-d244-4216-8664-42c87b15266e_7715dd55-35c4-4357-9b7d-9acfa1e8e6cf.jpg/250x188.webp https://prod.pictures.autoscout24.net/listing-images/19d10e21-d244-4216-8664-42c87b15266e_9c3e4a9b-f0be-4939-8441-6f6de070a52f.jpg/250x188.webp https://prod.pictures.autoscout24.net/listing-images/19d10e21-d244-4216-8664-42c87b15266e_e4cc937c-5de2-49f1-a5ed-7a247c55db22.jpg/250x188.webp https://prod.pictures.autoscout24.net/listing-images/19d10e21-d244-4216-8664-42c87b15266e_49edcd25-78b7-4c9e-9adc-78dce87c2ad5.jpg/250x188.webp https://prod.pictures.autoscout24.net/listing-images/19d10e21-d244-4216-8664-42c87b15266e_663d29a9-f2be-4d9a-ac65-35aad1e53edc.jpg/250x188.webp https://prod.pictures.autoscout24.net/listing-images/19d10e21-d244-4216-8664-42c87b15266e_a97359e8-c690-4c77-bb18-002938947b5a.jpg/250x188.webp https://prod.pictures.autoscout24.net/listing-images/19d10e21-d244-4216-8664-42c87b15266e_e3270284-9066-4531-8318-66298a428171.jpg/250x188.webp https://prod.pictures.autoscout24.net/listing-images/19d10e21-d244-4216-8664-42c87b15266e_17e7ee83-020d-4dd3-aa8c-be9462f7fea5.jpg/250x188.webp https://prod.pictures.autoscout24.net/listing-images/19d10e21-d244-4216-8664-42c87b15266e_3019e6aa-0333-4b99-b8f3-0c91177a8bf6.jpg/250x188.webp https://prod.pictures.autoscout24.net/listing-images/19d10e21-d244-4216-8664-42c87b15266e_5b13675c-3ce7-4148-badc-8dd53e51cbd7.jpg/250x188.webp https://prod.pictures.autoscout24.net/listing-images/19d10e21-d244-4216-8664-42c87b15266e_48078305-5b25-4edc-ab81-aac94ec32f37.jpg/250x188.webp https://prod.pictures.autoscout24.net/listing-images/19d10e21-d244-4216-8664-42c87b15266e_9d84f6d7-9165-41d4-930d-d2bfc258fc37.jpg/250x188.webp https://prod.pictures.autoscout24.net/listing-images/19d10e21-d244-4216-8664-42c87b15266e_ab752d10-4355-4187-ae00-daa26a692996.jpg/250x188.webp https://prod.pictures.autoscout24.net/listing-images/19d10e21-d244-4216-8664-42c87b15266e_717f5693-eeab-4a05-adab-159dbfc78b3d.jpg/250x188.webp,118.30704816178381,3730
e4781c7f-2b7d-4bc5-9e5d-2454171caf86,Nissan,Murano,3.5I V6 | NAVI | TOIT OUVRANT NETTO 7430€,Dealer,8990,b,137131,08-2005,1000,https://prod.pictures.autoscout24.net/listing-images/e4781c7f-2b7d-4bc5-9e5d-2454171caf86_99031b39-0a84-44a6-a8aa-0158cf7f6342.jpg/250x188.webp https://prod.pictures.autoscout24.net/listing-images/e4781c7f-2b7d-4bc5-9e5d-2454171caf86_7bd48245-373f-4dde-8873-1f250fd59ffd.jpg/250x188.webp https://prod.pictures.autoscout24.net/listing-images/e4781c7f-2b7d-4bc5-9e5d-2454171caf86_a83056c0-af94-4631-8ab9-ba421af974f7.jpg/250x188.webp https://prod.pictures.autoscout24.net/listing-images/e4781c7f-2b7d-4bc5-9e5d-2454171caf86_191cd1f4-b310-45db-9b08-ce5dad8d49d2.jpg/250x188.webp https://prod.pictures.autoscout24.net/listing-images/e4781c7f-2b7d-4bc5-9e5d-2454171caf86_289407d8-86bc-45cd-b2de-aa445afff7e4.jpg/250x188.webp https://prod.pictures.autoscout24.net/listing-images/e4781c7f-2b7d-4bc5-9e5d-2454171caf86_67df0d05-82f1-49c6-9241-26565d163eb9.jpg/250x188.webp https://prod.pictures.autoscout24.net/listing-images/e4781c7f-2b7d-4bc5-9e5d-2454171caf86_90ee45bc-af06-4f26-a026-52b6fe774054.jpg/250x188.webp https://prod.pictures.autoscout24.net/listing-images/e4781c7f-2b7d-4bc5-9e5d-2454171caf86_b9f6221f-1122-40b9-a77d-6ea5fbe81b97.jpg/250x188.webp https://prod.pictures.autoscout24.net/listing-images/e4781c7f-2b7d-4bc5-9e5d-2454171caf86_ff2b66e2-6a1d-4585-88c7-c9a802ec4d3c.jpg/250x188.webp https://prod.pictures.autoscout24.net/listing-images/e4781c7f-2b7d-4bc5-9e5d-2454171caf86_2fc30e5c-69d7-4774-9fde-84875d1c6ea2.jpg/250x188.webp https://prod.pictures.autoscout24.net/listing-images/e4781c7f-2b7d-4bc5-9e5d-2454171caf86_53738e3f-d2ba-4f76-a6a3-d511ab340278.jpg/250x188.webp https://prod.pictures.autoscout24.net/listing-images/e4781c7f-2b7d-4bc5-9e5d-2454171caf86_00c7d94b-0728-4977-ad37-c6c83df1f59e.jpg/250x188.webp https://prod.pictures.autoscout24.net/listing-images/e4781c7f-2b7d-4bc5-9e5d-2454171caf86_c8946f55-6b59-4572-ac9b-914e7f118529.jpg/250x188.webp https://prod.pictures.autoscout24.net/listing-images/e4781c7f-2b7d-4bc5-9e5d-2454171caf86_f5e8b25c-7ebc-4511-9ce8-51bf0cb868ee.jpg/250x188.webp https://prod.pictures.autoscout24.net/listing-images/e4781c7f-2b7d-4bc5-9e5d-2454171caf86_f3d4d993-fc5f-41ee-80e9-0bc39081f871.jpg/250x188.webp https://prod.pictures.autoscout24.net/listing-images/e4781c7f-2b7d-4bc5-9e5d-2454171caf86_e000f3ae-87ab-4766-a932-cc79b1d5e6c1.jpg/250x188.webp https://prod.pictures.autoscout24.net/listing-images/e4781c7f-2b7d-4bc5-9e5d-2454171caf86_a882b145-b413-4a0d-b7eb-3d64a7185d25.jpg/250x188.webp https://prod.pictures.autoscout24.net/listing-images/e4781c7f-2b7d-4bc5-9e5d-2454171caf86_e308009d-68fc-47c4-b647-e783469923cb.jpg/250x188.webp https://prod.pictures.autoscout24.net/listing-images/e4781c7f-2b7d-4bc5-9e5d-2454171caf86_6b507272-9164-4cc8-a893-4c044763720c.jpg/250x188.webp https://prod.pictures.autoscout24.net/listing-images/e4781c7f-2b7d-4bc5-9e5d-2454171caf86_244b65e8-68d2-43a1-ab6d-456a6518282b.jpg/250x188.webp https://prod.pictures.autoscout24.net/listing-images/e4781c7f-2b7d-4bc5-9e5d-2454171caf86_ebf716bb-851e-4d1b-8bda-362f916b3d28.jpg/250x188.webp,69.17270624549755,6348
78c7e21f-6f0e-416a-90cf-55abba9c2cbb,Nissan,Qashqai,1.5 dCi 2WD Tekna 12 MOIS DE GARANTIE,Dealer,8999,d,120000,11-2011,6060,https://prod.pictures.autoscout24.net/listing-images/78c7e21f-6f0e-416a-90cf-55abba9c2cbb_7e97d8ec-d891-4d97-8724-664357f8ae5d.jpg/250x188.webp https://prod.pictures.autoscout24.net/listing-images/78c7e21f-6f0e-416a-90cf-55abba9c2cbb_eb156a21-44a4-45c0-bc4f-aa58565d828a.jpg/250x188.webp https://prod.pictures.autoscout24.net/listing-images/78c7e21f-6f0e-416a-90cf-55abba9c2cbb_fe742e75-46d6-4abd-849a-9feefcf28938.jpg/250x188.webp https://prod.pictures.autoscout24.net/listing-images/78c7e21f-6f0e-416a-90cf-55abba9c2cbb_b20e5992-e049-4825-a929-4a461b26ede4.jpg/250x188.webp https://prod.pictures.autoscout24.net/listing-images/78c7e21f-6f0e-416a-90cf-55abba9c2cbb_e851ec80-deed-4b87-993e-f9cfdaed302c.jpg/250x188.webp https://prod.pictures.autoscout24.net/listing-images/78c7e21f-6f0e-416a-90cf-55abba9c2cbb_3adb63ae-b08e-4522-8cd3-84bcff841bde.jpg/250x188.webp https://prod.pictures.autoscout24.net/listing-images/78c7e21f-6f0e-416a-90cf-55abba9c2cbb_55c081e3-f9f3-4c87-abd4-b0c8e3de60a0.jpg/250x188.webp https://prod.pictures.autoscout24.net/listing-images/78c7e21f-6f0e-416a-90cf-55abba9c2cbb_36920f4a-5137-45de-9285-dc38a1b99206.jpg/250x188.webp https://prod.pictures.autoscout24.net/listing-images/78c7e21f-6f0e-416a-90cf-55abba9c2cbb_b0c77a54-6038-4d5e-b390-1bb670d0f86d.jpg/250x188.webp https://prod.pictures.autoscout24.net/listing-images/78c7e21f-6f0e-416a-90cf-55abba9c2cbb_3bd3fc70-34ce-453f-9665-c1ca729a324e.jpg/250x188.webp https://prod.pictures.autoscout24.net/listing-images/78c7e21f-6f0e-416a-90cf-55abba9c2cbb_24800e81-d064-462d-9c89-ebe748140c4f.jpg/250x188.webp,116.023023143389,4065
a5858512-8e3b-4c6a-91c3-a2e6fd9b12dd,Nissan,Juke,2WD,Dealer,8999,b,63539,09-2013,1701,https://prod.pictures.autoscout24.net/listing-images/a5858512-8e3b-4c6a-91c3-a2e6fd9b12dd_7f484cc4-dd74-4589-b19c-ae1679aea02a.jpg/250x188.webp https://prod.pictures.autoscout24.net/listing-images/a5858512-8e3b-4c6a-91c3-a2e6fd9b12dd_a1ebc51b-4dfe-4079-96c3-ce6b4db5cb76.jpg/250x188.webp https://prod.pictures.autoscout24.net/listing-images/a5858512-8e3b-4c6a-91c3-a2e6fd9b12dd_cce641fb-3281-4ce1-bfaa-6681912c9168.jpg/250x188.webp https://prod.pictures.autoscout24.net/listing-images/a5858512-8e3b-4c6a-91c3-a2e6fd9b12dd_8d5bc4e7-8203-44ed-b9e3-b8e6fd7dc4ae.jpg/250x188.webp https://prod.pictures.autoscout24.net/listing-images/a5858512-8e3b-4c6a-91c3-a2e6fd9b12dd_2df4f5c2-b0aa-41d2-bcd8-e4cd61f68065.jpg/250x188.webp https://prod.pictures.autoscout24.net/listing-images/a5858512-8e3b-4c6a-91c3-a2e6fd9b12dd_b24ba377-b24e-4f81-8ce9-84596f627363.jpg/250x188.webp https://prod.pictures.autoscout24.net/listing-images/a5858512-8e3b-4c6a-91c3-a2e6fd9b12dd_992a2550-72d3-418a-88af-1bbd569e0f7b.jpg/250x188.webp https://prod.pictures.autoscout24.net/listing-images/a5858512-8e3b-4c6a-91c3-a2e6fd9b12dd_b2fb5be0-8458-4f02-adf7-1cb37f2d4bed.jpg/250x188.webp https://prod.pictures.autoscout24.net/listing-images/a5858512-8e3b-4c6a-91c3-a2e6fd9b12dd_d81fb987-193e-4c64-973c-4eb6aca9da1e.jpg/250x188.webp https://prod.pictures.autoscout24.net/listing-images/a5858512-8e3b-4c6a-91c3-a2e6fd9b12dd_c56947f4-8c7b-483d-af6c-c479e4b5142a.jpg/250x188.webp https://prod.pictures.autoscout24.net/listing-images/a5858512-8e3b-4c6a-91c3-a2e6fd9b12dd_1b0cf77b-2faa-4c42-935d-80c7609458cd.jpg/250x188.webp https://prod.pictures.autoscout24.net/listing-images/a5858512-8e3b-4c6a-91c3-a2e6fd9b12dd_46394d50-5add-44f8-928d-4a3de1065e14.jpg/250x188.webp https://prod.pictures.autoscout24.net/listing-images/a5858512-8e3b-4c6a-91c3-a2e6fd9b12dd_81d087ff-40ed-4a27-9f47-1d9a2bebd1e9.jpg/250x188.webp https://prod.pictures.autoscout24.net/listing-images/a5858512-8e3b-4c6a-91c3-a2e6fd9b12dd_159dc3e0-1161-4c17-a575-73dfb0be9dab.jpg/250x188.webp,71.6952835993001,3395
828af585-b9eb-4444-9372-951d00d9b9e6,Nissan,Juke,1.6 Acenta 117PK XR84320,Dealer,9000,b,62800,02-2013,1000,https://prod.pictures.autoscout24.net/listing-images/828af585-b9eb-4444-9372-951d00d9b9e6_ad83d8a7-7413-4b5b-aa1a-101e6fd5b9b6.jpg/250x188.webp https://prod.pictures.autoscout24.net/listing-images/828af585-b9eb-4444-9372-951d00d9b9e6_4d08c57e-a65f-4c62-a3e9-81de2f2b31d3.jpg/250x188.webp https://prod.pictures.autoscout24.net/listing-images/828af585-b9eb-4444-9372-951d00d9b9e6_d89980d7-837e-4aef-b7a3-0280804c5afa.jpg/250x188.webp https://prod.pictures.autoscout24.net/listing-images/828af585-b9eb-4444-9372-951d00d9b9e6_aabe4da7-c04f-4219-8007-89860f24e51c.jpg/250x188.webp https://prod.pictures.autoscout24.net/listing-images/828af585-b9eb-4444-9372-951d00d9b9e6_84bf5760-bf07-42b6-8fea-ba1d843d95c9.jpg/250x188.webp https://prod.pictures.autoscout24.net/listing-images/828af585-b9eb-4444-9372-951d00d9b9e6_4d83ac94-8db0-46f9-be57-edbb41a2e859.jpg/250x188.webp https://prod.pictures.autoscout24.net/listing-images/828af585-b9eb-4444-9372-951d00d9b9e6_dcda7e88-f88b-46cc-b3d8-69737a011596.jpg/250x188.webp https://prod.pictures.autoscout24.net/listing-images/828af585-b9eb-4444-9372-951d00d9b9e6_920e2e80-1571-47d9-9662-d764286d564b.jpg/250x188.webp https://prod.pictures.autoscout24.net/listing-images/828af585-b9eb-4444-9372-951d00d9b9e6_ec6d3980-e393-4471-9d32-9955cec9a945.jpg/250x188.webp https://prod.pictures.autoscout24.net/listing-images/828af585-b9eb-4444-9372-951d00d9b9e6_b2a4dd92-c593-4439-a8f5-7b7cbb041b37.jpg/250x188.webp https://prod.pictures.autoscout24.net/listing-images/828af585-b9eb-4444-9372-951d00d9b9e6_5a88606c-407d-47b0-b75d-e501bda2132d.jpg/250x188.webp https://prod.pictures.autoscout24.net/listing-images/828af585-b9eb-4444-9372-951d00d9b9e6_b2f95c14-5cae-4d25-9190-2ee37fb335c8.jpg/250x188.webp https://prod.pictures.autoscout24.net/listing-images/828af585-b9eb-4444-9372-951d00d9b9e6_e9baf161-1362-4960-85c1-a4175da4aae0.jpg/250x188.webp https://prod.pictures.autoscout24.net/listing-images/828af585-b9eb-4444-9372-951d00d9b9e6_25769519-a27a-42f7-bdfb-a7b7310cbac1.jpg/250x188.webp https://prod.pictures.autoscout24.net/listing-images/828af585-b9eb-4444-9372-951d00d9b9e6_95194e5d-c4ec-4b43-8117-fecfe005be7d.jpg/250x188.webp https://prod.pictures.autoscout24.net/listing-images/828af585-b9eb-4444-9372-951d00d9b9e6_32e4b08b-5086-4c74-a7cb-a7d91a933fed.jpg/250x188.webp https://prod.pictures.autoscout24.net/listing-images/828af585-b9eb-4444-9372-951d00d9b9e6_657cbd86-e217-42ce-a7c5-a6f011cdbf40.jpg/250x188.webp https://prod.pictures.autoscout24.net/listing-images/828af585-b9eb-4444-9372-951d00d9b9e6_b5692f0e-65a2-4f3a-bea8-4725286219f1.jpg/250x188.webp https://prod.pictures.autoscout24.net/listing-images/828af585-b9eb-4444-9372-951d00d9b9e6_f4bd50b8-2087-467f-b0ba-ea6c40fc7e19.jpg/250x188.webp https://prod.pictures.autoscout24.net/listing-images/828af585-b9eb-4444-9372-951d00d9b9e6_bd36cea4-804d-4d8a-bd4c-77806b30ffed.jpg/250x188.webp https://prod.pictures.autoscout24.net/listing-images/828af585-b9eb-4444-9372-951d00d9b9e6_764e54d6-e247-4d48-94eb-82884e047442.jpg/250x188.webp https://prod.pictures.autoscout24.net/listing-images/828af585-b9eb-4444-9372-951d00d9b9e6_c4616dc9-421d-4df3-b728-e87d22ae5ead.jpg/250x188.webp https://prod.pictures.autoscout24.net/listing-images/828af585-b9eb-4444-9372-951d00d9b9e6_11010b4d-4b15-409b-b306-e1376516d969.jpg/250x188.webp,69.17270624549755,3607
dfddd326-c046-4899-84e5-868c18616a6a,Nissan,Qashqai,Full Option 1.6i 2WD Acenta Pack Executive,PrivateSeller,9000,b,65500,02-2009,2560,https://prod.pictures.autoscout24.net/listing-images/dfddd326-c046-4899-84e5-868c18616a6a_abcc065d-f432-4ac5-8582-cfab0a4c279f.jpg/250x188.webp https://prod.pictures.autoscout24.net/listing-images/dfddd326-c046-4899-84e5-868c18616a6a_14b8f0d1-c9df-46c3-a334-b3a9964d0000.jpg/250x188.webp https://prod.pictures.autoscout24.net/listing-images/dfddd326-c046-4899-84e5-868c18616a6a_4737aa01-0ba6-4491-b9c3-a9da8ae57272.jpg/250x188.webp https://prod.pictures.autoscout24.net/listing-images/dfddd326-c046-4899-84e5-868c18616a6a_36b022f8-07da-476c-befd-498f3f8bffff.jpg/250x188.webp https://prod.pictures.autoscout24.net/listing-images/dfddd326-c046-4899-84e5-868c18616a6a_b7fbe2ea-5066-42c5-ab96-6a804f1d8176.jpg/250x188.webp https://prod.pictures.autoscout24.net/listing-images/dfddd326-c046-4899-84e5-868c18616a6a_03a63079-b76e-40b2-bb51-7b724b31d1ff.jpg/250x188.webp https://prod.pictures.autoscout24.net/listing-images/dfddd326-c046-4899-84e5-868c18616a6a_6156078d-84ca-46c7-a203-ab8367563250.jpg/250x188.webp https://prod.pictures.autoscout24.net/listing-images/dfddd326-c046-4899-84e5-868c18616a6a_199b0763-a426-4b16-8070-91b8f06d363c.jpg/250x188.webp https://prod.pictures.autoscout24.net/listing-images/dfddd326-c046-4899-84e5-868c18616a6a_adc7f7c5-26c4-4183-a50a-f31e3205e5dc.jpg/250x188.webp https://prod.pictures.autoscout24.net/listing-images/dfddd326-c046-4899-84e5-868c18616a6a_00eb4ece-a347-4d24-bd9b-68f71889ec81.jpg/250x188.webp https://prod.pictures.autoscout24.net/listing-images/dfddd326-c046-4899-84e5-868c18616a6a_d014435f-a74d-414b-8403-ab9a462952e4.jpg/250x188.webp https://prod.pictures.autoscout24.net/listing-images/dfddd326-c046-4899-84e5-868c18616a6a_109fac1f-e2a6-4164-a86b-9352a956abba.jpg/250x188.webp https://prod.pictures.autoscout24.net/listing-images/dfddd326-c046-4899-84e5-868c18616a6a_70b0e7b0-b290-407f-9ab2-5ad9f855fd94.jpg/250x188.webp https://prod.pictures.autoscout24.net/listing-images/dfddd326-c046-4899-84e5-868c18616a6a_36921d7c-8fd2-4279-9bb2-f636e623e202.jpg/250x188.webp https://prod.pictures.autoscout24.net/listing-images/dfddd326-c046-4899-84e5-868c18616a6a_7567dc16-cfbb-4990-9a1e-5b5f0cddaa57.jpg/250x188.webp https://prod.pictures.autoscout24.net/listing-images/dfddd326-c046-4899-84e5-868c18616a6a_b2ae23d7-a710-4a98-b97d-9c6b5fecd164.jpg/250x188.webp https://prod.pictures.autoscout24.net/listing-images/dfddd326-c046-4899-84e5-868c18616a6a_f5403387-3ff5-4175-9b4f-65d84abd22f5.jpg/250x188.webp https://prod.pictures.autoscout24.net/listing-images/dfddd326-c046-4899-84e5-868c18616a6a_9d8d0da5-7210-4c77-bef3-28a3cf6556bb.jpg/250x188.webp https://prod.pictures.autoscout24.net/listing-images/dfddd326-c046-4899-84e5-868c18616a6a_09578e30-8de0-44aa-99dc-f780f9b554f3.jpg/250x188.webp https://prod.pictures.autoscout24.net/listing-images/dfddd326-c046-4899-84e5-868c18616a6a_a095b003-5061-4ffc-a492-ed3236e2c14f.jpg/250x188.webp https://prod.pictures.autoscout24.net/listing-images/dfddd326-c046-4899-84e5-868c18616a6a_5c99d7d3-3917-490b-85be-3474f0e2b5d9.jpg/250x188.webp https://prod.pictures.autoscout24.net/listing-images/dfddd326-c046-4899-84e5-868c18616a6a_07ab4e0a-e76d-46a8-a23e-97017c8675eb.jpg/250x188.webp https://prod.pictures.autoscout24.net/listing-images/dfddd326-c046-4899-84e5-868c18616a6a_f49db346-c0ce-4833-a916-1c6e2e685c67.jpg/250x188.webp https://prod.pictures.autoscout24.net/listing-images/dfddd326-c046-4899-84e5-868c18616a6a_2e5d1666-8088-4f68-a6a7-f92bf1566a86.jpg/250x188.webp https://prod.pictures.autoscout24.net/listing-images/dfddd326-c046-4899-84e5-868c18616a6a_2f643657-775e-4f48-a0dc-43258c72019a.jpg/250x188.webp,39.033349455690825,5068
fd899e3d-f48b-4c3b-b814-eba2853481a8,Nissan,Navara,2.5 dCi 4x4 Executive IT,PrivateSeller,9000,d,245000,11-2007,5000,https://prod.pictures.autoscout24.net/listing-images/fd899e3d-f48b-4c3b-b814-eba2853481a8_6d56b9c9-bc72-4723-b961-4ef6e770bf79.jpg/250x188.webp https://prod.pictures.autoscout24.net/listing-images/fd899e3d-f48b-4c3b-b814-eba2853481a8_0f7aabf7-8c96-422c-8dde-2fe33cd127e2.jpg/250x188.webp https://prod.pictures.autoscout24.net/listing-images/fd899e3d-f48b-4c3b-b814-eba2853481a8_359acedb-17a7-4d35-85ce-ddfc2b07316b.jpg/250x188.webp https://prod.pictures.autoscout24.net/listing-images/fd899e3d-f48b-4c3b-b814-eba2853481a8_9f8bb4ab-82b2-4c6b-9fa7-9d45b60be577.jpg/250x188.webp https://prod.pictures.autoscout24.net/listing-images/fd899e3d-f48b-4c3b-b814-eba2853481a8_fd2b4b55-b9fa-4334-aaa7-e70dc043ebad.jpg/250x188.webp https://prod.pictures.autoscout24.net/listing-images/fd899e3d-f48b-4c3b-b814-eba2853481a8_07d5fefd-d01c-4f2b-9651-663fa71ee890.jpg/250x188.webp https://prod.pictures.autoscout24.net/listing-images/fd899e3d-f48b-4c3b-b814-eba2853481a8_51364be5-b502-4aa7-9410-73e0563d1dbf.jpg/250x188.webp,115.13665852422378,5526
b8d36f98-d2ca-4787-a88f-9448d4902ab0,Nissan,Qashqai,1.5 dCi 2WD Tekna+ Connect DPF,Dealer,9200,d,115500,01-2011,1780,https://prod.pictures.autoscout24.net/listing-images/b8d36f98-d2ca-4787-a88f-9448d4902ab0_96c69f20-4a4a-4cbd-b6c5-f5bb2ca70447.jpg/250x188.webp https://prod.pictures.autoscout24.net/listing-images/b8d36f98-d2ca-4787-a88f-9448d4902ab0_f2171234-1588-462f-83b7-6cd68f95373f.jpg/250x188.webp https://prod.pictures.autoscout24.net/listing-images/b8d36f98-d2ca-4787-a88f-9448d4902ab0_9e1c9dc2-0af5-493d-a5e2-2e1692c5ba48.jpg/250x188.webp https://prod.pictures.autoscout24.net/listing-images/b8d36f98-d2ca-4787-a88f-9448d4902ab0_f85ee753-edee-41d2-91b1-1d19d5f500b0.jpg/250x188.webp https://prod.pictures.autoscout24.net/listing-images/b8d36f98-d2ca-4787-a88f-9448d4902ab0_18f4a105-8610-4d19-a863-1fe02581b9ba.jpg/250x188.webp https://prod.pictures.autoscout24.net/listing-images/b8d36f98-d2ca-4787-a88f-9448d4902ab0_fb2cfe7d-ef19-4707-9978-77453a2d3e74.jpg/250x188.webp https://prod.pictures.autoscout24.net/listing-images/b8d36f98-d2ca-4787-a88f-9448d4902ab0_2e779f51-68d7-4deb-be67-ff8da2f76d49.jpg/250x188.webp https://prod.pictures.autoscout24.net/listing-images/b8d36f98-d2ca-4787-a88f-9448d4902ab0_a84ad023-d4c2-4a73-9e13-e56a44f41e25.jpg/250x188.webp https://prod.pictures.autoscout24.net/listing-images/b8d36f98-d2ca-4787-a88f-9448d4902ab0_55dded39-ee4d-47d5-820f-4db838c76335.jpg/250x188.webp https://prod.pictures.autoscout24.net/listing-images/b8d36f98-d2ca-4787-a88f-9448d4902ab0_3fb91f46-ddb0-42c2-8435-9a6bc2bd3f52.jpg/250x188.webp https://prod.pictures.autoscout24.net/listing-images/b8d36f98-d2ca-4787-a88f-9448d4902ab0_fdf654ff-3dec-4f9a-bafb-ab4b4a2731f6.jpg/250x188.webp https://prod.pictures.autoscout24.net/listing-images/b8d36f98-d2ca-4787-a88f-9448d4902ab0_857dcc27-8f3f-453c-80ba-998cbf47d7f8.jpg/250x188.webp https://prod.pictures.autoscout24.net/listing-images/b8d36f98-d2ca-4787-a88f-9448d4902ab0_eb8ef1d9-5b14-40d9-a555-81bd6b17c4a4.jpg/250x188.webp,63.273818071645216,4369
49ac70f2-eeec-4e2b-ae79-a6609e428bd1,Nissan,Pulsar,1.2 DIG-T Connect *1e Eigen *Ohboek*Airco* Euro 6b,Dealer,9350,b,119000,02-2016,9250,https://prod.pictures.autoscout24.net/listing-images/49ac70f2-eeec-4e2b-ae79-a6609e428bd1_e184f6cd-cd95-4c7c-b9aa-e7cec8cdffcb.jpg/250x188.webp https://prod.pictures.autoscout24.net/listing-images/49ac70f2-eeec-4e2b-ae79-a6609e428bd1_7bc3ac0e-19f1-4b89-807a-6541a1ee126f.jpg/250x188.webp https://prod.pictures.autoscout24.net/listing-images/49ac70f2-eeec-4e2b-ae79-a6609e428bd1_b3d2e0f9-6443-495b-963a-8d9887de779e.jpg/250x188.webp https://prod.pictures.autoscout24.net/listing-images/49ac70f2-eeec-4e2b-ae79-a6609e428bd1_81eb71a6-4bb0-4e67-8f4d-b9283ee9ba06.jpg/250x188.webp https://prod.pictures.autoscout24.net/listing-images/49ac70f2-eeec-4e2b-ae79-a6609e428bd1_7ba1c75d-09e8-4518-a735-60ac7aa897d5.jpg/250x188.webp https://prod.pictures.autoscout24.net/listing-images/49ac70f2-eeec-4e2b-ae79-a6609e428bd1_a79c4cca-6109-4b4a-b34c-57ff483aa539.jpg/250x188.webp https://prod.pictures.autoscout24.net/listing-images/49ac70f2-eeec-4e2b-ae79-a6609e428bd1_a720966f-88f7-4041-8db2-7877473ba98c.jpg/250x188.webp https://prod.pictures.autoscout24.net/listing-images/49ac70f2-eeec-4e2b-ae79-a6609e428bd1_3046de8f-13b6-456c-a47c-061085190dff.jpg/250x188.webp https://prod.pictures.autoscout24.net/listing-images/49ac70f2-eeec-4e2b-ae79-a6609e428bd1_351b5038-67a5-40f0-98d0-1a486c072d9d.jpg/250x188.webp https://prod.pictures.autoscout24.net/listing-images/49ac70f2-eeec-4e2b-ae79-a6609e428bd1_a954adac-312c-4e51-9646-e43d95fef971.jpg/250x188.webp https://prod.pictures.autoscout24.net/listing-images/49ac70f2-eeec-4e2b-ae79-a6609e428bd1_37912d40-3529-4cfa-b20e-da01ba1acca8.jpg/250x188.webp https://prod.pictures.autoscout24.net/listing-images/49ac70f2-eeec-4e2b-ae79-a6609e428bd1_49021212-e8e5-46a5-aef2-08802512e586.jpg/250x188.webp https://prod.pictures.autoscout24.net/listing-images/49ac70f2-eeec-4e2b-ae79-a6609e428bd1_36d8c8d0-9e04-4573-9011-cc65f490637b.jpg/250x188.webp https://prod.pictures.autoscout24.net/listing-images/49ac70f2-eeec-4e2b-ae79-a6609e428bd1_28c6e99e-4a30-4e27-bb8e-27c8db39c0c8.jpg/250x188.webp https://prod.pictures.autoscout24.net/listing-images/49ac70f2-eeec-4e2b-ae79-a6609e428bd1_362fe731-3a94-4743-8788-84d6b67d7028.jpg/250x188.webp https://prod.pictures.autoscout24.net/listing-images/49ac70f2-eeec-4e2b-ae79-a6609e428bd1_6ff3bb89-c09e-40a3-b5f5-507eec832188.jpg/250x188.webp https://prod.pictures.autoscout24.net/listing-images/49ac70f2-eeec-4e2b-ae79-a6609e428bd1_aaa720a5-6173-4399-8337-86544a7e317d.jpg/250x188.webp https://prod.pictures.autoscout24.net/listing-images/49ac70f2-eeec-4e2b-ae79-a6609e428bd1_e86f77d2-d143-4067-bc2c-81908150612e.jpg/250x188.webp https://prod.pictures.autoscout24.net/listing-images/49ac70f2-eeec-4e2b-ae79-a6609e428bd1_305326c5-be6a-4710-86bb-d054ddc776e4.jpg/250x188.webp,48.29700857036449,2512
4a9376e3-be51-424b-8bae-ee7325c3cc9c,Nissan,Micra,1.2i Visia Pack,Dealer,9350,b,37500,03-2014,9820,https://prod.pictures.autoscout24.net/listing-images/4a9376e3-be51-424b-8bae-ee7325c3cc9c_e73470d1-14a8-4b43-95de-d4aa2ddb640e.jpg/250x188.webp https://prod.pictures.autoscout24.net/listing-images/4a9376e3-be51-424b-8bae-ee7325c3cc9c_2837debd-0caf-432c-9f58-9645dee0d112.jpg/250x188.webp https://prod.pictures.autoscout24.net/listing-images/4a9376e3-be51-424b-8bae-ee7325c3cc9c_c1f3664b-2d0a-4fa8-901e-4d5b918a8100.jpg/250x188.webp https://prod.pictures.autoscout24.net/listing-images/4a9376e3-be51-424b-8bae-ee7325c3cc9c_21b761a8-8ed8-4209-8641-4262e49644c9.jpg/250x188.webp https://prod.pictures.autoscout24.net/listing-images/4a9376e3-be51-424b-8bae-ee7325c3cc9c_1020d9a3-6ed1-45a7-a76a-a2624d69e051.jpg/250x188.webp https://prod.pictures.autoscout24.net/listing-images/4a9376e3-be51-424b-8bae-ee7325c3cc9c_78e2d747-bf66-40f8-aa79-da999e641bb6.jpg/250x188.webp https://prod.pictures.autoscout24.net/listing-images/4a9376e3-be51-424b-8bae-ee7325c3cc9c_4ec5881d-08d2-427d-81e9-8e754e23c623.jpg/250x188.webp https://prod.pictures.autoscout24.net/listing-images/4a9376e3-be51-424b-8bae-ee7325c3cc9c_a386ca12-a41b-40ad-ac6c-f2f9e7772d51.jpg/250x188.webp https://prod.pictures.autoscout24.net/listing-images/4a9376e3-be51-424b-8bae-ee7325c3cc9c_2a6c64c5-929f-4703-ae90-32044c5ee2d9.jpg/250x188.webp https://prod.pictures.autoscout24.net/listing-images/4a9376e3-be51-424b-8bae-ee7325c3cc9c_8314124e-d84a-4af2-a77d-cb94918d33f7.jpg/250x188.webp https://prod.pictures.autoscout24.net/listing-images/4a9376e3-be51-424b-8bae-ee7325c3cc9c_7d97b14a-ebda-4488-a721-7c7e2eb580a3.jpg/250x188.webp https://prod.pictures.autoscout24.net/listing-images/4a9376e3-be51-424b-8bae-ee7325c3cc9c_bec0fcbb-ab75-46ab-a9d2-96aa8ed6d9d3.jpg/250x188.webp,75.31613723822473,3214
2afec532-cff9-48a3-9413-278c1a6cf3fc,Nissan,Qashqai,1.5 dCi DPF visia ECO,PrivateSeller,9350,d,137528,08-2012,2000,https://prod.pictures.autoscout24.net/listing-images/2afec532-cff9-48a3-9413-278c1a6cf3fc_ecaa6aab-c4bd-4130-9880-73d904478898.jpg/250x188.webp https://prod.pictures.autoscout24.net/listing-images/2afec532-cff9-48a3-9413-278c1a6cf3fc_bd9d945a-efaf-4528-88af-5c1efcc101fa.jpg/250x188.webp https://prod.pictures.autoscout24.net/listing-images/2afec532-cff9-48a3-9413-278c1a6cf3fc_9a1190ba-ea0f-451c-98f3-53bddd41b932.jpg/250x188.webp https://prod.pictures.autoscout24.net/listing-images/2afec532-cff9-48a3-9413-278c1a6cf3fc_ee1fe550-27f2-4f84-aa4a-01909d579c82.jpg/250x188.webp,27.94913546724415,3791
edc3488d-f0ec-457b-90c7-e37df4a674c4,Nissan,Pulsar,1.2 DIG-T N-Connecta**Euro6b**AIRCO**,Dealer,9400,b,120000,03-2016,1490,https://prod.pictures.autoscout24.net/listing-images/edc3488d-f0ec-457b-90c7-e37df4a674c4_607ea759-f166-4695-9e98-d494fad595c5.jpg/250x188.webp https://prod.pictures.autoscout24.net/listing-images/edc3488d-f0ec-457b-90c7-e37df4a674c4_8fb4ae9a-7897-41e5-99cc-1d47902fb18d.jpg/250x188.webp https://prod.pictures.autoscout24.net/listing-images/edc3488d-f0ec-457b-90c7-e37df4a674c4_be8a9597-3fdb-44c2-959c-80577c61424c.jpg/250x188.webp https://prod.pictures.autoscout24.net/listing-images/edc3488d-f0ec-457b-90c7-e37df4a674c4_f100620f-cbc2-40fe-83ee-f0e0de33e2a5.jpg/250x188.webp https://prod.pictures.autoscout24.net/listing-images/edc3488d-f0ec-457b-90c7-e37df4a674c4_04d5d84d-ee21-4a7d-9f61-549a70b96e14.jpg/250x188.webp https://prod.pictures.autoscout24.net/listing-images/edc3488d-f0ec-457b-90c7-e37df4a674c4_817a9a1b-ebcc-48e9-a3f3-79eeae3ed69a.jpg/250x188.webp https://prod.pictures.autoscout24.net/listing-images/edc3488d-f0ec-457b-90c7-e37df4a674c4_7271dc00-931b-44d1-8d48-0591ad3dc76f.jpg/250x188.webp https://prod.pictures.autoscout24.net/listing-images/edc3488d-f0ec-457b-90c7-e37df4a674c4_eb1deb14-bd86-48e9-933c-d5776ffb3b31.jpg/250x188.webp https://prod.pictures.autoscout24.net/listing-images/edc3488d-f0ec-457b-90c7-e37df4a674c4_d3a07f47-ac39-466b-b076-ab5664ccbe82.jpg/250x188.webp https://prod.pictures.autoscout24.net/listing-images/edc3488d-f0ec-457b-90c7-e37df4a674c4_d90c3b72-9cd3-4888-9cc5-ede56981d2a3.jpg/250x188.webp https://prod.pictures.autoscout24.net/listing-images/edc3488d-f0ec-457b-90c7-e37df4a674c4_c31bbd44-d877-4c29-bead-8c58083cf868.jpg/250x188.webp https://prod.pictures.autoscout24.net/listing-images/edc3488d-f0ec-457b-90c7-e37df4a674c4_25cc9992-7bad-4581-9e61-cdec98712210.jpg/250x188.webp https://prod.pictures.autoscout24.net/listing-images/edc3488d-f0ec-457b-90c7-e37df4a674c4_2fc5846c-393a-4f2f-a92e-f45a6571e5d7.jpg/250x188.webp,93.00820810919008,2483
69300fbe-0c80-4e29-a721-f5873e118a80,Nissan,X-Trail,1.6 dCi 2WD Tekna,Dealer,9400,d,150000,03-2015,1800,https://prod.pictures.autoscout24.net/listing-images/69300fbe-0c80-4e29-a721-f5873e118a80_bbd7a651-0ec7-4b78-8af9-6edfe761f94d.jpg/250x188.webp https://prod.pictures.autoscout24.net/listing-images/69300fbe-0c80-4e29-a721-f5873e118a80_4b5f9fa7-2534-44c4-b4ca-c78de71c2d03.jpg/250x188.webp https://prod.pictures.autoscout24.net/listing-images/69300fbe-0c80-4e29-a721-f5873e118a80_f370c70c-5062-49da-a568-b9d30d943652.jpg/250x188.webp https://prod.pictures.autoscout24.net/listing-images/69300fbe-0c80-4e29-a721-f5873e118a80_3e94d320-57b5-4e14-b665-3b83a4c0718e.jpg/250x188.webp https://prod.pictures.autoscout24.net/listing-images/69300fbe-0c80-4e29-a721-f5873e118a80_ce5a62ca-44dd-40a8-a264-95b7a2984c0b.jpg/250x188.webp https://prod.pictures.autoscout24.net/listing-images/69300fbe-0c80-4e29-a721-f5873e118a80_5e3e86ce-5568-4450-9653-1bb5e0eae01a.jpg/250x188.webp https://prod.pictures.autoscout24.net/listing-images/69300fbe-0c80-4e29-a721-f5873e118a80_1cccef98-eb2c-4eb0-b3d1-0c782581898c.jpg/250x188.webp https://prod.pictures.autoscout24.net/listing-images/69300fbe-0c80-4e29-a721-f5873e118a80_987a9f12-75cf-4d57-8995-f7b62df9b5fb.jpg/250x188.webp https://prod.pictures.autoscout24.net/listing-images/69300fbe-0c80-4e29-a721-f5873e118a80_c9ce7088-bf49-4028-8df6-b70ce45aa7f7.jpg/250x188.webp https://prod.pictures.autoscout24.net/listing-images/69300fbe-0c80-4e29-a721-f5873e118a80_f7548151-fe1f-4799-b6c7-4032c7a0636d.jpg/250x188.webp https://prod.pictures.autoscout24.net/listing-images/69300fbe-0c80-4e29-a721-f5873e118a80_456e66c0-ad9b-4042-ae15-20e8f1f5892f.jpg/250x188.webp https://prod.pictures.autoscout24.net/listing-images/69300fbe-0c80-4e29-a721-f5873e118a80_9f2591bf-d7a2-43a1-9b84-9c0a1211bf52.jpg/250x188.webp,60.05560122441548,2849
934a8063-9aa5-4f68-a41b-0b3ea11e2a10,Nissan,Qashqai+2,**1.5 dCi. **diesel**. 2012.,PrivateSeller,9450,d,178000,12-2012,6200,https://prod.pictures.autoscout24.net/listing-images/934a8063-9aa5-4f68-a41b-0b3ea11e2a10_24b9f60a-3c0e-4368-938d-ae63699f3ff1.jpg/250x188.webp https://prod.pictures.autoscout24.net/listing-images/934a8063-9aa5-4f68-a41b-0b3ea11e2a10_d5038c01-f7bc-4ad2-a5e0-e3b7b9efc75d.jpg/250x188.webp https://prod.pictures.autoscout24.net/listing-images/934a8063-9aa5-4f68-a41b-0b3ea11e2a10_e7dcbd3a-7265-4915-901e-fd98a18454ee.jpg/250x188.webp https://prod.pictures.autoscout24.net/listing-images/934a8063-9aa5-4f68-a41b-0b3ea11e2a10_24c6a0d0-9363-4e3c-a8a0-42c4be0f6a2b.jpg/250x188.webp https://prod.pictures.autoscout24.net/listing-images/934a8063-9aa5-4f68-a41b-0b3ea11e2a10_bb4debd1-6f58-4282-bded-b07e01004a86.jpg/250x188.webp https://prod.pictures.autoscout24.net/listing-images/934a8063-9aa5-4f68-a41b-0b3ea11e2a10_a3cc1746-a672-4057-ba28-d141c6677b2b.jpg/250x188.webp https://prod.pictures.autoscout24.net/listing-images/934a8063-9aa5-4f68-a41b-0b3ea11e2a10_56781b0f-fe77-493d-8e3f-c209d411a2df.jpg/250x188.webp https://prod.pictures.autoscout24.net/listing-images/934a8063-9aa5-4f68-a41b-0b3ea11e2a10_960ec4cb-bcec-49ab-a45a-1c961c09af5d.jpg/250x188.webp https://prod.pictures.autoscout24.net/listing-images/934a8063-9aa5-4f68-a41b-0b3ea11e2a10_795aa242-b847-4dd1-9fd9-2da3aa5dc8ea.jpg/250x188.webp,119.77990387531518,3669
41d0211f-f7e6-4735-a36f-00d5b50944d9,Nissan,Qashqai,1.5DCI 110CV TECKNA CLIMATRONIC REGULATEUR,Dealer,9450,d,110452,06-2012,5140,https://prod.pictures.autoscout24.net/listing-images/41d0211f-f7e6-4735-a36f-00d5b50944d9_c8c7e24b-2bd8-45f6-a356-79e703d5a624.jpg/250x188.webp https://prod.pictures.autoscout24.net/listing-images/41d0211f-f7e6-4735-a36f-00d5b50944d9_a839fa33-9e01-4761-9e62-245936b01095.jpg/250x188.webp https://prod.pictures.autoscout24.net/listing-images/41d0211f-f7e6-4735-a36f-00d5b50944d9_6818f5a1-e9d9-4d59-85e1-42c2bcd47921.jpg/250x188.webp https://prod.pictures.autoscout24.net/listing-images/41d0211f-f7e6-4735-a36f-00d5b50944d9_2a87f5b2-b5bb-4e09-82fd-dc539c2a0a68.jpg/250x188.webp https://prod.pictures.autoscout24.net/listing-images/41d0211f-f7e6-4735-a36f-00d5b50944d9_523d293a-8e72-4553-bb81-c5a1ebc9a491.jpg/250x188.webp https://prod.pictures.autoscout24.net/listing-images/41d0211f-f7e6-4735-a36f-00d5b50944d9_fdb9035c-7348-4292-a445-d12d3f5eaf70.jpg/250x188.webp https://prod.pictures.autoscout24.net/listing-images/41d0211f-f7e6-4735-a36f-00d5b50944d9_9822eace-2814-49e4-8858-4e2708528398.jpg/250x188.webp https://prod.pictures.autoscout24.net/listing-images/41d0211f-f7e6-4735-a36f-00d5b50944d9_99048748-e4c3-40b9-8c3c-2062cbde49cf.jpg/250x188.webp https://prod.pictures.autoscout24.net/listing-images/41d0211f-f7e6-4735-a36f-00d5b50944d9_f24328a8-3e3f-4452-8350-334b5ffcfcd2.jpg/250x188.webp https://prod.pictures.autoscout24.net/listing-images/41d0211f-f7e6-4735-a36f-00d5b50944d9_b06fc094-6ca6-44a3-823c-c7d9c7968688.jpg/250x188.webp https://prod.pictures.autoscout24.net/listing-images/41d0211f-f7e6-4735-a36f-00d5b50944d9_fbd05eb3-afdf-4a26-b81e-6798c56c95ff.jpg/250x188.webp https://prod.pictures.autoscout24.net/listing-images/41d0211f-f7e6-4735-a36f-00d5b50944d9_d5192f01-0b6d-4654-9dda-ad67c5561e87.jpg/250x188.webp https://prod.pictures.autoscout24.net/listing-images/41d0211f-f7e6-4735-a36f-00d5b50944d9_5e374c10-5202-4d82-9c8e-dcebe53c32a9.jpg/250x188.webp https://prod.pictures.autoscout24.net/listing-images/41d0211f-f7e6-4735-a36f-00d5b50944d9_ce057b75-5363-4f71-8761-498ce7684f8d.jpg/250x188.webp https://prod.pictures.autoscout24.net/listing-images/41d0211f-f7e6-4735-a36f-00d5b50944d9_ad5c19b7-b4c1-472c-bc91-048cb31d5fa4.jpg/250x188.webp,104.85389989976589,3852
84ace561-8139-4395-ae2d-52e6e1d2090e,Nissan,Micra,1.0i ** GARANTIE 12 MOIS **,Dealer,9450,b,70000,08-2017,4100,https://prod.pictures.autoscout24.net/listing-images/84ace561-8139-4395-ae2d-52e6e1d2090e_1d430c73-0f59-4d74-af45-8cc23fac8363.jpg/250x188.webp,122.70999344916741,1965
de1e4684-8202-4d38-ab78-5073f801f0b0,Nissan,Note,"1.5 dCi 66kw ""EURO6"" CAMERA-GPS-CLIM-JA-OB-GAR 1AN",Dealer,9450,d,95680,06-2016,6020,https://prod.pictures.autoscout24.net/listing-images/de1e4684-8202-4d38-ab78-5073f801f0b0_a7956a4b-f74d-4016-80f2-d5c181625adc.jpg/250x188.webp https://prod.pictures.autoscout24.net/listing-images/de1e4684-8202-4d38-ab78-5073f801f0b0_7e36eda0-8d33-4a61-b209-4c027c0b4888.jpg/250x188.webp https://prod.pictures.autoscout24.net/listing-images/de1e4684-8202-4d38-ab78-5073f801f0b0_2423b0c4-d75d-457c-aafa-962113c3d6c1.jpg/250x188.webp https://prod.pictures.autoscout24.net/listing-images/de1e4684-8202-4d38-ab78-5073f801f0b0_0d5ea62a-bfda-4fad-bd51-b78bb9dd1d7f.jpg/250x188.webp https://prod.pictures.autoscout24.net/listing-images/de1e4684-8202-4d38-ab78-5073f801f0b0_f4e6be70-05f1-4db2-a6d8-8a06d4a5f565.jpg/250x188.webp https://prod.pictures.autoscout24.net/listing-images/de1e4684-8202-4d38-ab78-5073f801f0b0_96b9cf39-9e4a-4fe0-a42f-1c8fe4d5b398.jpg/250x188.webp https://prod.pictures.autoscout24.net/listing-images/de1e4684-8202-4d38-ab78-5073f801f0b0_5c3460f9-c794-4ac5-b6ed-e3ec9e6b702f.jpg/250x188.webp https://prod.pictures.autoscout24.net/listing-images/de1e4684-8202-4d38-ab78-5073f801f0b0_5c006f7d-4ee8-48c6-b7af-b7513416f782.jpg/250x188.webp https://prod.pictures.autoscout24.net/listing-images/de1e4684-8202-4d38-ab78-5073f801f0b0_37dfed5e-1750-4593-a120-57d33a6699fd.jpg/250x188.webp https://prod.pictures.autoscout24.net/listing-images/de1e4684-8202-4d38-ab78-5073f801f0b0_926f372a-6bd0-4c74-9b8e-13fde0ae6b3c.jpg/250x188.webp https://prod.pictures.autoscout24.net/listing-images/de1e4684-8202-4d38-ab78-5073f801f0b0_6927fa6a-c88e-4225-a25b-f1d12399223e.jpg/250x188.webp https://prod.pictures.autoscout24.net/listing-images/de1e4684-8202-4d38-ab78-5073f801f0b0_ca099f16-b261-4a6a-8ec7-b4626b554e8b.jpg/250x188.webp https://prod.pictures.autoscout24.net/listing-images/de1e4684-8202-4d38-ab78-5073f801f0b0_7f697597-1f4d-43c3-bf77-d57dfb364247.jpg/250x188.webp https://prod.pictures.autoscout24.net/listing-images/de1e4684-8202-4d38-ab78-5073f801f0b0_4619c530-4d7e-4e95-a9d3-9ddac4bed31d.jpg/250x188.webp https://prod.pictures.autoscout24.net/listing-images/de1e4684-8202-4d38-ab78-5073f801f0b0_571234f6-e57b-4aa2-8ed5-6c75a7a8e85b.jpg/250x188.webp https://prod.pictures.autoscout24.net/listing-images/de1e4684-8202-4d38-ab78-5073f801f0b0_c1af56c1-e8c9-4c8d-93cc-2108d985543c.jpg/250x188.webp https://prod.pictures.autoscout24.net/listing-images/de1e4684-8202-4d38-ab78-5073f801f0b0_d58d40e3-d78f-4095-97aa-fe5d3fb00210.jpg/250x188.webp https://prod.pictures.autoscout24.net/listing-images/de1e4684-8202-4d38-ab78-5073f801f0b0_b9cb4d07-e70b-42f0-9b9a-e222b44a6e45.jpg/250x188.webp,116.87427855072593,2391
80e30987-9ff2-434f-ac4c-6ab00373fcb2,Nissan,Micra,1.2i / Gps / Clim Auto / Cruise / PDC / Bluetooth,Dealer,9490,b,28000,04-2016,6238,https://prod.pictures.autoscout24.net/listing-images/80e30987-9ff2-434f-ac4c-6ab00373fcb2_c0b9ca48-5369-4eb0-be7b-0ca416d854e1.jpg/250x188.webp https://prod.pictures.autoscout24.net/listing-images/80e30987-9ff2-434f-ac4c-6ab00373fcb2_e0ce318a-f8d9-42d7-bdf3-31c93ba44f3e.jpg/250x188.webp https://prod.pictures.autoscout24.net/listing-images/80e30987-9ff2-434f-ac4c-6ab00373fcb2_d8281646-826d-4879-9363-c67656daa6f7.jpg/250x188.webp https://prod.pictures.autoscout24.net/listing-images/80e30987-9ff2-434f-ac4c-6ab00373fcb2_03908632-ac97-49be-b9b3-86f414a78d42.jpg/250x188.webp https://prod.pictures.autoscout24.net/listing-images/80e30987-9ff2-434f-ac4c-6ab00373fcb2_20ddaaf4-29ed-42e6-a042-8ec670738bca.jpg/250x188.webp https://prod.pictures.autoscout24.net/listing-images/80e30987-9ff2-434f-ac4c-6ab00373fcb2_8c9843a8-9891-4d5a-bf62-45d56c3f1379.jpg/250x188.webp https://prod.pictures.autoscout24.net/listing-images/80e30987-9ff2-434f-ac4c-6ab00373fcb2_5c6b9566-781b-4fbc-aa32-1475db5e7a8c.jpg/250x188.webp https://prod.pictures.autoscout24.net/listing-images/80e30987-9ff2-434f-ac4c-6ab00373fcb2_2f8636c3-c1cf-4ca0-b897-8fb2f79a1914.jpg/250x188.webp https://prod.pictures.autoscout24.net/listing-images/80e30987-9ff2-434f-ac4c-6ab00373fcb2_918a62e1-d5c9-4760-b365-76c304c8bfab.jpg/250x188.webp https://prod.pictures.autoscout24.net/listing-images/80e30987-9ff2-434f-ac4c-6ab00373fcb2_bafed3f0-9523-4f47-94d4-5965f1baf65a.jpg/250x188.webp https://prod.pictures.autoscout24.net/listing-images/80e30987-9ff2-434f-ac4c-6ab00373fcb2_d39c6e96-de5c-4e34-a4b4-21ec42346832.jpg/250x188.webp https://prod.pictures.autoscout24.net/listing-images/80e30987-9ff2-434f-ac4c-6ab00373fcb2_21deb724-bfbb-4797-97f9-b1cf30039837.jpg/250x188.webp https://prod.pictures.autoscout24.net/listing-images/80e30987-9ff2-434f-ac4c-6ab00373fcb2_ee221e0b-5909-431d-9c8a-4bbdaa977198.jpg/250x188.webp https://prod.pictures.autoscout24.net/listing-images/80e30987-9ff2-434f-ac4c-6ab00373fcb2_550bcadd-1329-4463-a47e-b024540162f7.jpg/250x188.webp https://prod.pictures.autoscout24.net/listing-images/80e30987-9ff2-434f-ac4c-6ab00373fcb2_2e11a93f-4760-4683-b457-f23b5501763a.jpg/250x188.webp https://prod.pictures.autoscout24.net/listing-images/80e30987-9ff2-434f-ac4c-6ab00373fcb2_4849bdd8-d266-44dd-a0f8-a9560125b20f.jpg/250x188.webp https://prod.pictures.autoscout24.net/listing-images/80e30987-9ff2-434f-ac4c-6ab00373fcb2_569dba46-3692-4978-86ed-7784d2b5bc19.jpg/250x188.webp https://prod.pictures.autoscout24.net/listing-images/80e30987-9ff2-434f-ac4c-6ab00373fcb2_57039206-8273-4e76-800d-3e167430b8bf.jpg/250x188.webp https://prod.pictures.autoscout24.net/listing-images/80e30987-9ff2-434f-ac4c-6ab00373fcb2_56ecdf98-4573-4b10-a71f-cedc650ba967.jpg/250x188.webp https://prod.pictures.autoscout24.net/listing-images/80e30987-9ff2-434f-ac4c-6ab00373fcb2_1a48068b-effd-4448-9136-822be87255c4.jpg/250x188.webp https://prod.pictures.autoscout24.net/listing-images/80e30987-9ff2-434f-ac4c-6ab00373fcb2_bdb84460-24ee-4587-a0ea-3e245c95d11d.jpg/250x188.webp https://prod.pictures.autoscout24.net/listing-images/80e30987-9ff2-434f-ac4c-6ab00373fcb2_eceb2d70-6e21-40da-926c-e98e30de52ef.jpg/250x188.webp,106.12944231251511,2452
b7e2b6dc-bd32-4295-92c9-7fe1bf5f05e4,Nissan,Qashqai,1.6 dCi 4WD Tekna #Vendu,Dealer,9490,d,104000,10-2012,6536,https://prod.pictures.autoscout24.net/listing-images/b7e2b6dc-bd32-4295-92c9-7fe1bf5f05e4_92f2ebaa-498f-486c-9b9f-00ad7b1b2354.jpg/250x188.webp https://prod.pictures.autoscout24.net/listing-images/b7e2b6dc-bd32-4295-92c9-7fe1bf5f05e4_42aa39cd-cf62-476e-9d65-b322d41aaf26.jpg/250x188.webp https://prod.pictures.autoscout24.net/listing-images/b7e2b6dc-bd32-4295-92c9-7fe1bf5f05e4_72fd9108-5efe-460c-ba4c-0fcb1f6f2c1b.jpg/250x188.webp https://prod.pictures.autoscout24.net/listing-images/b7e2b6dc-bd32-4295-92c9-7fe1bf5f05e4_1b548967-a09a-4ffe-8d55-05887e8a7e11.jpg/250x188.webp https://prod.pictures.autoscout24.net/listing-images/b7e2b6dc-bd32-4295-92c9-7fe1bf5f05e4_e1eaba1e-7b8e-4e93-912d-1bd00596e1f6.jpg/250x188.webp https://prod.pictures.autoscout24.net/listing-images/b7e2b6dc-bd32-4295-92c9-7fe1bf5f05e4_b0c3c8b8-ceb5-41e6-bba7-43856366c7c9.jpg/250x188.webp https://prod.pictures.autoscout24.net/listing-images/b7e2b6dc-bd32-4295-92c9-7fe1bf5f05e4_df135c1d-525a-4e2b-b3b4-6efda6253716.jpg/250x188.webp https://prod.pictures.autoscout24.net/listing-images/b7e2b6dc-bd32-4295-92c9-7fe1bf5f05e4_fb600294-096c-4093-a627-068aefadfab8.jpg/250x188.webp https://prod.pictures.autoscout24.net/listing-images/b7e2b6dc-bd32-4295-92c9-7fe1bf5f05e4_5595790e-5cba-45f3-8382-417d5bfa156b.jpg/250x188.webp https://prod.pictures.autoscout24.net/listing-images/b7e2b6dc-bd32-4295-92c9-7fe1bf5f05e4_8e804461-ef4e-455d-8ef5-e171916b883c.jpg/250x188.webp,130.38320847680575,3730
9abbbc3e-8c03-48a6-8b66-fd37c40b5921,Nissan,Note,1200 DIG-S 98 Black Edition + Sport Pack,Dealer,9499,b,96102,10-2016,9600,https://prod.pictures.autoscout24.net/listing-images/9abbbc3e-8c03-48a6-8b66-fd37c40b5921_15ac3fed-e8d1-4350-bbba-40d80cabe2ed.jpg/250x188.webp https://prod.pictures.autoscout24.net/listing-images/9abbbc3e-8c03-48a6-8b66-fd37c40b5921_bf686d1b-5316-413f-8541-6f2bff9c608b.jpg/250x188.webp https://prod.pictures.autoscout24.net/listing-images/9abbbc3e-8c03-48a6-8b66-fd37c40b5921_cf3f00a4-fe67-4cac-a2f0-ee5a25530ab4.jpg/250x188.webp https://prod.pictures.autoscout24.net/listing-images/9abbbc3e-8c03-48a6-8b66-fd37c40b5921_fd0d2390-ceef-4804-b8bb-7b855b35ce2a.jpg/250x188.webp https://prod.pictures.autoscout24.net/listing-images/9abbbc3e-8c03-48a6-8b66-fd37c40b5921_b6820cd6-7c5d-4ec9-81c8-cbd8a9c60d41.jpg/250x188.webp https://prod.pictures.autoscout24.net/listing-images/9abbbc3e-8c03-48a6-8b66-fd37c40b5921_71b10aba-fd4f-46ae-af20-8fde7fceb267.jpg/250x188.webp https://prod.pictures.autoscout24.net/listing-images/9abbbc3e-8c03-48a6-8b66-fd37c40b5921_ed516bae-74f9-4cf2-a7c9-ce26dc91d074.jpg/250x188.webp https://prod.pictures.autoscout24.net/listing-images/9abbbc3e-8c03-48a6-8b66-fd37c40b5921_0d85f2c4-b595-469c-8297-8f9e0b3db6fc.jpg/250x188.webp https://prod.pictures.autoscout24.net/listing-images/9abbbc3e-8c03-48a6-8b66-fd37c40b5921_73dc5e6c-11ea-41ac-8070-06ca7f8a8515.jpg/250x188.webp https://prod.pictures.autoscout24.net/listing-images/9abbbc3e-8c03-48a6-8b66-fd37c40b5921_63a57799-bec9-4600-9b0c-61d2ca0ca6bb.jpg/250x188.webp https://prod.pictures.autoscout24.net/listing-images/9abbbc3e-8c03-48a6-8b66-fd37c40b5921_a02700ad-b48c-4d42-a469-89a27da30762.jpg/250x188.webp https://prod.pictures.autoscout24.net/listing-images/9abbbc3e-8c03-48a6-8b66-fd37c40b5921_b1c72fbf-64b3-4d13-ad5c-e870847a58a3.jpg/250x188.webp https://prod.pictures.autoscout24.net/listing-images/9abbbc3e-8c03-48a6-8b66-fd37c40b5921_e2334f31-9227-4b34-946a-46e1e95ce860.jpg/250x188.webp https://prod.pictures.autoscout24.net/listing-images/9abbbc3e-8c03-48a6-8b66-fd37c40b5921_ad650499-80c8-4549-8555-ba4117cf5204.jpg/250x188.webp https://prod.pictures.autoscout24.net/listing-images/9abbbc3e-8c03-48a6-8b66-fd37c40b5921_9bf9f868-cbcc-454f-94fa-54e1e8cb1800.jpg/250x188.webp https://prod.pictures.autoscout24.net/listing-images/9abbbc3e-8c03-48a6-8b66-fd37c40b5921_23a20104-8579-4d8f-9e95-487e137dcd3b.jpg/250x188.webp https://prod.pictures.autoscout24.net/listing-images/9abbbc3e-8c03-48a6-8b66-fd37c40b5921_0581169b-beff-4773-9132-e75520f90110.jpg/250x188.webp https://prod.pictures.autoscout24.net/listing-images/9abbbc3e-8c03-48a6-8b66-fd37c40b5921_61ff13ad-c748-4990-9ed2-dcf534c01ec0.jpg/250x188.webp https://prod.pictures.autoscout24.net/listing-images/9abbbc3e-8c03-48a6-8b66-fd37c40b5921_5526c2c3-b539-4ddc-a738-4ed988bed218.jpg/250x188.webp https://prod.pictures.autoscout24.net/listing-images/9abbbc3e-8c03-48a6-8b66-fd37c40b5921_0fad6ee9-e76c-44cc-a867-f2bd728ebfd8.jpg/250x188.webp,100.62421555744224,2269
dadf3e05-cc66-4f70-9401-5b4264b0fc0c,Nissan,Rogue,ONLY FOR EXPORT OUT OF EUROPE,Dealer,9500,b,75000,12-2011,1070,https://prod.pictures.autoscout24.net/listing-images/dadf3e05-cc66-4f70-9401-5b4264b0fc0c_25594a98-efcd-40f0-b901-c5a00428a67e.jpg/250x188.webp https://prod.pictures.autoscout24.net/listing-images/dadf3e05-cc66-4f70-9401-5b4264b0fc0c_7f12c28a-825e-4f26-8ad4-5b86316caf17.jpg/250x188.webp https://prod.pictures.autoscout24.net/listing-images/dadf3e05-cc66-4f70-9401-5b4264b0fc0c_68b83488-8026-4818-8592-79ee179a5bb2.jpg/250x188.webp https://prod.pictures.autoscout24.net/listing-images/dadf3e05-cc66-4f70-9401-5b4264b0fc0c_5e6767e1-4114-47bb-b96b-ee3c4899a7c4.jpg/250x188.webp https://prod.pictures.autoscout24.net/listing-images/dadf3e05-cc66-4f70-9401-5b4264b0fc0c_0e7d3200-89f7-47b7-9901-967ebdc5f930.jpg/250x188.webp https://prod.pictures.autoscout24.net/listing-images/dadf3e05-cc66-4f70-9401-5b4264b0fc0c_10c5a0f4-c5c9-481e-9924-62c6fafd7396.jpg/250x188.webp https://prod.pictures.autoscout24.net/listing-images/dadf3e05-cc66-4f70-9401-5b4264b0fc0c_89296c2d-7e82-4022-9181-925fcd15ea41.jpg/250x188.webp https://prod.pictures.autoscout24.net/listing-images/dadf3e05-cc66-4f70-9401-5b4264b0fc0c_863b713d-11a8-4e58-b628-64d4620e3e25.jpg/250x188.webp https://prod.pictures.autoscout24.net/listing-images/dadf3e05-cc66-4f70-9401-5b4264b0fc0c_e629b448-5678-48d1-946f-44be7fddffd8.jpg/250x188.webp https://prod.pictures.autoscout24.net/listing-images/dadf3e05-cc66-4f70-9401-5b4264b0fc0c_1fd67a2a-5be3-4634-a8fd-b9e214e1ce29.jpg/250x188.webp https://prod.pictures.autoscout24.net/listing-images/dadf3e05-cc66-4f70-9401-5b4264b0fc0c_e010ce39-0aa2-4bff-aec2-f8877b326f15.jpg/250x188.webp https://prod.pictures.autoscout24.net/listing-images/dadf3e05-cc66-4f70-9401-5b4264b0fc0c_4d09c144-a22f-4606-a20f-6252af34a6aa.jpg/250x188.webp https://prod.pictures.autoscout24.net/listing-images/dadf3e05-cc66-4f70-9401-5b4264b0fc0c_76ff5eb3-32ba-4c98-ab4a-47ec4220ae6d.jpg/250x188.webp https://prod.pictures.autoscout24.net/listing-images/dadf3e05-cc66-4f70-9401-5b4264b0fc0c_24250a9c-3059-42bb-a071-72982c70aa1d.jpg/250x188.webp https://prod.pictures.autoscout24.net/listing-images/dadf3e05-cc66-4f70-9401-5b4264b0fc0c_f308f10c-7728-4be1-8cf2-386b1fc319e2.jpg/250x188.webp https://prod.pictures.autoscout24.net/listing-images/dadf3e05-cc66-4f70-9401-5b4264b0fc0c_fe80cf8e-b19f-41f5-a2d0-15a251b8e31d.jpg/250x188.webp,71.06367211068877,4035
afd3000b-e227-42c1-837d-ef580cad842b,Nissan,Navara,_2.5 DCI (190CH)_10/2012🔺EURO 5_A/C🔺,Dealer,9500,d,389358,10-2012,5140,https://prod.pictures.autoscout24.net/listing-images/afd3000b-e227-42c1-837d-ef580cad842b_8daa110d-cbeb-4a64-976a-ff13149cba20.jpg/250x188.webp https://prod.pictures.autoscout24.net/listing-images/afd3000b-e227-42c1-837d-ef580cad842b_ad8276a8-0269-4fc6-8a2c-aedb1bf8725c.jpg/250x188.webp https://prod.pictures.autoscout24.net/listing-images/afd3000b-e227-42c1-837d-ef580cad842b_17569d3b-a905-4c9e-9cb2-508303c2b240.jpg/250x188.webp https://prod.pictures.autoscout24.net/listing-images/afd3000b-e227-42c1-837d-ef580cad842b_584e23b0-1dbb-492f-9b5f-2336162ff245.jpg/250x188.webp https://prod.pictures.autoscout24.net/listing-images/afd3000b-e227-42c1-837d-ef580cad842b_d6f1ef26-870a-4b6c-8f95-042995a9c8fb.jpg/250x188.webp https://prod.pictures.autoscout24.net/listing-images/afd3000b-e227-42c1-837d-ef580cad842b_46da29a9-0478-4b80-9a38-8373554f40ab.jpg/250x188.webp https://prod.pictures.autoscout24.net/listing-images/afd3000b-e227-42c1-837d-ef580cad842b_6f688d12-b324-4d40-b82a-fe72f20c9336.jpg/250x188.webp https://prod.pictures.autoscout24.net/listing-images/afd3000b-e227-42c1-837d-ef580cad842b_de1cb12c-d0a2-4c74-b2e1-7c93561b3555.jpg/250x188.webp https://prod.pictures.autoscout24.net/listing-images/afd3000b-e227-42c1-837d-ef580cad842b_27f150ab-fa8b-4fa0-b843-7e9d7bddc283.jpg/250x188.webp https://prod.pictures.autoscout24.net/listing-images/afd3000b-e227-42c1-837d-ef580cad842b_981617e6-bd9a-4625-b09a-09e4b532645f.jpg/250x188.webp https://prod.pictures.autoscout24.net/listing-images/afd3000b-e227-42c1-837d-ef580cad842b_41020770-85a0-48f9-b13f-41da33491795.jpg/250x188.webp https://prod.pictures.autoscout24.net/listing-images/afd3000b-e227-42c1-837d-ef580cad842b_291dc7cc-5354-43f5-bf53-60bbece5cc35.jpg/250x188.webp https://prod.pictures.autoscout24.net/listing-images/afd3000b-e227-42c1-837d-ef580cad842b_d4dad3dd-c802-49b7-acc1-c4d4361bf8a7.jpg/250x188.webp https://prod.pictures.autoscout24.net/listing-images/afd3000b-e227-42c1-837d-ef580cad842b_c64fcc38-633d-4930-8259-f4810f5fc73c.jpg/250x188.webp https://prod.pictures.autoscout24.net/listing-images/afd3000b-e227-42c1-837d-ef580cad842b_541a67d8-c1a8-4205-aa9f-3449187055ed.jpg/250x188.webp,104.85389989976589,3730
4b3dd198-c91a-45f7-b482-f460a039a0b1,Nissan,Note,1.2i Acenta,PrivateSeller,9500,b,81200,08-2016,7800,https://prod.pictures.autoscout24.net/listing-images/4b3dd198-c91a-45f7-b482-f460a039a0b1_bebd3640-3a67-4237-bef7-877ec3d6dec3.jpg/250x188.webp https://prod.pictures.autoscout24.net/listing-images/4b3dd198-c91a-45f7-b482-f460a039a0b1_31956be9-67b6-43b3-a62b-a954f93935f3.jpg/250x188.webp https://prod.pictures.autoscout24.net/listing-images/4b3dd198-c91a-45f7-b482-f460a039a0b1_d7547801-face-469f-942c-dc49f03a6a4d.jpg/250x188.webp https://prod.pictures.autoscout24.net/listing-images/4b3dd198-c91a-45f7-b482-f460a039a0b1_9d28f699-6f40-444e-976b-b52646fd643c.jpg/250x188.webp https://prod.pictures.autoscout24.net/listing-images/4b3dd198-c91a-45f7-b482-f460a039a0b1_30767fba-5aa2-4542-ae53-cb5a76e28f66.jpg/250x188.webp,104.58581336862675,2330
6b48d54b-e969-487f-b7f7-160854c7d897,Nissan,Navara,Autm. LE,Dealer,9500,d,306000,06-2012,5140,https://prod.pictures.autoscout24.net/listing-images/6b48d54b-e969-487f-b7f7-160854c7d897_77079891-952d-487f-944f-06271759dd03.jpg/250x188.webp https://prod.pictures.autoscout24.net/listing-images/6b48d54b-e969-487f-b7f7-160854c7d897_090edbe4-014a-45be-adad-5c92186d4426.jpg/250x188.webp https://prod.pictures.autoscout24.net/listing-images/6b48d54b-e969-487f-b7f7-160854c7d897_8bf04ec3-d07c-49c4-883c-04b1a33f99ed.jpg/250x188.webp https://prod.pictures.autoscout24.net/listing-images/6b48d54b-e969-487f-b7f7-160854c7d897_06acd831-76e6-47c1-9681-57eb45fd3421.jpg/250x188.webp https://prod.pictures.autoscout24.net/listing-images/6b48d54b-e969-487f-b7f7-160854c7d897_c0185ecd-5f29-4d34-9c62-95502c308bd7.jpg/250x188.webp https://prod.pictures.autoscout24.net/listing-images/6b48d54b-e969-487f-b7f7-160854c7d897_e7384653-f0bc-444f-af5f-58313ac0c588.jpg/250x188.webp https://prod.pictures.autoscout24.net/listing-images/6b48d54b-e969-487f-b7f7-160854c7d897_acfeebe3-18a9-440a-aca5-ebb83c5a4925.jpg/250x188.webp,104.85389989976589,3852
a4bf4a94-7502-4404-8ea8-776f4664caeb,Nissan,Qashqai,1.6 DCi Euro5 2WD 5 Places Cuir Clim Gps Camera,Dealer,9500,d,142000,03-2012,1070,https://prod.pictures.autoscout24.net/listing-images/a4bf4a94-7502-4404-8ea8-776f4664caeb_4a4bf049-1b21-4d09-8cff-6601c55dcae7.jpg/250x188.webp https://prod.pictures.autoscout24.net/listing-images/a4bf4a94-7502-4404-8ea8-776f4664caeb_125da741-eee4-417e-b847-5fdb2362a6a8.jpg/250x188.webp https://prod.pictures.autoscout24.net/listing-images/a4bf4a94-7502-4404-8ea8-776f4664caeb_edd1a004-55cd-40f2-9ded-38188ebf7f23.jpg/250x188.webp https://prod.pictures.autoscout24.net/listing-images/a4bf4a94-7502-4404-8ea8-776f4664caeb_da77db61-5ee6-4a63-98ec-a5c90104f436.jpg/250x188.webp https://prod.pictures.autoscout24.net/listing-images/a4bf4a94-7502-4404-8ea8-776f4664caeb_ab2feeff-a022-4664-a4b8-b26f25cac82e.jpg/250x188.webp https://prod.pictures.autoscout24.net/listing-images/a4bf4a94-7502-4404-8ea8-776f4664caeb_ac3938fe-1b24-43b1-8c22-981bfc41b48f.jpg/250x188.webp https://prod.pictures.autoscout24.net/listing-images/a4bf4a94-7502-4404-8ea8-776f4664caeb_951bccda-ac40-4976-9ff3-93a9bf598cd1.jpg/250x188.webp https://prod.pictures.autoscout24.net/listing-images/a4bf4a94-7502-4404-8ea8-776f4664caeb_1cdbf28b-10ce-4590-8ef6-0aaaecc4d059.jpg/250x188.webp https://prod.pictures.autoscout24.net/listing-images/a4bf4a94-7502-4404-8ea8-776f4664caeb_2f8aea45-a75c-456f-8453-f94562c90e43.jpg/250x188.webp https://prod.pictures.autoscout24.net/listing-images/a4bf4a94-7502-4404-8ea8-776f4664caeb_f6fe7ff6-a65f-424f-adcd-7f82890511ec.jpg/250x188.webp https://prod.pictures.autoscout24.net/listing-images/a4bf4a94-7502-4404-8ea8-776f4664caeb_e7fc31cc-a35c-4b3a-8141-4b10fd7a09de.jpg/250x188.webp https://prod.pictures.autoscout24.net/listing-images/a4bf4a94-7502-4404-8ea8-776f4664caeb_5a75f9bb-9bb7-4f30-b881-7f4e4accaecb.jpg/250x188.webp https://prod.pictures.autoscout24.net/listing-images/a4bf4a94-7502-4404-8ea8-776f4664caeb_6a0dc521-0b0b-49e9-b175-1d653d63e3f0.jpg/250x188.webp https://prod.pictures.autoscout24.net/listing-images/a4bf4a94-7502-4404-8ea8-776f4664caeb_96ad6398-140c-48eb-a9db-0f2fe1a36f5b.jpg/250x188.webp https://prod.pictures.autoscout24.net/listing-images/a4bf4a94-7502-4404-8ea8-776f4664caeb_6b1a2213-651f-444d-b2e3-d070f367b7d7.jpg/250x188.webp,71.06367211068877,3944
f4342fb7-c335-49e7-977a-ae369de74863,Nissan,Navara,EXPORT,Dealer,9500,d,240000,02-2007,1840,https://prod.pictures.autoscout24.net/listing-images/f4342fb7-c335-49e7-977a-ae369de74863_7cc704d7-003a-45e0-ad6c-623a4ace49a8.jpg/250x188.webp https://prod.pictures.autoscout24.net/listing-images/f4342fb7-c335-49e7-977a-ae369de74863_58e9b581-14ff-4b82-9670-8c3fbf769c50.jpg/250x188.webp https://prod.pictures.autoscout24.net/listing-images/f4342fb7-c335-49e7-977a-ae369de74863_56ec14de-dae0-4370-9238-f616d999c146.jpg/250x188.webp https://prod.pictures.autoscout24.net/listing-images/f4342fb7-c335-49e7-977a-ae369de74863_387405d1-0df6-4f0a-8a89-5d925991035e.jpg/250x188.webp https://prod.pictures.autoscout24.net/listing-images/f4342fb7-c335-49e7-977a-ae369de74863_4f6a8f01-9c73-4594-8a96-1d9520fbfe28.jpg/250x188.webp https://prod.pictures.autoscout24.net/listing-images/f4342fb7-c335-49e7-977a-ae369de74863_289f6f2b-a9c4-4c7b-8fef-8c320f07c9d4.jpg/250x188.webp https://prod.pictures.autoscout24.net/listing-images/f4342fb7-c335-49e7-977a-ae369de74863_8bc8550a-768f-4bbf-848b-f20ddc7b6787.jpg/250x188.webp https://prod.pictures.autoscout24.net/listing-images/f4342fb7-c335-49e7-977a-ae369de74863_5c7e00f0-18a2-4f9b-a164-a8a027ae2f08.jpg/250x188.webp https://prod.pictures.autoscout24.net/listing-images/f4342fb7-c335-49e7-977a-ae369de74863_22bbb592-ff42-4092-a3fe-6507385fb400.jpg/250x188.webp,54.29299877782283,5799
a0de80a2-2bf7-4855-97b9-d6435a873194,Nissan,NV400,L3H3,Dealer,9500,d,313000,05-2017,4000,https://prod.pictures.autoscout24.net/listing-images/a0de80a2-2bf7-4855-97b9-d6435a873194_b3f97133-41a8-421a-9d8e-6460f491b3bc.jpg/250x188.webp https://prod.pictures.autoscout24.net/listing-images/a0de80a2-2bf7-4855-97b9-d6435a873194_6f0e632c-2511-4d16-b506-ba5823204542.jpg/250x188.webp https://prod.pictures.autoscout24.net/listing-images/a0de80a2-2bf7-4855-97b9-d6435a873194_af50a917-6fd2-47e1-84a2-e67ce5765622.jpg/250x188.webp https://prod.pictures.autoscout24.net/listing-images/a0de80a2-2bf7-4855-97b9-d6435a873194_b5de27eb-15a3-475a-b15c-e8f63ff4f657.jpg/250x188.webp https://prod.pictures.autoscout24.net/listing-images/a0de80a2-2bf7-4855-97b9-d6435a873194_f008f591-de56-4817-9c71-c88d428b7849.jpg/250x188.webp https://prod.pictures.autoscout24.net/listing-images/a0de80a2-2bf7-4855-97b9-d6435a873194_fc78c9bd-dc17-498f-8558-42db1479fe16.jpg/250x188.webp https://prod.pictures.autoscout24.net/listing-images/a0de80a2-2bf7-4855-97b9-d6435a873194_bf8d5fdd-1fba-411e-9dd3-97ac4f22266f.jpg/250x188.webp https://prod.pictures.autoscout24.net/listing-images/a0de80a2-2bf7-4855-97b9-d6435a873194_134bcd0d-f3ba-470a-aae5-6e1abef79f63.jpg/250x188.webp https://prod.pictures.autoscout24.net/listing-images/a0de80a2-2bf7-4855-97b9-d6435a873194_98f2a725-42d3-4b0a-ab3d-e8dc1466b4ce.jpg/250x188.webp https://prod.pictures.autoscout24.net/listing-images/a0de80a2-2bf7-4855-97b9-d6435a873194_700255b4-b6dc-4a0a-bc39-636b7812ed1a.jpg/250x188.webp https://prod.pictures.autoscout24.net/listing-images/a0de80a2-2bf7-4855-97b9-d6435a873194_83dee452-1879-4a53-8c1a-1f4c6bce009e.jpg/250x188.webp,118.53949006185148,2057
24b28b40-efdc-49f3-8570-d258f31896f7,Nissan,Juke,1.6i Essence Euro5 Automatique Cuir Gps Camera,Dealer,9500,b,148000,01-2012,1070,https://prod.pictures.autoscout24.net/listing-images/24b28b40-efdc-49f3-8570-d258f31896f7_01490c61-6905-4659-9e66-e03e7023d381.jpg/250x188.webp https://prod.pictures.autoscout24.net/listing-images/24b28b40-efdc-49f3-8570-d258f31896f7_63ceef55-9531-415d-ab51-b000cf9ae9da.jpg/250x188.webp https://prod.pictures.autoscout24.net/listing-images/24b28b40-efdc-49f3-8570-d258f31896f7_1f147afb-b5f4-492c-8683-3cc4e7d8f7a8.jpg/250x188.webp https://prod.pictures.autoscout24.net/listing-images/24b28b40-efdc-49f3-8570-d258f31896f7_cb5fe033-e297-4942-b60c-d96be84cec5e.jpg/250x188.webp https://prod.pictures.autoscout24.net/listing-images/24b28b40-efdc-49f3-8570-d258f31896f7_4582dcf2-bb81-41f6-9a46-5313c2a960f7.jpg/250x188.webp https://prod.pictures.autoscout24.net/listing-images/24b28b40-efdc-49f3-8570-d258f31896f7_a5efca45-e967-4c1b-b0b0-1aef8584e67e.jpg/250x188.webp https://prod.pictures.autoscout24.net/listing-images/24b28b40-efdc-49f3-8570-d258f31896f7_e3c310c9-7c1f-4619-a8b6-3cc1c9f98437.jpg/250x188.webp https://prod.pictures.autoscout24.net/listing-images/24b28b40-efdc-49f3-8570-d258f31896f7_4a139e54-cc4a-4efa-8e4f-d8af3fa73dce.jpg/250x188.webp https://prod.pictures.autoscout24.net/listing-images/24b28b40-efdc-49f3-8570-d258f31896f7_bd0ddf6a-d17e-4957-b486-d8e9bc9221c3.jpg/250x188.webp https://prod.pictures.autoscout24.net/listing-images/24b28b40-efdc-49f3-8570-d258f31896f7_a6c6efc7-fd02-47f1-b2f9-0c214e017226.jpg/250x188.webp https://prod.pictures.autoscout24.net/listing-images/24b28b40-efdc-49f3-8570-d258f31896f7_8829737e-3f93-464b-a2ba-c3335c1db606.jpg/250x188.webp https://prod.pictures.autoscout24.net/listing-images/24b28b40-efdc-49f3-8570-d258f31896f7_08a04f4d-2362-4343-9c8b-64f6a5a9bed0.jpg/250x188.webp https://prod.pictures.autoscout24.net/listing-images/24b28b40-efdc-49f3-8570-d258f31896f7_30533198-01ee-44be-932a-2b5e2e32b6fa.jpg/250x188.webp https://prod.pictures.autoscout24.net/listing-images/24b28b40-efdc-49f3-8570-d258f31896f7_b6e58041-c8a4-457a-b07e-02acb82a18d4.jpg/250x188.webp https://prod.pictures.autoscout24.net/listing-images/24b28b40-efdc-49f3-8570-d258f31896f7_3156bdf5-db5b-48f5-b43a-3323e0772f0a.jpg/250x188.webp,71.06367211068877,4004
b8020f25-a522-48f9-8f85-6bd3c26e113a,Nissan,Pulsar,1.5 dCi EURO 6,PrivateSeller,9500,d,116000,01-2016,3830,https://prod.pictures.autoscout24.net/listing-images/b8020f25-a522-48f9-8f85-6bd3c26e113a_929cbf0e-dfc4-41ef-aeb6-93db5eefd727.jpg/250x188.webp https://prod.pictures.autoscout24.net/listing-images/b8020f25-a522-48f9-8f85-6bd3c26e113a_d2492a4a-685a-46f5-a749-24041428d548.jpg/250x188.webp https://prod.pictures.autoscout24.net/listing-images/b8020f25-a522-48f9-8f85-6bd3c26e113a_d0c3658f-085e-4076-aa73-c4272220edde.jpg/250x188.webp https://prod.pictures.autoscout24.net/listing-images/b8020f25-a522-48f9-8f85-6bd3c26e113a_89f42845-8d91-4424-ad40-04d8722d98fc.jpg/250x188.webp https://prod.pictures.autoscout24.net/listing-images/b8020f25-a522-48f9-8f85-6bd3c26e113a_259680f3-d451-4b64-bb2f-81866003763d.jpg/250x188.webp https://prod.pictures.autoscout24.net/listing-images/b8020f25-a522-48f9-8f85-6bd3c26e113a_dfbc422a-19fd-437b-abc1-7c39c40d1047.jpg/250x188.webp https://prod.pictures.autoscout24.net/listing-images/b8020f25-a522-48f9-8f85-6bd3c26e113a_75639d31-9f37-4a9d-abdd-42cef83c100d.jpg/250x188.webp https://prod.pictures.autoscout24.net/listing-images/b8020f25-a522-48f9-8f85-6bd3c26e113a_cecc0653-37ac-4384-934b-366d6f6a9594.jpg/250x188.webp https://prod.pictures.autoscout24.net/listing-images/b8020f25-a522-48f9-8f85-6bd3c26e113a_fec7ad60-817d-42cd-8873-edd71bf71be9.jpg/250x188.webp https://prod.pictures.autoscout24.net/listing-images/b8020f25-a522-48f9-8f85-6bd3c26e113a_a43038d3-8a14-4e05-a7a3-c3ef524281d5.jpg/250x188.webp https://prod.pictures.autoscout24.net/listing-images/b8020f25-a522-48f9-8f85-6bd3c26e113a_2475e100-cb47-4e44-9708-faa1b1a71314.jpg/250x188.webp,93.62411558341314,2543
21ea4a1b-d25b-4861-8491-f41205832f89,Nissan,Navara,turbo defect start ok 3.0l euro 5 airco,Dealer,9500,d,230000,01-2012,1840,https://prod.pictures.autoscout24.net/listing-images/21ea4a1b-d25b-4861-8491-f41205832f89_c9190819-e53a-43ed-89b9-59687f5fde9f.jpg/250x188.webp https://prod.pictures.autoscout24.net/listing-images/21ea4a1b-d25b-4861-8491-f41205832f89_9b549112-c096-45b6-8025-f2ae75c3bdc9.jpg/250x188.webp https://prod.pictures.autoscout24.net/listing-images/21ea4a1b-d25b-4861-8491-f41205832f89_9d1995a3-0516-49ce-8677-a49df4743c4c.jpg/250x188.webp https://prod.pictures.autoscout24.net/listing-images/21ea4a1b-d25b-4861-8491-f41205832f89_c957456f-3b8f-4abc-8746-3bc3bbe22f51.jpg/250x188.webp https://prod.pictures.autoscout24.net/listing-images/21ea4a1b-d25b-4861-8491-f41205832f89_f558081a-b1de-45de-8355-f5842f2f64f9.jpg/250x188.webp https://prod.pictures.autoscout24.net/listing-images/21ea4a1b-d25b-4861-8491-f41205832f89_51941837-be66-4089-b81e-104523b8519e.jpg/250x188.webp https://prod.pictures.autoscout24.net/listing-images/21ea4a1b-d25b-4861-8491-f41205832f89_24dc4dd1-41c6-4471-896e-89ada3695c4e.jpg/250x188.webp https://prod.pictures.autoscout24.net/listing-images/21ea4a1b-d25b-4861-8491-f41205832f89_a542ba66-ddf8-456b-a289-bc7e69a81c9f.jpg/250x188.webp,54.29299877782283,4004
70b25f48-58a6-4417-a9af-7e747f956bee,Nissan,Qashqai+2,1.5 dCi  ** 7 PL ** CAMERA ** PANO ** GPS **,Dealer,9550,d,160000,04-2013,7390,https://prod.pictures.autoscout24.net/listing-images/70b25f48-58a6-4417-a9af-7e747f956bee_3496a39f-3f66-4e66-8df7-87dd58629345.jpg/250x188.webp https://prod.pictures.autoscout24.net/listing-images/70b25f48-58a6-4417-a9af-7e747f956bee_dea36839-95b9-40a4-887b-29213921acc6.jpg/250x188.webp https://prod.pictures.autoscout24.net/listing-images/70b25f48-58a6-4417-a9af-7e747f956bee_603229f6-26f6-46fa-96d4-b72710c74093.jpg/250x188.webp https://prod.pictures.autoscout24.net/listing-images/70b25f48-58a6-4417-a9af-7e747f956bee_11b91465-3477-4733-a410-7339d3648b4a.jpg/250x188.webp https://prod.pictures.autoscout24.net/listing-images/70b25f48-58a6-4417-a9af-7e747f956bee_c01d7760-200f-4c9f-9299-e5fa6b137ddf.jpg/250x188.webp https://prod.pictures.autoscout24.net/listing-images/70b25f48-58a6-4417-a9af-7e747f956bee_f13aeef5-2d94-44b3-a5de-9c3ab13562d5.jpg/250x188.webp https://prod.pictures.autoscout24.net/listing-images/70b25f48-58a6-4417-a9af-7e747f956bee_5752b7ee-763f-4005-8b6c-43a702c04402.jpg/250x188.webp https://prod.pictures.autoscout24.net/listing-images/70b25f48-58a6-4417-a9af-7e747f956bee_feb5d0b6-c843-4aa6-9f35-ac8261bbf4da.jpg/250x188.webp https://prod.pictures.autoscout24.net/listing-images/70b25f48-58a6-4417-a9af-7e747f956bee_71b00465-ac95-49ac-b4a6-0dfcaf42e986.jpg/250x188.webp https://prod.pictures.autoscout24.net/listing-images/70b25f48-58a6-4417-a9af-7e747f956bee_4ebe4188-49e0-4b70-8beb-7882e0188a55.jpg/250x188.webp https://prod.pictures.autoscout24.net/listing-images/70b25f48-58a6-4417-a9af-7e747f956bee_274c32d5-b63b-4903-bfbb-4a193447c30a.jpg/250x188.webp https://prod.pictures.autoscout24.net/listing-images/70b25f48-58a6-4417-a9af-7e747f956bee_5ccf301a-08d6-401f-96ab-2728644203fd.jpg/250x188.webp https://prod.pictures.autoscout24.net/listing-images/70b25f48-58a6-4417-a9af-7e747f956bee_5ad07802-e595-4843-a655-fc257ea9c943.jpg/250x188.webp https://prod.pictures.autoscout24.net/listing-images/70b25f48-58a6-4417-a9af-7e747f956bee_a18b17e1-200a-48f8-98f4-6eafda984947.jpg/250x188.webp https://prod.pictures.autoscout24.net/listing-images/70b25f48-58a6-4417-a9af-7e747f956bee_f739eaba-b17d-4b53-aed9-a34b340af131.jpg/250x188.webp,121.56764290915724,3548
b201dfde-d0b8-4b1e-8f84-4d09f5a26031,Nissan,NV400,2.3 dci L3H2,Dealer,9550,d,200000,09-2014,2100,https://prod.pictures.autoscout24.net/listing-images/b201dfde-d0b8-4b1e-8f84-4d09f5a26031_1510235a-70d1-4193-99b0-460d7af2ae58.jpg/250x188.webp https://prod.pictures.autoscout24.net/listing-images/b201dfde-d0b8-4b1e-8f84-4d09f5a26031_86ae58de-b907-4adc-9262-d12c68aeb87b.jpg/250x188.webp https://prod.pictures.autoscout24.net/listing-images/b201dfde-d0b8-4b1e-8f84-4d09f5a26031_02eda24e-9946-459e-a796-c4544c7af338.jpg/250x188.webp https://prod.pictures.autoscout24.net/listing-images/b201dfde-d0b8-4b1e-8f84-4d09f5a26031_ad1cfe23-4d1c-43b6-b9b1-0ec3c8e68085.jpg/250x188.webp https://prod.pictures.autoscout24.net/listing-images/b201dfde-d0b8-4b1e-8f84-4d09f5a26031_9269e8fe-2ae2-4ec3-b341-0c553a5364fa.jpg/250x188.webp,27.421552979694752,3030
cc4b6ec3-4c22-4f9f-8e93-31b87e42be24,Nissan,Qashqai+2,1.5 dCi 2WD 360 DPF,PrivateSeller,9550,d,141500,09-2013,1430,https://prod.pictures.autoscout24.net/listing-images/cc4b6ec3-4c22-4f9f-8e93-31b87e42be24_003b1d36-f0ad-49ac-b934-e50dd8bb80bd.jpg/250x188.webp https://prod.pictures.autoscout24.net/listing-images/cc4b6ec3-4c22-4f9f-8e93-31b87e42be24_5736d26a-5265-4836-8815-0584cada13ed.jpg/250x188.webp https://prod.pictures.autoscout24.net/listing-images/cc4b6ec3-4c22-4f9f-8e93-31b87e42be24_b823840b-b8ae-4f1f-8ec4-0d39dab5f256.jpg/250x188.webp https://prod.pictures.autoscout24.net/listing-images/cc4b6ec3-4c22-4f9f-8e93-31b87e42be24_10807dd3-d9c7-4e93-977d-85d14cc39d4a.jpg/250x188.webp https://prod.pictures.autoscout24.net/listing-images/cc4b6ec3-4c22-4f9f-8e93-31b87e42be24_3c2d3c5e-c7ec-4506-b089-d958f165ea96.jpg/250x188.webp https://prod.pictures.autoscout24.net/listing-images/cc4b6ec3-4c22-4f9f-8e93-31b87e42be24_d4d684d1-fb5b-48a9-a31c-8f44e9da82ee.jpg/250x188.webp https://prod.pictures.autoscout24.net/listing-images/cc4b6ec3-4c22-4f9f-8e93-31b87e42be24_d2c721d4-7e5c-408f-a2cb-f88eba967bbd.jpg/250x188.webp https://prod.pictures.autoscout24.net/listing-images/cc4b6ec3-4c22-4f9f-8e93-31b87e42be24_42b1d320-3594-4e55-add2-b9981b0ba899.jpg/250x188.webp https://prod.pictures.autoscout24.net/listing-images/cc4b6ec3-4c22-4f9f-8e93-31b87e42be24_230c9f4a-7a78-4f37-be95-c423882de850.jpg/250x188.webp https://prod.pictures.autoscout24.net/listing-images/cc4b6ec3-4c22-4f9f-8e93-31b87e42be24_d9c536b9-018d-499a-9de5-d13c9265fd6e.jpg/250x188.webp https://prod.pictures.autoscout24.net/listing-images/cc4b6ec3-4c22-4f9f-8e93-31b87e42be24_58d21cc3-d64c-42ed-b14a-ca76048372be.jpg/250x188.webp https://prod.pictures.autoscout24.net/listing-images/cc4b6ec3-4c22-4f9f-8e93-31b87e42be24_5895524a-4316-4bd9-a37e-cf649775e4b2.jpg/250x188.webp,91.89718716064273,3395
185d272a-55ee-4650-90d1-a78e77e3ec73,Nissan,Qashqai,1.6 Acenta 4x2,PrivateSeller,9750,b,120000,01-2012,1082,https://prod.pictures.autoscout24.net/listing-images/185d272a-55ee-4650-90d1-a78e77e3ec73_e19a16cb-f27a-4c42-b545-154352181b2b.jpg/250x188.webp https://prod.pictures.autoscout24.net/listing-images/185d272a-55ee-4650-90d1-a78e77e3ec73_6d7fdb1b-758b-475e-8d93-c4d797f84773.jpg/250x188.webp https://prod.pictures.autoscout24.net/listing-images/185d272a-55ee-4650-90d1-a78e77e3ec73_ab8db543-24df-4bca-8f11-58a0cee63649.jpg/250x188.webp https://prod.pictures.autoscout24.net/listing-images/185d272a-55ee-4650-90d1-a78e77e3ec73_6fdfdad3-f244-4bd4-9ac2-743de9fb405d.jpg/250x188.webp https://prod.pictures.autoscout24.net/listing-images/185d272a-55ee-4650-90d1-a78e77e3ec73_c4031321-4faa-47e8-8d40-7635cd4fbbe1.jpg/250x188.webp https://prod.pictures.autoscout24.net/listing-images/185d272a-55ee-4650-90d1-a78e77e3ec73_495d3edc-cf48-4b69-953f-c6f3754e0186.jpg/250x188.webp https://prod.pictures.autoscout24.net/listing-images/185d272a-55ee-4650-90d1-a78e77e3ec73_5c44295a-cb5f-4d9e-80dc-0f270e9ac2c0.jpg/250x188.webp https://prod.pictures.autoscout24.net/listing-images/185d272a-55ee-4650-90d1-a78e77e3ec73_64321b2d-dc07-4996-8251-9b742e634252.jpg/250x188.webp https://prod.pictures.autoscout24.net/listing-images/185d272a-55ee-4650-90d1-a78e77e3ec73_cebc740a-aadb-4fdc-b68f-46c862ae41ee.jpg/250x188.webp https://prod.pictures.autoscout24.net/listing-images/185d272a-55ee-4650-90d1-a78e77e3ec73_77f4cada-3020-4bba-b3ad-7434863d90b7.jpg/250x188.webp,68.04437182438213,4004
5166fbb5-c23b-4def-8099-0406cc87f36e,Nissan,Juke,1.6i Acenta CVT,Dealer,9800,b,111606,03-2011,2300,https://prod.pictures.autoscout24.net/listing-images/5166fbb5-c23b-4def-8099-0406cc87f36e_792e43d4-bf2f-45f7-accb-dd12eb13e7bc.jpg/250x188.webp https://prod.pictures.autoscout24.net/listing-images/5166fbb5-c23b-4def-8099-0406cc87f36e_865d3fab-1e47-42b9-bb8b-fbe86617480b.jpg/250x188.webp https://prod.pictures.autoscout24.net/listing-images/5166fbb5-c23b-4def-8099-0406cc87f36e_2c2854a0-f9da-4da7-a53b-5949d6946251.jpg/250x188.webp https://prod.pictures.autoscout24.net/listing-images/5166fbb5-c23b-4def-8099-0406cc87f36e_69f47a25-e3c3-4bbf-8e12-5349387adc6f.jpg/250x188.webp https://prod.pictures.autoscout24.net/listing-images/5166fbb5-c23b-4def-8099-0406cc87f36e_b1dbf25e-4617-4673-82fb-cf19ffa3d650.jpg/250x188.webp https://prod.pictures.autoscout24.net/listing-images/5166fbb5-c23b-4def-8099-0406cc87f36e_6497fa8e-39df-40ce-9892-3d326c0a2eb3.jpg/250x188.webp https://prod.pictures.autoscout24.net/listing-images/5166fbb5-c23b-4def-8099-0406cc87f36e_be4b67d8-5463-4ed5-b23a-fe436c77254e.jpg/250x188.webp https://prod.pictures.autoscout24.net/listing-images/5166fbb5-c23b-4def-8099-0406cc87f36e_1fbe677b-e987-4f48-b7e2-d48922476daa.jpg/250x188.webp https://prod.pictures.autoscout24.net/listing-images/5166fbb5-c23b-4def-8099-0406cc87f36e_916f32ad-d96c-43e7-b09b-fe2431b0d193.jpg/250x188.webp https://prod.pictures.autoscout24.net/listing-images/5166fbb5-c23b-4def-8099-0406cc87f36e_c61e5fcf-bb50-4d8a-a0a6-c13e48c76fda.jpg/250x188.webp https://prod.pictures.autoscout24.net/listing-images/5166fbb5-c23b-4def-8099-0406cc87f36e_f35c7bdd-bd67-4b98-b60f-fa0e81dbc73a.jpg/250x188.webp https://prod.pictures.autoscout24.net/listing-images/5166fbb5-c23b-4def-8099-0406cc87f36e_814951eb-5d69-4349-8e36-35085647b954.jpg/250x188.webp https://prod.pictures.autoscout24.net/listing-images/5166fbb5-c23b-4def-8099-0406cc87f36e_1f50603b-3186-43d0-a50d-1b7aaee58ac9.jpg/250x188.webp https://prod.pictures.autoscout24.net/listing-images/5166fbb5-c23b-4def-8099-0406cc87f36e_50260bfe-4adf-4d53-9441-19e1e44eb144.jpg/250x188.webp https://prod.pictures.autoscout24.net/listing-images/5166fbb5-c23b-4def-8099-0406cc87f36e_b926ba0b-34de-459a-a6e4-54d391263915.jpg/250x188.webp https://prod.pictures.autoscout24.net/listing-images/5166fbb5-c23b-4def-8099-0406cc87f36e_46f85aaa-f507-4621-8daf-69d53c9e002e.jpg/250x188.webp https://prod.pictures.autoscout24.net/listing-images/5166fbb5-c23b-4def-8099-0406cc87f36e_ad52361f-4318-4f82-a24e-5e43b65d8d3f.jpg/250x188.webp https://prod.pictures.autoscout24.net/listing-images/5166fbb5-c23b-4def-8099-0406cc87f36e_aa142b70-1fdb-4f4b-915a-adf42bd9544a.jpg/250x188.webp,36.751136569594,4310
b8e10450-a8c0-407b-935c-09acba8344b1,Nissan,Qashqai+2,1.5 dCi 2WD 360 DPF,Dealer,9800,d,166000,02-2013,3840,https://prod.pictures.autoscout24.net/listing-images/b8e10450-a8c0-407b-935c-09acba8344b1_7def25aa-4966-40d3-bc9b-648474826d75.jpg/250x188.webp https://prod.pictures.autoscout24.net/listing-images/b8e10450-a8c0-407b-935c-09acba8344b1_11f7a273-7c5f-4c65-8ae8-81fbc5f334d4.jpg/250x188.webp https://prod.pictures.autoscout24.net/listing-images/b8e10450-a8c0-407b-935c-09acba8344b1_95f4b958-fba6-4482-a59c-3c57dd3cf96e.jpg/250x188.webp https://prod.pictures.autoscout24.net/listing-images/b8e10450-a8c0-407b-935c-09acba8344b1_7abf1651-bf17-49e9-b6fe-cd548e704041.jpg/250x188.webp https://prod.pictures.autoscout24.net/listing-images/b8e10450-a8c0-407b-935c-09acba8344b1_4a3df2a7-8b08-4bf4-98ab-a2c5676deff0.jpg/250x188.webp https://prod.pictures.autoscout24.net/listing-images/b8e10450-a8c0-407b-935c-09acba8344b1_e52e5c7b-59c1-4534-a2c5-aceaddd33770.jpg/250x188.webp https://prod.pictures.autoscout24.net/listing-images/b8e10450-a8c0-407b-935c-09acba8344b1_95b78333-5262-4a28-ab4e-e01eaa1c2e63.jpg/250x188.webp https://prod.pictures.autoscout24.net/listing-images/b8e10450-a8c0-407b-935c-09acba8344b1_6ef858a2-dd1d-4925-94de-5f3cac38c84b.jpg/250x188.webp https://prod.pictures.autoscout24.net/listing-images/b8e10450-a8c0-407b-935c-09acba8344b1_dcd9dcb1-b193-4bb3-bf65-c4163cf654b3.jpg/250x188.webp https://prod.pictures.autoscout24.net/listing-images/b8e10450-a8c0-407b-935c-09acba8344b1_f5a0f289-0f86-4f9a-bac1-2fa0d4f7f739.jpg/250x188.webp https://prod.pictures.autoscout24.net/listing-images/b8e10450-a8c0-407b-935c-09acba8344b1_4d14a4bb-7d00-4dc5-befd-2c63c772f70e.jpg/250x188.webp https://prod.pictures.autoscout24.net/listing-images/b8e10450-a8c0-407b-935c-09acba8344b1_2b2ec935-c19f-44a0-ad6c-95ac1d50a956.jpg/250x188.webp https://prod.pictures.autoscout24.net/listing-images/b8e10450-a8c0-407b-935c-09acba8344b1_9d427d88-47ae-45d0-98e6-534676ecaaeb.jpg/250x188.webp https://prod.pictures.autoscout24.net/listing-images/b8e10450-a8c0-407b-935c-09acba8344b1_67e3bfe9-5c36-46b1-be54-b144b6feb5eb.jpg/250x188.webp https://prod.pictures.autoscout24.net/listing-images/b8e10450-a8c0-407b-935c-09acba8344b1_e03263fb-31d1-4aea-a049-109e21353d3c.jpg/250x188.webp,95.80189373827943,3607
bb3cc335-1aa7-4f53-a37c-8df2d2e5706d,Nissan,Qashqai+2,1.6i 2WD 360 ISS,PrivateSeller,9800,b,101000,02-2013,1020,https://prod.pictures.autoscout24.net/listing-images/bb3cc335-1aa7-4f53-a37c-8df2d2e5706d_5084a753-fdc5-4d25-95de-e2de5040ee9c.jpg/250x188.webp https://prod.pictures.autoscout24.net/listing-images/bb3cc335-1aa7-4f53-a37c-8df2d2e5706d_7e8bcfb2-ec40-4fe5-aad2-3ebd4add6c8b.jpg/250x188.webp https://prod.pictures.autoscout24.net/listing-images/bb3cc335-1aa7-4f53-a37c-8df2d2e5706d_9784e020-2a24-400f-8f85-1dc9631c49bf.jpg/250x188.webp https://prod.pictures.autoscout24.net/listing-images/bb3cc335-1aa7-4f53-a37c-8df2d2e5706d_5fa8677e-e203-4721-beb3-8fc62acf09df.jpg/250x188.webp https://prod.pictures.autoscout24.net/listing-images/bb3cc335-1aa7-4f53-a37c-8df2d2e5706d_6f339df3-c41a-4297-b457-997e1f038fff.jpg/250x188.webp https://prod.pictures.autoscout24.net/listing-images/bb3cc335-1aa7-4f53-a37c-8df2d2e5706d_b87bb263-ae89-4bbc-8126-ec08965abb3a.jpg/250x188.webp https://prod.pictures.autoscout24.net/listing-images/bb3cc335-1aa7-4f53-a37c-8df2d2e5706d_91faecfd-da4f-4f86-9a5d-626af8f815ea.jpg/250x188.webp https://prod.pictures.autoscout24.net/listing-images/bb3cc335-1aa7-4f53-a37c-8df2d2e5706d_8d049630-513b-4bf4-8b02-97c386f61aac.jpg/250x188.webp https://prod.pictures.autoscout24.net/listing-images/bb3cc335-1aa7-4f53-a37c-8df2d2e5706d_65503565-f783-463c-b706-fccb5f9fee5c.jpg/250x188.webp https://prod.pictures.autoscout24.net/listing-images/bb3cc335-1aa7-4f53-a37c-8df2d2e5706d_c7586b52-5a92-4acb-b7fc-8a3e4c7d4427.jpg/250x188.webp https://prod.pictures.autoscout24.net/listing-images/bb3cc335-1aa7-4f53-a37c-8df2d2e5706d_d70d28b2-7593-4ed9-aa24-1db5e6ab9e6b.jpg/250x188.webp https://prod.pictures.autoscout24.net/listing-images/bb3cc335-1aa7-4f53-a37c-8df2d2e5706d_87ac85cb-fe86-444e-9a38-7c653e0da511.jpg/250x188.webp,66.36225311284039,3607
7e74dbb6-5b26-4b86-8807-da307f76c636,Nissan,NV400,L3H2,Dealer,9840,d,139156,03-2014,1440,https://prod.pictures.autoscout24.net/listing-images/7e74dbb6-5b26-4b86-8807-da307f76c636_1e5c0fcc-c1a2-4e52-a167-20fe292c126f.jpg/250x188.webp https://prod.pictures.autoscout24.net/listing-images/7e74dbb6-5b26-4b86-8807-da307f76c636_38dba3ca-d337-4c8c-ab8a-f5d295902b8f.jpg/250x188.webp https://prod.pictures.autoscout24.net/listing-images/7e74dbb6-5b26-4b86-8807-da307f76c636_1288a24c-838e-4142-a11e-7ebca9eb97e3.jpg/250x188.webp https://prod.pictures.autoscout24.net/listing-images/7e74dbb6-5b26-4b86-8807-da307f76c636_bf28c60b-cac3-40f2-877d-2a426e4e7a34.jpg/250x188.webp https://prod.pictures.autoscout24.net/listing-images/7e74dbb6-5b26-4b86-8807-da307f76c636_66d3dc41-33d5-482b-9a76-c10137e09e66.jpg/250x188.webp https://prod.pictures.autoscout24.net/listing-images/7e74dbb6-5b26-4b86-8807-da307f76c636_62f08fd6-5202-41d9-9a91-4f145532bef0.jpg/250x188.webp https://prod.pictures.autoscout24.net/listing-images/7e74dbb6-5b26-4b86-8807-da307f76c636_b27e4c8d-5254-40e3-885a-b7e0a06b9a34.jpg/250x188.webp https://prod.pictures.autoscout24.net/listing-images/7e74dbb6-5b26-4b86-8807-da307f76c636_c344a903-0d21-458b-a9ae-1b3674b502d5.jpg/250x188.webp https://prod.pictures.autoscout24.net/listing-images/7e74dbb6-5b26-4b86-8807-da307f76c636_f564744f-05d5-4b1e-8fd6-84cff4267986.jpg/250x188.webp https://prod.pictures.autoscout24.net/listing-images/7e74dbb6-5b26-4b86-8807-da307f76c636_02c7afb0-dab4-4c46-a4d1-e5e83f70e826.jpg/250x188.webp,88.54751756589805,3214
21f10119-bc6e-4ef0-bcec-8642e97bd182,Nissan,Juke,1.6i 2WD Acenta+Connect ISS clim//12 mois garantie,Dealer,9850,b,75611,06-2013,1440,https://prod.pictures.autoscout24.net/listing-images/21f10119-bc6e-4ef0-bcec-8642e97bd182_2eeca522-2125-4e58-8370-62eea4a8049f.jpg/250x188.webp https://prod.pictures.autoscout24.net/listing-images/21f10119-bc6e-4ef0-bcec-8642e97bd182_5b469941-0a8e-4db1-950b-9ad5cff2f961.jpg/250x188.webp https://prod.pictures.autoscout24.net/listing-images/21f10119-bc6e-4ef0-bcec-8642e97bd182_d722cdad-c094-457b-91b4-8b2d0a3d38d2.jpg/250x188.webp https://prod.pictures.autoscout24.net/listing-images/21f10119-bc6e-4ef0-bcec-8642e97bd182_689b9e1f-1195-4bd5-ada2-d6771e3f2b44.jpg/250x188.webp https://prod.pictures.autoscout24.net/listing-images/21f10119-bc6e-4ef0-bcec-8642e97bd182_4f191f88-b827-4358-bc6c-b51434564498.jpg/250x188.webp https://prod.pictures.autoscout24.net/listing-images/21f10119-bc6e-4ef0-bcec-8642e97bd182_580fae4b-9a78-4845-be6d-41f1753f41f8.jpg/250x188.webp https://prod.pictures.autoscout24.net/listing-images/21f10119-bc6e-4ef0-bcec-8642e97bd182_9384dd72-6293-4e31-a229-b88a56f5d83e.jpg/250x188.webp https://prod.pictures.autoscout24.net/listing-images/21f10119-bc6e-4ef0-bcec-8642e97bd182_2c6aa3da-00e2-4f8b-a9c5-6364e0da2cda.jpg/250x188.webp https://prod.pictures.autoscout24.net/listing-images/21f10119-bc6e-4ef0-bcec-8642e97bd182_f84fa971-fadd-4f4a-ae6b-8a5359bfba0c.jpg/250x188.webp https://prod.pictures.autoscout24.net/listing-images/21f10119-bc6e-4ef0-bcec-8642e97bd182_0abdbab4-92d6-4713-b13a-0d22c9c721a1.jpg/250x188.webp https://prod.pictures.autoscout24.net/listing-images/21f10119-bc6e-4ef0-bcec-8642e97bd182_f7f9e20d-d416-416a-8c17-4f37e44e48ff.jpg/250x188.webp,88.54751756589805,3487
f4082e31-8c50-4a7a-913c-725cfcd9a50e,Nissan,Micra,1.2 essence - 5 portes,Dealer,9850,b,16185,01-2014,6661,https://prod.pictures.autoscout24.net/listing-images/f4082e31-8c50-4a7a-913c-725cfcd9a50e_fdffc045-1d10-4a7f-ad98-aec70446ca10.jpg/250x188.webp https://prod.pictures.autoscout24.net/listing-images/f4082e31-8c50-4a7a-913c-725cfcd9a50e_379b04e8-291d-456f-a688-74dd7a431d70.jpg/250x188.webp https://prod.pictures.autoscout24.net/listing-images/f4082e31-8c50-4a7a-913c-725cfcd9a50e_a651838a-4174-4df2-839c-57eaa10978f9.jpg/250x188.webp https://prod.pictures.autoscout24.net/listing-images/f4082e31-8c50-4a7a-913c-725cfcd9a50e_b41d5905-b321-46e3-a89c-5ea94fe7fc6b.jpg/250x188.webp https://prod.pictures.autoscout24.net/listing-images/f4082e31-8c50-4a7a-913c-725cfcd9a50e_a33bfd6e-b3ac-4ccc-b351-cad7d1e00dfd.jpg/250x188.webp https://prod.pictures.autoscout24.net/listing-images/f4082e31-8c50-4a7a-913c-725cfcd9a50e_15f3298c-3ccc-4235-8071-743241a415fa.jpg/250x188.webp https://prod.pictures.autoscout24.net/listing-images/f4082e31-8c50-4a7a-913c-725cfcd9a50e_48e3171a-aa4e-4fb2-8247-4a55acb7c505.jpg/250x188.webp https://prod.pictures.autoscout24.net/listing-images/f4082e31-8c50-4a7a-913c-725cfcd9a50e_da18ad2b-37d4-48e9-a3ae-98ef57d44e0e.jpg/250x188.webp https://prod.pictures.autoscout24.net/listing-images/f4082e31-8c50-4a7a-913c-725cfcd9a50e_372e1230-17c7-4b25-8932-6275b9385d8f.jpg/250x188.webp https://prod.pictures.autoscout24.net/listing-images/f4082e31-8c50-4a7a-913c-725cfcd9a50e_0a9326c8-b3bb-4bdf-98b2-0561450d7493.jpg/250x188.webp https://prod.pictures.autoscout24.net/listing-images/f4082e31-8c50-4a7a-913c-725cfcd9a50e_5fe45d1a-af37-4264-957c-e982e979c273.jpg/250x188.webp https://prod.pictures.autoscout24.net/listing-images/f4082e31-8c50-4a7a-913c-725cfcd9a50e_fc1772f3-1734-4c8a-b7c9-44d6a37d98ca.jpg/250x188.webp,164.54628212958488,3273
f8adff3d-03a3-4bd1-a281-154be9ba4e16,Nissan,,ATLEON Camion pour poubelle,Dealer,9850,d,161500,03-2003,1080,https://prod.pictures.autoscout24.net/listing-images/f8adff3d-03a3-4bd1-a281-154be9ba4e16_99ac72b9-ff2b-4619-b22a-69b536d634bb.jpg/250x188.webp https://prod.pictures.autoscout24.net/listing-images/f8adff3d-03a3-4bd1-a281-154be9ba4e16_7372eb20-5b8d-4e06-9116-15108f2929f4.jpg/250x188.webp https://prod.pictures.autoscout24.net/listing-images/f8adff3d-03a3-4bd1-a281-154be9ba4e16_244a08b2-e618-48a0-9bbd-a0cfb8d79362.jpg/250x188.webp https://prod.pictures.autoscout24.net/listing-images/f8adff3d-03a3-4bd1-a281-154be9ba4e16_b216a5fd-e8fc-40c1-8e7b-4ef7ba12b978.jpg/250x188.webp https://prod.pictures.autoscout24.net/listing-images/f8adff3d-03a3-4bd1-a281-154be9ba4e16_239a1bdc-12c0-4b41-903a-793565346ade.jpg/250x188.webp https://prod.pictures.autoscout24.net/listing-images/f8adff3d-03a3-4bd1-a281-154be9ba4e16_f6f03631-9df0-4f8a-978a-cf7d2e245e6e.jpg/250x188.webp https://prod.pictures.autoscout24.net/listing-images/f8adff3d-03a3-4bd1-a281-154be9ba4e16_da7a06a2-d09b-4401-8c5c-5f099f751efe.jpg/250x188.webp https://prod.pictures.autoscout24.net/listing-images/f8adff3d-03a3-4bd1-a281-154be9ba4e16_9742c197-d4dd-4784-89d7-ba0db03a8255.jpg/250x188.webp https://prod.pictures.autoscout24.net/listing-images/f8adff3d-03a3-4bd1-a281-154be9ba4e16_d68d5165-df28-456f-881a-a7a8e141957e.jpg/250x188.webp https://prod.pictures.autoscout24.net/listing-images/f8adff3d-03a3-4bd1-a281-154be9ba4e16_7e323aa0-4e8a-44f2-8a87-d08c32fd4c5d.jpg/250x188.webp https://prod.pictures.autoscout24.net/listing-images/f8adff3d-03a3-4bd1-a281-154be9ba4e16_4e320fac-ce7b-4dda-91e8-31def31edd9a.jpg/250x188.webp https://prod.pictures.autoscout24.net/listing-images/f8adff3d-03a3-4bd1-a281-154be9ba4e16_01b27b58-d650-4b97-a790-e0ec0f0ac190.jpg/250x188.webp https://prod.pictures.autoscout24.net/listing-images/f8adff3d-03a3-4bd1-a281-154be9ba4e16_55cea54a-908e-4337-bed4-50c6e24d4e47.jpg/250x188.webp https://prod.pictures.autoscout24.net/listing-images/f8adff3d-03a3-4bd1-a281-154be9ba4e16_17780d9c-266d-49f9-b8c0-c3c35fd71ddf.jpg/250x188.webp,69.57979227671277,7232
8509e3e5-2b76-42bb-b946-9c2939854053,Nissan,Micra,1.2i  // CLIM // BOITE AUTO // GARANTIE 12 MOIS,Dealer,9890,b,43272,07-2014,7322,,122.5333275073898,3092
fdd8018d-86fd-453d-ac43-7e1c92028b31,Nissan,Qashqai,1.5 dCi 2WD «  TOIT PANORAMIQUE « ,PrivateSeller,9900,d,179000,09-2014,1730,https://prod.pictures.autoscout24.net/listing-images/fdd8018d-86fd-453d-ac43-7e1c92028b31_4d8a109d-9212-403e-9048-400602ad90ab.jpg/250x188.webp https://prod.pictures.autoscout24.net/listing-images/fdd8018d-86fd-453d-ac43-7e1c92028b31_fb551e96-1080-41a5-9fbb-7235cf8cc827.jpg/250x188.webp https://prod.pictures.autoscout24.net/listing-images/fdd8018d-86fd-453d-ac43-7e1c92028b31_2fb8c18c-fcd3-46bb-a030-97aa62239eb3.jpg/250x188.webp https://prod.pictures.autoscout24.net/listing-images/fdd8018d-86fd-453d-ac43-7e1c92028b31_a05f74dc-985b-4fe3-85bb-0e033535344a.jpg/250x188.webp https://prod.pictures.autoscout24.net/listing-images/fdd8018d-86fd-453d-ac43-7e1c92028b31_a8da6efb-26c2-4b20-a515-8a7f938d4b4f.jpg/250x188.webp https://prod.pictures.autoscout24.net/listing-images/fdd8018d-86fd-453d-ac43-7e1c92028b31_38160815-5d87-4dfd-b906-7a173f67b2c0.jpg/250x188.webp https://prod.pictures.autoscout24.net/listing-images/fdd8018d-86fd-453d-ac43-7e1c92028b31_26cb165c-885d-4f36-8ce0-673307292363.jpg/250x188.webp https://prod.pictures.autoscout24.net/listing-images/fdd8018d-86fd-453d-ac43-7e1c92028b31_88404d64-ea18-41b1-869b-0b91d08d7726.jpg/250x188.webp https://prod.pictures.autoscout24.net/listing-images/fdd8018d-86fd-453d-ac43-7e1c92028b31_81f757f9-9cdd-4761-91df-4c46580d5d8e.jpg/250x188.webp https://prod.pictures.autoscout24.net/listing-images/fdd8018d-86fd-453d-ac43-7e1c92028b31_b881f183-83b3-4200-a6c1-39357e00aa20.jpg/250x188.webp https://prod.pictures.autoscout24.net/listing-images/fdd8018d-86fd-453d-ac43-7e1c92028b31_eb540d7c-032c-4356-ba40-5329391166cd.jpg/250x188.webp,61.98157406185932,3030
985db8b3-290f-4394-8316-4671a96c3578,Nissan,Qashqai,1.5 dCi Pure Drive BTW aftrekbaar 21% 8.182€,Dealer,9900,d,248111,08-2014,2382,https://prod.pictures.autoscout24.net/listing-images/985db8b3-290f-4394-8316-4671a96c3578_31530202-a255-4ba8-a5ee-f73cf034524a.jpg/250x188.webp https://prod.pictures.autoscout24.net/listing-images/985db8b3-290f-4394-8316-4671a96c3578_6da44fed-e837-426d-acdb-3025f30f07d5.jpg/250x188.webp https://prod.pictures.autoscout24.net/listing-images/985db8b3-290f-4394-8316-4671a96c3578_c77a5537-3035-4512-a752-4460fc863f12.jpg/250x188.webp https://prod.pictures.autoscout24.net/listing-images/985db8b3-290f-4394-8316-4671a96c3578_54051755-5a2d-463d-a17c-d39b9424412d.jpg/250x188.webp https://prod.pictures.autoscout24.net/listing-images/985db8b3-290f-4394-8316-4671a96c3578_0019d68b-8b62-4830-be3c-79286efb481f.jpg/250x188.webp https://prod.pictures.autoscout24.net/listing-images/985db8b3-290f-4394-8316-4671a96c3578_acd05f9b-ecf0-4504-85c7-be5a237bbf23.jpg/250x188.webp https://prod.pictures.autoscout24.net/listing-images/985db8b3-290f-4394-8316-4671a96c3578_e7aa4dd6-2144-4ba6-9e36-dc0e0db0dba7.jpg/250x188.webp https://prod.pictures.autoscout24.net/listing-images/985db8b3-290f-4394-8316-4671a96c3578_fa474578-024e-4cd8-bc9e-87959378f615.jpg/250x188.webp https://prod.pictures.autoscout24.net/listing-images/985db8b3-290f-4394-8316-4671a96c3578_49466689-0252-472a-aaf7-13f25b5d34b1.jpg/250x188.webp https://prod.pictures.autoscout24.net/listing-images/985db8b3-290f-4394-8316-4671a96c3578_4346fe61-c601-4c61-9dd2-6a2dbf983670.jpg/250x188.webp https://prod.pictures.autoscout24.net/listing-images/985db8b3-290f-4394-8316-4671a96c3578_8bca3f79-921d-45f6-822d-b8de4128f2ec.jpg/250x188.webp https://prod.pictures.autoscout24.net/listing-images/985db8b3-290f-4394-8316-4671a96c3578_39b10959-2e48-4f9f-9e53-0a1d7f3dd17c.jpg/250x188.webp https://prod.pictures.autoscout24.net/listing-images/985db8b3-290f-4394-8316-4671a96c3578_0519bab8-6ffa-4471-a43b-6ecb3bcdc8b5.jpg/250x188.webp https://prod.pictures.autoscout24.net/listing-images/985db8b3-290f-4394-8316-4671a96c3578_4ebcd8d5-641c-46f0-af8f-0036228c5e95.jpg/250x188.webp https://prod.pictures.autoscout24.net/listing-images/985db8b3-290f-4394-8316-4671a96c3578_59fedb52-fe9c-4f1f-b820-1b35d399966f.jpg/250x188.webp,39.86743595258549,3061
0ba256d1-d4a2-410d-ac23-7f38d2ea4eab,Nissan,Qashqai,1.6i 2WD Tekna+ Connect,Dealer,9900,b,89850,02-2011,1780,https://prod.pictures.autoscout24.net/listing-images/0ba256d1-d4a2-410d-ac23-7f38d2ea4eab_9bbf3622-a878-4d5b-81b0-d4cd15b44570.jpg/250x188.webp https://prod.pictures.autoscout24.net/listing-images/0ba256d1-d4a2-410d-ac23-7f38d2ea4eab_ce127326-bbdd-4ec8-add1-2377682bdc5c.jpg/250x188.webp https://prod.pictures.autoscout24.net/listing-images/0ba256d1-d4a2-410d-ac23-7f38d2ea4eab_947002d5-d2c1-4730-9273-8f657b31e0d3.jpg/250x188.webp https://prod.pictures.autoscout24.net/listing-images/0ba256d1-d4a2-410d-ac23-7f38d2ea4eab_8188b8c7-0ab8-49d5-8489-9849c1fad0e3.jpg/250x188.webp https://prod.pictures.autoscout24.net/listing-images/0ba256d1-d4a2-410d-ac23-7f38d2ea4eab_f3674595-94c5-4d07-9332-a4cbeb320d2e.jpg/250x188.webp https://prod.pictures.autoscout24.net/listing-images/0ba256d1-d4a2-410d-ac23-7f38d2ea4eab_f065dd03-7782-42bd-80c8-2706e9d275d2.jpg/250x188.webp https://prod.pictures.autoscout24.net/listing-images/0ba256d1-d4a2-410d-ac23-7f38d2ea4eab_9312babd-7f9a-4366-8ffd-137dfebd0707.jpg/250x188.webp https://prod.pictures.autoscout24.net/listing-images/0ba256d1-d4a2-410d-ac23-7f38d2ea4eab_fe08a543-e36e-4c42-b087-8e130aa4f2a2.jpg/250x188.webp https://prod.pictures.autoscout24.net/listing-images/0ba256d1-d4a2-410d-ac23-7f38d2ea4eab_24065ea2-8cd0-4082-ac4a-36f5693862a1.jpg/250x188.webp https://prod.pictures.autoscout24.net/listing-images/0ba256d1-d4a2-410d-ac23-7f38d2ea4eab_63e36436-419a-4719-93ae-7132dacf9d42.jpg/250x188.webp https://prod.pictures.autoscout24.net/listing-images/0ba256d1-d4a2-410d-ac23-7f38d2ea4eab_58a3f03f-0b0d-4c36-87df-bfbf271e76d3.jpg/250x188.webp https://prod.pictures.autoscout24.net/listing-images/0ba256d1-d4a2-410d-ac23-7f38d2ea4eab_e6228ba8-5d54-4636-9a45-8b4a693b5762.jpg/250x188.webp,63.273818071645216,4338
f31aa206-f765-457d-aaa8-40e82ff33b4f,Nissan,Pulsar,1.2 DIG-T ACENTA 115pk M6,Dealer,9900,b,85200,10-2015,3650,https://prod.pictures.autoscout24.net/listing-images/f31aa206-f765-457d-aaa8-40e82ff33b4f_4696be09-bd1c-4585-b348-a55ce7eaa2bf.jpg/250x188.webp https://prod.pictures.autoscout24.net/listing-images/f31aa206-f765-457d-aaa8-40e82ff33b4f_02e07b4b-bce0-4d3c-bc90-f1fdbc95403a.jpg/250x188.webp https://prod.pictures.autoscout24.net/listing-images/f31aa206-f765-457d-aaa8-40e82ff33b4f_465804b2-2f64-47e4-b39d-065fd46849a1.jpg/250x188.webp https://prod.pictures.autoscout24.net/listing-images/f31aa206-f765-457d-aaa8-40e82ff33b4f_3fc08537-313c-4d5e-8644-d66e2d8b8c63.jpg/250x188.webp https://prod.pictures.autoscout24.net/listing-images/f31aa206-f765-457d-aaa8-40e82ff33b4f_777e0d12-152f-4912-8029-57cb13f53c66.jpg/250x188.webp https://prod.pictures.autoscout24.net/listing-images/f31aa206-f765-457d-aaa8-40e82ff33b4f_33d0a718-f53e-4ad8-9254-b05708627765.jpg/250x188.webp https://prod.pictures.autoscout24.net/listing-images/f31aa206-f765-457d-aaa8-40e82ff33b4f_9a810ffc-0506-4e8a-bf3c-49b184c6866a.jpg/250x188.webp https://prod.pictures.autoscout24.net/listing-images/f31aa206-f765-457d-aaa8-40e82ff33b4f_0cba0f90-7272-4c05-922d-5de3d4ac920e.jpg/250x188.webp https://prod.pictures.autoscout24.net/listing-images/f31aa206-f765-457d-aaa8-40e82ff33b4f_7f236adb-b674-4efa-a691-8944a94b950f.jpg/250x188.webp https://prod.pictures.autoscout24.net/listing-images/f31aa206-f765-457d-aaa8-40e82ff33b4f_ad1e9b64-50d6-4843-9f85-1e6aa7e22c95.jpg/250x188.webp https://prod.pictures.autoscout24.net/listing-images/f31aa206-f765-457d-aaa8-40e82ff33b4f_4cdd2602-34ad-429c-9dbc-5fe95b2553f0.jpg/250x188.webp https://prod.pictures.autoscout24.net/listing-images/f31aa206-f765-457d-aaa8-40e82ff33b4f_6dbc8741-b206-4977-84c4-40bd5e59c027.jpg/250x188.webp https://prod.pictures.autoscout24.net/listing-images/f31aa206-f765-457d-aaa8-40e82ff33b4f_fd5b63d6-241b-4aab-b755-d163fccf7214.jpg/250x188.webp https://prod.pictures.autoscout24.net/listing-images/f31aa206-f765-457d-aaa8-40e82ff33b4f_df7d125c-3c7e-4969-909d-c2624a947333.jpg/250x188.webp,99.0209056978415,2635
6234c0f0-b6ae-44e3-8c3c-61f58c7629a2,Nissan,NV400,BOX PLANCHER CABINE PERMIS B,Dealer,9900,d,201000,04-2014,4000,https://prod.pictures.autoscout24.net/listing-images/6234c0f0-b6ae-44e3-8c3c-61f58c7629a2_062bcc8c-e161-4de1-9163-4b36d14d52b0.jpg/250x188.webp https://prod.pictures.autoscout24.net/listing-images/6234c0f0-b6ae-44e3-8c3c-61f58c7629a2_1b8d24d6-54fc-4e25-a777-90a940b959ca.jpg/250x188.webp https://prod.pictures.autoscout24.net/listing-images/6234c0f0-b6ae-44e3-8c3c-61f58c7629a2_86012aea-2bd1-41fe-8f5f-eeca99148013.jpg/250x188.webp https://prod.pictures.autoscout24.net/listing-images/6234c0f0-b6ae-44e3-8c3c-61f58c7629a2_0a69aefb-fa78-4084-9dd0-265fc7a346e6.jpg/250x188.webp https://prod.pictures.autoscout24.net/listing-images/6234c0f0-b6ae-44e3-8c3c-61f58c7629a2_2d38ca62-3a03-4e46-a72e-d845851e713d.jpg/250x188.webp https://prod.pictures.autoscout24.net/listing-images/6234c0f0-b6ae-44e3-8c3c-61f58c7629a2_c8b0d8f7-bf7f-4fd8-88ed-267e8be19676.jpg/250x188.webp,118.53949006185148,3183
de042fee-d45f-471b-a55d-ac7669872d15,Nissan,Juke,1.6i Connect Edition - Clim Gps Camera Ja 18,Dealer,9950,b,78000,04-2014,6220,https://prod.pictures.autoscout24.net/listing-images/de042fee-d45f-471b-a55d-ac7669872d15_0385c0b5-d4ea-445a-b00e-4e76da842e20.jpg/250x188.webp https://prod.pictures.autoscout24.net/listing-images/de042fee-d45f-471b-a55d-ac7669872d15_27ee6c39-8cfb-41f2-8661-64ff09495d30.jpg/250x188.webp https://prod.pictures.autoscout24.net/listing-images/de042fee-d45f-471b-a55d-ac7669872d15_2a489929-e4f1-4e45-8f9c-2566b1abb912.jpg/250x188.webp https://prod.pictures.autoscout24.net/listing-images/de042fee-d45f-471b-a55d-ac7669872d15_bf2e8156-4dc9-4c99-8e0a-ba1828b6c27f.jpg/250x188.webp https://prod.pictures.autoscout24.net/listing-images/de042fee-d45f-471b-a55d-ac7669872d15_4a935b4c-3dd1-4a2d-92c5-ab4a0a6c3c09.jpg/250x188.webp https://prod.pictures.autoscout24.net/listing-images/de042fee-d45f-471b-a55d-ac7669872d15_fcdd4172-76ad-44b5-a5a1-6d0779cbbc30.jpg/250x188.webp https://prod.pictures.autoscout24.net/listing-images/de042fee-d45f-471b-a55d-ac7669872d15_3ce70090-2c83-4322-8c95-33a24905947c.jpg/250x188.webp https://prod.pictures.autoscout24.net/listing-images/de042fee-d45f-471b-a55d-ac7669872d15_a2cc21c6-f084-4f72-a6df-02f6a9f7e07b.jpg/250x188.webp https://prod.pictures.autoscout24.net/listing-images/de042fee-d45f-471b-a55d-ac7669872d15_df475785-97c0-4dbd-8b2f-ee0c7837ede1.jpg/250x188.webp https://prod.pictures.autoscout24.net/listing-images/de042fee-d45f-471b-a55d-ac7669872d15_327a8cd2-4eec-4ddc-b8ce-8478538f8b60.jpg/250x188.webp https://prod.pictures.autoscout24.net/listing-images/de042fee-d45f-471b-a55d-ac7669872d15_c3491ea6-e26a-4979-9162-0697ec8e9526.jpg/250x188.webp https://prod.pictures.autoscout24.net/listing-images/de042fee-d45f-471b-a55d-ac7669872d15_77404360-dbde-4001-8258-802a58df2717.jpg/250x188.webp https://prod.pictures.autoscout24.net/listing-images/de042fee-d45f-471b-a55d-ac7669872d15_efbebdab-8d3d-437f-b819-3fe552a03982.jpg/250x188.webp https://prod.pictures.autoscout24.net/listing-images/de042fee-d45f-471b-a55d-ac7669872d15_a81daabf-ef4b-4772-9392-03035d2040a1.jpg/250x188.webp https://prod.pictures.autoscout24.net/listing-images/de042fee-d45f-471b-a55d-ac7669872d15_fdf2559d-7e92-45a3-b78c-b4f99bf95026.jpg/250x188.webp,109.54249226439103,3183
3a2b4a70-3299-47b0-91c6-ec84fdb39cec,Nissan,NV200,1.6i Visia / etat neuf / 5 place / garantie 1an,Dealer,9950,b,184000,01-2015,6020,https://prod.pictures.autoscout24.net/listing-images/3a2b4a70-3299-47b0-91c6-ec84fdb39cec_731b95d9-00bd-4dfc-a4aa-2948da80253c.jpg/250x188.webp https://prod.pictures.autoscout24.net/listing-images/3a2b4a70-3299-47b0-91c6-ec84fdb39cec_28d509bc-a9e7-408b-a511-e57569dc2486.jpg/250x188.webp https://prod.pictures.autoscout24.net/listing-images/3a2b4a70-3299-47b0-91c6-ec84fdb39cec_4af885d5-091d-4178-863f-eeb5e938280f.jpg/250x188.webp https://prod.pictures.autoscout24.net/listing-images/3a2b4a70-3299-47b0-91c6-ec84fdb39cec_a80af45d-721b-40b8-af2c-bfa375642913.jpg/250x188.webp https://prod.pictures.autoscout24.net/listing-images/3a2b4a70-3299-47b0-91c6-ec84fdb39cec_5528bc80-7f9a-47af-92db-336c30f7b727.jpg/250x188.webp https://prod.pictures.autoscout24.net/listing-images/3a2b4a70-3299-47b0-91c6-ec84fdb39cec_b603536e-61dc-4b19-ba42-9edac0e0574a.jpg/250x188.webp https://prod.pictures.autoscout24.net/listing-images/3a2b4a70-3299-47b0-91c6-ec84fdb39cec_14486653-0ca5-4136-a3c0-fea890465d3e.jpg/250x188.webp https://prod.pictures.autoscout24.net/listing-images/3a2b4a70-3299-47b0-91c6-ec84fdb39cec_9d29a006-4856-4f96-b4ed-8368609d568f.jpg/250x188.webp https://prod.pictures.autoscout24.net/listing-images/3a2b4a70-3299-47b0-91c6-ec84fdb39cec_0fd1f8d9-6267-4b70-9b08-d7f43bfc3aa4.jpg/250x188.webp https://prod.pictures.autoscout24.net/listing-images/3a2b4a70-3299-47b0-91c6-ec84fdb39cec_b0616255-0455-46c8-b4e3-d6996c5e9226.jpg/250x188.webp https://prod.pictures.autoscout24.net/listing-images/3a2b4a70-3299-47b0-91c6-ec84fdb39cec_7a2e30e6-64d3-4438-b603-2822522137d0.jpg/250x188.webp https://prod.pictures.autoscout24.net/listing-images/3a2b4a70-3299-47b0-91c6-ec84fdb39cec_dfe8bc14-d829-4978-832c-75c860f0a9b2.jpg/250x188.webp https://prod.pictures.autoscout24.net/listing-images/3a2b4a70-3299-47b0-91c6-ec84fdb39cec_96fca3c3-c7a5-46e8-937c-939c5f2fae05.jpg/250x188.webp,116.87427855072593,2908
8fbd7d77-24a8-49db-a9a2-ce8b504b7836,Nissan,Juke,1.5 dCi 2WD Acenta+AIRCO+CRUISE+CARNET+CT+CARPASS,Dealer,9950,d,129500,07-2016,1620,https://prod.pictures.autoscout24.net/listing-images/8fbd7d77-24a8-49db-a9a2-ce8b504b7836_4545a144-8957-4018-b6eb-952ee10b496c.jpg/250x188.webp https://prod.pictures.autoscout24.net/listing-images/8fbd7d77-24a8-49db-a9a2-ce8b504b7836_19531c8d-1415-4e5a-b7fd-869efcffcb32.jpg/250x188.webp https://prod.pictures.autoscout24.net/listing-images/8fbd7d77-24a8-49db-a9a2-ce8b504b7836_36ff2357-c85c-4961-a140-ef2a3bff1b5e.jpg/250x188.webp https://prod.pictures.autoscout24.net/listing-images/8fbd7d77-24a8-49db-a9a2-ce8b504b7836_6bfdfc22-0c10-41ec-b4a1-912560506145.jpg/250x188.webp https://prod.pictures.autoscout24.net/listing-images/8fbd7d77-24a8-49db-a9a2-ce8b504b7836_6f5eb6d2-0da9-4da0-b016-5908fa0d1aac.jpg/250x188.webp https://prod.pictures.autoscout24.net/listing-images/8fbd7d77-24a8-49db-a9a2-ce8b504b7836_32bba5cf-46f8-4b90-a831-bdc9864ac418.jpg/250x188.webp https://prod.pictures.autoscout24.net/listing-images/8fbd7d77-24a8-49db-a9a2-ce8b504b7836_66bbff3c-d83c-4b7b-9186-12afdd256c51.jpg/250x188.webp https://prod.pictures.autoscout24.net/listing-images/8fbd7d77-24a8-49db-a9a2-ce8b504b7836_b8594693-7de3-4aa9-9d7a-c647a3d46dbb.jpg/250x188.webp https://prod.pictures.autoscout24.net/listing-images/8fbd7d77-24a8-49db-a9a2-ce8b504b7836_c0be567a-d603-4661-9f65-701e6c6c370c.jpg/250x188.webp https://prod.pictures.autoscout24.net/listing-images/8fbd7d77-24a8-49db-a9a2-ce8b504b7836_f351767e-f88b-4c1a-bc9b-220a659fbde4.jpg/250x188.webp https://prod.pictures.autoscout24.net/listing-images/8fbd7d77-24a8-49db-a9a2-ce8b504b7836_d2d9c834-be7c-45d7-8ffa-17e8ddd70581.jpg/250x188.webp https://prod.pictures.autoscout24.net/listing-images/8fbd7d77-24a8-49db-a9a2-ce8b504b7836_b0e48c88-95c5-4179-90b1-e5a0cc0b8b8f.jpg/250x188.webp https://prod.pictures.autoscout24.net/listing-images/8fbd7d77-24a8-49db-a9a2-ce8b504b7836_164e5596-a38b-403c-85c0-acb3d985bae8.jpg/250x188.webp https://prod.pictures.autoscout24.net/listing-images/8fbd7d77-24a8-49db-a9a2-ce8b504b7836_e4c67cc2-935d-44f6-a1db-c501a48c32b7.jpg/250x188.webp https://prod.pictures.autoscout24.net/listing-images/8fbd7d77-24a8-49db-a9a2-ce8b504b7836_c09c8234-1357-4764-aeed-7c6cb8505968.jpg/250x188.webp https://prod.pictures.autoscout24.net/listing-images/8fbd7d77-24a8-49db-a9a2-ce8b504b7836_97c3b55b-e31d-426b-9ed0-6afdd08ecf58.jpg/250x188.webp,76.4415139283917,2361
7bdf0477-6585-4f2d-8a05-5025a837c1e6,Nissan,Juke,1.6 Turbo Urban Premium,Dealer,9950,b,64000,10-2011,3520,https://prod.pictures.autoscout24.net/listing-images/7bdf0477-6585-4f2d-8a05-5025a837c1e6_7b57b18a-f2c4-4f86-8ecc-ae31b0d1dcd2.jpg/250x188.webp https://prod.pictures.autoscout24.net/listing-images/7bdf0477-6585-4f2d-8a05-5025a837c1e6_13c6decc-078a-4c32-a4b4-db64b7ff7be2.jpg/250x188.webp https://prod.pictures.autoscout24.net/listing-images/7bdf0477-6585-4f2d-8a05-5025a837c1e6_50c2f092-9506-4e16-a6bb-8b871eb5647e.jpg/250x188.webp https://prod.pictures.autoscout24.net/listing-images/7bdf0477-6585-4f2d-8a05-5025a837c1e6_66d96cd7-5e44-4f2b-b321-f4a073c30fac.jpg/250x188.webp https://prod.pictures.autoscout24.net/listing-images/7bdf0477-6585-4f2d-8a05-5025a837c1e6_fa467ba4-34ce-4869-9aed-d1ef18881dd4.jpg/250x188.webp https://prod.pictures.autoscout24.net/listing-images/7bdf0477-6585-4f2d-8a05-5025a837c1e6_b6212078-83b0-4bbf-97aa-75adbe4b891c.jpg/250x188.webp https://prod.pictures.autoscout24.net/listing-images/7bdf0477-6585-4f2d-8a05-5025a837c1e6_e29a2cb3-3610-4d78-8423-ec19bd291844.jpg/250x188.webp https://prod.pictures.autoscout24.net/listing-images/7bdf0477-6585-4f2d-8a05-5025a837c1e6_10f14b7c-8d4e-4eec-8cad-eb46a9f11b97.jpg/250x188.webp https://prod.pictures.autoscout24.net/listing-images/7bdf0477-6585-4f2d-8a05-5025a837c1e6_c3c10588-c070-4e88-ac8c-8ccaf0017768.jpg/250x188.webp https://prod.pictures.autoscout24.net/listing-images/7bdf0477-6585-4f2d-8a05-5025a837c1e6_95e94099-9fa2-4570-8bb0-528fdd46d2ac.jpg/250x188.webp https://prod.pictures.autoscout24.net/listing-images/7bdf0477-6585-4f2d-8a05-5025a837c1e6_1340004a-9fcc-4f2d-a2ee-73764acd017c.jpg/250x188.webp https://prod.pictures.autoscout24.net/listing-images/7bdf0477-6585-4f2d-8a05-5025a837c1e6_3707c832-2e60-4053-b2f8-dd30f4ded6d3.jpg/250x188.webp https://prod.pictures.autoscout24.net/listing-images/7bdf0477-6585-4f2d-8a05-5025a837c1e6_29570588-0322-4fe5-9165-7cd25f034450.jpg/250x188.webp,82.07861349342659,4096
61f2227b-b26f-4082-b25d-481abc3f03f0,Nissan,Pulsar,1.2i *GARANTIE  MOIS*GPS*CAMERA AR*AIRCO*,Dealer,9950,b,99000,11-2014,4000,https://prod.pictures.autoscout24.net/listing-images/61f2227b-b26f-4082-b25d-481abc3f03f0_5034b60e-3b68-458c-a383-f701d087d2a3.jpg/250x188.webp https://prod.pictures.autoscout24.net/listing-images/61f2227b-b26f-4082-b25d-481abc3f03f0_6eb49f9f-bfaa-40a1-be07-164e36b880e5.jpg/250x188.webp https://prod.pictures.autoscout24.net/listing-images/61f2227b-b26f-4082-b25d-481abc3f03f0_12999826-1891-4e84-a1ba-89db0a481ca8.jpg/250x188.webp https://prod.pictures.autoscout24.net/listing-images/61f2227b-b26f-4082-b25d-481abc3f03f0_e107a0b9-880e-4aa9-bc43-16ca33269843.jpg/250x188.webp https://prod.pictures.autoscout24.net/listing-images/61f2227b-b26f-4082-b25d-481abc3f03f0_63019312-01f0-467f-950a-0a2c6f6ad272.jpg/250x188.webp https://prod.pictures.autoscout24.net/listing-images/61f2227b-b26f-4082-b25d-481abc3f03f0_8c8fe538-99f7-4fb4-a4fd-bb2786b33abd.jpg/250x188.webp https://prod.pictures.autoscout24.net/listing-images/61f2227b-b26f-4082-b25d-481abc3f03f0_d981567e-894c-415c-9a99-5440ef530583.jpg/250x188.webp https://prod.pictures.autoscout24.net/listing-images/61f2227b-b26f-4082-b25d-481abc3f03f0_547e5ded-459d-4d45-9574-12cdb16322ff.jpg/250x188.webp https://prod.pictures.autoscout24.net/listing-images/61f2227b-b26f-4082-b25d-481abc3f03f0_078ff8cd-b3cd-4af8-ba3f-2b1809ce85f5.jpg/250x188.webp https://prod.pictures.autoscout24.net/listing-images/61f2227b-b26f-4082-b25d-481abc3f03f0_2d97fb1c-7474-47b9-909c-be69a4faa317.jpg/250x188.webp https://prod.pictures.autoscout24.net/listing-images/61f2227b-b26f-4082-b25d-481abc3f03f0_2a86fbae-deed-4809-a98c-543999cc9bd3.jpg/250x188.webp https://prod.pictures.autoscout24.net/listing-images/61f2227b-b26f-4082-b25d-481abc3f03f0_b2fdf2c9-bd77-415b-b6f9-143c01ac2366.jpg/250x188.webp https://prod.pictures.autoscout24.net/listing-images/61f2227b-b26f-4082-b25d-481abc3f03f0_53fb891c-b66d-4549-a3b3-7fd2f7bd26a0.jpg/250x188.webp https://prod.pictures.autoscout24.net/listing-images/61f2227b-b26f-4082-b25d-481abc3f03f0_2c723601-6600-46d1-87bb-bb7b6e011f12.jpg/250x188.webp https://prod.pictures.autoscout24.net/listing-images/61f2227b-b26f-4082-b25d-481abc3f03f0_0289b6ea-57eb-4808-af81-c563f6a37b05.jpg/250x188.webp https://prod.pictures.autoscout24.net/listing-images/61f2227b-b26f-4082-b25d-481abc3f03f0_51d1adaf-554a-4f48-b48e-95a348d09a1c.jpg/250x188.webp,118.53949006185148,2969
d4901bd9-5da1-48cc-b516-cbc65f115173,Nissan,Micra,nissan Micra 1.0 benzine 2017 22 000KM 12M Garanti,Dealer,9950,b,22000,09-2017,1980,https://prod.pictures.autoscout24.net/listing-images/d4901bd9-5da1-48cc-b516-cbc65f115173_e4df6715-e57d-4084-8256-63b5b7261f3d.jpg/250x188.webp https://prod.pictures.autoscout24.net/listing-images/d4901bd9-5da1-48cc-b516-cbc65f115173_57556ba2-db46-4703-a3a9-f209b411e4f2.jpg/250x188.webp https://prod.pictures.autoscout24.net/listing-images/d4901bd9-5da1-48cc-b516-cbc65f115173_b61ccc2e-16b2-464d-9cd0-22c08ec3f071.jpg/250x188.webp https://prod.pictures.autoscout24.net/listing-images/d4901bd9-5da1-48cc-b516-cbc65f115173_20c8d9aa-a136-4069-a1b0-c02e90977a55.jpg/250x188.webp https://prod.pictures.autoscout24.net/listing-images/d4901bd9-5da1-48cc-b516-cbc65f115173_e97c471f-5681-4263-bac5-0de621112992.jpg/250x188.webp https://prod.pictures.autoscout24.net/listing-images/d4901bd9-5da1-48cc-b516-cbc65f115173_9253c2a6-0233-47d0-b637-10b40d2b7eee.jpg/250x188.webp https://prod.pictures.autoscout24.net/listing-images/d4901bd9-5da1-48cc-b516-cbc65f115173_7326bc05-a346-463f-976a-40b7af5124dd.jpg/250x188.webp https://prod.pictures.autoscout24.net/listing-images/d4901bd9-5da1-48cc-b516-cbc65f115173_e6b37b63-74e3-42d1-9dbe-11b4e32087e9.jpg/250x188.webp https://prod.pictures.autoscout24.net/listing-images/d4901bd9-5da1-48cc-b516-cbc65f115173_dfbc88b8-b470-4613-8c2b-1539f3661385.jpg/250x188.webp https://prod.pictures.autoscout24.net/listing-images/d4901bd9-5da1-48cc-b516-cbc65f115173_7f9fafa7-66f8-4230-b6eb-d6442d946d58.jpg/250x188.webp https://prod.pictures.autoscout24.net/listing-images/d4901bd9-5da1-48cc-b516-cbc65f115173_5f9fe6fb-6c1a-4770-bda4-eab84284ce37.jpg/250x188.webp https://prod.pictures.autoscout24.net/listing-images/d4901bd9-5da1-48cc-b516-cbc65f115173_83677f98-c0d2-4649-9f1f-a9ef379bbacc.jpg/250x188.webp,56.21438376025373,1934
c108d7dc-2257-4265-8d36-7260406526d6,Nissan,Qashqai,1.5 dCi DPF I-Way,Dealer,9950,d,64500,09-2012,1780,https://prod.pictures.autoscout24.net/listing-images/c108d7dc-2257-4265-8d36-7260406526d6_7262a959-dc1b-4847-a6ed-effc6e1b8ada.jpg/250x188.webp https://prod.pictures.autoscout24.net/listing-images/c108d7dc-2257-4265-8d36-7260406526d6_7cd97b7f-2f26-47b4-afcb-b54ca1f40b75.jpg/250x188.webp https://prod.pictures.autoscout24.net/listing-images/c108d7dc-2257-4265-8d36-7260406526d6_b30cd142-9344-4d22-b806-f61f941ca94f.jpg/250x188.webp https://prod.pictures.autoscout24.net/listing-images/c108d7dc-2257-4265-8d36-7260406526d6_4651574d-5ff4-49d8-9aa7-1ee3fa7caf84.jpg/250x188.webp https://prod.pictures.autoscout24.net/listing-images/c108d7dc-2257-4265-8d36-7260406526d6_41425eb0-b6bb-4e80-a690-e6f86ec735aa.jpg/250x188.webp https://prod.pictures.autoscout24.net/listing-images/c108d7dc-2257-4265-8d36-7260406526d6_c8860c4b-61db-49b9-9efb-761fe9637750.jpg/250x188.webp https://prod.pictures.autoscout24.net/listing-images/c108d7dc-2257-4265-8d36-7260406526d6_9ddf54e7-696b-4cea-a662-4d81ff77675e.jpg/250x188.webp https://prod.pictures.autoscout24.net/listing-images/c108d7dc-2257-4265-8d36-7260406526d6_446eea82-2056-4a5a-a598-148d118e7b54.jpg/250x188.webp https://prod.pictures.autoscout24.net/listing-images/c108d7dc-2257-4265-8d36-7260406526d6_7eb8de0b-78fa-4e6f-a703-88c80632ba0f.jpg/250x188.webp https://prod.pictures.autoscout24.net/listing-images/c108d7dc-2257-4265-8d36-7260406526d6_772f7fed-6f10-44f1-aa07-bb829c5bda50.jpg/250x188.webp https://prod.pictures.autoscout24.net/listing-images/c108d7dc-2257-4265-8d36-7260406526d6_8f59de44-d8c4-4986-98bc-072e0e3149d0.jpg/250x188.webp,63.273818071645216,3760
a67c8ed2-f45a-46e6-83a8-22834c4ecb97,Nissan,Juke,1.6i benzine CVT Automaat PROBLEEM VERSNELLINGSBAK,Dealer,9950,b,39780,06-2014,2300,https://prod.pictures.autoscout24.net/listing-images/a67c8ed2-f45a-46e6-83a8-22834c4ecb97_ce7b1863-c6c6-4e4b-a8e9-0cb87403b506.jpg/250x188.webp https://prod.pictures.autoscout24.net/listing-images/a67c8ed2-f45a-46e6-83a8-22834c4ecb97_e80d662c-a398-4235-973f-d7727c10821a.jpg/250x188.webp https://prod.pictures.autoscout24.net/listing-images/a67c8ed2-f45a-46e6-83a8-22834c4ecb97_9f5d67af-63d6-41b6-b7c7-0c92358e2d91.jpg/250x188.webp https://prod.pictures.autoscout24.net/listing-images/a67c8ed2-f45a-46e6-83a8-22834c4ecb97_1daa79af-1750-45c8-8576-88bb227ca3db.jpg/250x188.webp https://prod.pictures.autoscout24.net/listing-images/a67c8ed2-f45a-46e6-83a8-22834c4ecb97_fa3eea21-b7e1-4c50-a213-93a3505c9ca7.jpg/250x188.webp https://prod.pictures.autoscout24.net/listing-images/a67c8ed2-f45a-46e6-83a8-22834c4ecb97_04a539b8-f9e9-4b89-86a5-877ba840c0d2.jpg/250x188.webp https://prod.pictures.autoscout24.net/listing-images/a67c8ed2-f45a-46e6-83a8-22834c4ecb97_c25230c7-5f0b-4d2c-9069-6baae40b6ca2.jpg/250x188.webp https://prod.pictures.autoscout24.net/listing-images/a67c8ed2-f45a-46e6-83a8-22834c4ecb97_48427255-aa84-4ace-8de2-d9d519a37317.jpg/250x188.webp https://prod.pictures.autoscout24.net/listing-images/a67c8ed2-f45a-46e6-83a8-22834c4ecb97_01fa3a56-b2ce-467c-bcea-46e9a1648bb0.jpg/250x188.webp https://prod.pictures.autoscout24.net/listing-images/a67c8ed2-f45a-46e6-83a8-22834c4ecb97_12f99f57-cb63-476d-8d86-70e77f5a8014.jpg/250x188.webp,36.751136569594,3122
1a44b079-fc5a-45be-a6e5-f3243b9355d0,Nissan,Juke,1.6i  Visia,Dealer,9950,b,79624,04-2015,7520,https://prod.pictures.autoscout24.net/listing-images/1a44b079-fc5a-45be-a6e5-f3243b9355d0_0306b5ca-a85f-4d64-b5cc-c36c742c4dfe.jpg/250x188.webp https://prod.pictures.autoscout24.net/listing-images/1a44b079-fc5a-45be-a6e5-f3243b9355d0_6c73cb61-4c30-44b4-a44c-bcbbe7c1c8a2.jpg/250x188.webp https://prod.pictures.autoscout24.net/listing-images/1a44b079-fc5a-45be-a6e5-f3243b9355d0_0c92dab7-0798-46e8-b2ca-ec2318cb24b4.jpg/250x188.webp https://prod.pictures.autoscout24.net/listing-images/1a44b079-fc5a-45be-a6e5-f3243b9355d0_20d3414b-ecf4-4df6-aa66-33654159f432.jpg/250x188.webp https://prod.pictures.autoscout24.net/listing-images/1a44b079-fc5a-45be-a6e5-f3243b9355d0_fa8bd44d-c442-4444-ab16-e4ecc7c102a4.jpg/250x188.webp https://prod.pictures.autoscout24.net/listing-images/1a44b079-fc5a-45be-a6e5-f3243b9355d0_39a67571-96cd-42a6-b717-b7739ef15c87.jpg/250x188.webp https://prod.pictures.autoscout24.net/listing-images/1a44b079-fc5a-45be-a6e5-f3243b9355d0_ead16e9e-25ec-4293-883d-b23ba60ecd77.jpg/250x188.webp https://prod.pictures.autoscout24.net/listing-images/1a44b079-fc5a-45be-a6e5-f3243b9355d0_e7519438-df5b-4d6d-bc23-f7bc754e5964.jpg/250x188.webp https://prod.pictures.autoscout24.net/listing-images/1a44b079-fc5a-45be-a6e5-f3243b9355d0_ccb4c2b8-b4ea-4be7-8569-02b61379b2e4.jpg/250x188.webp https://prod.pictures.autoscout24.net/listing-images/1a44b079-fc5a-45be-a6e5-f3243b9355d0_b0505fe4-a67c-4f24-801c-89ef21c78eb7.jpg/250x188.webp https://prod.pictures.autoscout24.net/listing-images/1a44b079-fc5a-45be-a6e5-f3243b9355d0_e9336bb4-d084-45f7-acc4-69d93b41c167.jpg/250x188.webp https://prod.pictures.autoscout24.net/listing-images/1a44b079-fc5a-45be-a6e5-f3243b9355d0_3474a075-e407-4241-8ab8-28b7b7c86da3.jpg/250x188.webp https://prod.pictures.autoscout24.net/listing-images/1a44b079-fc5a-45be-a6e5-f3243b9355d0_bc4e8fa9-0919-4b23-8814-35c6cf8a3b90.jpg/250x188.webp https://prod.pictures.autoscout24.net/listing-images/1a44b079-fc5a-45be-a6e5-f3243b9355d0_602d03a0-7a92-4b02-8479-be745133bfd3.jpg/250x188.webp https://prod.pictures.autoscout24.net/listing-images/1a44b079-fc5a-45be-a6e5-f3243b9355d0_260def74-bf78-4cfc-aa41-6755bb8c0d0d.jpg/250x188.webp https://prod.pictures.autoscout24.net/listing-images/1a44b079-fc5a-45be-a6e5-f3243b9355d0_6417703b-b11e-4c1b-b8f5-3dd05a639092.jpg/250x188.webp https://prod.pictures.autoscout24.net/listing-images/1a44b079-fc5a-45be-a6e5-f3243b9355d0_dd7f1c5e-63ba-4281-93e6-44c3964ca3e8.jpg/250x188.webp,121.71883282206925,2818
14741df1-eb89-4b88-89ae-e6ee0fdb0a5a,Nissan,Qashqai,1.5 dCi | Tekna | Panodak | Camera | EUR5b | A/C |,Dealer,9988,d,202456,11-2014,2610,https://prod.pictures.autoscout24.net/listing-images/14741df1-eb89-4b88-89ae-e6ee0fdb0a5a_1d89ea8b-58d8-4274-905a-df794ce0541d.jpg/250x188.webp https://prod.pictures.autoscout24.net/listing-images/14741df1-eb89-4b88-89ae-e6ee0fdb0a5a_b16f23b2-c8ab-4b78-b6d4-bc56b178983d.jpg/250x188.webp https://prod.pictures.autoscout24.net/listing-images/14741df1-eb89-4b88-89ae-e6ee0fdb0a5a_5d9fd4d6-15b4-4b1b-84c7-324b0d5e7e18.jpg/250x188.webp https://prod.pictures.autoscout24.net/listing-images/14741df1-eb89-4b88-89ae-e6ee0fdb0a5a_c66cd71f-2013-4474-9ff5-c989d7523ccf.jpg/250x188.webp https://prod.pictures.autoscout24.net/listing-images/14741df1-eb89-4b88-89ae-e6ee0fdb0a5a_6c478a70-3328-4ba3-ba8e-1a5166aaa0a9.jpg/250x188.webp https://prod.pictures.autoscout24.net/listing-images/14741df1-eb89-4b88-89ae-e6ee0fdb0a5a_f6473b88-0563-44cf-a149-7221871b4d11.jpg/250x188.webp https://prod.pictures.autoscout24.net/listing-images/14741df1-eb89-4b88-89ae-e6ee0fdb0a5a_25916e54-18bf-4fab-9dc7-3fffe96e5408.jpg/250x188.webp https://prod.pictures.autoscout24.net/listing-images/14741df1-eb89-4b88-89ae-e6ee0fdb0a5a_f7efbcc4-099c-4f51-9b55-4ad7787e9fe7.jpg/250x188.webp https://prod.pictures.autoscout24.net/listing-images/14741df1-eb89-4b88-89ae-e6ee0fdb0a5a_1e15eed0-c082-4cbd-ace6-ccfffb938e41.jpg/250x188.webp https://prod.pictures.autoscout24.net/listing-images/14741df1-eb89-4b88-89ae-e6ee0fdb0a5a_b7e437eb-021a-46bc-a79d-4cac14028655.jpg/250x188.webp https://prod.pictures.autoscout24.net/listing-images/14741df1-eb89-4b88-89ae-e6ee0fdb0a5a_06f66167-7b0b-41ca-94a9-8fc7af1c07e1.jpg/250x188.webp https://prod.pictures.autoscout24.net/listing-images/14741df1-eb89-4b88-89ae-e6ee0fdb0a5a_24b740f6-2d23-4a64-8185-b5673079ba05.jpg/250x188.webp https://prod.pictures.autoscout24.net/listing-images/14741df1-eb89-4b88-89ae-e6ee0fdb0a5a_6d9b9928-4c06-4749-959d-12ff6813eee1.jpg/250x188.webp https://prod.pictures.autoscout24.net/listing-images/14741df1-eb89-4b88-89ae-e6ee0fdb0a5a_4f568b5d-d92e-4387-bb22-fa3e929d4bf6.jpg/250x188.webp https://prod.pictures.autoscout24.net/listing-images/14741df1-eb89-4b88-89ae-e6ee0fdb0a5a_d93e8d93-baa1-4878-a6b8-c2dd3f571cb2.jpg/250x188.webp https://prod.pictures.autoscout24.net/listing-images/14741df1-eb89-4b88-89ae-e6ee0fdb0a5a_4c7c521c-8f28-4dfb-9e4b-f199cf6d3cf2.jpg/250x188.webp https://prod.pictures.autoscout24.net/listing-images/14741df1-eb89-4b88-89ae-e6ee0fdb0a5a_e59995cd-55dd-414a-99a8-ae1a55f5b2a8.jpg/250x188.webp https://prod.pictures.autoscout24.net/listing-images/14741df1-eb89-4b88-89ae-e6ee0fdb0a5a_770886c4-0dff-47ea-bbd5-a23e2b14314f.jpg/250x188.webp https://prod.pictures.autoscout24.net/listing-images/14741df1-eb89-4b88-89ae-e6ee0fdb0a5a_6fb0efc2-3dd5-4676-9769-c5f76813498c.jpg/250x188.webp https://prod.pictures.autoscout24.net/listing-images/14741df1-eb89-4b88-89ae-e6ee0fdb0a5a_83b90272-efde-4046-b6ec-9eafb4de9f8d.jpg/250x188.webp https://prod.pictures.autoscout24.net/listing-images/14741df1-eb89-4b88-89ae-e6ee0fdb0a5a_83da2c71-c395-4820-a0c8-108b73ec5679.jpg/250x188.webp https://prod.pictures.autoscout24.net/listing-images/14741df1-eb89-4b88-89ae-e6ee0fdb0a5a_8e4c613d-2b68-4880-affc-cfb57cf0678e.jpg/250x188.webp https://prod.pictures.autoscout24.net/listing-images/14741df1-eb89-4b88-89ae-e6ee0fdb0a5a_69720a76-34f0-4240-9a90-07b3da6c68a4.jpg/250x188.webp https://prod.pictures.autoscout24.net/listing-images/14741df1-eb89-4b88-89ae-e6ee0fdb0a5a_ecd33a31-b4f6-4a66-9426-9dae92f1a5e0.jpg/250x188.webp,33.817501233272104,2969
d32055b8-1189-4539-8c88-72bfaaa028b8,Nissan,Juke,1.6i 2WD Visia // GARANTIE 12 MOIS // CLIM //,Dealer,9990,b,67441,04-2012,7033,https://prod.pictures.autoscout24.net/listing-images/d32055b8-1189-4539-8c88-72bfaaa028b8_585bfdf3-aa00-409b-9457-8cd9e4853886.jpg/250x188.webp https://prod.pictures.autoscout24.net/listing-images/d32055b8-1189-4539-8c88-72bfaaa028b8_113b145b-fcea-41a6-8a61-8c39f318a35d.jpg/250x188.webp https://prod.pictures.autoscout24.net/listing-images/d32055b8-1189-4539-8c88-72bfaaa028b8_343c5b57-646b-4e13-b770-a9d2db006cff.jpg/250x188.webp https://prod.pictures.autoscout24.net/listing-images/d32055b8-1189-4539-8c88-72bfaaa028b8_16a32b63-a84f-4b3d-84b3-52550a57604e.jpg/250x188.webp https://prod.pictures.autoscout24.net/listing-images/d32055b8-1189-4539-8c88-72bfaaa028b8_3722bad1-1173-4c66-b2e4-2cbfc4fddf4a.jpg/250x188.webp https://prod.pictures.autoscout24.net/listing-images/d32055b8-1189-4539-8c88-72bfaaa028b8_711e8db3-1722-47ba-8828-4dc92a795829.jpg/250x188.webp https://prod.pictures.autoscout24.net/listing-images/d32055b8-1189-4539-8c88-72bfaaa028b8_f74650aa-d4a7-4e9d-b791-9e58c342d1ca.jpg/250x188.webp https://prod.pictures.autoscout24.net/listing-images/d32055b8-1189-4539-8c88-72bfaaa028b8_f63f7e12-a3e7-428d-a970-7c5f4677286e.jpg/250x188.webp https://prod.pictures.autoscout24.net/listing-images/d32055b8-1189-4539-8c88-72bfaaa028b8_57f69b2f-f11b-422b-be9c-9cae66e787e2.jpg/250x188.webp https://prod.pictures.autoscout24.net/listing-images/d32055b8-1189-4539-8c88-72bfaaa028b8_2ea0e09d-b61e-412f-80a5-6bcb23aee907.jpg/250x188.webp https://prod.pictures.autoscout24.net/listing-images/d32055b8-1189-4539-8c88-72bfaaa028b8_bf258d3c-b38a-4353-8c4c-342a2ffd4ca7.jpg/250x188.webp https://prod.pictures.autoscout24.net/listing-images/d32055b8-1189-4539-8c88-72bfaaa028b8_b912318a-6029-4771-8ec9-bb070f83dcd9.jpg/250x188.webp https://prod.pictures.autoscout24.net/listing-images/d32055b8-1189-4539-8c88-72bfaaa028b8_789fb401-20dd-48dd-9e1c-debb05714fde.jpg/250x188.webp https://prod.pictures.autoscout24.net/listing-images/d32055b8-1189-4539-8c88-72bfaaa028b8_a76aa12b-77c3-4266-9f12-2639e1becdab.jpg/250x188.webp https://prod.pictures.autoscout24.net/listing-images/d32055b8-1189-4539-8c88-72bfaaa028b8_72ac6cdf-238d-4038-8cd9-6e41d6e36667.jpg/250x188.webp,120.92234590410432,3913
7b29cbd9-0f01-4a3f-b8c2-5ad7bd55057d,Nissan,Juke,"1.5 dCi, Diesel, Très propre; Garantie 1 An",Dealer,9990,d,111620,04-2014,5070,https://prod.pictures.autoscout24.net/listing-images/7b29cbd9-0f01-4a3f-b8c2-5ad7bd55057d_5bc3c9ec-72f5-4e3c-ad4b-aab8586fbd73.jpg/250x188.webp https://prod.pictures.autoscout24.net/listing-images/7b29cbd9-0f01-4a3f-b8c2-5ad7bd55057d_d305f57b-68cd-4663-ab36-ef46a40fb242.jpg/250x188.webp https://prod.pictures.autoscout24.net/listing-images/7b29cbd9-0f01-4a3f-b8c2-5ad7bd55057d_1d9f9637-bbb2-4def-b66b-5348edd6bc74.jpg/250x188.webp https://prod.pictures.autoscout24.net/listing-images/7b29cbd9-0f01-4a3f-b8c2-5ad7bd55057d_0cf8c39e-9a0c-47a9-9e3a-a8f57951d19f.jpg/250x188.webp https://prod.pictures.autoscout24.net/listing-images/7b29cbd9-0f01-4a3f-b8c2-5ad7bd55057d_6ae754b3-6b70-48b5-abb4-1bce4f89633a.jpg/250x188.webp https://prod.pictures.autoscout24.net/listing-images/7b29cbd9-0f01-4a3f-b8c2-5ad7bd55057d_b75e24b3-bb40-4671-b26f-19db01377191.jpg/250x188.webp https://prod.pictures.autoscout24.net/listing-images/7b29cbd9-0f01-4a3f-b8c2-5ad7bd55057d_650018ac-7b11-4a2f-ba14-b9fafeff7baa.jpg/250x188.webp https://prod.pictures.autoscout24.net/listing-images/7b29cbd9-0f01-4a3f-b8c2-5ad7bd55057d_39140de7-8683-41ee-985d-d5ad98050643.jpg/250x188.webp https://prod.pictures.autoscout24.net/listing-images/7b29cbd9-0f01-4a3f-b8c2-5ad7bd55057d_94e0c530-d69d-4f3e-acf1-c4d32163dca8.jpg/250x188.webp https://prod.pictures.autoscout24.net/listing-images/7b29cbd9-0f01-4a3f-b8c2-5ad7bd55057d_f05b747f-a691-4155-ab25-6302038d3594.jpg/250x188.webp https://prod.pictures.autoscout24.net/listing-images/7b29cbd9-0f01-4a3f-b8c2-5ad7bd55057d_afe0384d-3039-4a13-8091-b102ee3e5464.jpg/250x188.webp https://prod.pictures.autoscout24.net/listing-images/7b29cbd9-0f01-4a3f-b8c2-5ad7bd55057d_57dd0855-80b7-45a3-96c5-efce88d13485.jpg/250x188.webp https://prod.pictures.autoscout24.net/listing-images/7b29cbd9-0f01-4a3f-b8c2-5ad7bd55057d_180c8e2c-8c03-473f-a4af-b31064657108.jpg/250x188.webp https://prod.pictures.autoscout24.net/listing-images/7b29cbd9-0f01-4a3f-b8c2-5ad7bd55057d_90c1c826-4efb-4581-a039-af9095548db8.jpg/250x188.webp https://prod.pictures.autoscout24.net/listing-images/7b29cbd9-0f01-4a3f-b8c2-5ad7bd55057d_b97392e8-4ac8-49d2-b53f-310c0e4217b0.jpg/250x188.webp,122.22662855592974,3183
4df8f83e-e82f-45a1-8af1-4c560207f46c,Nissan,Navara,EXPORT,Dealer,9999,d,120000,09-2011,1830,https://prod.pictures.autoscout24.net/listing-images/4df8f83e-e82f-45a1-8af1-4c560207f46c_433db084-9180-4627-9f8c-22fc1679bba8.jpg/250x188.webp https://prod.pictures.autoscout24.net/listing-images/4df8f83e-e82f-45a1-8af1-4c560207f46c_eed9b0f4-7215-4ef1-a8db-adb0d75b62e7.jpg/250x188.webp https://prod.pictures.autoscout24.net/listing-images/4df8f83e-e82f-45a1-8af1-4c560207f46c_723c7443-67ea-4d8a-90d6-286d8e89f5f7.jpg/250x188.webp https://prod.pictures.autoscout24.net/listing-images/4df8f83e-e82f-45a1-8af1-4c560207f46c_4bd6aa66-dcdb-45db-9552-748be1cf6f40.jpg/250x188.webp https://prod.pictures.autoscout24.net/listing-images/4df8f83e-e82f-45a1-8af1-4c560207f46c_1bd3c80a-7ce8-43eb-a14b-a354a1f58464.jpg/250x188.webp https://prod.pictures.autoscout24.net/listing-images/4df8f83e-e82f-45a1-8af1-4c560207f46c_788fc82a-7553-4716-8b2e-82c26b8d3407.jpg/250x188.webp https://prod.pictures.autoscout24.net/listing-images/4df8f83e-e82f-45a1-8af1-4c560207f46c_49b7e02e-7c4c-45e2-b35c-8c4732f9b6cf.jpg/250x188.webp https://prod.pictures.autoscout24.net/listing-images/4df8f83e-e82f-45a1-8af1-4c560207f46c_da126d9d-fa54-494d-872d-dd8c2a42f0ad.jpg/250x188.webp https://prod.pictures.autoscout24.net/listing-images/4df8f83e-e82f-45a1-8af1-4c560207f46c_3013940c-09b0-47e3-8f53-902581d6778d.jpg/250x188.webp https://prod.pictures.autoscout24.net/listing-images/4df8f83e-e82f-45a1-8af1-4c560207f46c_bb96dc76-4bb2-4659-8e30-96b6838ad0c1.jpg/250x188.webp https://prod.pictures.autoscout24.net/listing-images/4df8f83e-e82f-45a1-8af1-4c560207f46c_76d272f4-f802-4821-bc7e-8f4b060e6e3a.jpg/250x188.webp https://prod.pictures.autoscout24.net/listing-images/4df8f83e-e82f-45a1-8af1-4c560207f46c_eef55539-c01a-4915-92aa-ce7d27c986ef.jpg/250x188.webp https://prod.pictures.autoscout24.net/listing-images/4df8f83e-e82f-45a1-8af1-4c560207f46c_dd0cdd00-2ed1-45a5-a0d1-af3b7fe2e26d.jpg/250x188.webp,61.99821855231934,4126
66bb1f64-c21d-4e89-b0ca-2f469e9a58ae,Nissan,Qashqai,15 dCi Tekna+Nissan Connect ** 1ER PROPRIETAIRE **,Dealer,9999,d,83000,12-2012,7333,https://prod.pictures.autoscout24.net/listing-images/66bb1f64-c21d-4e89-b0ca-2f469e9a58ae_c24ac7d9-eb7f-4029-971d-a67bbb567271.jpg/250x188.webp https://prod.pictures.autoscout24.net/listing-images/66bb1f64-c21d-4e89-b0ca-2f469e9a58ae_f97f3021-1e16-4132-a88a-8175d7e18b99.jpg/250x188.webp https://prod.pictures.autoscout24.net/listing-images/66bb1f64-c21d-4e89-b0ca-2f469e9a58ae_4d2c5004-ba62-4ef6-b059-d15e6c0e0fdb.jpg/250x188.webp https://prod.pictures.autoscout24.net/listing-images/66bb1f64-c21d-4e89-b0ca-2f469e9a58ae_d1d3509f-7f8c-4157-ad5e-0009fbca0773.jpg/250x188.webp https://prod.pictures.autoscout24.net/listing-images/66bb1f64-c21d-4e89-b0ca-2f469e9a58ae_acdedf00-11f9-4fd7-9129-3aee952d1704.jpg/250x188.webp https://prod.pictures.autoscout24.net/listing-images/66bb1f64-c21d-4e89-b0ca-2f469e9a58ae_39f692d6-3d6a-4c5e-ae97-e211e5428ae6.jpg/250x188.webp https://prod.pictures.autoscout24.net/listing-images/66bb1f64-c21d-4e89-b0ca-2f469e9a58ae_68db97ed-21cc-4381-97b2-8a22dfdbd371.jpg/250x188.webp https://prod.pictures.autoscout24.net/listing-images/66bb1f64-c21d-4e89-b0ca-2f469e9a58ae_bb9b4076-b74a-47de-9630-0e9ebc269aa0.jpg/250x188.webp https://prod.pictures.autoscout24.net/listing-images/66bb1f64-c21d-4e89-b0ca-2f469e9a58ae_7ebb1579-eeea-499d-8682-a81b30a05db4.jpg/250x188.webp https://prod.pictures.autoscout24.net/listing-images/66bb1f64-c21d-4e89-b0ca-2f469e9a58ae_5bdd958a-45f5-4870-a9f3-ccee40a76cc7.jpg/250x188.webp https://prod.pictures.autoscout24.net/listing-images/66bb1f64-c21d-4e89-b0ca-2f469e9a58ae_355ea3c1-ed33-43a4-b901-c8b45aa36571.jpg/250x188.webp https://prod.pictures.autoscout24.net/listing-images/66bb1f64-c21d-4e89-b0ca-2f469e9a58ae_66eb3c52-b661-45c1-a5b5-22b30b29add1.jpg/250x188.webp https://prod.pictures.autoscout24.net/listing-images/66bb1f64-c21d-4e89-b0ca-2f469e9a58ae_2d3c5cb7-37d3-45ac-99cf-83314df608ff.jpg/250x188.webp https://prod.pictures.autoscout24.net/listing-images/66bb1f64-c21d-4e89-b0ca-2f469e9a58ae_72c6f75f-a380-4fe7-90df-b396bec0aa39.jpg/250x188.webp https://prod.pictures.autoscout24.net/listing-images/66bb1f64-c21d-4e89-b0ca-2f469e9a58ae_5aa54e84-4922-49fa-bf78-04082262b3eb.jpg/250x188.webp,120.19113271072128,3669
feb9050b-8d65-4967-a102-0609a0c05ca7,Nissan,Pulsar,1.5 dCi // NAVIGATION // JANTES // AIRCO // CAMERA,Dealer,9999,d,128848,01-2016,4100,https://prod.pictures.autoscout24.net/listing-images/feb9050b-8d65-4967-a102-0609a0c05ca7_61641b24-96c9-4098-b879-e6b3a7006c4c.jpg/250x188.webp https://prod.pictures.autoscout24.net/listing-images/feb9050b-8d65-4967-a102-0609a0c05ca7_80bad4e1-4578-43be-a2d0-802081abf300.jpg/250x188.webp https://prod.pictures.autoscout24.net/listing-images/feb9050b-8d65-4967-a102-0609a0c05ca7_eb48493b-4aea-4e9b-8291-a3c6a3cd5313.jpg/250x188.webp https://prod.pictures.autoscout24.net/listing-images/feb9050b-8d65-4967-a102-0609a0c05ca7_50aba1a7-88d7-4afd-8f45-7aa56589abe6.jpg/250x188.webp https://prod.pictures.autoscout24.net/listing-images/feb9050b-8d65-4967-a102-0609a0c05ca7_f100ddc9-1e27-4a4d-ae72-4690f75eed7b.jpg/250x188.webp https://prod.pictures.autoscout24.net/listing-images/feb9050b-8d65-4967-a102-0609a0c05ca7_97957802-0f15-4905-b742-89789c98f5f6.jpg/250x188.webp https://prod.pictures.autoscout24.net/listing-images/feb9050b-8d65-4967-a102-0609a0c05ca7_8f538df5-034b-4300-9722-1084e9ac03b7.jpg/250x188.webp https://prod.pictures.autoscout24.net/listing-images/feb9050b-8d65-4967-a102-0609a0c05ca7_e9db66ea-a352-4b3c-ad7b-8edaf945eb7d.jpg/250x188.webp https://prod.pictures.autoscout24.net/listing-images/feb9050b-8d65-4967-a102-0609a0c05ca7_5a7968a7-781e-4503-8c6e-7f0178f34ab0.jpg/250x188.webp https://prod.pictures.autoscout24.net/listing-images/feb9050b-8d65-4967-a102-0609a0c05ca7_2581337b-7e07-4d3b-ba1a-479a98d97be6.jpg/250x188.webp https://prod.pictures.autoscout24.net/listing-images/feb9050b-8d65-4967-a102-0609a0c05ca7_21e3fa0b-9d7f-48a9-9b46-4bf9ea6973ce.jpg/250x188.webp https://prod.pictures.autoscout24.net/listing-images/feb9050b-8d65-4967-a102-0609a0c05ca7_85c04581-8bcc-42c2-9fc2-7dda3b088a26.jpg/250x188.webp https://prod.pictures.autoscout24.net/listing-images/feb9050b-8d65-4967-a102-0609a0c05ca7_fc0d1d7a-6a71-4d0d-a844-337c1b586f71.jpg/250x188.webp https://prod.pictures.autoscout24.net/listing-images/feb9050b-8d65-4967-a102-0609a0c05ca7_d265c612-33b2-4f39-a455-92efea4081a7.jpg/250x188.webp https://prod.pictures.autoscout24.net/listing-images/feb9050b-8d65-4967-a102-0609a0c05ca7_cb4ddaa8-1986-44d2-afa0-9a7ce6bfa480.jpg/250x188.webp,122.70999344916741,2543
f546d440-0914-4f70-ae44-34e47cd80272,Nissan,Juke,"1.5 dCi 2WD Tekna, Full option + 12M garantie",Dealer,9999,d,101000,05-2015,9250,https://prod.pictures.autoscout24.net/listing-images/f546d440-0914-4f70-ae44-34e47cd80272_3a4b7edd-33da-4126-b9ad-95df3b1d8384.jpg/250x188.webp https://prod.pictures.autoscout24.net/listing-images/f546d440-0914-4f70-ae44-34e47cd80272_977ad4e4-4bf9-495d-a0a8-b70ac92947a7.jpg/250x188.webp https://prod.pictures.autoscout24.net/listing-images/f546d440-0914-4f70-ae44-34e47cd80272_95bdf57a-8bdb-4417-af54-5134dbd646d2.jpg/250x188.webp https://prod.pictures.autoscout24.net/listing-images/f546d440-0914-4f70-ae44-34e47cd80272_b571f078-946e-4b4a-a33f-398fa3adea4d.jpg/250x188.webp https://prod.pictures.autoscout24.net/listing-images/f546d440-0914-4f70-ae44-34e47cd80272_5f8c14eb-9e44-4260-919d-b2570fdedcf4.jpg/250x188.webp https://prod.pictures.autoscout24.net/listing-images/f546d440-0914-4f70-ae44-34e47cd80272_accc995d-4c65-4a8e-8387-f8571b0ed071.jpg/250x188.webp https://prod.pictures.autoscout24.net/listing-images/f546d440-0914-4f70-ae44-34e47cd80272_ddcab2d9-99ea-422b-bd95-2598aaa9ee64.jpg/250x188.webp https://prod.pictures.autoscout24.net/listing-images/f546d440-0914-4f70-ae44-34e47cd80272_d24e1918-1a86-4580-93b1-9230a73859da.jpg/250x188.webp https://prod.pictures.autoscout24.net/listing-images/f546d440-0914-4f70-ae44-34e47cd80272_9a56c66a-d620-4a95-a31b-1f588c91904e.jpg/250x188.webp https://prod.pictures.autoscout24.net/listing-images/f546d440-0914-4f70-ae44-34e47cd80272_f3890596-524a-447d-b36f-6794fbe9099c.jpg/250x188.webp https://prod.pictures.autoscout24.net/listing-images/f546d440-0914-4f70-ae44-34e47cd80272_01f37139-4c19-4c59-8331-54b16d73f245.jpg/250x188.webp https://prod.pictures.autoscout24.net/listing-images/f546d440-0914-4f70-ae44-34e47cd80272_552e8dfb-8c5d-45c2-af3d-64a9de5e9b29.jpg/250x188.webp,48.29700857036449,2788
c637227a-f7f1-4e4a-9941-84bd873c7b42,Nissan,Micra,AcentaCVT 1.2i(6B)Automatique Airco 1prop Garantie,Dealer,9999,b,47000,07-2016,6182,https://prod.pictures.autoscout24.net/listing-images/c637227a-f7f1-4e4a-9941-84bd873c7b42_3b8834ea-0923-4700-9561-0fff931dc93a.jpg/250x188.webp https://prod.pictures.autoscout24.net/listing-images/c637227a-f7f1-4e4a-9941-84bd873c7b42_8f8caded-6c7e-4697-afe9-56056fffc637.jpg/250x188.webp https://prod.pictures.autoscout24.net/listing-images/c637227a-f7f1-4e4a-9941-84bd873c7b42_6cd01c65-5cd6-44ca-b912-05d4af0422bc.jpg/250x188.webp https://prod.pictures.autoscout24.net/listing-images/c637227a-f7f1-4e4a-9941-84bd873c7b42_68c7112f-936e-4596-a105-4bc64b9b10af.jpg/250x188.webp https://prod.pictures.autoscout24.net/listing-images/c637227a-f7f1-4e4a-9941-84bd873c7b42_b4ed3bb6-238e-469d-8c76-8a0c45730744.jpg/250x188.webp https://prod.pictures.autoscout24.net/listing-images/c637227a-f7f1-4e4a-9941-84bd873c7b42_2fb01d39-cc02-48ec-bb8c-fd0cec874f67.jpg/250x188.webp https://prod.pictures.autoscout24.net/listing-images/c637227a-f7f1-4e4a-9941-84bd873c7b42_06403eee-112e-43ab-8794-9e1f6a3cbc25.jpg/250x188.webp https://prod.pictures.autoscout24.net/listing-images/c637227a-f7f1-4e4a-9941-84bd873c7b42_333eb1f1-0d95-4ce0-bd58-70c9775c18b9.jpg/250x188.webp https://prod.pictures.autoscout24.net/listing-images/c637227a-f7f1-4e4a-9941-84bd873c7b42_78015545-f2a2-4002-b059-2d1c73f42485.jpg/250x188.webp https://prod.pictures.autoscout24.net/listing-images/c637227a-f7f1-4e4a-9941-84bd873c7b42_69196792-a8bc-4ec5-bc02-ebbfbdd28708.jpg/250x188.webp https://prod.pictures.autoscout24.net/listing-images/c637227a-f7f1-4e4a-9941-84bd873c7b42_5b18c141-c307-4ebb-9b53-e70e986b8c0c.jpg/250x188.webp https://prod.pictures.autoscout24.net/listing-images/c637227a-f7f1-4e4a-9941-84bd873c7b42_99dbf7c8-2dd2-4daf-9080-274f22cb971c.jpg/250x188.webp https://prod.pictures.autoscout24.net/listing-images/c637227a-f7f1-4e4a-9941-84bd873c7b42_d6065213-617f-423f-927a-7a2ec4f32ba0.jpg/250x188.webp https://prod.pictures.autoscout24.net/listing-images/c637227a-f7f1-4e4a-9941-84bd873c7b42_b66bb1ef-9bc9-4fd6-9600-b1604f96a89f.jpg/250x188.webp,113.6696308986876,2361
bb8ec983-10f2-43bc-8703-1d98619234fa,Nissan,Cabstar,35.13 L2 comfort,PrivateSeller,10000,d,105000,09-2008,8400,https://prod.pictures.autoscout24.net/listing-images/bb8ec983-10f2-43bc-8703-1d98619234fa_4c8e27a5-f9a7-4dcc-b20a-dc654198883c.jpg/250x188.webp https://prod.pictures.autoscout24.net/listing-images/bb8ec983-10f2-43bc-8703-1d98619234fa_82006f7c-3216-47a0-a873-fe79a4cfe79c.jpg/250x188.webp https://prod.pictures.autoscout24.net/listing-images/bb8ec983-10f2-43bc-8703-1d98619234fa_6ea7e23f-aa0b-498d-944c-c3f996100a79.jpg/250x188.webp https://prod.pictures.autoscout24.net/listing-images/bb8ec983-10f2-43bc-8703-1d98619234fa_1887b697-f759-46e4-ad75-578eca4385a8.jpg/250x188.webp https://prod.pictures.autoscout24.net/listing-images/bb8ec983-10f2-43bc-8703-1d98619234fa_3e501664-c2b6-475b-8fe3-cf7ccea205b9.jpg/250x188.webp https://prod.pictures.autoscout24.net/listing-images/bb8ec983-10f2-43bc-8703-1d98619234fa_c7106dc4-c76f-417b-9bb9-41b04de54931.jpg/250x188.webp https://prod.pictures.autoscout24.net/listing-images/bb8ec983-10f2-43bc-8703-1d98619234fa_117a35ed-f7ad-4506-9aaf-b3ecf3ff053c.jpg/250x188.webp,110.03239888716801,5221
