guid,make,model,vehicle-type,seller-type,price,fuel-type,mileage,year,img-url,zip-code,distance,reg-age,listing-age
2b8b4899-5347-41a0-b65f-7a480ee9408b,Renault,Megane,Berline,Dealer,1,b,83000,06-2019,https://prod.pictures.autoscout24.net/listing-images/2b8b4899-5347-41a0-b65f-7a480ee9408b_51b9a460-3dac-4b7c-a2d4-63949d959010.jpg/250x188.webp,2580,47.81608453320808,1286,3
c9585ee1-a20c-4ded-b56b-1ac747d463eb,Renault,Megane,Andere,PrivateSeller,350,d,265000,07-2003,https://prod.pictures.autoscout24.net/listing-images/c9585ee1-a20c-4ded-b56b-1ac747d463eb_08c3fc5d-08d9-47a9-8f71-49daf06ce7f1.jpg/250x188.webp,7033,120.92234590410432,7100,115
e255162e-f1d1-4bb9-bf7a-e143cfe290b1,Renault,Clio,Berline,PrivateSeller,500,b,210000,04-2004,https://prod.pictures.autoscout24.net/listing-images/e255162e-f1d1-4bb9-bf7a-e143cfe290b1_3a31326c-0112-4760-8cf0-90699fbcbf39.jpg/250x188.webp,1070,71.06367211068877,6825,20
7602028d-f62e-4899-a96b-a989ccbe6e45,Renault,Clio,Berline,PrivateSeller,500,b,152110,06-2003,https://prod.pictures.autoscout24.net/listing-images/7602028d-f62e-4899-a96b-a989ccbe6e45_fdbfa6c7-2b00-4ab9-93a7-8fb33f68f1fc.jpg/250x188.webp,4100,122.70999344916741,7130,28
f03e0e94-a94f-48cb-aeb5-c53a3c4dbfac,Renault,Scenic,Break,PrivateSeller,500,d,143000,11-2005,https://prod.pictures.autoscout24.net/listing-images/f03e0e94-a94f-48cb-aeb5-c53a3c4dbfac_5cea8328-6baf-4ef6-b7c9-6b62d303fce4.jpg/250x188.webp,7340,126.38155252550393,6246,28
94e793a1-3822-4255-b7f6-940668a2a986,Renault,Megane,Berline,PrivateSeller,500,d,212000,09-2006,https://prod.pictures.autoscout24.net/listing-images/94e793a1-3822-4255-b7f6-940668a2a986_37bd1e1f-36f5-49f4-ae00-5e46bd5985f7.jpg/250x188.webp,5544,146.58467483642548,5942,85
0f1fdb99-a7a3-4a54-8e24-fa7339bf9f99,Renault,Megane,Coupé,PrivateSeller,650,b,107214,09-2002,https://prod.pictures.autoscout24.net/listing-images/0f1fdb99-a7a3-4a54-8e24-fa7339bf9f99_24f312ce-c14d-456d-920f-e6e19f0b5974.jpg/250x188.webp,1853,62.49120970441575,7403,115
bd3f3f42-8daa-4e20-975b-a1b022017f6a,Renault,R 5,Berline,PrivateSeller,675,b,117000,01-1990,https://prod.pictures.autoscout24.net/listing-images/bd3f3f42-8daa-4e20-975b-a1b022017f6a_052808d5-0e1a-4297-a561-ac58e8cdd82d.jpg/250x188.webp,5170,123.91459628158174,12029,78
6442914c-d029-43c6-8ad5-ce0f10a27db8,Renault,Twingo,Berline,PrivateSeller,700,b,181000,04-2004,https://prod.pictures.autoscout24.net/listing-images/6442914c-d029-43c6-8ad5-ce0f10a27db8_dbbaa1d6-4bee-478a-8ef5-8d3474c4cdb4.jpg/250x188.webp,4840,138.07709145022378,6825,35
9c9193e4-9e4b-448e-b61d-e04a1b59de9b,Renault,Megane,Berline,PrivateSeller,700,b,296363,05-1997,https://prod.pictures.autoscout24.net/listing-images/9c9193e4-9e4b-448e-b61d-e04a1b59de9b_fbdcce8f-e1d4-45f0-9b46-177ecba03505.jpg/250x188.webp,6041,111.05658463532626,9352,135
e22fefc6-769f-4a5b-91a3-16740e3cddb7,Renault,Laguna,Break,Dealer,725,d,168930,06-2007,https://prod.pictures.autoscout24.net/listing-images/e22fefc6-769f-4a5b-91a3-16740e3cddb7_baecdf8c-a55b-4ffc-b193-b4a398300e72.jpg/250x188.webp,2830,45.04397020411872,5669,211
523147c5-8ddd-4aef-8cd4-c2dc7a689288,Renault,Scenic,Monovolume,Dealer,750,b,203000,12-2001,https://prod.pictures.autoscout24.net/listing-images/523147c5-8ddd-4aef-8cd4-c2dc7a689288_5c9fe8ee-0cc7-4501-9036-f05afaffe331.jpg/250x188.webp,9600,100.62421555744224,7677,1
716bc163-404e-4462-8132-8665be46eaae,Renault,Espace,Monovolume,PrivateSeller,750,d,310000,06-2004,https://prod.pictures.autoscout24.net/listing-images/716bc163-404e-4462-8132-8665be46eaae_18e9b22d-be74-41a6-a855-7ad159a9e23f.jpg/250x188.webp,4630,129.1452608018519,6764,19
49080985-fa1c-4383-a2dd-3f54cbc65ff1,Renault,Modus,Monovolume,Dealer,750,b,291000,03-2006,https://prod.pictures.autoscout24.net/listing-images/49080985-fa1c-4383-a2dd-3f54cbc65ff1_85189ad4-74c1-4b7c-b8cb-b874d18d889e.jpg/250x188.webp,1600,78.61296004280759,6126,99
959e0ba7-78ec-43ec-90a6-c72c0b75a09c,Renault,Clio,Stadswagen,PrivateSeller,800,b,216600,01-2001,https://prod.pictures.autoscout24.net/listing-images/959e0ba7-78ec-43ec-90a6-c72c0b75a09c_c003f45f-1e26-43e9-ac72-3216e55d5c66.jpg/250x188.webp,1731,64.67551938133373,8011,45
591b2c14-34e6-4098-bc1c-9269a5cdca99,Renault,Twingo,Berline,PrivateSeller,800,b,200000,02-2002,https://prod.pictures.autoscout24.net/listing-images/591b2c14-34e6-4098-bc1c-9269a5cdca99_27ccfb7e-9d2a-4889-a872-f83c661fcfaa.jpg/250x188.webp,1090,66.80320352454842,7615,52
99e195b1-134a-4ffe-9ed8-ff989dcd256e,Renault,Clio,Andere,PrivateSeller,800,b,73000,09-1997,https://prod.pictures.autoscout24.net/listing-images/99e195b1-134a-4ffe-9ed8-ff989dcd256e_c45c2313-99f7-4b96-8bcb-f2c0071c18b2.jpg/250x188.webp,9850,79.95826720403902,9229,54
50121cd8-aabe-40af-8763-5e58974906ed,Renault,Scenic,Monovolume,PrivateSeller,850,d,235000,12-2007,https://prod.pictures.autoscout24.net/listing-images/50121cd8-aabe-40af-8763-5e58974906ed_5b19cf8b-5239-4818-8561-5dcb5be1f24c.jpg/250x188.webp,1000,69.17270624549755,5486,120
ee1136ac-43f0-4670-8e1d-fe164d4a5407,Renault,Twingo,Berline,PrivateSeller,850,b,142172,11-2000,https://prod.pictures.autoscout24.net/listing-images/ee1136ac-43f0-4670-8e1d-fe164d4a5407_0d8826a5-73ad-477f-9527-fcbf2e6b01f6.jpg/250x188.webp,7100,111.04432979756132,8072,128
6fa7d455-7ccf-4b59-8a70-ff0b2d276de0,Renault,Kangoo,Bestelwagen,PrivateSeller,900,d,195000,03-2004,https://prod.pictures.autoscout24.net/listing-images/6fa7d455-7ccf-4b59-8a70-ff0b2d276de0_d572dbb5-f0ef-416e-a30a-c9ea96fba7f0.jpg/250x188.webp,6220,109.54249226439103,6856,6
6db6bce6-870e-4caf-ab9c-0dce04338b5d,Renault,Laguna,Berline,PrivateSeller,900,d,223000,05-2007,https://prod.pictures.autoscout24.net/listing-images/6db6bce6-870e-4caf-ab9c-0dce04338b5d_b399417e-ea67-4b1e-abfe-b55537068c13.jpg/250x188.webp,4100,122.70999344916741,5700,4
81bd9471-046f-4616-a298-d407f2ff581d,Renault,Megane,Berline,PrivateSeller,900,d,225000,06-2006,https://prod.pictures.autoscout24.net/listing-images/81bd9471-046f-4616-a298-d407f2ff581d_402f84fd-1d73-4660-b11c-d5ee078972e3.jpg/250x188.webp,1410,83.89428081314767,6034,23
d3f264cc-ec1a-4fac-a46c-a79bf4e13dbd,Renault,Clio,Berline,PrivateSeller,925,b,96800,05-2002,https://prod.pictures.autoscout24.net/listing-images/d3f264cc-ec1a-4fac-a46c-a79bf4e13dbd_e1f355b4-b026-4fb7-9ff5-034e629c1a1a.jpg/250x188.webp,7100,111.04432979756132,7526,36
ec56387e-d8f4-4c0c-acce-5a55423595bf,Renault,Scenic,Monovolume,PrivateSeller,950,d,195000,10-2003,https://prod.pictures.autoscout24.net/listing-images/ec56387e-d8f4-4c0c-acce-5a55423595bf_1a95e7eb-c020-4d67-9cb1-8e91efee3529.jpg/250x188.webp,1933,67.42863651453277,7008,14
1218d0c6-c8f6-400b-81df-285b07f2b49f,Renault,Twingo,Berline,PrivateSeller,950,b,108000,01-1995,https://prod.pictures.autoscout24.net/listing-images/1218d0c6-c8f6-400b-81df-285b07f2b49f_6a4674f8-e037-4191-b757-1763ea4f6d1c.jpg/250x188.webp,3401,92.54052871457249,10203,20
6747e1ed-e81c-441a-b620-436d1b76120b,Renault,Laguna,Berline,PrivateSeller,950,b,161818,07-2006,https://prod.pictures.autoscout24.net/listing-images/6747e1ed-e81c-441a-b620-436d1b76120b_bd17edd2-ecfe-4ba5-b632-75fb151b060b.jpg/250x188.webp,3090,77.24958296507762,6004,35
45244522-1c92-48a3-a8c3-70c7b714a380,Renault,Megane,Berline,PrivateSeller,1000,b,149000,10-2005,https://prod.pictures.autoscout24.net/listing-images/45244522-1c92-48a3-a8c3-70c7b714a380_0e0fcbff-8d9b-4b9d-b9f2-fa928dde92f5.jpg/250x188.webp,1000,69.17270624549755,6277,1
a3f4db11-b278-45c4-b7a6-86a32e71b08d,Renault,Scenic,Monovolume,PrivateSeller,1000,d,284123,12-2002,https://prod.pictures.autoscout24.net/listing-images/a3f4db11-b278-45c4-b7a6-86a32e71b08d_9dd7fb6d-28ee-4823-bb79-57d398429047.jpg/250x188.webp,4870,132.16958353322565,7312,38
adb8ec07-2f6b-4384-8ff8-5a6064af8aa7,Renault,Scenic,Monovolume,PrivateSeller,1000,d,300000,10-2006,https://prod.pictures.autoscout24.net/listing-images/adb8ec07-2f6b-4384-8ff8-5a6064af8aa7_d0a3c577-e94d-4cd5-bb22-97261d446344.jpg/250x188.webp,6700,222.44484417522085,5912,45
51ca87a6-6ae2-4e2f-a8af-548f27646a17,Renault,Twingo,Berline,PrivateSeller,1000,b,146000,02-2003,https://prod.pictures.autoscout24.net/listing-images/51ca87a6-6ae2-4e2f-a8af-548f27646a17_767579af-5fde-4e49-be3e-cc4ca0df91d3.jpg/250x188.webp,1440,88.54751756589805,7250,84
e8018712-0c3e-444b-9445-615fc1a7fac0,Renault,Twingo,Berline,PrivateSeller,1000,b,88952,08-2012,https://prod.pictures.autoscout24.net/listing-images/e8018712-0c3e-444b-9445-615fc1a7fac0_b8807184-8829-42df-a533-f0711bd3e973.jpg/250x188.webp,4100,122.70999344916741,3781,118
2c9a67dd-5637-4ed0-b401-1252237241c9,Renault,Scenic,Andere,PrivateSeller,1000,d,200000,09-2007,https://prod.pictures.autoscout24.net/listing-images/2c9a67dd-5637-4ed0-b401-1252237241c9_737efc79-11ea-43d0-8c62-fbc77468c431.jpg/250x188.webp,9100,39.90739495574749,5577,156
ab56b154-1378-4b11-b167-370302c3d01d,Renault,Super 5,Stadswagen,Dealer,1000,b,103000,04-1990,https://prod.pictures.autoscout24.net/listing-images/ab56b154-1378-4b11-b167-370302c3d01d_70b67c11-e0b0-4a15-95a3-125ce085c339.jpg/250x188.webp,1480,90.6722887329444,11939,399
f6c3e334-71c7-4a5b-aa12-64a11e8760e6,Renault,Twingo,Berline,Dealer,1000,b,200900,07-2003,https://prod.pictures.autoscout24.net/listing-images/f6c3e334-71c7-4a5b-aa12-64a11e8760e6_ca7ba24f-f77a-4262-9039-15dec46b1108.jpg/250x188.webp,1480,90.6722887329444,7100,453
fc7028eb-1ff4-4c70-8d56-e25ad9f3a5b0,Renault,Clio,Andere,PrivateSeller,1050,d,250000,05-2004,https://prod.pictures.autoscout24.net/listing-images/fc7028eb-1ff4-4c70-8d56-e25ad9f3a5b0_20175182-d534-4df4-8e7d-8be8fab65d97.jpg/250x188.webp,1930,65.18883147641638,6795,47
3e63983c-3598-4c31-b040-2e3b7feebc61,Renault,Megane,Andere,PrivateSeller,1100,b,158000,10-2004,https://prod.pictures.autoscout24.net/listing-images/3e63983c-3598-4c31-b040-2e3b7feebc61_1de4dc88-0c08-4257-957c-735912b306ca.jpg/250x188.webp,2830,45.04397020411872,6642,45
3c37db01-5af9-47d1-97fd-5f31f4e3e2d1,Renault,Clio,Berline,PrivateSeller,1100,b,200000,04-2001,https://prod.pictures.autoscout24.net/listing-images/3c37db01-5af9-47d1-97fd-5f31f4e3e2d1_6c0c6396-38dc-4418-8ca2-272adb5d2e7c.jpg/250x188.webp,1731,64.67551938133373,7921,49
2489948b-d741-4407-bda5-abbf348f56d8,Renault,Clio,Stadswagen,PrivateSeller,1100,b,185000,05-2005,https://prod.pictures.autoscout24.net/listing-images/2489948b-d741-4407-bda5-abbf348f56d8_bb09001b-63a7-45f2-a84b-86bc70ae8e14.jpg/250x188.webp,2660,33.51153490320288,6430,154
bffffabd-2461-47a9-b7bb-a8efb7e5fa34,Renault,Megane,Berline,PrivateSeller,1200,d,202000,02-2004,https://prod.pictures.autoscout24.net/listing-images/bffffabd-2461-47a9-b7bb-a8efb7e5fa34_7e5aa771-2660-4cdf-809b-85992dff537b.jpg/250x188.webp,7300,124.27618354461573,6885,24
456aa637-9d0c-4c7e-b7ec-36bbbe43b21c,Renault,Megane,Berline,PrivateSeller,1200,b,165000,06-2005,https://prod.pictures.autoscout24.net/listing-images/456aa637-9d0c-4c7e-b7ec-36bbbe43b21c_7aea49d7-cb3a-4a2b-94d2-78b608addd11.jpg/250x188.webp,6000,117.49014599385939,6399,43
558cefa9-c8b2-4a73-b418-bd54568418e0,Renault,Scenic,Monovolume,PrivateSeller,1200,d,249000,02-2008,https://prod.pictures.autoscout24.net/listing-images/558cefa9-c8b2-4a73-b418-bd54568418e0_62922ee9-3844-47be-b90d-328e90aabdfc.jpg/250x188.webp,4100,122.70999344916741,5424,48
ee42f530-e13d-4948-8edf-fc06d960836d,Renault,Super 5,Berline,PrivateSeller,1200,b,115000,08-1988,https://prod.pictures.autoscout24.net/listing-images/ee42f530-e13d-4948-8edf-fc06d960836d_f4f65955-1d04-4e0d-8078-b58371f3b32e.jpg/250x188.webp,7141,116.47101900243793,12547,103
81de2441-c918-4bec-8054-49873ddf9c97,Renault,Megane,Berline,Dealer,1200,d,225000,08-2005,https://prod.pictures.autoscout24.net/listing-images/81de2441-c918-4bec-8054-49873ddf9c97_73bcefbc-aa74-444f-90a5-cefd44572623.jpg/250x188.webp,9160,52.83263590517851,6338,117
6763bd50-389e-4ea2-b0ae-cf1ad521ad4e,Renault,Clio,Berline,PrivateSeller,1200,b,94108,03-1998,https://prod.pictures.autoscout24.net/listing-images/6763bd50-389e-4ea2-b0ae-cf1ad521ad4e_49c4fc02-9278-4b68-90ef-20470e6745d3.jpg/250x188.webp,1150,68.48425146100755,9048,124
f6f25669-2712-4669-8001-0eb5f56fdfd3,Renault,Modus,Monovolume,Dealer,1250,d,255000,07-2007,https://prod.pictures.autoscout24.net/listing-images/f6f25669-2712-4669-8001-0eb5f56fdfd3_e1273bf3-eb7f-4844-8171-5ea391f74364.jpg/250x188.webp,1700,70.90697373704198,5639,3
203e92e4-9932-4cdf-9fff-d3d1b791a9cc,Renault,R 25,Berline,PrivateSeller,1250,b,160000,11-1987,https://prod.pictures.autoscout24.net/listing-images/203e92e4-9932-4cdf-9fff-d3d1b791a9cc_0703b15f-2d10-4b9b-a898-b2249041959c.jpg/250x188.webp,1450,99.21070750653318,12821,21
d48d13d3-b3fb-4832-8095-ccf496e2cb2a,Renault,Clio,Berline,Dealer,1250,b,152000,11-1999,https://prod.pictures.autoscout24.net/listing-images/d48d13d3-b3fb-4832-8095-ccf496e2cb2a_a8ad4a1c-04c2-48ef-9211-808e8f8156dd.jpg/250x188.webp,1602,75.23922327931528,8438,73
39c0c316-0cc5-4fed-89d1-f162b0b66188,Renault,Grand Scenic,Monovolume,PrivateSeller,1250,d,375000,06-2006,https://prod.pictures.autoscout24.net/listing-images/39c0c316-0cc5-4fed-89d1-f162b0b66188_16260a16-3997-4795-baa0-dc9c995c7548.jpg/250x188.webp,1850,59.738651260413086,6034,163
38e72b19-c2dc-44de-8565-6341ddee819e,Renault,Grand Scenic,Monovolume,Dealer,1250,d,350000,08-2007,https://prod.pictures.autoscout24.net/listing-images/38e72b19-c2dc-44de-8565-6341ddee819e_ba9f9187-8a41-426b-8af9-69ccd077d37d.jpg/250x188.webp,5020,112.56317852994579,5608,198
99cf27a3-f51a-4a2f-9615-0529d232ac12,Renault,Laguna,Break,Dealer,1250,d,297943,05-2005,https://prod.pictures.autoscout24.net/listing-images/99cf27a3-f51a-4a2f-9615-0529d232ac12_ccaa2e14-7281-41cf-a19f-008c58632bf8.jpg/250x188.webp,4432,111.15678224769336,6430,818
c2758bca-19b6-4e6c-b1a5-7158cffc3184,Renault,Megane,Berline,PrivateSeller,1300,b,190000,10-2004,https://prod.pictures.autoscout24.net/listing-images/c2758bca-19b6-4e6c-b1a5-7158cffc3184_38966a7b-533c-4617-9de7-2490fcd8a99d.jpg/250x188.webp,1020,66.36225311284039,6642,65
2b602a83-7e6d-4a0c-94db-d393abedda98,Renault,Twingo,Berline,Dealer,1300,b,193500,06-2009,https://prod.pictures.autoscout24.net/listing-images/2b602a83-7e6d-4a0c-94db-d393abedda98_5e565107-f0e8-4ced-8659-f317855217e1.jpg/250x188.webp,6010,119.70351809317113,4938,77
233bb8da-6481-468f-b8d8-0e2235e52244,Renault,Megane,Berline,PrivateSeller,1300,b,160000,07-2002,https://prod.pictures.autoscout24.net/listing-images/233bb8da-6481-468f-b8d8-0e2235e52244_016b5fb4-5b6d-4891-9325-4a792fad6e7b.jpg/250x188.webp,6032,119.9351470780066,7465,115
273f9de3-2756-45f2-8212-f4f35406de1d,Renault,Megane,Break,PrivateSeller,1350,d,221000,11-2007,https://prod.pictures.autoscout24.net/listing-images/273f9de3-2756-45f2-8212-f4f35406de1d_ce089811-61cf-41eb-8a8b-b12f2c597ee6.jpg/250x188.webp,2500,38.36429357421789,5516,30
9d01713f-6886-468b-8def-f5bc4d24376e,Renault,Clio,Berline,PrivateSeller,1350,b,179000,09-2002,https://prod.pictures.autoscout24.net/listing-images/9d01713f-6886-468b-8def-f5bc4d24376e_5659b4e9-d400-4095-a236-d8637754b0ae.jpg/250x188.webp,7850,92.1596430642278,7403,85
b8514b79-095d-40cc-a984-d2cdc89dd968,Renault,Kangoo,Monovolume,PrivateSeller,1390,d,185000,11-2002,https://prod.pictures.autoscout24.net/listing-images/b8514b79-095d-40cc-a984-d2cdc89dd968_c42a1e81-207e-483d-aead-1589c4eb2422.jpg/250x188.webp,4031,123.76688205257649,7342,101
98361a3b-53d5-4d3b-a582-ddfd3d59953d,Renault,Clio,Berline,PrivateSeller,1399,b,207432,12-1999,https://prod.pictures.autoscout24.net/listing-images/98361a3b-53d5-4d3b-a582-ddfd3d59953d_b57df827-07b7-434f-80f2-a5c3b8733cf9.jpg/250x188.webp,1140,66.17447866127165,8408,6
ce32b1e1-b60d-46db-97c9-016e546a6c2c,Renault,Megane,Berline,PrivateSeller,1400,b,198000,03-2005,https://prod.pictures.autoscout24.net/listing-images/ce32b1e1-b60d-46db-97c9-016e546a6c2c_3bcb48d9-0769-444d-9439-e6741565dbe1.jpg/250x188.webp,1320,79.92194663794157,6491,34
508f5d00-a98a-4429-880c-b7fbdb07ae6d,Renault,Espace,Monovolume,PrivateSeller,1400,d,297841,09-2008,https://prod.pictures.autoscout24.net/listing-images/508f5d00-a98a-4429-880c-b7fbdb07ae6d_4a271cb4-46d7-455e-97ba-5bb55f9bfac9.jpg/250x188.webp,3582,71.98377970991602,5211,37
37e8110b-efcc-4532-807f-437352204dd9,Renault,Megane,Berline,PrivateSeller,1400,b,147000,09-2003,https://prod.pictures.autoscout24.net/listing-images/37e8110b-efcc-4532-807f-437352204dd9_fea6ee88-d4c9-4ac0-90c1-85a67755f3e3.jpg/250x188.webp,9450,74.09805150440516,7038,71
67d1ebc5-6e99-4644-8f48-caeb11fec230,Renault,Megane,Cabriolet,PrivateSeller,1450,b,158,10-2001,https://prod.pictures.autoscout24.net/listing-images/67d1ebc5-6e99-4644-8f48-caeb11fec230_04ad21d2-cc99-4602-aecb-0230fc576aac.jpg/250x188.webp,1020,66.36225311284039,7738,49
60ce7b77-e881-4c32-98f0-ddadce5ed87b,Renault,Clio,Berline,PrivateSeller,1450,b,193000,01-1999,https://prod.pictures.autoscout24.net/listing-images/60ce7b77-e881-4c32-98f0-ddadce5ed87b_364fd7c0-c630-46a7-815c-ab43411ab114.jpg/250x188.webp,2610,33.817501233272104,8742,49
d7d8a640-6686-41b5-bcd1-aae491982709,Renault,Megane,Berline,PrivateSeller,1450,b,109990,10-1998,https://prod.pictures.autoscout24.net/listing-images/d7d8a640-6686-41b5-bcd1-aae491982709_8df005a9-c8e8-474b-b441-98960b1c4321.jpg/250x188.webp,1910,61.06717284299515,8834,79
cd0a9f80-f646-435e-ae60-6d1b2c7ae192,Renault,Clio,Berline,Dealer,1490,b,100449,08-2004,https://prod.pictures.autoscout24.net/listing-images/cd0a9f80-f646-435e-ae60-6d1b2c7ae192_8104df35-2785-4f6b-a1a2-a8239b4f2ee1.jpg/250x188.webp,1160,72.45305351002509,6703,21
cd6e904e-2fe5-403f-b031-befb5d6d52fb,Renault,R 11,Stadswagen,Dealer,1490,d,137634,07-1987,https://prod.pictures.autoscout24.net/listing-images/cd6e904e-2fe5-403f-b031-befb5d6d52fb_a2b1b33e-f90a-4d3a-b41b-c11ffa094b96.jpg/250x188.webp,1000,69.17270624549755,12944,383
2979dd1c-b185-4d56-875a-19fffceaf5f4,Renault,Clio,Berline,Dealer,1499,b,153000,12-2001,https://prod.pictures.autoscout24.net/listing-images/2979dd1c-b185-4d56-875a-19fffceaf5f4_c392ab1b-bc53-4dd3-8e9b-0039616a8e91.jpg/250x188.webp,9600,100.62421555744224,7677,1
8d1f67df-2cc5-42e6-8c41-84e3bb8532ee,Renault,Kangoo,Monovolume,Dealer,1499,d,185000,10-2000,https://prod.pictures.autoscout24.net/listing-images/8d1f67df-2cc5-42e6-8c41-84e3bb8532ee_a0ad20da-fe55-4167-9a6b-af735434fc97.jpg/250x188.webp,6030,118.28038734858286,8103,2
85f3703c-999b-4dd0-977a-bfd54d5bb2da,Renault,Megane,Berline,Dealer,1499,d,294000,02-2009,https://prod.pictures.autoscout24.net/listing-images/85f3703c-999b-4dd0-977a-bfd54d5bb2da_75e6af39-4f59-4ddb-94c2-32882df0eccb.jpg/250x188.webp,1400,97.35176357549375,5058,70
42b586c3-5e88-423b-8ffb-4f969cdfb8ef,Renault,Twingo,Berline,Dealer,1500,b,173989,11-2001,https://prod.pictures.autoscout24.net/listing-images/42b586c3-5e88-423b-8ffb-4f969cdfb8ef_7ceb7169-8dfa-447a-9f7a-0b64342db928.jpg/250x188.webp,1440,88.54751756589805,7707,0
725cfa24-d68d-49ee-b218-5b110c030d03,Renault,Espace,Monovolume,PrivateSeller,1500,d,400000,06-2006,https://prod.pictures.autoscout24.net/listing-images/725cfa24-d68d-49ee-b218-5b110c030d03_c158ce9b-73e4-49e5-ba83-5b4b090a8f93.jpg/250x188.webp,1170,74.19826431632877,6034,8
5d86d579-2908-44cd-bd6b-e7a08e2ca365,Renault,Clio,Berline,PrivateSeller,1500,d,195000,05-2009,https://prod.pictures.autoscout24.net/listing-images/5d86d579-2908-44cd-bd6b-e7a08e2ca365_74c96b83-5778-4aa6-ad70-4821d3fec8c7.jpg/250x188.webp,6180,111.8460773215552,4969,8
b8f4ebad-7585-41d3-935d-2d3db6f0d3da,Renault,Megane,Break,Dealer,1500,d,244777,08-2005,https://prod.pictures.autoscout24.net/listing-images/b8f4ebad-7585-41d3-935d-2d3db6f0d3da_0e38bd48-0e41-40a2-9ddf-869174b0b0ac.jpg/250x188.webp,7080,124.84754400917438,6338,15
de89a030-6cf0-4ee9-b336-d08d22e4fce2,Renault,Scenic,Monovolume,PrivateSeller,1500,b,138000,11-2000,https://prod.pictures.autoscout24.net/listing-images/de89a030-6cf0-4ee9-b336-d08d22e4fce2_f2d1b6df-bec1-4979-8780-b370f45ea562.jpg/250x188.webp,1440,88.54751756589805,8072,17
bdbe6005-e612-4303-9e5f-fd9ed58890ba,Renault,Megane,Cabriolet,PrivateSeller,1500,b,188000,06-1999,https://prod.pictures.autoscout24.net/listing-images/bdbe6005-e612-4303-9e5f-fd9ed58890ba_0907c755-4e94-4ca2-850f-3aa4e1ff3904.jpg/250x188.webp,3001,68.9583124136067,8591,31
decf1214-76d9-46e5-96da-cb084108d57d,Renault,Clio,Andere,Dealer,1500,d,177000,01-2002,https://prod.pictures.autoscout24.net/listing-images/decf1214-76d9-46e5-96da-cb084108d57d_c275a329-f87e-4de9-8c38-b1e7b53656ad.jpg/250x188.webp,9300,66.4098627619792,7646,36
2b234baa-96f8-4ebb-b0b7-6113186f21b2,Renault,Laguna,Berline,PrivateSeller,1500,d,174189,07-2008,https://prod.pictures.autoscout24.net/listing-images/2b234baa-96f8-4ebb-b0b7-6113186f21b2_b4cc79b5-47ca-40f2-895f-b914cf35f800.jpg/250x188.webp,4030,123.41360490886457,5273,46
afd603d3-6e26-493c-b8a3-5d77f0612982,Renault,Espace,Monovolume,Dealer,1500,d,256000,03-2003,https://prod.pictures.autoscout24.net/listing-images/afd603d3-6e26-493c-b8a3-5d77f0612982_6a379d9b-40c8-4ab8-8260-21002ecd6114.jpg/250x188.webp,7322,122.5333275073898,7222,47
374c7d38-24bd-4d96-b641-7879c04ffdfd,Renault,Twingo,Berline,PrivateSeller,1500,b,218000,11-2000,https://prod.pictures.autoscout24.net/listing-images/374c7d38-24bd-4d96-b641-7879c04ffdfd_80f25711-f29e-4a3c-a0d1-487d25b07b0a.jpg/250x188.webp,1070,71.06367211068877,8072,65
f9540641-6e1d-4f05-b283-fec78f38ac7b,Renault,Megane,Break,PrivateSeller,1500,d,220000,10-2015,https://prod.pictures.autoscout24.net/listing-images/f9540641-6e1d-4f05-b283-fec78f38ac7b_06dbf526-f958-4264-b564-7c1e48562c2b.jpg/250x188.webp,4000,118.53949006185148,2625,138
e3a9ff67-3cc7-4768-8350-9ce18cada3d8,Renault,Scenic,Break,PrivateSeller,1500,d,250000,02-2007,https://prod.pictures.autoscout24.net/listing-images/e3a9ff67-3cc7-4768-8350-9ce18cada3d8_d9681652-2a8f-47c4-9b69-a3616bb44f78.jpg/250x188.webp,1070,71.06367211068877,5789,165
d7c693f3-500e-483f-b5a0-e782453c6f65,Renault,Clio,Berline,PrivateSeller,1500,d,225000,06-2006,https://prod.pictures.autoscout24.net/listing-images/d7c693f3-500e-483f-b5a0-e782453c6f65_df9f6cd0-4806-44c1-8842-b5dd5f903af6.jpg/250x188.webp,1140,66.17447866127165,6034,175
e43c2d2a-26dc-4402-a2ca-0e0fce2c98fe,Renault,Kangoo,Monovolume,Dealer,1600,d,200000,11-2005,https://prod.pictures.autoscout24.net/listing-images/e43c2d2a-26dc-4402-a2ca-0e0fce2c98fe_32bbe205-2948-4af2-9860-33d0d638ca4f.jpg/250x188.webp,1731,64.67551938133373,6246,10
6a387445-9148-44ea-9b9c-ab76a6d58e56,Renault,Kangoo,Bestelwagen,Dealer,1600,d,190000,08-2011,https://prod.pictures.autoscout24.net/listing-images/6a387445-9148-44ea-9b9c-ab76a6d58e56_75161afa-bb28-4bcb-86e0-6f7e58c7d7d7.jpg/250x188.webp,1602,75.23922327931528,4147,102
4dc167ae-3e68-4c79-b768-9658590b043e,Renault,Megane,Berline,PrivateSeller,1600,b,137000,05-2006,https://prod.pictures.autoscout24.net/listing-images/4dc167ae-3e68-4c79-b768-9658590b043e_b74a3dd1-d4ad-4d8f-82a8-1019a4688f81.jpg/250x188.webp,7783,139.2126115007104,6065,128
22a0d929-e68b-494d-8d14-6846d08cbece,Renault,Grand Scenic,Break,PrivateSeller,1690,d,279000,10-2007,https://prod.pictures.autoscout24.net/listing-images/22a0d929-e68b-494d-8d14-6846d08cbece_31008974-7b28-4572-b72f-207f793d80c1.jpg/250x188.webp,4000,118.53949006185148,5547,3
a06160b5-8bb4-4cf9-bed3-6c983a4a2b13,Renault,Laguna,Break,PrivateSeller,1700,d,238800,12-2005,https://prod.pictures.autoscout24.net/listing-images/a06160b5-8bb4-4cf9-bed3-6c983a4a2b13_c4b0e852-9cf1-48f7-bcaa-889a8c19091c.jpg/250x188.webp,6200,119.77990387531518,6216,41
c74d0e64-2943-435f-844b-0ca7c6dc6c23,Renault,Megane,Andere,Dealer,1700,d,314000,06-2009,https://prod.pictures.autoscout24.net/listing-images/c74d0e64-2943-435f-844b-0ca7c6dc6c23_2de1dd3e-df9e-464b-907d-c20446def5dc.jpg/250x188.webp,1840,54.29299877782283,4938,63
93cc3b9b-0fb2-404d-86ae-175a35686764,Renault,Clio,Berline,Dealer,1750,b,189000,08-2008,https://prod.pictures.autoscout24.net/listing-images/93cc3b9b-0fb2-404d-86ae-175a35686764_bedc73e1-7b1d-4bc3-ac07-530fd021cfb6.jpg/250x188.webp,6044,114.30340847106793,5242,3
1b9316ce-067e-4274-91d0-1ec975a0ec4c,Renault,Megane,Break,Dealer,1750,d,203000,12-2007,https://prod.pictures.autoscout24.net/listing-images/1b9316ce-067e-4274-91d0-1ec975a0ec4c_d1fb0b16-25e5-422a-96fc-c2cd6d4e4adf.jpg/250x188.webp,2900,24.06544367495776,5486,5
de2c04f2-465d-4be2-a932-8bb8b50055d4,Renault,Scenic,Break,PrivateSeller,1750,b,227600,11-2006,https://prod.pictures.autoscout24.net/listing-images/de2c04f2-465d-4be2-a932-8bb8b50055d4_45eb31c5-0c1b-4d1a-9440-06393e2859a5.jpg/250x188.webp,1210,68.61361841336421,5881,9
62defe07-c1e9-49b5-958d-8a64c189b51b,Renault,Clio,Berline,PrivateSeller,1750,d,200000,07-2009,https://prod.pictures.autoscout24.net/listing-images/62defe07-c1e9-49b5-958d-8a64c189b51b_bab85c7f-dced-48da-8397-faaed9cd8113.jpg/250x188.webp,6140,118.16906783395082,4908,20
3aa8edf5-2ee5-4330-aa9a-1bd509065443,Renault,Scenic,Monovolume,Dealer,1750,d,238000,04-2008,https://prod.pictures.autoscout24.net/listing-images/3aa8edf5-2ee5-4330-aa9a-1bd509065443_2906f43d-8854-4309-bc03-0bb775ed7864.jpg/250x188.webp,4800,137.3735948615729,5364,24
b7d3a5a6-5ef1-41b5-bb85-b1d387638e87,Renault,Clio,Break,Dealer,1750,d,267810,09-2009,https://prod.pictures.autoscout24.net/listing-images/b7d3a5a6-5ef1-41b5-bb85-b1d387638e87_20835d92-c3e4-4836-a9d3-4ff0557b32dc.jpg/250x188.webp,2640,33.48120517070446,4846,29
daac0bfa-725a-43f4-a6be-f4dc10c702e4,Renault,Clio,Berline,Dealer,1750,d,179000,03-2006,https://prod.pictures.autoscout24.net/listing-images/daac0bfa-725a-43f4-a6be-f4dc10c702e4_a2141726-4f7f-4832-9228-ae8022a4519f.jpg/250x188.webp,1070,71.06367211068877,6126,33
09b11395-3227-4a39-9cec-1995fe7693f3,Renault,Vel Satis,Berline,Dealer,1750,d,236000,01-2006,https://prod.pictures.autoscout24.net/listing-images/09b11395-3227-4a39-9cec-1995fe7693f3_36c53637-c123-4c84-8259-e552e0db04e8.jpg/250x188.webp,1400,97.35176357549375,6185,227
010f7a6d-a6da-4635-82fa-bf15a9d58a0b,Renault,Megane,Cabriolet,PrivateSeller,1750,d,243000,09-2007,https://prod.pictures.autoscout24.net/listing-images/010f7a6d-a6da-4635-82fa-bf15a9d58a0b_e304ed53-ad9d-4fa5-ad5e-e2d7f7fb6b34.jpg/250x188.webp,7330,122.18539886887184,5577,447
3901e2cb-727b-47d5-8e32-47160624a821,Renault,Megane,Stadswagen,Dealer,1780,b,158536,04-2000,https://prod.pictures.autoscout24.net/listing-images/3901e2cb-727b-47d5-8e32-47160624a821_6408b356-4018-4cb6-b860-00bf4a7190d7.jpg/250x188.webp,2610,33.817501233272104,8286,61
ef95b6a6-5092-4e99-a2be-049d44644fa6,Renault,Kangoo,Bestelwagen,PrivateSeller,1790,d,201169,06-2005,https://prod.pictures.autoscout24.net/listing-images/ef95b6a6-5092-4e99-a2be-049d44644fa6_77f45108-79a9-4f16-a4fe-aa4b720a7cfe.jpg/250x188.webp,7090,96.30849119801513,6399,43
27cd41a4-9dda-4813-a49b-bb419a1f872f,Renault,Scenic,Monovolume,Dealer,1799,d,207062,04-2007,https://prod.pictures.autoscout24.net/listing-images/27cd41a4-9dda-4813-a49b-bb419a1f872f_99e4ea16-953a-4137-8cf2-0c5e5d00c771.jpg/250x188.webp,1310,81.95917189034911,5730,131
00c563a9-b63b-4035-aa99-726c6cbf71e3,Renault,Kangoo,Monovolume,Dealer,1800,d,250000,11-2006,https://prod.pictures.autoscout24.net/listing-images/00c563a9-b63b-4035-aa99-726c6cbf71e3_20fe6799-6888-4152-a15d-843ca8cf07f1.jpg/250x188.webp,1840,54.29299877782283,5881,22
b45ba9bc-3277-40bb-9e5b-e2ea612a2bf5,Renault,Clio,Berline,Dealer,1800,b,163000,11-2000,https://prod.pictures.autoscout24.net/listing-images/b45ba9bc-3277-40bb-9e5b-e2ea612a2bf5_d16e5a57-ed43-408f-ba3c-b38a7c160b20.jpg/250x188.webp,7160,111.53193473693841,8072,24
44afcbd3-b886-4152-b93e-49b208b62bee,Renault,Grand Scenic,Monovolume,Dealer,1800,d,280000,10-2009,https://prod.pictures.autoscout24.net/listing-images/44afcbd3-b886-4152-b93e-49b208b62bee_e524cd88-bfb7-4343-8de6-08583bb84445.jpg/250x188.webp,6061,117.55452099458994,4816,55
f38ddfa5-fe8a-468b-887d-9a70ec54dbd0,Renault,Twingo,Berline,PrivateSeller,1800,b,196400,11-2006,https://prod.pictures.autoscout24.net/listing-images/f38ddfa5-fe8a-468b-887d-9a70ec54dbd0_43f5f020-ab64-4a1e-9e7c-7a139d045cab.jpg/250x188.webp,1470,94.66270459365258,5881,88
576ab0d6-4814-4195-be0c-6cf1479cf4c7,Renault,Clio,Berline,PrivateSeller,1800,b,193000,07-1999,https://prod.pictures.autoscout24.net/listing-images/576ab0d6-4814-4195-be0c-6cf1479cf4c7_3a1e743c-ebfb-43cd-8ca6-dac594757ba5.jpg/250x188.webp,9200,55.33414746561007,8561,119
685540d9-708b-4904-a177-c1508355643e,Renault,Twingo,Berline,PrivateSeller,1800,b,175572,08-2005,https://prod.pictures.autoscout24.net/listing-images/685540d9-708b-4904-a177-c1508355643e_6873d477-caba-4d01-85ed-75050f8433f5.jpg/250x188.webp,4452,109.87362611892874,6338,127
741809e1-37b6-4108-a335-941a145bc5e6,Renault,Twingo,Berline,PrivateSeller,1800,b,174572,05-2005,https://prod.pictures.autoscout24.net/listing-images/741809e1-37b6-4108-a335-941a145bc5e6_a711fbef-6769-4581-a585-019cb1c2a25e.jpg/250x188.webp,4452,109.87362611892874,6430,131
d5abcd35-d7cf-4eeb-b1a7-80782618dcef,Renault,Scenic,Monovolume,PrivateSeller,1800,b,247000,06-2005,https://prod.pictures.autoscout24.net/listing-images/d5abcd35-d7cf-4eeb-b1a7-80782618dcef_602a235c-fe33-45ca-81ce-96de894224ba.jpg/250x188.webp,1020,66.36225311284039,6399,149
b3579514-0f11-4d36-9b56-f3cace77d576,Renault,Twingo,Berline,Dealer,1850,b,105000,10-2001,https://prod.pictures.autoscout24.net/listing-images/b3579514-0f11-4d36-9b56-f3cace77d576_20fd85f1-2421-4494-a6c4-f58558e9e83d.jpg/250x188.webp,1770,71.72306486218548,7738,39
52495d8b-4cb3-40a0-8473-c82ba5a14c8b,Renault,Modus,Monovolume,Dealer,1850,d,195000,11-2009,https://prod.pictures.autoscout24.net/listing-images/52495d8b-4cb3-40a0-8473-c82ba5a14c8b_205d9a50-34ff-4473-a53d-d40af539b03c.jpg/250x188.webp,1400,97.35176357549375,4785,67
27695471-1da5-4c3a-848b-45eef87a065b,Renault,Modus,Monovolume,Dealer,1850,d,185000,11-2007,https://prod.pictures.autoscout24.net/listing-images/27695471-1da5-4c3a-848b-45eef87a065b_9cd17a6d-dc48-4325-a14e-43b4d2dafe20.jpg/250x188.webp,8791,102.62748120507626,5516,147
76a6449c-325b-4072-8d98-49c0b06185a6,Renault,Modus,Monovolume,PrivateSeller,1900,b,160000,08-2006,https://prod.pictures.autoscout24.net/listing-images/76a6449c-325b-4072-8d98-49c0b06185a6_5cfff971-a6e5-44ad-9a57-88cc0dd77281.jpg/250x188.webp,1600,78.61296004280759,5973,2
894db27a-43a2-4097-8cd9-3200b9ff2704,Renault,Megane,Berline,PrivateSeller,1900,b,250000,11-2006,https://prod.pictures.autoscout24.net/listing-images/894db27a-43a2-4097-8cd9-3200b9ff2704_8cfd6ddf-4674-48e9-a093-32695b9c1eb6.jpg/250x188.webp,1090,66.80320352454842,5881,9
c0396cbf-ee34-405d-aed6-deab6f23275b,Renault,Megane,Berline,PrivateSeller,1900,d,220000,05-2006,https://prod.pictures.autoscout24.net/listing-images/c0396cbf-ee34-405d-aed6-deab6f23275b_3c83e2e3-9232-48bf-80d7-0650db4bc171.jpg/250x188.webp,1800,60.05560122441548,6065,123
97290b3f-135a-49bf-b807-fdfc88dd3633,Renault,Clio,Berline,Dealer,1950,d,168168,01-2004,https://prod.pictures.autoscout24.net/listing-images/97290b3f-135a-49bf-b807-fdfc88dd3633_f12fe4bc-748a-49fa-a698-54ce61d13099.jpg/250x188.webp,3221,62.931511204304826,6916,22
413d7612-d4e7-4b73-96fb-28d73df1893d,Renault,Clio,Andere,PrivateSeller,1950,b,150000,03-2004,https://prod.pictures.autoscout24.net/listing-images/413d7612-d4e7-4b73-96fb-28d73df1893d_9f3fc25f-a690-4568-b4c9-e07504dc788e.jpg/250x188.webp,1050,70.92422613330518,6856,68
0208bf6c-98d0-4076-8cc4-b52efcca9492,Renault,Clio,Berline,PrivateSeller,1950,b,60000,07-1992,https://prod.pictures.autoscout24.net/listing-images/0208bf6c-98d0-4076-8cc4-b52efcca9492_80278ba0-60c8-4740-a5a9-3f66fc8e7eed.jpg/250x188.webp,9100,39.90739495574749,11117,77
3fb22349-53cf-40ad-9745-6ae38fb3d822,Renault,Scenic,Andere,Dealer,1950,b,102000,08-2003,https://prod.pictures.autoscout24.net/listing-images/3fb22349-53cf-40ad-9745-6ae38fb3d822_43aaaa44-e48b-428b-b651-f45903ea86ac.jpg/250x188.webp,1840,54.29299877782283,7069,182
514b3a44-5dff-403a-8d76-77e14f4d0e8a,Renault,Modus,Break,Dealer,1950,d,249000,11-2004,https://prod.pictures.autoscout24.net/listing-images/514b3a44-5dff-403a-8d76-77e14f4d0e8a_690f26ad-7263-449f-bc05-e17dfb90e13e.jpg/250x188.webp,6700,222.44484417522085,6611,217
cdb1c877-5212-43eb-8045-abce5ac677db,Renault,Megane,Berline,PrivateSeller,1990,b,204000,12-2006,https://prod.pictures.autoscout24.net/listing-images/cdb1c877-5212-43eb-8045-abce5ac677db_c97f6788-2f2c-4c7d-b87b-ee5db183a356.jpg/250x188.webp,1800,60.05560122441548,5851,5
937ff3e5-234f-4040-ac8f-070e6aa4812d,Renault,Espace,Monovolume,Dealer,1990,d,283639,01-2010,https://prod.pictures.autoscout24.net/listing-images/937ff3e5-234f-4040-ac8f-070e6aa4812d_e4d25a18-06c5-4d0d-ad82-176d4a382e98.jpg/250x188.webp,2440,49.365434961335374,4724,10
ed1c1f46-e693-4621-90d0-dc20d3852da4,Renault,Laguna,Berline,Dealer,1990,b,175000,02-2005,https://prod.pictures.autoscout24.net/listing-images/ed1c1f46-e693-4621-90d0-dc20d3852da4_6ed0ac33-b58b-4ae3-86ac-28e598ac6cc3.jpg/250x188.webp,1000,69.17270624549755,6519,52
d081b502-af81-40b9-aa15-8b7325c46333,Renault,Scenic,Monovolume,Dealer,1990,d,185000,07-2007,https://prod.pictures.autoscout24.net/listing-images/d081b502-af81-40b9-aa15-8b7325c46333_81ff4c02-fdce-471d-b68c-794c35f4350b.jpg/250x188.webp,1160,72.45305351002509,5639,61
eead21ee-b6aa-45c7-a467-a2720877ebc0,Renault,Clio,Stadswagen,Dealer,1990,b,210285,10-2007,https://prod.pictures.autoscout24.net/listing-images/eead21ee-b6aa-45c7-a467-a2720877ebc0_7be5c67a-be6d-482d-855e-970bf131a751.jpg/250x188.webp,1000,69.17270624549755,5547,282
f0ad99af-44dc-4cdd-9c7c-b8751e7be0c2,Renault,Grand Modus,Monovolume,Dealer,1990,d,126283,04-2009,https://prod.pictures.autoscout24.net/listing-images/f0ad99af-44dc-4cdd-9c7c-b8751e7be0c2_841c94e8-256a-463f-b4e3-82135b72f500.jpg/250x188.webp,2640,33.48120517070446,4999,294
41a3c0a9-c619-48f6-88b2-a1e4d3b19117,Renault,Megane,Berline,Dealer,1990,d,193895,03-2004,https://prod.pictures.autoscout24.net/listing-images/41a3c0a9-c619-48f6-88b2-a1e4d3b19117_57330ab9-2f51-4b8e-b41e-9b3f88f5fb2e.jpg/250x188.webp,2660,33.51153490320288,6856,652
afffe676-1661-48eb-aa5b-7b9aaab91d25,Renault,Kangoo,Bestelwagen,Dealer,1999,d,262000,06-2010,https://prod.pictures.autoscout24.net/listing-images/afffe676-1661-48eb-aa5b-7b9aaab91d25_89c047d8-4e79-47ef-8766-85b2d247f66e.jpg/250x188.webp,5140,104.85389989976589,4573,3
cb463031-cf0a-4d61-b876-6c3f90e68155,Renault,Megane,Berline,Dealer,1999,d,195999,03-2007,https://prod.pictures.autoscout24.net/listing-images/cb463031-cf0a-4d61-b876-6c3f90e68155_8b988233-7bee-4935-afdb-d258afadc0d4.jpg/250x188.webp,1082,68.04437182438213,5761,6
13b7bc3b-6f75-466c-aeef-7b8c5088c588,Renault,Clio,Berline,Dealer,1999,b,198000,07-2006,https://prod.pictures.autoscout24.net/listing-images/13b7bc3b-6f75-466c-aeef-7b8c5088c588_cd3f0190-5d6c-463d-acb2-4645eeb1d076.jpg/250x188.webp,1082,68.04437182438213,6004,15
3bbec985-aa8e-490e-aa5b-8e45baf9a94a,Renault,Twingo,Berline,Dealer,1999,d,217000,04-2011,https://prod.pictures.autoscout24.net/listing-images/3bbec985-aa8e-490e-aa5b-8e45baf9a94a_97e2c28d-4896-4cf6-bc0f-1af0d8872c6e.jpg/250x188.webp,1400,97.35176357549375,4269,38
35a697a2-24f1-4c39-bedd-6c83b9c2a45f,Renault,Scenic,Monovolume,Dealer,1999,d,204000,04-2009,https://prod.pictures.autoscout24.net/listing-images/35a697a2-24f1-4c39-bedd-6c83b9c2a45f_ea558ef7-6dc0-49c9-aa52-e70bbe78f689.jpg/250x188.webp,1400,97.35176357549375,4999,55
d922e7e6-b364-401e-907a-c6c55a282765,Renault,Grand Espace,Monovolume,Dealer,1999,d,281704,01-2009,https://prod.pictures.autoscout24.net/listing-images/d922e7e6-b364-401e-907a-c6c55a282765_b5c9ba9e-ed89-49e1-bb74-c79bbb03b49b.jpg/250x188.webp,1400,97.35176357549375,5089,59
be69a652-dc54-4d0f-9f08-713a0908ef52,Renault,Laguna,Berline,Dealer,1999,b,130000,03-2004,https://prod.pictures.autoscout24.net/listing-images/be69a652-dc54-4d0f-9f08-713a0908ef52_1ef7ce75-9e59-4743-ae7f-92a0240d3fa6.jpg/250x188.webp,2300,36.751136569594,6856,274
329a9bb8-8178-4aea-af17-e237f6cc1c8f,Renault,Clio,Berline,PrivateSeller,2000,d,173000,03-2009,https://prod.pictures.autoscout24.net/listing-images/329a9bb8-8178-4aea-af17-e237f6cc1c8f_3067219d-3494-4c1b-8f06-02e5710524ff.jpg/250x188.webp,9031,73.13376579529805,5030,2
d1b568b8-1c83-46c2-96e5-dfc015705909,Renault,Master,SUV/4x4/Pick-up,PrivateSeller,2000,d,312,10-1999,https://prod.pictures.autoscout24.net/listing-images/d1b568b8-1c83-46c2-96e5-dfc015705909_b231ffb9-abab-4d9f-ace0-df1441247e92.jpg/250x188.webp,6000,117.49014599385939,8469,5
80f710a3-a438-4f58-9b96-6d592bd54e77,Renault,Clio,Berline,PrivateSeller,2000,b,155000,04-2008,https://prod.pictures.autoscout24.net/listing-images/80f710a3-a438-4f58-9b96-6d592bd54e77_f145e234-c0ac-4e5f-a79c-8a158553d539.jpg/250x188.webp,7100,111.04432979756132,5364,10
4b80fdef-dd1a-49b4-9c4c-144f1041e7b7,Renault,Megane,Berline,PrivateSeller,2000,b,94000,09-2002,https://prod.pictures.autoscout24.net/listing-images/4b80fdef-dd1a-49b4-9c4c-144f1041e7b7_601df179-1461-4f7e-be8e-2b338c5a4b61.jpg/250x188.webp,3630,102.97605198560623,7403,10
4869dee0-8f88-4168-9df4-61d8b2cff091,Renault,Scenic,Monovolume,PrivateSeller,2000,b,310000,06-2006,https://prod.pictures.autoscout24.net/listing-images/4869dee0-8f88-4168-9df4-61d8b2cff091_eefc75e3-985a-40da-930a-ee0d485f7011.jpg/250x188.webp,4816,,6034,11
fcc4921d-7dc0-4b33-aa5e-954c43d2a826,Renault,Clio,Berline,PrivateSeller,2000,b,128752,11-2005,https://prod.pictures.autoscout24.net/listing-images/fcc4921d-7dc0-4b33-aa5e-954c43d2a826_1a28a8ec-fa2f-48e2-a32e-70724d6028c5.jpg/250x188.webp,2630,37.55427282853161,6246,28
6a8d1418-430d-4896-bc9d-1e812a5200bf,Renault,Modus,Stadswagen,PrivateSeller,2000,b,140000,03-2007,https://prod.pictures.autoscout24.net/listing-images/6a8d1418-430d-4896-bc9d-1e812a5200bf_0935837f-612c-40c0-9508-921e1414260e.jpg/250x188.webp,2800,49.170515286575046,5761,38
7f62dc03-1e80-451c-878d-f037bcfa52ac,Renault,Grand Espace,Monovolume,PrivateSeller,2000,d,352338,07-2006,https://prod.pictures.autoscout24.net/listing-images/7f62dc03-1e80-451c-878d-f037bcfa52ac_c74fc0e3-24c1-412b-b99b-2ad310278b32.jpg/250x188.webp,9200,55.33414746561007,6004,53
532ee946-efd1-4903-8824-0a3c837ea866,Renault,Clio,Andere,PrivateSeller,2000,b,136000,08-2001,https://prod.pictures.autoscout24.net/listing-images/532ee946-efd1-4903-8824-0a3c837ea866_78ba24a3-7a64-43ee-9c13-0ea2ae5865a6.jpg/250x188.webp,2100,27.421552979694752,7799,57
0f396814-f025-40d6-a710-db4756213c89,Renault,Megane,Berline,PrivateSeller,2000,b,159000,02-2003,https://prod.pictures.autoscout24.net/listing-images/0f396814-f025-40d6-a710-db4756213c89_4077d985-120b-4e23-b555-43bccdaa6d71.jpg/250x188.webp,7387,133.5272895412881,7250,60
7a2bbda3-a5b8-4fb0-b8c6-6636066da479,Renault,Clio,Andere,PrivateSeller,2000,d,350000,10-2009,https://prod.pictures.autoscout24.net/listing-images/7a2bbda3-a5b8-4fb0-b8c6-6636066da479_43f4a8a9-bfb9-4e55-9e3a-358566608258.jpg/250x188.webp,6560,131.1094961268063,4816,64
2f7654f2-31f1-420e-8a52-d44b767831f2,Renault,Laguna,Berline,PrivateSeller,2000,b,185000,08-2003,https://prod.pictures.autoscout24.net/listing-images/2f7654f2-31f1-420e-8a52-d44b767831f2_3f5e7604-426c-4ccd-ac15-ca9f6ce95418.jpg/250x188.webp,9860,75.70525305366282,7069,79
3f7ffe80-6a10-4350-b1bc-27dd7d12c921,Renault,Clio,Berline,PrivateSeller,2000,b,150000,03-1999,https://prod.pictures.autoscout24.net/listing-images/3f7ffe80-6a10-4350-b1bc-27dd7d12c921_0217089f-3073-40d5-90a8-c99c3fe25ecf.jpg/250x188.webp,1430,91.89718716064273,8683,94
41592669-6e7b-43b1-ada5-4a7cc1ea5b09,Renault,Kangoo,Monovolume,PrivateSeller,2000,d,239000,09-2003,https://prod.pictures.autoscout24.net/listing-images/41592669-6e7b-43b1-ada5-4a7cc1ea5b09_082e3f81-0ca7-4a96-b62a-5fa36def53e0.jpg/250x188.webp,8000,90.37195651627515,7038,103
a403c11b-b537-4152-a4fc-ffc8c4d0d364,Renault,Clio,Berline,PrivateSeller,2000,b,291000,08-2009,https://prod.pictures.autoscout24.net/listing-images/a403c11b-b537-4152-a4fc-ffc8c4d0d364_abec2a30-a6ba-4285-b64f-ac4f4e504402.jpg/250x188.webp,7543,115.45733098972809,4877,115
71fc6f7c-0e5d-4269-a5f1-806e2e32e5da,Renault,Twingo,Berline,PrivateSeller,2000,b,140600,03-2000,https://prod.pictures.autoscout24.net/listing-images/71fc6f7c-0e5d-4269-a5f1-806e2e32e5da_7ab6925c-4eba-4c65-98d6-7cef7ae32a0a.jpg/250x188.webp,8908,133.658300464842,8317,120
06730ddb-bd32-4199-bd8f-b7ef49638f3d,Renault,Megane,Berline,PrivateSeller,2000,b,101000,12-1999,https://prod.pictures.autoscout24.net/listing-images/06730ddb-bd32-4199-bd8f-b7ef49638f3d_09ed3258-fc90-4dbd-8da3-270878c23143.jpg/250x188.webp,8800,107.24415982689398,8408,124
4ebc2514-9dca-45d1-af23-b6c8f13daed4,Renault,Megane,Berline,PrivateSeller,2000,b,87924,08-1999,https://prod.pictures.autoscout24.net/listing-images/4ebc2514-9dca-45d1-af23-b6c8f13daed4_99e8bee3-fa1a-4236-af6b-356a4e20cf5f.jpg/250x188.webp,2260,51.722105508235536,8530,319
47da4462-0b02-9916-e053-e350040a0987,Renault,Scenic,SUV/4x4/Pick-up,Dealer,2000,d,165000,09-2006,https://prod.pictures.autoscout24.net/listing-images/47da4462-0b02-9916-e053-e350040a0987_81facb65-1906-40b5-bc96-dda75fc88d2b.jpg/250x188.webp,5020,112.56317852994579,5942,1795
d3d52e26-223b-43f4-b231-fa5033af8614,Renault,Clio,Berline,PrivateSeller,2099,b,250000,08-2007,https://prod.pictures.autoscout24.net/listing-images/d3d52e26-223b-43f4-b231-fa5033af8614_5ce6a7fb-13dd-41b6-ab66-f71f798ac63c.jpg/250x188.webp,4350,105.66815720147693,5608,121
c2f2e58a-27e1-4809-a836-8f5571c14657,Renault,Modus,Monovolume,PrivateSeller,2100,b,210000,10-2005,https://prod.pictures.autoscout24.net/listing-images/c2f2e58a-27e1-4809-a836-8f5571c14657_53945d90-2706-4731-934d-00e9205b75b4.jpg/250x188.webp,6080,,6277,36
bc070002-f161-4c4c-b5ac-e6225170ba3b,Renault,Twingo,Berline,PrivateSeller,2100,b,212000,10-2007,https://prod.pictures.autoscout24.net/listing-images/bc070002-f161-4c4c-b5ac-e6225170ba3b_330f8342-0f37-45ff-947d-f2a6f90d93d4.jpg/250x188.webp,1070,71.06367211068877,5547,40
14ecf6ec-8365-403c-8acc-511137d99c2d,Renault,Clio,Berline,Dealer,2190,b,220000,05-2008,https://prod.pictures.autoscout24.net/listing-images/14ecf6ec-8365-403c-8acc-511137d99c2d_f0b8802d-6340-4caa-92e7-f54ab5fc6730.jpg/250x188.webp,7130,117.49117131592739,5334,40
99002560-f073-4e0c-8dc4-1c092836457a,Renault,Twingo,Stadswagen,PrivateSeller,2199,b,175300,05-2003,https://prod.pictures.autoscout24.net/listing-images/99002560-f073-4e0c-8dc4-1c092836457a_8d3c2da7-204f-4c4a-aa32-8b09437b1d57.jpg/250x188.webp,1083,67.26476839570763,7161,61
4cadc3ff-55e9-4dd3-a63c-c58e461664fb,Renault,Scenic,Monovolume,Dealer,2200,d,181114,12-2010,https://prod.pictures.autoscout24.net/listing-images/4cadc3ff-55e9-4dd3-a63c-c58e461664fb_7fa4a1f8-b325-4ac9-951e-89e6c380cb42.jpg/250x188.webp,1440,88.54751756589805,4390,0
310fa51f-82f1-40d2-9f09-0a9d8cbf2394,Renault,Clio,Berline,PrivateSeller,2200,b,151000,12-2007,https://prod.pictures.autoscout24.net/listing-images/310fa51f-82f1-40d2-9f09-0a9d8cbf2394_bcfef941-9153-4aca-85e3-4605253602a3.jpg/250x188.webp,2018,27.94913546724415,5486,2
0d3dc481-0b72-44fb-bce6-6f4f197c3d92,Renault,Megane,Cabriolet,Dealer,2200,d,218655,02-2006,https://prod.pictures.autoscout24.net/listing-images/0d3dc481-0b72-44fb-bce6-6f4f197c3d92_3f4e514f-34ff-41bd-854f-e1f4e37116d5.jpg/250x188.webp,8800,107.24415982689398,6154,8
d7b5ff6d-2ef9-4a9e-94f4-fd72e1be16c4,Renault,Modus,Monovolume,PrivateSeller,2200,b,138000,02-2006,https://prod.pictures.autoscout24.net/listing-images/d7b5ff6d-2ef9-4a9e-94f4-fd72e1be16c4_c3a32c42-a362-47b4-9fce-c66142018744.jpg/250x188.webp,6240,115.29065835205232,6154,23
ef53e477-bd8a-4578-9883-d1060ed6d544,Renault,Clio,Stadswagen,PrivateSeller,2200,b,220000,03-2006,https://prod.pictures.autoscout24.net/listing-images/ef53e477-bd8a-4578-9883-d1060ed6d544_db1fbed8-89a6-4d00-a3a5-12b1037d4086.jpg/250x188.webp,2300,36.751136569594,6126,39
98cc2cb9-c504-4a61-a2a7-cc5a0ed80eb1,Renault,Megane,Break,PrivateSeller,2200,d,170000,08-2007,https://prod.pictures.autoscout24.net/listing-images/98cc2cb9-c504-4a61-a2a7-cc5a0ed80eb1_6a3eb1ed-2d72-4cda-8468-b74fe3e7479e.jpg/250x188.webp,8560,116.79638105292675,5608,47
49aff787-97f5-4f94-9a60-7f8bf73eaa59,Renault,Kangoo,Bestelwagen,PrivateSeller,2200,d,325000,06-2007,https://prod.pictures.autoscout24.net/listing-images/49aff787-97f5-4f94-9a60-7f8bf73eaa59_363b4314-e7e9-491b-baa5-919f4da087bf.jpg/250x188.webp,7780,129.12592734900286,5669,60
182bc01b-1812-4f94-98ca-0742c3926864,Renault,Megane,Berline,Dealer,2200,b,150000,09-2004,https://prod.pictures.autoscout24.net/listing-images/182bc01b-1812-4f94-98ca-0742c3926864_f25579e2-3cf5-4934-b127-0dfad3ae7c26.jpg/250x188.webp,1731,64.67551938133373,6672,77
e66a2d0a-e5a8-42bc-bab3-297e9b5c7875,Renault,Laguna,Break,PrivateSeller,2200,d,148000,12-2006,https://prod.pictures.autoscout24.net/listing-images/e66a2d0a-e5a8-42bc-bab3-297e9b5c7875_be532181-4787-4a2e-a322-a0f4316d1192.jpg/250x188.webp,5570,149.9747774147415,5851,139
8425c218-efb4-4e55-9f59-7002c77bb086,Renault,Megane,Break,PrivateSeller,2200,d,220000,12-2010,https://prod.pictures.autoscout24.net/listing-images/8425c218-efb4-4e55-9f59-7002c77bb086_e6039703-9f05-4e91-9174-c91f9cd43f46.jpg/250x188.webp,2660,33.51153490320288,4390,150
882afe42-cc75-4571-b1cc-32e5ad82dab5,Renault,Scenic,SUV/4x4/Pick-up,Dealer,2250,d,198000,02-2003,https://prod.pictures.autoscout24.net/listing-images/882afe42-cc75-4571-b1cc-32e5ad82dab5_6c9eb947-dde7-40b5-8e8f-6e608dd6e495.jpg/250x188.webp,7170,108.4792868516476,7250,6
41285982-4b15-4921-bd90-a636840f1a40,Renault,Scenic,Monovolume,Dealer,2250,d,198000,02-2003,https://prod.pictures.autoscout24.net/listing-images/41285982-4b15-4921-bd90-a636840f1a40_44b31185-7362-4f4a-aeb9-c977161c0923.jpg/250x188.webp,7170,108.4792868516476,7250,6
a3198d7f-4c1e-4458-ab5e-a6767448e06f,Renault,Espace,Break,Dealer,2250,d,215000,01-2008,https://prod.pictures.autoscout24.net/listing-images/a3198d7f-4c1e-4458-ab5e-a6767448e06f_a20f3be3-8965-4672-81a5-bf12389c5c01.jpg/250x188.webp,9160,52.83263590517851,5455,8
569a6f8b-7a6b-482b-9249-50ef255d1e2a,Renault,Twingo,Berline,Dealer,2250,b,155784,10-2011,https://prod.pictures.autoscout24.net/listing-images/569a6f8b-7a6b-482b-9249-50ef255d1e2a_9f671a15-0433-423e-8140-bad68f785a83.jpg/250x188.webp,7860,95.07423547129062,4086,17
add25224-ab1e-494d-8ed8-a81f85a56aff,Renault,Megane,Cabriolet,Dealer,2250,b,148000,04-2004,https://prod.pictures.autoscout24.net/listing-images/add25224-ab1e-494d-8ed8-a81f85a56aff_e0d37a36-3b85-4035-bbf1-695e6b1fd41f.jpg/250x188.webp,5060,116.00750129472273,6825,22
10623524-9f59-4f91-9100-b524b69e55c9,Renault,Laguna,Break,Dealer,2250,d,207150,09-2008,https://prod.pictures.autoscout24.net/listing-images/10623524-9f59-4f91-9100-b524b69e55c9_865cf062-3b09-442a-be79-405b8e8871af.jpg/250x188.webp,6950,161.16047264566197,5211,26
fddd755a-352f-427e-9751-e00fc7c56244,Renault,Clio,Berline,Dealer,2250,d,185000,11-2008,https://prod.pictures.autoscout24.net/listing-images/fddd755a-352f-427e-9751-e00fc7c56244_5655d246-b6fb-42f5-a266-838c8651ee27.jpg/250x188.webp,1440,88.54751756589805,5150,33
cdab6268-7cec-4558-b935-3f6b3d6ebc51,Renault,Megane,Cabriolet,Dealer,2250,d,148000,07-2009,https://prod.pictures.autoscout24.net/listing-images/cdab6268-7cec-4558-b935-3f6b3d6ebc51_b759925b-616f-4f5a-84c8-d2afd64cc2cb.jpg/250x188.webp,1930,65.18883147641638,4908,65
c262c15a-924c-47a6-9c67-980665de0c81,Renault,Megane,Berline,PrivateSeller,2250,b,93000,06-2004,https://prod.pictures.autoscout24.net/listing-images/c262c15a-924c-47a6-9c67-980665de0c81_b34099d9-756c-40ba-84f6-6f1b5e1f52dc.jpg/250x188.webp,1800,60.05560122441548,6764,165
22c36f3a-fc8c-4a29-91f9-c2b69924435c,Renault,Modus,Break,PrivateSeller,2250,b,147500,07-2005,https://prod.pictures.autoscout24.net/listing-images/22c36f3a-fc8c-4a29-91f9-c2b69924435c_893cdf97-1987-4df0-ae46-58f276b0c472.jpg/250x188.webp,1780,63.273818071645216,6369,179
8339545d-3787-4826-9e88-1af1e936b828,Renault,Twingo,Berline,PrivateSeller,2300,b,145500,02-2002,https://prod.pictures.autoscout24.net/listing-images/8339545d-3787-4826-9e88-1af1e936b828_d02749f5-3e00-416b-ad14-66d5bf6da714.jpg/250x188.webp,4560,133.44061825699924,7615,0
e442c811-63e9-46d6-bcd4-4cc21b16b249,Renault,Grand Scenic,Monovolume,PrivateSeller,2300,b,243000,07-2005,https://prod.pictures.autoscout24.net/listing-images/e442c811-63e9-46d6-bcd4-4cc21b16b249_5e1d9ffe-bcbd-4ae3-9301-2021dbd0ba1e.jpg/250x188.webp,1410,83.89428081314767,6369,3
752bc099-da88-4e6a-a87b-e6211c2e7fde,Renault,Laguna,Berline,Dealer,2300,d,362889,11-2008,https://prod.pictures.autoscout24.net/listing-images/752bc099-da88-4e6a-a87b-e6211c2e7fde_e263e532-a39b-423a-aa8f-f278139ccb5a.jpg/250x188.webp,5140,104.85389989976589,5150,31
d5d3db0a-101b-4067-a807-8b83157e0f30,Renault,Clio,Berline,PrivateSeller,2300,b,196000,06-2007,https://prod.pictures.autoscout24.net/listing-images/d5d3db0a-101b-4067-a807-8b83157e0f30_6857a0e4-e717-43e9-a204-ccea45b656d3.jpg/250x188.webp,1600,78.61296004280759,5669,47
f248e522-3c78-4fa6-af8a-bc2cadb5d18a,Renault,Twingo,Berline,PrivateSeller,2300,b,211000,11-2002,https://prod.pictures.autoscout24.net/listing-images/f248e522-3c78-4fa6-af8a-bc2cadb5d18a_623f3330-f168-4133-a8b9-0d486d370194.jpg/250x188.webp,2840,43.35213990196281,7342,50
a9fdd48d-c859-4fb0-8f4f-6de7b710f972,Renault,Megane,Berline,PrivateSeller,2300,b,152000,06-2003,https://prod.pictures.autoscout24.net/listing-images/a9fdd48d-c859-4fb0-8f4f-6de7b710f972_1b9576ec-4e8a-4cb4-af68-710198ebeed4.jpg/250x188.webp,1200,69.44150665917473,7130,52
450598ad-5451-43f9-98f9-ee6b243c5046,Renault,Kangoo,Andere,Dealer,2300,d,191000,12-2008,https://prod.pictures.autoscout24.net/listing-images/450598ad-5451-43f9-98f9-ee6b243c5046_5c78964a-84d2-4c31-8d28-e303367d2615.jpg/250x188.webp,6010,119.70351809317113,5120,71
07c37700-438c-4e33-96b4-df0ed983a98c,Renault,Clio,Berline,PrivateSeller,2300,b,128600,04-2002,https://prod.pictures.autoscout24.net/listing-images/07c37700-438c-4e33-96b4-df0ed983a98c_ba2fcd7e-8886-43ca-a4e3-1e4e48d2d6d8.jpg/250x188.webp,1180,74.57281408996285,7556,112
49369404-726a-4656-98c8-958c4b4a16db,Renault,Modus,Monovolume,Dealer,2350,b,200000,07-2007,https://prod.pictures.autoscout24.net/listing-images/49369404-726a-4656-98c8-958c4b4a16db_6a139590-1417-46b0-98ea-ff3bef2edd1e.jpg/250x188.webp,2840,43.35213990196281,5639,15
b9f31192-e6e9-4c4b-a854-35ef387b763e,Renault,Trafic,Bestelwagen,Dealer,2350,d,230000,06-2008,https://prod.pictures.autoscout24.net/listing-images/b9f31192-e6e9-4c4b-a854-35ef387b763e_a0b49c5c-b291-40f5-a3d7-4ce25c30b0e0.jpg/250x188.webp,1731,64.67551938133373,5303,39
4e65ac2c-9a0c-4c63-8069-e91301e6ad47,Renault,Twingo,Berline,PrivateSeller,2350,b,218000,08-2009,https://prod.pictures.autoscout24.net/listing-images/4e65ac2c-9a0c-4c63-8069-e91301e6ad47_fade0884-3320-44b7-9e44-dabb9e84765a.jpg/250x188.webp,3600,91.05707630102727,4877,111
d443c6ea-e211-4789-b0b2-4bacd636cbce,Renault,Grand Espace,Break,PrivateSeller,2390,d,150000,05-2006,https://prod.pictures.autoscout24.net/listing-images/d443c6ea-e211-4789-b0b2-4bacd636cbce_c0cc87ef-ea46-471d-a521-99ffe1b0eace.jpg/250x188.webp,6000,117.49014599385939,6065,73
c96aa094-9223-4bd9-be0e-c1d74e27d83c,Renault,Clio,Berline,PrivateSeller,2400,b,153000,03-2006,https://prod.pictures.autoscout24.net/listing-images/c96aa094-9223-4bd9-be0e-c1d74e27d83c_75696df4-1e8c-485f-81a4-2810287c8b07.jpg/250x188.webp,1140,66.17447866127165,6126,5
aa68c8ec-713e-4e7e-b3be-52fe6566765d,Renault,Twingo,Berline,Dealer,2400,b,80000,11-2001,https://prod.pictures.autoscout24.net/listing-images/aa68c8ec-713e-4e7e-b3be-52fe6566765d_0e500c5d-9c83-4031-a045-e0a783daa799.jpg/250x188.webp,9050,69.04356445356942,7707,12
c4beaf58-5482-4b3b-8418-1755b439e5bb,Renault,Clio,Berline,PrivateSeller,2400,b,175000,09-2003,https://prod.pictures.autoscout24.net/listing-images/c4beaf58-5482-4b3b-8418-1755b439e5bb_8a120498-5b1d-4f0e-8ffd-0d03d3884013.jpg/250x188.webp,6661,164.54628212958488,7038,15
33e48982-dbf3-40e4-b3a2-0ec64cb6cd68,Renault,Clio,Berline,Dealer,2400,d,198068,12-2007,https://prod.pictures.autoscout24.net/listing-images/33e48982-dbf3-40e4-b3a2-0ec64cb6cd68_dcbe94c7-7159-485e-816b-1ef30c8ed05e.jpg/250x188.webp,4432,111.15678224769336,5486,42
7e70f840-68e1-45d6-80f6-cda43218b06e,Renault,Clio,Break,PrivateSeller,2400,d,218000,09-2010,https://prod.pictures.autoscout24.net/listing-images/7e70f840-68e1-45d6-80f6-cda43218b06e_bf5868ce-dae7-4b04-8e37-4399749e06e3.jpg/250x188.webp,4458,113.21913604469125,4481,69
cbef8f64-bd60-4f00-93ed-559768333d06,Renault,Koleos,SUV/4x4/Pick-up,PrivateSeller,2450,d,196000,06-2008,https://prod.pictures.autoscout24.net/listing-images/cbef8f64-bd60-4f00-93ed-559768333d06_c5742f6d-f521-433a-8667-ce0cf91b7218.jpg/250x188.webp,8820,105.17632863208843,5303,1
cfed053a-19f2-4883-9ce3-1bf110b0f921,Renault,Megane,Break,Dealer,2450,d,295000,05-2012,https://prod.pictures.autoscout24.net/listing-images/cfed053a-19f2-4883-9ce3-1bf110b0f921_50028414-8271-4b2a-b301-2a96e8769224.jpg/250x188.webp,5140,104.85389989976589,3873,92
ccae380c-8965-45c5-bdd3-d0df95e905ce,Renault,Kangoo,Bestelwagen,Dealer,2450,d,225133,10-2009,https://prod.pictures.autoscout24.net/listing-images/ccae380c-8965-45c5-bdd3-d0df95e905ce_2cd47e57-c077-4c31-855d-5bd836e4b3f6.jpg/250x188.webp,1601,76.3100421089918,4816,108
86e6941d-9ce1-453f-b0af-72f66ad92dc5,Renault,Kangoo,Monovolume,Dealer,2450,d,227000,04-2004,https://prod.pictures.autoscout24.net/listing-images/86e6941d-9ce1-453f-b0af-72f66ad92dc5_d9ebd11b-4459-4a8e-b43f-29082a2610cb.jpg/250x188.webp,7350,126.64469659762254,6825,230
bccde409-1e3d-4d8d-b41d-33dddcee3b06,Renault,Grand Scenic,Monovolume,Dealer,2475,d,183310,03-2007,https://prod.pictures.autoscout24.net/listing-images/bccde409-1e3d-4d8d-b41d-33dddcee3b06_da22acb1-8e88-4832-899d-350867a6ea6b.jpg/250x188.webp,2830,45.04397020411872,5761,16
51a8a688-bed4-43b2-9017-40916e4c207d,Renault,Clio,Berline,Dealer,2490,d,108000,04-2002,https://prod.pictures.autoscout24.net/listing-images/51a8a688-bed4-43b2-9017-40916e4c207d_4086ee80-bbc9-4a23-951e-8e4ee4331be6.jpg/250x188.webp,4020,121.60247278825214,7556,37
857eae44-6b41-4778-9048-5e8a2d89708c,Renault,Kangoo,Monovolume,Dealer,2499,d,219000,10-2008,https://prod.pictures.autoscout24.net/listing-images/857eae44-6b41-4778-9048-5e8a2d89708c_55ffc001-3722-44db-aa1f-ab5a34375619.jpg/250x188.webp,8791,102.62748120507626,5181,67
6ca6e15e-05c0-4812-82ad-b18f3b166e59,Renault,Laguna,Break,Dealer,2499,d,300000,09-2009,https://prod.pictures.autoscout24.net/listing-images/6ca6e15e-05c0-4812-82ad-b18f3b166e59_e26d06f4-56b9-437e-a5d5-1e535c08536c.jpg/250x188.webp,8791,102.62748120507626,4846,83
50e1c6b5-ae41-4049-939c-d6a15a319114,Renault,Kangoo,Monovolume,Dealer,2500,b,199000,12-2002,https://prod.pictures.autoscout24.net/listing-images/50e1c6b5-ae41-4049-939c-d6a15a319114_f05f913d-b2e5-4ceb-9994-e992e75ce7be.jpg/250x188.webp,1440,88.54751756589805,7312,1
86d69e88-bf92-4414-b503-6c003dc5f47c,Renault,Clio,Berline,PrivateSeller,2500,b,170600,01-2003,https://prod.pictures.autoscout24.net/listing-images/86d69e88-bf92-4414-b503-6c003dc5f47c_2c5bc6f0-288f-41ac-91d7-fd77bd0b058e.jpg/250x188.webp,2100,27.421552979694752,7281,1
d8b8be42-e957-48b3-a68f-e36bf5e74ba2,Renault,Grand Espace,Monovolume,PrivateSeller,2500,b,294000,12-2004,https://prod.pictures.autoscout24.net/listing-images/d8b8be42-e957-48b3-a68f-e36bf5e74ba2_056d5e28-dde0-4619-ae08-7d5c711d0569.jpg/250x188.webp,1000,69.17270624549755,6581,3
488d5698-f176-4205-b4bf-708309372c90,Renault,Twingo,Berline,PrivateSeller,2500,d,230700,03-2010,https://prod.pictures.autoscout24.net/listing-images/488d5698-f176-4205-b4bf-708309372c90_62eba913-43e5-448f-b71c-ba3954a3daba.jpg/250x188.webp,4960,157.83179397169627,4665,6
5167afb1-d307-4d34-bd53-2e8e2b6896f2,Renault,Megane,Break,PrivateSeller,2500,b,211000,08-2004,https://prod.pictures.autoscout24.net/listing-images/5167afb1-d307-4d34-bd53-2e8e2b6896f2_a6309e48-a839-4129-a8ee-2c3488f43c54.jpg/250x188.webp,1070,71.06367211068877,6703,8
e59def26-6d7a-4604-aabc-58967df9870d,Renault,Kangoo,Bestelwagen,Dealer,2500,d,295000,09-2010,https://prod.pictures.autoscout24.net/listing-images/e59def26-6d7a-4604-aabc-58967df9870d_122380ab-815a-4289-9122-08e011d8790b.jpg/250x188.webp,1490,93.00820810919008,4481,12
7ee2625c-63b6-4818-b3cd-ee32ea56d142,Renault,Megane,Break,PrivateSeller,2500,d,209567,03-2005,https://prod.pictures.autoscout24.net/listing-images/7ee2625c-63b6-4818-b3cd-ee32ea56d142_08dcc6a8-5240-4f8e-95b1-c499e1082c43.jpg/250x188.webp,6880,181.68489756719438,6491,12
83c2c5bb-8975-45be-9011-f84e6f361c58,Renault,Clio,Berline,PrivateSeller,2500,b,131211,10-2003,https://prod.pictures.autoscout24.net/listing-images/83c2c5bb-8975-45be-9011-f84e6f361c58_ef7b2356-5562-424b-8702-1f78381d853b.jpg/250x188.webp,1200,69.44150665917473,7008,18
0888af9a-b1a7-4045-9aae-a2c8230aeca3,Renault,Clio,Berline,PrivateSeller,2500,b,131211,07-2002,https://prod.pictures.autoscout24.net/listing-images/0888af9a-b1a7-4045-9aae-a2c8230aeca3_a7f32a95-eb1d-4455-9d78-af5b6b76534f.jpg/250x188.webp,1200,69.44150665917473,7465,30
f27caed7-edd3-4cdf-8a31-b0a5911fb299,Renault,Twingo,Berline,Dealer,2500,d,178000,03-2009,https://prod.pictures.autoscout24.net/listing-images/f27caed7-edd3-4cdf-8a31-b0a5911fb299_5a3a6e78-e31d-469f-a881-1c0c136fed55.jpg/250x188.webp,1490,93.00820810919008,5030,19
61bd39a0-c1c5-4336-87f7-c11c6a4f03ea,Renault,Kangoo,Bestelwagen,Dealer,2500,d,347173,10-2010,https://prod.pictures.autoscout24.net/listing-images/61bd39a0-c1c5-4336-87f7-c11c6a4f03ea_bc3cebc2-5cff-4940-8e6e-de61bb5d2bd7.jpg/250x188.webp,3080,71.81912493945508,4451,20
3b62dacd-5178-4ec1-814c-15c96df251ba,Renault,Clio,Break,PrivateSeller,2500,b,144000,02-2003,https://prod.pictures.autoscout24.net/listing-images/3b62dacd-5178-4ec1-814c-15c96df251ba_22f84c09-a905-47ca-9e62-9a5c2cd3bcc3.jpg/250x188.webp,1000,69.17270624549755,7250,20
b0afe6bb-51c0-4efd-a25c-937751e57e75,Renault,Clio,Berline,PrivateSeller,2500,b,127000,11-2004,https://prod.pictures.autoscout24.net/listing-images/b0afe6bb-51c0-4efd-a25c-937751e57e75_36c20e3a-610d-4bd0-a9d6-e1a49f50f60c.jpg/250x188.webp,1700,70.90697373704198,6611,37
9f049897-330c-487c-9155-e3c79dff0b83,Renault,Twingo,Berline,PrivateSeller,2500,d,229800,10-2009,https://prod.pictures.autoscout24.net/listing-images/9f049897-330c-487c-9155-e3c79dff0b83_122fc9ff-99ed-4369-bfcd-44c5a9b3b47c.jpg/250x188.webp,4357,107.81763962637915,4816,45
f1ac228f-7302-4b64-b4a0-5ae6a1e55032,Renault,Kangoo,Andere,PrivateSeller,2500,d,258000,09-2004,https://prod.pictures.autoscout24.net/listing-images/f1ac228f-7302-4b64-b4a0-5ae6a1e55032_831bb75f-ba89-4a1f-8f39-faa780cc35db.jpg/250x188.webp,8800,107.24415982689398,6672,61
e7f41728-6e5e-4649-b9d5-d8a2d65bca6a,Renault,Clio,Berline,PrivateSeller,2500,b,156000,03-2004,https://prod.pictures.autoscout24.net/listing-images/e7f41728-6e5e-4649-b9d5-d8a2d65bca6a_1ca320c9-f4a3-429e-a684-6b6e5fe72922.jpg/250x188.webp,1070,71.06367211068877,6856,82
0b53a5c0-e2bc-45de-889c-e956dd777833,Renault,Laguna,Berline,PrivateSeller,2500,d,171000,06-2003,https://prod.pictures.autoscout24.net/listing-images/0b53a5c0-e2bc-45de-889c-e956dd777833_e30aeda8-4f5c-463f-bc73-f2582958f20c.jpg/250x188.webp,6536,130.38320847680575,7130,83
d3a2f1a8-5286-4a74-bf0d-e6b2edce6480,Renault,Scenic,Break,PrivateSeller,2500,d,145000,06-2007,https://prod.pictures.autoscout24.net/listing-images/d3a2f1a8-5286-4a74-bf0d-e6b2edce6480_02490c46-2e8f-4f3f-ae69-c9f48b3b9441.jpg/250x188.webp,2930,19.7117884178022,5669,83
c4fb2dc4-9b91-474f-9138-51caa8ded656,Renault,Clio,Berline,PrivateSeller,2500,b,130,02-2005,https://prod.pictures.autoscout24.net/listing-images/c4fb2dc4-9b91-474f-9138-51caa8ded656_41e7769c-1365-4413-bcfb-72ad7e01cc07.jpg/250x188.webp,1731,64.67551938133373,6519,87
a6188e43-210b-450d-aa58-54b4665b30e2,Renault,Megane,Cabriolet,PrivateSeller,2500,d,204035,09-2006,https://prod.pictures.autoscout24.net/listing-images/a6188e43-210b-450d-aa58-54b4665b30e2_ed901bc6-4c64-4006-ae73-c60a4d866529.jpg/250x188.webp,3271,60.47716564007307,5942,109
3f5c7df7-8eec-493b-bf71-9d0a946e2994,Renault,R 19,Cabriolet,PrivateSeller,2500,b,170000,08-1995,https://prod.pictures.autoscout24.net/listing-images/3f5c7df7-8eec-493b-bf71-9d0a946e2994_4de4e523-d54c-4c2e-b921-ff3b878ebc52.jpg/250x188.webp,2030,27.94913546724415,9991,122
2efb8662-8e18-49f6-a1bc-9ad5ab36655b,Renault,Laguna,Berline,Dealer,2500,d,298190,01-2002,https://prod.pictures.autoscout24.net/listing-images/2efb8662-8e18-49f6-a1bc-9ad5ab36655b_4ec5e2dd-ddb8-4131-8cbb-35a3d7c5ce9c.jpg/250x188.webp,8790,97.02122056774895,7646,134
0dbb4512-9a0e-46f8-ab43-6d4631b7d579,Renault,Megane,Break,PrivateSeller,2500,b,220000,10-2007,https://prod.pictures.autoscout24.net/listing-images/0dbb4512-9a0e-46f8-ab43-6d4631b7d579_193e0101-98dd-4353-806e-b6040c49cf62.jpg/250x188.webp,6791,232.6736596090297,5547,142
dfa49709-7fe6-4fc7-86f4-9aaded1e3605,Renault,Megane,Break,PrivateSeller,2500,d,224000,10-2007,https://prod.pictures.autoscout24.net/listing-images/dfa49709-7fe6-4fc7-86f4-9aaded1e3605_4a4ae269-a2f9-4fee-be9c-ecfdaa1a1a8b.jpg/250x188.webp,4000,118.53949006185148,5547,147
42f0b265-5f02-4f48-a887-3132248b7d66,Renault,Clio,Break,PrivateSeller,2500,b,216000,12-2007,https://prod.pictures.autoscout24.net/listing-images/42f0b265-5f02-4f48-a887-3132248b7d66_33322d4e-cf1e-4036-a70c-b94b73221aca.jpg/250x188.webp,4100,122.70999344916741,5486,178
41ba67d7-a881-413b-b7ec-6cdd96d95be3,Renault,Modus,Monovolume,Dealer,2595,d,151000,08-2007,https://prod.pictures.autoscout24.net/listing-images/41ba67d7-a881-413b-b7ec-6cdd96d95be3_1dbd0a4a-28a3-4d52-9f4a-57002b2773af.jpg/250x188.webp,7080,124.84754400917438,5608,36
2ff71dd9-2cc6-4f57-8018-d24e713f59e8,Renault,Kangoo,Bestelwagen,Dealer,2600,d,240000,07-2011,https://prod.pictures.autoscout24.net/listing-images/2ff71dd9-2cc6-4f57-8018-d24e713f59e8_baa32404-9002-4694-8448-03ff8126bbd9.jpg/250x188.webp,1080,69.57979227671277,4178,2
a96a595c-7ba4-4355-a2e0-5f9948891c09,Renault,Kangoo,Bestelwagen,Dealer,2600,d,380000,01-2011,https://prod.pictures.autoscout24.net/listing-images/a96a595c-7ba4-4355-a2e0-5f9948891c09_8a107d9c-6e08-497c-a969-c7b3933252a9.jpg/250x188.webp,6061,117.55452099458994,4359,6
ddfb7e43-d51d-4978-a4d3-da3f877ffe94,Renault,Clio,Berline,PrivateSeller,2600,d,203121,09-2013,https://prod.pictures.autoscout24.net/listing-images/ddfb7e43-d51d-4978-a4d3-da3f877ffe94_1d89c4ff-01ac-4039-8b6a-f32848b30588.jpg/250x188.webp,1130,63.740079129249956,3385,20
d51f8020-2f11-4235-83ab-dcad2aaec49a,Renault,Megane,Berline,PrivateSeller,2600,b,230000,11-2008,https://prod.pictures.autoscout24.net/listing-images/d51f8020-2f11-4235-83ab-dcad2aaec49a_754c3877-004b-404a-915c-90b159961fa7.jpg/250x188.webp,1370,89.26135356419556,5150,27
ceed0f60-b059-4c28-ba1e-e56789168985,Renault,Grand Scenic,Monovolume,PrivateSeller,2600,d,239000,06-2009,https://prod.pictures.autoscout24.net/listing-images/ceed0f60-b059-4c28-ba1e-e56789168985_4d6e2cfc-c609-4f8b-a418-638b439382bf.jpg/250x188.webp,1000,69.17270624549755,4938,45
aa84b2d9-2cd6-4ae9-a2f1-4d938ee4d1a5,Renault,Clio,Berline,Dealer,2600,b,69000,01-1999,https://prod.pictures.autoscout24.net/listing-images/aa84b2d9-2cd6-4ae9-a2f1-4d938ee4d1a5_520b97d8-b6db-4898-a839-b9fd0089ecac.jpg/250x188.webp,2840,43.35213990196281,8742,93
7811cb72-e4d7-4b21-a44d-c5c173cbb2b5,Renault,Scenic,Monovolume,Dealer,2650,b,196000,03-2007,https://prod.pictures.autoscout24.net/listing-images/7811cb72-e4d7-4b21-a44d-c5c173cbb2b5_27c2ae86-49d2-485f-8c4b-294852ea8390.jpg/250x188.webp,1600,78.61296004280759,5761,279
08590a12-f185-431a-887e-96aaa288714c,Renault,Clio,Berline,Dealer,2650,b,61000,12-2005,https://prod.pictures.autoscout24.net/listing-images/08590a12-f185-431a-887e-96aaa288714c_f4ee7d95-7074-41c0-9865-281490e27099.jpg/250x188.webp,1070,71.06367211068877,6216,6
0684aa47-467f-4bea-a1f1-3100bd3bfffa,Renault,Megane,Cabriolet,Dealer,2650,d,124000,05-2006,https://prod.pictures.autoscout24.net/listing-images/0684aa47-467f-4bea-a1f1-3100bd3bfffa_d086980a-c37e-405c-ab9f-d73d09b2f775.jpg/250x188.webp,3080,71.81912493945508,6065,61
4e1b5cad-f0ae-4792-8e99-913780554402,Renault,Megane,Stadswagen,Dealer,2650,d,252647,12-2004,https://prod.pictures.autoscout24.net/listing-images/4e1b5cad-f0ae-4792-8e99-913780554402_e6d5154e-f7be-40ce-ba9d-c3dfe8f99148.jpg/250x188.webp,3500,86.84432103923942,6581,184
27e3d375-f798-4a19-abc2-1d6921326f11,Renault,Megane,Berline,Dealer,2699,b,196107,01-2006,https://prod.pictures.autoscout24.net/listing-images/27e3d375-f798-4a19-abc2-1d6921326f11_b8ac70d8-20e0-4650-8aa3-4b993bf4b8b0.jpg/250x188.webp,1310,81.95917189034911,6185,28
70a6cc83-b510-4e80-9bd8-b7732c974334,Renault,Grand Scenic,Monovolume,Dealer,2700,d,200000,12-2009,https://prod.pictures.autoscout24.net/listing-images/70a6cc83-b510-4e80-9bd8-b7732c974334_02b3dad0-0de1-48fe-af8d-a7a18bd335ab.jpg/250x188.webp,1080,69.57979227671277,4755,7
f42d50bf-13e0-4bb9-9073-1ccc8b1d2dda,Renault,Clio,Berline,PrivateSeller,2700,d,241520,10-2007,https://prod.pictures.autoscout24.net/listing-images/f42d50bf-13e0-4bb9-9073-1ccc8b1d2dda_5510853d-34cb-48d6-91d4-437314f29675.jpg/250x188.webp,5300,113.30647041751955,5547,14
457e68b3-583a-4212-b9ec-1098073ed91b,Renault,Kangoo,Break,PrivateSeller,2700,d,192000,09-2006,https://prod.pictures.autoscout24.net/listing-images/457e68b3-583a-4212-b9ec-1098073ed91b_33801ce3-8907-4dac-adfa-d5ce68bbb6f9.jpg/250x188.webp,2970,23.91668383356069,5942,41
8a449906-96d3-4099-a36d-6f84e05ef753,Renault,Clio,Berline,Dealer,2700,b,202214,01-2009,https://prod.pictures.autoscout24.net/listing-images/8a449906-96d3-4099-a36d-6f84e05ef753_9c257d4c-a026-48bd-a323-6845abf18967.jpg/250x188.webp,1600,78.61296004280759,5089,44
d6868b40-708e-4230-8b49-34d41fcf87c6,Renault,Espace,Monovolume,PrivateSeller,2700,b,277000,01-2005,https://prod.pictures.autoscout24.net/listing-images/d6868b40-708e-4230-8b49-34d41fcf87c6_67f12010-8955-4384-b3a3-7fefbe2d5651.jpg/250x188.webp,1140,66.17447866127165,6550,71
cee24fdd-465f-4e3e-84bc-c9e480ae30a3,Renault,Megane,Cabriolet,PrivateSeller,2700,b,131000,05-2005,https://prod.pictures.autoscout24.net/listing-images/cee24fdd-465f-4e3e-84bc-c9e480ae30a3_dc914851-a9e6-4891-abd8-58d8bf3d12f3.jpg/250x188.webp,1083,67.26476839570763,6430,165
e3298879-80a5-4e23-9961-444d65b92783,Renault,Megane,Berline,PrivateSeller,2700,b,160000,05-2006,https://prod.pictures.autoscout24.net/listing-images/e3298879-80a5-4e23-9961-444d65b92783_e0a4f52b-a98f-4341-a527-84b2fe151089.jpg/250x188.webp,6060,116.023023143389,6065,288
ffbae2a5-872f-41b8-8cfe-ad768013c6d9,Renault,Grand Espace,Monovolume,Dealer,2750,d,272000,08-2009,https://prod.pictures.autoscout24.net/listing-images/ffbae2a5-872f-41b8-8cfe-ad768013c6d9_b9fa108c-1356-4280-9cde-4cb5e38e859d.jpg/250x188.webp,7080,124.84754400917438,4877,7
ed5173ef-3a98-42d9-ad9e-c929d01aff32,Renault,Clio,Break,Dealer,2750,d,158300,02-2010,https://prod.pictures.autoscout24.net/listing-images/ed5173ef-3a98-42d9-ad9e-c929d01aff32_e16bb8ff-1e3d-4570-946c-99cea6bd2008.jpg/250x188.webp,1700,70.90697373704198,4693,7
045a88dc-1e1d-4a80-bc6c-9c2cd0183baf,Renault,Twingo,Andere,Dealer,2750,b,150000,04-2010,https://prod.pictures.autoscout24.net/listing-images/045a88dc-1e1d-4a80-bc6c-9c2cd0183baf_88d45890-7881-45a5-93de-58b4da89c147.jpg/250x188.webp,1853,62.49120970441575,4634,64
a3302843-1a6b-41f2-8474-cbb10dc265dd,Renault,Modus,Monovolume,Dealer,2750,d,147000,08-2005,https://prod.pictures.autoscout24.net/listing-images/a3302843-1a6b-41f2-8474-cbb10dc265dd_c92a5d40-aa8f-437c-851e-03d7e6c924d5.jpg/250x188.webp,6043,111.88562923228113,6338,94
0ef76252-d25d-4fa1-88b4-b70f035a8b09,Renault,Twingo,Stadswagen,Dealer,2790,b,65150,12-2001,https://prod.pictures.autoscout24.net/listing-images/0ef76252-d25d-4fa1-88b4-b70f035a8b09_e5ed8f75-98ca-4969-a87c-ce05390e7c5c.jpg/250x188.webp,1020,66.36225311284039,7677,6
95913103-06ce-44d5-bd79-90f7d11b8122,Renault,Megane,Berline,Dealer,2799,b,115503,05-2005,https://prod.pictures.autoscout24.net/listing-images/95913103-06ce-44d5-bd79-90f7d11b8122_18288eaa-60f3-4dfe-b3c7-09de5fb733bc.jpg/250x188.webp,2610,33.817501233272104,6430,57
fe5368d9-70b9-4258-b18e-27005d180c1c,Renault,Clio,Break,PrivateSeller,2800,d,213000,11-2010,https://prod.pictures.autoscout24.net/listing-images/fe5368d9-70b9-4258-b18e-27005d180c1c_94b3d6c7-5f0e-4038-941a-b57e53bca943.jpg/250x188.webp,4020,121.60247278825214,4420,6
15df4584-c213-439a-9109-2c7e8cb3dc43,Renault,Clio,Berline,PrivateSeller,2800,b,200000,03-2006,https://prod.pictures.autoscout24.net/listing-images/15df4584-c213-439a-9109-2c7e8cb3dc43_1b5b2577-a55e-4453-a737-a7092bc39003.jpg/250x188.webp,2800,49.170515286575046,6126,10
fec5d380-4b87-4689-b43f-d8c22c6eb703,Renault,Clio,Berline,Dealer,2800,d,165000,04-2008,https://prod.pictures.autoscout24.net/listing-images/fec5d380-4b87-4689-b43f-d8c22c6eb703_937a9a45-d8fa-4436-9bd2-6128886130c4.jpg/250x188.webp,5060,116.00750129472273,5364,13
cd6ac30b-0692-4db4-b1c7-0de822341360,Renault,Megane,Berline,PrivateSeller,2800,b,160000,06-2006,https://prod.pictures.autoscout24.net/listing-images/cd6ac30b-0692-4db4-b1c7-0de822341360_ffb03d04-4122-4250-8e24-9cb6a8090137.jpg/250x188.webp,2100,27.421552979694752,6034,21
aabe4dc4-68bd-456b-8a16-cbc52f97b55b,Renault,Clio,Berline,PrivateSeller,2800,b,115000,06-2008,https://prod.pictures.autoscout24.net/listing-images/aabe4dc4-68bd-456b-8a16-cbc52f97b55b_2f5212d6-1f38-4a6e-8945-088fe5dce9e3.jpg/250x188.webp,6200,119.77990387531518,5303,46
e82148b6-ad23-4555-8aa2-b689e46be0eb,Renault,Megane,Cabriolet,Dealer,2800,d,108000,02-2006,https://prod.pictures.autoscout24.net/listing-images/e82148b6-ad23-4555-8aa2-b689e46be0eb_0966f4c7-c8c9-490f-a7e4-05ab9703ee25.jpg/250x188.webp,1730,61.98157406185932,6154,49
ef9cb6fb-c597-4721-a89a-d1f8f204fc80,Renault,Clio,Break,PrivateSeller,2800,b,145000,03-2008,https://prod.pictures.autoscout24.net/listing-images/ef9cb6fb-c597-4721-a89a-d1f8f204fc80_5ca3b0e3-18f9-4f0b-9175-09e86b2a2994.jpg/250x188.webp,1120,62.742598438003384,5395,52
5a286366-2eed-4064-a0c8-8843a3e75eae,Renault,Fluence,Berline,PrivateSeller,2800,d,127800,12-2010,https://prod.pictures.autoscout24.net/listing-images/5a286366-2eed-4064-a0c8-8843a3e75eae_4a195411-9455-47a7-bb3f-b1a27dea9fcb.jpg/250x188.webp,1000,69.17270624549755,4390,173
6ba55b95-c3cc-4b9e-aab1-a93b8e86a6c8,Renault,Clio,Berline,PrivateSeller,2800,d,240000,06-2011,https://prod.pictures.autoscout24.net/listing-images/6ba55b95-c3cc-4b9e-aab1-a93b8e86a6c8_4eedb214-eff2-4a11-9f45-2d1bdd780cef.jpg/250x188.webp,1000,69.17270624549755,4208,176
ba88f6b2-5652-4ec7-a7f4-6e6da2e495e3,Renault,Twingo,Berline,PrivateSeller,2800,d,216000,02-2011,https://prod.pictures.autoscout24.net/listing-images/ba88f6b2-5652-4ec7-a7f4-6e6da2e495e3_1e44e10b-a9e5-4938-a545-3685027dcd4a.jpg/250x188.webp,1000,69.17270624549755,4328,176
7029e248-07b6-4c4a-b905-0d7522bdc041,Renault,Clio,Berline,Dealer,2800,b,65000,05-1998,https://prod.pictures.autoscout24.net/listing-images/7029e248-07b6-4c4a-b905-0d7522bdc041_90b46c2d-bd69-4bee-9899-ee728e28f79b.jpg/250x188.webp,1420,87.49639779077864,8987,178
386ed5c0-08ad-4d2b-8958-90338d4fdfd6,Renault,Clio,Berline,Dealer,2800,b,59800,03-2005,https://prod.pictures.autoscout24.net/listing-images/386ed5c0-08ad-4d2b-8958-90338d4fdfd6_f5d4938a-1b60-4761-9eb2-fea9f6107fa5.jpg/250x188.webp,1930,65.18883147641638,6491,328
015b8b17-7770-477d-8085-ded3a7b35fcc,Renault,Kangoo,Bestelwagen,Dealer,2850,d,320000,07-2010,https://prod.pictures.autoscout24.net/listing-images/015b8b17-7770-477d-8085-ded3a7b35fcc_e5b46fe1-3023-4710-af5d-961d45258d9f.jpg/250x188.webp,1700,70.90697373704198,4543,5
8984bea9-5270-4f42-9471-7b8218b2c12b,Renault,Clio,Berline,Dealer,2850,d,189694,04-2008,https://prod.pictures.autoscout24.net/listing-images/8984bea9-5270-4f42-9471-7b8218b2c12b_b1f6a57f-29fe-4f93-a35c-d6f1cea7caa0.jpg/250x188.webp,5020,112.56317852994579,5364,5
a8c25df1-396c-437b-a80e-aca86353cef3,Renault,Clio,Break,Dealer,2850,b,162000,09-2008,https://prod.pictures.autoscout24.net/listing-images/a8c25df1-396c-437b-a80e-aca86353cef3_b0f6bff0-75a2-4b83-b727-e1352eec97b8.jpg/250x188.webp,1850,59.738651260413086,5211,42
6715129e-5173-4454-8c10-34153e16eddf,Renault,Scenic,Monovolume,Dealer,2850,d,185000,04-2008,https://prod.pictures.autoscout24.net/listing-images/6715129e-5173-4454-8c10-34153e16eddf_49308d8c-d7d1-40ef-abe2-1f37e05da2f5.jpg/250x188.webp,4100,122.70999344916741,5364,100
1e656c46-bd04-4cea-a0a5-2181d1aedca3,Renault,Clio,Berline,Dealer,2890,b,156000,09-2008,https://prod.pictures.autoscout24.net/listing-images/1e656c46-bd04-4cea-a0a5-2181d1aedca3_a3216d6a-b98a-4678-89d8-35e35a027c56.jpg/250x188.webp,1402,97.1141031046869,5211,22
b597ec04-a069-485c-b11a-5eb47e02a85b,Renault,Kangoo,Break,PrivateSeller,2900,b,169000,12-2003,https://prod.pictures.autoscout24.net/listing-images/b597ec04-a069-485c-b11a-5eb47e02a85b_425abf53-65e0-488e-b77d-49d5ae419374.jpg/250x188.webp,9230,69.27250469504553,6947,5
faff3f5e-dc9c-4def-90f3-30bab88cdcd4,Renault,Kangoo,Andere,Dealer,2900,d,280000,07-2013,https://prod.pictures.autoscout24.net/listing-images/faff3f5e-dc9c-4def-90f3-30bab88cdcd4_dde049fc-e605-49cb-aa4f-234349bb671f.jpg/250x188.webp,1840,54.29299877782283,3447,24
edd52a30-3c60-4a80-9c24-6578bb5928f2,Renault,Grand Scenic,Monovolume,Dealer,2900,b,219000,05-2010,https://prod.pictures.autoscout24.net/listing-images/edd52a30-3c60-4a80-9c24-6578bb5928f2_e80956d2-cdcf-4917-b0f7-e2c9dc082bf6.jpg/250x188.webp,1490,93.00820810919008,4604,25
7bbbc21b-ab28-4ab5-bb9d-724820a8eca6,Renault,Clio,Andere,PrivateSeller,2900,b,207600,01-2007,https://prod.pictures.autoscout24.net/listing-images/7bbbc21b-ab28-4ab5-bb9d-724820a8eca6_a8186d8d-6448-4921-adbb-b399744c627a.jpg/250x188.webp,1060,71.73094529250689,5820,31
65418108-f410-4873-aac4-7f4c01cdd188,Renault,Grand Scenic,Monovolume,Dealer,2900,d,290000,08-2009,https://prod.pictures.autoscout24.net/listing-images/65418108-f410-4873-aac4-7f4c01cdd188_e323cad7-e550-48b1-832b-d730395f17eb.jpg/250x188.webp,2840,43.35213990196281,4877,47
3c456e0a-7c09-4c69-b92c-68ffed0d1977,Renault,Clio,Andere,PrivateSeller,2900,d,168110,06-2010,https://prod.pictures.autoscout24.net/listing-images/3c456e0a-7c09-4c69-b92c-68ffed0d1977_c3f243f2-9f87-4ba2-b641-59fad23d4f69.jpg/250x188.webp,1080,69.57979227671277,4573,84
1bf4c854-84b9-4a8f-8064-0f5813f7fcfe,Renault,Trafic,Monovolume,Dealer,2900,d,222000,05-2008,https://prod.pictures.autoscout24.net/listing-images/1bf4c854-84b9-4a8f-8064-0f5813f7fcfe_f0efeb08-e651-4398-9707-49a3c314c96c.jpg/250x188.webp,1600,78.61296004280759,5334,98
d9b46a09-78ba-4a13-aa62-9a8c82535b7b,Renault,Megane,Berline,PrivateSeller,2900,d,150000,07-2007,https://prod.pictures.autoscout24.net/listing-images/d9b46a09-78ba-4a13-aa62-9a8c82535b7b_042e1083-3709-46ae-98f6-134ed61e0894.jpg/250x188.webp,6200,119.77990387531518,5639,140
793fcdd4-8373-4680-9080-1ace797c7d9b,Renault,Scenic,Break,PrivateSeller,2900,d,210000,07-2011,https://prod.pictures.autoscout24.net/listing-images/793fcdd4-8373-4680-9080-1ace797c7d9b_5c665eb9-5780-4dfc-a73d-8adc18c7a3ca.jpg/250x188.webp,1980,56.21438376025373,4178,156
77f0df4e-2221-494c-954d-d0927ef882dd,Renault,Megane,Berline,PrivateSeller,2950,d,225000,02-2012,https://prod.pictures.autoscout24.net/listing-images/77f0df4e-2221-494c-954d-d0927ef882dd_74efd9ef-7ed4-4a79-8cc9-2369c067bfd0.jpg/250x188.webp,7500,124.32337959708627,3963,0
e7929e10-13c1-4e98-9e2a-91edb3f20b12,Renault,Twingo,Berline,Dealer,2950,b,92500,04-2008,https://prod.pictures.autoscout24.net/listing-images/e7929e10-13c1-4e98-9e2a-91edb3f20b12_27148cfb-703b-4f21-b09e-2b135dc4c30f.jpg/250x188.webp,1730,61.98157406185932,5364,1
d4fc12c3-e065-4f31-b251-1df2a08d3900,Renault,Laguna,Berline,Dealer,2950,d,213923,09-2008,https://prod.pictures.autoscout24.net/listing-images/d4fc12c3-e065-4f31-b251-1df2a08d3900_0f4f3aa6-6215-4238-88a4-47e984dcb31f.jpg/250x188.webp,7041,127.25879766043369,5211,2
fdbf0000-1392-4423-8de1-56d0e062def4,Renault,Twingo,Berline,Dealer,2950,d,173000,12-2010,https://prod.pictures.autoscout24.net/listing-images/fdbf0000-1392-4423-8de1-56d0e062def4_56a3ed69-410f-4a63-80ce-ead279068be0.jpg/250x188.webp,6180,111.8460773215552,4390,9
1bbd36bd-83fc-482c-bce8-4fd42ee642db,Renault,Twingo,Berline,PrivateSeller,2950,b,135000,07-2006,https://prod.pictures.autoscout24.net/listing-images/1bbd36bd-83fc-482c-bce8-4fd42ee642db_db892225-d292-4bed-b7ba-11cb3eb9c40e.jpg/250x188.webp,1000,69.17270624549755,6004,10
6af20cda-98c6-4db7-9279-477a310a1338,Renault,Twingo,Berline,Dealer,2950,b,139000,10-2010,https://prod.pictures.autoscout24.net/listing-images/6af20cda-98c6-4db7-9279-477a310a1338_10266fd6-6c0f-41a6-9411-f7ddb6d6778a.jpg/250x188.webp,2630,37.55427282853161,4451,14
c5e1f5a4-4e19-4a46-ad01-a33f949ab404,Renault,Clio,Berline,Dealer,2950,b,102000,11-2005,https://prod.pictures.autoscout24.net/listing-images/c5e1f5a4-4e19-4a46-ad01-a33f949ab404_862d2387-1cb7-4cd3-9749-d47842ca605c.jpg/250x188.webp,1400,97.35176357549375,6246,21
e723792a-0d62-439f-bc07-4f853d5da59a,Renault,Scenic,Monovolume,Dealer,2950,b,176000,02-2007,https://prod.pictures.autoscout24.net/listing-images/e723792a-0d62-439f-bc07-4f853d5da59a_cfc11ada-055f-4176-95da-98e7a0e51e9e.jpg/250x188.webp,9860,75.70525305366282,5789,182
a3db799d-b751-470e-9940-0e65bf356beb,Renault,Kangoo,Bestelwagen,Dealer,2990,d,192998,04-2003,https://prod.pictures.autoscout24.net/listing-images/a3db799d-b751-470e-9940-0e65bf356beb_ab753bb6-cc32-4034-8983-72e997c56e5e.jpg/250x188.webp,3360,71.02444788798984,7191,0
b6c3bc70-3532-4ae3-aecc-43d18993c596,Renault,Clio,Berline,Dealer,2990,d,183179,04-2010,https://prod.pictures.autoscout24.net/listing-images/b6c3bc70-3532-4ae3-aecc-43d18993c596_143232f1-04bd-4a0e-bb6b-22d078357ae2.jpg/250x188.webp,6970,169.87153563896285,4634,0
f9bd90a3-f17f-4efb-bfa2-735e1a01750c,Renault,Modus,Monovolume,Dealer,2990,d,111322,02-2008,https://prod.pictures.autoscout24.net/listing-images/f9bd90a3-f17f-4efb-bfa2-735e1a01750c_3830ebb7-a425-4b28-9e1f-732afd4d0574.jpg/250x188.webp,6200,119.77990387531518,5424,178
31308577-402c-4b00-9e07-545a65d3e73a,Renault,Laguna,Break,Dealer,2990,d,208533,07-2009,https://prod.pictures.autoscout24.net/listing-images/31308577-402c-4b00-9e07-545a65d3e73a_25548fbb-82d8-4359-a717-6540b2987238.jpg/250x188.webp,1000,69.17270624549755,4908,194
b451f59f-86c9-4fa2-863b-2d3331cb2e2f,Renault,Twingo,Berline,Dealer,2999,b,170000,12-2010,https://prod.pictures.autoscout24.net/listing-images/b451f59f-86c9-4fa2-863b-2d3331cb2e2f_72c489ef-c25d-4515-9225-08f4a9c5eee2.jpg/250x188.webp,1070,71.06367211068877,4390,3
a9e47716-f981-4a2f-b906-16f5c3c5d2e3,Renault,Modus,Monovolume,PrivateSeller,2999,b,121000,11-2009,https://prod.pictures.autoscout24.net/listing-images/a9e47716-f981-4a2f-b906-16f5c3c5d2e3_b276b1e7-31d7-463b-8762-3d060d86092c.jpg/250x188.webp,6060,116.023023143389,4785,29
a9e56cc9-a4e4-4bf7-98e9-9002eb8c9b02,Renault,Clio,Berline,Dealer,2999,b,147000,08-2004,https://prod.pictures.autoscout24.net/listing-images/a9e56cc9-a4e4-4bf7-98e9-9002eb8c9b02_18c13b80-50ad-4b0e-9005-dca284b933b4.jpg/250x188.webp,1140,66.17447866127165,6703,31
4be57d74-bf28-4b5c-b0a0-3b66b927d77d,Renault,Master,Bestelwagen,Dealer,2999,d,175369,04-2005,https://prod.pictures.autoscout24.net/listing-images/4be57d74-bf28-4b5c-b0a0-3b66b927d77d_25a72ef4-175a-4294-8aa4-74de87739ebb.jpg/250x188.webp,2500,38.36429357421789,6460,254
3fa28210-5074-42cb-bcf2-826b25a32cfc,Renault,Megane,Break,Dealer,3000,b,52500,02-2001,https://prod.pictures.autoscout24.net/listing-images/3fa28210-5074-42cb-bcf2-826b25a32cfc_4654b06b-5ab7-4e15-b8a4-e370833114c3.jpg/250x188.webp,1330,84.1109573727662,7980,2
c2a6b795-e808-4933-b2a6-84b3aa25c49e,Renault,Twingo,Coupé,Dealer,3000,b,104000,02-2008,https://prod.pictures.autoscout24.net/listing-images/c2a6b795-e808-4933-b2a6-84b3aa25c49e_7a03609d-90c1-436b-9a43-1618be054991.jpg/250x188.webp,7110,114.70139141445502,5424,0
3485460a-19e8-411b-984b-095e6fbf061b,Renault,Clio,Berline,Dealer,3000,d,185000,11-2011,https://prod.pictures.autoscout24.net/listing-images/3485460a-19e8-411b-984b-095e6fbf061b_b48afeb5-6e21-43a2-9aa8-62e99af2860c.jpg/250x188.webp,1730,61.98157406185932,4055,1
4e684d77-55a6-4d68-a69f-2bd4b952b607,Renault,Twingo,Berline,PrivateSeller,3000,b,129831,10-2012,https://prod.pictures.autoscout24.net/listing-images/4e684d77-55a6-4d68-a69f-2bd4b952b607_67f4ff72-7ddd-4e5b-80a1-e16f4bf56751.jpg/250x188.webp,5543,147.24660121801412,3720,3
8f8e7273-97d9-46f6-bc98-597ca3f2adf9,Renault,Laguna,Coupé,PrivateSeller,3000,d,165000,11-2008,https://prod.pictures.autoscout24.net/listing-images/8f8e7273-97d9-46f6-bc98-597ca3f2adf9_b17c24df-3040-480e-a170-d31f59b57c5e.jpg/250x188.webp,6000,117.49014599385939,5150,10
10864099-d10c-4ea6-bcb1-eb0f34793fe1,Renault,Laguna,Berline,PrivateSeller,3000,d,195000,11-2011,https://prod.pictures.autoscout24.net/listing-images/10864099-d10c-4ea6-bcb1-eb0f34793fe1_65a5bcad-bb98-4ff6-a7bc-f6eb0d32b6d0.jpg/250x188.webp,5002,113.22503086685693,4055,11
f6407f6f-cd95-4ae2-8c05-dfee52602246,Renault,Fuego,Coupé,PrivateSeller,3000,b,110000,11-1983,https://prod.pictures.autoscout24.net/listing-images/f6407f6f-cd95-4ae2-8c05-dfee52602246_2c2c21cd-9485-4d0a-a45c-394b90e11d95.jpg/250x188.webp,9260,64.90244926494331,14282,14
82d06bc0-0f85-4617-abe1-61fb09a94728,Renault,Megane,Berline,PrivateSeller,3000,b,126000,04-2005,https://prod.pictures.autoscout24.net/listing-images/82d06bc0-0f85-4617-abe1-61fb09a94728_79ada835-14fc-4cb2-99df-36c4c85f30b0.jpg/250x188.webp,2570,41.502398539267695,6460,15
fbc26a75-0a89-4dd7-80ae-9a65a7595f4b,Renault,Modus,Monovolume,PrivateSeller,3000,d,152000,07-2008,https://prod.pictures.autoscout24.net/listing-images/fbc26a75-0a89-4dd7-80ae-9a65a7595f4b_d830358c-e565-4174-808e-c74688f5a3d2.jpg/250x188.webp,7500,124.32337959708627,5273,24
55c01597-7bda-4d72-94ae-c5792761ac62,Renault,Master,Bestelwagen,PrivateSeller,3000,d,152910,07-2008,https://prod.pictures.autoscout24.net/listing-images/55c01597-7bda-4d72-94ae-c5792761ac62_ec533d4b-ccae-4822-84f1-2052e5ce4deb.jpg/250x188.webp,6600,187.94933034168892,5273,25
6fc5701d-4c7a-411f-84df-08940def157a,Renault,Modus,Break,Dealer,3000,b,194000,11-2005,https://prod.pictures.autoscout24.net/listing-images/6fc5701d-4c7a-411f-84df-08940def157a_3569c406-7c61-4462-a516-61f851bc0ecf.jpg/250x188.webp,1070,71.06367211068877,6246,35
103b09da-37f2-401e-a0cf-8f8be56cf23a,Renault,Espace,Monovolume,PrivateSeller,3000,d,242000,09-2007,https://prod.pictures.autoscout24.net/listing-images/103b09da-37f2-401e-a0cf-8f8be56cf23a_684e2dfa-d9f7-4c6f-af07-1001a89a99c4.jpg/250x188.webp,8790,97.02122056774895,5577,40
35c42337-510b-4dd4-8803-f75b53cf9564,Renault,Scenic,Monovolume,PrivateSeller,3000,d,220000,03-2010,https://prod.pictures.autoscout24.net/listing-images/35c42337-510b-4dd4-8803-f75b53cf9564_2fcb7b04-598b-4b29-ab0e-c56790e7a6ab.jpg/250x188.webp,6224,110.94977629658112,4665,45
706ca41c-3163-4061-be18-466bcfd27ffb,Renault,Clio,Berline,PrivateSeller,3000,b,104000,02-2005,https://prod.pictures.autoscout24.net/listing-images/706ca41c-3163-4061-be18-466bcfd27ffb_8006172b-e624-4989-805a-0d42cc15802d.jpg/250x188.webp,4520,112.57318942534252,6519,48
a0311dbc-acff-493f-9a36-d7a0e3724847,Renault,Megane,Berline,PrivateSeller,3000,d,290000,06-2010,https://prod.pictures.autoscout24.net/listing-images/a0311dbc-acff-493f-9a36-d7a0e3724847_eda666f2-e135-40e4-9a6e-7465efe1f1a8.jpg/250x188.webp,6032,119.9351470780066,4573,50
5c0f320d-e333-4f8b-a70c-f85929f956cf,Renault,Grand Scenic,Break,PrivateSeller,3000,d,177000,03-2007,https://prod.pictures.autoscout24.net/listing-images/5c0f320d-e333-4f8b-a70c-f85929f956cf_d8efccd8-f986-4064-895e-ced28a7198ee.jpg/250x188.webp,6220,109.54249226439103,5761,50
d518baab-74e7-4832-bca5-537ffec0db4b,Renault,Megane,Coupé,PrivateSeller,3000,b,230000,03-2002,https://prod.pictures.autoscout24.net/listing-images/d518baab-74e7-4832-bca5-537ffec0db4b_5ce9524b-bda3-4b94-b3fa-9f5df4829b93.jpg/250x188.webp,9800,85.43781742981923,7587,51
2f2d4208-aa04-486a-8344-4b773bef127d,Renault,Megane,Coupé,PrivateSeller,3000,b,91000,05-2005,https://prod.pictures.autoscout24.net/listing-images/2f2d4208-aa04-486a-8344-4b773bef127d_f7803993-ce5d-4713-93c8-cc6bcca49b1a.jpg/250x188.webp,1180,74.57281408996285,6430,51
8639ef40-460d-4d09-8280-d34cc1e8c328,Renault,,Berline,PrivateSeller,3000,b,196000,10-1959,https://prod.pictures.autoscout24.net/listing-images/8639ef40-460d-4d09-8280-d34cc1e8c328_98fdd3ce-8c18-427f-9ae0-68ccd09b2b8c.jpg/250x188.webp,5070,122.22662855592974,23079,61
68434702-adbb-47f9-9005-9be0f1dbea43,Renault,Kangoo,Monovolume,Dealer,3000,d,232000,01-2009,https://prod.pictures.autoscout24.net/listing-images/68434702-adbb-47f9-9005-9be0f1dbea43_b3b62088-0afa-414f-acdb-42864d211c7a.jpg/250x188.webp,5060,116.00750129472273,5089,70
fe35d394-3c6e-4e89-8fc3-b8a91c19a264,Renault,Megane,Berline,PrivateSeller,3000,d,152900,03-2000,https://prod.pictures.autoscout24.net/listing-images/fe35d394-3c6e-4e89-8fc3-b8a91c19a264_f0ea4a22-d2c0-4264-89f3-978dec4553eb.jpg/250x188.webp,8900,132.89189018035066,8317,120
de153be4-24ff-45df-9567-4aed2ab8b5c3,Renault,Twingo,Berline,PrivateSeller,3000,d,130000,07-2012,https://prod.pictures.autoscout24.net/listing-images/de153be4-24ff-45df-9567-4aed2ab8b5c3_a0962dcf-86d6-45a0-b9d7-36a2faeb2c61.jpg/250x188.webp,7190,103.3603873434195,3812,127
f5629fa3-edbf-4cc3-b54c-2be4f030f0be,Renault,Megane,Berline,PrivateSeller,3000,b,182500,02-2006,https://prod.pictures.autoscout24.net/listing-images/f5629fa3-edbf-4cc3-b54c-2be4f030f0be_329b2ea8-fc8f-4e81-94aa-be659d6b1f0f.jpg/250x188.webp,6780,225.1248045434111,6154,163
294e57b0-9210-441c-9fc1-cfa765cbfed8,Renault,Laguna,Berline,PrivateSeller,3000,d,158000,04-2002,https://prod.pictures.autoscout24.net/listing-images/294e57b0-9210-441c-9fc1-cfa765cbfed8_b89651cd-1ca7-4b59-9a53-23d43bf504fe.jpg/250x188.webp,7536,121.34287317798055,7556,262
5d5cc2d8-ad7b-4607-a7d0-a5a4f056a968,Renault,Kangoo,Monovolume,Dealer,3025,d,175000,03-2010,https://prod.pictures.autoscout24.net/listing-images/5d5cc2d8-ad7b-4607-a7d0-a5a4f056a968_1e0467a0-47cd-40b8-9325-e0b452856f47.jpg/250x188.webp,6280,125.71995865757935,4665,9
d2d9aad9-67eb-476e-b72d-2b13887ac52a,Renault,Kangoo,Bestelwagen,Dealer,3025,d,217000,11-2009,https://prod.pictures.autoscout24.net/listing-images/d2d9aad9-67eb-476e-b72d-2b13887ac52a_7cbfc15e-58d7-4f3b-bcd1-5d792b5ed9e8.jpg/250x188.webp,6280,125.71995865757935,4785,17
20ba3b5b-0b1e-4786-9fb8-9a4bbb461716,Renault,Clio,Stadswagen,PrivateSeller,3100,d,216500,03-2011,https://prod.pictures.autoscout24.net/listing-images/20ba3b5b-0b1e-4786-9fb8-9a4bbb461716_2e07eb0a-ad1e-445d-ac3b-8b8c0203cf7b.jpg/250x188.webp,9060,55.39055149624411,4300,7
5bf46112-7449-4797-b1fa-f7ef90888ba2,Renault,Clio,Andere,PrivateSeller,3100,b,174000,02-2009,https://prod.pictures.autoscout24.net/listing-images/5bf46112-7449-4797-b1fa-f7ef90888ba2_7e12e4dc-a9f2-473a-8173-69a083d824c7.jpg/250x188.webp,1030,66.85598932704684,5058,62
3af159d7-b4f9-4ef7-8633-b1daa0682def,Renault,Megane,Berline,PrivateSeller,3100,b,92500,06-2004,https://prod.pictures.autoscout24.net/listing-images/3af159d7-b4f9-4ef7-8633-b1daa0682def_372f39d0-2a3a-44f1-90c0-c9b11df115cc.jpg/250x188.webp,9500,88.55487491294804,6764,190
e850299f-7314-4ee2-af61-6f40aa32bc19,Renault,Scenic,Monovolume,Dealer,3150,b,205425,02-2009,https://prod.pictures.autoscout24.net/listing-images/e850299f-7314-4ee2-af61-6f40aa32bc19_285be316-6066-4d0d-9b35-b8905814df0a.jpg/250x188.webp,1731,64.67551938133373,5058,29
a4d8be5e-2a07-4e68-b49c-5782a1d79fd5,Renault,Modus,Monovolume,Dealer,3150,b,101000,05-2006,https://prod.pictures.autoscout24.net/listing-images/a4d8be5e-2a07-4e68-b49c-5782a1d79fd5_14acda51-f686-42a3-83f3-da6a9f83c44a.jpg/250x188.webp,1480,90.6722887329444,6065,227
f57c8aef-bd09-4203-996b-cda91d4259e3,Renault,Kangoo,Bestelwagen,Dealer,3199,d,161000,01-2012,https://prod.pictures.autoscout24.net/listing-images/f57c8aef-bd09-4203-996b-cda91d4259e3_25bcb82e-8aef-49c4-a408-c00a9b01b352.jpg/250x188.webp,1440,88.54751756589805,3994,1
73a27d17-4c16-4a83-9142-da733a89f0b8,Renault,Megane,Break,PrivateSeller,3199,d,75000,04-2006,https://prod.pictures.autoscout24.net/listing-images/73a27d17-4c16-4a83-9142-da733a89f0b8_319e37b3-38b3-4ab0-87bf-9a6566ced1b0.jpg/250x188.webp,6030,118.28038734858286,6095,6
e6d5a030-c970-4c55-952c-97525c0edb91,Renault,Clio,Berline,PrivateSeller,3199,d,240000,01-2010,https://prod.pictures.autoscout24.net/listing-images/e6d5a030-c970-4c55-952c-97525c0edb91_d03ad9c9-6b96-4207-b4b6-a46ff3266e1f.jpg/250x188.webp,5000,115.13665852422378,4724,119
99ba19a9-5d03-4364-a6df-c098f2031dd0,Renault,Kangoo,Monovolume,Dealer,3200,d,113500,11-2003,https://prod.pictures.autoscout24.net/listing-images/99ba19a9-5d03-4364-a6df-c098f2031dd0_cf9d5fe5-3ff7-4586-806d-714740e81b93.jpg/250x188.webp,1703,72.53884447632319,6977,7
6fdbe40a-0dc8-4342-ab64-af2b789afaa7,Renault,Laguna,Berline,Dealer,3200,d,236162,07-2010,https://prod.pictures.autoscout24.net/listing-images/6fdbe40a-0dc8-4342-ab64-af2b789afaa7_06caeb43-5cb0-4b9c-9dbd-e5ae943308e1.jpg/250x188.webp,4020,121.60247278825214,4543,16
5355a1c8-f6e5-44f0-ac81-a140dabcd24a,Renault,Modus,Monovolume,Dealer,3200,b,117000,03-2006,https://prod.pictures.autoscout24.net/listing-images/5355a1c8-f6e5-44f0-ac81-a140dabcd24a_3db0f7ef-5115-409c-bf81-8b9882cc3369.jpg/250x188.webp,1480,90.6722887329444,6126,41
091517e4-b712-4750-90a4-97d8efe85132,Renault,Twingo,Berline,PrivateSeller,3200,b,124000,03-2011,https://prod.pictures.autoscout24.net/listing-images/091517e4-b712-4750-90a4-97d8efe85132_08ca8aa4-4f9b-4693-9bf1-2d3430ea838c.jpg/250x188.webp,1810,,4300,59
01518720-909a-42e9-8be7-1ba716652bfc,Renault,Megane,Cabriolet,PrivateSeller,3200,b,114000,09-2006,https://prod.pictures.autoscout24.net/listing-images/01518720-909a-42e9-8be7-1ba716652bfc_b1b3bee8-5428-4cda-890c-82d08aa685d3.jpg/250x188.webp,1860,59.6090801187706,5942,58
007a893b-4f39-443a-a0d8-0ab81ed225af,Renault,Megane,Berline,Dealer,3200,b,198104,03-2007,https://prod.pictures.autoscout24.net/listing-images/007a893b-4f39-443a-a0d8-0ab81ed225af_5707186f-25c4-4faa-9542-d16e6712f4d8.jpg/250x188.webp,1651,78.98056604317188,5761,62
c67ce89d-a6db-41bb-aa45-526600a404db,Renault,Megane,Berline,PrivateSeller,3200,d,236000,04-2009,https://prod.pictures.autoscout24.net/listing-images/c67ce89d-a6db-41bb-aa45-526600a404db_23e25656-4fad-41d9-8611-b6de285f71e1.jpg/250x188.webp,5300,113.30647041751955,4999,79
fc5fe55e-6211-4f1a-bf2d-258a147bb120,Renault,Megane,Break,PrivateSeller,3200,d,251000,03-2012,https://prod.pictures.autoscout24.net/listing-images/fc5fe55e-6211-4f1a-bf2d-258a147bb120_de156487-113c-43fc-b333-9b45be0f247f.jpg/250x188.webp,9850,79.95826720403902,3934,114
4548c99b-e778-4535-beaf-8d33bbfa3f64,Renault,Megane,Berline,PrivateSeller,3200,d,180600,09-2009,https://prod.pictures.autoscout24.net/listing-images/4548c99b-e778-4535-beaf-8d33bbfa3f64_8097cda9-5d40-49cb-921d-ea97d09b6a68.jpg/250x188.webp,5100,120.21149902452048,4846,140
668fa813-1046-4834-877e-e512be656799,Renault,Megane,Cabriolet,PrivateSeller,3200,b,212000,03-2000,https://prod.pictures.autoscout24.net/listing-images/668fa813-1046-4834-877e-e512be656799_7d711ef2-9799-4466-b698-5a653a0c140f.jpg/250x188.webp,2840,43.35213990196281,8317,152
ed0fc8a8-4b77-45ad-afca-c4a627d3defa,Renault,Clio,Berline,PrivateSeller,3200,d,200000,12-2011,https://prod.pictures.autoscout24.net/listing-images/ed0fc8a8-4b77-45ad-afca-c4a627d3defa_0785082a-db5b-4cf2-af98-7618e455de15.jpg/250x188.webp,1831,63.496143889011755,4025,157
d60adef8-b94d-4903-b5d0-32f2d5914a7f,Renault,Megane,Break,PrivateSeller,3200,d,252000,03-2012,https://prod.pictures.autoscout24.net/listing-images/d60adef8-b94d-4903-b5d0-32f2d5914a7f_d81c0fcd-bd54-4195-9876-ab679cc88c41.jpg/250x188.webp,9850,79.95826720403902,3934,162
20aabbe8-3756-46b9-a918-d6c874233407,Renault,Modus,Break,Dealer,3250,d,130000,08-2007,https://prod.pictures.autoscout24.net/listing-images/20aabbe8-3756-46b9-a918-d6c874233407_b33793e0-b974-4e02-bfa4-9db615ddf882.jpg/250x188.webp,8792,100.82523021919492,5608,0
c696f323-58f4-44b1-b8dc-6c4ab1548e02,Renault,Clio,Berline,PrivateSeller,3250,b,190000,12-2012,https://prod.pictures.autoscout24.net/listing-images/c696f323-58f4-44b1-b8dc-6c4ab1548e02_f14aecb6-d983-4ab7-b467-5bd4a0ddafa7.jpg/250x188.webp,1082,68.04437182438213,3659,1
4c4ccd71-4116-4548-a510-17f0be918f63,Renault,Scenic,Monovolume,Dealer,3250,d,194000,06-2010,https://prod.pictures.autoscout24.net/listing-images/4c4ccd71-4116-4548-a510-17f0be918f63_69640305-85c0-434c-98a3-52f3e0f291b3.jpg/250x188.webp,6044,114.30340847106793,4573,2
38457148-e01b-469e-9597-c48c054f4166,Renault,Clio,Berline,PrivateSeller,3250,b,162795,10-2010,https://prod.pictures.autoscout24.net/listing-images/38457148-e01b-469e-9597-c48c054f4166_870357f3-1aa3-4331-b6df-9187e9bed9dc.jpg/250x188.webp,9000,69.99787275902874,4451,8
50c81a2c-841e-4b72-90b9-8f9bbdfa373d,Renault,Megane,Berline,Dealer,3250,d,158000,04-2010,https://prod.pictures.autoscout24.net/listing-images/50c81a2c-841e-4b72-90b9-8f9bbdfa373d_5d2452e9-1055-43e4-a99d-cb959279cd64.jpg/250x188.webp,1400,97.35176357549375,4634,16
16d74231-2808-44f8-9f5c-eed593d88a1d,Renault,Clio,Break,PrivateSeller,3250,d,207500,08-2009,https://prod.pictures.autoscout24.net/listing-images/16d74231-2808-44f8-9f5c-eed593d88a1d_c44d9b6d-a95a-4272-aa5a-e37e582b0bb1.jpg/250x188.webp,3840,95.80189373827943,4877,134
1bca33d8-6874-4ea7-a49b-a3320f4a2b38,Renault,Twingo,Berline,Dealer,3290,d,218000,09-2011,https://prod.pictures.autoscout24.net/listing-images/1bca33d8-6874-4ea7-a49b-a3320f4a2b38_3bf3e186-9500-4453-974c-bc3a00b8f6fd.jpg/250x188.webp,4032,124.36566499817849,4116,18
e74746f3-ff41-45db-8b5c-022fefc0caf3,Renault,Scenic,Monovolume,Dealer,3300,d,56057,06-2004,https://prod.pictures.autoscout24.net/listing-images/e74746f3-ff41-45db-8b5c-022fefc0caf3_385c14a2-261f-4b51-854a-f8cf7aa8ab66.jpg/250x188.webp,3270,64.63308240631308,6764,7
4919cf51-ad3e-47b4-9a52-7a9f15e7916f,Renault,Clio,Berline,PrivateSeller,3300,b,208000,05-2006,https://prod.pictures.autoscout24.net/listing-images/4919cf51-ad3e-47b4-9a52-7a9f15e7916f_c76505f6-2200-403c-b645-dcac19ffdbed.jpg/250x188.webp,1600,78.61296004280759,6065,70
56f39b80-7744-423e-b4d1-c6eca7f9fbe5,Renault,Grand Scenic,Monovolume,Dealer,3300,d,165000,09-2009,https://prod.pictures.autoscout24.net/listing-images/56f39b80-7744-423e-b4d1-c6eca7f9fbe5_00e01768-8a24-455c-a128-7a8c995f85ae.jpg/250x188.webp,2840,43.35213990196281,4846,93
1a99a374-f239-4de0-b033-50d7dccb3eb5,Renault,Grand Scenic,Monovolume,Dealer,3300,d,235743,06-2009,https://prod.pictures.autoscout24.net/listing-images/1a99a374-f239-4de0-b033-50d7dccb3eb5_e70eaefe-243c-4528-bd53-890668228826.jpg/250x188.webp,2110,26.910904850539477,4938,120
992149cc-4a41-41e9-b08b-d181f0b9be75,Renault,Clio,Break,PrivateSeller,3300,d,275395,01-2010,https://prod.pictures.autoscout24.net/listing-images/992149cc-4a41-41e9-b08b-d181f0b9be75_12cf2c9c-4b4e-4770-ae8d-053598c3d7f0.jpg/250x188.webp,6780,225.1248045434111,4724,165
17d41ec7-4f5f-47c9-944c-36b06d79702c,Renault,Trafic,Monovolume,Dealer,3300,d,212000,04-2007,https://prod.pictures.autoscout24.net/listing-images/17d41ec7-4f5f-47c9-944c-36b06d79702c_e64ea16c-7621-477f-93de-fb1a0013f6c3.jpg/250x188.webp,1840,54.29299877782283,5730,238
66e378b4-b235-41d3-8ccc-410d9a28bfef,Renault,Clio,Berline,Dealer,3300,d,169000,07-2008,https://prod.pictures.autoscout24.net/listing-images/66e378b4-b235-41d3-8ccc-410d9a28bfef_60e0f076-995f-4e89-b3db-84bfc4beaf46.jpg/250x188.webp,1480,90.6722887329444,5273,247
06bda2a1-628e-4850-8d68-d16942d1f65f,Renault,Megane,Break,PrivateSeller,3300,d,131000,05-2009,https://prod.pictures.autoscout24.net/listing-images/06bda2a1-628e-4850-8d68-d16942d1f65f_767c6ac3-337f-43c2-adb6-e77240f1d112.jpg/250x188.webp,4800,137.3735948615729,4969,280
36c56498-4e4e-4ade-9bdb-ade1a0a54826,Renault,Megane,Berline,Dealer,3390,d,269000,08-2011,https://prod.pictures.autoscout24.net/listing-images/36c56498-4e4e-4ade-9bdb-ade1a0a54826_9ce8a5a8-907b-4907-83f6-671ff2fec8d6.jpg/250x188.webp,7130,117.49117131592739,4147,4
9ec8908a-5a92-4e17-8d36-3b83731f10a2,Renault,Twingo,Berline,PrivateSeller,3400,d,107670,01-2008,https://prod.pictures.autoscout24.net/listing-images/9ec8908a-5a92-4e17-8d36-3b83731f10a2_2352601b-7d8b-491d-8611-c8253ebd2f81.jpg/250x188.webp,6200,119.77990387531518,5455,2
336dafa0-11b1-4035-99e9-8c48b5ec858f,Renault,Grand Modus,Monovolume,Dealer,3400,d,197000,12-2011,https://prod.pictures.autoscout24.net/listing-images/336dafa0-11b1-4035-99e9-8c48b5ec858f_84193381-b4fa-46b3-9d05-3aad994b7c25.jpg/250x188.webp,4051,126.01023705784011,4025,4
2122a5be-3769-47de-9682-a307933aa778,Renault,Fluence,Berline,Dealer,3400,d,159000,11-2010,https://prod.pictures.autoscout24.net/listing-images/2122a5be-3769-47de-9682-a307933aa778_d5903012-7cb9-48ac-84ff-e492ac2704e3.jpg/250x188.webp,6042,115.26230394846887,4420,12
1882fc34-b8a4-4e5e-8692-cfb5446cc02d,Renault,Twingo,Berline,PrivateSeller,3400,b,143900,09-2011,https://prod.pictures.autoscout24.net/listing-images/1882fc34-b8a4-4e5e-8692-cfb5446cc02d_e28f2ac7-a37c-49d1-a713-4ea76f84b5f1.jpg/250x188.webp,1140,66.17447866127165,4116,167
26596a1b-866d-4278-9a34-97f661cf03ce,Renault,Megane,Cabriolet,Dealer,3400,b,160000,11-2006,https://prod.pictures.autoscout24.net/listing-images/26596a1b-866d-4278-9a34-97f661cf03ce_12055d4d-4b63-44e3-8b30-d34597e2c927.jpg/250x188.webp,1840,54.29299877782283,5881,210
414a4a8c-d7b0-4df0-81f9-208267aa4ca2,Renault,Clio,Berline,Dealer,3450,b,180000,12-2013,https://prod.pictures.autoscout24.net/listing-images/414a4a8c-d7b0-4df0-81f9-208267aa4ca2_2bdfbbc2-1e51-4fcf-892b-a3dd5fc9725c.jpg/250x188.webp,6200,119.77990387531518,3294,1
a2b4ad1b-e406-4f60-a2a8-f4f8b68e3fba,Renault,Modus,Monovolume,PrivateSeller,3450,d,220000,08-2012,https://prod.pictures.autoscout24.net/listing-images/a2b4ad1b-e406-4f60-a2a8-f4f8b68e3fba_b88d91c5-a8a9-438e-bfd4-145f0e6f6a24.jpg/250x188.webp,1030,66.85598932704684,3781,1
467b96b5-fc9f-4029-8f8c-0a3b7f3a566d,Renault,Kangoo,Monovolume,Dealer,3450,b,150000,10-2001,https://prod.pictures.autoscout24.net/listing-images/467b96b5-fc9f-4029-8f8c-0a3b7f3a566d_47204c19-0192-452a-b96f-28a88d0464f1.jpg/250x188.webp,1930,65.18883147641638,7738,5
0c1f2f38-45d1-42db-a39e-f14bf4e2d870,Renault,Clio,Berline,Dealer,3450,b,135000,07-2006,https://prod.pictures.autoscout24.net/listing-images/0c1f2f38-45d1-42db-a39e-f14bf4e2d870_9eb904af-095e-4d6d-8eab-e8b9ea448305.jpg/250x188.webp,1600,78.61296004280759,6004,6
71e4f687-9a19-40db-b1cc-b97fd0e6de77,Renault,Modus,Monovolume,Dealer,3450,b,154000,03-2009,https://prod.pictures.autoscout24.net/listing-images/71e4f687-9a19-40db-b1cc-b97fd0e6de77_89ff118d-3e80-452c-9471-7aa79dab0488.jpg/250x188.webp,1601,76.3100421089918,5030,8
64924569-1218-40be-98fd-56b14b5d7a25,Renault,Kangoo,Bestelwagen,Dealer,3450,d,330000,08-2012,https://prod.pictures.autoscout24.net/listing-images/64924569-1218-40be-98fd-56b14b5d7a25_6abeb8ee-f695-4835-bcf7-ab283924483c.jpg/250x188.webp,1500,83.25423672184138,3781,8
c2379f16-467c-453b-b865-b16f69f0affe,Renault,Scenic,Monovolume,Dealer,3450,b,78000,05-2005,https://prod.pictures.autoscout24.net/listing-images/c2379f16-467c-453b-b865-b16f69f0affe_c2d95653-6fd2-4c5d-b384-0f44efe5a593.jpg/250x188.webp,9800,85.43781742981923,6430,9
cbe43d83-ee29-4587-8cbb-0f96e2a67f39,Renault,Laguna,Break,PrivateSeller,3450,d,202000,05-2011,https://prod.pictures.autoscout24.net/listing-images/cbe43d83-ee29-4587-8cbb-0f96e2a67f39_2e2e619e-160c-4b54-b21a-71b56ea3be9f.jpg/250x188.webp,4850,132.6707282521058,4239,19
a7d6ede6-210c-4080-b9b0-c964297624f9,Renault,Clio,Berline,Dealer,3450,d,194000,05-2012,https://prod.pictures.autoscout24.net/listing-images/a7d6ede6-210c-4080-b9b0-c964297624f9_c20924f1-dd40-4cc5-9b7a-70c9528284eb.jpg/250x188.webp,1741,71.67446954885638,3873,23
1693f5bd-b3f4-4f0c-9700-4a2c2e5436fe,Renault,Megane,Berline,Dealer,3450,b,126000,12-2007,https://prod.pictures.autoscout24.net/listing-images/1693f5bd-b3f4-4f0c-9700-4a2c2e5436fe_11a2695d-02e8-4097-9980-72ce88f43499.jpg/250x188.webp,1440,88.54751756589805,5486,29
94d67359-77af-4428-b9f0-bfb7cb7c58ae,Renault,Kangoo,Monovolume,Dealer,3450,d,157000,02-2006,https://prod.pictures.autoscout24.net/listing-images/94d67359-77af-4428-b9f0-bfb7cb7c58ae_4b06faee-59fc-4c78-a9ba-28542ad2df32.jpg/250x188.webp,4190,138.68878430326495,6154,38
d265b17c-5bea-40e8-a45a-0c1b00fd038b,Renault,Fluence,Berline,Dealer,3450,b,177225,04-2013,https://prod.pictures.autoscout24.net/listing-images/d265b17c-5bea-40e8-a45a-0c1b00fd038b_19c178f3-5540-4206-ab99-3b66c85a8fcf.jpg/250x188.webp,1400,97.35176357549375,3538,44
41e8d533-c938-463b-a3fd-b656a21dc8d3,Renault,Clio,Andere,Dealer,3450,b,119000,10-2006,https://prod.pictures.autoscout24.net/listing-images/41e8d533-c938-463b-a3fd-b656a21dc8d3_8fe762ef-3e7e-44d9-bcbc-f513fdb35c59.jpg/250x188.webp,1130,63.740079129249956,5912,65
c7572c66-4d6b-4620-b105-1dcd83745c69,Renault,Megane,Cabriolet,Dealer,3450,b,127931,04-2005,https://prod.pictures.autoscout24.net/listing-images/c7572c66-4d6b-4620-b105-1dcd83745c69_7daf9afc-c2ab-4e3f-b688-60578e5c3ea8.jpg/250x188.webp,6250,115.60596353389253,6460,218
f2b405ef-f354-471c-a215-728169c464b0,Renault,Scenic,Monovolume,Dealer,3490,d,130000,01-2006,https://prod.pictures.autoscout24.net/listing-images/f2b405ef-f354-471c-a215-728169c464b0_91704a86-291e-48cb-ba0a-fe494e08bcf8.jpg/250x188.webp,4020,121.60247278825214,6185,2
b94363fc-8a1e-45fe-84fd-9f1797a17ad5,Renault,Laguna,Berline,Dealer,3490,b,160000,01-2010,https://prod.pictures.autoscout24.net/listing-images/b94363fc-8a1e-45fe-84fd-9f1797a17ad5_a4c2eb85-10b1-4f82-a3bd-d0b9df4bd27a.jpg/250x188.webp,6238,106.12944231251511,4724,30
d6ffcfd8-907a-47f5-9791-876074999c00,Renault,Clio,Berline,Dealer,3490,d,61000,01-2006,https://prod.pictures.autoscout24.net/listing-images/d6ffcfd8-907a-47f5-9791-876074999c00_55644717-e176-45b3-a53f-2c819a301295.jpg/250x188.webp,6110,121.07873748213329,6185,40
ca032edf-eaf1-40a1-b76c-3968d76eaeb6,Renault,R 9,Andere,Dealer,3490,b,64500,03-1986,https://prod.pictures.autoscout24.net/listing-images/ca032edf-eaf1-40a1-b76c-3968d76eaeb6_05f23941-3d2f-4590-ac84-d19f04835c3e.jpg/250x188.webp,5380,108.37160364426639,13431,44
cbe7fc80-632c-4b8f-9d9a-cec72f19a623,Renault,Clio,Berline,PrivateSeller,3499,b,80000,05-2006,https://prod.pictures.autoscout24.net/listing-images/cbe7fc80-632c-4b8f-9d9a-cec72f19a623_1bb1b173-d293-4150-9358-ddd68518744a.jpg/250x188.webp,4000,118.53949006185148,6065,12
78b0f460-77ce-4a79-8af8-5676da20b91b,Renault,Clio,Berline,PrivateSeller,3500,b,12610,03-1996,https://prod.pictures.autoscout24.net/listing-images/78b0f460-77ce-4a79-8af8-5676da20b91b_7ea5d4db-de89-440d-b51e-b87b4b04032f.jpg/250x188.webp,2920,9.296058813361997,9778,7
96be9e9d-d078-48d8-bf92-c3b3445a9c21,Renault,Megane,Berline,Dealer,3500,d,195000,08-2006,https://prod.pictures.autoscout24.net/listing-images/96be9e9d-d078-48d8-bf92-c3b3445a9c21_4ff41cab-ebec-423f-a6fa-0e374fb37e64.jpg/250x188.webp,6700,222.44484417522085,5973,15
32e7207b-09f8-4c4f-804b-b376b8db0b4f,Renault,R 4,Andere,PrivateSeller,3500,b,203000,02-1987,https://prod.pictures.autoscout24.net/listing-images/32e7207b-09f8-4c4f-804b-b376b8db0b4f_f94af639-28ec-4e62-9230-28615d2b2539.jpg/250x188.webp,3080,71.81912493945508,13094,18
f8fef58e-6b29-4fd6-9043-abd3f649866d,Renault,Master,Bestelwagen,PrivateSeller,3500,d,186000,11-2004,https://prod.pictures.autoscout24.net/listing-images/f8fef58e-6b29-4fd6-9043-abd3f649866d_d436831b-52c9-42e1-9521-ed798e87aab7.jpg/250x188.webp,1090,66.80320352454842,6611,27
28c84458-b3f7-4b98-b6e7-be00f1a5113e,Renault,Clio,Berline,PrivateSeller,3500,b,174000,12-2007,https://prod.pictures.autoscout24.net/listing-images/28c84458-b3f7-4b98-b6e7-be00f1a5113e_963a788b-2d30-4214-8271-b790c49650d3.jpg/250x188.webp,1840,54.29299877782283,5486,46
b6106f9b-bb9a-488d-93e2-88fe6d62bad6,Renault,Clio,Berline,PrivateSeller,3500,d,228087,01-2012,https://prod.pictures.autoscout24.net/listing-images/b6106f9b-bb9a-488d-93e2-88fe6d62bad6_4b48520b-c09e-44c9-b598-8448cb160e65.jpg/250x188.webp,1000,69.17270624549755,3994,45
63c80b9a-af70-4657-83b3-733933af9518,Renault,Megane,Break,Dealer,3500,d,214359,06-2012,https://prod.pictures.autoscout24.net/listing-images/63c80b9a-af70-4657-83b3-733933af9518_14f0cbb6-a1de-4539-8162-5ba213091d27.jpg/250x188.webp,1601,76.3100421089918,3842,46
913719ea-75dc-4995-ba00-5af832157567,Renault,Clio,Berline,PrivateSeller,3500,d,196197,09-2010,https://prod.pictures.autoscout24.net/listing-images/913719ea-75dc-4995-ba00-5af832157567_8bd4780a-9c12-4a41-9a07-359e684440ed.jpg/250x188.webp,5650,134.20153138251405,4481,55
70c1fdc1-a9de-4e98-86ce-902ea67cf3b3,Renault,Clio,Andere,PrivateSeller,3500,b,52000,10-2005,https://prod.pictures.autoscout24.net/listing-images/70c1fdc1-a9de-4e98-86ce-902ea67cf3b3_624a069d-8024-4e89-a6dc-352442746566.jpg/250x188.webp,1050,70.92422613330518,6277,64
08331959-395b-483c-aae3-7c2a81a8482c,Renault,Grand Scenic,Monovolume,Dealer,3500,d,162050,03-2009,https://prod.pictures.autoscout24.net/listing-images/08331959-395b-483c-aae3-7c2a81a8482c_b12d5453-5c2c-4351-b5e4-7faab42d5c94.jpg/250x188.webp,2300,36.751136569594,5030,69
d591dc62-067d-472a-ad1b-a150446fde84,Renault,Clio,Berline,PrivateSeller,3500,b,46900,04-2004,https://prod.pictures.autoscout24.net/listing-images/d591dc62-067d-472a-ad1b-a150446fde84_4851b6b3-3386-48fa-a2d0-7b4eb7d4fa66.jpg/250x188.webp,9070,67.44647219974722,6825,75
250362a7-feee-4b27-915f-81f4748ff68b,Renault,Megane,Berline,PrivateSeller,3500,b,89773,03-2006,https://prod.pictures.autoscout24.net/listing-images/250362a7-feee-4b27-915f-81f4748ff68b_4fd2d296-0ca7-4833-984b-b94ffc999aa2.jpg/250x188.webp,2100,27.421552979694752,6126,101
cae47699-e0be-4bff-a86e-90cd5d890716,Renault,Modus,Monovolume,PrivateSeller,3500,b,110973,11-2004,https://prod.pictures.autoscout24.net/listing-images/cae47699-e0be-4bff-a86e-90cd5d890716_4201844f-a0a3-4971-90af-6ff0694fd841.jpg/250x188.webp,1080,69.57979227671277,6611,101
328be56c-042e-4cec-ac1c-a429d7a42e94,Renault,Clio,Stadswagen,PrivateSeller,3500,b,110000,06-2011,https://prod.pictures.autoscout24.net/listing-images/328be56c-042e-4cec-ac1c-a429d7a42e94_0a91a643-5087-483e-a2d3-e79087fdd275.jpg/250x188.webp,2990,13.426271856976925,4208,102
78b0f460-77ce-4a79-8af8-5676da20b91b,Renault,Clio,Berline,PrivateSeller,3500,b,12610,03-1996,https://prod.pictures.autoscout24.net/listing-images/78b0f460-77ce-4a79-8af8-5676da20b91b_7ea5d4db-de89-440d-b51e-b87b4b04032f.jpg/250x188.webp,2920,9.296058813361997,9778,7
96be9e9d-d078-48d8-bf92-c3b3445a9c21,Renault,Megane,Berline,Dealer,3500,d,195000,08-2006,https://prod.pictures.autoscout24.net/listing-images/96be9e9d-d078-48d8-bf92-c3b3445a9c21_4ff41cab-ebec-423f-a6fa-0e374fb37e64.jpg/250x188.webp,6700,222.44484417522085,5973,15
32e7207b-09f8-4c4f-804b-b376b8db0b4f,Renault,R 4,Andere,PrivateSeller,3500,b,203000,02-1987,https://prod.pictures.autoscout24.net/listing-images/32e7207b-09f8-4c4f-804b-b376b8db0b4f_f94af639-28ec-4e62-9230-28615d2b2539.jpg/250x188.webp,3080,71.81912493945508,13094,18
f8fef58e-6b29-4fd6-9043-abd3f649866d,Renault,Master,Bestelwagen,PrivateSeller,3500,d,186000,11-2004,https://prod.pictures.autoscout24.net/listing-images/f8fef58e-6b29-4fd6-9043-abd3f649866d_d436831b-52c9-42e1-9521-ed798e87aab7.jpg/250x188.webp,1090,66.80320352454842,6611,27
28c84458-b3f7-4b98-b6e7-be00f1a5113e,Renault,Clio,Berline,PrivateSeller,3500,b,174000,12-2007,https://prod.pictures.autoscout24.net/listing-images/28c84458-b3f7-4b98-b6e7-be00f1a5113e_963a788b-2d30-4214-8271-b790c49650d3.jpg/250x188.webp,1840,54.29299877782283,5486,46
b6106f9b-bb9a-488d-93e2-88fe6d62bad6,Renault,Clio,Berline,PrivateSeller,3500,d,228087,01-2012,https://prod.pictures.autoscout24.net/listing-images/b6106f9b-bb9a-488d-93e2-88fe6d62bad6_4b48520b-c09e-44c9-b598-8448cb160e65.jpg/250x188.webp,1000,69.17270624549755,3994,45
63c80b9a-af70-4657-83b3-733933af9518,Renault,Megane,Break,Dealer,3500,d,214359,06-2012,https://prod.pictures.autoscout24.net/listing-images/63c80b9a-af70-4657-83b3-733933af9518_14f0cbb6-a1de-4539-8162-5ba213091d27.jpg/250x188.webp,1601,76.3100421089918,3842,46
913719ea-75dc-4995-ba00-5af832157567,Renault,Clio,Berline,PrivateSeller,3500,d,196197,09-2010,https://prod.pictures.autoscout24.net/listing-images/913719ea-75dc-4995-ba00-5af832157567_8bd4780a-9c12-4a41-9a07-359e684440ed.jpg/250x188.webp,5650,134.20153138251405,4481,55
70c1fdc1-a9de-4e98-86ce-902ea67cf3b3,Renault,Clio,Andere,PrivateSeller,3500,b,52000,10-2005,https://prod.pictures.autoscout24.net/listing-images/70c1fdc1-a9de-4e98-86ce-902ea67cf3b3_624a069d-8024-4e89-a6dc-352442746566.jpg/250x188.webp,1050,70.92422613330518,6277,64
08331959-395b-483c-aae3-7c2a81a8482c,Renault,Grand Scenic,Monovolume,Dealer,3500,d,162050,03-2009,https://prod.pictures.autoscout24.net/listing-images/08331959-395b-483c-aae3-7c2a81a8482c_b12d5453-5c2c-4351-b5e4-7faab42d5c94.jpg/250x188.webp,2300,36.751136569594,5030,69
d591dc62-067d-472a-ad1b-a150446fde84,Renault,Clio,Berline,PrivateSeller,3500,b,46900,04-2004,https://prod.pictures.autoscout24.net/listing-images/d591dc62-067d-472a-ad1b-a150446fde84_4851b6b3-3386-48fa-a2d0-7b4eb7d4fa66.jpg/250x188.webp,9070,67.44647219974722,6825,75
250362a7-feee-4b27-915f-81f4748ff68b,Renault,Megane,Berline,PrivateSeller,3500,b,89773,03-2006,https://prod.pictures.autoscout24.net/listing-images/250362a7-feee-4b27-915f-81f4748ff68b_4fd2d296-0ca7-4833-984b-b94ffc999aa2.jpg/250x188.webp,2100,27.421552979694752,6126,101
cae47699-e0be-4bff-a86e-90cd5d890716,Renault,Modus,Monovolume,PrivateSeller,3500,b,110973,11-2004,https://prod.pictures.autoscout24.net/listing-images/cae47699-e0be-4bff-a86e-90cd5d890716_4201844f-a0a3-4971-90af-6ff0694fd841.jpg/250x188.webp,1080,69.57979227671277,6611,101
328be56c-042e-4cec-ac1c-a429d7a42e94,Renault,Clio,Stadswagen,PrivateSeller,3500,b,110000,06-2011,https://prod.pictures.autoscout24.net/listing-images/328be56c-042e-4cec-ac1c-a429d7a42e94_0a91a643-5087-483e-a2d3-e79087fdd275.jpg/250x188.webp,2990,13.426271856976925,4208,102
3698ef4f-c12a-4de1-bfb8-662c68971331,Renault,Clio,Berline,PrivateSeller,3500,b,77013,03-2003,https://prod.pictures.autoscout24.net/listing-images/3698ef4f-c12a-4de1-bfb8-662c68971331_859bab78-0308-494c-8620-960187cdc120.jpg/250x188.webp,7011,117.50379775240164,7222,105
1ec71d01-411f-4e9b-9f3a-d072eb9c7dcc,Renault,Megane,Stadswagen,Dealer,3500,b,229000,11-2004,https://prod.pictures.autoscout24.net/listing-images/1ec71d01-411f-4e9b-9f3a-d072eb9c7dcc_f3386400-1d9b-4424-b497-24df143cfc1b.jpg/250x188.webp,3500,86.84432103923942,6611,148
556d0f52-2f35-454d-ada4-35c57869f7d2,Renault,Twingo,Berline,PrivateSeller,3500,d,83500,08-2009,https://prod.pictures.autoscout24.net/listing-images/556d0f52-2f35-454d-ada4-35c57869f7d2_d28f5125-853f-4bb4-8f0d-55c04ce5c03c.jpg/250x188.webp,4257,99.83732432770832,4877,163
4b78396e-419d-4ee3-93bc-af2fda6769cb,Renault,Latitude,Berline,PrivateSeller,3500,d,260000,07-2011,https://prod.pictures.autoscout24.net/listing-images/4b78396e-419d-4ee3-93bc-af2fda6769cb_7b44e741-1267-40fc-a5de-ae2660fcdc02.jpg/250x188.webp,6040,114.0742701643821,4178,167
d8413ea8-febf-44ff-93b6-494ba259a8e9,Renault,Clio,Berline,PrivateSeller,3500,b,200000,08-2010,https://prod.pictures.autoscout24.net/listing-images/d8413ea8-febf-44ff-93b6-494ba259a8e9_12d0df22-5701-4cd7-a764-57461cc30ee4.jpg/250x188.webp,3001,68.9583124136067,4512,173
cdf4f4e5-a57c-4edf-aadc-2674da12de2b,Renault,Clio,Break,Dealer,3550,d,170000,04-2009,https://prod.pictures.autoscout24.net/listing-images/cdf4f4e5-a57c-4edf-aadc-2674da12de2b_65b5d7fd-bdd8-4dfd-a99e-c1fca95e1634.jpg/250x188.webp,6060,116.023023143389,4999,19
e55c92fa-ee4e-4737-932a-477c0a76b122,Renault,Clio,Berline,Dealer,3550,b,173500,09-2011,https://prod.pictures.autoscout24.net/listing-images/e55c92fa-ee4e-4737-932a-477c0a76b122_428c4818-e3ae-4702-96e0-85fae21b98ee.jpg/250x188.webp,1730,61.98157406185932,4116,70
89089d62-4c00-4b99-bd26-08f6e7e960fc,Renault,Twingo,Berline,PrivateSeller,3600,b,130000,12-2009,https://prod.pictures.autoscout24.net/listing-images/89089d62-4c00-4b99-bd26-08f6e7e960fc_118e220e-c550-4f17-aea8-02b051eb9213.jpg/250x188.webp,1030,66.85598932704684,4755,25
abf472c7-a7e1-48e1-b6a9-e4ee4f886b39,Renault,Megane,Berline,Dealer,3600,d,200000,11-2009,https://prod.pictures.autoscout24.net/listing-images/abf472c7-a7e1-48e1-b6a9-e4ee4f886b39_0c5d5164-eaf0-4a1c-b021-e10892fad6a8.jpg/250x188.webp,1840,54.29299877782283,4785,28
806a9608-e29a-4c76-a1d8-148e9f0ec318,Renault,Megane,Break,PrivateSeller,3600,d,124000,02-2009,https://prod.pictures.autoscout24.net/listing-images/806a9608-e29a-4c76-a1d8-148e9f0ec318_d2646c62-7b29-439b-9997-479528467698.jpg/250x188.webp,9600,100.62421555744224,5058,38
9a75dd6c-6cbc-4fc8-8eed-837464d665e6,Renault,Twingo,Andere,PrivateSeller,3600,d,128000,07-2012,https://prod.pictures.autoscout24.net/listing-images/9a75dd6c-6cbc-4fc8-8eed-837464d665e6_efc16b3c-7468-49a4-8a09-4f9b3e9aaa90.jpg/250x188.webp,7190,103.3603873434195,3812,157
bfbe04b8-bf5f-4b0d-80e7-3a65dc277981,Renault,Clio,Berline,PrivateSeller,3650,d,146500,04-2012,https://prod.pictures.autoscout24.net/listing-images/bfbe04b8-bf5f-4b0d-80e7-3a65dc277981_a9223a94-9bd1-466e-b7e2-d62c18d6bced.jpg/250x188.webp,1800,60.05560122441548,3903,0
2c26225b-de9f-40d1-a8ff-2c5cfd942da8,Renault,Modus,Monovolume,Dealer,3650,b,124926,09-2005,https://prod.pictures.autoscout24.net/listing-images/2c26225b-de9f-40d1-a8ff-2c5cfd942da8_51fd0117-8aa5-4a05-893b-cb9ca1f9fbe2.jpg/250x188.webp,1140,66.17447866127165,6307,6
761bc925-8a24-4911-9260-5535b7378b50,Renault,Kangoo,Monovolume,PrivateSeller,3650,b,177000,04-2002,https://prod.pictures.autoscout24.net/listing-images/761bc925-8a24-4911-9260-5535b7378b50_1a36b983-bf3d-4b65-9c89-94dbbe16362c.jpg/250x188.webp,5550,183.63884711341882,7556,18
cde2a638-1535-405e-a990-f111eaf7615b,Renault,Fluence,Berline,Dealer,3650,d,207000,05-2010,https://prod.pictures.autoscout24.net/listing-images/cde2a638-1535-405e-a990-f111eaf7615b_2c0311d1-47b9-4a30-af28-a6fc1bc40b39.jpg/250x188.webp,1300,83.88957347991013,4604,228
ef0fb666-8ffd-4999-9fb7-05a3e495e29e,Renault,R 4,Break,PrivateSeller,3700,b,127312,04-1984,https://prod.pictures.autoscout24.net/listing-images/ef0fb666-8ffd-4999-9fb7-05a3e495e29e_bc30d0b0-8909-4e0e-99c7-be20720ae5c2.jpg/250x188.webp,1180,74.57281408996285,14130,17
3fff930e-180b-4468-bc0c-fb90ad7a69d3,Renault,Grand Scenic,Monovolume,Dealer,3700,d,222079,09-2011,https://prod.pictures.autoscout24.net/listing-images/3fff930e-180b-4468-bc0c-fb90ad7a69d3_432a3a7d-f989-4390-8c8d-11d13b293618.jpg/250x188.webp,5140,104.85389989976589,4116,23
1a065d32-cfc7-4815-a794-184578fc8021,Renault,Megane,Berline,Dealer,3700,d,217000,11-2011,https://prod.pictures.autoscout24.net/listing-images/1a065d32-cfc7-4815-a794-184578fc8021_13c0d8e9-b32a-4157-890e-873821c5ff95.jpg/250x188.webp,2840,43.35213990196281,4055,26
a657f85d-e1db-4c0f-8cf1-4f4cb0ad70e7,Renault,Clio,Berline,PrivateSeller,3700,b,92554,11-2011,https://prod.pictures.autoscout24.net/listing-images/a657f85d-e1db-4c0f-8cf1-4f4cb0ad70e7_afca806d-b408-4a0c-8594-4fac538344fd.jpg/250x188.webp,6760,228.76246051685501,4055,87
6d7fefc6-ebf7-47f9-abe2-d9794462411c,Renault,Kangoo,Monovolume,PrivateSeller,3700,d,182000,12-2008,https://prod.pictures.autoscout24.net/listing-images/6d7fefc6-ebf7-47f9-abe2-d9794462411c_2040ded2-f030-4983-98dd-11efb9a466f1.jpg/250x188.webp,4280,100.603559971339,5120,166
00821472-0f4c-47fc-aa44-37a711ed4805,Renault,Twingo,Stadswagen,PrivateSeller,3750,b,41500,07-1996,https://prod.pictures.autoscout24.net/listing-images/00821472-0f4c-47fc-aa44-37a711ed4805_dd9a47e9-ef82-4383-81db-4cdb88c67ef0.jpg/250x188.webp,4020,121.60247278825214,9656,14
bc9a10cf-6431-43fc-a0ba-a9321bd7cd33,Renault,Grand Scenic,Break,Dealer,3750,d,179000,07-2012,https://prod.pictures.autoscout24.net/listing-images/bc9a10cf-6431-43fc-a0ba-a9321bd7cd33_28821c0b-8249-4ce2-947a-9ef24d70880c.jpg/250x188.webp,5140,104.85389989976589,3812,14
d979bda9-7cc3-4a63-b025-fd958a9a427c,Renault,Grand Scenic,Monovolume,Dealer,3750,d,199000,01-2008,https://prod.pictures.autoscout24.net/listing-images/d979bda9-7cc3-4a63-b025-fd958a9a427c_16d22c28-6d35-4a2e-ade1-74e832fd7832.jpg/250x188.webp,6700,222.44484417522085,5455,15
e5d58ebc-b7a3-4368-9836-a17fb1ddb230,Renault,Scenic,Monovolume,Dealer,3750,d,199000,01-2008,https://prod.pictures.autoscout24.net/listing-images/e5d58ebc-b7a3-4368-9836-a17fb1ddb230_78a9ad0a-88e9-4f87-a38b-7aa7ab9a2074.jpg/250x188.webp,6700,222.44484417522085,5455,15
3172f441-56f0-4a50-a754-aa2ed16f91dd,Renault,Clio,Berline,Dealer,3750,b,150000,08-2006,https://prod.pictures.autoscout24.net/listing-images/3172f441-56f0-4a50-a754-aa2ed16f91dd_56fc7e33-8202-4baa-a778-f30f4fafbf7b.jpg/250x188.webp,3630,102.97605198560623,5973,20
1ed51bf6-460a-408f-9f2f-53fec3549cb9,Renault,Twingo,Berline,Dealer,3750,d,100000,11-2009,https://prod.pictures.autoscout24.net/listing-images/1ed51bf6-460a-408f-9f2f-53fec3549cb9_335e9070-a0cc-48a2-899b-a1cd14765d06.jpg/250x188.webp,3630,102.97605198560623,4785,22
188f3ffe-9f79-4c13-ab2a-8074d6b1e005,Renault,Kangoo,Andere,Dealer,3750,d,338059,04-2012,https://prod.pictures.autoscout24.net/listing-images/188f3ffe-9f79-4c13-ab2a-8074d6b1e005_d2c31083-b5ab-452d-928a-88318066b457.jpg/250x188.webp,1457,94.96023841245366,3903,22
c67217dc-efe1-470f-8cca-f2fde7c38248,Renault,Clio,Break,Dealer,3750,b,180000,02-2012,https://prod.pictures.autoscout24.net/listing-images/c67217dc-efe1-470f-8cca-f2fde7c38248_4191dbf4-61f8-4dc2-b245-64038648f388.jpg/250x188.webp,1600,78.61296004280759,3963,31
a1c6e0b0-46c1-4bda-acfb-063027058069,Renault,Clio,Break,PrivateSeller,3750,b,168000,03-2010,https://prod.pictures.autoscout24.net/listing-images/a1c6e0b0-46c1-4bda-acfb-063027058069_e2cc95a3-80b8-4cab-b73a-5f17688affa2.jpg/250x188.webp,9100,39.90739495574749,4665,76
b16c99a2-572d-4684-8e46-8c35dd65b782,Renault,Clio,Berline,Dealer,3750,d,207000,02-2010,https://prod.pictures.autoscout24.net/listing-images/b16c99a2-572d-4684-8e46-8c35dd65b782_f0d0ba2b-8cb3-4d9e-9157-cd26a961fe9a.jpg/250x188.webp,5020,112.56317852994579,4693,191
f3691133-88d1-4f40-a6f3-3da42a18cfc0,Renault,Megane,Berline,Dealer,3790,d,198577,10-2009,https://prod.pictures.autoscout24.net/listing-images/f3691133-88d1-4f40-a6f3-3da42a18cfc0_f0158ed3-9d3a-43b4-a67c-489eb4b6bf75.jpg/250x188.webp,6200,119.77990387531518,4816,107
51ebabd9-3c57-4217-94aa-845b40f50e2c,Renault,Megane,Cabriolet,Dealer,3799,b,103238,09-2004,https://prod.pictures.autoscout24.net/listing-images/51ebabd9-3c57-4217-94aa-845b40f50e2c_f68b03dd-f38b-42f0-b387-7c23a7259f83.jpg/250x188.webp,1310,81.95917189034911,6672,97
5c434e00-ee4a-4707-9b6e-b3b3de9530f7,Renault,Megane,Berline,Dealer,3800,b,203319,03-2009,https://prod.pictures.autoscout24.net/listing-images/5c434e00-ee4a-4707-9b6e-b3b3de9530f7_5c361622-7678-424c-a1de-14bc8c0cbff8.jpg/250x188.webp,1080,69.57979227671277,5030,10
4f71de6f-4b08-4c4a-b18e-160f853dad84,Renault,Twingo,Berline,Dealer,3800,b,164000,02-2012,https://prod.pictures.autoscout24.net/listing-images/4f71de6f-4b08-4c4a-b18e-160f853dad84_90a47068-afc5-471e-a909-c5f1404ff44a.jpg/250x188.webp,4460,114.8668906662163,3963,23
fcbce21b-280b-4d02-befd-64f4fe3bca05,Renault,Megane,Coupé,PrivateSeller,3800,d,200000,04-2011,https://prod.pictures.autoscout24.net/listing-images/fcbce21b-280b-4d02-befd-64f4fe3bca05_abcc1e5a-6144-42ce-ae90-565804534781.jpg/250x188.webp,1140,66.17447866127165,4269,51
62273ca6-9140-46a5-80bd-abb208f64e09,Renault,Megane,Coupé,PrivateSeller,3800,b,221000,07-2009,https://prod.pictures.autoscout24.net/listing-images/62273ca6-9140-46a5-80bd-abb208f64e09_dd2564f4-9f79-4fac-bbf6-d0a8421a6f0b.jpg/250x188.webp,1030,66.85598932704684,4908,58
c070a4b7-9d82-45a1-9f3e-d5bcce99f0e8,Renault,Twingo,Berline,PrivateSeller,3800,b,113000,11-2010,https://prod.pictures.autoscout24.net/listing-images/c070a4b7-9d82-45a1-9f3e-d5bcce99f0e8_26e0619c-af2e-4f99-96ba-7ecde9464b9b.jpg/250x188.webp,3001,68.9583124136067,4420,61
91b3956c-fdc9-4524-a54d-dc5f31613fdf,Renault,Megane,Berline,PrivateSeller,3800,d,188000,08-2011,https://prod.pictures.autoscout24.net/listing-images/91b3956c-fdc9-4524-a54d-dc5f31613fdf_91af4450-bb40-4798-913c-2af29e922e61.jpg/250x188.webp,1070,71.06367211068877,4147,117
5f79c09e-c57e-4aed-8e14-483091064f8f,Renault,Megane,Coupé,PrivateSeller,3800,d,160000,02-2010,https://prod.pictures.autoscout24.net/listing-images/5f79c09e-c57e-4aed-8e14-483091064f8f_ab43b994-e411-4c13-989a-9f1604ebb11a.jpg/250x188.webp,4801,139.40956012989255,4693,122
40d5dec9-7367-4384-9f74-27074e0a4696,Renault,Clio,Berline,PrivateSeller,3800,b,153000,03-2006,https://prod.pictures.autoscout24.net/listing-images/40d5dec9-7367-4384-9f74-27074e0a4696_3a7482b0-bb2f-483e-a889-68351fbc4605.jpg/250x188.webp,1083,67.26476839570763,6126,137
d086b2c5-5bb4-4b91-b7ef-4ae9fe38880a,Renault,Megane,Stadswagen,Dealer,3800,d,164223,12-2004,https://prod.pictures.autoscout24.net/listing-images/d086b2c5-5bb4-4b91-b7ef-4ae9fe38880a_4a926e72-3c93-4a07-95a3-41e656085b2f.jpg/250x188.webp,3500,86.84432103923942,6581,184
493564c4-a201-4fdc-8e21-4c8af9af071b,Renault,Clio,Break,Dealer,3800,d,88000,09-2009,https://prod.pictures.autoscout24.net/listing-images/493564c4-a201-4fdc-8e21-4c8af9af071b_67a6b2f0-3070-4ab0-be86-cfda9c57cb8f.jpg/250x188.webp,1420,87.49639779077864,4846,190
36574b41-8a7b-490b-bdc2-e78011885c89,Renault,Kangoo,Bestelwagen,Dealer,3850,d,156000,09-2006,https://prod.pictures.autoscout24.net/listing-images/36574b41-8a7b-490b-bdc2-e78011885c89_7623cb4d-4ce1-4f8f-8c45-f0e81ab16478.jpg/250x188.webp,8200,93.81651363169982,5942,1
eff8d7ae-4548-4d07-946b-ff4b126cce56,Renault,Clio,Berline,Dealer,3850,b,87236,05-2008,https://prod.pictures.autoscout24.net/listing-images/eff8d7ae-4548-4d07-946b-ff4b126cce56_a4dc4585-4c4e-428f-b5c7-c17dc39958db.jpg/250x188.webp,1440,88.54751756589805,5334,1
0b8615bd-3e0c-49f4-af76-f8bdbecf6372,Renault,Kangoo,Bestelwagen,PrivateSeller,3850,d,138000,10-2010,https://prod.pictures.autoscout24.net/listing-images/0b8615bd-3e0c-49f4-af76-f8bdbecf6372_a1f00242-3612-4224-a378-c0a99c4e58fd.jpg/250x188.webp,9100,39.90739495574749,4451,11
440ca4eb-e14e-4664-9c10-5900e57b6d23,Renault,Laguna,Berline,PrivateSeller,3850,d,194000,09-2010,https://prod.pictures.autoscout24.net/listing-images/440ca4eb-e14e-4664-9c10-5900e57b6d23_cd3c2c91-6483-4903-9750-6c9df6aa800a.jpg/250x188.webp,2020,27.94913546724415,4481,12
75d526fa-4616-43e3-934e-9d738a04019e,Renault,Megane,Berline,Dealer,3850,d,295000,08-2013,https://prod.pictures.autoscout24.net/listing-images/75d526fa-4616-43e3-934e-9d738a04019e_0254df20-2f60-41c1-998d-a3c2a02c6055.jpg/250x188.webp,5140,104.85389989976589,3416,16
c715eaab-dfce-4c5a-98d0-0c2821a27846,Renault,Kangoo,Monovolume,Dealer,3850,d,40286,11-2010,https://prod.pictures.autoscout24.net/listing-images/c715eaab-dfce-4c5a-98d0-0c2821a27846_7875bd8c-9ae5-4a9d-8e49-1e3b1fd0a893.jpg/250x188.webp,2610,33.817501233272104,4420,64
d11ce708-b131-4bd7-bfaf-0f9b746f833e,Renault,Kangoo,Monovolume,Dealer,3850,d,124609,09-2011,https://prod.pictures.autoscout24.net/listing-images/d11ce708-b131-4bd7-bfaf-0f9b746f833e_1d7e4147-3fd0-4fe4-a795-75051b417457.jpg/250x188.webp,2610,33.817501233272104,4116,69
ef9f6047-cb54-41e6-bb4f-b396bea26ae5,Renault,Modus,Monovolume,Dealer,3850,b,134000,03-2009,https://prod.pictures.autoscout24.net/listing-images/ef9f6047-cb54-41e6-bb4f-b396bea26ae5_f6a7e30b-da68-4423-a538-e770ef273bad.jpg/250x188.webp,1600,78.61296004280759,5030,80
53d9d505-78b7-49c6-9cfd-26fc25c44ba0,Renault,Clio,Berline,PrivateSeller,3850,d,133000,09-2010,https://prod.pictures.autoscout24.net/listing-images/53d9d505-78b7-49c6-9cfd-26fc25c44ba0_892cb0b7-73fe-491c-8680-d754fe70e9d1.jpg/250x188.webp,6200,119.77990387531518,4481,80
23ca86b6-0d23-4b6f-934b-f601974a122a,Renault,Kangoo,Bestelwagen,PrivateSeller,3880,d,140000,11-2010,https://prod.pictures.autoscout24.net/listing-images/23ca86b6-0d23-4b6f-934b-f601974a122a_dd0f000c-6251-4206-bf8a-de91bb7aa4ef.jpg/250x188.webp,1090,66.80320352454842,4420,30
49956b39-0f94-4462-9500-293606f9ddcd,Renault,Twingo,Berline,Dealer,3890,b,100000,12-2010,https://prod.pictures.autoscout24.net/listing-images/49956b39-0f94-4462-9500-293606f9ddcd_8c7712b9-87b8-49d9-a8c0-8ff5b217d323.jpg/250x188.webp,3530,79.7065029526959,4390,84
5c2c5f55-4cf2-46e3-b5fe-294b1cc769a4,Renault,Clio,Berline,Dealer,3890,b,96409,03-2006,https://prod.pictures.autoscout24.net/listing-images/5c2c5f55-4cf2-46e3-b5fe-294b1cc769a4_f2ab4249-6318-468e-82b5-03e14e3c16f0.jpg/250x188.webp,1500,83.25423672184138,6126,96
d729512d-0623-496d-aba1-523c7ffe0cf6,Renault,Twingo,Berline,Dealer,3899,b,142704,10-2008,https://prod.pictures.autoscout24.net/listing-images/d729512d-0623-496d-aba1-523c7ffe0cf6_0db0e2f5-ba3d-418a-9f98-9c92e8dbf161.jpg/250x188.webp,5555,177.90865712825092,5181,12
640aac3e-3ac1-4e54-9535-5c0e40e71495,Renault,Twingo,Berline,Dealer,3900,b,112291,10-2003,https://prod.pictures.autoscout24.net/listing-images/640aac3e-3ac1-4e54-9535-5c0e40e71495_44f26d5b-14a6-4741-8937-7259bb2f8830.jpg/250x188.webp,9050,69.04356445356942,7008,28
23fac7e8-1ce0-45fd-a949-652d34d927d7,Renault,Clio,Berline,PrivateSeller,3900,d,173000,03-2012,https://prod.pictures.autoscout24.net/listing-images/23fac7e8-1ce0-45fd-a949-652d34d927d7_42d85f7c-3397-47ae-b138-74dfbef0e997.jpg/250x188.webp,7700,118.9523807230755,3934,5
1c3e4451-17d5-4cd7-803c-07a3883cfc37,Renault,Clio,Break,Dealer,3900,d,145000,01-2008,https://prod.pictures.autoscout24.net/listing-images/1c3e4451-17d5-4cd7-803c-07a3883cfc37_4c9f14af-7c56-40f5-bf4a-7f726133aaaa.jpg/250x188.webp,6700,222.44484417522085,5455,5
c733adf0-a02d-426a-a397-99e9436093a8,Renault,Megane,Cabriolet,PrivateSeller,3900,d,154000,06-2007,https://prod.pictures.autoscout24.net/listing-images/c733adf0-a02d-426a-a397-99e9436093a8_7a0cbaa5-1235-4af5-b567-39dec9c0b010.jpg/250x188.webp,1150,68.48425146100755,5669,7
20f280aa-98a5-4d92-bf48-886aa87e0b5f,Renault,Modus,Monovolume,Dealer,3900,d,200000,10-2012,https://prod.pictures.autoscout24.net/listing-images/20f280aa-98a5-4d92-bf48-886aa87e0b5f_273dbedf-64b1-4ed0-9424-4c726d2f6dc4.jpg/250x188.webp,8791,102.62748120507626,3720,15
faeebee9-15a3-47eb-95e8-078c28819e84,Renault,Clio,Berline,Dealer,3900,d,198000,01-2012,https://prod.pictures.autoscout24.net/listing-images/faeebee9-15a3-47eb-95e8-078c28819e84_aaf33e30-48fa-4390-97f4-d672a7be502f.jpg/250x188.webp,6700,222.44484417522085,3994,15
6df6918b-5d67-4115-8764-9e12b294bb61,Renault,Twingo,Berline,Dealer,3900,b,112291,10-2003,https://prod.pictures.autoscout24.net/listing-images/6df6918b-5d67-4115-8764-9e12b294bb61_a4ba3cd2-a22a-4dc3-ac49-8ebfa6be7e64.jpg/250x188.webp,9050,69.04356445356942,7008,25
1285f172-5923-4db8-bc81-fa3f1066b046,Renault,Scenic,Monovolume,PrivateSeller,3900,d,211836,09-2011,https://prod.pictures.autoscout24.net/listing-images/1285f172-5923-4db8-bc81-fa3f1066b046_930b2859-aac0-45aa-9357-9ce119e8495d.jpg/250x188.webp,2800,49.170515286575046,4116,55
437595ea-6511-4b88-bb67-c4a63d34d757,Renault,Clio,Berline,PrivateSeller,3900,b,188000,09-2011,https://prod.pictures.autoscout24.net/listing-images/437595ea-6511-4b88-bb67-c4a63d34d757_a1526b73-011d-4a1e-9e5d-bf09a77f9a02.jpg/250x188.webp,4920,138.78209404804628,4116,89
27be0ccd-46fc-4752-a12f-7e9703f7f473,Renault,Twizy,Berline,PrivateSeller,3900,e,70400,02-2015,https://prod.pictures.autoscout24.net/listing-images/27be0ccd-46fc-4752-a12f-7e9703f7f473_c0ee834e-1eab-487c-9337-6fce97565adf.jpg/250x188.webp,4710,138.55074659169972,2867,140
12e846d2-4f50-47a0-8fc9-09ceb9e659c9,Renault,Laguna,Break,Dealer,3900,d,193400,02-2010,https://prod.pictures.autoscout24.net/listing-images/12e846d2-4f50-47a0-8fc9-09ceb9e659c9_0ffeef58-6c73-48dd-904c-53424bc71478.jpg/250x188.webp,3270,64.63308240631308,4693,185
07e56812-54bf-4169-9021-72b16a5a279a,Renault,Clio,Berline,Dealer,3950,b,93350,12-2008,https://prod.pictures.autoscout24.net/listing-images/07e56812-54bf-4169-9021-72b16a5a279a_094505b8-f7d8-4c1c-a39a-dc726e017567.jpg/250x188.webp,1435,92.05272108116279,5120,2
b7b974b9-c3ec-4da4-8237-b9ebb1ddd078,Renault,Laguna,Berline,Dealer,3950,d,179000,03-2008,https://prod.pictures.autoscout24.net/listing-images/b7b974b9-c3ec-4da4-8237-b9ebb1ddd078_80164673-c6c9-4ed3-b545-413f962fafb6.jpg/250x188.webp,6061,117.55452099458994,5395,7
5b09e41c-7e21-44b2-8730-dbcdebf94bbd,Renault,Clio,Berline,Dealer,3950,b,116982,04-2006,https://prod.pictures.autoscout24.net/listing-images/5b09e41c-7e21-44b2-8730-dbcdebf94bbd_b25344cd-448e-490c-9d44-56b099526f23.jpg/250x188.webp,6250,115.60596353389253,6095,9
7f0dde1e-7077-4f30-a8c8-6db87fa1389f,Renault,Laguna,Berline,PrivateSeller,3950,d,193500,10-2010,https://prod.pictures.autoscout24.net/listing-images/7f0dde1e-7077-4f30-a8c8-6db87fa1389f_c691bec6-8fb2-4e57-b675-7c729bc7c734.jpg/250x188.webp,2020,27.94913546724415,4451,30
c4f02d63-f914-4f03-b8af-2b52e7f77951,Renault,Megane,Coupé,Dealer,3950,d,214000,03-2010,https://prod.pictures.autoscout24.net/listing-images/c4f02d63-f914-4f03-b8af-2b52e7f77951_cdd5e990-0fa7-4241-a1e3-89d67c86df7f.jpg/250x188.webp,1410,83.89428081314767,4665,13
ff1b2934-73ca-43dc-8d6c-93ac48fe0592,Renault,Megane,Cabriolet,PrivateSeller,3950,d,159000,03-2008,https://prod.pictures.autoscout24.net/listing-images/ff1b2934-73ca-43dc-8d6c-93ac48fe0592_bdfc7163-b0cb-4c32-a69c-32c194170d2e.jpg/250x188.webp,8530,105.8653486907627,5395,19
a8aee83e-3a94-4435-a2ba-c7ce6679e4ff,Renault,Grand Scenic,Monovolume,PrivateSeller,3950,d,229500,01-2011,https://prod.pictures.autoscout24.net/listing-images/a8aee83e-3a94-4435-a2ba-c7ce6679e4ff_750972b6-adf5-4e0e-8a01-1bf263d23aec.jpg/250x188.webp,3640,93.71016005030347,4359,43
387e6cc8-7115-444c-9193-f935e7691e98,Renault,Clio,Bestelwagen,Dealer,3950,d,180000,11-2011,https://prod.pictures.autoscout24.net/listing-images/387e6cc8-7115-444c-9193-f935e7691e98_61047830-1565-43c0-b5fe-5511e220f32d.jpg/250x188.webp,8810,103.74128727041406,4055,51
35bdaf4e-3493-4ec8-900d-e70ad8aca644,Renault,Laguna,Break,PrivateSeller,3950,d,193000,07-2008,https://prod.pictures.autoscout24.net/listing-images/35bdaf4e-3493-4ec8-900d-e70ad8aca644_c60af0d4-58de-407a-a43c-a3d4ee9693f0.jpg/250x188.webp,1140,66.17447866127165,5273,77
8c95a54c-fb03-4adb-b31c-1ec9eedc3307,Renault,Clio,Berline,PrivateSeller,3950,b,112951,08-2010,https://prod.pictures.autoscout24.net/listing-images/8c95a54c-fb03-4adb-b31c-1ec9eedc3307_d6e275b7-d690-4fd9-a162-f082195fa92c.jpg/250x188.webp,9150,35.01618584808545,4512,81
126fdc9f-2e07-483f-8935-978e5d4d4c44,Renault,Kangoo,Bestelwagen,Dealer,3950,d,160000,10-2009,https://prod.pictures.autoscout24.net/listing-images/126fdc9f-2e07-483f-8935-978e5d4d4c44_1ca70ee1-5846-4865-99dd-7d9cff0dc2a0.jpg/250x188.webp,8800,107.24415982689398,4816,90
6122b08f-52f9-4146-ae41-e498eace163e,Renault,Scenic,Monovolume,Dealer,3950,b,98000,09-2004,https://prod.pictures.autoscout24.net/listing-images/6122b08f-52f9-4146-ae41-e498eace163e_02a6caef-bc4d-4247-9ffd-846c1a9cc240.jpg/250x188.webp,1601,76.3100421089918,6672,339
3292e2c3-6ad6-424f-a29d-a64ca9556f86,Renault,Laguna,Break,Dealer,3950,d,179000,01-2010,https://prod.pictures.autoscout24.net/listing-images/3292e2c3-6ad6-424f-a29d-a64ca9556f86_1bf22bbd-3c95-4525-8dcf-a59fb74072e5.jpg/250x188.webp,1750,76.75328563765976,4724,404
a9ce20e5-6984-467c-b315-59eadf4c49c5,Renault,Grand Scenic,Monovolume,PrivateSeller,3980,d,159000,10-2009,https://prod.pictures.autoscout24.net/listing-images/a9ce20e5-6984-467c-b315-59eadf4c49c5_ef9e63f4-6636-4b83-8263-8a841fb96cab.jpg/250x188.webp,4140,136.87640052875136,4816,72
3f8fd88f-510d-440a-8b1e-fc1446ee1285,Renault,Master,Bestelwagen,Dealer,3990,d,244000,01-1999,https://prod.pictures.autoscout24.net/listing-images/3f8fd88f-510d-440a-8b1e-fc1446ee1285_4fd7fdc1-5878-4322-8282-6875d8f9abec.jpg/250x188.webp,6061,117.55452099458994,8742,5
97b3db0a-d68b-4804-b2d6-e6a57b318230,Renault,Clio,Bestelwagen,Dealer,3990,d,193600,03-2012,https://prod.pictures.autoscout24.net/listing-images/97b3db0a-d68b-4804-b2d6-e6a57b318230_2c30e9e2-1bb0-4a9e-860c-ddd96902cff4.jpg/250x188.webp,4020,121.60247278825214,3934,14
09b754bd-b7f7-4bb3-bebd-54b8b9d7885e,Renault,Laguna,Break,Dealer,3990,d,180463,10-2011,https://prod.pictures.autoscout24.net/listing-images/09b754bd-b7f7-4bb3-bebd-54b8b9d7885e_97b1d753-1950-4643-b2dd-6510a52e1369.jpg/250x188.webp,7000,118.39471915054493,4086,33
61eb0cde-c394-491a-8843-3a9d6afa9625,Renault,Espace,Monovolume,PrivateSeller,3990,d,170000,01-2009,https://prod.pictures.autoscout24.net/listing-images/61eb0cde-c394-491a-8843-3a9d6afa9625_53094cf2-926c-41c2-aab3-c6a19e97ce1a.jpg/250x188.webp,1480,90.6722887329444,5089,62
6297a8a5-ae51-4fdb-86f2-fed85605ab04,Renault,Clio,Berline,Dealer,3990,b,148000,04-2009,https://prod.pictures.autoscout24.net/listing-images/6297a8a5-ae51-4fdb-86f2-fed85605ab04_ceb7fd82-8fd6-4315-9938-66352d6eb068.jpg/250x188.webp,4020,121.60247278825214,4999,71
47c7df35-bede-4406-8926-c811159d75ff,Renault,Clio,Berline,Dealer,3990,b,45000,01-2004,https://prod.pictures.autoscout24.net/listing-images/47c7df35-bede-4406-8926-c811159d75ff_8563408c-afb0-4e77-9078-250f57b62d8d.jpg/250x188.webp,9150,35.01618584808545,6916,238
c11f465f-4d94-4b01-b095-de3aff0270c8,Renault,Super 5,Stadswagen,Dealer,3990,b,63500,09-1985,https://prod.pictures.autoscout24.net/listing-images/c11f465f-4d94-4b01-b095-de3aff0270c8_faac189a-2d30-4767-9080-a60a262bb090.jpg/250x188.webp,9150,35.01618584808545,13612,835
612b38cf-e840-4ff1-8d01-bf11d371c195,Renault,Trafic,Bestelwagen,Dealer,3995,d,300000,12-2002,https://prod.pictures.autoscout24.net/listing-images/612b38cf-e840-4ff1-8d01-bf11d371c195_86d2842f-0194-4b9b-8916-bbea83ad3eec.jpg/250x188.webp,3202,62.33429455663499,7312,2
c45663b6-1de3-4810-955e-07521f8814a9,Renault,Megane,Berline,Dealer,3999,d,204000,03-2010,https://prod.pictures.autoscout24.net/listing-images/c45663b6-1de3-4810-955e-07521f8814a9_af4f494a-c77e-4707-af8f-68d08d0c79d2.jpg/250x188.webp,1910,61.06717284299515,4665,0
df60b42a-cdfa-44fe-b1fa-245cba136860,Renault,Clio,Break,Dealer,3999,b,167990,05-2008,https://prod.pictures.autoscout24.net/listing-images/df60b42a-cdfa-44fe-b1fa-245cba136860_8438eaa9-5daf-4970-8811-902335da1507.jpg/250x188.webp,7000,118.39471915054493,5334,10
6f77339d-ca7c-460b-9387-7583ca814c53,Renault,Twingo,Berline,PrivateSeller,3999,b,106000,09-2011,https://prod.pictures.autoscout24.net/listing-images/6f77339d-ca7c-460b-9387-7583ca814c53_833cbb51-9492-4eb5-b177-6594cdb94834.jpg/250x188.webp,2840,43.35213990196281,4116,17
bdfa0df3-ea79-48a9-91d4-16b02f0beae9,Renault,Modus,Stadswagen,Dealer,3999,b,123485,04-2010,https://prod.pictures.autoscout24.net/listing-images/bdfa0df3-ea79-48a9-91d4-16b02f0beae9_bf9ad395-718e-47c2-b7bc-eaddd77faa5d.jpg/250x188.webp,8520,107.45339579517565,4634,23
57189aa6-c1b3-4df3-a163-06bbae730aaf,Renault,Twingo,Berline,Dealer,3999,b,100701,03-2008,https://prod.pictures.autoscout24.net/listing-images/57189aa6-c1b3-4df3-a163-06bbae730aaf_ee12fc95-05f0-4936-a549-7d9a417b1a55.jpg/250x188.webp,1480,90.6722887329444,5395,25
fe66e4eb-317b-4aa0-971a-894f7aae17b4,Renault,R 19,Cabriolet,Dealer,3999,b,163000,03-1993,https://prod.pictures.autoscout24.net/listing-images/fe66e4eb-317b-4aa0-971a-894f7aae17b4_bc52c122-fc05-4663-b1cf-80435eee659a.jpg/250x188.webp,2930,19.7117884178022,10874,52
f29028a5-d1be-4ce9-859f-9503405bb4b4,Renault,Grand Modus,Monovolume,Dealer,3999,d,152000,10-2012,https://prod.pictures.autoscout24.net/listing-images/f29028a5-d1be-4ce9-859f-9503405bb4b4_b2762bf4-c0ce-4775-9cae-fae428de2051.jpg/250x188.webp,8791,102.62748120507626,3720,57
9b208b9a-d2c8-4950-9669-ce0a86e36ac4,Renault,Laguna,Berline,Dealer,3999,d,206988,05-2014,https://prod.pictures.autoscout24.net/listing-images/9b208b9a-d2c8-4950-9669-ce0a86e36ac4_43e87bbb-890b-4275-a25b-c731a92a088f.jpg/250x188.webp,1400,97.35176357549375,3143,63
a5c1b8d5-ef5b-4e71-a659-8303629d5a2c,Renault,R 19,Berline,Dealer,3999,b,34000,06-1989,https://prod.pictures.autoscout24.net/listing-images/a5c1b8d5-ef5b-4e71-a659-8303629d5a2c_f3d8506f-19b0-4c79-8f5b-80e9e5e2a4cd.jpg/250x188.webp,6700,222.44484417522085,12243,447
daaa6992-1a02-42d9-88d0-ac310662e011,Renault,,Berline,Dealer,3999,b,45000,07-1963,https://prod.pictures.autoscout24.net/listing-images/daaa6992-1a02-42d9-88d0-ac310662e011_f0192535-0f0a-4aa5-a152-f32728acec26.jpg/250x188.webp,8791,102.62748120507626,21710,782
db3f7c70-9dcb-4baf-9f78-48075e458b79,Renault,Safrane,Berline,Dealer,4000,b,150000,10-1999,https://prod.pictures.autoscout24.net/listing-images/db3f7c70-9dcb-4baf-9f78-48075e458b79_cb0176fc-6721-4843-a4ce-d20ddfc1eac0.jpg/250x188.webp,4100,122.70999344916741,8469,111
d1a321bb-dd76-4c49-9e56-5a361f008a5c,Renault,Kangoo,Bestelwagen,Dealer,4000,d,500000,12-2015,https://prod.pictures.autoscout24.net/listing-images/d1a321bb-dd76-4c49-9e56-5a361f008a5c_ee1dd8f7-54f8-4a9e-9505-3caf9a76e719.jpg/250x188.webp,1080,69.57979227671277,2564,2
014a4007-8d4a-47f0-a8aa-d2e387772204,Renault,Master,Bestelwagen,PrivateSeller,4000,d,282000,03-2008,https://prod.pictures.autoscout24.net/listing-images/014a4007-8d4a-47f0-a8aa-d2e387772204_66796cea-ed1c-4728-b9a6-bb435c194914.jpg/250x188.webp,5190,108.63324346377956,5395,9
916120c8-92c6-4072-b584-94b24b5fabb0,Renault,Scenic,Monovolume,PrivateSeller,4000,b,150700,01-2009,https://prod.pictures.autoscout24.net/listing-images/916120c8-92c6-4072-b584-94b24b5fabb0_fb067fff-ff53-4aaa-bc49-a0673b5c38f8.jpg/250x188.webp,1070,71.06367211068877,5089,9
997dfa7a-af2b-459c-957b-32f5a7ff7734,Renault,Megane,Cabriolet,PrivateSeller,4000,b,223000,05-2009,https://prod.pictures.autoscout24.net/listing-images/997dfa7a-af2b-459c-957b-32f5a7ff7734_6dc8b86a-a50f-4d47-a262-77fd915e0fd8.jpg/250x188.webp,1030,66.85598932704684,4969,13
ec8bda68-bd2d-4773-a58c-a4db9adc56a2,Renault,Scenic,Monovolume,PrivateSeller,4000,d,202414,10-2011,https://prod.pictures.autoscout24.net/listing-images/ec8bda68-bd2d-4773-a58c-a4db9adc56a2_aa71fb36-4f0a-467d-a2cb-54de42577ef8.jpg/250x188.webp,7973,119.5717540875148,4086,15
ad79c755-fa35-4aae-a673-d7cbc26ced6c,Renault,Laguna,Berline,PrivateSeller,4000,d,54000,04-2004,https://prod.pictures.autoscout24.net/listing-images/ad79c755-fa35-4aae-a673-d7cbc26ced6c_baa3581e-e174-4b90-abf1-99b8d678bb39.jpg/250x188.webp,5600,141.55185821596254,6825,23
5ba868dc-2442-4ff9-901c-9e479adb04b8,Renault,Grand Scenic,Break,PrivateSeller,4000,d,174000,07-2006,https://prod.pictures.autoscout24.net/listing-images/5ba868dc-2442-4ff9-901c-9e479adb04b8_90384493-ac42-4dad-8e23-1329ce6ecc39.jpg/250x188.webp,1420,87.49639779077864,6004,28
f5cff58b-a690-438a-a946-62da519b266e,Renault,Megane,Break,PrivateSeller,4000,d,273000,12-2011,https://prod.pictures.autoscout24.net/listing-images/f5cff58b-a690-438a-a946-62da519b266e_06b1cdd3-f597-49d7-938b-6dff694c2f17.jpg/250x188.webp,9550,79.58604301591988,4025,36
a4fcade7-4788-452b-b7bf-6a06d6390fd6,Renault,R 4,Andere,PrivateSeller,4000,b,243500,03-1981,https://prod.pictures.autoscout24.net/listing-images/a4fcade7-4788-452b-b7bf-6a06d6390fd6_cf0c379f-07ed-4d83-8f04-a3c048036d1d.jpg/250x188.webp,4000,118.53949006185148,15257,40
014dfe63-b2db-4546-8c16-2cf4a44cef7c,Renault,R 9,Berline,PrivateSeller,4000,b,96161,05-1988,https://prod.pictures.autoscout24.net/listing-images/014dfe63-b2db-4546-8c16-2cf4a44cef7c_d6f093d3-4cc1-480d-bd98-4b72ec53006b.jpg/250x188.webp,4020,121.60247278825214,12639,48
7ad2f6fb-f1fc-4d8a-8392-db49246352a2,Renault,Clio,Andere,PrivateSeller,4000,b,53000,10-2005,https://prod.pictures.autoscout24.net/listing-images/7ad2f6fb-f1fc-4d8a-8392-db49246352a2_0596ebf2-6538-48a3-9de4-de6f7a32ae91.jpg/250x188.webp,1050,70.92422613330518,6277,55
95b8f3fc-5139-482b-846b-453cab234294,Renault,Clio,Andere,PrivateSeller,4000,b,109000,10-2012,https://prod.pictures.autoscout24.net/listing-images/95b8f3fc-5139-482b-846b-453cab234294_3ee48b15-d36a-4c8a-b965-610cc1833ac6.jpg/250x188.webp,9041,63.47611690682108,3720,68
da3579a4-ff7e-4b3a-b44b-46c5ee02473b,Renault,Twingo,Stadswagen,PrivateSeller,4000,b,98000,02-2012,https://prod.pictures.autoscout24.net/listing-images/da3579a4-ff7e-4b3a-b44b-46c5ee02473b_eba2453f-4730-452c-b1f9-c44d63c128d2.jpg/250x188.webp,4630,129.1452608018519,3963,92
b8276807-7da7-40aa-aa24-e112cebfd972,Renault,Laguna,Berline,PrivateSeller,4000,d,131000,03-2008,https://prod.pictures.autoscout24.net/listing-images/b8276807-7da7-40aa-aa24-e112cebfd972_516f468c-0b80-495a-b6c9-d6f5ce585773.jpg/250x188.webp,7387,133.5272895412881,5395,96
e81a6fe8-5e8d-4b37-a877-1251cd40b23d,Renault,Clio,Berline,PrivateSeller,4000,d,140000,08-2011,https://prod.pictures.autoscout24.net/listing-images/e81a6fe8-5e8d-4b37-a877-1251cd40b23d_9563228a-67d5-4e19-a720-20885d4804c9.jpg/250x188.webp,5002,113.22503086685693,4147,109
74a1843e-4cba-4869-8b77-b31f2c70f7e2,Renault,Clio,Berline,PrivateSeller,4000,b,160000,01-2007,https://prod.pictures.autoscout24.net/listing-images/74a1843e-4cba-4869-8b77-b31f2c70f7e2_2e9494ff-e59b-4fb5-a0ba-2aecf091b2f2.jpg/250x188.webp,4960,157.83179397169627,5820,115
20027196-81e4-4483-98cb-2fea262a7b29,Renault,Laguna,Berline,PrivateSeller,4000,b,170000,08-2005,https://prod.pictures.autoscout24.net/listing-images/20027196-81e4-4483-98cb-2fea262a7b29_93750bb8-f490-4826-a9bc-e6f8c5d63ef8.jpg/250x188.webp,9160,52.83263590517851,6338,123
582c6c13-39f3-4706-848e-81257c62bf6e,Renault,Grand Scenic,Break,PrivateSeller,4000,d,212000,03-2008,https://prod.pictures.autoscout24.net/listing-images/582c6c13-39f3-4706-848e-81257c62bf6e_a641cd75-739c-4736-9f78-f9d3da5cc140.jpg/250x188.webp,4000,118.53949006185148,5395,171
a7ad0f50-a2c9-45bf-9d9d-5f5c958657ab,Renault,Megane,Berline,PrivateSeller,4000,b,75316,05-2004,https://prod.pictures.autoscout24.net/listing-images/a7ad0f50-a2c9-45bf-9d9d-5f5c958657ab_bb9c7067-49d4-43c1-9a3a-19dd95f191ff.jpg/250x188.webp,4280,100.603559971339,6795,231
3dd3b017-3123-45f4-adaf-309024cc361b,Renault,Clio,Berline,Dealer,4000,d,160950,01-2011,https://prod.pictures.autoscout24.net/listing-images/3dd3b017-3123-45f4-adaf-309024cc361b_b4388c59-c712-48f0-9cea-c59ef6a0fa05.jpg/250x188.webp,1080,69.57979227671277,4359,307
0f7a960f-11a9-4da7-94d3-1a94882328c6,Renault,Clio,Berline,PrivateSeller,4100,b,158742,05-2006,https://prod.pictures.autoscout24.net/listing-images/0f7a960f-11a9-4da7-94d3-1a94882328c6_644e5ccd-100b-41e8-af24-2107f2730af6.jpg/250x188.webp,1040,70.85448790939559,6065,1
c1539500-8563-4260-9504-f080ceee4bf1,Renault,Twingo,Berline,PrivateSeller,4100,b,64200,11-2008,https://prod.pictures.autoscout24.net/listing-images/c1539500-8563-4260-9504-f080ceee4bf1_4f636c67-9bfb-4e5d-bd13-f1352d33f917.jpg/250x188.webp,6200,119.77990387531518,5150,1
8e0155c6-3f9f-4c06-8b13-5752e391ff5f,Renault,Megane,Berline,PrivateSeller,4100,d,143000,12-2009,https://prod.pictures.autoscout24.net/listing-images/8e0155c6-3f9f-4c06-8b13-5752e391ff5f_bc18faf4-e311-4abd-a2bd-d0116d12db53.jpg/250x188.webp,4610,126.04959809806367,4755,20
3759091d-48bc-4978-a7a9-8fbd2a1b94b0,Renault,Clio,Berline,PrivateSeller,4200,d,69000,05-2011,https://prod.pictures.autoscout24.net/listing-images/3759091d-48bc-4978-a7a9-8fbd2a1b94b0_ac09ee4b-8be5-49bf-89cb-2431d4f32c57.jpg/250x188.webp,2600,30.98226947130947,4239,1
9968f44e-288c-4c40-953f-4080c92ce336,Renault,Clio,Berline,Dealer,4200,d,92000,09-2011,https://prod.pictures.autoscout24.net/listing-images/9968f44e-288c-4c40-953f-4080c92ce336_bc01ad4f-e5be-4b34-a033-8027b7b07ec5.jpg/250x188.webp,1750,76.75328563765976,4116,2
713db6a9-f74b-4c0c-b8df-5b2b8b623d42,Renault,Fluence,Berline,PrivateSeller,4200,d,224000,03-2011,https://prod.pictures.autoscout24.net/listing-images/713db6a9-f74b-4c0c-b8df-5b2b8b623d42_036de9d7-0a54-4c33-b381-a8bff929b2d2.jpg/250x188.webp,4420,117.69595814517041,4300,15
70390cdd-1bae-46d6-946b-e0e253cf27da,Renault,Megane,Cabriolet,PrivateSeller,4200,d,210000,10-2010,https://prod.pictures.autoscout24.net/listing-images/70390cdd-1bae-46d6-946b-e0e253cf27da_b8841130-9cd4-4213-a9e7-91676a499daa.jpg/250x188.webp,3090,77.24958296507762,4451,18
ab98fb13-a64d-4f91-92c7-4803be768327,Renault,Scenic,Monovolume,Dealer,4200,d,176741,03-2010,https://prod.pictures.autoscout24.net/listing-images/ab98fb13-a64d-4f91-92c7-4803be768327_7589098a-d35c-4841-b579-933f71a01f99.jpg/250x188.webp,8880,113.05181262649485,4665,43
0080eb4b-6f24-4531-9656-9a43a8c85b19,Renault,Kangoo,Bestelwagen,PrivateSeller,4200,d,135855,02-2011,https://prod.pictures.autoscout24.net/listing-images/0080eb4b-6f24-4531-9656-9a43a8c85b19_12027edb-b50f-4423-b860-f1101688b171.jpg/250x188.webp,7700,118.9523807230755,4328,47
954c5b10-cb68-4e46-995d-7a95852f43a9,Renault,Clio,Andere,PrivateSeller,4200,b,83500,04-2002,https://prod.pictures.autoscout24.net/listing-images/954c5b10-cb68-4e46-995d-7a95852f43a9_96adcad6-841d-4498-8d75-33504c4c651a.jpg/250x188.webp,1210,68.61361841336421,7556,64
503a588b-2b1e-4cf3-9e45-a40108d9cbd2,Renault,Kangoo,Andere,Dealer,4200,d,70000,06-2011,https://prod.pictures.autoscout24.net/listing-images/503a588b-2b1e-4cf3-9e45-a40108d9cbd2_e2afdb25-5d86-4206-a848-a8f91060910b.jpg/250x188.webp,1840,54.29299877782283,4208,61
67208b44-1807-4e3c-a655-e56e6a35e898,Renault,Kangoo,Andere,PrivateSeller,4200,d,135855,02-2011,https://prod.pictures.autoscout24.net/listing-images/67208b44-1807-4e3c-a655-e56e6a35e898_a83b5ac5-98e6-4c80-b1b0-a1a341649f90.jpg/250x188.webp,7700,118.9523807230755,4328,71
ef5d425f-3bdc-4a16-a266-9cac92b80ff1,Renault,Trafic,Monovolume,PrivateSeller,4200,d,350000,11-2006,https://prod.pictures.autoscout24.net/listing-images/ef5d425f-3bdc-4a16-a266-9cac92b80ff1_ab3033f8-82b1-49a8-a869-a3610960be56.jpg/250x188.webp,4040,120.39133917274062,5881,72
adbfda5c-5b3a-438b-8460-cd69271a8bcf,Renault,Twingo,Berline,Dealer,4200,b,92870,11-2007,https://prod.pictures.autoscout24.net/listing-images/adbfda5c-5b3a-438b-8460-cd69271a8bcf_f6cc1723-602f-48b3-a148-e0139cd96a54.jpg/250x188.webp,5140,104.85389989976589,5516,129
fce365b4-0c72-44ed-a606-e50114aa7397,Renault,Megane,Berline,PrivateSeller,4200,d,192000,10-2011,https://prod.pictures.autoscout24.net/listing-images/fce365b4-0c72-44ed-a606-e50114aa7397_ab889082-aed9-44d7-88e7-635b7a8a2223.jpg/250x188.webp,5060,116.00750129472273,4086,157
88651e2f-3fd7-45bd-8485-1aa0cdbb3209,Renault,Twingo,Berline,Dealer,4250,b,161416,04-2007,https://prod.pictures.autoscout24.net/listing-images/88651e2f-3fd7-45bd-8485-1aa0cdbb3209_e6aea6fd-742e-42d8-9d3f-6ee70b0b0212.jpg/250x188.webp,6140,118.16906783395082,5730,3
b3073516-2375-4cfe-a48d-102617b4d81d,Renault,Megane,Berline,Dealer,4250,d,202000,11-2010,https://prod.pictures.autoscout24.net/listing-images/b3073516-2375-4cfe-a48d-102617b4d81d_ad38ad02-8181-4457-bdc2-9a8144eaf0cd.jpg/250x188.webp,7370,128.14216834969352,4420,3
7563efa0-87af-4878-bbad-201811c901a9,Renault,Megane,Break,Dealer,4250,b,89500,08-2008,https://prod.pictures.autoscout24.net/listing-images/7563efa0-87af-4878-bbad-201811c901a9_1b1350dd-ca17-42a7-9d91-dd2ea9c3c18a.jpg/250x188.webp,5500,136.40807183238792,5242,11
f737f916-7203-4f2a-9619-ae06130b7683,Renault,Trafic,Bestelwagen,Dealer,4250,d,270000,11-2010,https://prod.pictures.autoscout24.net/listing-images/f737f916-7203-4f2a-9619-ae06130b7683_857f5107-0df9-4e32-a6d4-859a483c3d30.jpg/250x188.webp,3381,72.94041919271088,4420,18
026dad98-352f-4701-9bc6-861aef6cf403,Renault,Scenic,Monovolume,Dealer,4250,d,194000,08-2010,https://prod.pictures.autoscout24.net/listing-images/026dad98-352f-4701-9bc6-861aef6cf403_978a37c3-9fff-4434-a945-300093f153fb.jpg/250x188.webp,1840,54.29299877782283,4512,83
0f1f043f-d422-468e-9e33-a695fbcba1cc,Renault,Clio,Break,PrivateSeller,4250,d,183654,03-2011,https://prod.pictures.autoscout24.net/listing-images/0f1f043f-d422-468e-9e33-a695fbcba1cc_d20aacc7-c10a-432c-9d77-6bb16131e7f2.jpg/250x188.webp,5543,147.24660121801412,4300,97
7784abdd-ad9a-4803-a772-a7a9dc131a79,Renault,Megane,Berline,PrivateSeller,4300,d,188000,04-2011,https://prod.pictures.autoscout24.net/listing-images/7784abdd-ad9a-4803-a772-a7a9dc131a79_b8200ac6-04f5-461e-a3fd-52407a48285f.jpg/250x188.webp,4890,132.97498356216713,4269,1
c51c4d69-b7d2-4ed0-97cc-04411fc0049c,Renault,Clio,Berline,PrivateSeller,4300,d,120601,04-2007,https://prod.pictures.autoscout24.net/listing-images/c51c4d69-b7d2-4ed0-97cc-04411fc0049c_5f346f94-5c00-42e4-94ab-68b77524f01b.jpg/250x188.webp,3400,85.59161669525486,5730,50
4c4a6110-efd7-4727-86ea-8d151afa48d6,Renault,Kangoo,Monovolume,Dealer,4300,d,208000,05-2000,https://prod.pictures.autoscout24.net/listing-images/4c4a6110-efd7-4727-86ea-8d151afa48d6_b5ec8bd3-8cef-4f75-a2c9-d6287840d0b8.jpg/250x188.webp,3500,86.84432103923942,8256,484
b30ab2cd-c378-4d91-a8e2-2c79652d1169,Renault,Clio,Berline,Dealer,4350,b,98225,07-2006,https://prod.pictures.autoscout24.net/listing-images/b30ab2cd-c378-4d91-a8e2-2c79652d1169_2eba1984-7a25-424a-adbf-d21fc0e6e645.jpg/250x188.webp,2110,26.910904850539477,6004,39
1dc607d1-9195-4bb6-aecd-80cc9f9d5297,Renault,Clio,Berline,PrivateSeller,4350,b,162000,06-2007,https://prod.pictures.autoscout24.net/listing-images/1dc607d1-9195-4bb6-aecd-80cc9f9d5297_80adffd8-b7ea-41ee-ad2f-392dfa9be351.jpg/250x188.webp,2040,28.209668858342965,5669,71
664964ee-5173-4c5e-9c1d-999273f324d2,Renault,Twingo,Berline,PrivateSeller,4350,d,167000,05-2013,https://prod.pictures.autoscout24.net/listing-images/664964ee-5173-4c5e-9c1d-999273f324d2_04ee0428-a56e-4b72-8898-3778154cc70e.jpg/250x188.webp,7300,124.27618354461573,3508,95
6e5c72cb-de00-4e9d-b358-1c92309891e8,Renault,Laguna,Break,Dealer,4390,d,165839,02-2009,https://prod.pictures.autoscout24.net/listing-images/6e5c72cb-de00-4e9d-b358-1c92309891e8_473d4acf-7c9e-497c-ad0b-df6130c16e27.jpg/250x188.webp,7380,129.95614046754844,5058,2
8c45c497-703a-4613-a668-76ed67d0e9b8,Renault,Twingo,Andere,Dealer,4390,b,80000,10-2011,https://prod.pictures.autoscout24.net/listing-images/8c45c497-703a-4613-a668-76ed67d0e9b8_112a4446-c29e-487a-a79e-4c7fb477d140.jpg/250x188.webp,1700,70.90697373704198,4086,31
819aea1f-0133-41cf-a2da-620ec7ddd346,Renault,Kangoo,Bestelwagen,Dealer,4390,d,180000,11-2010,https://prod.pictures.autoscout24.net/listing-images/819aea1f-0133-41cf-a2da-620ec7ddd346_623139e0-3af8-4f31-a7fc-a0da2c8c652f.jpg/250x188.webp,4432,111.15678224769336,4420,79
23cf7f21-cb2d-4afb-8f3e-dd289dddc2f8,Renault,Kangoo,Bestelwagen,Dealer,4399,d,292792,07-2013,https://prod.pictures.autoscout24.net/listing-images/23cf7f21-cb2d-4afb-8f3e-dd289dddc2f8_7eaa9956-313e-4607-9520-ac412d3a9bb5.jpg/250x188.webp,2500,38.36429357421789,3447,8
ab4f3d75-a8de-44f0-aad5-b0b2d73e0ad2,Renault,Laguna,Break,Dealer,4400,d,207000,12-2008,https://prod.pictures.autoscout24.net/listing-images/ab4f3d75-a8de-44f0-aad5-b0b2d73e0ad2_a264fb87-3ab4-4bec-958d-b5a5a8ee2fe5.jpg/250x188.webp,2000,27.94913546724415,5120,2
c032102a-175e-425c-a4a4-eac0ea35facb,Renault,Scenic,Monovolume,Dealer,4400,d,196176,10-2011,https://prod.pictures.autoscout24.net/listing-images/c032102a-175e-425c-a4a4-eac0ea35facb_abf2235c-7536-4cf6-9ada-81dde463b17f.jpg/250x188.webp,1300,83.88957347991013,4086,65
693796b0-e658-44d3-8c4f-f72fed60aff8,Renault,Clio,Berline,PrivateSeller,4400,b,109703,01-2010,https://prod.pictures.autoscout24.net/listing-images/693796b0-e658-44d3-8c4f-f72fed60aff8_3fb4f575-679c-4cce-8d7b-499804921cb9.jpg/250x188.webp,7370,128.14216834969352,4724,95
afb020bd-1671-4837-9b93-ee11bde5b303,Renault,Twingo,Berline,Dealer,4450,d,123400,07-2013,https://prod.pictures.autoscout24.net/listing-images/afb020bd-1671-4837-9b93-ee11bde5b303_18250dff-bddf-41db-877f-21c6ca824937.jpg/250x188.webp,6040,114.0742701643821,3447,5
ff8afba9-71f1-4da3-857e-9de822d7acbd,Renault,Clio,Berline,Dealer,4450,b,118444,10-2010,https://prod.pictures.autoscout24.net/listing-images/ff8afba9-71f1-4da3-857e-9de822d7acbd_ceec4665-6a9d-4ac0-a93f-0a6e2a06eab5.jpg/250x188.webp,1440,88.54751756589805,4451,5
04484b9b-b63d-406d-baeb-0787cfa6e0c9,Renault,Trafic,Break,Dealer,4450,d,163000,11-2004,https://prod.pictures.autoscout24.net/listing-images/04484b9b-b63d-406d-baeb-0787cfa6e0c9_7be14804-4adc-4d78-9d8c-3f3a65bf6a73.jpg/250x188.webp,3381,72.94041919271088,6611,18
f0b68504-dbc0-476f-876d-3c993cf7bc82,Renault,Megane,Berline,Dealer,4450,d,251000,11-2009,https://prod.pictures.autoscout24.net/listing-images/f0b68504-dbc0-476f-876d-3c993cf7bc82_cd6bc4d5-6719-4573-af03-d91ffe41e7cc.jpg/250x188.webp,6700,222.44484417522085,4785,22
2dabcd0a-b06d-4ff4-8f64-2be71a0c132f,Renault,Kangoo,Bestelwagen,PrivateSeller,4450,d,236000,01-2012,https://prod.pictures.autoscout24.net/listing-images/2dabcd0a-b06d-4ff4-8f64-2be71a0c132f_be7eba9f-99de-4129-be30-d99b2814e94d.jpg/250x188.webp,2270,41.542905715418826,3994,78
270e19fc-32ed-4951-bca7-ed24fa2c4a49,Renault,Laguna,Berline,Dealer,4450,d,179000,03-2008,https://prod.pictures.autoscout24.net/listing-images/270e19fc-32ed-4951-bca7-ed24fa2c4a49_c8c01e5c-d1ca-41ab-93e4-29973f7d255d.jpg/250x188.webp,6061,117.55452099458994,5395,80
6bba752b-f1ae-4264-a23c-3ba1de44f332,Renault,Megane,Cabriolet,Dealer,4450,d,159518,10-2008,https://prod.pictures.autoscout24.net/listing-images/6bba752b-f1ae-4264-a23c-3ba1de44f332_7947bc9f-9610-479a-be16-69aa5cbac8f6.jpg/250x188.webp,6250,115.60596353389253,5181,122
0acbb72f-efcf-49e4-9d5e-835087774ef5,Renault,Laguna,Coupé,PrivateSeller,4450,d,225000,07-2009,https://prod.pictures.autoscout24.net/listing-images/0acbb72f-efcf-49e4-9d5e-835087774ef5_ce1eb968-b310-478c-9fc0-2309b8dc8bfe.jpg/250x188.webp,4000,118.53949006185148,4908,164
d9203ad1-5f0d-403e-873c-0f87b432b33f,Renault,Clio,Berline,Dealer,4450,b,121610,05-2011,https://prod.pictures.autoscout24.net/listing-images/d9203ad1-5f0d-403e-873c-0f87b432b33f_da5c92eb-422e-4f91-9b04-b59afb649a63.jpg/250x188.webp,6010,119.70351809317113,4239,205
40c701a7-b255-4fdb-8b4d-aae263935f27,Renault,Modus,Monovolume,Dealer,4490,b,119500,03-2010,https://prod.pictures.autoscout24.net/listing-images/40c701a7-b255-4fdb-8b4d-aae263935f27_c91f2ee3-7f23-4d82-ac5d-0c4fc96d3bff.jpg/250x188.webp,7080,124.84754400917438,4665,13
985fcaa0-2fe7-4261-bdd4-640d3cc5a922,Renault,Megane,Break,Dealer,4490,d,196769,09-2011,https://prod.pictures.autoscout24.net/listing-images/985fcaa0-2fe7-4261-bdd4-640d3cc5a922_763fbda9-a6b0-43ac-8bc4-1d9078d176ed.jpg/250x188.webp,6200,119.77990387531518,4116,72
30c33239-74d4-46b0-b4c2-1c900864d4c7,Renault,Modus,Monovolume,Dealer,4499,b,82000,07-2007,https://prod.pictures.autoscout24.net/listing-images/30c33239-74d4-46b0-b4c2-1c900864d4c7_3dbdb75c-4629-4ac7-b402-86e3adc30315.jpg/250x188.webp,1410,83.89428081314767,5639,13
bc2d15ea-569e-4382-b020-c2321923f341,Renault,Kangoo,Bestelwagen,Dealer,4499,d,145000,01-2011,https://prod.pictures.autoscout24.net/listing-images/bc2d15ea-569e-4382-b020-c2321923f341_ee22aa61-2c7d-4969-9c6d-cf77f6dfe3d6.jpg/250x188.webp,2480,51.57496167372229,4359,14
cfa58f49-bbb7-41f1-97f1-727d80bcd114,Renault,Twingo,Berline,PrivateSeller,4499,b,106857,10-2013,https://prod.pictures.autoscout24.net/listing-images/cfa58f49-bbb7-41f1-97f1-727d80bcd114_47029248-d7c1-4b65-bc04-7e19060c0cfc.jpg/250x188.webp,1140,66.17447866127165,3355,52
f31acf65-788a-4c8d-8638-ee42461394c0,Renault,Twingo,Berline,Dealer,4500,b,107721,04-2009,https://prod.pictures.autoscout24.net/listing-images/f31acf65-788a-4c8d-8638-ee42461394c0_e4ddcd8b-641b-4d4a-bf70-41095e0782f4.jpg/250x188.webp,7890,98.53040663988133,4999,34
2188ab8a-0042-4d6c-b670-52bb0171f2d8,Renault,Grand Modus,Break,PrivateSeller,4500,d,130000,12-2012,https://prod.pictures.autoscout24.net/listing-images/2188ab8a-0042-4d6c-b670-52bb0171f2d8_bfd96f44-3798-42f5-9bf3-3fb55cee9378.jpg/250x188.webp,4340,109.15734825458331,3659,5
b67339b4-e27b-412f-bd23-18d9d58b7d14,Renault,Trafic,Bestelwagen,Dealer,4500,d,236357,04-2004,https://prod.pictures.autoscout24.net/listing-images/b67339b4-e27b-412f-bd23-18d9d58b7d14_9ecec039-7f6f-4b8c-9389-ac6febdc33d2.jpg/250x188.webp,5140,104.85389989976589,6825,6
948b3b39-24b8-41be-b4e1-b99e4cc3b043,Renault,Trafic,Monovolume,Dealer,4500,d,299000,10-2008,https://prod.pictures.autoscout24.net/listing-images/948b3b39-24b8-41be-b4e1-b99e4cc3b043_67c0ca62-1a02-46e9-ac0e-0bbdd71e3632.jpg/250x188.webp,1750,76.75328563765976,5181,11
30f28530-8a3e-48b1-ad45-c05942c27c03,Renault,Twingo,Berline,Dealer,4500,b,189000,01-2012,https://prod.pictures.autoscout24.net/listing-images/30f28530-8a3e-48b1-ad45-c05942c27c03_6d543ac1-96e9-4ed6-a0cc-3045aa5edd9d.jpg/250x188.webp,6700,222.44484417522085,3994,15
aff48e87-492b-4409-bcad-82cdfb3b785c,Renault,Kangoo,Bestelwagen,PrivateSeller,4500,d,155000,11-2012,https://prod.pictures.autoscout24.net/listing-images/aff48e87-492b-4409-bcad-82cdfb3b785c_7df3f388-7b60-4400-91fc-afc5bbb81a5d.jpg/250x188.webp,3500,86.84432103923942,3689,28
25343fbe-7c96-460b-b9b3-21012ad0d1d5,Renault,Scenic,Monovolume,Dealer,4500,d,203500,10-2010,https://prod.pictures.autoscout24.net/listing-images/25343fbe-7c96-460b-b9b3-21012ad0d1d5_52f6758d-1718-418d-8b6e-3c1c182297d0.jpg/250x188.webp,1730,61.98157406185932,4451,31
9cf75128-a5ab-47d6-99b2-4aebfb56c045,Renault,Scenic,Monovolume,Dealer,4500,d,196900,04-2012,https://prod.pictures.autoscout24.net/listing-images/9cf75128-a5ab-47d6-99b2-4aebfb56c045_6464a500-2295-404e-bbf0-af415747c339.jpg/250x188.webp,1730,61.98157406185932,3903,41
22dd49a0-29e8-4073-92d2-f5428411ae00,Renault,Scenic,Monovolume,Dealer,4500,d,130000,07-2010,https://prod.pictures.autoscout24.net/listing-images/22dd49a0-29e8-4073-92d2-f5428411ae00_12bf5014-14f9-438b-a542-c2fb35c863b0.jpg/250x188.webp,4100,122.70999344916741,4543,42
774679f4-1411-4a1d-844e-21b637c7018b,Renault,Laguna,Coupé,PrivateSeller,4500,d,130000,03-2009,https://prod.pictures.autoscout24.net/listing-images/774679f4-1411-4a1d-844e-21b637c7018b_b1229476-c1f3-455d-ac2e-3f9b0239e091.jpg/250x188.webp,1301,84.5190781907067,5030,42
8e83698f-efa7-4634-a7db-2a5fe8b3b2dc,Renault,Megane,Break,PrivateSeller,4500,d,205000,05-2011,https://prod.pictures.autoscout24.net/listing-images/8e83698f-efa7-4634-a7db-2a5fe8b3b2dc_535c76dd-283f-4f95-bda9-280d563769a2.jpg/250x188.webp,3640,93.71016005030347,4239,48
abc05068-219b-4d49-a4b0-babd2c63326e,Renault,Grand Scenic,Monovolume,PrivateSeller,4500,d,173000,07-2010,https://prod.pictures.autoscout24.net/listing-images/abc05068-219b-4d49-a4b0-babd2c63326e_355e4fb3-d926-4386-9be1-f466e87de463.jpg/250x188.webp,1000,69.17270624549755,4543,49
4db1cee0-8857-4972-8be3-b12eda7b64b0,Renault,Grand Scenic,Andere,Dealer,4500,b,119000,01-2013,https://prod.pictures.autoscout24.net/listing-images/4db1cee0-8857-4972-8be3-b12eda7b64b0_7d14810c-08b8-4150-9332-a62a6a938d9b.jpg/250x188.webp,5140,104.85389989976589,3628,58
a429e264-3737-4de0-bc87-2f59dceb6fb4,Renault,Laguna,Berline,PrivateSeller,4500,b,57000,11-2004,https://prod.pictures.autoscout24.net/listing-images/a429e264-3737-4de0-bc87-2f59dceb6fb4_0250c57d-ef6c-417a-94a9-e4043ed987f9.jpg/250x188.webp,8800,107.24415982689398,6611,64
f3021893-8ce4-4f76-852c-c68ba5c159ea,Renault,R 4,Break,PrivateSeller,4500,b,211500,01-1987,https://prod.pictures.autoscout24.net/listing-images/f3021893-8ce4-4f76-852c-c68ba5c159ea_b02a370e-8e8d-4b46-b772-03e87a0a2a95.jpg/250x188.webp,9890,80.15855280814198,13125,72
f7fb9935-617e-4d10-b61a-2297c4263fcb,Renault,Megane,Break,Dealer,4500,b,188000,04-2011,https://prod.pictures.autoscout24.net/listing-images/f7fb9935-617e-4d10-b61a-2297c4263fcb_db54fd08-b228-43e4-97ce-1770a80fadcb.jpg/250x188.webp,6560,131.1094961268063,4269,73
df1d31e8-6cf5-4038-b616-e259699853fb,Renault,Kangoo,Bestelwagen,Dealer,4500,d,195000,12-2009,https://prod.pictures.autoscout24.net/listing-images/df1d31e8-6cf5-4038-b616-e259699853fb_4bad3314-a474-4c82-8885-eb2fa7eef8e1.jpg/250x188.webp,2221,50.89507114551592,4755,77
b93be204-4f6d-45a1-a443-15e226c5ea2d,Renault,R 5,Stadswagen,PrivateSeller,4500,b,65000,07-1987,https://prod.pictures.autoscout24.net/listing-images/b93be204-4f6d-45a1-a443-15e226c5ea2d_afe9636f-a67a-40bb-b130-a9c7592fcf5c.jpg/250x188.webp,1560,77.903290978219,12944,81
59776822-d422-44a9-9170-7ee07a1054ed,Renault,Clio,Break,PrivateSeller,4500,d,192000,09-2013,https://prod.pictures.autoscout24.net/listing-images/59776822-d422-44a9-9170-7ee07a1054ed_766c768a-2bcd-4964-9522-069eab9063ad.jpg/250x188.webp,1340,89.46401378328262,3385,120
bc875364-5ed2-4ba8-af86-bb5a418a4ed1,Renault,Scenic,Break,PrivateSeller,4500,d,225000,08-2011,https://prod.pictures.autoscout24.net/listing-images/bc875364-5ed2-4ba8-af86-bb5a418a4ed1_38c152e1-25af-4e87-9f00-df0392fb7b8b.jpg/250x188.webp,2140,28.816369150105363,4147,143
de1ecca7-eece-4b68-bee8-1e5242830570,Renault,Megane,Cabriolet,PrivateSeller,4500,d,123000,01-2009,https://prod.pictures.autoscout24.net/listing-images/de1ecca7-eece-4b68-bee8-1e5242830570_bc00e02e-16cb-43b6-9e99-aeea82545ac4.jpg/250x188.webp,1070,71.06367211068877,5089,157
638d7ffe-74c7-456d-932b-4c6b730a6140,Renault,Clio,Berline,PrivateSeller,4500,d,77176,05-2010,https://prod.pictures.autoscout24.net/listing-images/638d7ffe-74c7-456d-932b-4c6b730a6140_b412915e-56e1-4245-ab6c-b69e18504e54.jpg/250x188.webp,1070,71.06367211068877,4604,176
00a6072b-50bc-45c2-8286-9b2b107e5671,Renault,Clio,Berline,Dealer,4600,d,155137,10-2012,https://prod.pictures.autoscout24.net/listing-images/00a6072b-50bc-45c2-8286-9b2b107e5671_bbb11f38-5106-49ac-a242-329efa91f6df.jpg/250x188.webp,3270,64.63308240631308,3720,5
ad22413a-055c-4735-8319-74dca72a7b9e,Renault,Kangoo,Monovolume,Dealer,4600,d,185631,05-2010,https://prod.pictures.autoscout24.net/listing-images/ad22413a-055c-4735-8319-74dca72a7b9e_90568ef4-20b3-4db9-8d4d-6ef79fe49eff.jpg/250x188.webp,4432,111.15678224769336,4604,9
2e34abe2-d403-46d4-b228-3a053bf15961,Renault,Laguna,Berline,PrivateSeller,4600,b,217000,05-2008,https://prod.pictures.autoscout24.net/listing-images/2e34abe2-d403-46d4-b228-3a053bf15961_cde9bd29-d46d-486a-bc1a-cb8e38886121.jpg/250x188.webp,7780,129.12592734900286,5334,47
c6c12cd7-14f6-46f6-b51a-fe3b2db46a93,Renault,Grand Scenic,Andere,Dealer,4600,d,240000,07-2014,https://prod.pictures.autoscout24.net/listing-images/c6c12cd7-14f6-46f6-b51a-fe3b2db46a93_84af7dc7-55a5-44e3-b26a-699a9c48bc50.jpg/250x188.webp,5140,104.85389989976589,3082,58
e9505683-030b-4ba2-b1b1-f4a2ab766d87,Renault,Megane,Break,PrivateSeller,4600,d,242000,08-2013,https://prod.pictures.autoscout24.net/listing-images/e9505683-030b-4ba2-b1b1-f4a2ab766d87_abecefba-79f4-41b4-a105-31994804ce4c.jpg/250x188.webp,1731,64.67551938133373,3416,125
17d72838-bcc4-4241-9fad-82e16ad0baeb,Renault,Megane,Coupé,PrivateSeller,4700,d,127000,08-2010,https://prod.pictures.autoscout24.net/listing-images/17d72838-bcc4-4241-9fad-82e16ad0baeb_92072f23-517b-495b-a28e-0e2898b2f3e2.jpg/250x188.webp,4000,118.53949006185148,4512,9
df22ac08-76e8-4c28-a861-bc2737bdaaa7,Renault,Scenic,Monovolume,PrivateSeller,4750,d,139850,07-2010,https://prod.pictures.autoscout24.net/listing-images/df22ac08-76e8-4c28-a861-bc2737bdaaa7_3ca7055d-3cb0-4f1e-9b8e-8ed5a2e5690b.jpg/250x188.webp,9340,67.51567995441158,4543,13
d79addb7-105f-4836-8a21-5633d8f5fea2,Renault,Grand Espace,Monovolume,Dealer,4750,d,299000,01-2013,https://prod.pictures.autoscout24.net/listing-images/d79addb7-105f-4836-8a21-5633d8f5fea2_daac0c97-07c5-4035-8019-c14d3776e049.jpg/250x188.webp,6700,222.44484417522085,3628,15
248bb1d2-13a6-450b-bc90-a956ca9261e0,Renault,Clio,Berline,PrivateSeller,4750,b,140000,01-2007,https://prod.pictures.autoscout24.net/listing-images/248bb1d2-13a6-450b-bc90-a956ca9261e0_e53d6b18-0c96-4885-b8b4-1d512bbb163b.jpg/250x188.webp,4750,165.86080409053986,5820,35
4e86b18a-43ca-4a6b-8d6d-5709f2473819,Renault,Megane,Andere,PrivateSeller,4750,d,170000,12-2012,https://prod.pictures.autoscout24.net/listing-images/4e86b18a-43ca-4a6b-8d6d-5709f2473819_c10515e7-badd-4829-b63c-a3e93aac18ed.jpg/250x188.webp,1601,76.3100421089918,3659,50
f4be2523-ff4d-401e-888c-a3fcc89096ec,Renault,Scenic,Monovolume,Dealer,4750,d,187000,01-2010,https://prod.pictures.autoscout24.net/listing-images/f4be2523-ff4d-401e-888c-a3fcc89096ec_02868b51-e1d4-40bf-aac4-d8af75bf2968.jpg/250x188.webp,1330,84.1109573727662,4724,70
8acdc320-5586-4dc6-90fe-a3c1324c6b84,Renault,Twingo,Stadswagen,Dealer,4750,b,170472,02-2012,https://prod.pictures.autoscout24.net/listing-images/8acdc320-5586-4dc6-90fe-a3c1324c6b84_eb1de14f-634a-44dd-96c2-e45785d2999c.jpg/250x188.webp,9250,48.29700857036449,3963,90
bba7e81d-6f38-4a3b-9343-c2d50ec1ff63,Renault,Megane,Cabriolet,Dealer,4750,d,161564,07-2004,https://prod.pictures.autoscout24.net/listing-images/bba7e81d-6f38-4a3b-9343-c2d50ec1ff63_e02656f0-7a2f-4647-a66a-647c11dfde88.jpg/250x188.webp,6140,118.16906783395082,6734,820
55a836d8-745a-474c-a7e4-5fa7ff43f10d,Renault,Kangoo,Bestelwagen,Dealer,4779,d,84000,10-2012,https://prod.pictures.autoscout24.net/listing-images/55a836d8-745a-474c-a7e4-5fa7ff43f10d_e05da10d-9e88-47ef-8140-3ee5cfba94fc.jpg/250x188.webp,3080,71.81912493945508,3720,252
4bb30e01-2bc3-4db2-8907-eecedceae3bd,Renault,Laguna,Berline,PrivateSeller,4800,b,64400,04-2005,https://prod.pictures.autoscout24.net/listing-images/4bb30e01-2bc3-4db2-8907-eecedceae3bd_0da31d45-2e8f-4ac4-b62d-cb5f1f0fcd7b.jpg/250x188.webp,9800,85.43781742981923,6460,11
6e50477d-a6e0-4c9f-8f8d-b44647d147bf,Renault,Twingo,Berline,Dealer,4800,b,112000,01-2008,https://prod.pictures.autoscout24.net/listing-images/6e50477d-a6e0-4c9f-8f8d-b44647d147bf_770f456e-4d2e-48af-8f3c-2f9073b8cd78.jpg/250x188.webp,1730,61.98157406185932,5455,12
21a443d5-a1d7-4efa-930c-ad2d1630c627,Renault,Kangoo,Break,PrivateSeller,4800,d,243000,04-2011,https://prod.pictures.autoscout24.net/listing-images/21a443d5-a1d7-4efa-930c-ad2d1630c627_69cb6156-db5d-4cc6-9e48-cacf61feaeb2.jpg/250x188.webp,1020,66.36225311284039,4269,17
e80d525a-3020-4dfd-9013-ae2011c51bca,Renault,Megane,Cabriolet,Dealer,4800,d,168000,12-2010,https://prod.pictures.autoscout24.net/listing-images/e80d525a-3020-4dfd-9013-ae2011c51bca_f8ceceff-50b8-4261-a14a-4edbc3151300.jpg/250x188.webp,7700,118.9523807230755,4390,28
df889104-3790-4407-9f01-38b6420e9844,Renault,Grand Scenic,Monovolume,Dealer,4800,d,214000,09-2011,https://prod.pictures.autoscout24.net/listing-images/df889104-3790-4407-9f01-38b6420e9844_313ab94e-b9f9-460f-8b93-c77e5892945f.jpg/250x188.webp,1702,68.0347546976377,4116,87
68022fd7-9eff-49d7-8fc7-622a6ef26a6b,Renault,Clio,Berline,PrivateSeller,4800,b,60000,04-2007,https://prod.pictures.autoscout24.net/listing-images/68022fd7-9eff-49d7-8fc7-622a6ef26a6b_5e8babba-b528-46a8-9b24-1d4776920408.jpg/250x188.webp,1090,66.80320352454842,5730,130
3f5085d9-e924-4991-a037-2de7f2c0d6d3,Renault,Clio,Berline,PrivateSeller,4800,b,60000,04-2007,https://prod.pictures.autoscout24.net/listing-images/3f5085d9-e924-4991-a037-2de7f2c0d6d3_108bc4d3-88cb-4e43-a334-339c08233e6b.jpg/250x188.webp,1090,66.80320352454842,5730,130
e440859a-60c4-4d05-a1f0-2cfe2cdd5068,Renault,Kangoo,Andere,Dealer,4800,d,186110,02-2001,https://prod.pictures.autoscout24.net/listing-images/e440859a-60c4-4d05-a1f0-2cfe2cdd5068_1aa032e9-4473-481b-abd0-196d8bce9006.jpg/250x188.webp,3500,86.84432103923942,7980,198
689591f5-a9a8-4659-931e-60b30ed07635,Renault,Clio,Stadswagen,Dealer,4849,d,150000,03-2010,https://prod.pictures.autoscout24.net/listing-images/689591f5-a9a8-4659-931e-60b30ed07635_4bc9c761-eed6-4b24-951e-76bd609793cf.jpg/250x188.webp,3970,66.88973710098982,4665,162
ae3e500a-1e39-43d1-b77b-f78e7e615475,Renault,Megane,Break,PrivateSeller,4850,d,164444,01-2009,https://prod.pictures.autoscout24.net/listing-images/ae3e500a-1e39-43d1-b77b-f78e7e615475_004c115f-2104-4337-88de-8ce14d9e2351.jpg/250x188.webp,3370,76.45951297892199,5089,2
9a770b22-9623-4153-8073-3a7d06f8edcc,Renault,Megane,Break,PrivateSeller,4850,d,321000,05-2012,https://prod.pictures.autoscout24.net/listing-images/9a770b22-9623-4153-8073-3a7d06f8edcc_4f862415-0a6a-4b9f-94f2-079c39fec9b9.jpg/250x188.webp,3600,91.05707630102727,3873,21
b68014be-3bc1-46cb-b554-5ee052f7aeb5,Renault,Scenic,Break,PrivateSeller,4850,d,235000,04-2010,https://prod.pictures.autoscout24.net/listing-images/b68014be-3bc1-46cb-b554-5ee052f7aeb5_7b648d5f-4d5f-4413-b532-6cbfd9b35a90.jpg/250x188.webp,1140,66.17447866127165,4634,95
0c658d5a-76c6-4694-9510-8f2635890d5c,Renault,Fluence,Berline,Dealer,4850,b,126232,02-2011,https://prod.pictures.autoscout24.net/listing-images/0c658d5a-76c6-4694-9510-8f2635890d5c_c5a4ea53-954b-4795-b8f4-bbe45c8ab167.jpg/250x188.webp,1651,78.98056604317188,4328,160
3c0ab61e-9602-4b98-beef-91571d8913b6,Renault,Clio,Break,Dealer,4850,d,106058,03-2009,https://prod.pictures.autoscout24.net/listing-images/3c0ab61e-9602-4b98-beef-91571d8913b6_127c19ec-450c-4252-bd34-9eb707ef3444.jpg/250x188.webp,1440,88.54751756589805,5030,247
4813a55f-7f0e-4db9-9253-f2e9bdc5ba32,Renault,Avantime,Coupé,Dealer,4900,d,152835,06-2002,https://prod.pictures.autoscout24.net/listing-images/4813a55f-7f0e-4db9-9253-f2e9bdc5ba32_e5302eb1-58e0-4109-831a-46fba364ee2f.jpg/250x188.webp,8480,108.37030503019517,7495,31
51f765be-b8ae-496c-bf3b-3bb22d75646c,Renault,Scenic,Monovolume,Dealer,4900,d,250000,07-2012,https://prod.pictures.autoscout24.net/listing-images/51f765be-b8ae-496c-bf3b-3bb22d75646c_9588261d-74f5-43bb-9a3e-effe84d742a7.jpg/250x188.webp,7370,128.14216834969352,3812,0
14164ef3-4099-4cb3-a02d-2373368364e9,Renault,Twingo,Berline,Dealer,4900,d,99985,04-2010,https://prod.pictures.autoscout24.net/listing-images/14164ef3-4099-4cb3-a02d-2373368364e9_447f5dbf-0260-4d9d-8d5a-9db698b7ac86.jpg/250x188.webp,4830,140.1675073763186,4634,6
cbe86ed9-6627-44f6-9c40-a4803d77b5e0,Renault,Modus,Monovolume,Dealer,4900,b,101201,10-2009,https://prod.pictures.autoscout24.net/listing-images/cbe86ed9-6627-44f6-9c40-a4803d77b5e0_98589ecf-8622-4258-88fb-a1ae62616f59.jpg/250x188.webp,8570,100.49126072839948,4816,8
f42c0992-359b-4187-b3b1-f1ad86876ee1,Renault,Clio,Berline,PrivateSeller,4900,d,130550,02-2011,https://prod.pictures.autoscout24.net/listing-images/f42c0992-359b-4187-b3b1-f1ad86876ee1_bbdd60f6-fa02-4be6-9940-498b36a21087.jpg/250x188.webp,4280,100.603559971339,4328,9
e3c22199-f42f-4421-98bb-f84bcfdc75fc,Renault,Kangoo,Bestelwagen,PrivateSeller,4900,d,123368,01-2014,https://prod.pictures.autoscout24.net/listing-images/e3c22199-f42f-4421-98bb-f84bcfdc75fc_3b0e7d8f-a3b4-4728-b831-9cecf52d1d08.jpg/250x188.webp,1831,63.496143889011755,3263,9
29bbaf8b-e3e6-40cc-a9f3-9eab248ac052,Renault,Clio,Berline,Dealer,4900,b,46000,12-2011,https://prod.pictures.autoscout24.net/listing-images/29bbaf8b-e3e6-40cc-a9f3-9eab248ac052_2f3c0eec-5cc0-4028-b4a6-77d3c58c652c.jpg/250x188.webp,1480,90.6722887329444,4025,12
0fd46c0e-572c-4a82-90b6-7e8594739a5a,Renault,Modus,Monovolume,Dealer,4900,b,124000,09-2012,https://prod.pictures.autoscout24.net/listing-images/0fd46c0e-572c-4a82-90b6-7e8594739a5a_abaf044e-d345-4fdb-8252-517941c2b86b.jpg/250x188.webp,1140,66.17447866127165,3750,24
2e0d0596-4d00-4b3a-add2-d646c7aedf86,Renault,Megane,Berline,PrivateSeller,4900,d,199645,01-2013,https://prod.pictures.autoscout24.net/listing-images/2e0d0596-4d00-4b3a-add2-d646c7aedf86_7502972c-05a9-4d39-8917-e2e8c8808091.jpg/250x188.webp,9000,69.99787275902874,3628,92
db6248b3-4ea4-4f0b-9c63-ce948d00258e,Renault,Twingo,Berline,Dealer,4900,d,170000,04-2012,https://prod.pictures.autoscout24.net/listing-images/db6248b3-4ea4-4f0b-9c63-ce948d00258e_6e5a5f5e-8e66-43f3-b367-efa8323d7d6d.jpg/250x188.webp,6200,119.77990387531518,3903,29
b20b0027-e8bb-4888-abf7-7e7c9180adbc,Renault,Modus,Stadswagen,Dealer,4900,d,84318,11-2011,https://prod.pictures.autoscout24.net/listing-images/b20b0027-e8bb-4888-abf7-7e7c9180adbc_73ee4778-e756-43b7-a92d-30d8870e2b62.jpg/250x188.webp,1930,65.18883147641638,4055,36
74ef0060-5622-4f12-afce-67a55d143262,Renault,Grand Espace,Break,PrivateSeller,4900,d,217000,08-2011,https://prod.pictures.autoscout24.net/listing-images/74ef0060-5622-4f12-afce-67a55d143262_ace95440-ee70-4e6c-86ca-43c63af0a7c5.jpg/250x188.webp,1030,66.85598932704684,4147,117
dcfe9ffd-c851-478a-9c50-d62acae6a15d,Renault,Avantime,Coupé,Dealer,4900,d,152835,06-2002,https://prod.pictures.autoscout24.net/listing-images/dcfe9ffd-c851-478a-9c50-d62acae6a15d_69591046-2916-4500-8aff-cdefefdb8db9.jpg/250x188.webp,8820,105.17632863208843,7495,359
61a78cf6-461f-4846-a8ae-1e5b805d7958,Renault,Twingo,Berline,Dealer,4950,b,84000,05-2011,https://prod.pictures.autoscout24.net/listing-images/61a78cf6-461f-4846-a8ae-1e5b805d7958_28c79c9d-f5d4-49f7-a849-23b51c12338e.jpg/250x188.webp,7020,114.60869365078912,4239,0
d6433714-3bf3-4bb2-a53e-6e969e4fc4f2,Renault,Grand Scenic,Break,Dealer,4950,d,237000,09-2013,https://prod.pictures.autoscout24.net/listing-images/d6433714-3bf3-4bb2-a53e-6e969e4fc4f2_25eb0b62-16c0-4a45-ab7a-6913045fdf4a.jpg/250x188.webp,5100,120.21149902452048,3385,1
70aade37-34ff-4f5e-bde5-0f1746132e23,Renault,Twingo,Berline,Dealer,4950,b,115000,05-2013,https://prod.pictures.autoscout24.net/listing-images/70aade37-34ff-4f5e-bde5-0f1746132e23_4c77c9cf-b798-4419-b6d8-e7b8f3c8ffc3.jpg/250x188.webp,4170,134.94834896628382,3508,3
93d5cddc-afd1-4b63-bee5-3ef09cdec98b,Renault,Megane,Berline,Dealer,4950,d,156000,10-2010,https://prod.pictures.autoscout24.net/listing-images/93d5cddc-afd1-4b63-bee5-3ef09cdec98b_99621937-63c6-43a2-a942-3a636f63c866.jpg/250x188.webp,1930,65.18883147641638,4451,5
299af5e0-1958-4690-aff5-4a87120a8e57,Renault,Grand Scenic,Monovolume,Dealer,4950,d,250000,03-2012,https://prod.pictures.autoscout24.net/listing-images/299af5e0-1958-4690-aff5-4a87120a8e57_8c86986c-e7ae-46ba-888f-7794b5ffef99.jpg/250x188.webp,6061,117.55452099458994,3934,7
ac21ac10-f2ff-4dc6-ab6c-8375152a7454,Renault,Kangoo,Monovolume,Dealer,4950,d,220000,03-2014,https://prod.pictures.autoscout24.net/listing-images/ac21ac10-f2ff-4dc6-ab6c-8375152a7454_ff85b7d2-cf30-43c0-a26f-5b8086b0be47.jpg/250x188.webp,6044,114.30340847106793,3204,8
f76a7220-998d-4f1c-96a5-51abe03a25d1,Renault,Twingo,Berline,Dealer,4950,b,49000,06-2011,https://prod.pictures.autoscout24.net/listing-images/f76a7220-998d-4f1c-96a5-51abe03a25d1_db9b028c-bc18-4b85-a8b8-8e02c098c7c8.jpg/250x188.webp,4520,112.57318942534252,4208,35
5247aa13-258e-4123-905b-3f977ed48bb6,Renault,Twingo,Berline,Dealer,4950,d,99000,02-2011,https://prod.pictures.autoscout24.net/listing-images/5247aa13-258e-4123-905b-3f977ed48bb6_bbfa1ea9-f5f7-4698-91df-cdc055d32c31.jpg/250x188.webp,5580,153.28424572738868,4328,36
975a86ef-3460-4305-9589-2e3902dfe326,Renault,Modus,Break,Dealer,4950,b,95000,01-2010,https://prod.pictures.autoscout24.net/listing-images/975a86ef-3460-4305-9589-2e3902dfe326_ae9b10a7-6361-42e7-a8e4-5ca058e76005.jpg/250x188.webp,2547,37.9441917128707,4724,45
6eb576e3-21ee-4d59-9849-2aac3d3ff015,Renault,Clio,Berline,PrivateSeller,4950,b,212000,09-2001,https://prod.pictures.autoscout24.net/listing-images/6eb576e3-21ee-4d59-9849-2aac3d3ff015_f8235a4b-0983-4bf0-83b0-afa3496b0762.jpg/250x188.webp,8480,108.37030503019517,7768,56
025e23ea-7ed0-48c6-9ca6-6a6a9f8f8fb3,Renault,Megane,Berline,PrivateSeller,4950,d,223000,01-2011,https://prod.pictures.autoscout24.net/listing-images/025e23ea-7ed0-48c6-9ca6-6a6a9f8f8fb3_212b20f3-3096-4fca-a305-f408e4faf35f.jpg/250x188.webp,1030,66.85598932704684,4359,95
dd456861-31fa-40c5-9389-44bc211cde38,Renault,Scenic,Monovolume,Dealer,4950,b,148000,02-2007,https://prod.pictures.autoscout24.net/listing-images/dd456861-31fa-40c5-9389-44bc211cde38_da2fe8b5-8e73-4f2b-be8b-7a747de790bd.jpg/250x188.webp,6220,109.54249226439103,5789,129
8e72cc00-1c8c-4b12-8fae-5e1f1c6c184a,Renault,Trafic,Bestelwagen,PrivateSeller,4970,d,196800,02-2012,https://prod.pictures.autoscout24.net/listing-images/8e72cc00-1c8c-4b12-8fae-5e1f1c6c184a_7160e09d-7fc9-41c8-9674-4515633500f9.jpg/250x188.webp,1930,65.18883147641638,3963,32
87e3f2a3-0a47-46f6-b8f4-8288bdcee68a,Renault,Clio,Break,Dealer,4990,d,119000,10-2008,https://prod.pictures.autoscout24.net/listing-images/87e3f2a3-0a47-46f6-b8f4-8288bdcee68a_072bfe83-bbc6-4079-b5be-62128b4b6749.jpg/250x188.webp,6224,110.94977629658112,5181,47
e7f7071f-5040-495b-9c13-75fcc7c7a4e0,Renault,Laguna,Berline,Dealer,4990,b,86500,12-2008,https://prod.pictures.autoscout24.net/listing-images/e7f7071f-5040-495b-9c13-75fcc7c7a4e0_a1b24863-c070-4fbb-9209-469726ec59d1.jpg/250x188.webp,7380,129.95614046754844,5120,5
278afe54-0a8a-447e-911a-2ec0dd431c23,Renault,Twingo,Berline,Dealer,4990,b,124000,12-2011,https://prod.pictures.autoscout24.net/listing-images/278afe54-0a8a-447e-911a-2ec0dd431c23_168d22c2-977d-4b92-be19-06d3a10dbb8b.jpg/250x188.webp,4840,138.07709145022378,4025,29
a2b3d95d-a3ea-4a4d-980e-b8995e78679c,Renault,Megane,Cabriolet,Dealer,4990,d,74000,08-2006,https://prod.pictures.autoscout24.net/listing-images/a2b3d95d-a3ea-4a4d-980e-b8995e78679c_fd0f78c5-9c75-4f48-b5de-cef5debc09b6.jpg/250x188.webp,2870,48.59068591419226,5973,63
834bf3f0-c2d8-4bd7-9119-24dd0d4c6356,Renault,Megane,Cabriolet,Dealer,4990,d,157368,11-2008,https://prod.pictures.autoscout24.net/listing-images/834bf3f0-c2d8-4bd7-9119-24dd0d4c6356_01ea37ca-5f1e-49bb-b4a3-31092ba887a6.jpg/250x188.webp,7033,120.92234590410432,5150,84
33a8dc9b-f0b4-4966-b715-15c0edf82800,Renault,Grand Scenic,Monovolume,PrivateSeller,4990,d,180000,07-2011,https://prod.pictures.autoscout24.net/listing-images/33a8dc9b-f0b4-4966-b715-15c0edf82800_4c71e9e8-c403-4305-936b-f35d613f5d2c.jpg/250x188.webp,1050,70.92422613330518,4178,114
c2bb6a25-2564-4dd7-9caa-1fb7fcd501af,Renault,R 20,Berline,PrivateSeller,4990,d,158942,04-1979,https://prod.pictures.autoscout24.net/listing-images/c2bb6a25-2564-4dd7-9caa-1fb7fcd501af_c942abbc-b433-4386-ac24-e2b9ab5302e8.jpg/250x188.webp,6032,119.9351470780066,15957,178
eed57a77-47ef-43c8-8806-a32a9228220e,Renault,Twingo,Stadswagen,Dealer,4990,b,156200,05-2013,https://prod.pictures.autoscout24.net/listing-images/eed57a77-47ef-43c8-8806-a32a9228220e_23ed6ad3-c708-42c2-bbf0-494c0d36914b.jpg/250x188.webp,2880,47.93429287155117,3508,196
abbbc05a-f379-473f-b351-d78505e4fbf6,Renault,Clio,Berline,Dealer,4990,b,97000,06-2008,https://prod.pictures.autoscout24.net/listing-images/abbbc05a-f379-473f-b351-d78505e4fbf6_54fae5a8-c114-40b2-8d8b-0df32541743c.jpg/250x188.webp,6110,121.07873748213329,5303,218
ec516d2d-834a-45ba-ae49-7f12d5b15098,Renault,Kangoo,Monovolume,Dealer,4990,d,179675,02-2002,https://prod.pictures.autoscout24.net/listing-images/ec516d2d-834a-45ba-ae49-7f12d5b15098_f78b77b5-b765-4938-930b-c3fc9beae395.jpg/250x188.webp,9150,35.01618584808545,7615,829
bd1c80fc-3486-4f95-bbbe-5f887087dc79,Renault,Clio,Berline,PrivateSeller,4995,d,87847,02-2007,https://prod.pictures.autoscout24.net/listing-images/bd1c80fc-3486-4f95-bbbe-5f887087dc79_a1df92d4-6455-4ce0-b98f-0bf0d18efed3.jpg/250x188.webp,9630,81.18443969626802,5789,7
30c4a691-6dad-49c6-9ed2-fca2b3f1d302,Renault,Twizy,Coupé,Dealer,4998,e,29000,01-2015,https://prod.pictures.autoscout24.net/listing-images/30c4a691-6dad-49c6-9ed2-fca2b3f1d302_a09288c0-b8a2-4770-9efe-9e6264b4b643.jpg/250x188.webp,3800,90.52950000718796,2898,118
ed70e085-2a33-4c74-b071-b2efac08f673,Renault,Clio,Berline,Dealer,4999,d,65000,06-2011,https://prod.pictures.autoscout24.net/listing-images/ed70e085-2a33-4c74-b071-b2efac08f673_4c86ddba-6107-4b42-81ef-bf8ca43b5912.jpg/250x188.webp,1930,65.18883147641638,4208,1
fc97d4ca-69cb-4a68-a255-713310a85594,Renault,Scenic,Monovolume,Dealer,4999,d,204525,11-2011,https://prod.pictures.autoscout24.net/listing-images/fc97d4ca-69cb-4a68-a255-713310a85594_796742ec-5c39-43be-8f26-259dd4320648.jpg/250x188.webp,5140,104.85389989976589,4055,7
7b0bd97b-950c-45e2-8f9a-b1ece117d319,Renault,Vel Satis,Berline,Dealer,4999,b,123850,05-2002,https://prod.pictures.autoscout24.net/listing-images/7b0bd97b-950c-45e2-8f9a-b1ece117d319_9efc5a8e-bee8-4fdc-8407-fbfc7712cd64.jpg/250x188.webp,6700,222.44484417522085,7526,7
d929142d-69ba-4ff9-953f-60e0a0ea8674,Renault,Kangoo,Andere,Dealer,4999,d,187000,10-2012,https://prod.pictures.autoscout24.net/listing-images/d929142d-69ba-4ff9-953f-60e0a0ea8674_fae20734-fbbf-416f-9b8b-b1cd267ea979.jpg/250x188.webp,6044,114.30340847106793,3720,16
ab715c15-d1fa-468d-99b3-8e7adc4e1363,Renault,Scenic,Monovolume,Dealer,4999,b,96500,09-2009,https://prod.pictures.autoscout24.net/listing-images/ab715c15-d1fa-468d-99b3-8e7adc4e1363_15267043-46b6-446d-af49-7a010e5f2a51.jpg/250x188.webp,2520,32.09318592689817,4846,53
d811755e-530c-4cdc-9478-aac8899e6ed6,Renault,Grand Scenic,Monovolume,Dealer,4999,d,218000,11-2009,https://prod.pictures.autoscout24.net/listing-images/d811755e-530c-4cdc-9478-aac8899e6ed6_7816e357-8522-4317-b865-757c80f91f7a.jpg/250x188.webp,8791,102.62748120507626,4785,60
4f053d48-3607-41aa-87fb-5fd6eff6016f,Renault,Grand Modus,Monovolume,PrivateSeller,4999,d,124000,10-2011,https://prod.pictures.autoscout24.net/listing-images/4f053d48-3607-41aa-87fb-5fd6eff6016f_f78e9178-88c7-4e3f-9834-027f4fe5dfaa.jpg/250x188.webp,1800,60.05560122441548,4086,92
c1c64e25-1665-4d3e-92a2-3f2dc2173d7a,Renault,Twingo,Berline,Dealer,4999,b,116000,03-2013,https://prod.pictures.autoscout24.net/listing-images/c1c64e25-1665-4d3e-92a2-3f2dc2173d7a_23395ec0-156a-42c3-9025-a4b7a9c5679e.jpg/250x188.webp,1702,68.0347546976377,3569,110
f39bfc5f-6d78-47ce-9107-b798b7e07782,Renault,Clio,Break,Dealer,4999,d,169600,07-2012,https://prod.pictures.autoscout24.net/listing-images/f39bfc5f-6d78-47ce-9107-b798b7e07782_cfa7c8eb-709c-40b7-9ccd-94f44d06e0c7.jpg/250x188.webp,6010,119.70351809317113,3812,181
b2681082-f57d-4c64-97da-897206d8857a,Renault,Laguna,Coupé,Dealer,4999,d,56000,02-2011,https://prod.pictures.autoscout24.net/listing-images/b2681082-f57d-4c64-97da-897206d8857a_9aefc106-e0df-420d-9523-61e336475570.jpg/250x188.webp,1400,97.35176357549375,4328,188
0357aa70-8a9a-4778-8925-a453a4fb3703,Renault,Twingo,Berline,PrivateSeller,5000,d,112000,10-2013,https://prod.pictures.autoscout24.net/listing-images/0357aa70-8a9a-4778-8925-a453a4fb3703_a3b70f5f-b881-4ceb-a51c-6b3f837de91c.jpg/250x188.webp,1000,69.17270624549755,3355,13
55dc9c6a-6c67-4444-8216-4aa1abb6618d,Renault,Grand Scenic,Monovolume,PrivateSeller,5000,d,185000,05-2013,https://prod.pictures.autoscout24.net/listing-images/55dc9c6a-6c67-4444-8216-4aa1abb6618d_5fb4f125-227b-44f4-bf27-540aeeea29b0.jpg/250x188.webp,8870,106.40718302751253,3508,32
5ac83d2c-113d-48a8-9640-096a1e718741,Renault,R 25,Andere,PrivateSeller,5000,d,247000,07-1988,https://prod.pictures.autoscout24.net/listing-images/5ac83d2c-113d-48a8-9640-096a1e718741_b6d3cd43-8034-4c14-a042-326038e8d17b.jpg/250x188.webp,1180,74.57281408996285,12578,32
b8349e77-0204-4169-bf77-9e898794d237,Renault,R 4,Andere,PrivateSeller,5000,b,103000,09-1987,https://prod.pictures.autoscout24.net/listing-images/b8349e77-0204-4169-bf77-9e898794d237_e14d0dc5-3bfb-4c6a-88dd-06fd1ebc8d7a.jpg/250x188.webp,1310,81.95917189034911,12882,36
68a224ce-0d20-485a-b13f-44235a78c566,Renault,Megane,Cabriolet,PrivateSeller,5000,d,160000,09-2009,https://prod.pictures.autoscout24.net/listing-images/68a224ce-0d20-485a-b13f-44235a78c566_a981b6d1-68fa-44cd-a02a-6e64117cd360.jpg/250x188.webp,9990,76.7983356711753,4846,50
67509462-15ee-4a56-bc14-eb0e7acff09d,Renault,Twizy,Stadswagen,Dealer,5000,e,43649,04-2012,https://prod.pictures.autoscout24.net/listing-images/67509462-15ee-4a56-bc14-eb0e7acff09d_468eb697-d891-4a27-8f13-fe95559e7d45.jpg/250x188.webp,1300,83.88957347991013,3903,65
522b6047-319e-4206-8aef-4dad9f1f67af,Renault,Grand Scenic,Break,PrivateSeller,5000,b,110000,10-2005,https://prod.pictures.autoscout24.net/listing-images/522b6047-319e-4206-8aef-4dad9f1f67af_25989eaa-f162-4290-ad67-5985492e66e7.jpg/250x188.webp,2600,30.98226947130947,6277,65
e3dde083-7f9c-49a4-8b4c-2062acaff6a5,Renault,Megane,Berline,PrivateSeller,5000,b,192000,08-2007,https://prod.pictures.autoscout24.net/listing-images/e3dde083-7f9c-49a4-8b4c-2062acaff6a5_ffba7d79-38aa-4388-aed2-b609476dd3ee.jpg/250x188.webp,9000,69.99787275902874,5608,74
68f4ae7d-4ecb-47b5-88b0-1556d9533a33,Renault,R 5,Andere,PrivateSeller,5000,b,120000,06-1986,https://prod.pictures.autoscout24.net/listing-images/68f4ae7d-4ecb-47b5-88b0-1556d9533a33_cc4f9b01-a28c-45ad-9176-ad617986429a.jpg/250x188.webp,7000,118.39471915054493,13339,97
39432918-c3e2-4ee2-8a88-9fc2db3c3135,Renault,Megane,Break,PrivateSeller,5000,b,144000,08-2008,https://prod.pictures.autoscout24.net/listing-images/39432918-c3e2-4ee2-8a88-9fc2db3c3135_d978ab45-8248-4517-8874-735f09123908.jpg/250x188.webp,7350,126.64469659762254,5242,113
8cbc1d67-2a94-4a63-86f1-4c64c6cb3bc2,Renault,Scenic,Monovolume,PrivateSeller,5000,d,169350,06-2012,https://prod.pictures.autoscout24.net/listing-images/8cbc1d67-2a94-4a63-86f1-4c64c6cb3bc2_d52764c2-5e57-4488-86ec-bb6864f67cf4.jpg/250x188.webp,9340,67.51567995441158,3842,115
dbffd6d8-7e50-4ddc-acae-96aec352866e,Renault,Twizy,Coupé,PrivateSeller,5100,e,19000,12-2017,https://prod.pictures.autoscout24.net/listing-images/dbffd6d8-7e50-4ddc-acae-96aec352866e_cade6190-3e91-4e10-8c01-f295d75de47a.jpg/250x188.webp,1420,87.49639779077864,1833,6
a4cd549e-a9ca-4c5e-8a0e-033b64f6d490,Renault,Scenic,Monovolume,PrivateSeller,5100,d,249000,01-2011,https://prod.pictures.autoscout24.net/listing-images/a4cd549e-a9ca-4c5e-8a0e-033b64f6d490_84ec3097-96d0-46b7-b1b5-4633633deb75.jpg/250x188.webp,1020,66.36225311284039,4359,43
3a98690d-8704-480c-8844-a77ca4e028fb,Renault,Megane,Break,Dealer,5200,d,193000,01-2002,https://prod.pictures.autoscout24.net/listing-images/3a98690d-8704-480c-8844-a77ca4e028fb_f018b135-1797-4998-a81e-bf4d8a786100.jpg/250x188.webp,3500,86.84432103923942,7646,58
a0ee2162-995c-4899-857f-fc4fba448887,Renault,Clio,Berline,Dealer,5200,b,56200,06-2012,https://prod.pictures.autoscout24.net/listing-images/a0ee2162-995c-4899-857f-fc4fba448887_b93eb691-d165-4c7f-8f95-b3d525a7366b.jpg/250x188.webp,6061,117.55452099458994,3842,5
3128a444-daee-4035-961e-e789489ca8f8,Renault,Twingo,Berline,Dealer,5200,b,129000,01-2014,https://prod.pictures.autoscout24.net/listing-images/3128a444-daee-4035-961e-e789489ca8f8_a51e0bef-bf61-4f8a-bd6b-5b847223806d.jpg/250x188.webp,1420,87.49639779077864,3263,24
fb543b62-bd69-43a6-bf4d-f65a884cbb71,Renault,Twingo,Berline,Dealer,5200,b,163507,09-2015,https://prod.pictures.autoscout24.net/listing-images/fb543b62-bd69-43a6-bf4d-f65a884cbb71_7c76386b-e96f-4b24-90a5-04c5b6323762.jpg/250x188.webp,1020,66.36225311284039,2655,42
06bff817-dece-4b55-babf-37007332cca4,Renault,Scenic,Berline,PrivateSeller,5200,d,228000,04-2012,https://prod.pictures.autoscout24.net/listing-images/06bff817-dece-4b55-babf-37007332cca4_49fe1abb-e5e5-44f9-9c03-1e12dbab47c9.jpg/250x188.webp,4610,126.04959809806367,3903,69
0736e97f-02d5-45f3-ac51-af76d65891e1,Renault,Kangoo,Andere,Dealer,5200,b,157000,01-2004,https://prod.pictures.autoscout24.net/listing-images/0736e97f-02d5-45f3-ac51-af76d65891e1_541f69ed-e1b0-4e10-857a-372bc2c8d1b0.jpg/250x188.webp,3500,86.84432103923942,6916,126
d0de496b-0eee-43ed-8126-58e9854626c8,Renault,Megane,Break,PrivateSeller,5200,d,148000,02-2012,https://prod.pictures.autoscout24.net/listing-images/d0de496b-0eee-43ed-8126-58e9854626c8_48adc1b2-5954-4e8e-bf56-d10ed57b6c0f.jpg/250x188.webp,1000,69.17270624549755,3963,171
8e8f0afd-ca10-4784-abb8-619897bd3f50,Renault,Twingo,Berline,PrivateSeller,5250,b,177000,05-2012,https://prod.pictures.autoscout24.net/listing-images/8e8f0afd-ca10-4784-abb8-619897bd3f50_9ed75f55-e467-41a1-b577-b1688753c873.jpg/250x188.webp,1300,83.88957347991013,3873,9
73b77f2b-0e57-4376-8129-b8cec0c947a2,Renault,Laguna,Break,PrivateSeller,5250,d,165000,01-2012,https://prod.pictures.autoscout24.net/listing-images/73b77f2b-0e57-4376-8129-b8cec0c947a2_7eda83be-4cdc-42fd-8cec-e99311d07ac3.jpg/250x188.webp,9200,55.33414746561007,3994,19
a0a28bb4-b281-4cd1-8d69-05b47be43a0e,Renault,Megane,Break,PrivateSeller,5250,d,178789,04-2013,https://prod.pictures.autoscout24.net/listing-images/a0a28bb4-b281-4cd1-8d69-05b47be43a0e_57107913-a86b-4a59-ba26-12b0070c9d96.jpg/250x188.webp,8760,100.33089953132966,3538,47
32e3aee3-36e7-4c5c-9c5b-b102a64aa6b2,Renault,Megane,Stadswagen,Dealer,5250,d,129681,05-2011,https://prod.pictures.autoscout24.net/listing-images/32e3aee3-36e7-4c5c-9c5b-b102a64aa6b2_b06891b4-6f4c-4885-89c0-b0076891a996.jpg/250x188.webp,6001,119.62548366163914,4239,50
14f73bbb-6f4c-4c1f-bd8c-4b4ababa9842,Renault,Grand Espace,Monovolume,Dealer,5250,d,177643,01-2011,https://prod.pictures.autoscout24.net/listing-images/14f73bbb-6f4c-4c1f-bd8c-4b4ababa9842_d906e7db-0eea-47c2-b25d-20a8384b7746.jpg/250x188.webp,2610,33.817501233272104,4359,58
ed19543b-161e-4e4a-8337-3231b4e5a74f,Renault,Modus,Monovolume,Dealer,5250,b,70000,10-2009,https://prod.pictures.autoscout24.net/listing-images/ed19543b-161e-4e4a-8337-3231b4e5a74f_3dab6dbf-ff47-45b5-a265-3ef0961dbf47.jpg/250x188.webp,3600,91.05707630102727,4816,66
868891cd-2406-428b-ae26-a821248b38f6,Renault,Megane,Berline,Dealer,5250,d,135000,04-2005,https://prod.pictures.autoscout24.net/listing-images/868891cd-2406-428b-ae26-a821248b38f6_10b1d033-a628-42d4-a18c-b6b9621eb618.jpg/250x188.webp,6140,118.16906783395082,6460,638
4e3e3b6d-f599-4e14-a58c-1599ebfbb32c,Renault,Clio,Berline,Dealer,5290,d,120000,01-2012,https://prod.pictures.autoscout24.net/listing-images/4e3e3b6d-f599-4e14-a58c-1599ebfbb32c_d540d632-51b0-42d6-ad9d-48943a194e16.jpg/250x188.webp,7134,116.23444273110738,3994,52
a73af3e7-d643-498c-a845-a403bf1cffcc,Renault,Twingo,Berline,PrivateSeller,5300,b,67924,05-2014,https://prod.pictures.autoscout24.net/listing-images/a73af3e7-d643-498c-a845-a403bf1cffcc_b70a7f14-0c26-442f-87ec-08c90732f279.jpg/250x188.webp,7100,111.04432979756132,3143,5
fe503835-b40d-4b8f-9e89-d64ad527ec0b,Renault,Megane,Break,PrivateSeller,5300,d,188547,12-2011,https://prod.pictures.autoscout24.net/listing-images/fe503835-b40d-4b8f-9e89-d64ad527ec0b_24026b1b-40f9-4b22-a46d-497fd79fbd77.jpg/250x188.webp,4040,120.39133917274062,4025,156
d6a5a3e3-03a4-40b4-9965-1b0f8808190b,Renault,Twingo,Andere,Dealer,5350,b,86000,01-2014,https://prod.pictures.autoscout24.net/listing-images/d6a5a3e3-03a4-40b4-9965-1b0f8808190b_fc2ff69f-76f1-4407-90c1-760c72c32dc2.jpg/250x188.webp,9120,31.412557196808976,3263,34
941c58cf-f4dd-4922-9c87-86c463c34047,Renault,Megane,Berline,PrivateSeller,5350,d,106000,04-2012,https://prod.pictures.autoscout24.net/listing-images/941c58cf-f4dd-4922-9c87-86c463c34047_5c7f3739-cd99-41dc-9aed-e73499b85628.jpg/250x188.webp,6700,222.44484417522085,3903,144
d4337436-8523-4d79-9460-a1b116e4d5bb,Renault,Megane,Break,PrivateSeller,5400,b,177750,06-2013,https://prod.pictures.autoscout24.net/listing-images/d4337436-8523-4d79-9460-a1b116e4d5bb_670e01d9-385f-4c2b-b49a-4d475964e787.jpg/250x188.webp,6900,152.64983349574425,3477,22
77e1de34-f100-4b45-a4e4-c6567074d677,Renault,Trafic,Bestelwagen,Dealer,5400,d,201000,04-2011,https://prod.pictures.autoscout24.net/listing-images/77e1de34-f100-4b45-a4e4-c6567074d677_36801438-5ee0-4ac0-a466-66605ee5e423.jpg/250x188.webp,1070,71.06367211068877,4269,21
35d77cc0-5884-4e2a-9b46-9e3744e0a74c,Renault,Clio,Berline,PrivateSeller,5400,b,100000,01-2014,https://prod.pictures.autoscout24.net/listing-images/35d77cc0-5884-4e2a-9b46-9e3744e0a74c_d4ef2613-153c-4ce6-8526-6b4a4f740bb0.jpg/250x188.webp,1000,69.17270624549755,3263,34
db4bf944-0844-41e9-bf57-1885c82ea5f6,Renault,Kangoo,Monovolume,PrivateSeller,5400,d,152300,06-2013,https://prod.pictures.autoscout24.net/listing-images/db4bf944-0844-41e9-bf57-1885c82ea5f6_ef3df2c2-27de-494b-a89b-0be03001c0b5.jpg/250x188.webp,1000,69.17270624549755,3477,107
109f1b59-013a-49b4-a381-2c52beed1e70,Renault,Kangoo,Bestelwagen,Dealer,5445,d,175348,09-2013,https://prod.pictures.autoscout24.net/listing-images/109f1b59-013a-49b4-a381-2c52beed1e70_a2775675-6ebf-4de6-8f97-85ca933629fd.jpg/250x188.webp,1480,90.6722887329444,3385,17
47c7caa4-7dbb-4984-b750-5f3ed829ece5,Renault,Clio,Berline,PrivateSeller,5450,d,145000,06-2011,https://prod.pictures.autoscout24.net/listing-images/47c7caa4-7dbb-4984-b750-5f3ed829ece5_c559435f-c126-48bf-9846-195ac2d63663.jpg/250x188.webp,6210,104.06467431888291,4208,1
bdb82734-0f0b-4c23-96f9-b7723f6a1d2b,Renault,Clio,Berline,Dealer,5450,b,103000,09-2011,https://prod.pictures.autoscout24.net/listing-images/bdb82734-0f0b-4c23-96f9-b7723f6a1d2b_d182f523-f734-40ad-95ce-ab2df14918ca.jpg/250x188.webp,1440,88.54751756589805,4116,10
3582e383-17ca-45b3-8fa2-f68ccb50f97b,Renault,Clio,Berline,Dealer,5450,b,76484,07-2007,https://prod.pictures.autoscout24.net/listing-images/3582e383-17ca-45b3-8fa2-f68ccb50f97b_93e55bb7-a436-4ab9-9c6f-06ec8169bf22.jpg/250x188.webp,8770,104.15692480242703,5639,20
7d7b9024-6be3-4f64-a0e4-e651c6b52144,Renault,Megane,Berline,Dealer,5450,d,147000,01-2012,https://prod.pictures.autoscout24.net/listing-images/7d7b9024-6be3-4f64-a0e4-e651c6b52144_ce578c7b-545a-43bc-9aff-2840935353be.jpg/250x188.webp,1730,61.98157406185932,3994,28
7dafa496-e3e3-4373-b47d-eab557eb89e3,Renault,Wind,Cabriolet,Dealer,5450,b,168630,08-2011,https://prod.pictures.autoscout24.net/listing-images/7dafa496-e3e3-4373-b47d-eab557eb89e3_52eb2f27-33a1-4d91-8281-0d295fd93ddd.jpg/250x188.webp,4710,138.55074659169972,4147,66
74bfa030-50f8-4611-acac-e519a10e547f,Renault,Kangoo,Bestelwagen,PrivateSeller,5450,d,125000,03-2015,https://prod.pictures.autoscout24.net/listing-images/74bfa030-50f8-4611-acac-e519a10e547f_f49adba1-982a-4a9a-9fb5-3052446d12eb.jpg/250x188.webp,1830,61.99821855231934,2839,68
f9ece9ca-92ee-466a-aa61-fae70abe6f05,Renault,Twingo,Berline,Dealer,5450,b,72000,10-2013,https://prod.pictures.autoscout24.net/listing-images/f9ece9ca-92ee-466a-aa61-fae70abe6f05_605a7640-c39d-4614-bc9f-d024d652efa5.jpg/250x188.webp,4520,112.57318942534252,3355,70
1fb35722-9c35-40bb-af57-3ee8fc6afd9f,Renault,Megane,Break,PrivateSeller,5450,d,166619,11-2011,https://prod.pictures.autoscout24.net/listing-images/1fb35722-9c35-40bb-af57-3ee8fc6afd9f_9ff87ea5-2f60-45dd-8116-761d4e95f8ca.jpg/250x188.webp,9990,76.7983356711753,4055,106
65645c4e-52f1-4b7f-b5c9-65b0d33b7f50,Renault,Fluence,Berline,PrivateSeller,5450,b,164000,05-2011,https://prod.pictures.autoscout24.net/listing-images/65645c4e-52f1-4b7f-b5c9-65b0d33b7f50_640d6e23-e956-444d-824a-f753b7b16b79.jpg/250x188.webp,3190,54.823479205129566,4239,164
95b6cbd8-4d93-439e-b012-e8f7bc5f1a7b,Renault,Laguna,Berline,Dealer,5450,d,136000,05-2009,https://prod.pictures.autoscout24.net/listing-images/95b6cbd8-4d93-439e-b012-e8f7bc5f1a7b_ddbe1710-cd18-4a64-b92d-8385e52a43db.jpg/250x188.webp,6061,117.55452099458994,4969,176
c0090b3c-3608-4281-a939-40a1524a84f4,Renault,Megane,Berline,Dealer,5450,b,150000,04-2013,https://prod.pictures.autoscout24.net/listing-images/c0090b3c-3608-4281-a939-40a1524a84f4_1a277127-d536-48df-88e0-2de5b499cddd.jpg/250x188.webp,1400,97.35176357549375,3538,242
113a9c74-65d5-4244-b56d-a9ceeeea4d03,Renault,Twingo,Berline,Dealer,5450,b,115000,12-2013,https://prod.pictures.autoscout24.net/listing-images/113a9c74-65d5-4244-b56d-a9ceeeea4d03_ca3db933-d766-4721-b344-78c0eb05a074.jpg/250x188.webp,7134,116.23444273110738,3294,295
7fd8290a-965e-45a7-9b53-1eb48d8c34f2,Renault,Laguna,Coupé,Dealer,5490,d,168000,10-2010,https://prod.pictures.autoscout24.net/listing-images/7fd8290a-965e-45a7-9b53-1eb48d8c34f2_637a1879-8eac-4d74-a5f3-079cb96f0159.jpg/250x188.webp,5020,112.56317852994579,4451,32
fe3c31e3-7df7-409e-b1d5-c6f713405f89,Renault,Kangoo,Bestelwagen,Dealer,5490,d,201000,11-2015,https://prod.pictures.autoscout24.net/listing-images/fe3c31e3-7df7-409e-b1d5-c6f713405f89_b9e431b5-4af7-4743-8aad-5dcf2dd15ae0.jpg/250x188.webp,5020,112.56317852994579,2594,50
641e0633-c861-4d27-a599-50cf1170a2d5,Renault,Kangoo,Bestelwagen,PrivateSeller,5490,d,94500,06-2011,https://prod.pictures.autoscout24.net/listing-images/641e0633-c861-4d27-a599-50cf1170a2d5_fd7770bb-1132-4216-b671-f032231c4289.jpg/250x188.webp,8800,107.24415982689398,4208,51
20605092-1f83-4836-b415-54ae73b2265a,Renault,Clio,Berline,Dealer,5490,d,149000,05-2012,https://prod.pictures.autoscout24.net/listing-images/20605092-1f83-4836-b415-54ae73b2265a_90e11032-681d-4bee-836f-48230ded08ee.jpg/250x188.webp,1420,87.49639779077864,3873,76
cda48329-aed2-4af0-90a8-1da37a341a67,Renault,Kangoo,Bestelwagen,Dealer,5490,d,180293,01-2013,https://prod.pictures.autoscout24.net/listing-images/cda48329-aed2-4af0-90a8-1da37a341a67_388896ce-8e19-4a02-83f3-db47713c2768.jpg/250x188.webp,6970,169.87153563896285,3628,89
678ecbf0-037d-4e98-b4d0-839f39f7cf99,Renault,Kangoo,Monovolume,Dealer,5490,d,181346,11-2010,https://prod.pictures.autoscout24.net/listing-images/678ecbf0-037d-4e98-b4d0-839f39f7cf99_2741d00d-fc95-48c5-abc3-c5ea7bb6377d.jpg/250x188.webp,4450,114.45150919355073,4420,108
4f802323-2e5e-419f-b12f-7dd8ca101bfb,Renault,Megane,Berline,Dealer,5490,d,141145,01-2011,https://prod.pictures.autoscout24.net/listing-images/4f802323-2e5e-419f-b12f-7dd8ca101bfb_76fe3ef2-e020-48c3-88ed-f921b5bc0446.jpg/250x188.webp,6200,119.77990387531518,4359,206
2e6f8808-fd89-4592-b05c-4638cd4c333e,Renault,Scenic,Monovolume,Dealer,5490,d,150152,10-2011,https://prod.pictures.autoscout24.net/listing-images/2e6f8808-fd89-4592-b05c-4638cd4c333e_fda4e99e-1dcd-46d6-917d-5005fdd143f6.jpg/250x188.webp,6200,119.77990387531518,4086,230
c510022f-e6b5-49f1-98c8-5cd5265258ef,Renault,Fluence,Berline,Dealer,5499,d,120000,06-2012,https://prod.pictures.autoscout24.net/listing-images/c510022f-e6b5-49f1-98c8-5cd5265258ef_9709b780-ffcc-4de8-b316-8a179efef097.jpg/250x188.webp,1428,91.7253544984551,3842,0
4688653c-1ce9-4c2d-ba2b-540674eb91b5,Renault,Clio,Berline,Dealer,5499,b,126000,02-2011,https://prod.pictures.autoscout24.net/listing-images/4688653c-1ce9-4c2d-ba2b-540674eb91b5_fb1b7540-2746-4d40-a0e8-c9af857a86b2.jpg/250x188.webp,3940,72.49261206065027,4328,6
9ac914c7-4119-4d5e-b40d-73500eeb287a,Renault,Kangoo,Bestelwagen,Dealer,5500,d,132800,10-2012,https://prod.pictures.autoscout24.net/listing-images/9ac914c7-4119-4d5e-b40d-73500eeb287a_31132832-3946-4c12-9ab7-77a91067f0ec.jpg/250x188.webp,6200,119.77990387531518,3720,8
c839f7c3-ef21-4f2a-a875-d74b82d84b26,Renault,Megane,Break,PrivateSeller,5500,d,461000,06-2017,https://prod.pictures.autoscout24.net/listing-images/c839f7c3-ef21-4f2a-a875-d74b82d84b26_c427a4c2-a3f7-477a-b9c7-791aa294ed8a.jpg/250x188.webp,6000,117.49014599385939,2016,1
b3b164b3-6d92-4e61-bd80-6d9d909deda1,Renault,Twingo,Coupé,Dealer,5500,b,38000,12-2013,https://prod.pictures.autoscout24.net/listing-images/b3b164b3-6d92-4e61-bd80-6d9d909deda1_67b32167-ced3-472a-a0ba-9c51046669bd.jpg/250x188.webp,6700,222.44484417522085,3294,2
1f84fd3e-7dc9-4b7e-8f2e-5dfd3a5b1039,Renault,R 4,Andere,PrivateSeller,5500,b,146000,05-1985,https://prod.pictures.autoscout24.net/listing-images/1f84fd3e-7dc9-4b7e-8f2e-5dfd3a5b1039_a75cc7da-939a-417a-b534-decd0b57e723.jpg/250x188.webp,1730,61.98157406185932,13735,4
2a38594c-df78-47e2-870b-41765a2cf0c0,Renault,Kangoo,Bestelwagen,PrivateSeller,5500,d,150000,06-2011,https://prod.pictures.autoscout24.net/listing-images/2a38594c-df78-47e2-870b-41765a2cf0c0_2d67d178-0aa7-401c-bcd4-9483a60808d6.jpg/250x188.webp,4970,152.85252210081651,4208,4
3a9b8430-4707-49e9-940a-e376b5e4d04e,Renault,Twizy,Coupé,Dealer,5500,e,33158,06-2018,https://prod.pictures.autoscout24.net/listing-images/3a9b8430-4707-49e9-940a-e376b5e4d04e_a791c873-7bc6-4f86-89bd-e04febd40352.jpg/250x188.webp,1410,83.89428081314767,1651,12
2225c09f-682f-410a-af25-956d43bd4747,Renault,Megane,Break,PrivateSeller,5500,d,231300,03-2015,https://prod.pictures.autoscout24.net/listing-images/2225c09f-682f-410a-af25-956d43bd4747_eac19a8d-80eb-423e-8bb0-a65ec6ec079a.jpg/250x188.webp,1200,69.44150665917473,2839,14
38c11e55-c243-4fd3-8a8b-8b0b379525e3,Renault,Clio,Break,PrivateSeller,5500,d,190000,11-2014,https://prod.pictures.autoscout24.net/listing-images/38c11e55-c243-4fd3-8a8b-8b0b379525e3_aa0b1741-7062-4494-af7c-7117e527e26a.jpg/250x188.webp,4000,118.53949006185148,2959,15
e1ac9c56-7981-4f4e-8d28-9cd32d08d98e,Renault,Clio,Berline,Dealer,5500,b,120000,01-2010,https://prod.pictures.autoscout24.net/listing-images/e1ac9c56-7981-4f4e-8d28-9cd32d08d98e_6e86373c-5438-40fe-8f8f-0b44cb82d47b.jpg/250x188.webp,6700,222.44484417522085,4724,15
255c64a2-7604-43e8-a2de-8167eb2f5f3e,Renault,Twingo,Berline,PrivateSeller,5500,b,63817,01-2012,https://prod.pictures.autoscout24.net/listing-images/255c64a2-7604-43e8-a2de-8167eb2f5f3e_52dbe326-5223-4b38-b6fd-f74719b13716.jpg/250x188.webp,1785,62.024853812453884,3994,17
e740ecd2-3c67-450d-896d-242fd8f9b0c2,Renault,Grand Scenic,Monovolume,PrivateSeller,5500,d,160000,01-2012,https://prod.pictures.autoscout24.net/listing-images/e740ecd2-3c67-450d-896d-242fd8f9b0c2_a143364d-18f3-4e67-b49a-11cea1d1a5b9.jpg/250x188.webp,9810,80.58546176841949,3994,77
1cc87a18-6919-4f8f-a5ba-b0b9602a2a7c,Renault,Kangoo,Bestelwagen,PrivateSeller,5500,d,145000,04-2014,https://prod.pictures.autoscout24.net/listing-images/1cc87a18-6919-4f8f-a5ba-b0b9602a2a7c_7424dd78-b28b-4449-bc79-092cc1b24f1d.jpg/250x188.webp,7160,111.53193473693841,3173,54
3d1d5c22-1bbf-4e66-b712-bb1388752b6a,Renault,Grand Scenic,Monovolume,PrivateSeller,5500,d,192000,03-2012,https://prod.pictures.autoscout24.net/listing-images/3d1d5c22-1bbf-4e66-b712-bb1388752b6a_385bc276-16c8-4881-b984-d2749e19fa3f.jpg/250x188.webp,4860,136.57795670699153,3934,64
e4ca1de1-c71f-4aa7-8a86-920ee9d50176,Renault,Megane,Cabriolet,PrivateSeller,5500,b,205000,09-2006,https://prod.pictures.autoscout24.net/listing-images/e4ca1de1-c71f-4aa7-8a86-920ee9d50176_09348574-2568-4089-b4a0-d3a2eb7e75e6.jpg/250x188.webp,1070,71.06367211068877,5942,71
0de43cd0-403a-478c-8991-24f2d80ce666,Renault,Twingo,Stadswagen,PrivateSeller,5500,b,77950,01-2013,https://prod.pictures.autoscout24.net/listing-images/0de43cd0-403a-478c-8991-24f2d80ce666_b96873d5-2050-4a26-b51d-986e39badcf1.jpg/250x188.webp,9290,58.400688634011,3628,71
55b4f267-e35f-4daf-8348-b26d6efb3f11,Renault,Kangoo,Bestelwagen,PrivateSeller,5500,d,145000,04-2014,https://prod.pictures.autoscout24.net/listing-images/55b4f267-e35f-4daf-8348-b26d6efb3f11_25895e75-8297-4dce-bd47-e4b86bdf02cd.jpg/250x188.webp,7160,111.53193473693841,3173,81
1770841b-70ef-484e-b1cd-b4b269cc478d,Renault,Scenic,Monovolume,PrivateSeller,5500,d,122000,11-2011,https://prod.pictures.autoscout24.net/listing-images/1770841b-70ef-484e-b1cd-b4b269cc478d_d5a42c23-9938-4cb8-99dd-53308f5d2ef2.jpg/250x188.webp,1800,60.05560122441548,4055,86
fe00646b-d978-4c2b-9d40-17ab5c7edf3f,Renault,Megane,Break,PrivateSeller,5500,d,178000,04-2011,https://prod.pictures.autoscout24.net/listing-images/fe00646b-d978-4c2b-9d40-17ab5c7edf3f_31d0477d-d0f9-4b24-af40-1572a1ac57fb.jpg/250x188.webp,1090,66.80320352454842,4269,90
d4d54940-c9f7-4f89-a01e-3992fcdc774c,Renault,Megane,Break,Dealer,5500,d,199600,01-2012,https://prod.pictures.autoscout24.net/listing-images/d4d54940-c9f7-4f89-a01e-3992fcdc774c_4a7fb116-2b05-492c-ab5b-f98bb00a05f2.jpg/250x188.webp,4100,122.70999344916741,3994,101
4ece7249-8935-4d4d-a02b-72476a70a327,Renault,Laguna,Coupé,Dealer,5500,d,160000,02-2009,https://prod.pictures.autoscout24.net/listing-images/4ece7249-8935-4d4d-a02b-72476a70a327_ed185557-e017-42a0-9800-4b5d189bbdb6.jpg/250x188.webp,7033,120.92234590410432,5058,106
8c86ac0f-cd6c-4750-8653-c8c1e050c599,Renault,Megane,Coupé,PrivateSeller,5500,d,203000,11-2011,https://prod.pictures.autoscout24.net/listing-images/8c86ac0f-cd6c-4750-8653-c8c1e050c599_ab43b4c2-11d0-4943-b9e6-c2865f5bd471.jpg/250x188.webp,5640,127.88750807473824,4055,119
a58220d7-1b6a-44f4-8a6b-77f4b7accc98,Renault,Twingo,Berline,PrivateSeller,5500,b,111000,04-2013,https://prod.pictures.autoscout24.net/listing-images/a58220d7-1b6a-44f4-8a6b-77f4b7accc98_f41724ff-4364-405e-aa06-9107a06cc754.jpg/250x188.webp,3040,76.48470542920033,3538,177
279f56b1-fbb9-40bc-b988-58067919c2b5,Renault,Twingo,Berline,Dealer,5590,b,108848,01-2014,https://prod.pictures.autoscout24.net/listing-images/279f56b1-fbb9-40bc-b988-58067919c2b5_a409fc32-155f-4bf0-865c-52c794cc4b88.jpg/250x188.webp,7500,124.32337959708627,3263,39
20562efc-6d21-4d2d-b765-805b1172c8eb,Renault,Megane,Break,Dealer,5599,d,165965,03-2012,https://prod.pictures.autoscout24.net/listing-images/20562efc-6d21-4d2d-b765-805b1172c8eb_39a51470-5d56-4949-99b2-170d656acd81.jpg/250x188.webp,1600,78.61296004280759,3934,299
5982b6f2-486f-4a79-bb13-c127d7b96ffd,Renault,Clio,Berline,PrivateSeller,5600,d,198000,09-2014,https://prod.pictures.autoscout24.net/listing-images/5982b6f2-486f-4a79-bb13-c127d7b96ffd_12019a31-a17c-4360-a2d4-0da7b6c15deb.jpg/250x188.webp,1850,59.738651260413086,3020,182
81b69783-ab6e-4e9c-b9cd-43413c58c414,Renault,Megane,Break,PrivateSeller,5600,d,235000,04-2013,https://prod.pictures.autoscout24.net/listing-images/81b69783-ab6e-4e9c-b9cd-43413c58c414_d3e9db8c-a300-4145-a8e3-6f663a3ed5ee.jpg/250x188.webp,5060,116.00750129472273,3538,194
f6eaba8d-f5cb-41c6-86da-84c56474f892,Renault,Megane,Berline,PrivateSeller,5650,d,149000,11-2011,https://prod.pictures.autoscout24.net/listing-images/f6eaba8d-f5cb-41c6-86da-84c56474f892_f7aa676b-9f91-4ab5-b7cf-56ea84e6387f.jpg/250x188.webp,9120,31.412557196808976,4055,34
cb43cf09-a74b-43d4-a7f7-5d32cc9a147e,Renault,Trafic,Bestelwagen,Dealer,5700,d,268000,11-2007,https://prod.pictures.autoscout24.net/listing-images/cb43cf09-a74b-43d4-a7f7-5d32cc9a147e_12a37544-bac2-4ab1-87d6-f6894212d172.jpg/250x188.webp,8860,107.47860619254739,5516,0
37a0d902-845e-479e-92ac-d0f28067f764,Renault,Megane,Break,PrivateSeller,5700,d,156828,05-2013,https://prod.pictures.autoscout24.net/listing-images/37a0d902-845e-479e-92ac-d0f28067f764_ea18b630-37ad-4e5a-8bc4-d7154426249b.jpg/250x188.webp,8810,103.74128727041406,3508,22
8f9cde05-5371-42ee-ada9-5dd012e32397,Renault,Scenic,Monovolume,PrivateSeller,5700,d,158000,01-2014,https://prod.pictures.autoscout24.net/listing-images/8f9cde05-5371-42ee-ada9-5dd012e32397_2df07d4a-9360-4e41-bb73-818d6f7516fa.jpg/250x188.webp,1800,60.05560122441548,3263,25
4d3d7ecd-38cd-4b48-9fd2-d7e878672e1c,Renault,Fluence,Berline,Dealer,5700,d,185000,06-2012,https://prod.pictures.autoscout24.net/listing-images/4d3d7ecd-38cd-4b48-9fd2-d7e878672e1c_426fc576-8bf0-4908-9eb8-7b43ad0c73c4.jpg/250x188.webp,1730,61.98157406185932,3842,57
0f2b2de8-8843-47c3-8000-60f9da200dcb,Renault,Kangoo,Bestelwagen,PrivateSeller,5700,d,175000,02-2014,https://prod.pictures.autoscout24.net/listing-images/0f2b2de8-8843-47c3-8000-60f9da200dcb_69adba2b-7604-4ad0-bf58-714b3334e891.jpg/250x188.webp,1040,70.85448790939559,3232,163
7f4fd8de-ca9b-4f07-b791-5e50df1ee375,Renault,Kangoo,Bestelwagen,Dealer,5700,d,197635,11-2014,https://prod.pictures.autoscout24.net/listing-images/7f4fd8de-ca9b-4f07-b791-5e50df1ee375_60432a6b-92df-4ee3-ac82-598b2b61858e.jpg/250x188.webp,1600,78.61296004280759,2959,176
81254899-1281-40b0-8172-ff0acb7b540e,Renault,Modus,Monovolume,PrivateSeller,5750,b,24781,02-2005,https://prod.pictures.autoscout24.net/listing-images/81254899-1281-40b0-8172-ff0acb7b540e_a151a227-986a-4047-8487-797c73968200.jpg/250x188.webp,8540,103.49888255567093,6519,8
993d069b-876a-473a-8dd3-e2b6c8ccd890,Renault,Twingo,Stadswagen,Dealer,5750,b,43759,09-2011,https://prod.pictures.autoscout24.net/listing-images/993d069b-876a-473a-8dd3-e2b6c8ccd890_d96dd81f-62ec-458c-bf2c-67a808dfc612.jpg/250x188.webp,1020,66.36225311284039,4116,24
8830d237-086d-4bc4-9106-9e4afedd0286,Renault,Scenic,Monovolume,Dealer,5750,d,165000,02-2011,https://prod.pictures.autoscout24.net/listing-images/8830d237-086d-4bc4-9106-9e4afedd0286_90fbc310-ecfe-442d-a6b2-fd538b406de4.jpg/250x188.webp,1360,94.96010137768063,4328,85
fc067e39-5fed-4bb9-9460-b3c47ea313e8,Renault,Megane,Cabriolet,Dealer,5750,b,122402,04-1999,https://prod.pictures.autoscout24.net/listing-images/fc067e39-5fed-4bb9-9460-b3c47ea313e8_fdf62ed9-9fc3-4556-a528-dba078574190.jpg/250x188.webp,1000,69.17270624549755,8652,213
e131f7cc-4f6f-40ad-ac7b-143ca4864b61,Renault,Grand Scenic,Andere,Dealer,5790,d,162000,04-2011,https://prod.pictures.autoscout24.net/listing-images/e131f7cc-4f6f-40ad-ac7b-143ca4864b61_9a6f379b-855a-47eb-b522-830c57f6fe8e.jpg/250x188.webp,5020,112.56317852994579,4269,32
caa17f53-fa9e-4f17-b249-a210ea1dfd14,Renault,Kangoo,Andere,Dealer,5800,d,128000,01-2002,https://prod.pictures.autoscout24.net/listing-images/caa17f53-fa9e-4f17-b249-a210ea1dfd14_9ad8a4e1-f3ff-42e1-a437-fb34aa848d36.jpg/250x188.webp,3500,86.84432103923942,7646,10
a472f0ac-904e-48ee-8340-a9dfeb6e9e67,Renault,Kangoo,Andere,Dealer,5800,d,207000,05-2005,https://prod.pictures.autoscout24.net/listing-images/a472f0ac-904e-48ee-8340-a9dfeb6e9e67_76a4dced-23de-4ca8-9b3e-98d0500087d0.jpg/250x188.webp,3500,86.84432103923942,6430,51
e01b85f2-55f0-4190-b42b-16a6a5d169ca,Renault,Kangoo,Andere,Dealer,5800,d,44000,04-2001,https://prod.pictures.autoscout24.net/listing-images/e01b85f2-55f0-4190-b42b-16a6a5d169ca_8a58d2ef-9055-4710-97e4-0405157ef777.jpg/250x188.webp,3500,86.84432103923942,7921,12
13a173f3-a420-40cc-994f-a87ff0e8e4f1,Renault,Megane,Berline,Dealer,5800,b,90600,05-2009,https://prod.pictures.autoscout24.net/listing-images/13a173f3-a420-40cc-994f-a87ff0e8e4f1_9fcdcddf-6737-462f-9e2c-d86433596794.jpg/250x188.webp,1050,70.92422613330518,4969,13
89aec253-c80a-4eac-804d-511e4c6dbeae,Renault,Clio,Berline,PrivateSeller,5800,d,41689,12-2014,https://prod.pictures.autoscout24.net/listing-images/89aec253-c80a-4eac-804d-511e4c6dbeae_707082de-7ed3-4603-b3ea-33f2f7239512.jpg/250x188.webp,3550,75.75580829789837,2929,31
ceac9719-cdb5-41d4-b9df-31a1e0b96f13,Renault,Megane,Coupé,PrivateSeller,5800,d,179200,06-2011,https://prod.pictures.autoscout24.net/listing-images/ceac9719-cdb5-41d4-b9df-31a1e0b96f13_f5a5731c-aa74-4a53-b8e5-fef40721052a.jpg/250x188.webp,1030,66.85598932704684,4208,53
8c96cecc-044f-340b-e053-0100007f24ff,Renault,Megane,Break,PrivateSeller,5800,d,157000,11-2011,https://prod.pictures.autoscout24.net/listing-images/8c96cecc-044f-340b-e053-0100007f24ff_16b9d419-791c-4642-8e77-88f1c2beacc6.jpg/250x188.webp,3300,76.19991947951956,4055,439
beeddbea-53a4-430c-a88c-8cf70f083f39,Renault,Megane,Break,Dealer,5850,d,135700,02-2016,https://prod.pictures.autoscout24.net/listing-images/beeddbea-53a4-430c-a88c-8cf70f083f39_d44935e1-d986-46a0-ad6a-f96199a7e23e.jpg/250x188.webp,4020,121.60247278825214,2502,13
fa23fb0e-b104-4064-84a2-72bddabd50aa,Renault,Kangoo,Monovolume,PrivateSeller,5850,d,188000,11-2013,https://prod.pictures.autoscout24.net/listing-images/fa23fb0e-b104-4064-84a2-72bddabd50aa_fef9bc9c-aeb8-47b6-9203-37690230c14b.jpg/250x188.webp,1130,63.740079129249956,3324,30
623cea43-3903-4e32-b247-d0513df66785,Renault,Kangoo,Monovolume,Dealer,5899,d,49000,06-2008,https://prod.pictures.autoscout24.net/listing-images/623cea43-3903-4e32-b247-d0513df66785_4cad5a50-55d2-4017-be45-23b548c1c804.jpg/250x188.webp,1602,75.23922327931528,5303,10
f529d66b-1e19-4ead-8660-542b8d786fdd,Renault,Kangoo,Bestelwagen,Dealer,5899,d,178000,11-2015,https://prod.pictures.autoscout24.net/listing-images/f529d66b-1e19-4ead-8660-542b8d786fdd_e720b959-750d-476a-a529-0030715e440f.jpg/250x188.webp,1410,83.89428081314767,2594,14
a1d39037-a842-4649-a157-08e21a049876,Renault,Clio,Break,Dealer,5899,b,82859,04-2012,https://prod.pictures.autoscout24.net/listing-images/a1d39037-a842-4649-a157-08e21a049876_c125827a-c364-49cd-8f99-31ca7890b13c.jpg/250x188.webp,3020,64.4845066062384,3903,65
593736bf-25c0-486e-bf2b-6d7e90ff0c27,Renault,Scenic,Monovolume,Dealer,5900,d,179000,01-2010,https://prod.pictures.autoscout24.net/listing-images/593736bf-25c0-486e-bf2b-6d7e90ff0c27_ab63e2bf-76fa-40c7-a495-aa53f700b3be.jpg/250x188.webp,6700,222.44484417522085,4724,5
5e9d25df-0ffc-425e-81cf-61a16facc6e8,Renault,Grand Scenic,Monovolume,Dealer,5900,d,179000,01-2010,https://prod.pictures.autoscout24.net/listing-images/5e9d25df-0ffc-425e-81cf-61a16facc6e8_8efc0d09-32dc-4961-bd82-60ec44a8d503.jpg/250x188.webp,6700,222.44484417522085,4724,5
a8e99cad-3e5f-4c20-b788-c1d0eda0acf2,Renault,Megane,Coupé,Dealer,5900,b,145000,10-2012,https://prod.pictures.autoscout24.net/listing-images/a8e99cad-3e5f-4c20-b788-c1d0eda0acf2_0da3ce79-49de-4a21-a360-fedba7fc92d3.jpg/250x188.webp,4820,135.89752060472813,3720,6
0f8e6cb6-df3e-4e94-8ab0-14afa5904cef,Renault,Twingo,Stadswagen,Dealer,5900,d,58355,02-2012,https://prod.pictures.autoscout24.net/listing-images/0f8e6cb6-df3e-4e94-8ab0-14afa5904cef_889e3cdd-5ad0-40cd-aa18-beb16e9abfa2.jpg/250x188.webp,2100,27.421552979694752,3963,9
1626897f-e5e9-4756-892c-5c793238e0d6,Renault,Clio,Berline,PrivateSeller,5900,b,202000,01-2003,https://prod.pictures.autoscout24.net/listing-images/1626897f-e5e9-4756-892c-5c793238e0d6_8637b6ed-8e15-4ae4-bf00-eb9f2d0996b7.jpg/250x188.webp,1880,51.61497105117187,7281,21
242350a8-56be-40ec-8548-b946ecc98cb8,Renault,Megane,Berline,Dealer,5900,b,101000,06-2013,https://prod.pictures.autoscout24.net/listing-images/242350a8-56be-40ec-8548-b946ecc98cb8_7f05d3af-72b1-4fcb-bcee-f5a34e1ccbd0.jpg/250x188.webp,2610,33.817501233272104,3477,23
b6eb605c-c841-4380-bfa4-890a54858223,Renault,Clio,Berline,Dealer,5900,b,131000,06-2012,https://prod.pictures.autoscout24.net/listing-images/b6eb605c-c841-4380-bfa4-890a54858223_83c11526-598b-4316-85f7-731997354c65.jpg/250x188.webp,5364,131.55815303297973,3842,35
593736bf-25c0-486e-bf2b-6d7e90ff0c27,Renault,Scenic,Monovolume,Dealer,5900,d,179000,01-2010,https://prod.pictures.autoscout24.net/listing-images/593736bf-25c0-486e-bf2b-6d7e90ff0c27_ab63e2bf-76fa-40c7-a495-aa53f700b3be.jpg/250x188.webp,6700,222.44484417522085,4724,5
5e9d25df-0ffc-425e-81cf-61a16facc6e8,Renault,Grand Scenic,Monovolume,Dealer,5900,d,179000,01-2010,https://prod.pictures.autoscout24.net/listing-images/5e9d25df-0ffc-425e-81cf-61a16facc6e8_8efc0d09-32dc-4961-bd82-60ec44a8d503.jpg/250x188.webp,6700,222.44484417522085,4724,5
a8e99cad-3e5f-4c20-b788-c1d0eda0acf2,Renault,Megane,Coupé,Dealer,5900,b,145000,10-2012,https://prod.pictures.autoscout24.net/listing-images/a8e99cad-3e5f-4c20-b788-c1d0eda0acf2_0da3ce79-49de-4a21-a360-fedba7fc92d3.jpg/250x188.webp,4820,135.89752060472813,3720,6
0f8e6cb6-df3e-4e94-8ab0-14afa5904cef,Renault,Twingo,Stadswagen,Dealer,5900,d,58355,02-2012,https://prod.pictures.autoscout24.net/listing-images/0f8e6cb6-df3e-4e94-8ab0-14afa5904cef_889e3cdd-5ad0-40cd-aa18-beb16e9abfa2.jpg/250x188.webp,2100,27.421552979694752,3963,9
1626897f-e5e9-4756-892c-5c793238e0d6,Renault,Clio,Berline,PrivateSeller,5900,b,202000,01-2003,https://prod.pictures.autoscout24.net/listing-images/1626897f-e5e9-4756-892c-5c793238e0d6_8637b6ed-8e15-4ae4-bf00-eb9f2d0996b7.jpg/250x188.webp,1880,51.61497105117187,7281,21
242350a8-56be-40ec-8548-b946ecc98cb8,Renault,Megane,Berline,Dealer,5900,b,101000,06-2013,https://prod.pictures.autoscout24.net/listing-images/242350a8-56be-40ec-8548-b946ecc98cb8_7f05d3af-72b1-4fcb-bcee-f5a34e1ccbd0.jpg/250x188.webp,2610,33.817501233272104,3477,23
b6eb605c-c841-4380-bfa4-890a54858223,Renault,Clio,Berline,Dealer,5900,b,131000,06-2012,https://prod.pictures.autoscout24.net/listing-images/b6eb605c-c841-4380-bfa4-890a54858223_83c11526-598b-4316-85f7-731997354c65.jpg/250x188.webp,5364,131.55815303297973,3842,35
1bf16660-db49-429b-b04c-ed4d88513ea7,Renault,Grand Scenic,Monovolume,PrivateSeller,5900,d,75000,06-2009,https://prod.pictures.autoscout24.net/listing-images/1bf16660-db49-429b-b04c-ed4d88513ea7_c295d51a-6b68-4a11-a1ed-ad2307e9fe55.jpg/250x188.webp,6060,116.023023143389,4938,86
cfc69576-ba68-4731-97b7-06341eddf47a,Renault,Kangoo,Monovolume,PrivateSeller,5900,d,188000,04-2011,https://prod.pictures.autoscout24.net/listing-images/cfc69576-ba68-4731-97b7-06341eddf47a_5e682b60-84df-4b8d-b23b-2c7e28b821b9.jpg/250x188.webp,6840,191.08824841558032,4269,110
eec7fb5f-5a4f-452b-a4ed-a0271cd19170,Renault,Scenic,Monovolume,PrivateSeller,5900,d,126630,03-2011,https://prod.pictures.autoscout24.net/listing-images/eec7fb5f-5a4f-452b-a4ed-a0271cd19170_0f01d854-fdb1-4277-b04c-0fe7cbba3ce8.jpg/250x188.webp,7060,102.95472204892502,4300,136
9ef132e8-049d-46ab-a495-ecd06169a93d,Renault,Megane,Berline,Dealer,5950,b,56000,10-2009,https://prod.pictures.autoscout24.net/listing-images/9ef132e8-049d-46ab-a495-ecd06169a93d_b15217c0-ff4b-4129-bf82-cd611f3625a2.jpg/250x188.webp,1060,71.73094529250689,4816,7
633a27a1-6204-4fb3-866d-a7db7fde8603,Renault,Laguna,Break,Dealer,5950,d,198000,11-2011,https://prod.pictures.autoscout24.net/listing-images/633a27a1-6204-4fb3-866d-a7db7fde8603_27a0cfa0-7ad1-407f-a52e-18fa70146cc0.jpg/250x188.webp,6950,161.16047264566197,4055,10
3a7d4ce1-7a27-42e0-8f85-e23e3720f132,Renault,Clio,Berline,Dealer,5950,d,53000,12-2011,https://prod.pictures.autoscout24.net/listing-images/3a7d4ce1-7a27-42e0-8f85-e23e3720f132_238b051d-0a54-4614-a219-f60c3815d36b.jpg/250x188.webp,8200,93.81651363169982,4025,14
bf4012ff-b1a1-4369-9166-50d89148236d,Renault,Megane,Berline,Dealer,5950,b,143000,06-2013,https://prod.pictures.autoscout24.net/listing-images/bf4012ff-b1a1-4369-9166-50d89148236d_c9ea2d5a-9597-4885-912c-4780c09fd047.jpg/250x188.webp,1700,70.90697373704198,3477,29
73060999-2f05-4ecc-9442-0e1901c922cd,Renault,Laguna,Coupé,Dealer,5950,d,216500,04-2011,https://prod.pictures.autoscout24.net/listing-images/73060999-2f05-4ecc-9442-0e1901c922cd_c71353e3-024f-4b46-a5c4-cd8b4e0a2ef5.jpg/250x188.webp,4540,117.22161404327316,4269,30
8609b3c6-caf1-4dfa-8804-d9f16ce08cfc,Renault,Trafic,Bestelwagen,Dealer,5950,d,209000,12-2007,https://prod.pictures.autoscout24.net/listing-images/8609b3c6-caf1-4dfa-8804-d9f16ce08cfc_25152cae-1181-43f2-9c2d-455776b163d4.jpg/250x188.webp,4520,112.57318942534252,5486,31
d1fc02e6-ba88-4aa5-b585-5a4aa571498e,Renault,Kangoo,Bestelwagen,Dealer,5950,d,108816,10-2014,https://prod.pictures.autoscout24.net/listing-images/d1fc02e6-ba88-4aa5-b585-5a4aa571498e_2ac962ed-c104-4541-8ff0-520beb096db7.jpg/250x188.webp,6031,117.04479587125066,2990,31
e5a6053c-15d1-4369-b823-7b00bd86f9e5,Renault,Scenic,Monovolume,Dealer,5950,d,215000,06-2015,https://prod.pictures.autoscout24.net/listing-images/e5a6053c-15d1-4369-b823-7b00bd86f9e5_845d19a2-08df-40d9-8a48-cf026d4fe2ce.jpg/250x188.webp,1083,67.26476839570763,2747,37
479e75f1-0ca9-4979-bc51-1f3107e83cc2,Renault,Twingo,Berline,Dealer,5950,b,159000,03-2013,https://prod.pictures.autoscout24.net/listing-images/479e75f1-0ca9-4979-bc51-1f3107e83cc2_2441a26a-b2c6-4385-b1fc-24de488ae9a0.jpg/250x188.webp,1741,71.67446954885638,3569,56
f30c3ffb-62dd-49ea-af2b-ed4b6b800b63,Renault,Clio,Berline,Dealer,5950,b,62130,07-2010,https://prod.pictures.autoscout24.net/listing-images/f30c3ffb-62dd-49ea-af2b-ed4b6b800b63_d3f431d1-b974-4913-8d60-2c609217e91c.jpg/250x188.webp,3221,62.931511204304826,4543,66
2fba587d-0560-4db7-b66f-0a0717f9f075,Renault,Clio,Break,Dealer,5950,b,77000,09-2010,https://prod.pictures.autoscout24.net/listing-images/2fba587d-0560-4db7-b66f-0a0717f9f075_f7125702-544b-481b-ab54-2eeda41fd60b.jpg/250x188.webp,1780,63.273818071645216,4481,75
ea8cd32b-c15c-4204-b92d-f4c8b4cffc09,Renault,Clio,Break,Dealer,5950,b,111000,06-2012,https://prod.pictures.autoscout24.net/listing-images/ea8cd32b-c15c-4204-b92d-f4c8b4cffc09_912a1281-88e8-46e0-b3f8-224c82b62651.jpg/250x188.webp,1780,63.273818071645216,3842,91
ac2f389a-0870-4c2d-924f-fa7b539c433b,Renault,Clio,Break,Dealer,5950,b,200000,08-2013,https://prod.pictures.autoscout24.net/listing-images/ac2f389a-0870-4c2d-924f-fa7b539c433b_43126974-1a84-43ce-9cbb-ecab4a365c4f.jpg/250x188.webp,1730,61.98157406185932,3416,104
18dd3ef5-ad96-44aa-8b08-b21777c59e13,Renault,Clio,Berline,Dealer,5990,d,152700,08-2016,https://prod.pictures.autoscout24.net/listing-images/18dd3ef5-ad96-44aa-8b08-b21777c59e13_6e5a3db2-0196-4ef6-9e34-c9752d1abf54.jpg/250x188.webp,4020,121.60247278825214,2320,3
d01595b1-56f9-4444-90d8-b76e1cdc115c,Renault,Modus,Monovolume,Dealer,5990,b,24405,04-2009,https://prod.pictures.autoscout24.net/listing-images/d01595b1-56f9-4444-90d8-b76e1cdc115c_a9bfad4f-dff9-4aa0-8aaa-165471175181.jpg/250x188.webp,6150,118.77654030835686,4999,6
2c11c7b9-d204-438a-a89b-f46ca20df101,Renault,Twingo,Cabriolet,Dealer,5990,b,50711,11-2012,https://prod.pictures.autoscout24.net/listing-images/2c11c7b9-d204-438a-a89b-f46ca20df101_a54f14b9-e888-4d89-ab5d-c9d24c7dc82d.jpg/250x188.webp,1300,83.88957347991013,3689,11
cbed1ac7-e428-493a-9495-04cba6744367,Renault,Kangoo,Bestelwagen,Dealer,5990,d,72000,06-2015,https://prod.pictures.autoscout24.net/listing-images/cbed1ac7-e428-493a-9495-04cba6744367_d7674013-5299-4bbf-98cc-30dec58304fd.jpg/250x188.webp,3080,71.81912493945508,2747,12
c24c8a10-7a3e-4a75-ae8d-2674618b9657,Renault,Koleos,SUV/4x4/Pick-up,Dealer,5990,d,198000,01-2009,https://prod.pictures.autoscout24.net/listing-images/c24c8a10-7a3e-4a75-ae8d-2674618b9657_9709f654-0dfd-4acc-9ecb-efb6147c6d5c.jpg/250x188.webp,4040,120.39133917274062,5089,13
a7c1d938-1d3b-457d-bdbb-47d19b179bba,Renault,Kangoo,Bestelwagen,Dealer,5990,d,43644,01-2007,https://prod.pictures.autoscout24.net/listing-images/a7c1d938-1d3b-457d-bdbb-47d19b179bba_b08f8162-7ed5-4ce2-bcf9-043ae60f20fa.jpg/250x188.webp,1315,85.40551029135231,5820,14
eff5595a-eeb1-4409-8c66-f57ff70c532b,Renault,Megane,Berline,PrivateSeller,5990,b,143000,01-2010,https://prod.pictures.autoscout24.net/listing-images/eff5595a-eeb1-4409-8c66-f57ff70c532b_0aa47011-c2a6-41d2-b272-7c49bc80ec43.jpg/250x188.webp,4000,118.53949006185148,4724,20
4fdafa47-a92d-41eb-9139-a795b32e8756,Renault,Scenic,Monovolume,Dealer,5990,d,154100,05-2010,https://prod.pictures.autoscout24.net/listing-images/4fdafa47-a92d-41eb-9139-a795b32e8756_cfe42ef5-3e38-4178-8a33-1eb710cbc6b1.jpg/250x188.webp,7021,115.47908280382119,4604,26
35eeff73-998d-4bd1-809d-db8e725a131e,Renault,Clio,Berline,Dealer,5990,b,64532,03-2010,https://prod.pictures.autoscout24.net/listing-images/35eeff73-998d-4bd1-809d-db8e725a131e_a535a90b-9b59-4bbd-90f5-88f8ae250892.jpg/250x188.webp,4040,120.39133917274062,4665,55
feba921c-e9bd-42d1-a25f-8d6c7ce645a2,Renault,Wind,Cabriolet,Dealer,5990,b,119000,03-2011,https://prod.pictures.autoscout24.net/listing-images/feba921c-e9bd-42d1-a25f-8d6c7ce645a2_9b7fccdf-67fa-46f4-8a6f-2f2a47d07ef5.jpg/250x188.webp,1315,85.40551029135231,4300,267
755bb340-6a3f-436b-88d4-88c5239f73ce,Renault,Kangoo,SUV/4x4/Pick-up,PrivateSeller,5999,d,217000,11-2015,https://prod.pictures.autoscout24.net/listing-images/755bb340-6a3f-436b-88d4-88c5239f73ce_7fc99eb2-0028-4c27-a5d4-60e02bdc011b.jpg/250x188.webp,5650,134.20153138251405,2594,18
044065ea-ebdb-4bb6-ae06-100c374a4a62,Renault,Twingo,Berline,PrivateSeller,5999,b,147000,06-2013,https://prod.pictures.autoscout24.net/listing-images/044065ea-ebdb-4bb6-ae06-100c374a4a62_35c9b5e0-4e47-48dd-b6cb-34b7b4685076.jpg/250x188.webp,7160,111.53193473693841,3477,34
18602e8a-a206-485e-b9de-5296c6b01419,Renault,Modus,Andere,Dealer,5999,d,76600,11-2011,https://prod.pictures.autoscout24.net/listing-images/18602e8a-a206-485e-b9de-5296c6b01419_b48b2a7f-d290-4481-a74c-45bd118bc6e4.jpg/250x188.webp,1600,78.61296004280759,4055,63
d67174ed-9fea-4fa4-818a-545e13eda96d,Renault,Kangoo,Monovolume,Dealer,5999,d,150000,09-2014,https://prod.pictures.autoscout24.net/listing-images/d67174ed-9fea-4fa4-818a-545e13eda96d_8009015e-c408-4a68-86d4-1b37b2c2e1c6.jpg/250x188.webp,5580,153.28424572738868,3020,77
74049844-0082-4eeb-8b59-8d535be4e936,Renault,Twingo,Berline,Dealer,5999,d,68534,07-2011,https://prod.pictures.autoscout24.net/listing-images/74049844-0082-4eeb-8b59-8d535be4e936_8bc7cfe3-d0d8-4ce0-b104-a734f6ab7c24.jpg/250x188.webp,7387,133.5272895412881,4178,92
4c76c804-8574-46ed-8d95-fe82de8a2a3f,Renault,Latitude,Berline,PrivateSeller,5999,d,210000,09-2011,https://prod.pictures.autoscout24.net/listing-images/4c76c804-8574-46ed-8d95-fe82de8a2a3f_d3652b40-e975-4728-9137-23c238b05ae6.jpg/250x188.webp,6200,119.77990387531518,4116,95
98b05fca-c6ca-8643-e053-0100007f451f,Renault,Laguna,Coupé,PrivateSeller,5999,d,190000,02-2009,https://prod.pictures.autoscout24.net/listing-images/98b05fca-c6ca-8643-e053-0100007f451f_5351a87c-3ae0-47c6-a731-414d219878b6.jpg/250x188.webp,2910,0.0,5058,470
59fc4e70-509f-4e91-90d0-17978d10cfb0,Renault,Clio,Berline,Dealer,6000,d,171880,03-2015,https://prod.pictures.autoscout24.net/listing-images/59fc4e70-509f-4e91-90d0-17978d10cfb0_ae25d5a1-f933-4471-8532-f4dc6042ffcd.jpg/250x188.webp,5640,127.88750807473824,2839,15
70e7845d-df94-4cfc-a0ee-808d4b4c9ace,Renault,Clio,Berline,PrivateSeller,6000,d,120000,05-2014,https://prod.pictures.autoscout24.net/listing-images/70e7845d-df94-4cfc-a0ee-808d4b4c9ace_87045b8b-47ab-46e1-87c0-8b664dbac2a0.jpg/250x188.webp,1600,78.61296004280759,3143,16
2dba98a4-930c-4f59-aa15-f4cb52f6ebfd,Renault,Scenic,Monovolume,Dealer,6000,d,200000,08-2015,https://prod.pictures.autoscout24.net/listing-images/2dba98a4-930c-4f59-aa15-f4cb52f6ebfd_b689bc36-5a7e-4511-a12f-1c4c9505df19.jpg/250x188.webp,6698,162.1712561985485,2686,21
2756331b-f457-47e4-a30e-f623987d2587,Renault,Megane,Break,PrivateSeller,6000,d,187300,11-2011,https://prod.pictures.autoscout24.net/listing-images/2756331b-f457-47e4-a30e-f623987d2587_62ed3313-5fca-4a19-a7fb-6c6a418608f0.jpg/250x188.webp,9240,53.75602835198577,4055,25
6717cf8d-c2c6-41b9-a7f9-a9ca16ceea62,Renault,Megane,Coupé,PrivateSeller,6000,d,161000,07-2012,https://prod.pictures.autoscout24.net/listing-images/6717cf8d-c2c6-41b9-a7f9-a9ca16ceea62_c2b17194-e7f6-4780-a204-049539cca677.jpg/250x188.webp,7100,111.04432979756132,3812,26
97471298-7840-4edc-beeb-62fb65191f87,Renault,Scenic,Monovolume,PrivateSeller,6000,d,160000,11-2013,https://prod.pictures.autoscout24.net/listing-images/97471298-7840-4edc-beeb-62fb65191f87_7b3edadf-5579-41d9-aa51-9adbdc61eee4.jpg/250x188.webp,1070,71.06367211068877,3324,30
83cae410-ad55-43ee-af00-5d19fca116d8,Renault,Master,Bestelwagen,PrivateSeller,6000,d,224500,01-2007,https://prod.pictures.autoscout24.net/listing-images/83cae410-ad55-43ee-af00-5d19fca116d8_814a9fd8-fc6c-42d5-a909-6094eacd24ec.jpg/250x188.webp,2880,47.93429287155117,5820,52
2b0be1fb-ef16-4e7c-a4cb-1b85e8024475,Renault,Twingo,Berline,PrivateSeller,6000,b,104000,04-2015,https://prod.pictures.autoscout24.net/listing-images/2b0be1fb-ef16-4e7c-a4cb-1b85e8024475_0dc52ed6-e9dc-41d0-9f71-06d732adea50.jpg/250x188.webp,1500,83.25423672184138,2808,65
03a3f6e8-7f8e-4cc6-b2b5-34a191be00ad,Renault,Twizy,Andere,PrivateSeller,6000,e,31370,10-2014,https://prod.pictures.autoscout24.net/listing-images/03a3f6e8-7f8e-4cc6-b2b5-34a191be00ad_b6a69f05-7d30-496f-8db0-fa8bdd0afa13.jpg/250x188.webp,4850,132.6707282521058,2990,68
6eb6c91b-8d44-4537-be0b-1fb00d0d7b19,Renault,Clio,Berline,PrivateSeller,6000,d,140000,09-2013,https://prod.pictures.autoscout24.net/listing-images/6eb6c91b-8d44-4537-be0b-1fb00d0d7b19_07992c99-e3f7-4d53-9b90-4ca03977eb47.jpg/250x188.webp,1000,69.17270624549755,3385,74
f331be11-3f1e-4115-8c87-f60f437daa95,Renault,Kangoo,Bestelwagen,PrivateSeller,6000,d,135000,11-2014,https://prod.pictures.autoscout24.net/listing-images/f331be11-3f1e-4115-8c87-f60f437daa95_5df0aeba-b0de-46be-a97c-99e374b35648.jpg/250x188.webp,1380,86.77667336235669,2959,127
77ac477e-a4f7-4ba0-b935-651ca4e90871,Renault,Kangoo,Bestelwagen,Dealer,6050,d,60578,08-2016,https://prod.pictures.autoscout24.net/listing-images/77ac477e-a4f7-4ba0-b935-651ca4e90871_6ef79e4d-1bde-4d12-8a2f-b88b97a6be1f.jpg/250x188.webp,2640,33.48120517070446,2320,238
32dd10e9-b6ad-4ecf-81f7-2f612be5b854,Renault,Clio,Break,Dealer,6090,d,130000,03-2011,https://prod.pictures.autoscout24.net/listing-images/32dd10e9-b6ad-4ecf-81f7-2f612be5b854_d82d24ff-91ce-4c99-9cfc-1e541fc5b13c.jpg/250x188.webp,1470,94.66270459365258,4300,191
18517357-021f-4aa0-91f1-b9fbf5dc4ce2,Renault,Clio,Berline,Dealer,6200,b,80000,04-2016,https://prod.pictures.autoscout24.net/listing-images/18517357-021f-4aa0-91f1-b9fbf5dc4ce2_262e9bc6-a279-42e8-9062-aac9b1086c49.jpg/250x188.webp,1800,60.05560122441548,2442,1
0f2eef52-3b6d-436e-a980-26a8fcf3eddf,Renault,Megane,Berline,PrivateSeller,6200,b,134000,11-2010,https://prod.pictures.autoscout24.net/listing-images/0f2eef52-3b6d-436e-a980-26a8fcf3eddf_65748c09-91a2-4299-bba9-9a0efce24989.jpg/250x188.webp,5000,115.13665852422378,4420,67
14263531-57b8-46d8-be40-f87b52ccc10a,Renault,Megane,Berline,Dealer,6250,b,69000,06-2010,https://prod.pictures.autoscout24.net/listing-images/14263531-57b8-46d8-be40-f87b52ccc10a_a1dd592e-5fa6-4399-a2af-e43c03086161.jpg/250x188.webp,4530,111.99734570714251,4573,14
0a75161c-ad9f-497c-b3d6-150e6a4276e0,Renault,Scenic,Monovolume,Dealer,6250,d,160000,04-2012,https://prod.pictures.autoscout24.net/listing-images/0a75161c-ad9f-497c-b3d6-150e6a4276e0_3d786224-73ad-4c9e-b140-07df4dbffc7b.jpg/250x188.webp,9200,55.33414746561007,3903,61
5823a261-0897-4b9f-bcf5-ded3952ebf8d,Renault,Koleos,SUV/4x4/Pick-up,Dealer,6250,d,253000,05-2012,https://prod.pictures.autoscout24.net/listing-images/5823a261-0897-4b9f-bcf5-ded3952ebf8d_5a92d3a5-4b7c-4ae4-8d69-723439d29ce2.jpg/250x188.webp,1400,97.35176357549375,3873,65
b9f779d9-ef5a-441d-b7a3-dddcdac7f4da,Renault,Twizy,Andere,PrivateSeller,6300,e,11500,07-2020,https://prod.pictures.autoscout24.net/listing-images/b9f779d9-ef5a-441d-b7a3-dddcdac7f4da_12d0a3f2-bd3a-485a-889a-2b51c3233965.jpg/250x188.webp,1380,86.77667336235669,890,26
0a258620-2b3e-44d5-8cec-5cc30a58fa92,Renault,Kangoo,Bestelwagen,PrivateSeller,6300,d,112000,09-2013,https://prod.pictures.autoscout24.net/listing-images/0a258620-2b3e-44d5-8cec-5cc30a58fa92_211de127-bbe7-4d0e-8130-d9fcbe0d28cf.jpg/250x188.webp,7134,116.23444273110738,3385,61
9d9ff3c9-c515-4806-91b0-c8635db82124,Renault,Scenic,Monovolume,PrivateSeller,6300,d,162000,12-2012,https://prod.pictures.autoscout24.net/listing-images/9d9ff3c9-c515-4806-91b0-c8635db82124_8521d235-8269-4997-b54c-d8108585f477.jpg/250x188.webp,6020,116.87427855072593,3659,63
8588b778-8f74-440b-8c26-96d0e45576e2,Renault,Kangoo,Bestelwagen,PrivateSeller,6300,d,90000,01-2016,https://prod.pictures.autoscout24.net/listing-images/8588b778-8f74-440b-8c26-96d0e45576e2_b5dbed1a-817b-42c7-89b6-a69e4b4a5c45.jpg/250x188.webp,5030,102.63381600593108,2533,147
38983569-1224-4a85-ac1b-edcc81935e87,Renault,,Gesloten bestelwagen,Dealer,6352,d,272000,03-2013,https://prod.pictures.autoscout24.net/listing-images/38983569-1224-4a85-ac1b-edcc81935e87_0ed27167-b1df-4501-bbf6-274dc85cd1b9.jpg/250x188.webp,8421,100.91165089226374,3569,5
8f2ab0dc-8f48-415f-82ab-affb4297b606,Renault,Espace,Monovolume,Dealer,6390,d,200109,11-2012,https://prod.pictures.autoscout24.net/listing-images/8f2ab0dc-8f48-415f-82ab-affb4297b606_d0adc983-8e1c-45cc-a2b3-52ef116beb1a.jpg/250x188.webp,6020,116.87427855072593,3689,26
59570d1a-5e8a-4d4d-ad6c-2b625263d62e,Renault,Kangoo,Bestelwagen,PrivateSeller,6400,d,78000,07-2012,https://prod.pictures.autoscout24.net/listing-images/59570d1a-5e8a-4d4d-ad6c-2b625263d62e_e45a386f-c814-415b-973d-8b820b775f76.jpg/250x188.webp,1780,63.273818071645216,3812,99
4f9a9ed5-cc55-4f48-8531-122ff1c2fe12,Renault,Twingo,Berline,Dealer,6450,b,63185,06-2013,https://prod.pictures.autoscout24.net/listing-images/4f9a9ed5-cc55-4f48-8531-122ff1c2fe12_97d24d86-d905-46e2-9aec-f987d65995e7.jpg/250x188.webp,9402,77.6485465586824,3477,5
a3bae944-0ec5-4853-a3ce-8c73e408dfbf,Renault,Clio,Berline,Dealer,6450,b,168000,11-2013,https://prod.pictures.autoscout24.net/listing-images/a3bae944-0ec5-4853-a3ce-8c73e408dfbf_af62e8e4-4786-4d9c-b602-e4201c57026a.jpg/250x188.webp,6043,111.88562923228113,3324,23
946cf271-8f68-42d5-ba63-125b1990917e,Renault,Clio,Andere,Dealer,6450,d,171000,02-2015,https://prod.pictures.autoscout24.net/listing-images/946cf271-8f68-42d5-ba63-125b1990917e_fe819293-ebbf-49c2-871a-609f4a08bf93.jpg/250x188.webp,1480,90.6722887329444,2867,35
8f4512f2-6ddd-4565-b3ab-003526112e58,Renault,Megane,Break,Dealer,6450,d,164000,04-2013,https://prod.pictures.autoscout24.net/listing-images/8f4512f2-6ddd-4565-b3ab-003526112e58_4b8df309-01e7-4e51-a229-35a570a62e8a.jpg/250x188.webp,3600,91.05707630102727,3538,42
72566204-f28f-4b1f-b22d-1469e35a7b23,Renault,Scenic,Monovolume,Dealer,6450,d,190860,01-2012,https://prod.pictures.autoscout24.net/listing-images/72566204-f28f-4b1f-b22d-1469e35a7b23_72e1ac19-0ebb-42fa-8748-9cac75f1a128.jpg/250x188.webp,2610,33.817501233272104,3994,83
58861657-5a2a-4c68-84ee-13ec1650a4d4,Renault,Twingo,Stadswagen,Dealer,6490,b,68762,03-2012,https://prod.pictures.autoscout24.net/listing-images/58861657-5a2a-4c68-84ee-13ec1650a4d4_287782a6-4b9c-4bef-8581-4e8546d090b7.jpg/250x188.webp,4040,120.39133917274062,3934,8
f065d94d-3103-472b-9dfb-07496bac103a,Renault,Twingo,Berline,Dealer,6490,b,84361,03-2013,https://prod.pictures.autoscout24.net/listing-images/f065d94d-3103-472b-9dfb-07496bac103a_4a607b39-bbe2-4720-a785-e91f757755b1.jpg/250x188.webp,4000,118.53949006185148,3569,20
9e558238-b712-4197-8f8c-d6e6daf9e435,Renault,Megane,Berline,Dealer,6490,d,200000,04-2013,https://prod.pictures.autoscout24.net/listing-images/9e558238-b712-4197-8f8c-d6e6daf9e435_761b7eba-026d-4741-912e-8f1a48c632e0.jpg/250x188.webp,3500,86.84432103923942,3538,182
de2a4b5e-344c-4f41-b11c-a7bbb748fd47,Renault,Megane,Berline,Dealer,6490,d,114011,11-2012,https://prod.pictures.autoscout24.net/listing-images/de2a4b5e-344c-4f41-b11c-a7bbb748fd47_ea163317-bed6-4a82-a488-3f7bded68420.jpg/250x188.webp,7904,118.30704816178381,3689,379
550603ea-1a3a-49f8-b124-8d65a17cec0a,Renault,Kangoo,Break,Dealer,6498,d,106000,11-2012,https://prod.pictures.autoscout24.net/listing-images/550603ea-1a3a-49f8-b124-8d65a17cec0a_c913c367-a0f1-43b7-9687-fc9a8b4daf18.jpg/250x188.webp,8620,124.31295949543343,3689,20
df56aa19-65b2-467e-98dd-52a22505ed4e,Renault,Clio,Berline,Dealer,6499,b,183000,01-2013,https://prod.pictures.autoscout24.net/listing-images/df56aa19-65b2-467e-98dd-52a22505ed4e_2816dc7d-256d-41e1-bb7d-4e6108505934.jpg/250x188.webp,1474,95.27246720237129,3628,51
1d47babc-53cb-4b3d-b0c3-8c78d87d3eb0,Renault,Megane,Berline,Dealer,6499,b,127000,02-2014,https://prod.pictures.autoscout24.net/listing-images/1d47babc-53cb-4b3d-b0c3-8c78d87d3eb0_a867ef95-d095-406d-9557-4e7ddb597f20.jpg/250x188.webp,4460,114.8668906662163,3232,3
9170cb61-9c96-40d5-ab03-90de5a508bfc,Renault,Espace,Monovolume,Dealer,6499,d,134259,09-2009,https://prod.pictures.autoscout24.net/listing-images/9170cb61-9c96-40d5-ab03-90de5a508bfc_54762c06-8ff1-4bd9-a816-e44344ef9df4.jpg/250x188.webp,4870,132.16958353322565,4846,16
5cec2b24-5a0f-4654-9c15-fcba39a2aa22,Renault,,Andere,Dealer,6499,d,215253,01-2005,https://prod.pictures.autoscout24.net/listing-images/5cec2b24-5a0f-4654-9c15-fcba39a2aa22_dbe682f3-4f31-42e1-b827-76387df15502.jpg/250x188.webp,2500,38.36429357421789,6550,62
7cdba389-eb55-4427-a2a4-dcbf81643e3e,Renault,Grand Modus,Monovolume,PrivateSeller,6499,b,67000,11-2009,https://prod.pictures.autoscout24.net/listing-images/7cdba389-eb55-4427-a2a4-dcbf81643e3e_4b90d4f7-0844-4f7d-9621-6c6f405c39ce.jpg/250x188.webp,3080,71.81912493945508,4785,75
f36daeee-9842-470c-9ef7-3be7aa4f5a0a,Renault,Kangoo,Monovolume,PrivateSeller,6499,d,123500,09-2015,https://prod.pictures.autoscout24.net/listing-images/f36daeee-9842-470c-9ef7-3be7aa4f5a0a_1935d189-e36b-4ab6-9f49-00bf8b4b2795.jpg/250x188.webp,6700,222.44484417522085,2655,101
5f25566f-21a7-4b8f-88c4-0d00598c250c,Renault,Kangoo,Monovolume,Dealer,6499,b,161000,02-2011,https://prod.pictures.autoscout24.net/listing-images/5f25566f-21a7-4b8f-88c4-0d00598c250c_3876cbd4-e7fe-408e-a166-7b42c6b3f6a2.jpg/250x188.webp,9200,55.33414746561007,4328,111
8d5e5b82-c9f8-4375-9e03-52ad4c40dee7,Renault,Kangoo,Monovolume,Dealer,6499,b,95000,05-2010,https://prod.pictures.autoscout24.net/listing-images/8d5e5b82-c9f8-4375-9e03-52ad4c40dee7_d0b97d86-0b86-4652-921e-7bad9866619d.jpg/250x188.webp,4860,136.57795670699153,4604,122
6e82c746-4892-4b5a-a60e-d542ea500300,Renault,Modus,Monovolume,Dealer,6499,b,99000,09-2011,https://prod.pictures.autoscout24.net/listing-images/6e82c746-4892-4b5a-a60e-d542ea500300_5601e051-46b0-45a1-a8fe-135bd6e76c7d.jpg/250x188.webp,1600,78.61296004280759,4116,160
413b0583-dabd-4f77-bd42-aceaad67f484,Renault,Clio,Berline,Dealer,6500,b,150255,01-2013,https://prod.pictures.autoscout24.net/listing-images/413b0583-dabd-4f77-bd42-aceaad67f484_0eed7de5-2f3a-4f47-ba06-5c4e4dba250c.jpg/250x188.webp,4432,111.15678224769336,3628,2
4418f119-e238-4ba8-a640-d22457ff21db,Renault,Clio,Berline,PrivateSeller,6500,d,169000,02-2016,https://prod.pictures.autoscout24.net/listing-images/4418f119-e238-4ba8-a640-d22457ff21db_f017cbc3-63f9-4d77-a0ff-21cbda50bb7f.jpg/250x188.webp,1081,68.14090124789017,2502,6
15f5d662-8e65-4140-903f-90ab280f98c4,Renault,Megane,Break,PrivateSeller,6500,d,123171,09-2011,https://prod.pictures.autoscout24.net/listing-images/15f5d662-8e65-4140-903f-90ab280f98c4_2b4a6723-b2c0-4e60-8575-81758ae09968.jpg/250x188.webp,2520,32.09318592689817,4116,11
bd189641-f5b3-46f3-9d9e-2cd9a8f5a304,Renault,Megane,Cabriolet,Dealer,6500,d,80879,05-2009,https://prod.pictures.autoscout24.net/listing-images/bd189641-f5b3-46f3-9d9e-2cd9a8f5a304_447611ab-51de-4f0b-9d64-a644768be54e.jpg/250x188.webp,7322,122.5333275073898,4969,12
ca506ec0-a3c8-4679-ae08-fe0455d09330,Renault,Clio,Break,PrivateSeller,6500,d,170000,10-2014,https://prod.pictures.autoscout24.net/listing-images/ca506ec0-a3c8-4679-ae08-fe0455d09330_7ab35d2f-79a0-4a0d-ad82-934be4d4c4f7.jpg/250x188.webp,4680,117.16819648416717,2990,20
30c804fa-8429-49be-88d8-d689545210fe,Renault,Scenic,Monovolume,PrivateSeller,6500,d,127000,09-2011,https://prod.pictures.autoscout24.net/listing-images/30c804fa-8429-49be-88d8-d689545210fe_16598128-574a-4757-912a-4ff36d43de33.jpg/250x188.webp,4000,118.53949006185148,4116,25
a2c47a28-456a-4769-b875-bf57f80c0f65,Renault,Twizy,Andere,PrivateSeller,6500,e,11500,07-2020,https://prod.pictures.autoscout24.net/listing-images/a2c47a28-456a-4769-b875-bf57f80c0f65_4af57901-e524-4072-99af-06aa10e8832b.jpg/250x188.webp,1380,86.77667336235669,890,44
917b78da-6aff-48d4-a7c3-cc7d04ea3b66,Renault,Scenic,Monovolume,PrivateSeller,6500,d,199500,04-2012,https://prod.pictures.autoscout24.net/listing-images/917b78da-6aff-48d4-a7c3-cc7d04ea3b66_65beea66-5f94-4e11-9586-1f3d838a31b0.jpg/250x188.webp,9600,100.62421555744224,3903,27
4098ebd2-6549-43c5-8668-c1f473ae9e61,Renault,Master,Bestelwagen,PrivateSeller,6500,d,220000,06-2006,https://prod.pictures.autoscout24.net/listing-images/4098ebd2-6549-43c5-8668-c1f473ae9e61_181406db-333e-409f-bd00-d2f1ad9bf9df.jpg/250x188.webp,1930,65.18883147641638,6034,27
7da4723d-f1f3-4dbe-a726-7fc12936b31f,Renault,Kangoo,Bestelwagen,Dealer,6500,d,92632,11-2015,https://prod.pictures.autoscout24.net/listing-images/7da4723d-f1f3-4dbe-a726-7fc12936b31f_36fee691-dc83-472f-88e0-2b90497814c8.jpg/250x188.webp,1950,67.41758827634925,2594,34
0a65f7b7-6416-42ea-b62c-6e36b475ed02,Renault,Laguna,Coupé,PrivateSeller,6500,d,250000,01-2011,https://prod.pictures.autoscout24.net/listing-images/0a65f7b7-6416-42ea-b62c-6e36b475ed02_b1824d87-5f96-45e8-bf4e-8748e3c57556.jpg/250x188.webp,7170,108.4792868516476,4359,36
6b78e94f-2ca4-4976-ba14-e946ac4731de,Renault,Clio,Berline,PrivateSeller,6500,b,144500,03-2013,https://prod.pictures.autoscout24.net/listing-images/6b78e94f-2ca4-4976-ba14-e946ac4731de_6b6620fa-844b-4c24-9d6a-9d441d527e1f.jpg/250x188.webp,7000,118.39471915054493,3569,38
ae8347f8-c8a9-4243-a2bd-4deadefe6b74,Renault,Twizy,Stadswagen,PrivateSeller,6500,e,16651,08-2020,https://prod.pictures.autoscout24.net/listing-images/ae8347f8-c8a9-4243-a2bd-4deadefe6b74_4267d2f9-814e-4117-9e11-c83aa852a5b2.jpg/250x188.webp,1380,86.77667336235669,859,40
ccc5de79-6f49-4599-b757-e7e338035390,Renault,Kangoo,Monovolume,PrivateSeller,6500,d,78900,09-2012,https://prod.pictures.autoscout24.net/listing-images/ccc5de79-6f49-4599-b757-e7e338035390_e889fea0-34dd-4d93-92de-e944c1f465f5.jpg/250x188.webp,6540,124.94634628560202,3750,58
812fc6ac-d463-4ac3-8e3d-d23d51f9569c,Renault,Twingo,Andere,PrivateSeller,6500,b,121154,12-2014,https://prod.pictures.autoscout24.net/listing-images/812fc6ac-d463-4ac3-8e3d-d23d51f9569c_b60d4bc4-8e45-4be7-bb63-1b399d2f3b5b.jpg/250x188.webp,3271,60.47716564007307,2929,67
9b984011-3091-41bf-bbc8-1d9820960f59,Renault,Twingo,Berline,PrivateSeller,6500,b,105000,01-2015,https://prod.pictures.autoscout24.net/listing-images/9b984011-3091-41bf-bbc8-1d9820960f59_4fab918c-955d-4cce-8ce0-2c722afe0e07.jpg/250x188.webp,1050,70.92422613330518,2898,70
d2b0c225-8ca0-4290-b4cf-0b19ccb49e56,Renault,Megane,Berline,Dealer,6500,d,145000,01-2015,https://prod.pictures.autoscout24.net/listing-images/d2b0c225-8ca0-4290-b4cf-0b19ccb49e56_1fe58276-5361-4791-b55b-8179ecf11a7d.jpg/250x188.webp,1800,60.05560122441548,2898,87
1df8f4fd-96ea-437c-9008-306ea143320b,Renault,Twizy,Stadswagen,Dealer,6500,e,20400,09-2017,https://prod.pictures.autoscout24.net/listing-images/1df8f4fd-96ea-437c-9008-306ea143320b_5ae9f10f-2ced-45d0-9279-08e0065ad697.jpg/250x188.webp,5030,102.63381600593108,1924,89
4c4de687-276e-439e-ad82-5bd0f0b42b83,Renault,Kangoo,Bestelwagen,PrivateSeller,6500,d,125000,08-2014,https://prod.pictures.autoscout24.net/listing-images/4c4de687-276e-439e-ad82-5bd0f0b42b83_116ef875-c256-48a8-b3ef-653d01235cdc.jpg/250x188.webp,1600,78.61296004280759,3051,147
93fd2918-0304-4ffb-97db-065b3bd12a1e,Renault,Master,Andere,PrivateSeller,6500,d,253000,06-2012,https://prod.pictures.autoscout24.net/listing-images/93fd2918-0304-4ffb-97db-065b3bd12a1e_7fe05ff4-8b48-48aa-b998-b90ae00008c5.jpg/250x188.webp,1600,78.61296004280759,3842,170
44b2c7ec-9f9d-4a27-ba0b-9381c413d0bd,Renault,Megane,Break,PrivateSeller,6500,d,178000,12-2012,https://prod.pictures.autoscout24.net/listing-images/44b2c7ec-9f9d-4a27-ba0b-9381c413d0bd_e257b2ff-4f9d-4a62-b5c6-a3933c455cf4.jpg/250x188.webp,2243,34.010498795375376,3659,175
1997d927-823e-4ac7-997d-8295b46a1e78,Renault,Megane,Break,Dealer,6550,d,199000,12-2015,https://prod.pictures.autoscout24.net/listing-images/1997d927-823e-4ac7-997d-8295b46a1e78_4770fe6a-2abf-478c-81a7-161a8eaf311f.jpg/250x188.webp,6060,116.023023143389,2564,7
c06bedc4-1f0c-4331-8fd4-88e3b7c3894e,Renault,Clio,Break,Dealer,6590,b,21695,01-2011,https://prod.pictures.autoscout24.net/listing-images/c06bedc4-1f0c-4331-8fd4-88e3b7c3894e_d1afb226-f638-4390-8fab-27bcc386aa35.jpg/250x188.webp,1300,83.88957347991013,4359,20
47321df0-4362-454f-90b7-5a6d5ed0591c,Renault,Twingo,Berline,Dealer,6600,b,78877,04-2013,https://prod.pictures.autoscout24.net/listing-images/47321df0-4362-454f-90b7-5a6d5ed0591c_4eaf9126-ea2c-460a-b4a5-0fc159600309.jpg/250x188.webp,9050,69.04356445356942,3538,5
cf4647cc-a09b-4a6e-8025-c9cf38623eca,Renault,Twingo,Berline,Dealer,6600,b,78877,04-2013,https://prod.pictures.autoscout24.net/listing-images/cf4647cc-a09b-4a6e-8025-c9cf38623eca_4945a6d2-f3e3-401d-9f05-d822a3f71443.jpg/250x188.webp,9050,69.04356445356942,3538,6
0fff4ab8-fd08-4c45-a6dc-ee36c2013eda,Renault,Megane,Andere,Dealer,6650,d,155000,10-2012,https://prod.pictures.autoscout24.net/listing-images/0fff4ab8-fd08-4c45-a6dc-ee36c2013eda_e85706bb-9f46-41cd-b031-864c7db7607b.jpg/250x188.webp,6060,116.023023143389,3720,42
0e0b4f2c-cc1c-4968-aa53-f274833f1d06,Renault,Clio,Berline,Dealer,6690,d,160000,02-2013,https://prod.pictures.autoscout24.net/listing-images/0e0b4f2c-cc1c-4968-aa53-f274833f1d06_34684910-6c6d-4fd8-82fc-938d698106d0.jpg/250x188.webp,1470,94.66270459365258,3597,15
708715a2-8ce7-4c22-9da0-21be9a8cbfda,Renault,Scenic,Monovolume,Dealer,6690,b,93000,02-2013,https://prod.pictures.autoscout24.net/listing-images/708715a2-8ce7-4c22-9da0-21be9a8cbfda_ba626031-a441-4548-8dcf-9873e03cc8de.jpg/250x188.webp,1410,83.89428081314767,3597,92
3bd6137e-b576-4ea9-98c3-1f1f4e993a38,Renault,Twingo,Berline,PrivateSeller,6700,b,94254,04-2011,https://prod.pictures.autoscout24.net/listing-images/3bd6137e-b576-4ea9-98c3-1f1f4e993a38_f22d1e8f-06aa-4de5-992d-d91033e13614.jpg/250x188.webp,1640,80.60400182928595,4269,5
b7dfec27-075d-4ca2-bfa5-3696c02ffc61,Renault,Kangoo,Monovolume,PrivateSeller,6700,d,131800,12-2015,https://prod.pictures.autoscout24.net/listing-images/b7dfec27-075d-4ca2-bfa5-3696c02ffc61_3109a6dd-d783-42a6-853a-e0f0b7c76f57.jpg/250x188.webp,4800,137.3735948615729,2564,7
e7e96ae2-aee4-4db1-b304-6297e2928591,Renault,Kangoo,Monovolume,PrivateSeller,6700,d,131800,12-2015,https://prod.pictures.autoscout24.net/listing-images/e7e96ae2-aee4-4db1-b304-6297e2928591_d08ccf66-623b-45e8-a6a3-97a63d9a0767.jpg/250x188.webp,4800,137.3735948615729,2564,7
afa8e918-1f21-4cff-be37-048fb05dfa86,Renault,Twingo,Berline,Dealer,6700,b,44000,07-2014,https://prod.pictures.autoscout24.net/listing-images/afa8e918-1f21-4cff-be37-048fb05dfa86_06354109-450c-4cc1-bfdb-5ab1dadfa723.jpg/250x188.webp,4431,114.8123410724686,3082,33
84408bab-bf70-4c5e-96bc-45b8eb0ba214,Renault,Clio,Berline,PrivateSeller,6700,d,126000,11-2015,https://prod.pictures.autoscout24.net/listing-images/84408bab-bf70-4c5e-96bc-45b8eb0ba214_832584bc-780b-47c2-b372-0cf5bb1f0388.jpg/250x188.webp,2290,36.28227278675359,2594,44
4ecf8647-273e-4d7e-9a3c-fb0e9ba05dad,Renault,Clio,Berline,Dealer,6700,d,79300,12-2013,https://prod.pictures.autoscout24.net/listing-images/4ecf8647-273e-4d7e-9a3c-fb0e9ba05dad_1ef9e477-800d-439b-a311-e8bcc21efadd.jpg/250x188.webp,8880,113.05181262649485,3294,83
d9f412ed-d597-490c-93f4-eeaef48b6e51,Renault,Clio,Break,Dealer,6700,b,44000,11-2008,https://prod.pictures.autoscout24.net/listing-images/d9f412ed-d597-490c-93f4-eeaef48b6e51_2398ae9c-3345-4637-a2bc-9a013eaa404b.jpg/250x188.webp,1410,83.89428081314767,5150,157
78180a0f-ad41-43ee-a912-ba713c78e931,Renault,Twizy,Andere,PrivateSeller,6750,e,18975,04-2018,https://prod.pictures.autoscout24.net/listing-images/78180a0f-ad41-43ee-a912-ba713c78e931_a8b0ddc5-a8fb-428a-889d-908c18b3d1c2.jpg/250x188.webp,1380,86.77667336235669,1712,2
6fbe44cb-1cb3-4c63-856d-355d73467f7f,Renault,Grand Scenic,Monovolume,Dealer,6750,d,145695,02-2015,https://prod.pictures.autoscout24.net/listing-images/6fbe44cb-1cb3-4c63-856d-355d73467f7f_6cc39af6-b7d2-46c8-bec0-36d415b6e8d1.jpg/250x188.webp,1730,61.98157406185932,2867,1
d4457938-e3ad-438a-8147-ac5838865cab,Renault,Clio,Berline,Dealer,6750,b,104437,03-2013,https://prod.pictures.autoscout24.net/listing-images/d4457938-e3ad-438a-8147-ac5838865cab_c703dc28-8b01-4629-87bb-143705550780.jpg/250x188.webp,6030,118.28038734858286,3569,10
6d58c8a6-cb87-4309-9cec-62071fc3aedb,Renault,Twingo,Berline,Dealer,6750,b,21542,09-2014,https://prod.pictures.autoscout24.net/listing-images/6d58c8a6-cb87-4309-9cec-62071fc3aedb_a4abba59-d86c-45a4-98c5-1366c9e5520a.jpg/250x188.webp,2500,38.36429357421789,3020,19
58ec25fd-7c93-41f1-97f4-a3989623cbd6,Renault,Clio,Break,Dealer,6750,b,83037,11-2012,https://prod.pictures.autoscout24.net/listing-images/58ec25fd-7c93-41f1-97f4-a3989623cbd6_34173c7e-b608-4177-963a-526194a6d14b.jpg/250x188.webp,9250,48.29700857036449,3689,90
da3b3ce6-9e68-49c9-955b-1f810f2f8907,Renault,Megane,Berline,Dealer,6750,d,118160,11-2012,https://prod.pictures.autoscout24.net/listing-images/da3b3ce6-9e68-49c9-955b-1f810f2f8907_e8702023-5004-49d0-9fe5-d8567778dd75.jpg/250x188.webp,9400,81.6799978132908,3689,108
647bc9c9-b6f4-4ff1-9490-3ed94b77ab3d,Renault,Megane,Break,Dealer,6776,d,154681,12-2014,https://prod.pictures.autoscout24.net/listing-images/647bc9c9-b6f4-4ff1-9490-3ed94b77ab3d_83483962-8252-4ac4-b924-3c53c073423f.jpg/250x188.webp,8790,97.02122056774895,2929,14
80ed8e10-87af-41cb-baa9-be9b5c163bce,Renault,Wind,Cabriolet,Dealer,6790,b,124089,04-2012,https://prod.pictures.autoscout24.net/listing-images/80ed8e10-87af-41cb-baa9-be9b5c163bce_47126f52-2cf3-4826-b8f0-8c02b963ac94.jpg/250x188.webp,1000,69.17270624549755,3903,8
ff93c3fc-d6fc-4e51-b5ee-4d82c97ff591,Renault,Master,Monovolume,Dealer,6800,d,215000,11-2004,https://prod.pictures.autoscout24.net/listing-images/ff93c3fc-d6fc-4e51-b5ee-4d82c97ff591_224cd832-83f5-427b-83a0-3b81a8f35256.jpg/250x188.webp,1861,58.463024564819776,6611,3
ae947612-5898-4cc0-a457-de7eae733f09,Renault,Grand Scenic,Monovolume,PrivateSeller,6800,d,151000,04-2012,https://prod.pictures.autoscout24.net/listing-images/ae947612-5898-4cc0-a457-de7eae733f09_08caf34d-d2fa-490b-b6b4-1229c2be4ebd.jpg/250x188.webp,1703,72.53884447632319,3903,22
7257feb2-51e9-4bee-a2b6-8596e5c786c0,Renault,Scenic,Monovolume,Dealer,6800,b,83000,08-2011,https://prod.pictures.autoscout24.net/listing-images/7257feb2-51e9-4bee-a2b6-8596e5c786c0_2a14467a-4fa9-44f0-90c9-05ea6395d83b.jpg/250x188.webp,3071,63.331240175135186,4147,28
5328da63-3ace-48fc-a832-7163ee1497ff,Renault,Clio,Berline,PrivateSeller,6800,d,184000,08-2016,https://prod.pictures.autoscout24.net/listing-images/5328da63-3ace-48fc-a832-7163ee1497ff_ba17dade-ac79-42c1-84cf-af7251715f47.jpg/250x188.webp,1853,62.49120970441575,2320,150
889afa3d-262b-4d47-9438-c31edc45970b,Renault,Clio,Berline,PrivateSeller,6800,d,184000,08-2016,https://prod.pictures.autoscout24.net/listing-images/889afa3d-262b-4d47-9438-c31edc45970b_dd0715ae-9fca-4380-bf9d-143f530a13c0.jpg/250x188.webp,1853,62.49120970441575,2320,150
4e247b7c-bebc-4325-9134-d8bc7cd1bc27,Renault,Clio,Break,Dealer,6850,b,39000,12-2011,https://prod.pictures.autoscout24.net/listing-images/4e247b7c-bebc-4325-9134-d8bc7cd1bc27_4cdbee5f-7731-4ab1-9a4f-07d2bff17d3c.jpg/250x188.webp,1700,70.90697373704198,4025,5
41a27201-8ad9-4302-9559-596e1d64247b,Renault,Megane,Break,Dealer,6850,d,199000,11-2014,https://prod.pictures.autoscout24.net/listing-images/41a27201-8ad9-4302-9559-596e1d64247b_54492e6f-07fc-484f-b54a-894e377dad27.jpg/250x188.webp,6060,116.023023143389,2959,6
af86e895-4277-4866-bae6-55232b348242,Renault,Trafic,Bestelwagen,PrivateSeller,6900,d,183000,11-2012,https://prod.pictures.autoscout24.net/listing-images/af86e895-4277-4866-bae6-55232b348242_9e25aa67-5ab8-444d-800a-e4921241e394.jpg/250x188.webp,1830,61.99821855231934,3689,13
f9b96ff6-247e-4a89-9a1e-4eae45dbe609,Renault,Scenic,Break,Dealer,6900,b,89000,02-2015,https://prod.pictures.autoscout24.net/listing-images/f9b96ff6-247e-4a89-9a1e-4eae45dbe609_4b45f9be-cb1f-4721-9195-2367e9641522.jpg/250x188.webp,4700,143.97766881241236,2867,19
481779a2-1569-4297-8200-af4acc9668d7,Renault,Scenic,Monovolume,PrivateSeller,6900,d,157700,03-2012,https://prod.pictures.autoscout24.net/listing-images/481779a2-1569-4297-8200-af4acc9668d7_4548057b-66e3-49c8-a510-9701931c93dc.jpg/250x188.webp,1070,71.06367211068877,3934,30
4f42bcb5-261b-46e8-9bc0-89024a2773b8,Renault,,Andere,PrivateSeller,6900,e,7307,02-2018,https://prod.pictures.autoscout24.net/listing-images/4f42bcb5-261b-46e8-9bc0-89024a2773b8_8b020e4b-8ff1-4a8e-ace4-4bdac9a47973.jpg/250x188.webp,1342,87.4284963178863,1771,31
3aab7893-b516-42fe-9da6-54d492d99a30,Renault,Megane,Cabriolet,Dealer,6900,d,177000,11-2012,https://prod.pictures.autoscout24.net/listing-images/3aab7893-b516-42fe-9da6-54d492d99a30_cd5d182f-5bfd-4996-9d11-4f8050e66e85.jpg/250x188.webp,6061,117.55452099458994,3689,34
44cb5cec-30d8-47fb-b763-9aed5d257fe8,Renault,Scenic,Monovolume,PrivateSeller,6900,d,99400,11-2010,https://prod.pictures.autoscout24.net/listing-images/44cb5cec-30d8-47fb-b763-9aed5d257fe8_80e4e9af-8b29-47f1-94fb-8e9660e226cf.jpg/250x188.webp,4000,118.53949006185148,4420,71
0ac71935-104f-4a2c-a117-b6517d477b33,Renault,Latitude,Andere,PrivateSeller,6900,d,174000,08-2012,https://prod.pictures.autoscout24.net/listing-images/0ac71935-104f-4a2c-a117-b6517d477b33_9a80eb5a-1749-4345-bab2-f26f9ffa371a.jpg/250x188.webp,1831,63.496143889011755,3781,54
0a57e869-80a9-4114-9211-d545f9fea153,Renault,Grand Scenic,Monovolume,PrivateSeller,6900,d,164965,11-2012,https://prod.pictures.autoscout24.net/listing-images/0a57e869-80a9-4114-9211-d545f9fea153_d8911bec-b91a-44f8-9a8b-3916f0bec0a0.jpg/250x188.webp,9840,77.74911695479913,3689,66
5728434e-74d1-4a9b-9668-1e621cfec67d,Renault,Megane,Break,PrivateSeller,6900,d,145311,06-2012,https://prod.pictures.autoscout24.net/listing-images/5728434e-74d1-4a9b-9668-1e621cfec67d_416d5a81-d53a-4f66-aa07-a802c4bf59f6.jpg/250x188.webp,4100,122.70999344916741,3842,89
7c05d5a1-5873-4885-8f7a-10ad8726820e,Renault,Master,Bestelwagen,PrivateSeller,6900,d,237000,11-2009,https://prod.pictures.autoscout24.net/listing-images/7c05d5a1-5873-4885-8f7a-10ad8726820e_4efc22dd-0481-4903-9216-36292a9bc116.jpg/250x188.webp,1030,66.85598932704684,4785,96
328918b1-f2fc-46a9-b82d-70085e387c02,Renault,Scenic,Monovolume,Dealer,6900,d,207333,03-2015,https://prod.pictures.autoscout24.net/listing-images/328918b1-f2fc-46a9-b82d-70085e387c02_4583ae27-614b-432e-a335-e9d9a3ab485e.jpg/250x188.webp,5140,104.85389989976589,2839,112
e1cb670a-4564-4aa5-a535-d4782ed6a383,Renault,Koleos,SUV/4x4/Pick-up,PrivateSeller,6900,d,161700,07-2009,https://prod.pictures.autoscout24.net/listing-images/e1cb670a-4564-4aa5-a535-d4782ed6a383_e1707bcc-7397-42f8-842c-238b60a0cc72.jpg/250x188.webp,6929,168.46133872099992,4908,137
0884c5b2-44cd-48b6-ae49-7d2984c9141c,Renault,Grand Scenic,Monovolume,PrivateSeller,6950,d,176500,01-2013,https://prod.pictures.autoscout24.net/listing-images/0884c5b2-44cd-48b6-ae49-7d2984c9141c_5e4b753b-279c-47b9-be47-7533bd5d1938.jpg/250x188.webp,2470,48.112948075143656,3628,1
95e23050-f50a-4a0b-b707-2e75d28b907e,Renault,Kangoo,Monovolume,PrivateSeller,6950,d,157500,07-2013,https://prod.pictures.autoscout24.net/listing-images/95e23050-f50a-4a0b-b707-2e75d28b907e_975fac7d-35ae-4248-a165-698bc6dbccf1.jpg/250x188.webp,7100,111.04432979756132,3447,7
cca37196-0c85-491a-b2b0-7176029dfd71,Renault,Clio,Berline,Dealer,6950,d,151000,01-2017,https://prod.pictures.autoscout24.net/listing-images/cca37196-0c85-491a-b2b0-7176029dfd71_46d08a17-02cb-404e-b861-bba1607b3d3b.jpg/250x188.webp,3520,82.07861349342659,2167,16
1bb0c292-3b1f-4ec6-a759-20192c4e2240,Renault,Clio,Break,Dealer,6950,b,57000,07-2011,https://prod.pictures.autoscout24.net/listing-images/1bb0c292-3b1f-4ec6-a759-20192c4e2240_ed396222-b798-4c63-84c9-e23ee011e479.jpg/250x188.webp,3520,82.07861349342659,4178,17
05cc017a-754a-4350-bc68-41e0b4018c59,Renault,Mascott,Bestelwagen,Dealer,6950,d,275000,08-2010,https://prod.pictures.autoscout24.net/listing-images/05cc017a-754a-4350-bc68-41e0b4018c59_2925966c-ab1c-4f26-af3e-e824b66afb87.jpg/250x188.webp,4280,100.603559971339,4512,35
d1250fb2-7dc8-4d44-b3ad-8a1cf434f827,Renault,Kangoo,Bestelwagen,Dealer,6950,d,159221,10-2012,https://prod.pictures.autoscout24.net/listing-images/d1250fb2-7dc8-4d44-b3ad-8a1cf434f827_39c6366e-590b-4b19-8140-b34f2378eed4.jpg/250x188.webp,9320,67.86826786112259,3720,99
b080e384-15bb-4f23-9ccf-8726cb1d1220,Renault,Laguna,Break,Dealer,6950,d,164000,04-2013,https://prod.pictures.autoscout24.net/listing-images/b080e384-15bb-4f23-9ccf-8726cb1d1220_332d4b11-91a3-48bf-929e-1f5bf38225cc.jpg/250x188.webp,6061,117.55452099458994,3538,101
4aca4298-4dbc-4c73-a585-d18a2fa2b21d,Renault,Scenic,Monovolume,Dealer,6950,d,151000,01-2012,https://prod.pictures.autoscout24.net/listing-images/4aca4298-4dbc-4c73-a585-d18a2fa2b21d_3e90f2df-5716-4a95-9339-29d5bcace1d8.jpg/250x188.webp,6700,222.44484417522085,3994,154
f4b7f4db-311d-4217-86fd-ee9912faa366,Renault,Scenic,Monovolume,Dealer,6950,d,124624,02-2011,https://prod.pictures.autoscout24.net/listing-images/f4b7f4db-311d-4217-86fd-ee9912faa366_7460f9fd-1dbd-412f-acde-c24e74da4879.jpg/250x188.webp,3290,63.35789588207048,4328,267
9e83510a-b28c-8f7c-e053-2951040a8b04,Renault,Megane,Berline,Dealer,6950,d,15119,08-2006,https://prod.pictures.autoscout24.net/listing-images/9e83510a-b28c-8f7c-e053-2951040a8b04_5209e891-5d24-421d-9582-aa69dcf710f2.jpg/250x188.webp,6140,118.16906783395082,5973,2914
a95a1e84-415f-4fc9-8ac6-5b4f5355b3e8,Renault,Twizy,Berline,Dealer,6990,e,10000,12-2013,https://prod.pictures.autoscout24.net/listing-images/a95a1e84-415f-4fc9-8ac6-5b4f5355b3e8_13bf15c4-e220-4eea-8741-44c3d2c38d57.jpg/250x188.webp,9150,35.01618584808545,3294,62
c7f42d31-ae27-4b9b-a8f0-9dd06dabf44e,Renault,Wind,Cabriolet,Dealer,6990,b,86000,05-2011,https://prod.pictures.autoscout24.net/listing-images/c7f42d31-ae27-4b9b-a8f0-9dd06dabf44e_60232be7-541d-430c-92c2-4e0a0dd38d66.jpg/250x188.webp,8870,106.40718302751253,4239,1
feffc121-6f1a-445e-b7a3-62720d4df435,Renault,Twingo,Stadswagen,Dealer,6990,b,75459,05-2013,https://prod.pictures.autoscout24.net/listing-images/feffc121-6f1a-445e-b7a3-62720d4df435_1a1e5300-5d89-4c35-9e5d-12c59a3c1869.jpg/250x188.webp,4870,132.16958353322565,3508,8
da30c7d9-4773-4ae9-9956-04b5f2b4c9d5,Renault,Twingo,Berline,Dealer,6990,b,112113,08-2015,https://prod.pictures.autoscout24.net/listing-images/da30c7d9-4773-4ae9-9956-04b5f2b4c9d5_31627dfd-a4e7-430f-be8f-61b597575b5d.jpg/250x188.webp,6020,116.87427855072593,2686,7
9eb4b6c2-ee7d-460b-960c-564c8081dcec,Renault,Clio,Berline,Dealer,6990,b,115051,12-2013,https://prod.pictures.autoscout24.net/listing-images/9eb4b6c2-ee7d-460b-960c-564c8081dcec_930635f7-bd7e-4923-b855-71a3f08e35bd.jpg/250x188.webp,6970,169.87153563896285,3294,43
d0b3e81e-20c4-41af-9a87-f5ab954f66df,Renault,Megane,Break,Dealer,6990,d,120461,05-2011,https://prod.pictures.autoscout24.net/listing-images/d0b3e81e-20c4-41af-9a87-f5ab954f66df_61892079-b8da-4de1-a62f-a6c5515a7d12.jpg/250x188.webp,8820,105.17632863208843,4239,70
d645d075-6f9d-4f82-97a2-6687f993df8e,Renault,Clio,Berline,Dealer,6990,d,162000,07-2014,https://prod.pictures.autoscout24.net/listing-images/d645d075-6f9d-4f82-97a2-6687f993df8e_66a461ea-c70e-4c77-abd3-af2141c5fac1.jpg/250x188.webp,1800,60.05560122441548,3082,131
49308be0-ed2f-4fd8-8317-f8d71552f471,Renault,Kangoo,Bestelwagen,Dealer,6990,d,123117,02-2013,https://prod.pictures.autoscout24.net/listing-images/49308be0-ed2f-4fd8-8317-f8d71552f471_3827d54a-db24-4f5a-8545-11b760efd4ce.jpg/250x188.webp,1000,69.17270624549755,3597,156
7fc655e3-0395-475e-8115-030b659a1bf9,Renault,Megane,Berline,Dealer,6990,d,88000,09-2010,https://prod.pictures.autoscout24.net/listing-images/7fc655e3-0395-475e-8115-030b659a1bf9_4f623994-811b-47be-b19f-c8e369a8190b.jpg/250x188.webp,4000,118.53949006185148,4481,206
453262ba-2769-4dbd-bd34-e10dd05c3ce8,Renault,R 4,Berline,Dealer,6990,b,101527,01-1992,https://prod.pictures.autoscout24.net/listing-images/453262ba-2769-4dbd-bd34-e10dd05c3ce8_0cc8b312-39e5-4332-8e85-bf92c4609a35.jpg/250x188.webp,6020,116.87427855072593,11299,371
f6b249b2-1f29-4ddf-8801-1de092e8d995,Renault,Wind,Cabriolet,Dealer,6995,b,109600,05-2011,https://prod.pictures.autoscout24.net/listing-images/f6b249b2-1f29-4ddf-8801-1de092e8d995_a13a5400-c7bf-4e56-bd2a-1063baf18463.jpg/250x188.webp,8210,99.33164828760937,4239,69
dde5f040-2015-4117-b4cf-5d66a8f71f52,Renault,Twingo,Berline,Dealer,6999,b,84000,06-2016,https://prod.pictures.autoscout24.net/listing-images/dde5f040-2015-4117-b4cf-5d66a8f71f52_25c8375e-f977-4996-9694-23f11368d3a0.jpg/250x188.webp,1428,91.7253544984551,2381,1
ce625f1c-1ef4-4a29-a574-9e33acd6d539,Renault,Twingo,Berline,Dealer,6999,b,58000,03-2016,https://prod.pictures.autoscout24.net/listing-images/ce625f1c-1ef4-4a29-a574-9e33acd6d539_227febdd-dc90-42dd-9c61-3499c49dcd51.jpg/250x188.webp,1428,91.7253544984551,2473,1
29e57d6d-629d-469b-aded-c6474666a65a,Renault,Master,Bestelwagen,Dealer,6999,d,267559,09-2013,https://prod.pictures.autoscout24.net/listing-images/29e57d6d-629d-469b-aded-c6474666a65a_8117f8d9-3d94-44c7-8162-60ff4c0fa8af.jpg/250x188.webp,2500,38.36429357421789,3385,7
7659dbc7-eb80-412f-8519-4bd49f9b8704,Renault,Grand Scenic,Monovolume,Dealer,6999,d,166000,02-2014,https://prod.pictures.autoscout24.net/listing-images/7659dbc7-eb80-412f-8519-4bd49f9b8704_0f79728d-f7fe-4146-881b-0c275a422b0e.jpg/250x188.webp,1440,88.54751756589805,3232,48
23d44767-c721-4b50-8a0e-aa90ea146ed2,Renault,Grand Scenic,Monovolume,Dealer,6999,d,189000,02-2014,https://prod.pictures.autoscout24.net/listing-images/23d44767-c721-4b50-8a0e-aa90ea146ed2_f3033a83-b011-4daf-9e27-dc070e05ad16.jpg/250x188.webp,8791,102.62748120507626,3232,59
fb0a2230-cd19-47a8-b99f-46e52bb67648,Renault,Twingo,Berline,PrivateSeller,6999,b,96000,06-2015,https://prod.pictures.autoscout24.net/listing-images/fb0a2230-cd19-47a8-b99f-46e52bb67648_a2bf3f3f-7920-459c-8039-9700b309ff27.jpg/250x188.webp,6180,111.8460773215552,2747,63
195645a3-b29b-4f67-94ee-de84c18186cd,Renault,Grand Scenic,Monovolume,Dealer,6999,d,185000,09-2014,https://prod.pictures.autoscout24.net/listing-images/195645a3-b29b-4f67-94ee-de84c18186cd_64b2d061-dcd7-4606-8fdb-6dc3decfb95d.jpg/250x188.webp,8791,102.62748120507626,3020,79
16c02fa9-9629-4bc9-907b-1eae8f43a3f0,Renault,Clio,Berline,Dealer,6999,b,149000,09-2012,https://prod.pictures.autoscout24.net/listing-images/16c02fa9-9629-4bc9-907b-1eae8f43a3f0_f14f0e8d-51a0-4398-a5af-7f86da1aefe8.jpg/250x188.webp,1950,67.41758827634925,3750,88
45f9a9d2-8f28-443c-9e50-aaa96c0fc5f8,Renault,Megane,Cabriolet,PrivateSeller,6999,d,154000,09-2010,https://prod.pictures.autoscout24.net/listing-images/45f9a9d2-8f28-443c-9e50-aaa96c0fc5f8_688e0c5e-46a1-4ed0-9b9e-3c7255324a30.jpg/250x188.webp,3640,93.71016005030347,4481,113
fce85e1d-e2ca-4ec5-93e3-4e59ab00e9f1,Renault,Clio,Break,Dealer,7000,d,158000,08-2013,https://prod.pictures.autoscout24.net/listing-images/fce85e1d-e2ca-4ec5-93e3-4e59ab00e9f1_ad89211e-6e94-4549-bc6d-710707aeb3a5.jpg/250x188.webp,4841,134.74443765062634,3416,6
513c62c6-42e1-49a7-b039-c3efefe4de61,Renault,Trafic,Bestelwagen,PrivateSeller,7000,d,209281,03-2012,https://prod.pictures.autoscout24.net/listing-images/513c62c6-42e1-49a7-b039-c3efefe4de61_9099fe05-8b58-4bf4-b611-d14b20e79eb6.jpg/250x188.webp,9700,89.684350539887,3934,10
64ea3399-6a29-4f2a-969a-91618e9e6a1a,Renault,Grand Scenic,Break,PrivateSeller,7000,d,169000,06-2015,https://prod.pictures.autoscout24.net/listing-images/64ea3399-6a29-4f2a-969a-91618e9e6a1a_7da3adbe-d3ec-490a-a27a-6e8bfa375109.jpg/250x188.webp,8400,110.03239888716801,2747,26
6b6ebe53-9830-4f0c-a4ac-94ef2347bc48,Renault,Clio,Berline,PrivateSeller,7000,d,160000,03-2015,https://prod.pictures.autoscout24.net/listing-images/6b6ebe53-9830-4f0c-a4ac-94ef2347bc48_e59ab4c9-a9f8-4c25-b88e-3cff7606718f.jpg/250x188.webp,6440,141.40876452366408,2839,26
ced1a85b-240c-4151-8cf7-5e6bff727005,Renault,Clio,Berline,PrivateSeller,7000,b,88624,05-2013,https://prod.pictures.autoscout24.net/listing-images/ced1a85b-240c-4151-8cf7-5e6bff727005_2bdb540b-c1fe-4354-8b01-10881e6e81b5.jpg/250x188.webp,1030,66.85598932704684,3508,43
bb56190b-0d9a-460b-af8b-5adefb8046a8,Renault,Scenic,Monovolume,PrivateSeller,7000,d,122000,06-2012,https://prod.pictures.autoscout24.net/listing-images/bb56190b-0d9a-460b-af8b-5adefb8046a8_225b575c-5eaf-4303-98d1-5fd4fd0292ad.jpg/250x188.webp,3190,54.823479205129566,3842,65
2c4994a4-d81b-42bb-a438-6f72979f9ccd,Renault,Master,Bestelwagen,PrivateSeller,7000,d,325650,04-1999,https://prod.pictures.autoscout24.net/listing-images/2c4994a4-d81b-42bb-a438-6f72979f9ccd_54024681-ebaf-43de-8122-9b0d8d62bda2.jpg/250x188.webp,9850,79.95826720403902,8652,56
d58f9518-97c4-4e0f-a5dd-05bf2b7fbd15,Renault,Megane,Berline,PrivateSeller,7000,d,130000,05-2011,https://prod.pictures.autoscout24.net/listing-images/d58f9518-97c4-4e0f-a5dd-05bf2b7fbd15_68c700a3-8bf4-4543-a766-4e54563c8fc8.jpg/250x188.webp,3700,103.11033326257076,4239,118
ce73e8c6-208c-48d1-a3f4-d115fde61166,Renault,Clio,Berline,PrivateSeller,7000,b,121590,05-2013,https://prod.pictures.autoscout24.net/listing-images/ce73e8c6-208c-48d1-a3f4-d115fde61166_0b30bb49-8fd0-4e66-ae01-33135d8fa352.jpg/250x188.webp,5000,115.13665852422378,3508,142
60b39ffd-60bb-4f65-94b1-bdb68f5f7cce,Renault,Clio,Berline,PrivateSeller,7200,d,160000,07-2015,https://prod.pictures.autoscout24.net/listing-images/60b39ffd-60bb-4f65-94b1-bdb68f5f7cce_b0ccfb04-d2bc-46ee-9850-605612fecbf9.jpg/250x188.webp,9470,70.35725979546946,2717,3
85f95ead-c058-4869-9e36-da50897bc101,Renault,Kangoo,Monovolume,PrivateSeller,7200,d,96000,12-2014,https://prod.pictures.autoscout24.net/listing-images/85f95ead-c058-4869-9e36-da50897bc101_114ec53d-196d-4c46-b5c0-8e9877b3d537.jpg/250x188.webp,8020,94.86128126264425,2929,3
fa460842-b0c6-4c8f-a961-f67ccf6a451c,Renault,Trafic,Bestelwagen,PrivateSeller,7200,d,134404,07-2011,https://prod.pictures.autoscout24.net/listing-images/fa460842-b0c6-4c8f-a961-f67ccf6a451c_d932ce02-bcb9-4196-a74a-776dd70ed777.jpg/250x188.webp,1030,66.85598932704684,4178,56
ce1b0835-3f93-40f5-a6f3-0b4bef7b0937,Renault,Kangoo,Bestelwagen,Dealer,7200,d,189000,02-2016,https://prod.pictures.autoscout24.net/listing-images/ce1b0835-3f93-40f5-a6f3-0b4bef7b0937_d4884834-dc46-41ea-86e4-620411588be3.jpg/250x188.webp,9800,85.43781742981923,2502,78
16cc697c-8433-442e-b5db-bf8177d090dc,Renault,Grand Scenic,Monovolume,PrivateSeller,7200,d,211000,09-2013,https://prod.pictures.autoscout24.net/listing-images/16cc697c-8433-442e-b5db-bf8177d090dc_4839f17b-b390-481b-b766-1c17feba802c.jpg/250x188.webp,5500,136.40807183238792,3385,101
702adcff-058f-4a26-a9de-ff2a7f037dd2,Renault,Clio,Stadswagen,PrivateSeller,7200,d,125000,09-2015,https://prod.pictures.autoscout24.net/listing-images/702adcff-058f-4a26-a9de-ff2a7f037dd2_54905e3a-ef54-4ac1-9c76-d7b460cbbe31.jpg/250x188.webp,1420,87.49639779077864,2655,124
449bfe55-52f8-4176-9479-417e0a0c8834,Renault,Grand Scenic,Monovolume,Dealer,7250,d,167850,04-2013,https://prod.pictures.autoscout24.net/listing-images/449bfe55-52f8-4176-9479-417e0a0c8834_6b5bf5e3-8279-484b-8731-c2b318e3dd63.jpg/250x188.webp,4020,121.60247278825214,3538,5
1a8bac20-3b71-4334-9f7a-ad58cab1793c,Renault,Twingo,Berline,Dealer,7250,b,35378,09-2018,https://prod.pictures.autoscout24.net/listing-images/1a8bac20-3b71-4334-9f7a-ad58cab1793c_00c2d9b2-4801-4da4-8e8c-4212dd6f7741.jpg/250x188.webp,1600,78.61296004280759,1559,7
49fa00b5-a669-4889-b892-b65a5c5068cb,Renault,Grand Scenic,Monovolume,Dealer,7250,d,116000,03-2010,https://prod.pictures.autoscout24.net/listing-images/49fa00b5-a669-4889-b892-b65a5c5068cb_fc556627-019e-4b3c-a7a6-202424339dc0.jpg/250x188.webp,1930,65.18883147641638,4665,13
d03b3c9d-9b30-4c00-a697-33b046d65119,Renault,Megane,Cabriolet,PrivateSeller,7250,d,142000,09-2013,https://prod.pictures.autoscout24.net/listing-images/d03b3c9d-9b30-4c00-a697-33b046d65119_439426bb-1898-420f-9638-773e17633f24.jpg/250x188.webp,4100,122.70999344916741,3385,40
f1647006-4a1d-41a9-b6f9-dae852e33f7a,Renault,Megane,Cabriolet,Dealer,7250,d,120000,06-2010,https://prod.pictures.autoscout24.net/listing-images/f1647006-4a1d-41a9-b6f9-dae852e33f7a_0c510301-46c7-4d5a-b754-0cb9c23f47c8.jpg/250x188.webp,8800,107.24415982689398,4573,46
131ab11f-555b-4329-b023-d229b89ecd1d,Renault,Megane,Break,Dealer,7250,d,62000,02-2010,https://prod.pictures.autoscout24.net/listing-images/131ab11f-555b-4329-b023-d229b89ecd1d_0ecaf596-2715-4434-8348-ecac1629b144.jpg/250x188.webp,1600,78.61296004280759,4693,75
fc918bac-7b6e-46c2-b07e-b3d94e0ca262,Renault,Clio,Break,PrivateSeller,7290,d,175000,05-2014,https://prod.pictures.autoscout24.net/listing-images/fc918bac-7b6e-46c2-b07e-b3d94e0ca262_cd93e262-cd4d-4ce8-90bd-85aa72c69e6f.jpg/250x188.webp,1853,62.49120970441575,3143,33
d70f6799-7dd8-4801-8e77-39129d8da3cb,Renault,Twingo,Berline,Dealer,7290,b,105000,01-2016,https://prod.pictures.autoscout24.net/listing-images/d70f6799-7dd8-4801-8e77-39129d8da3cb_e2d09ade-ef76-472b-bdb7-2551b602b24b.jpg/250x188.webp,7170,108.4792868516476,2533,17
f311a515-57a2-4bd0-a4cd-14f006ece712,Renault,Clio,Stadswagen,PrivateSeller,7300,b,68000,09-2018,https://prod.pictures.autoscout24.net/listing-images/f311a515-57a2-4bd0-a4cd-14f006ece712_7d947951-2aa4-4dce-8adc-0af2956d330e.jpg/250x188.webp,1780,63.273818071645216,1559,16
c50723bc-e234-43b8-a3a2-9131b73bebc9,Renault,Twingo,Stadswagen,Dealer,7300,b,110445,03-2016,https://prod.pictures.autoscout24.net/listing-images/c50723bc-e234-43b8-a3a2-9131b73bebc9_2cf09078-4d06-4a80-a01f-2e75eee5c811.jpg/250x188.webp,1000,69.17270624549755,2473,43
f456db1e-4a1c-4c2a-8ccb-ea4afc64c05e,Renault,Clio,Berline,PrivateSeller,7350,b,98300,12-2013,https://prod.pictures.autoscout24.net/listing-images/f456db1e-4a1c-4c2a-8ccb-ea4afc64c05e_b85c22e8-012a-42e1-bdf6-a14d35088ad7.jpg/250x188.webp,1000,69.17270624549755,3294,154
d3778b9b-984a-4578-82b9-1822dc2e5d8c,Renault,Scenic,Monovolume,Dealer,7380,b,116416,04-2010,https://prod.pictures.autoscout24.net/listing-images/d3778b9b-984a-4578-82b9-1822dc2e5d8c_9095a8f8-2c0e-4e4b-a7df-0bdb299be352.jpg/250x188.webp,8570,100.49126072839948,4634,104
51cb369d-18a9-4e79-a326-47cc8153b146,Renault,Clio,Berline,PrivateSeller,7399,d,177000,04-2014,https://prod.pictures.autoscout24.net/listing-images/51cb369d-18a9-4e79-a326-47cc8153b146_cd16fed3-70f0-49b6-929c-eca128c9674b.jpg/250x188.webp,9100,39.90739495574749,3173,21
9072aa0f-186d-4dfc-b218-531856e090ac,Renault,Master,Bestelwagen,Dealer,7400,d,88000,06-2014,https://prod.pictures.autoscout24.net/listing-images/9072aa0f-186d-4dfc-b218-531856e090ac_8f367604-1789-43fd-882b-913ca47f3ec3.jpg/250x188.webp,2070,30.80136628106094,3112,59
b0b79223-91af-42b3-ad09-57e191e19391,Renault,Twingo,Berline,Dealer,7449,b,83000,06-2015,https://prod.pictures.autoscout24.net/listing-images/b0b79223-91af-42b3-ad09-57e191e19391_c2acd658-466c-4c2a-bea7-052190b81808.jpg/250x188.webp,5310,103.9456108013131,2747,17
85dbedad-70fa-4f37-aac9-83b46cf3f4c5,Renault,Grand Scenic,Monovolume,Dealer,7450,d,142000,06-2011,https://prod.pictures.autoscout24.net/listing-images/85dbedad-70fa-4f37-aac9-83b46cf3f4c5_38e0826b-7d00-4c80-b0f9-44bd67b83091.jpg/250x188.webp,6061,117.55452099458994,4208,7
56789b81-138f-4448-af25-eb6e03ca0c46,Renault,Trafic,Bestelwagen,Dealer,7450,d,204000,02-2013,https://prod.pictures.autoscout24.net/listing-images/56789b81-138f-4448-af25-eb6e03ca0c46_b4dbed7a-7488-46d2-b540-83fc282bc5e9.jpg/250x188.webp,2630,37.55427282853161,3597,7
88a8f467-00aa-4eef-aa8e-ec702cfafbd9,Renault,Megane,Break,Dealer,7450,d,196000,02-2014,https://prod.pictures.autoscout24.net/listing-images/88a8f467-00aa-4eef-aa8e-ec702cfafbd9_92558bb5-458f-43b7-91a2-971b137a2eb4.jpg/250x188.webp,9200,55.33414746561007,3232,40
7e2e907c-1bb3-40a0-af5f-9715b8acc8f0,Renault,Scenic,Andere,Dealer,7450,d,84564,06-2013,https://prod.pictures.autoscout24.net/listing-images/7e2e907c-1bb3-40a0-af5f-9715b8acc8f0_408730b2-9f3b-4403-b068-459b40609e57.jpg/250x188.webp,1601,76.3100421089918,3477,61
672dbbb1-db7e-4851-84b1-68c09a076570,Renault,Clio,Andere,Dealer,7450,b,112650,05-2013,https://prod.pictures.autoscout24.net/listing-images/672dbbb1-db7e-4851-84b1-68c09a076570_d1d66c25-3918-4f60-ad2a-d1dbbd6e87f6.jpg/250x188.webp,1780,63.273818071645216,3508,64
dd919be9-5bc9-48c1-8172-f9121fae2c0d,Renault,Clio,Break,Dealer,7450,d,108000,03-2012,https://prod.pictures.autoscout24.net/listing-images/dd919be9-5bc9-48c1-8172-f9121fae2c0d_0085ddf3-807f-419a-8723-3d53ebb5f9fa.jpg/250x188.webp,6061,117.55452099458994,3934,92
769b940e-b39e-4623-b79a-325b9b7f5620,Renault,Clio,Berline,Dealer,7450,d,135000,08-2016,https://prod.pictures.autoscout24.net/listing-images/769b940e-b39e-4623-b79a-325b9b7f5620_c83877f8-cde1-4744-85b2-d337c6c3193e.jpg/250x188.webp,1400,97.35176357549375,2320,106
4b504f40-8e2d-422a-89cb-d30a9345fc25,Renault,Twingo,Berline,Dealer,7450,b,104408,02-2015,https://prod.pictures.autoscout24.net/listing-images/4b504f40-8e2d-422a-89cb-d30a9345fc25_edb0626f-b1eb-4eb4-90e8-87dd53adccca.jpg/250x188.webp,1601,76.3100421089918,2867,237
8c09219f-ada7-47da-99ae-f7feb85c2de9,Renault,Megane,Coupé,Dealer,7485,d,132500,01-2012,https://prod.pictures.autoscout24.net/listing-images/8c09219f-ada7-47da-99ae-f7feb85c2de9_10d43422-85e3-474c-bf34-c3bdc1dee329.jpg/250x188.webp,9255,52.123936757081914,3994,13
ab099fa6-5c2e-40d3-ab0d-d7f475ff4746,Renault,Modus,Monovolume,Dealer,7490,b,41573,06-2010,https://prod.pictures.autoscout24.net/listing-images/ab099fa6-5c2e-40d3-ab0d-d7f475ff4746_c1a1e8dc-0502-433a-b503-b1eeca240663.jpg/250x188.webp,4920,138.78209404804628,4573,4
c165b995-c4bb-4e24-8ee1-b05be055ba8d,Renault,Clio,Berline,Dealer,7490,d,132991,03-2014,https://prod.pictures.autoscout24.net/listing-images/c165b995-c4bb-4e24-8ee1-b05be055ba8d_58d05609-a389-40d6-a9a3-4f8d6b68d7bf.jpg/250x188.webp,7390,121.56764290915724,3204,5
b18629bc-0d6c-417e-beac-f38f37fcf8b7,Renault,Twingo,Berline,Dealer,7490,b,106000,06-2017,https://prod.pictures.autoscout24.net/listing-images/b18629bc-0d6c-417e-beac-f38f37fcf8b7_0c9310e6-ddf8-4880-9161-77edacd29f0e.jpg/250x188.webp,6560,131.1094961268063,2016,30
686bdc88-6624-464d-9706-41824f6d1481,Renault,Clio,Berline,Dealer,7490,b,125000,03-2014,https://prod.pictures.autoscout24.net/listing-images/686bdc88-6624-464d-9706-41824f6d1481_013cbfd5-bbf5-470f-a130-ca3263b1c2d9.jpg/250x188.webp,6110,121.07873748213329,3204,96
54e6fdd8-46e2-4963-aeac-314511f55b99,Renault,Scenic,Monovolume,Dealer,7490,d,118000,02-2012,https://prod.pictures.autoscout24.net/listing-images/54e6fdd8-46e2-4963-aeac-314511f55b99_bf559367-8a5d-450d-ac19-8b7e69084181.jpg/250x188.webp,1420,87.49639779077864,3963,99
6ffd12fd-89cb-4ad1-a31e-5c83ec718f71,Renault,Kangoo,Bestelwagen,Dealer,7490,d,173354,04-2015,https://prod.pictures.autoscout24.net/listing-images/6ffd12fd-89cb-4ad1-a31e-5c83ec718f71_29807278-d198-4c50-a029-aaa714d7456c.jpg/250x188.webp,7904,118.30704816178381,2808,152
59dee43b-f15d-4974-b9f2-2cc33873d60f,Renault,Grand Scenic,Monovolume,Dealer,7490,b,106847,01-2011,https://prod.pictures.autoscout24.net/listing-images/59dee43b-f15d-4974-b9f2-2cc33873d60f_a9da1594-361b-460a-afe6-a184d826237d.jpg/250x188.webp,6200,119.77990387531518,4359,202
72a7b997-d311-4976-8de8-8a94abbc06b3,Renault,Kangoo,Monovolume,Dealer,7490,d,150000,03-2013,https://prod.pictures.autoscout24.net/listing-images/72a7b997-d311-4976-8de8-8a94abbc06b3_97014be4-0a19-4e1e-a444-098f6e570e47.jpg/250x188.webp,3600,91.05707630102727,3569,245
e7ce64ff-0d29-4386-98cd-2fc82775842d,Renault,Clio,Berline,Dealer,7499,b,25000,12-2010,https://prod.pictures.autoscout24.net/listing-images/e7ce64ff-0d29-4386-98cd-2fc82775842d_42967a73-adb3-4d29-8b4f-ce4fb7c7c190.jpg/250x188.webp,4041,116.41396639232585,4390,0
e9c8a73f-5614-47fc-bc73-9c5f8c8e11f7,Renault,Kangoo,Monovolume,Dealer,7499,d,170000,02-2014,https://prod.pictures.autoscout24.net/listing-images/e9c8a73f-5614-47fc-bc73-9c5f8c8e11f7_ad13cd1c-1e93-4701-889d-c0402c1c0884.jpg/250x188.webp,1440,88.54751756589805,3232,2
7b34ec83-029f-496d-b1a2-f24d5e834b1e,Renault,Trafic,Bestelwagen,Dealer,7499,d,342993,09-2015,https://prod.pictures.autoscout24.net/listing-images/7b34ec83-029f-496d-b1a2-f24d5e834b1e_4657f03c-964b-4879-a199-044816b28d02.jpg/250x188.webp,2500,38.36429357421789,2655,62
d9327834-a3e6-4386-a751-5984b511385d,Renault,Grand Scenic,Monovolume,Dealer,7499,d,128332,01-2011,https://prod.pictures.autoscout24.net/listing-images/d9327834-a3e6-4386-a751-5984b511385d_f8b22bc2-bb3e-411d-b395-0d3f64522dbb.jpg/250x188.webp,1820,61.11806276432271,4359,97
296eefd4-9a9f-4faa-bfaa-9b3cbb28cbf1,Renault,Clio,Berline,PrivateSeller,7500,d,104000,04-2022,https://prod.pictures.autoscout24.net/listing-images/296eefd4-9a9f-4faa-bfaa-9b3cbb28cbf1_355daace-5871-488d-9006-17082406ed36.jpg/250x188.webp,9000,69.99787275902874,251,6
7e048e4c-298d-4076-8b29-a96498fedd41,Renault,Clio,Break,Dealer,7500,d,131009,05-2015,https://prod.pictures.autoscout24.net/listing-images/7e048e4c-298d-4076-8b29-a96498fedd41_20e56a1c-4f45-4ebc-ae8d-e35e675cab5c.jpg/250x188.webp,1790,66.85097420004841,2778,7
90965091-0d8f-46af-a680-b1f5e89fc6ac,Renault,Clio,Berline,Dealer,7500,b,147035,01-2017,https://prod.pictures.autoscout24.net/listing-images/90965091-0d8f-46af-a680-b1f5e89fc6ac_1e3bcad6-5f32-4cbb-88dd-0c06c7549a8a.jpg/250x188.webp,8790,97.02122056774895,2167,7
ab2f4598-74e7-4464-887b-092faec38bc0,Renault,Kangoo,Break,PrivateSeller,7500,d,60000,11-2012,https://prod.pictures.autoscout24.net/listing-images/ab2f4598-74e7-4464-887b-092faec38bc0_fc89e736-c4ed-4bd8-958c-2414f8f778c6.jpg/250x188.webp,9880,82.30703511379957,3689,12
bbbd4a8e-a5b8-4cdf-abad-caba362c996a,Renault,Megane,Break,Dealer,7500,d,54000,01-2012,https://prod.pictures.autoscout24.net/listing-images/bbbd4a8e-a5b8-4cdf-abad-caba362c996a_1f17cecc-564b-4a73-8c7b-c8a30309fc99.jpg/250x188.webp,1730,61.98157406185932,3994,12
b82a2149-41d3-429a-9fc3-af1eb7dc104f,Renault,Kangoo,Bestelwagen,PrivateSeller,7500,d,78000,10-2015,https://prod.pictures.autoscout24.net/listing-images/b82a2149-41d3-429a-9fc3-af1eb7dc104f_4f0aa151-d1d8-44e4-a9df-755f95a90f31.jpg/250x188.webp,1933,67.42863651453277,2625,13
c4c0f8b7-f00f-4f6c-b749-2069f6926a2a,Renault,Kangoo,Bestelwagen,Dealer,7500,d,185179,03-2014,https://prod.pictures.autoscout24.net/listing-images/c4c0f8b7-f00f-4f6c-b749-2069f6926a2a_26b28439-ff4c-4dd0-abbf-12514fb999ee.jpg/250x188.webp,1480,90.6722887329444,3204,28
c43b6ab1-07d2-464b-9789-6cdc959e061d,Renault,Scenic,Monovolume,PrivateSeller,7500,d,100000,07-2013,https://prod.pictures.autoscout24.net/listing-images/c43b6ab1-07d2-464b-9789-6cdc959e061d_a41661e3-5af3-46d3-8160-5af57fe18a20.jpg/250x188.webp,6180,111.8460773215552,3447,35
4a1b0633-196b-47a1-87f9-0788432552fd,Renault,Master,Bestelwagen,Dealer,7500,d,212662,02-2012,https://prod.pictures.autoscout24.net/listing-images/4a1b0633-196b-47a1-87f9-0788432552fd_1b7701c2-632f-4d8b-866a-3a082457bab9.jpg/250x188.webp,7080,124.84754400917438,3963,38
820d528a-2627-4fbd-a4ba-d1563b05d1ea,Renault,Grand Scenic,Monovolume,PrivateSeller,7500,d,197433,02-2014,https://prod.pictures.autoscout24.net/listing-images/820d528a-2627-4fbd-a4ba-d1563b05d1ea_56bef199-37cc-495c-9370-cedccc686b9b.jpg/250x188.webp,1070,71.06367211068877,3232,46
ed5c9766-c426-4f8d-96bf-458fd721afea,Renault,Scenic,Monovolume,Dealer,7500,d,163309,12-2013,https://prod.pictures.autoscout24.net/listing-images/ed5c9766-c426-4f8d-96bf-458fd721afea_5ddedc6f-b17b-439a-a17b-f5f538620cae.jpg/250x188.webp,7380,129.95614046754844,3294,48
616a562d-6aaf-4a11-b806-142b9d41027b,Renault,Clio,Berline,PrivateSeller,7500,b,200000,01-1992,https://prod.pictures.autoscout24.net/listing-images/616a562d-6aaf-4a11-b806-142b9d41027b_7b2dff91-1252-4dcf-838f-99326ecb833c.jpg/250x188.webp,3500,86.84432103923942,11299,54
7a462b66-8ff7-4da5-a824-d32df6d6bff2,Renault,Megane,Break,PrivateSeller,7500,d,182000,10-2014,https://prod.pictures.autoscout24.net/listing-images/7a462b66-8ff7-4da5-a824-d32df6d6bff2_1c08dbd4-6549-4c52-8aeb-0060c15ec5a7.jpg/250x188.webp,6238,106.12944231251511,2990,53
a4c7f8e8-1aca-4333-95a5-f17c57806f5b,Renault,Twingo,Berline,Dealer,7500,b,84402,12-2014,https://prod.pictures.autoscout24.net/listing-images/a4c7f8e8-1aca-4333-95a5-f17c57806f5b_ca2efbb8-83ba-438b-879b-9506320792de.jpg/250x188.webp,8450,106.8957537275807,2929,57
fa4e9c9a-73d0-4942-930c-baf8758c39fe,Renault,Kangoo,Bestelwagen,Dealer,7500,d,201000,05-2017,https://prod.pictures.autoscout24.net/listing-images/fa4e9c9a-73d0-4942-930c-baf8758c39fe_26a1737d-c647-42ff-b3c1-19eed0cc17e8.jpg/250x188.webp,1860,59.6090801187706,2047,76
eee55487-5ef6-426e-9d5c-a32b284e1f9b,Renault,Laguna,Coupé,PrivateSeller,7500,d,140000,03-2012,https://prod.pictures.autoscout24.net/listing-images/eee55487-5ef6-426e-9d5c-a32b284e1f9b_f9964352-b012-4b93-adea-f3667cb3b5ca.jpg/250x188.webp,8400,110.03239888716801,3934,83
42629364-9369-4ba9-bf61-5ff66f8a7342,Renault,Megane,Coupé,PrivateSeller,7500,d,110000,04-2011,https://prod.pictures.autoscout24.net/listing-images/42629364-9369-4ba9-bf61-5ff66f8a7342_f928f4de-f737-4eb6-9519-d1a5f4c47adf.jpg/250x188.webp,6032,119.9351470780066,4269,106
96aa1f0e-c840-43bc-8e21-7bd1569c6b9a,Renault,Trafic,Bestelwagen,PrivateSeller,7500,d,250000,01-2004,https://prod.pictures.autoscout24.net/listing-images/96aa1f0e-c840-43bc-8e21-7bd1569c6b9a_5ee1fb03-4c7e-4e0f-bcf7-8e45a47712d2.jpg/250x188.webp,3000,67.38410339411878,6916,109
69f0ccb5-5184-44dc-952b-7ef744e4d0f5,Renault,Megane,Coupé,PrivateSeller,7500,b,95082,03-2014,https://prod.pictures.autoscout24.net/listing-images/69f0ccb5-5184-44dc-952b-7ef744e4d0f5_48cedf0f-bb31-4734-945f-60ca2704e23b.jpg/250x188.webp,3540,76.60412810401502,3204,125
cffddc30-7cb7-4380-b7b8-02c67da1a11f,Renault,Clio,Berline,PrivateSeller,7500,b,155800,07-2014,https://prod.pictures.autoscout24.net/listing-images/cffddc30-7cb7-4380-b7b8-02c67da1a11f_c0f189d6-62e3-4645-9676-b1e84260c43e.jpg/250x188.webp,1800,60.05560122441548,3082,155
f735b7a4-cbee-40a0-9fba-47eb7d9f44f0,Renault,Megane,Cabriolet,PrivateSeller,7500,d,159000,07-2013,https://prod.pictures.autoscout24.net/listing-images/f735b7a4-cbee-40a0-9fba-47eb7d9f44f0_e138beaf-5c6d-4351-8103-72ec7f05f504.jpg/250x188.webp,4680,117.16819648416717,3447,176
df25d6d1-440e-4c01-a7b0-48724adefe12,Renault,Kangoo,Bestelwagen,PrivateSeller,7500,d,163000,10-2013,https://prod.pictures.autoscout24.net/listing-images/df25d6d1-440e-4c01-a7b0-48724adefe12_7c060d19-69dd-4646-84d1-e2816a4aecfd.jpg/250x188.webp,3670,86.86151890486535,3355,177
0beaab03-1c11-4082-b84e-e541811fb2d7,Renault,Clio,Break,Dealer,7550,d,84600,07-2011,https://prod.pictures.autoscout24.net/listing-images/0beaab03-1c11-4082-b84e-e541811fb2d7_3e4734c2-e8b5-478c-8069-3bccd1b8391a.jpg/250x188.webp,9940,62.66558746753047,4178,76
a66ea02c-ed01-4d90-9a83-1decf5b29b2b,Renault,Clio,Berline,PrivateSeller,7599,b,119000,01-2016,https://prod.pictures.autoscout24.net/listing-images/a66ea02c-ed01-4d90-9a83-1decf5b29b2b_aca13f82-4c38-4eb6-a566-121c13b1c3f5.jpg/250x188.webp,1831,63.496143889011755,2533,168
9057b43d-78be-445b-8d83-6c73e7211078,Renault,R 4,Stadswagen,PrivateSeller,7600,b,45000,07-1980,https://prod.pictures.autoscout24.net/listing-images/9057b43d-78be-445b-8d83-6c73e7211078_4b29002f-c160-4944-a79e-efaf21391707.jpg/250x188.webp,1932,66.67198913187099,15500,96
9ac329e7-f4ee-4ea0-b830-c1b0dd6e7988,Renault,Twingo,Berline,Dealer,7655,b,52000,09-2014,https://prod.pictures.autoscout24.net/listing-images/9ac329e7-f4ee-4ea0-b830-c1b0dd6e7988_ba89848a-e530-4ee2-bd39-b541cf5cc302.jpg/250x188.webp,8500,110.07601369654981,3020,76
7e2917b9-73d5-4870-b35e-a1f2b2ed4d91,Renault,Megane,Cabriolet,Dealer,7699,b,85250,03-2012,https://prod.pictures.autoscout24.net/listing-images/7e2917b9-73d5-4870-b35e-a1f2b2ed4d91_7b01f04d-303c-4a9f-8d54-d6ebc75825e1.jpg/250x188.webp,7033,120.92234590410432,3934,92
cf2dbe14-f130-4656-94d3-e7937e6a5d73,Renault,Kangoo,Bestelwagen,Dealer,7700,d,114872,01-2015,https://prod.pictures.autoscout24.net/listing-images/cf2dbe14-f130-4656-94d3-e7937e6a5d73_9b9ab8b4-420f-4862-b16b-86a1a4670d68.jpg/250x188.webp,5570,149.9747774147415,2898,33
d1375515-6ffc-4a26-bbd0-ebdf5b35f0b2,Renault,Scenic,Monovolume,Dealer,7750,d,57000,04-2012,https://prod.pictures.autoscout24.net/listing-images/d1375515-6ffc-4a26-bbd0-ebdf5b35f0b2_58ca159b-fdd1-4922-8de0-9b74c2a3ec04.jpg/250x188.webp,6020,116.87427855072593,3903,6
32d9b2cc-f812-4ccc-b0c5-12b0fd9a782c,Renault,Clio,Break,Dealer,7790,d,150000,06-2015,https://prod.pictures.autoscout24.net/listing-images/32d9b2cc-f812-4ccc-b0c5-12b0fd9a782c_b48d7836-889f-433b-90d8-af8ff3aaaf51.jpg/250x188.webp,6150,118.77654030835686,2747,25
560703f5-474d-4308-8023-d8d136be4b66,Renault,Twingo,Berline,PrivateSeller,7800,b,43300,11-2014,https://prod.pictures.autoscout24.net/listing-images/560703f5-474d-4308-8023-d8d136be4b66_b0756e1c-c585-41c6-af6c-4d6da7c4e36d.jpg/250x188.webp,9289,,2959,6
052b87c2-e550-4abd-91fa-fd684dd09fa1,Renault,Kangoo,Bestelwagen,Dealer,7800,d,40000,03-2010,https://prod.pictures.autoscout24.net/listing-images/052b87c2-e550-4abd-91fa-fd684dd09fa1_ec9dd6d8-2498-4896-bdbc-c75e070d7c42.jpg/250x188.webp,6940,144.48624639731975,4665,10
60abd2f9-17f2-4b25-afb9-ea41f086c9ab,Renault,Espace,Monovolume,PrivateSeller,7800,d,169000,04-2013,https://prod.pictures.autoscout24.net/listing-images/60abd2f9-17f2-4b25-afb9-ea41f086c9ab_34ef9149-8e9d-4b30-9258-ca70f15b8b37.jpg/250x188.webp,1040,70.85448790939559,3538,56
35dccfec-2428-4d9b-9dbb-ba7e348198e1,Renault,Grand Scenic,Monovolume,Dealer,7850,d,196547,11-2012,https://prod.pictures.autoscout24.net/listing-images/35dccfec-2428-4d9b-9dbb-ba7e348198e1_4241d0ae-0095-4251-887a-79b5ee97a175.jpg/250x188.webp,3510,78.62636142772035,3689,22
6474c6bb-f820-4a75-92cd-62af7739e2b7,Renault,Twingo,Berline,PrivateSeller,7850,b,43000,10-2016,https://prod.pictures.autoscout24.net/listing-images/6474c6bb-f820-4a75-92cd-62af7739e2b7_549642dd-af09-4369-b005-308f0538d2e8.jpg/250x188.webp,1140,66.17447866127165,2259,172
aa0c7d4f-111a-45f9-bfa7-a0bce3633faa,Renault,Twingo,Berline,Dealer,7850,d,61206,04-2012,https://prod.pictures.autoscout24.net/listing-images/aa0c7d4f-111a-45f9-bfa7-a0bce3633faa_ce8bc057-cae5-4c96-810f-f648952655bb.jpg/250x188.webp,3920,64.30712183830964,3903,282
c4ff13da-2697-46af-bf16-652ed0243bb5,Renault,Trafic,Bestelwagen,Dealer,7890,d,219501,10-2011,https://prod.pictures.autoscout24.net/listing-images/c4ff13da-2697-46af-bf16-652ed0243bb5_5ba8fc00-3ee2-4ecf-a492-040002f3d660.jpg/250x188.webp,4621,126.67391998952026,4086,189
ae41c5ff-e249-46b6-b438-e56bf4165b82,Renault,Megane,Berline,Dealer,7890,b,145698,03-2010,https://prod.pictures.autoscout24.net/listing-images/ae41c5ff-e249-46b6-b438-e56bf4165b82_31932914-0dd1-46fa-a390-caa97649ed3b.jpg/250x188.webp,7033,120.92234590410432,4665,209
e1bba24e-6fcd-437b-876e-05dea47f89e8,Renault,Clio,Andere,Dealer,7890,b,98000,07-2013,https://prod.pictures.autoscout24.net/listing-images/e1bba24e-6fcd-437b-876e-05dea47f89e8_27ec7ece-90e9-47d7-8462-364c26b13ff0.jpg/250x188.webp,1780,63.273818071645216,3447,229
ef9e2832-6281-4e1f-9d44-4756e2e7646a,Renault,Scenic,Monovolume,Dealer,7899,d,95980,09-2012,https://prod.pictures.autoscout24.net/listing-images/ef9e2832-6281-4e1f-9d44-4756e2e7646a_def2bbcf-342b-46d9-8384-280f38295f87.jpg/250x188.webp,8000,90.37195651627515,3750,33
ba5c2d36-73b9-4894-9c07-efe866e1936e,Renault,Megane,Cabriolet,Dealer,7899,d,135000,03-2011,https://prod.pictures.autoscout24.net/listing-images/ba5c2d36-73b9-4894-9c07-efe866e1936e_08133dac-0d4b-4368-9c39-a26d2c797ec4.jpg/250x188.webp,4020,121.60247278825214,4300,40
1d3e0c50-1917-4f39-a538-b236aac5cae5,Renault,Grand Scenic,Monovolume,Dealer,7899,b,139724,11-2009,https://prod.pictures.autoscout24.net/listing-images/1d3e0c50-1917-4f39-a538-b236aac5cae5_b8662135-c1e8-416c-995d-6ef6afa42734.jpg/250x188.webp,4460,114.8668906662163,4785,193
cf224757-8c2c-448e-a4ba-2066d3bad9ef,Renault,Master,Bestelwagen,Dealer,7900,d,370488,06-2016,https://prod.pictures.autoscout24.net/listing-images/cf224757-8c2c-448e-a4ba-2066d3bad9ef_72c82eb7-1657-463a-a57b-e6b17ca1c903.jpg/250x188.webp,1390,80.41314824962016,2381,196
4160c41e-fdfa-4be5-831b-43035c2fa9c4,Renault,Grand Scenic,Break,PrivateSeller,7900,d,215000,05-2014,https://prod.pictures.autoscout24.net/listing-images/4160c41e-fdfa-4be5-831b-43035c2fa9c4_92c2e2bc-39ce-4b9d-a91b-99fd57a892c6.jpg/250x188.webp,3550,75.75580829789837,3143,4
2e1830e9-59ec-4503-aff5-1590756c0953,Renault,Clio,Break,Dealer,7900,b,95000,04-2012,https://prod.pictures.autoscout24.net/listing-images/2e1830e9-59ec-4503-aff5-1590756c0953_9be5a511-2aa2-4056-80d6-34a14b9c7bc8.jpg/250x188.webp,6700,222.44484417522085,3903,5
3a476fea-ff72-48f2-9c6d-e4691e2379cc,Renault,Clio,Berline,Dealer,7900,b,23924,04-2010,https://prod.pictures.autoscout24.net/listing-images/3a476fea-ff72-48f2-9c6d-e4691e2379cc_1357e759-2dbf-45f3-95d2-e44dfa8fab1d.jpg/250x188.webp,7070,113.31762247504234,4634,17
1ec90ae9-23ff-46a8-97e1-274129bb80b0,Renault,,Takelwagen,Dealer,7900,d,189560,09-2002,https://prod.pictures.autoscout24.net/listing-images/1ec90ae9-23ff-46a8-97e1-274129bb80b0_cbb4f547-1146-45f8-9c3b-b72f1f20557d.jpg/250x188.webp,8880,113.05181262649485,7403,59
dc03732e-d760-4a9f-ab4d-78a76cf49c6c,Renault,Megane,Berline,PrivateSeller,7900,b,128900,06-2016,https://prod.pictures.autoscout24.net/listing-images/dc03732e-d760-4a9f-ab4d-78a76cf49c6c_32f363e9-4787-4491-b27f-203bca3596c5.jpg/250x188.webp,9450,74.09805150440516,2381,79
6597f167-38db-4e12-b59f-527aaee854be,Renault,Laguna,Coupé,Dealer,7900,d,92496,02-2009,https://prod.pictures.autoscout24.net/listing-images/6597f167-38db-4e12-b59f-527aaee854be_1db82670-577b-4f76-8e1c-e9f030862caa.jpg/250x188.webp,2610,33.817501233272104,5058,91
201dbb6c-537d-4f75-9211-8cbd5a41d5c9,Renault,Megane,Break,PrivateSeller,7900,d,60000,07-2013,https://prod.pictures.autoscout24.net/listing-images/201dbb6c-537d-4f75-9211-8cbd5a41d5c9_4a3adeed-2eed-437b-bc4c-cc98e0003d84.jpg/250x188.webp,1040,70.85448790939559,3447,102
63d738a8-7c1d-449f-a4c3-f527036a99dd,Renault,Mascott,Andere,Dealer,7900,d,189590,01-2002,https://prod.pictures.autoscout24.net/listing-images/63d738a8-7c1d-449f-a4c3-f527036a99dd_a54b835c-b162-4958-bfb2-00d7742b82b7.jpg/250x188.webp,8880,113.05181262649485,7646,112
e11ccea7-263c-4dba-93c2-939edb416987,Renault,Twingo,Berline,Dealer,7900,b,34000,08-2017,https://prod.pictures.autoscout24.net/listing-images/e11ccea7-263c-4dba-93c2-939edb416987_c602ff17-5572-4873-a2e2-ee7f0c510179.jpg/250x188.webp,1410,83.89428081314767,1955,314
f16af613-fe1f-4cfd-a404-24d9e95e2b17,Renault,Twingo,Berline,Dealer,7950,b,56000,09-2014,https://prod.pictures.autoscout24.net/listing-images/f16af613-fe1f-4cfd-a404-24d9e95e2b17_5b26d595-b745-4776-afe0-d8fc4d6dbf1a.jpg/250x188.webp,1400,97.35176357549375,3020,1
ddb76eae-4810-48b9-896f-e6154048f61a,Renault,Twingo,Berline,Dealer,7950,b,43000,12-2019,https://prod.pictures.autoscout24.net/listing-images/ddb76eae-4810-48b9-896f-e6154048f61a_f5039ea2-cb0c-4509-ae89-fca8e0861733.jpg/250x188.webp,1400,97.35176357549375,1103,8
53be6b83-1557-4619-8e7d-70ff1006dddc,Renault,Master,Bestelwagen,Dealer,7950,d,215000,10-2015,https://prod.pictures.autoscout24.net/listing-images/53be6b83-1557-4619-8e7d-70ff1006dddc_b307f93e-5482-4699-82bb-ffc6e36e89a1.jpg/250x188.webp,1070,71.06367211068877,2625,16
acf39ee1-ffa3-41cb-9810-852d8d8507fe,Renault,Megane,Break,Dealer,7990,b,145783,04-2016,https://prod.pictures.autoscout24.net/listing-images/acf39ee1-ffa3-41cb-9810-852d8d8507fe_7a10b192-462a-4b74-92ca-e99ad7ecb475.jpg/250x188.webp,1000,69.17270624549755,2442,5
8af0ffaa-0ff7-49f5-a938-7bda37ea87f2,Renault,Clio,Berline,Dealer,7990,b,139000,05-2016,https://prod.pictures.autoscout24.net/listing-images/8af0ffaa-0ff7-49f5-a938-7bda37ea87f2_4bdd7d0f-dd1b-4bdc-8207-c5f3b8ec98fb.jpg/250x188.webp,4100,122.70999344916741,2412,7
2a398cb0-0644-4f1b-8688-2d3e0c26519b,Renault,Scenic,Monovolume,Dealer,7990,d,131000,11-2013,https://prod.pictures.autoscout24.net/listing-images/2a398cb0-0644-4f1b-8688-2d3e0c26519b_c84d035c-1467-42f6-8642-5ae2309bf2c4.jpg/250x188.webp,7390,121.56764290915724,3324,8
17a39af2-7604-44b2-97d8-058ae54293cc,Renault,Megane,Coupé,Dealer,7990,d,125000,08-2010,https://prod.pictures.autoscout24.net/listing-images/17a39af2-7604-44b2-97d8-058ae54293cc_4164224e-f319-4ccc-966c-5dfc3bfe3f78.jpg/250x188.webp,6250,115.60596353389253,4512,9
11d4b065-05d4-45ce-b39c-1615c2eae860,Renault,Twingo,Berline,Dealer,7990,b,59601,05-2016,https://prod.pictures.autoscout24.net/listing-images/11d4b065-05d4-45ce-b39c-1615c2eae860_9b81450e-0b77-4ce7-871b-a4df37315781.jpg/250x188.webp,5070,122.22662855592974,2412,16
78574caa-b19f-46d7-9b07-ee48cd527639,Renault,Captur,SUV/4x4/Pick-up,Dealer,7990,d,139000,11-2013,https://prod.pictures.autoscout24.net/listing-images/78574caa-b19f-46d7-9b07-ee48cd527639_33b6f23e-d3f9-4d6c-b531-0a5cf7a355f7.jpg/250x188.webp,1440,88.54751756589805,3324,16
043c948f-b624-46a6-909e-6d4477cff391,Renault,Clio,Berline,Dealer,7990,d,163290,04-2013,https://prod.pictures.autoscout24.net/listing-images/043c948f-b624-46a6-909e-6d4477cff391_6ba4e870-f1bc-4e13-affc-b9f01d575bdf.jpg/250x188.webp,7540,116.1518990630203,3538,20
71ea771e-ed25-4992-a4a8-d489c0528ae5,Renault,Trafic,Bestelwagen,PrivateSeller,7990,d,158000,10-2014,https://prod.pictures.autoscout24.net/listing-images/71ea771e-ed25-4992-a4a8-d489c0528ae5_18117b3d-43ff-47ed-a0ab-f6f201bae95e.jpg/250x188.webp,1800,60.05560122441548,2990,24
c296e747-6579-4a83-8e89-98a09c0a7f6a,Renault,Clio,Break,Dealer,7990,b,67598,11-2009,https://prod.pictures.autoscout24.net/listing-images/c296e747-6579-4a83-8e89-98a09c0a7f6a_949c9d38-3870-4c4c-967d-e91797d2696c.jpg/250x188.webp,2440,49.365434961335374,4785,33
701179e3-a837-4198-bd10-834e790012c1,Renault,Kangoo,Monovolume,Dealer,7990,d,196842,01-2014,https://prod.pictures.autoscout24.net/listing-images/701179e3-a837-4198-bd10-834e790012c1_30efd5bb-f67e-47ce-914f-e32c51776b82.jpg/250x188.webp,7904,118.30704816178381,3263,68
466e3622-b7cf-46cf-957f-defc7fda3f16,Renault,Grand Scenic,Monovolume,Dealer,7990,d,149921,07-2012,https://prod.pictures.autoscout24.net/listing-images/466e3622-b7cf-46cf-957f-defc7fda3f16_281c8cf9-cbfc-4629-9e7e-b3efa9d6a29b.jpg/250x188.webp,6020,116.87427855072593,3812,79
5dbfe232-8c91-4be7-b685-9575b99fd9a1,Renault,Grand Scenic,Monovolume,Dealer,7990,d,163000,06-2013,https://prod.pictures.autoscout24.net/listing-images/5dbfe232-8c91-4be7-b685-9575b99fd9a1_64fecf00-b29f-475a-97e9-7ac743f109b7.jpg/250x188.webp,4040,120.39133917274062,3477,83
3337bd3b-4938-48c0-bc8f-6eb87a6aff92,Renault,Fluence,Berline,Dealer,7990,b,111614,01-2014,https://prod.pictures.autoscout24.net/listing-images/3337bd3b-4938-48c0-bc8f-6eb87a6aff92_092e2315-1da1-461c-a93a-ee2710bda4fe.jpg/250x188.webp,1000,69.17270624549755,3263,220
2c0bf743-b383-4bd6-8726-3efca51d77f2,Renault,Megane,Break,Dealer,7990,d,123033,01-2012,https://prod.pictures.autoscout24.net/listing-images/2c0bf743-b383-4bd6-8726-3efca51d77f2_8df134d5-5901-4abb-9852-3a2aff504258.jpg/250x188.webp,3500,86.84432103923942,3994,269
f70417c6-dec7-4b25-a07e-ac05f422be64,Renault,Twingo,Berline,Dealer,7990,b,97000,12-2015,https://prod.pictures.autoscout24.net/listing-images/f70417c6-dec7-4b25-a07e-ac05f422be64_0453ae5f-099e-46a6-b993-6413bb965e51.jpg/250x188.webp,9150,35.01618584808545,2564,646
4ec664fd-e652-4254-b34d-8dd3bfa655b1,Renault,Clio,Berline,Dealer,7995,d,160000,02-2017,https://prod.pictures.autoscout24.net/listing-images/4ec664fd-e652-4254-b34d-8dd3bfa655b1_dd71c613-9b97-40e6-b34f-b7ea7178e54a.jpg/250x188.webp,1420,87.49639779077864,2136,21
27798725-dc6c-41a3-a58a-7dc6726dde51,Renault,Grand Espace,Break,Dealer,7998,d,154000,10-2012,https://prod.pictures.autoscout24.net/listing-images/27798725-dc6c-41a3-a58a-7dc6726dde51_5144fecc-a9de-49c1-a9bf-e73bd2c6b629.jpg/250x188.webp,8620,124.31295949543343,3720,20
5c463c9a-9d1d-4ad3-bc06-f244ea87b7a8,Renault,Twingo,Stadswagen,Dealer,7999,b,73049,06-2016,https://prod.pictures.autoscout24.net/listing-images/5c463c9a-9d1d-4ad3-bc06-f244ea87b7a8_f24b06d0-7aa5-4b83-94a4-cf8c74353fb0.jpg/250x188.webp,9280,57.52425726435139,2381,0
caa5609e-ef6b-4fc3-8fe2-1c6a45281169,Renault,Clio,Berline,Dealer,7999,b,125000,02-2017,https://prod.pictures.autoscout24.net/listing-images/caa5609e-ef6b-4fc3-8fe2-1c6a45281169_d111cd24-6854-4144-bce1-dbe5fcfc5744.jpg/250x188.webp,1428,91.7253544984551,2136,1
3efe6479-5767-4253-8893-5e937adf9254,Renault,Clio,Break,Dealer,7999,b,55000,01-2015,https://prod.pictures.autoscout24.net/listing-images/3efe6479-5767-4253-8893-5e937adf9254_df4c2dfd-e4fc-468b-9796-5ccf5818404f.jpg/250x188.webp,2480,51.57496167372229,2898,21
c288a6ad-05e4-4bd0-b3ac-5ff8f8a1ccdc,Renault,Twingo,Berline,Dealer,7999,b,50000,04-2014,https://prod.pictures.autoscout24.net/listing-images/c288a6ad-05e4-4bd0-b3ac-5ff8f8a1ccdc_d1678f4e-4cb2-47d7-a6d2-40d03109348c.jpg/250x188.webp,4520,112.57318942534252,3173,26
1a812af7-679c-4792-97b7-581a12a1018d,Renault,Twingo,Berline,Dealer,7999,b,49999,01-2016,https://prod.pictures.autoscout24.net/listing-images/1a812af7-679c-4792-97b7-581a12a1018d_72f55b0a-bea9-4b48-b477-f4f2f642fd12.jpg/250x188.webp,4460,114.8668906662163,2533,27
874b714f-f411-41d0-b0c3-c03e2dfb9959,Renault,Scenic,Monovolume,Dealer,7999,b,105000,10-2013,https://prod.pictures.autoscout24.net/listing-images/874b714f-f411-41d0-b0c3-c03e2dfb9959_32cfee1a-7e2e-48a3-b5d6-0f735c519b42.jpg/250x188.webp,1790,66.85097420004841,3355,42
ecf273d1-837c-4d4a-a652-69298563a23d,Renault,Grand Scenic,Break,PrivateSeller,7999,d,100000,12-2014,https://prod.pictures.autoscout24.net/listing-images/ecf273d1-837c-4d4a-a652-69298563a23d_118c5269-1c64-4dd6-bdc0-7c37429f0100.jpg/250x188.webp,1420,87.49639779077864,2929,124
ef8070ed-44f0-4a5e-8e32-e8e327d6cc30,Renault,Clio,Berline,Dealer,8000,b,95800,01-1992,https://prod.pictures.autoscout24.net/listing-images/ef8070ed-44f0-4a5e-8e32-e8e327d6cc30_a9c4b1d6-34c2-4b47-8afa-46dffb017b07.jpg/250x188.webp,7011,117.50379775240164,11299,304
d21f398d-ba85-4f60-998a-c02cea315a10,Renault,Grand Scenic,Monovolume,PrivateSeller,8000,d,185000,11-2012,https://prod.pictures.autoscout24.net/listing-images/d21f398d-ba85-4f60-998a-c02cea315a10_fdb7c547-30ec-4397-9624-8a47a3acd88a.jpg/250x188.webp,1800,60.05560122441548,3689,4
7d6f9eac-1aac-4eee-bbaf-27f57da31cb7,Renault,Clio,Berline,Dealer,8000,b,79985,01-2013,https://prod.pictures.autoscout24.net/listing-images/7d6f9eac-1aac-4eee-bbaf-27f57da31cb7_c1716366-db9e-4d00-a531-117d9a1d3f98.jpg/250x188.webp,1770,71.72306486218548,3628,16
32b25e25-0491-4029-a697-2266d4807ad5,Renault,Clio,Berline,PrivateSeller,8000,b,31000,06-2010,https://prod.pictures.autoscout24.net/listing-images/32b25e25-0491-4029-a697-2266d4807ad5_29e38cdc-d7e3-41f2-a9c2-0dd3185be307.jpg/250x188.webp,7830,95.83528394971306,4573,21
2b3574b4-63dd-464b-a880-01418db4927a,Renault,Megane,Andere,PrivateSeller,8000,d,146000,10-2016,https://prod.pictures.autoscout24.net/listing-images/2b3574b4-63dd-464b-a880-01418db4927a_0188fb27-d1fd-4518-8cbf-b3c4eec2bb72.jpg/250x188.webp,3150,57.64276308921818,2259,38
ac83ded1-d7f2-4137-804e-781507935f39,Renault,Twingo,Berline,PrivateSeller,8000,b,82770,03-2017,https://prod.pictures.autoscout24.net/listing-images/ac83ded1-d7f2-4137-804e-781507935f39_08b9e078-ae3d-4818-9b52-0640a5a9616f.jpg/250x188.webp,1640,80.60400182928595,2108,66
e531df89-aad4-4c33-bf1e-295b62e083b6,Renault,Grand Scenic,Break,PrivateSeller,8000,d,120000,11-2011,https://prod.pictures.autoscout24.net/listing-images/e531df89-aad4-4c33-bf1e-295b62e083b6_c1e27261-e8be-4950-8964-5e5f9e18ce3f.jpg/250x188.webp,9130,26.066979182335594,4055,74
a34adb7d-f0ac-4f8c-bb37-6173c52669e3,Renault,Scenic,Monovolume,PrivateSeller,8000,d,109781,12-2013,https://prod.pictures.autoscout24.net/listing-images/a34adb7d-f0ac-4f8c-bb37-6173c52669e3_26bc5551-69a5-4531-bb7d-66675fdb3698.jpg/250x188.webp,2580,47.81608453320808,3294,78
39d74bef-0393-469e-927e-e94a4d8c3ec9,Renault,Twingo,Berline,PrivateSeller,8000,b,59000,01-2017,https://prod.pictures.autoscout24.net/listing-images/39d74bef-0393-469e-927e-e94a4d8c3ec9_f120c3b7-5a4c-48cd-bb58-c892f69bb634.jpg/250x188.webp,2170,24.69103588100009,2167,79
4727c859-d472-4d9c-a606-915efe1fb46b,Renault,Clio,Berline,PrivateSeller,8000,d,205000,06-2016,https://prod.pictures.autoscout24.net/listing-images/4727c859-d472-4d9c-a606-915efe1fb46b_c135bf3c-31eb-4549-87f3-9bc6bb19c3b8.jpg/250x188.webp,3630,102.97605198560623,2381,100
5b5d200e-9968-4331-b385-2f0e0dc3bf6f,Renault,Master,Bestelwagen,PrivateSeller,8000,d,101000,11-2006,https://prod.pictures.autoscout24.net/listing-images/5b5d200e-9968-4331-b385-2f0e0dc3bf6f_e33665c7-e7d4-42e0-b886-41ba4b00f580.jpg/250x188.webp,6191,,5881,103
aa5c47fd-c0a6-44e6-b3df-ab2a40f0212d,Renault,Kangoo,Bestelwagen,PrivateSeller,8000,d,134045,08-2016,https://prod.pictures.autoscout24.net/listing-images/aa5c47fd-c0a6-44e6-b3df-ab2a40f0212d_6abf0b1a-d833-42e7-909d-fa8dd8b319cc.jpg/250x188.webp,2960,17.223668147311386,2320,107
235ad3f1-b51f-49b6-b011-f750c6539739,Renault,Laguna,Berline,PrivateSeller,8000,d,149000,07-2015,https://prod.pictures.autoscout24.net/listing-images/235ad3f1-b51f-49b6-b011-f750c6539739_c4e59159-a3b6-4de4-8a76-2d70f2c109f1.jpg/250x188.webp,1420,87.49639779077864,2717,152
