guid,make,model,vehicle-type,seller-type,price,fuel-type,mileage,year,img-url,zip-code,distance,reg-age,listing-age
c0ed3803-6d7c-4ee6-9859-6e94175b1873,Volkswagen,Polo,Andere,PrivateSeller,350,b,198000,12-2004,https://prod.pictures.autoscout24.net/listing-images/c0ed3803-6d7c-4ee6-9859-6e94175b1873_8efc327f-3022-4a87-94fc-04214351d84c.jpg/250x188.webp,6440,141.40876452366408,6581,72
32906a46-1628-4780-b884-86beabcfd2dd,Volkswagen,Golf,Berline,PrivateSeller,400,d,330000,08-2000,https://prod.pictures.autoscout24.net/listing-images/32906a46-1628-4780-b884-86beabcfd2dd_e1de77ae-0213-4355-90cf-054555e5cae7.jpg/250x188.webp,2570,41.502398539267695,8164,3
f8214077-9a93-41db-9873-8d6b1b2ae802,Volkswagen,Polo,Berline,PrivateSeller,500,b,199777,07-1998,https://prod.pictures.autoscout24.net/listing-images/f8214077-9a93-41db-9873-8d6b1b2ae802_3821c2b7-edfc-4b53-8e25-40ce3ae97c73.jpg/250x188.webp,1040,70.85448790939559,8926,28
8f04643b-fdd3-4fc2-b5c2-e4dfeb39315b,Volkswagen,Lupo,Stadswagen,PrivateSeller,550,b,172000,10-1999,https://prod.pictures.autoscout24.net/listing-images/8f04643b-fdd3-4fc2-b5c2-e4dfeb39315b_9d3277f4-6a59-415f-b4bd-a426aac94d52.jpg/250x188.webp,4000,118.53949006185148,8469,50
5d1389df-29db-493f-8453-f917cf9b3847,Volkswagen,Lupo,Berline,PrivateSeller,600,b,230000,06-1999,https://prod.pictures.autoscout24.net/listing-images/5d1389df-29db-493f-8453-f917cf9b3847_83f29d9c-fc91-431e-9cd7-ed33d803cc44.jpg/250x188.webp,4400,117.24460891533398,8591,10
d418e932-6c58-4bb5-99c3-a7867f9e08de,Volkswagen,Golf,Berline,PrivateSeller,600,d,320000,10-2001,https://prod.pictures.autoscout24.net/listing-images/d418e932-6c58-4bb5-99c3-a7867f9e08de_e8321a11-141a-463f-8335-2b6203943213.jpg/250x188.webp,4020,121.60247278825214,7738,57
68ec4fd9-9330-4051-aaec-e945e20aab88,Volkswagen,Lupo,Stadswagen,PrivateSeller,600,d,240000,06-2002,https://prod.pictures.autoscout24.net/listing-images/68ec4fd9-9330-4051-aaec-e945e20aab88_07f88ba5-f250-4735-93bf-a25abb80ca84.jpg/250x188.webp,5300,113.30647041751955,7495,118
e40ee2cd-7d78-41ab-967f-e50920e90f14,Volkswagen,Polo,Stadswagen,PrivateSeller,700,b,174198,01-2001,https://prod.pictures.autoscout24.net/listing-images/e40ee2cd-7d78-41ab-967f-e50920e90f14_fd1ef067-c59d-4597-b07e-d8ea2448e8d4.jpg/250x188.webp,5170,123.91459628158174,8011,41
fb9d9411-26c6-43ea-a2bd-0195b513b8ed,Volkswagen,Polo,Berline,PrivateSeller,800,d,262000,12-2004,https://prod.pictures.autoscout24.net/listing-images/fb9d9411-26c6-43ea-a2bd-0195b513b8ed_9dca53ff-1080-4105-bb44-bd51358ef5ca.jpg/250x188.webp,5540,143.5314983235102,6581,7
c8f47a97-d79e-4453-9169-4b350a5eadb3,Volkswagen,Golf Variant,Stadswagen,PrivateSeller,800,b,109666,04-2001,https://prod.pictures.autoscout24.net/listing-images/c8f47a97-d79e-4453-9169-4b350a5eadb3_ad4754bb-406e-4a98-9c72-eaf06f106267.jpg/250x188.webp,3270,64.63308240631308,7921,85
a42a7122-cde2-47ae-a4b0-48d34f75248f,Volkswagen,Fox,Berline,Dealer,850,b,208000,04-2008,https://prod.pictures.autoscout24.net/listing-images/a42a7122-cde2-47ae-a4b0-48d34f75248f_520b131d-de95-499c-bbf5-3b5c6daa7e1e.jpg/250x188.webp,9860,75.70525305366282,5364,29
1530209a-05dd-4522-9e05-d904f62bbf51,Volkswagen,Golf,Andere,PrivateSeller,890,d,299200,01-2003,https://prod.pictures.autoscout24.net/listing-images/1530209a-05dd-4522-9e05-d904f62bbf51_85bbd214-9687-4ada-990a-290474e05b28.jpg/250x188.webp,5640,127.88750807473824,7281,6
d55b9e72-dd13-4dea-b024-5db2fbbc003c,Volkswagen,Polo,Berline,PrivateSeller,900,b,222000,01-2002,https://prod.pictures.autoscout24.net/listing-images/d55b9e72-dd13-4dea-b024-5db2fbbc003c_a42e8fa8-dbea-4b02-86ce-7c6babab240c.jpg/250x188.webp,4845,145.9433878746416,7646,7
87b547e2-4903-4c78-a4ae-f4bf87ccfe40,Volkswagen,Cross Touran,Break,PrivateSeller,900,d,344000,08-2006,https://prod.pictures.autoscout24.net/listing-images/87b547e2-4903-4c78-a4ae-f4bf87ccfe40_943007ac-2104-46f2-9ede-98fb0a103c11.jpg/250x188.webp,9050,69.04356445356942,5973,171
4ac1d051-8e30-4102-905f-f55b6e8234ac,Volkswagen,Bora,Berline,PrivateSeller,925,b,285000,08-1999,https://prod.pictures.autoscout24.net/listing-images/4ac1d051-8e30-4102-905f-f55b6e8234ac_a1af3e63-d143-413e-8e0d-2013aa180f51.jpg/250x188.webp,3631,106.04948746249447,8530,13
cee7caa8-4625-4b0b-92a0-b3f333d25b6e,Volkswagen,Caddy,Break,PrivateSeller,950,d,326000,09-2003,https://prod.pictures.autoscout24.net/listing-images/cee7caa8-4625-4b0b-92a0-b3f333d25b6e_db8ca9a3-e3dd-4727-aeb9-f289b1060d44.jpg/250x188.webp,1547,91.33117712382152,7038,49
9590ff25-f759-4ce1-89b6-2eab2dc2645d,Volkswagen,Polo,Berline,PrivateSeller,990,b,122427,05-1996,https://prod.pictures.autoscout24.net/listing-images/9590ff25-f759-4ce1-89b6-2eab2dc2645d_bc902d0e-f1cd-4451-862c-1a5cbe702cb4.jpg/250x188.webp,7350,126.64469659762254,9717,43
170897e4-2134-4963-829a-a0929f56da8f,Volkswagen,Golf Cabriolet,Andere,Dealer,999,d,178000,10-2002,https://prod.pictures.autoscout24.net/listing-images/170897e4-2134-4963-829a-a0929f56da8f_e68c90e1-1672-4623-b17e-147fa4fe7fc7.jpg/250x188.webp,1840,54.29299877782283,7373,63
ca5b8440-e443-4dc1-b76a-6606ad761f27,Volkswagen,Fox,Berline,PrivateSeller,999,b,213907,01-2008,https://prod.pictures.autoscout24.net/listing-images/ca5b8440-e443-4dc1-b76a-6606ad761f27_459222cd-16a9-4d95-a334-c2793b07ba76.jpg/250x188.webp,4500,119.58764611108163,5455,80
528a1e21-63c7-434b-b51d-97fd693a7cfe,Volkswagen,Polo,Berline,PrivateSeller,1000,b,92000,04-2001,https://prod.pictures.autoscout24.net/listing-images/528a1e21-63c7-434b-b51d-97fd693a7cfe_2faed204-aec0-4866-bdb5-5399fa9961dd.jpg/250x188.webp,3520,82.07861349342659,7921,0
24425654-432c-472b-abd1-2c3d0e6fb170,Volkswagen,Polo,Berline,PrivateSeller,1000,d,162523,10-2007,https://prod.pictures.autoscout24.net/listing-images/24425654-432c-472b-abd1-2c3d0e6fb170_5f57c81c-39f6-44d0-b59b-19c993252ca0.jpg/250x188.webp,4000,118.53949006185148,5547,16
d138a5e9-947d-4bcc-bcba-b490ea6fc245,Volkswagen,Polo,Break,PrivateSeller,1000,b,195000,05-1991,https://prod.pictures.autoscout24.net/listing-images/d138a5e9-947d-4bcc-bcba-b490ea6fc245_b14a5616-cba5-4e1c-b81d-282f163c4a2e.jpg/250x188.webp,4520,112.57318942534252,11544,19
33623cce-c515-4dda-86d4-3dcedfa5324e,Volkswagen,Passat,Berline,PrivateSeller,1000,d,244000,07-1992,https://prod.pictures.autoscout24.net/listing-images/33623cce-c515-4dda-86d4-3dcedfa5324e_1960093f-dbae-4d1b-b0e6-802cb42ee17c.jpg/250x188.webp,9968,62.54265668381387,11117,27
f706a3cd-056e-4d89-af81-d9ef5d531de1,Volkswagen,Golf,Berline,PrivateSeller,1000,d,209000,06-1998,https://prod.pictures.autoscout24.net/listing-images/f706a3cd-056e-4d89-af81-d9ef5d531de1_d841c94b-25ff-4f03-ae6b-c4bcdd6284ae.jpg/250x188.webp,6666,169.43632995078445,8956,38
a3ed3cd4-9b31-458f-95f9-4cf41f696941,Volkswagen,Golf GTI,Berline,PrivateSeller,1000,d,400000,10-2003,https://prod.pictures.autoscout24.net/listing-images/a3ed3cd4-9b31-458f-95f9-4cf41f696941_872a1bf5-f899-446d-bd11-bfc9ad62f265.jpg/250x188.webp,8870,106.40718302751253,7008,54
314e2166-aeec-418f-96dd-03c5d5e35ec9,Volkswagen,Golf,Stadswagen,PrivateSeller,1000,d,100000,01-1981,https://prod.pictures.autoscout24.net/listing-images/314e2166-aeec-418f-96dd-03c5d5e35ec9_ffabe669-eeed-4b7f-bcb6-57ab85a6b5b9.jpg/250x188.webp,5030,102.63381600593108,15316,55
b2283a20-86ef-43f8-8ea4-8fba77b8f368,Volkswagen,Bora,Berline,PrivateSeller,1000,d,280000,01-2000,https://prod.pictures.autoscout24.net/listing-images/b2283a20-86ef-43f8-8ea4-8fba77b8f368_b7ca2fe6-5aea-4461-8176-79f5862144ae.jpg/250x188.webp,7134,116.23444273110738,8377,66
2307c2e3-3dea-46a6-9145-f973689b3f0f,Volkswagen,Golf,Berline,PrivateSeller,1000,d,230000,07-2001,https://prod.pictures.autoscout24.net/listing-images/2307c2e3-3dea-46a6-9145-f973689b3f0f_dbe6e6f9-e2b0-45b0-bd00-9ea66b08bde8.jpg/250x188.webp,1030,66.85598932704684,7830,132
4555993e-ecac-41cf-b3fe-b148aeda9301,Volkswagen,Polo,Coupé,PrivateSeller,1000,b,69797,07-1988,https://prod.pictures.autoscout24.net/listing-images/4555993e-ecac-41cf-b3fe-b148aeda9301_561680c8-5ea0-4fc6-9421-f59f5f17d6fc.jpg/250x188.webp,2040,28.209668858342965,12578,141
1dcb3d3b-171a-47f6-acf4-cfcb03a4c8bf,Volkswagen,LT,Bestelwagen,Dealer,1000,d,227500,02-1998,https://prod.pictures.autoscout24.net/listing-images/1dcb3d3b-171a-47f6-acf4-cfcb03a4c8bf_bd427fe3-880c-4e84-b596-082f50819954.jpg/250x188.webp,9280,57.52425726435139,9076,396
ded04f11-1087-4cf0-8ceb-571b20f3539b,Volkswagen,Golf,Berline,PrivateSeller,1050,b,184000,05-2000,https://prod.pictures.autoscout24.net/listing-images/ded04f11-1087-4cf0-8ceb-571b20f3539b_d7a18013-9ca4-44dd-a20c-36ac6d948b1d.jpg/250x188.webp,1800,60.05560122441548,8256,6
babc98e9-9929-4537-ab7f-a846479da72f,Volkswagen,Polo,Berline,PrivateSeller,1050,b,141000,05-1984,https://prod.pictures.autoscout24.net/listing-images/babc98e9-9929-4537-ab7f-a846479da72f_0647ea17-cb57-421a-bb96-c7f3962176f6.jpg/250x188.webp,2890,48.52233771053304,14100,150
756c871e-35b2-4932-85f7-e39ad56769aa,Volkswagen,Lupo,Berline,PrivateSeller,1200,b,134636,02-2002,https://prod.pictures.autoscout24.net/listing-images/756c871e-35b2-4932-85f7-e39ad56769aa_0a4c7de6-2a67-407b-bd9a-5b90eb306cc8.jpg/250x188.webp,1030,66.85598932704684,7615,1
3799ea3e-cfe2-4325-9ed6-c6e0c8231070,Volkswagen,Polo,Berline,PrivateSeller,1200,b,142000,04-2000,https://prod.pictures.autoscout24.net/listing-images/3799ea3e-cfe2-4325-9ed6-c6e0c8231070_ffe80b8e-f9bb-4f02-a790-7ac57a93cd2a.jpg/250x188.webp,4480,119.22300130393128,8286,2
01edb510-0eed-42b2-a637-c9ea5bfde213,Volkswagen,Lupo,Stadswagen,PrivateSeller,1200,b,76000,06-1999,https://prod.pictures.autoscout24.net/listing-images/01edb510-0eed-42b2-a637-c9ea5bfde213_89ba33d7-5465-4ca1-9797-2072e499aa91.jpg/250x188.webp,1400,97.35176357549375,8591,10
ef9d75f7-f5a7-47cf-90c2-42c7b8f54bb2,Volkswagen,Polo,Berline,PrivateSeller,1200,b,245493,05-2006,https://prod.pictures.autoscout24.net/listing-images/ef9d75f7-f5a7-47cf-90c2-42c7b8f54bb2_34565362-3275-4fcf-a3bc-34c2450dbb33.jpg/250x188.webp,1190,73.06612059240499,6065,12
0d441cb6-46f8-43b7-a2d9-85c701a768eb,Volkswagen,Fox,Andere,PrivateSeller,1234,b,205500,04-2007,https://prod.pictures.autoscout24.net/listing-images/0d441cb6-46f8-43b7-a2d9-85c701a768eb_8a3a24f5-14c0-4544-9c55-795da467c249.jpg/250x188.webp,2260,51.722105508235536,5730,71
8341ac57-305b-4f0e-abf4-eee19f30e34c,Volkswagen,Golf,Andere,Dealer,1250,d,199854,11-1985,https://prod.pictures.autoscout24.net/listing-images/8341ac57-305b-4f0e-abf4-eee19f30e34c_6088a26f-7821-4386-b6ac-acd117263629.jpg/250x188.webp,6061,117.55452099458994,13551,29
b0b03694-926e-4639-8264-e1ad3a8d6787,Volkswagen,Lupo,Berline,Dealer,1250,b,132624,04-1999,https://prod.pictures.autoscout24.net/listing-images/b0b03694-926e-4639-8264-e1ad3a8d6787_f268a5a4-5f78-4bb1-ac0f-941ce8c4acb4.jpg/250x188.webp,1910,61.06717284299515,8652,99
82d3d6b4-56b2-4df9-a5a0-ed0cf7e9abf3,Volkswagen,Polo,Berline,PrivateSeller,1250,b,180000,06-2004,https://prod.pictures.autoscout24.net/listing-images/82d3d6b4-56b2-4df9-a5a0-ed0cf7e9abf3_5a50dd30-027b-414d-b808-5a4b20bfca3d.jpg/250x188.webp,5377,142.87521572281668,6764,107
cb2878ea-5583-43c0-8e0e-64feaf27312e,Volkswagen,Golf Variant,Break,PrivateSeller,1250,d,496000,06-2003,https://prod.pictures.autoscout24.net/listing-images/cb2878ea-5583-43c0-8e0e-64feaf27312e_af91c15f-02fc-4726-ab7f-ac641e6bd417.jpg/250x188.webp,6180,111.8460773215552,7130,166
849a9033-e007-4243-b6f9-ab169559f26d,Volkswagen,Passat,Berline,Dealer,1250,d,226167,02-2001,https://prod.pictures.autoscout24.net/listing-images/849a9033-e007-4243-b6f9-ab169559f26d_96b97837-8b98-496f-b9a0-2dc487f3ae59.jpg/250x188.webp,1910,61.06717284299515,7980,209
350b6785-6c73-413c-84bc-b7c95fd3ab31,Volkswagen,Bora,Andere,PrivateSeller,1300,d,350000,07-2001,https://prod.pictures.autoscout24.net/listing-images/350b6785-6c73-413c-84bc-b7c95fd3ab31_505bb6a1-e606-4e29-bc99-306513ebab59.jpg/250x188.webp,4800,137.3735948615729,7830,11
4a5f37a3-da5b-4ff1-973a-30393045a0b9,Volkswagen,Polo,Berline,Dealer,1300,d,219000,08-2008,https://prod.pictures.autoscout24.net/listing-images/4a5f37a3-da5b-4ff1-973a-30393045a0b9_b1819142-f2f9-46d6-a269-7a0c87f6260e.jpg/250x188.webp,5150,116.32900442102313,5242,16
2be9997e-cf05-4ea0-92ac-fe0723b73de3,Volkswagen,New Beetle,Berline,PrivateSeller,1300,b,219000,06-1999,https://prod.pictures.autoscout24.net/listing-images/2be9997e-cf05-4ea0-92ac-fe0723b73de3_c285b108-b0df-487c-b150-4c79e9035d50.jpg/250x188.webp,5030,102.63381600593108,8591,289
31b37026-ed4d-440b-9688-17c68a2a70e2,Volkswagen,Golf,Berline,PrivateSeller,1350,b,229248,02-2000,https://prod.pictures.autoscout24.net/listing-images/31b37026-ed4d-440b-9688-17c68a2a70e2_4e0764db-edc7-4fc0-97f9-9e12fe1f71b9.jpg/250x188.webp,2800,49.170515286575046,8346,3
7c603e08-7362-4503-8ffe-c33b5782074e,Volkswagen,Touran,Monovolume,PrivateSeller,1350,d,266000,04-2004,https://prod.pictures.autoscout24.net/listing-images/7c603e08-7362-4503-8ffe-c33b5782074e_05ffe1cc-5c46-4c68-aa3d-f769a13cb45a.jpg/250x188.webp,4800,137.3735948615729,6825,40
22344343-4869-4025-a7f6-9a63de6be45b,Volkswagen,Golf Variant,Break,PrivateSeller,1350,d,497000,06-2003,https://prod.pictures.autoscout24.net/listing-images/22344343-4869-4025-a7f6-9a63de6be45b_8117cfe7-a4f5-40e2-a049-fc462d913aa7.jpg/250x188.webp,6180,111.8460773215552,7130,180
4b293911-1c0f-4fe2-afb3-356464600000,Volkswagen,Fox,Berline,PrivateSeller,1399,b,180000,01-2007,https://prod.pictures.autoscout24.net/listing-images/4b293911-1c0f-4fe2-afb3-356464600000_0bb3d110-f8d4-493c-b02a-ea1590e365a0.jpg/250x188.webp,9190,40.6091626873068,5820,31
3523b626-e4d4-40e1-af2d-7622efe9e0ea,Volkswagen,New Beetle,Berline,PrivateSeller,1400,d,250000,07-2000,https://prod.pictures.autoscout24.net/listing-images/3523b626-e4d4-40e1-af2d-7622efe9e0ea_23ddd21e-07b7-4c88-a689-d4ce5dc0645d.jpg/250x188.webp,2880,47.93429287155117,8195,39
75f986ec-417b-4327-8289-fb83cb6b15a0,Volkswagen,Polo,Coupé,PrivateSeller,1400,b,144424,02-1993,https://prod.pictures.autoscout24.net/listing-images/75f986ec-417b-4327-8289-fb83cb6b15a0_5c00bc92-66a5-435c-9665-7916c4596afa.jpg/250x188.webp,3590,90.88915689240717,10902,82
562e9e66-35c1-46f3-aeaf-bddde1a66dfc,Volkswagen,Polo,Berline,PrivateSeller,1400,b,174523,08-2000,https://prod.pictures.autoscout24.net/listing-images/562e9e66-35c1-46f3-aeaf-bddde1a66dfc_6f2387dd-0191-4425-8c71-14a9f74ae1dc.jpg/250x188.webp,1080,69.57979227671277,8164,156
4cc78f48-9e98-4474-909c-785863017912,Volkswagen,Golf,Andere,Dealer,1400,d,275000,06-2001,https://prod.pictures.autoscout24.net/listing-images/4cc78f48-9e98-4474-909c-785863017912_647da572-0b90-47d3-b92e-19bd1c1d0744.jpg/250x188.webp,1840,54.29299877782283,7860,254
0f19d974-dcd9-4a37-973f-d1aac2fbe34a,Volkswagen,Polo,Berline,PrivateSeller,1450,b,120000,12-2001,https://prod.pictures.autoscout24.net/listing-images/0f19d974-dcd9-4a37-973f-d1aac2fbe34a_ae828b50-5289-42eb-8d2a-fe78d34d736e.jpg/250x188.webp,1080,69.57979227671277,7677,4
6f2c5aaa-e54e-4a3f-840b-efa622d0f65f,Volkswagen,Fox,Berline,PrivateSeller,1450,b,166000,10-2007,https://prod.pictures.autoscout24.net/listing-images/6f2c5aaa-e54e-4a3f-840b-efa622d0f65f_ece5c6fe-3426-43b3-88cb-1e33a17eaadc.jpg/250x188.webp,2930,19.7117884178022,5547,68
d7e4f3c0-9ab2-493a-b1f9-ce9c066a4e1f,Volkswagen,Polo,Andere,PrivateSeller,1450,d,226000,05-2002,https://prod.pictures.autoscout24.net/listing-images/d7e4f3c0-9ab2-493a-b1f9-ce9c066a4e1f_4c37f213-6f03-49ee-a989-c59c535d8bfb.jpg/250x188.webp,4020,121.60247278825214,7526,71
8809d8c1-781b-46d5-abe8-29b89b19f866,Volkswagen,Polo,Stadswagen,PrivateSeller,1490,b,136137,04-1996,https://prod.pictures.autoscout24.net/listing-images/8809d8c1-781b-46d5-abe8-29b89b19f866_4950af3a-4e6a-4455-a162-b4fd613704a4.jpg/250x188.webp,7500,124.32337959708627,9747,12
5dbfe1fa-110c-4dfd-9242-93ee53e29ac2,Volkswagen,Polo,Berline,Dealer,1499,b,128000,12-1997,https://prod.pictures.autoscout24.net/listing-images/5dbfe1fa-110c-4dfd-9242-93ee53e29ac2_b75878eb-5fe5-44ec-a830-4afb08b89ae8.jpg/250x188.webp,3070,64.49129985396475,9138,18
867cb693-0e90-4edb-977e-d98ca94dab56,Volkswagen,Polo,Berline,PrivateSeller,1500,b,165000,04-2002,https://prod.pictures.autoscout24.net/listing-images/867cb693-0e90-4edb-977e-d98ca94dab56_0ea47278-945f-460f-a95d-a9930bb1a247.jpg/250x188.webp,3910,74.58525657452907,7556,3
f9c31850-6793-468c-b05e-6382588831a2,Volkswagen,Polo,Berline,PrivateSeller,1500,b,188700,05-2002,https://prod.pictures.autoscout24.net/listing-images/f9c31850-6793-468c-b05e-6382588831a2_98ece173-dcb0-4dd3-9e43-04618c71cd48.jpg/250x188.webp,3000,67.38410339411878,7526,6
c94832bb-0d59-4c6b-a536-46e1fcfef382,Volkswagen,Polo,Berline,PrivateSeller,1500,d,240663,03-2004,https://prod.pictures.autoscout24.net/listing-images/c94832bb-0d59-4c6b-a536-46e1fcfef382_c7cc794e-6475-43d7-bb74-6f762529c804.jpg/250x188.webp,4480,119.22300130393128,6856,20
23759b7e-ceca-4b2f-b909-38c85292885f,Volkswagen,Lupo,Berline,PrivateSeller,1500,b,172878,02-2000,https://prod.pictures.autoscout24.net/listing-images/23759b7e-ceca-4b2f-b909-38c85292885f_84db3c66-768a-4776-98d5-86a2a2ec62c6.jpg/250x188.webp,2870,48.59068591419226,8346,23
117c7eed-c9cd-4d71-9e1a-a842df10fe7c,Volkswagen,Golf,Berline,PrivateSeller,1500,b,168500,09-1992,https://prod.pictures.autoscout24.net/listing-images/117c7eed-c9cd-4d71-9e1a-a842df10fe7c_720d8d59-1ac3-40ae-9a29-cc27207f2dfc.jpg/250x188.webp,9000,69.99787275902874,11055,24
737e10be-2b41-4f83-884e-c43b979e0cd8,Volkswagen,Passat Variant,Break,Dealer,1500,b,202300,01-2002,https://prod.pictures.autoscout24.net/listing-images/737e10be-2b41-4f83-884e-c43b979e0cd8_80e92595-9e4d-4c9f-b989-b042d2f3d0e4.jpg/250x188.webp,1600,78.61296004280759,7646,37
ae4ade13-86fe-4d27-ad96-7f059db6d034,Volkswagen,Golf,Andere,PrivateSeller,1500,b,150500,11-1998,https://prod.pictures.autoscout24.net/listing-images/ae4ade13-86fe-4d27-ad96-7f059db6d034_c103c496-c814-4da0-9c7c-e00085bdca2d.jpg/250x188.webp,1930,65.18883147641638,8803,37
663e4fdb-39f4-4280-b84e-a6c6added212,Volkswagen,Bora,Berline,PrivateSeller,1500,d,199000,05-2001,https://prod.pictures.autoscout24.net/listing-images/663e4fdb-39f4-4280-b84e-a6c6added212_e4359e20-3de2-4e1f-9541-a2c2fee48ff8.jpg/250x188.webp,7950,111.35816084118493,7891,39
b10273bd-543a-43e4-89f9-489b7acc35f4,Volkswagen,Polo,Berline,PrivateSeller,1500,d,300000,10-2006,https://prod.pictures.autoscout24.net/listing-images/b10273bd-543a-43e4-89f9-489b7acc35f4_4d2242e4-d7a9-443d-9e91-d96672840284.jpg/250x188.webp,4800,137.3735948615729,5912,52
8ffad6ff-bc3d-4a79-8580-172ae467f543,Volkswagen,Polo,Berline,PrivateSeller,1500,b,148000,05-2005,https://prod.pictures.autoscout24.net/listing-images/8ffad6ff-bc3d-4a79-8580-172ae467f543_ad612283-9ae2-41ef-9b49-742868ba44c8.jpg/250x188.webp,6040,114.0742701643821,6430,58
4d334024-7465-40db-84d4-14e6cfcc4302,Volkswagen,Golf Cabriolet,Cabriolet,PrivateSeller,1500,d,349000,05-2001,https://prod.pictures.autoscout24.net/listing-images/4d334024-7465-40db-84d4-14e6cfcc4302_e85008ce-664e-4689-bf50-7b53112b9fc7.jpg/250x188.webp,6061,117.55452099458994,7891,64
d37a9029-110e-4163-b8da-7dba0a4fddd7,Volkswagen,Polo,Berline,PrivateSeller,1500,d,334315,02-2007,https://prod.pictures.autoscout24.net/listing-images/d37a9029-110e-4163-b8da-7dba0a4fddd7_014360e7-6dac-4493-843c-7f4709eda1c7.jpg/250x188.webp,1050,70.92422613330518,5789,71
2bc1585d-53c2-4a9b-b795-70e2aa28543a,Volkswagen,Polo,Berline,PrivateSeller,1500,b,126000,12-1997,https://prod.pictures.autoscout24.net/listing-images/2bc1585d-53c2-4a9b-b795-70e2aa28543a_5e9a873d-2c9a-4892-83a7-8cd1b9b0e361.jpg/250x188.webp,1851,55.934057342292064,9138,78
a96b7dfd-52ec-4dcd-bfee-8054fbccad42,Volkswagen,Polo,Berline,PrivateSeller,1500,b,193000,05-2005,https://prod.pictures.autoscout24.net/listing-images/a96b7dfd-52ec-4dcd-bfee-8054fbccad42_be465b0f-df46-4f6e-9a29-f2d56ea6beee.jpg/250x188.webp,9000,69.99787275902874,6430,80
97e2a204-f43d-43ed-b0fc-e49793fd015a,Volkswagen,Bora,Berline,PrivateSeller,1500,d,256000,04-2001,https://prod.pictures.autoscout24.net/listing-images/97e2a204-f43d-43ed-b0fc-e49793fd015a_7dbd5597-e52f-4062-b84e-f7f8e9764c54.jpg/250x188.webp,3050,71.65834156450815,7921,88
5d88cf27-650d-4352-a0dd-71467808a39e,Volkswagen,Golf,Berline,PrivateSeller,1500,d,200000,06-2011,https://prod.pictures.autoscout24.net/listing-images/5d88cf27-650d-4352-a0dd-71467808a39e_c538c1ef-17f2-40ca-9399-29ea339330f4.jpg/250x188.webp,9300,66.4098627619792,4208,93
7cd3a4ad-c6cd-4f17-b082-a9dc3b910bc0,Volkswagen,Golf,Berline,PrivateSeller,1500,d,200000,09-2011,https://prod.pictures.autoscout24.net/listing-images/7cd3a4ad-c6cd-4f17-b082-a9dc3b910bc0_6957da8e-9110-4017-b32c-f98040484502.jpg/250x188.webp,9300,66.4098627619792,4116,93
50db1735-0bd6-4696-9783-da24710d499b,Volkswagen,Lupo,Berline,PrivateSeller,1500,b,137500,08-2002,https://prod.pictures.autoscout24.net/listing-images/50db1735-0bd6-4696-9783-da24710d499b_46c639ab-4e25-47d7-a2d3-38415857df46.jpg/250x188.webp,1830,61.99821855231934,7434,111
0e10dd90-aea1-475b-945b-944f91d2b8c3,Volkswagen,New Beetle,Berline,PrivateSeller,1500,b,243010,03-1999,https://prod.pictures.autoscout24.net/listing-images/0e10dd90-aea1-475b-945b-944f91d2b8c3_b4269d70-54c8-4d17-8ba2-f4f9e4cc28ff.jpg/250x188.webp,7000,118.39471915054493,8683,120
ae9ee5e0-b0b4-4d60-989a-588745a9b67a,Volkswagen,Passat Variant,Break,PrivateSeller,1500,d,280000,06-2000,https://prod.pictures.autoscout24.net/listing-images/ae9ee5e0-b0b4-4d60-989a-588745a9b67a_df195d4e-3006-47dd-b597-01c393b91f9d.jpg/250x188.webp,9290,58.400688634011,8225,122
08845a77-19ab-4fac-a2e9-061ceb3433c1,Volkswagen,Golf Cabriolet,Cabriolet,PrivateSeller,1500,b,195000,05-1996,https://prod.pictures.autoscout24.net/listing-images/08845a77-19ab-4fac-a2e9-061ceb3433c1_eb7770ba-b2fc-46d8-a1fb-5765f10e79d2.jpg/250x188.webp,1000,69.17270624549755,9717,123
a08a5fcf-5081-4d7f-beef-8b7c5dd2863f,Volkswagen,Fox,Berline,PrivateSeller,1500,b,118300,07-2009,https://prod.pictures.autoscout24.net/listing-images/a08a5fcf-5081-4d7f-beef-8b7c5dd2863f_f64b033b-3704-4428-a2a0-02ea0241af0a.jpg/250x188.webp,7070,113.31762247504234,4908,131
b1606ecd-a7ca-4284-9331-815df9142dbf,Volkswagen,Bora,Berline,PrivateSeller,1500,b,80000,06-2000,https://prod.pictures.autoscout24.net/listing-images/b1606ecd-a7ca-4284-9331-815df9142dbf_c7f9e7b3-ceba-4b1a-a792-52ac53dfef23.jpg/250x188.webp,9000,69.99787275902874,8225,135
e65daba1-9786-46cc-9806-413e7b3f6d32,Volkswagen,Bora,Berline,PrivateSeller,1500,d,135000,01-1999,https://prod.pictures.autoscout24.net/listing-images/e65daba1-9786-46cc-9806-413e7b3f6d32_0e7b7e26-45f8-44d4-83c7-b4d477f6abee.jpg/250x188.webp,6460,156.12207477645916,8742,156
24c438c6-e43c-48d9-9af3-d8d69e4b04ef,Volkswagen,Golf,Berline,PrivateSeller,1500,b,150500,11-1998,https://prod.pictures.autoscout24.net/listing-images/24c438c6-e43c-48d9-9af3-d8d69e4b04ef_8d71912b-babb-4a3a-924a-4316099558d6.jpg/250x188.webp,1930,65.18883147641638,8803,171
6a346679-2ac7-4ffa-a6f2-220550d00244,Volkswagen,Golf Variant,Break,PrivateSeller,1600,d,432000,11-2002,https://prod.pictures.autoscout24.net/listing-images/6a346679-2ac7-4ffa-a6f2-220550d00244_9917bcac-6e47-4355-9d5e-bf1af5966d80.jpg/250x188.webp,7904,118.30704816178381,7342,7
e8c435ee-1061-4199-89cd-7e73c3e2bac0,Volkswagen,Golf Cabriolet,Cabriolet,PrivateSeller,1600,d,290000,06-1997,https://prod.pictures.autoscout24.net/listing-images/e8c435ee-1061-4199-89cd-7e73c3e2bac0_f78be5a2-709b-4918-886a-2019835d2691.jpg/250x188.webp,6211,106.9940194611148,9321,56
1958681c-7db1-4e96-b154-e2a82aa1a656,Volkswagen,Polo,Berline,PrivateSeller,1600,d,292000,09-2005,https://prod.pictures.autoscout24.net/listing-images/1958681c-7db1-4e96-b154-e2a82aa1a656_81225a68-37c3-4717-9acf-6f3648346174.jpg/250x188.webp,5300,113.30647041751955,6307,75
43d19ffb-da8a-47a4-958b-45d83bb2c449,Volkswagen,Golf,Andere,PrivateSeller,1600,b,166150,03-1990,https://prod.pictures.autoscout24.net/listing-images/43d19ffb-da8a-47a4-958b-45d83bb2c449_6546b60e-b8ac-47fd-a850-48e6f5198206.jpg/250x188.webp,7011,117.50379775240164,11970,99
bc99cfce-ebb0-428b-b8ab-bb8f35d2a9c2,Volkswagen,Polo,Berline,PrivateSeller,1600,b,124995,05-2001,https://prod.pictures.autoscout24.net/listing-images/bc99cfce-ebb0-428b-b8ab-bb8f35d2a9c2_86900767-091a-432e-bde7-72647447e26f.jpg/250x188.webp,6792,226.9711708101047,7891,120
ad97aa7e-be83-4c0b-9320-dc28aebd6712,Volkswagen,Polo,Berline,PrivateSeller,1600,b,175000,07-2004,https://prod.pictures.autoscout24.net/listing-images/ad97aa7e-be83-4c0b-9320-dc28aebd6712_d9f09525-5e8a-4cd1-b48c-f326b826ce43.jpg/250x188.webp,1932,66.67198913187099,6734,163
df0c9e66-e696-4aca-91dc-64bc6be78d85,Volkswagen,Polo,Berline,Dealer,1650,b,96930,11-1997,https://prod.pictures.autoscout24.net/listing-images/df0c9e66-e696-4aca-91dc-64bc6be78d85_6b99daf4-dc24-490a-86f1-f62338fe6e1c.jpg/250x188.webp,5140,104.85389989976589,9168,6
65667d38-579c-4aac-bbd6-246f39a40d84,Volkswagen,Polo,Berline,Dealer,1650,d,191000,06-2004,https://prod.pictures.autoscout24.net/listing-images/65667d38-579c-4aac-bbd6-246f39a40d84_deacd284-8bb4-4a0f-9105-7a057aa08d2b.jpg/250x188.webp,1700,70.90697373704198,6764,6
444b8da2-2eb4-41b0-be74-d9177925736d,Volkswagen,Golf,Berline,PrivateSeller,1650,b,188000,11-2001,https://prod.pictures.autoscout24.net/listing-images/444b8da2-2eb4-41b0-be74-d9177925736d_75767e52-9e43-4aa9-adee-e3143b525d96.jpg/250x188.webp,8400,110.03239888716801,7707,13
312cbb82-8a4f-4432-bef8-ef7cc668b6a4,Volkswagen,Polo,Berline,PrivateSeller,1650,d,280000,11-2006,https://prod.pictures.autoscout24.net/listing-images/312cbb82-8a4f-4432-bef8-ef7cc668b6a4_d8765ed0-f319-44ae-875d-04c4cc8061c2.jpg/250x188.webp,1190,73.06612059240499,5881,22
b39ea69d-5119-41c4-9eca-6539a482ec32,Volkswagen,Polo,Berline,Dealer,1650,d,188000,09-2008,https://prod.pictures.autoscout24.net/listing-images/b39ea69d-5119-41c4-9eca-6539a482ec32_4d207b36-ba55-41d6-b41c-bb0dcb7dbeba.jpg/250x188.webp,1400,97.35176357549375,5211,63
af81536b-29bb-4e18-8c1d-c12652d9eadf,Volkswagen,Golf,Berline,Dealer,1650,d,321939,06-2007,https://prod.pictures.autoscout24.net/listing-images/af81536b-29bb-4e18-8c1d-c12652d9eadf_ea810484-6460-4ac1-a377-b70905707d15.jpg/250x188.webp,1600,78.61296004280759,5669,99
9bfe7e4b-f129-4eb7-b16f-6a112451b03b,Volkswagen,Golf,Berline,PrivateSeller,1700,d,2024552,01-1996,https://prod.pictures.autoscout24.net/listing-images/9bfe7e4b-f129-4eb7-b16f-6a112451b03b_3611f9d6-ad1a-4bc4-81c8-edcb563e807f.jpg/250x188.webp,9552,74.35020130377221,9838,58
d661ab6d-64db-466c-a394-bfeb3f494fad,Volkswagen,Lupo,Andere,PrivateSeller,1700,b,190000,04-2004,https://prod.pictures.autoscout24.net/listing-images/d661ab6d-64db-466c-a394-bfeb3f494fad_1e5468e8-98d5-4a25-87aa-405db89f38b7.jpg/250x188.webp,3540,76.60412810401502,6825,79
7afd2f33-e7ce-40a3-8078-1070018dd7eb,Volkswagen,Polo,Andere,Dealer,1700,b,225000,01-2004,https://prod.pictures.autoscout24.net/listing-images/7afd2f33-e7ce-40a3-8078-1070018dd7eb_3368f949-0ec3-4031-a277-e5b56edcf2dc.jpg/250x188.webp,1840,54.29299877782283,6916,244
6aaf3497-cf76-4008-a584-1f71d6e34d49,Volkswagen,Beetle,Andere,Dealer,1750,d,198000,06-2001,https://prod.pictures.autoscout24.net/listing-images/6aaf3497-cf76-4008-a584-1f71d6e34d49_a496a235-79cf-40c6-84b0-f0de33800adc.jpg/250x188.webp,7022,119.56343440693298,7860,42
e19e6819-20d8-42ac-b11b-bdc512a7ce38,Volkswagen,Golf Cabriolet,Andere,PrivateSeller,1750,d,130000,06-2003,https://prod.pictures.autoscout24.net/listing-images/e19e6819-20d8-42ac-b11b-bdc512a7ce38_a62f72b7-f7f2-409a-9571-69a0b3ed14b0.jpg/250x188.webp,4020,121.60247278825214,7130,50
5c071af9-6671-4a64-aaa2-ad7af23dbf7e,Volkswagen,Touran,Andere,PrivateSeller,1750,d,279000,07-2005,https://prod.pictures.autoscout24.net/listing-images/5c071af9-6671-4a64-aaa2-ad7af23dbf7e_873575ac-8574-4796-a11b-a67ceca5d474.jpg/250x188.webp,1140,66.17447866127165,6369,60
80d8eb10-5ba2-4176-8fa0-cb218b6eb923,Volkswagen,Golf,Berline,PrivateSeller,1750,b,166941,10-1998,https://prod.pictures.autoscout24.net/listing-images/80d8eb10-5ba2-4176-8fa0-cb218b6eb923_f8b5f72c-d968-4ba3-9189-d068d9c31c5d.jpg/250x188.webp,9200,55.33414746561007,8834,139
bd9fed8f-fd6f-4159-82c4-1683bc49b627,Volkswagen,Golf,Andere,PrivateSeller,1790,b,123000,08-1993,https://prod.pictures.autoscout24.net/listing-images/bd9fed8f-fd6f-4159-82c4-1683bc49b627_3a6a9825-03db-4468-8b56-2cb4ba8ee2f5.jpg/250x188.webp,6250,115.60596353389253,10721,56
ac85c0f8-ced7-4aa6-80e0-b27b57bf8354,Volkswagen,Touran,Monovolume,Dealer,1799,d,274000,11-2006,https://prod.pictures.autoscout24.net/listing-images/ac85c0f8-ced7-4aa6-80e0-b27b57bf8354_83f218c5-5627-4252-8fc3-d0f84a7401c2.jpg/250x188.webp,5060,116.00750129472273,5881,54
d16924a2-d9ac-4371-a734-4b9919e1e739,Volkswagen,Polo,Berline,PrivateSeller,1800,b,220000,07-2005,https://prod.pictures.autoscout24.net/listing-images/d16924a2-d9ac-4371-a734-4b9919e1e739_b1f384b2-2895-4a2c-9c72-d9e4927ab4d2.jpg/250x188.webp,1000,69.17270624549755,6369,0
176b7b8b-cb40-459a-8351-a4d0df9f1c8d,Volkswagen,Polo,Berline,PrivateSeller,1800,d,295000,05-2003,https://prod.pictures.autoscout24.net/listing-images/176b7b8b-cb40-459a-8351-a4d0df9f1c8d_43e43be7-d788-4d38-9c22-eed3d6a2d2c4.jpg/250x188.webp,4020,121.60247278825214,7161,12
49659af6-808d-4bef-8663-1962c97d6c7f,Volkswagen,Polo,Berline,PrivateSeller,1800,b,175000,07-2004,https://prod.pictures.autoscout24.net/listing-images/49659af6-808d-4bef-8663-1962c97d6c7f_18d81d2f-f247-47f7-aa90-294c7743df62.jpg/250x188.webp,1180,74.57281408996285,6734,22
f54cbe51-4e75-45d5-a4d5-3a11f9355757,Volkswagen,Golf,Berline,PrivateSeller,1800,d,2555000,06-2003,https://prod.pictures.autoscout24.net/listing-images/f54cbe51-4e75-45d5-a4d5-3a11f9355757_eec6a5bb-3b74-4cea-acd1-25edbc9fa828.jpg/250x188.webp,1390,80.41314824962016,7130,142
b0baaa7d-436f-46bf-9fb9-a2f08113413c,Volkswagen,Polo,Stadswagen,PrivateSeller,1800,d,245000,06-2002,https://prod.pictures.autoscout24.net/listing-images/b0baaa7d-436f-46bf-9fb9-a2f08113413c_15ffb56a-6c8f-4890-8cb1-f2dfb7bd9b6a.jpg/250x188.webp,4500,119.58764611108163,7495,145
369fa480-2bdd-492d-9796-ea8b926097ef,Volkswagen,New Beetle,Cabriolet,Dealer,1850,b,197200,04-2003,https://prod.pictures.autoscout24.net/listing-images/369fa480-2bdd-492d-9796-ea8b926097ef_85dabcc8-f1d9-4599-8adf-00570f10aedd.jpg/250x188.webp,1600,78.61296004280759,7191,10
403e67ca-56ed-444b-88b5-a650029a7d84,Volkswagen,Passat,Berline,PrivateSeller,1850,d,300000,01-2003,https://prod.pictures.autoscout24.net/listing-images/403e67ca-56ed-444b-88b5-a650029a7d84_ab655766-0c62-42bc-bcfc-3ef09d34c96a.jpg/250x188.webp,7170,108.4792868516476,7281,27
92634b7f-8f59-4c4c-914c-a30b7b0fa874,Volkswagen,Golf,Berline,PrivateSeller,1850,b,185000,08-1988,https://prod.pictures.autoscout24.net/listing-images/92634b7f-8f59-4c4c-914c-a30b7b0fa874_440663ef-cc34-436c-aaa3-ca5edcac6b82.jpg/250x188.webp,6671,171.62871141959067,12547,116
433a6e6e-3fa2-401a-bc03-7db27583c57e,Volkswagen,Golf,Berline,Dealer,1850,b,180000,06-1998,https://prod.pictures.autoscout24.net/listing-images/433a6e6e-3fa2-401a-bc03-7db27583c57e_0ee8365d-5d19-47d8-985b-94f60218d24d.jpg/250x188.webp,1740,70.11361067497609,8956,137
55bfac31-d9ae-4bb6-9305-d4f9df3326ca,Volkswagen,Polo,Berline,Dealer,1890,d,256251,05-2005,https://prod.pictures.autoscout24.net/listing-images/55bfac31-d9ae-4bb6-9305-d4f9df3326ca_ce88db71-97e1-4b18-a47d-c7f78cff30b3.jpg/250x188.webp,4032,124.36566499817849,6430,97
96601411-93ae-4b2c-a4ea-abaf84a756b6,Volkswagen,Lupo,Berline,PrivateSeller,1900,b,203000,04-2004,https://prod.pictures.autoscout24.net/listing-images/96601411-93ae-4b2c-a4ea-abaf84a756b6_385895c1-efec-43d0-9739-ccbfabf1bad0.jpg/250x188.webp,5370,131.57391899428777,6825,45
ae95c1ff-ab0b-4f8e-aad5-687d29e9f8be,Volkswagen,Golf,Berline,Dealer,1950,d,245281,10-2004,https://prod.pictures.autoscout24.net/listing-images/ae95c1ff-ab0b-4f8e-aad5-687d29e9f8be_d723b350-55a9-418b-a106-9d5e8650aa72.jpg/250x188.webp,1390,80.41314824962016,6642,15
d20fca2a-9b24-4c68-a5ff-a9c17da625d5,Volkswagen,Bora,Berline,PrivateSeller,1950,b,190089,11-1999,https://prod.pictures.autoscout24.net/listing-images/d20fca2a-9b24-4c68-a5ff-a9c17da625d5_3cec79ee-4361-4026-ae0e-9bc8caf5c99a.jpg/250x188.webp,1600,78.61296004280759,8438,22
9aeaf603-796a-4393-8618-135fea10f734,Volkswagen,Polo,Berline,Dealer,1950,b,222350,07-2003,https://prod.pictures.autoscout24.net/listing-images/9aeaf603-796a-4393-8618-135fea10f734_822ea696-cc5d-49bc-b16f-3bfb2590848e.jpg/250x188.webp,1730,61.98157406185932,7100,48
7b52ec31-5fbc-4116-bebc-0aef66ba4270,Volkswagen,Lupo,Berline,PrivateSeller,1950,b,99500,07-2004,https://prod.pictures.autoscout24.net/listing-images/7b52ec31-5fbc-4116-bebc-0aef66ba4270_6fce3fd2-3b72-403d-a38c-0d1c0ae36e6f.jpg/250x188.webp,9112,45.536230472194035,6734,74
b9712bc9-f8af-4de0-82d2-b1f24d9e7f57,Volkswagen,Polo,Berline,PrivateSeller,1990,d,265000,05-2008,https://prod.pictures.autoscout24.net/listing-images/b9712bc9-f8af-4de0-82d2-b1f24d9e7f57_1dbaaa06-692a-430b-b49e-21fef50a6886.jpg/250x188.webp,9690,100.95775759375138,5334,4
56c700f5-30b8-45e7-a69c-a82d4347c17e,Volkswagen,Passat,Andere,PrivateSeller,1990,d,231600,06-1996,https://prod.pictures.autoscout24.net/listing-images/56c700f5-30b8-45e7-a69c-a82d4347c17e_d78e767d-1ad7-4a34-b8a0-d1aa0b3482c7.jpg/250x188.webp,7000,118.39471915054493,9686,31
a84c3860-4ad7-4bf2-acad-b4b218b5c0bd,Volkswagen,Golf,Berline,PrivateSeller,1990,b,123000,07-1993,https://prod.pictures.autoscout24.net/listing-images/a84c3860-4ad7-4bf2-acad-b4b218b5c0bd_3da5484e-9a2f-4d07-b10c-e1ac462ef6d7.jpg/250x188.webp,1800,60.05560122441548,10752,150
f4c62154-f5d5-47c9-a98f-4395c2609b8a,Volkswagen,Polo,Berline,Dealer,1990,b,220000,05-2002,https://prod.pictures.autoscout24.net/listing-images/f4c62154-f5d5-47c9-a98f-4395c2609b8a_c5fa6777-cfec-4779-a224-a9a4b220f4dc.jpg/250x188.webp,6110,121.07873748213329,7526,173
e067cc0f-33bc-4620-b453-66504a874a6d,Volkswagen,New Beetle,Cabriolet,Dealer,1999,d,248021,04-2004,https://prod.pictures.autoscout24.net/listing-images/e067cc0f-33bc-4620-b453-66504a874a6d_4d19b3ce-a354-4a95-b3b4-4ae2c7e2d017.jpg/250x188.webp,1310,81.95917189034911,6825,6
9cd6cdba-5326-4b81-96d1-c98fe64aa422,Volkswagen,Golf Variant,Break,Dealer,1999,d,273000,02-2009,https://prod.pictures.autoscout24.net/listing-images/9cd6cdba-5326-4b81-96d1-c98fe64aa422_258f88f9-b6c5-460c-aa0c-e62fb7cc0bdf.jpg/250x188.webp,1400,97.35176357549375,5058,45
7b6f3a2d-e0ba-496e-a9a3-9ee4bd7c20c8,Volkswagen,Golf Cabriolet,Cabriolet,Dealer,1999,b,185000,10-1998,https://prod.pictures.autoscout24.net/listing-images/7b6f3a2d-e0ba-496e-a9a3-9ee4bd7c20c8_6dc998ac-11e6-4269-beb7-d790f1390add.jpg/250x188.webp,1400,97.35176357549375,8834,48
d21233d1-b4f1-4872-9ff0-59cf9b587a22,Volkswagen,Golf Variant,Andere,Dealer,1999,d,235000,02-2008,https://prod.pictures.autoscout24.net/listing-images/d21233d1-b4f1-4872-9ff0-59cf9b587a22_9d74dae5-6c31-4d71-b1df-a7e21e2848bc.jpg/250x188.webp,5140,104.85389989976589,5424,71
413d5e9d-0c96-4976-8284-74ed925475a4,Volkswagen,Polo,Berline,PrivateSeller,2000,b,73546,06-1991,https://prod.pictures.autoscout24.net/listing-images/413d5e9d-0c96-4976-8284-74ed925475a4_feb3fe6c-2627-42b6-b50b-77176f3e6b4c.jpg/250x188.webp,7700,118.9523807230755,11513,2
749cbe4d-e09c-46d1-b2a9-50f24c811614,Volkswagen,Golf,Berline,PrivateSeller,2000,d,185000,10-1999,https://prod.pictures.autoscout24.net/listing-images/749cbe4d-e09c-46d1-b2a9-50f24c811614_53cede7e-0efb-47d1-aa03-78c066bd972e.jpg/250x188.webp,8750,96.74230879221473,8469,3
fdecf35f-e8f8-4033-8f6f-7bf328467d41,Volkswagen,Golf,Berline,PrivateSeller,2000,b,187000,03-2000,https://prod.pictures.autoscout24.net/listing-images/fdecf35f-e8f8-4033-8f6f-7bf328467d41_638b3e24-cdb3-4feb-b42d-50bb02017e9e.jpg/250x188.webp,1160,72.45305351002509,8317,7
e37ac093-7256-43d5-95a9-0aa7356bfac5,Volkswagen,Fox,Berline,PrivateSeller,2000,b,147000,07-2006,https://prod.pictures.autoscout24.net/listing-images/e37ac093-7256-43d5-95a9-0aa7356bfac5_549e2dbd-0435-49c6-b661-8fab1371228a.jpg/250x188.webp,1020,66.36225311284039,6004,14
325577ae-2984-46af-b562-e23855fde858,Volkswagen,Golf,Berline,PrivateSeller,2000,d,220000,11-2003,https://prod.pictures.autoscout24.net/listing-images/325577ae-2984-46af-b562-e23855fde858_bbe77bff-3f85-49ec-9a90-de19a93b7c1a.jpg/250x188.webp,6211,106.9940194611148,6977,16
38686fe5-841c-4bf7-ac26-ee38f9458ea1,Volkswagen,Golf Cabriolet,Cabriolet,PrivateSeller,2000,b,187500,02-1999,https://prod.pictures.autoscout24.net/listing-images/38686fe5-841c-4bf7-ac26-ee38f9458ea1_87b71cee-6fb7-4e34-ad33-425947d45fdd.jpg/250x188.webp,1000,69.17270624549755,8711,27
c8b760ca-4af2-4f59-84d7-9aac042c335a,Volkswagen,Sharan,Monovolume,PrivateSeller,2000,d,277759,07-2000,https://prod.pictures.autoscout24.net/listing-images/c8b760ca-4af2-4f59-84d7-9aac042c335a_5565954a-5767-4809-b6a0-1fbc54d06de4.jpg/250x188.webp,6200,119.77990387531518,8195,29
5d39168b-a5e5-43ab-8d0f-9f72e438845c,Volkswagen,Eos,Cabriolet,PrivateSeller,2000,b,155000,12-2007,https://prod.pictures.autoscout24.net/listing-images/5d39168b-a5e5-43ab-8d0f-9f72e438845c_7a76b44a-f9f7-4251-8d4d-a9c9a339c8f7.jpg/250x188.webp,5190,108.63324346377956,5486,31
b03fd4c8-dcf9-4258-8aff-0bfce4ab478e,Volkswagen,Golf,Berline,PrivateSeller,2000,d,216000,11-2000,https://prod.pictures.autoscout24.net/listing-images/b03fd4c8-dcf9-4258-8aff-0bfce4ab478e_3548ad27-1f92-41e4-b195-709df957f4ad.jpg/250x188.webp,8800,107.24415982689398,8072,36
fc64bee1-f802-4286-a16c-67a41350d746,Volkswagen,Golf,Berline,Dealer,2000,d,278300,02-2006,https://prod.pictures.autoscout24.net/listing-images/fc64bee1-f802-4286-a16c-67a41350d746_38260121-b1cb-471a-8a66-cacfbcd270f6.jpg/250x188.webp,1180,74.57281408996285,6154,44
2c64543b-c814-4e2e-a5f7-ff6ef92ec916,Volkswagen,Touran,Break,PrivateSeller,2000,b,310000,10-2004,https://prod.pictures.autoscout24.net/listing-images/2c64543b-c814-4e2e-a5f7-ff6ef92ec916_e8142798-31e3-490b-a997-2af1d774520a.jpg/250x188.webp,3530,79.7065029526959,6642,45
945e6285-54e8-4b74-a729-7b4bf5c1b817,Volkswagen,Polo,Andere,PrivateSeller,2000,b,237000,06-1993,https://prod.pictures.autoscout24.net/listing-images/945e6285-54e8-4b74-a729-7b4bf5c1b817_9d8956d4-0682-43bc-889c-be78686acf36.jpg/250x188.webp,3582,71.98377970991602,10782,46
ce9c3942-59d1-4688-bb41-33cfcc38e9d9,Volkswagen,Bora,Berline,PrivateSeller,2000,b,160000,05-2000,https://prod.pictures.autoscout24.net/listing-images/ce9c3942-59d1-4688-bb41-33cfcc38e9d9_632a24d1-28c7-4d65-b33c-c65bded678df.jpg/250x188.webp,9000,69.99787275902874,8256,53
c6dfac2a-69f0-43ee-a422-ff61e8bd5b37,Volkswagen,Lupo,Stadswagen,PrivateSeller,2000,b,96000,10-2002,https://prod.pictures.autoscout24.net/listing-images/c6dfac2a-69f0-43ee-a422-ff61e8bd5b37_1619ff88-d35b-496f-9ddb-f2f820a2750c.jpg/250x188.webp,9860,75.70525305366282,7373,57
9a9fe9bf-eac7-458e-89d5-1939cc980e0b,Volkswagen,Fox,Berline,PrivateSeller,2000,b,131000,07-2007,https://prod.pictures.autoscout24.net/listing-images/9a9fe9bf-eac7-458e-89d5-1939cc980e0b_057abe7a-8f51-44ed-938d-44c862869a45.jpg/250x188.webp,4650,133.58400094682207,5639,58
080f30bf-d760-4866-94e8-f5d6f8d8da9b,Volkswagen,New Beetle,Andere,PrivateSeller,2000,d,288000,09-2000,https://prod.pictures.autoscout24.net/listing-images/080f30bf-d760-4866-94e8-f5d6f8d8da9b_939b96d1-bd27-4f3a-ae9c-bb8567be80b1.jpg/250x188.webp,4000,118.53949006185148,8133,68
110ea02a-043a-41bd-aaed-4e7298cad004,Volkswagen,Polo,Berline,PrivateSeller,2000,b,170000,01-2001,https://prod.pictures.autoscout24.net/listing-images/110ea02a-043a-41bd-aaed-4e7298cad004_6b06b082-2c57-493e-bf9b-04188dc9bab1.jpg/250x188.webp,4000,118.53949006185148,8011,75
06459e4b-bf8a-42d7-a253-43fa25d1229c,Volkswagen,Golf,Berline,PrivateSeller,2000,d,270527,05-2003,https://prod.pictures.autoscout24.net/listing-images/06459e4b-bf8a-42d7-a253-43fa25d1229c_1b7dcfda-61b1-4dcd-b1b9-e9e4374ba24b.jpg/250x188.webp,2270,41.542905715418826,7161,87
3d451f13-ea9f-42a8-9c8f-5a7933300b3d,Volkswagen,Polo,Berline,PrivateSeller,2000,b,78000,06-2000,https://prod.pictures.autoscout24.net/listing-images/3d451f13-ea9f-42a8-9c8f-5a7933300b3d_1844df63-402e-454f-84bf-f11cd6257ede.jpg/250x188.webp,1030,66.85598932704684,8225,89
fc23351e-e808-42a5-b76a-ef923e67d12b,Volkswagen,Polo,Berline,PrivateSeller,2000,b,103000,01-2000,https://prod.pictures.autoscout24.net/listing-images/fc23351e-e808-42a5-b76a-ef923e67d12b_dbc345fb-0c97-4e53-af18-51b731c9e597.jpg/250x188.webp,1150,68.48425146100755,8377,95
2691935b-e63b-42d3-832a-4eb67b34710a,Volkswagen,Sharan,Monovolume,Dealer,2000,b,200000,09-1998,https://prod.pictures.autoscout24.net/listing-images/2691935b-e63b-42d3-832a-4eb67b34710a_01cc7211-ba70-4a14-92a8-52c15f6b40fc.jpg/250x188.webp,1600,78.61296004280759,8864,97
3d380c40-78ec-4fdb-89c5-81428d8ac807,Volkswagen,Golf Cabriolet,Cabriolet,PrivateSeller,2000,d,243000,12-2001,https://prod.pictures.autoscout24.net/listing-images/3d380c40-78ec-4fdb-89c5-81428d8ac807_253d6448-af5e-421a-9a9a-a40a93510d3f.jpg/250x188.webp,7503,122.13995364305889,7677,117
bb48184c-c076-4813-bf60-1e709699f95a,Volkswagen,Golf,Berline,Dealer,2000,d,220898,07-2003,https://prod.pictures.autoscout24.net/listing-images/bb48184c-c076-4813-bf60-1e709699f95a_f1a8cdcd-dc9b-43a7-b092-33d79994bfdb.jpg/250x188.webp,1310,81.95917189034911,7100,125
e8435bc2-9aea-4bbf-b31f-06cc7d3e36e6,Volkswagen,Passat,Berline,PrivateSeller,2000,d,260000,02-2005,https://prod.pictures.autoscout24.net/listing-images/e8435bc2-9aea-4bbf-b31f-06cc7d3e36e6_9f3b353d-cae9-4cef-9e81-cad582e8c1ba.jpg/250x188.webp,7100,111.04432979756132,6519,126
cea88266-c5c1-4a7d-9cb4-3a3499fb564d,Volkswagen,Polo,Coupé,PrivateSeller,2000,b,153095,10-1993,https://prod.pictures.autoscout24.net/listing-images/cea88266-c5c1-4a7d-9cb4-3a3499fb564d_4786b183-de0c-4336-8c4b-fcd07eca2441.jpg/250x188.webp,9820,75.31613723822473,10660,138
46913610-e593-4cde-ab80-4f7773a0c859,Volkswagen,Golf Cabriolet,Cabriolet,PrivateSeller,2000,b,211996,07-1998,https://prod.pictures.autoscout24.net/listing-images/46913610-e593-4cde-ab80-4f7773a0c859_1406b4fa-defc-4065-a97b-eecde67dd8eb.jpg/250x188.webp,4850,132.6707282521058,8926,148
b7afb7c1-4a49-436f-9f5a-2ae951cf2e31,Volkswagen,Sharan,Monovolume,PrivateSeller,2000,d,311000,12-1998,https://prod.pictures.autoscout24.net/listing-images/b7afb7c1-4a49-436f-9f5a-2ae951cf2e31_f81a99d7-fdbe-4db6-a09b-07f67f544910.jpg/250x188.webp,4000,118.53949006185148,8773,161
c357ccaa-11c6-4dd7-ba63-b4b92d29d448,Volkswagen,Golf,Berline,PrivateSeller,2000,d,142000,01-1997,https://prod.pictures.autoscout24.net/listing-images/c357ccaa-11c6-4dd7-ba63-b4b92d29d448_b3d49fae-1977-4a7e-a63a-a419d9570a62.jpg/250x188.webp,4800,137.3735948615729,9472,170
280b262f-2405-4257-ac46-27bd25a4e421,Volkswagen,Polo,Berline,PrivateSeller,2050,b,120073,08-2002,https://prod.pictures.autoscout24.net/listing-images/280b262f-2405-4257-ac46-27bd25a4e421_a15cb20e-5f19-4c32-b1a3-c8e74342a238.jpg/250x188.webp,1080,69.57979227671277,7434,2
d35576d8-609b-41b7-8bb0-fb36e36378e9,Volkswagen,Golf,Berline,PrivateSeller,2100,b,83500,10-1996,https://prod.pictures.autoscout24.net/listing-images/d35576d8-609b-41b7-8bb0-fb36e36378e9_8a90d8a0-021e-4809-97c9-3142c59a3fb8.jpg/250x188.webp,9200,55.33414746561007,9564,25
4a13cc31-3923-4a57-a059-06974cf6a963,Volkswagen,Polo,Berline,PrivateSeller,2100,b,212000,02-2002,https://prod.pictures.autoscout24.net/listing-images/4a13cc31-3923-4a57-a059-06974cf6a963_2b4168b9-a33e-4be0-bf26-cdb61c031c90.jpg/250x188.webp,2300,36.751136569594,7615,40
2fe00d79-397d-4c95-9cf9-a3bcb0061dfe,Volkswagen,Polo,Berline,PrivateSeller,2150,b,138800,11-2004,https://prod.pictures.autoscout24.net/listing-images/2fe00d79-397d-4c95-9cf9-a3bcb0061dfe_98511cc4-7837-48e2-9415-415a91cb45d5.jpg/250x188.webp,1080,69.57979227671277,6611,28
bed92fc4-8399-4ec0-a60d-7094a60d4178,Volkswagen,Polo,Berline,PrivateSeller,2200,b,149882,04-2001,https://prod.pictures.autoscout24.net/listing-images/bed92fc4-8399-4ec0-a60d-7094a60d4178_4783a2bc-c921-4e8c-9975-eb3a7d21c74a.jpg/250x188.webp,1300,83.88957347991013,7921,9
f252bc95-e8f6-4df6-a321-990a695d6d61,Volkswagen,Touran,Andere,Dealer,2200,d,400000,05-2004,https://prod.pictures.autoscout24.net/listing-images/f252bc95-e8f6-4df6-a321-990a695d6d61_65ecf67d-91eb-4de6-b737-8b4b30d9082d.jpg/250x188.webp,1840,54.29299877782283,6795,10
9668d4ec-8bdd-4df2-a937-15225307c8d9,Volkswagen,Polo,Berline,PrivateSeller,2200,b,210000,07-2000,https://prod.pictures.autoscout24.net/listing-images/9668d4ec-8bdd-4df2-a937-15225307c8d9_f033b2a7-5ab2-4a5d-94f6-7686e1bab498.jpg/250x188.webp,4400,117.24460891533398,8195,29
1eaa3d70-7396-4bc9-a8f0-ff06248b3c4d,Volkswagen,Lupo,Berline,PrivateSeller,2200,b,70000,10-2003,https://prod.pictures.autoscout24.net/listing-images/1eaa3d70-7396-4bc9-a8f0-ff06248b3c4d_e7daa91a-54c3-4644-9bc0-e364b26771fb.jpg/250x188.webp,2830,45.04397020411872,7008,63
2a20e55d-f100-4f48-8cbc-e1ad00a7153e,Volkswagen,New Beetle,Cabriolet,PrivateSeller,2200,b,222000,03-2004,https://prod.pictures.autoscout24.net/listing-images/2a20e55d-f100-4f48-8cbc-e1ad00a7153e_0899f120-5032-40fd-8797-9d1c8466c3e6.jpg/250x188.webp,1435,92.05272108116279,6856,180
84c4ff51-2f14-4598-a389-63c9747621c7,Volkswagen,Jetta,Berline,Dealer,2250,d,247000,01-2007,https://prod.pictures.autoscout24.net/listing-images/84c4ff51-2f14-4598-a389-63c9747621c7_7d19a5a8-684b-459c-8110-b6ac6910a6ee.jpg/250x188.webp,6031,117.04479587125066,5820,1
5bbb2efe-4bd0-445f-ac72-128ad9c4410b,Volkswagen,Transporter,Bestelwagen,Dealer,2250,d,380000,10-1999,https://prod.pictures.autoscout24.net/listing-images/5bbb2efe-4bd0-445f-ac72-128ad9c4410b_995b3a4e-b6b2-4a97-9cfa-284c4aa3a87b.jpg/250x188.webp,7170,108.4792868516476,8469,6
e68ba321-2626-4404-b9d6-a83c2fd96ee1,Volkswagen,T4,Bestelwagen,Dealer,2250,d,380000,10-1999,https://prod.pictures.autoscout24.net/listing-images/e68ba321-2626-4404-b9d6-a83c2fd96ee1_00755f49-8e4e-4dda-972c-983c9e484190.jpg/250x188.webp,7170,108.4792868516476,8469,6
6415582a-3a85-4352-a5d4-7aaf0cc91231,Volkswagen,New Beetle,Berline,Dealer,2250,d,326000,05-2000,https://prod.pictures.autoscout24.net/listing-images/6415582a-3a85-4352-a5d4-7aaf0cc91231_0db6ba31-b1ea-4341-939e-39374840f4de.jpg/250x188.webp,8300,83.12124171830764,8256,21
1342dcfe-2228-41cc-a336-a02e264f17a5,Volkswagen,Polo,Coupé,PrivateSeller,2250,b,116184,03-1994,https://prod.pictures.autoscout24.net/listing-images/1342dcfe-2228-41cc-a336-a02e264f17a5_d5e7886f-1033-40f2-a5bc-1ba8ab6929eb.jpg/250x188.webp,3440,85.56004650270671,10509,73
c3bccd20-5738-401c-8625-524517752d73,Volkswagen,Golf Cabriolet,Cabriolet,Dealer,2250,d,171000,10-2001,https://prod.pictures.autoscout24.net/listing-images/c3bccd20-5738-401c-8625-524517752d73_d4c08241-0af8-42c6-9bf8-63fd725a8482.jpg/250x188.webp,1440,88.54751756589805,7738,97
f8c3db98-2f94-449d-9efe-231105fc1902,Volkswagen,Lupo,Berline,PrivateSeller,2250,b,130000,09-2004,https://prod.pictures.autoscout24.net/listing-images/f8c3db98-2f94-449d-9efe-231105fc1902_abae5d11-2e01-4e52-86b6-a1140924a0fa.jpg/250x188.webp,1000,69.17270624549755,6672,136
1b230f40-0e46-4dd1-b599-1eae6a103bb5,Volkswagen,Fox,Berline,Dealer,2250,b,167170,04-2008,https://prod.pictures.autoscout24.net/listing-images/1b230f40-0e46-4dd1-b599-1eae6a103bb5_1ecfa1b4-bff9-4dc5-83f6-991f2ceaf5e6.jpg/250x188.webp,1910,61.06717284299515,5364,237
67cf7ca9-ad92-45df-9158-ca1784a84230,Volkswagen,Golf,Bestelwagen,PrivateSeller,2250,d,151000,01-2001,https://prod.pictures.autoscout24.net/listing-images/67cf7ca9-ad92-45df-9158-ca1784a84230_3c38395f-dcd4-48b4-bff4-1ed93dc0903e.jpg/250x188.webp,6120,127.2510320073132,8011,276
6f3ac1e1-2f41-4fb6-93cc-63961401bc93,Volkswagen,Fox,Berline,PrivateSeller,2250,b,123000,02-2006,https://prod.pictures.autoscout24.net/listing-images/6f3ac1e1-2f41-4fb6-93cc-63961401bc93_d5687418-d9e9-4b7f-aaa7-16683af2c337.jpg/250x188.webp,1000,69.17270624549755,6154,388
32962c56-a8bf-4705-a73e-55f2a705ae60,Volkswagen,Polo,Berline,Dealer,2299,b,153000,04-2001,https://prod.pictures.autoscout24.net/listing-images/32962c56-a8bf-4705-a73e-55f2a705ae60_612efe5d-25f6-4095-a4d4-270291b4a4ef.jpg/250x188.webp,1930,65.18883147641638,7921,11
a27f7dfe-953a-4d4d-a771-ed7cce2108a5,Volkswagen,Golf,Andere,Dealer,2300,d,360000,06-2005,https://prod.pictures.autoscout24.net/listing-images/a27f7dfe-953a-4d4d-a771-ed7cce2108a5_50f2787d-898b-4315-bbe9-29a2616df3f4.jpg/250x188.webp,1840,54.29299877782283,6399,34
338d91d1-14fa-4307-a40a-a7257e36970d,Volkswagen,Fox,Berline,PrivateSeller,2300,b,154,09-2007,https://prod.pictures.autoscout24.net/listing-images/338d91d1-14fa-4307-a40a-a7257e36970d_d6c44894-91df-4ea1-98e4-52a71fcc0c0c.jpg/250x188.webp,6000,117.49014599385939,5577,43
16a28041-55a5-46f3-8f90-d5d86ada38a5,Volkswagen,Touran,Andere,Dealer,2300,d,304000,01-2004,https://prod.pictures.autoscout24.net/listing-images/16a28041-55a5-46f3-8f90-d5d86ada38a5_7afdc029-2b07-42a3-8430-fc6bc8d43f0a.jpg/250x188.webp,1840,54.29299877782283,6916,71
2050b420-67fc-459e-934f-fceeaca108cf,Volkswagen,Golf,Berline,PrivateSeller,2350,d,235000,10-2004,https://prod.pictures.autoscout24.net/listing-images/2050b420-67fc-459e-934f-fceeaca108cf_c257c7a8-7d1c-4b9e-8156-36660e912249.jpg/250x188.webp,2140,28.816369150105363,6642,41
589122bc-2b80-48d3-8d85-0710ae4517a5,Volkswagen,Fox,Berline,PrivateSeller,2350,b,172000,08-2007,https://prod.pictures.autoscout24.net/listing-images/589122bc-2b80-48d3-8d85-0710ae4517a5_a0973324-0bf8-4c7f-bdaa-7521bead039e.jpg/250x188.webp,7500,124.32337959708627,5608,167
ded42b8f-7f23-487f-b04d-41859fac8b21,Volkswagen,Golf Plus,Monovolume,Dealer,2350,d,220000,12-2006,https://prod.pictures.autoscout24.net/listing-images/ded42b8f-7f23-487f-b04d-41859fac8b21_a7990ba4-4080-4a1b-8f48-d9c0b8569531.jpg/250x188.webp,5020,112.56317852994579,5851,365
f5cea5fc-4dee-45fe-bed8-40694b504205,Volkswagen,Golf,Berline,Dealer,2400,b,252000,06-2009,https://prod.pictures.autoscout24.net/listing-images/f5cea5fc-4dee-45fe-bed8-40694b504205_0ca1908f-dca2-46b6-9613-9272ee038170.jpg/250x188.webp,1703,72.53884447632319,4938,0
f4e31b3b-36b8-484b-8031-1f825f3399c3,Volkswagen,Golf,Berline,Dealer,2400,d,222000,11-2005,https://prod.pictures.autoscout24.net/listing-images/f4e31b3b-36b8-484b-8031-1f825f3399c3_f6d9bba2-6690-474c-ad17-d0b60a41a6dd.jpg/250x188.webp,1070,71.06367211068877,6246,5
6ad1b8ec-5fbd-4d77-9825-eadaade4000f,Volkswagen,Golf Variant,Break,Dealer,2400,d,258000,10-2009,https://prod.pictures.autoscout24.net/listing-images/6ad1b8ec-5fbd-4d77-9825-eadaade4000f_ec9cae79-0ef7-48ef-9a77-f53a8718df1b.jpg/250x188.webp,5140,104.85389989976589,4816,10
9f3e8feb-2e35-4d26-8092-a9e0240f5969,Volkswagen,Bora,Berline,Dealer,2400,d,138000,11-2002,https://prod.pictures.autoscout24.net/listing-images/9f3e8feb-2e35-4d26-8092-a9e0240f5969_9dc9d023-fa70-4af2-b177-0799ed0ba716.jpg/250x188.webp,1932,66.67198913187099,7342,20
3db61f4c-16fc-415a-af35-60e21c9a889f,Volkswagen,Sharan,Monovolume,PrivateSeller,2400,d,345000,10-2007,https://prod.pictures.autoscout24.net/listing-images/3db61f4c-16fc-415a-af35-60e21c9a889f_befafcb8-70af-4d76-9861-1e6fb7290a76.jpg/250x188.webp,6000,117.49014599385939,5547,41
160a6711-cb69-49b5-83db-03ff008f0ab1,Volkswagen,Polo,Berline,Dealer,2400,d,352416,02-2009,https://prod.pictures.autoscout24.net/listing-images/160a6711-cb69-49b5-83db-03ff008f0ab1_e1b47570-1158-414e-8e5f-2d014e874dca.jpg/250x188.webp,4432,111.15678224769336,5058,107
e7527926-7884-4822-a405-451ab1053114,Volkswagen,Touareg,SUV/4x4/Pick-up,Dealer,2450,d,225698,12-2005,https://prod.pictures.autoscout24.net/listing-images/e7527926-7884-4822-a405-451ab1053114_dfba752c-c7f2-489b-9601-511d6c4b8b32.jpg/250x188.webp,1910,61.06717284299515,6216,44
0df8bddc-00ad-4260-b75e-5489fb8b5027,Volkswagen,Golf,Berline,Dealer,2480,d,270000,06-2003,https://prod.pictures.autoscout24.net/listing-images/0df8bddc-00ad-4260-b75e-5489fb8b5027_d9c65b23-45d4-4c30-8d12-23baa1548086.jpg/250x188.webp,6700,222.44484417522085,7130,65
a95dab16-5944-4d01-b187-276c5977684e,Volkswagen,Polo,Berline,Dealer,2490,b,211000,11-2005,https://prod.pictures.autoscout24.net/listing-images/a95dab16-5944-4d01-b187-276c5977684e_dbac1855-902c-4604-92c8-c29853436869.jpg/250x188.webp,1800,60.05560122441548,6246,11
a0850d94-3fc9-440f-be58-421d1e1c15c5,Volkswagen,Polo,Berline,Dealer,2490,d,260000,05-2007,https://prod.pictures.autoscout24.net/listing-images/a0850d94-3fc9-440f-be58-421d1e1c15c5_a6e4393a-8fc2-4a17-9ab6-fd5383e75ea7.jpg/250x188.webp,7090,96.30849119801513,5700,19
fc5420ae-ce4c-4afa-a1e4-adfba1e3890d,Volkswagen,Polo,Berline,Dealer,2490,d,181000,03-2007,https://prod.pictures.autoscout24.net/listing-images/fc5420ae-ce4c-4afa-a1e4-adfba1e3890d_f0d86c58-c232-4f10-b5a8-0f7cc1105e98.jpg/250x188.webp,1861,58.463024564819776,5761,44
8121d2fe-5788-42a2-94e9-45735be728e6,Volkswagen,Lupo,Berline,Dealer,2490,b,152000,03-2004,https://prod.pictures.autoscout24.net/listing-images/8121d2fe-5788-42a2-94e9-45735be728e6_c2a27c06-eb27-4340-9155-42d559051f14.jpg/250x188.webp,1800,60.05560122441548,6856,162
aad59d32-51e9-4c86-ac60-5e3dc6179229,Volkswagen,Polo,Berline,Dealer,2499,b,137000,04-2000,https://prod.pictures.autoscout24.net/listing-images/aad59d32-51e9-4c86-ac60-5e3dc6179229_acf8980c-dae7-4f00-a227-b0beeec3eb60.jpg/250x188.webp,1930,65.18883147641638,8286,11
ea7b1aea-7678-4f09-b42c-79b3dd5c1da5,Volkswagen,Fox,Berline,Dealer,2500,b,165000,10-2005,https://prod.pictures.autoscout24.net/listing-images/ea7b1aea-7678-4f09-b42c-79b3dd5c1da5_20c044b7-efcc-43fc-a860-e2f37ebc63d9.jpg/250x188.webp,7012,120.36322565219064,6277,1
fcfb847f-a5b0-434b-a633-3333d6229ec1,Volkswagen,Polo,Berline,PrivateSeller,2500,b,160000,12-2003,https://prod.pictures.autoscout24.net/listing-images/fcfb847f-a5b0-434b-a633-3333d6229ec1_e94b2219-bacd-4156-af68-92a4ce634c33.jpg/250x188.webp,1853,62.49120970441575,6947,2
d0faa779-3ac7-4b2f-bf0f-9430ec8b09f6,Volkswagen,Polo,Berline,PrivateSeller,2500,d,229000,10-2006,https://prod.pictures.autoscout24.net/listing-images/d0faa779-3ac7-4b2f-bf0f-9430ec8b09f6_13f7624f-80f9-4a3c-abe8-e0dd845cab08.jpg/250x188.webp,6900,152.64983349574425,5912,11
58db58e0-d8e0-4f1a-9b9d-192e31481d14,Volkswagen,Fox,Berline,Dealer,2500,b,214000,06-2006,https://prod.pictures.autoscout24.net/listing-images/58db58e0-d8e0-4f1a-9b9d-192e31481d14_f40ca276-6407-4ee7-88b9-cac39fab42bb.jpg/250x188.webp,3600,91.05707630102727,6034,12
92831693-205f-4dee-87f6-171af66c6245,Volkswagen,Polo,Berline,PrivateSeller,2500,d,280000,06-2008,https://prod.pictures.autoscout24.net/listing-images/92831693-205f-4dee-87f6-171af66c6245_31f4f63c-6ddf-4cbe-8cbf-1531b6f1fd22.jpg/250x188.webp,1200,69.44150665917473,5303,19
5c604d69-a4a3-45f8-aa4b-3608427cde6e,Volkswagen,Golf,Berline,Dealer,2500,d,200000,08-2004,https://prod.pictures.autoscout24.net/listing-images/5c604d69-a4a3-45f8-aa4b-3608427cde6e_5dc91725-c4a7-4a38-a836-725ae87c4ff7.jpg/250x188.webp,6200,119.77990387531518,6703,22
dcd0c52d-907e-460c-bd4e-ad2356155ba6,Volkswagen,Golf,Berline,PrivateSeller,2500,b,159000,09-2001,https://prod.pictures.autoscout24.net/listing-images/dcd0c52d-907e-460c-bd4e-ad2356155ba6_059080ff-6665-4e09-959a-7a2bcc8afe81.jpg/250x188.webp,6280,125.71995865757935,7768,22
1d0c90af-7817-4266-b3a0-6af3d337fe3e,Volkswagen,Polo,Berline,PrivateSeller,2500,d,200000,10-2006,https://prod.pictures.autoscout24.net/listing-images/1d0c90af-7817-4266-b3a0-6af3d337fe3e_0b53c2e0-ccc8-4bd2-9848-84ccf73fb409.jpg/250x188.webp,5900,,5912,36
86d9aab6-d6c5-452c-b245-324b13c9b5b2,Volkswagen,Polo,Andere,PrivateSeller,2500,b,192500,03-2002,https://prod.pictures.autoscout24.net/listing-images/86d9aab6-d6c5-452c-b245-324b13c9b5b2_b2a314fd-fb72-420e-93b2-76ef2ba79462.jpg/250x188.webp,2590,40.120145833533044,7587,42
95572b3e-87fa-41f5-990a-27d8c5cebb6d,Volkswagen,Polo,Berline,PrivateSeller,2500,b,130000,05-2005,https://prod.pictures.autoscout24.net/listing-images/95572b3e-87fa-41f5-990a-27d8c5cebb6d_58963cc4-b864-4da1-98a7-804c98c1ce0c.jpg/250x188.webp,5190,108.63324346377956,6430,43
9fe4ca54-b7db-4006-847f-701c5d00269e,Volkswagen,Passat,Berline,PrivateSeller,2500,d,330000,10-2004,https://prod.pictures.autoscout24.net/listing-images/9fe4ca54-b7db-4006-847f-701c5d00269e_de7b29ec-df45-47ba-9e35-f55b54f1a807.jpg/250x188.webp,8420,100.7170621979351,6642,49
c96a94a8-8bda-4c57-bc82-facd58888688,Volkswagen,Golf,Berline,Dealer,2500,b,187264,12-2003,https://prod.pictures.autoscout24.net/listing-images/c96a94a8-8bda-4c57-bc82-facd58888688_94e606a8-8d45-4e60-b92a-0b0fef910c11.jpg/250x188.webp,1910,61.06717284299515,6947,57
1d2e6db3-f920-4040-830b-806f1febefd4,Volkswagen,Polo,Berline,PrivateSeller,2500,d,181000,05-2007,https://prod.pictures.autoscout24.net/listing-images/1d2e6db3-f920-4040-830b-806f1febefd4_5fc34034-eb06-449f-bb10-faf4483c4fa4.jpg/250x188.webp,4800,137.3735948615729,5700,59
2ed9079e-e646-4670-bd25-3ec0844be41e,Volkswagen,Polo Cross,Berline,PrivateSeller,2500,d,150000,12-2006,https://prod.pictures.autoscout24.net/listing-images/2ed9079e-e646-4670-bd25-3ec0844be41e_caef314f-9e50-4c64-83e2-d3ff97a7b225.jpg/250x188.webp,4170,134.94834896628382,5851,59
3cd0f3ff-c4aa-4f1b-8588-5eb350cbe93c,Volkswagen,T4,Bestelwagen,PrivateSeller,2500,d,271216,03-2001,https://prod.pictures.autoscout24.net/listing-images/3cd0f3ff-c4aa-4f1b-8588-5eb350cbe93c_baa1d73b-6b91-48d3-bcbb-fa330a4eacc2.jpg/250x188.webp,1430,91.89718716064273,7952,69
7800771c-2396-4773-91eb-379a634e94f9,Volkswagen,Golf,Berline,PrivateSeller,2500,d,290000,06-2007,https://prod.pictures.autoscout24.net/listing-images/7800771c-2396-4773-91eb-379a634e94f9_5b1c8721-fd1f-4abb-abf6-8d26ac7c9a9c.jpg/250x188.webp,4500,119.58764611108163,5669,97
cddcbbca-3cb1-40a9-9823-270cb71fe0d1,Volkswagen,Polo,Stadswagen,PrivateSeller,2500,b,194000,09-2001,https://prod.pictures.autoscout24.net/listing-images/cddcbbca-3cb1-40a9-9823-270cb71fe0d1_688c09ea-0e2c-4f21-8391-ce91a1338529.jpg/250x188.webp,1495,100.31070706891583,7768,107
a89113ed-61c3-4775-9b9c-6f4665f64450,Volkswagen,Polo,Berline,PrivateSeller,2500,d,230000,01-2009,https://prod.pictures.autoscout24.net/listing-images/a89113ed-61c3-4775-9b9c-6f4665f64450_d10bf4eb-f546-4706-9bc0-f3773dc73d03.jpg/250x188.webp,7800,104.58581336862675,5089,113
e14aff75-976f-43f1-b807-06540ffb57a0,Volkswagen,Polo,Berline,PrivateSeller,2500,b,100566,05-2004,https://prod.pictures.autoscout24.net/listing-images/e14aff75-976f-43f1-b807-06540ffb57a0_82f27f1f-b2a4-42f2-a4d1-95196e5508a4.jpg/250x188.webp,1860,59.6090801187706,6795,121
6e9d8dfb-ed9b-4c60-8c04-30e73d2753ea,Volkswagen,Golf,Berline,PrivateSeller,2500,b,77660,10-1992,https://prod.pictures.autoscout24.net/listing-images/6e9d8dfb-ed9b-4c60-8c04-30e73d2753ea_74895ec5-01fb-4a62-9520-f6fdef39239a.jpg/250x188.webp,8551,106.09392221235603,11025,126
94470c3d-d381-4fa8-a7f4-94e0e7c6e6d7,Volkswagen,Polo,Stadswagen,PrivateSeller,2500,d,166211,10-2008,https://prod.pictures.autoscout24.net/listing-images/94470c3d-d381-4fa8-a7f4-94e0e7c6e6d7_b18bdc5b-8f45-4066-99f1-524791fa37ef.jpg/250x188.webp,2280,35.98944945809368,5181,131
270f2331-1caf-452e-ae11-989a8279707e,Volkswagen,Bora,Berline,PrivateSeller,2500,b,80000,06-2000,https://prod.pictures.autoscout24.net/listing-images/270f2331-1caf-452e-ae11-989a8279707e_02de8fd9-7ac9-48e3-9e26-f5aa5f47b998.jpg/250x188.webp,9000,69.99787275902874,8225,177
2e9a0dbe-dd71-474f-87f5-7e8b6d2b0fd4,Volkswagen,Polo,Berline,PrivateSeller,2500,b,130000,01-2002,https://prod.pictures.autoscout24.net/listing-images/2e9a0dbe-dd71-474f-87f5-7e8b6d2b0fd4_5e9d033e-574c-4618-b5e9-32e933b69810.jpg/250x188.webp,1853,62.49120970441575,7646,180
7fb3f4c4-daf8-41b4-a753-34dd83ad5323,Volkswagen,Polo,Berline,PrivateSeller,2600,b,258600,01-2007,https://prod.pictures.autoscout24.net/listing-images/7fb3f4c4-daf8-41b4-a753-34dd83ad5323_0b26d02e-8892-4d72-9cb2-b96601f1b408.jpg/250x188.webp,1840,54.29299877782283,5820,8
6816c994-e0e3-4c69-9933-264ed4ace8ca,Volkswagen,Sharan,Monovolume,PrivateSeller,2600,d,295300,05-2004,https://prod.pictures.autoscout24.net/listing-images/6816c994-e0e3-4c69-9933-264ed4ace8ca_b037032b-6e1d-4c1b-a044-ab7eb7dabdb7.jpg/250x188.webp,9150,35.01618584808545,6795,9
9777ea02-d8ab-47bc-916e-d05cc42e1f83,Volkswagen,Fox,Berline,Dealer,2600,d,160000,12-2006,https://prod.pictures.autoscout24.net/listing-images/9777ea02-d8ab-47bc-916e-d05cc42e1f83_0756b34a-c698-4f53-9fd3-d6ac0155135e.jpg/250x188.webp,1080,69.57979227671277,5851,22
77463dda-3f2d-474d-8624-d5804ac97deb,Volkswagen,Golf,Berline,PrivateSeller,2600,b,89900,09-1999,https://prod.pictures.autoscout24.net/listing-images/77463dda-3f2d-474d-8624-d5804ac97deb_9ce99abc-79c5-4acb-a847-d1420a7c9ebd.jpg/250x188.webp,6900,152.64983349574425,8499,59
fa7421f0-4f78-4a52-ae7f-b17a8e20af24,Volkswagen,Polo,Stadswagen,PrivateSeller,2600,b,171000,04-2005,https://prod.pictures.autoscout24.net/listing-images/fa7421f0-4f78-4a52-ae7f-b17a8e20af24_3560a55e-ab1d-481e-926f-49f5a1170eff.jpg/250x188.webp,1070,71.06367211068877,6460,61
e13d5be6-48eb-4869-a46b-6f170ac63faf,Volkswagen,Sharan,Andere,Dealer,2600,d,394000,01-2008,https://prod.pictures.autoscout24.net/listing-images/e13d5be6-48eb-4869-a46b-6f170ac63faf_e46faec0-1a10-40a3-818a-8963d8901299.jpg/250x188.webp,6044,114.30340847106793,5455,61
08da56fa-0d1d-4f5b-af0c-7b1028b9559f,Volkswagen,Golf,Andere,PrivateSeller,2600,b,210000,07-1988,https://prod.pictures.autoscout24.net/listing-images/08da56fa-0d1d-4f5b-af0c-7b1028b9559f_263eb53a-8c14-42d7-9984-95c44a2dc51e.jpg/250x188.webp,5370,131.57391899428777,12578,85
975742d2-d44c-4ef7-97ff-0575159b655e,Volkswagen,Golf,Berline,PrivateSeller,2600,b,310000,07-2006,https://prod.pictures.autoscout24.net/listing-images/975742d2-d44c-4ef7-97ff-0575159b655e_6102cb33-0acc-47d4-82e8-c216a7eae0c3.jpg/250x188.webp,1210,68.61361841336421,6004,136
95a3c23a-1e3f-4773-82e1-6ca29d1ef413,Volkswagen,Polo,Berline,PrivateSeller,2600,d,260000,11-2007,https://prod.pictures.autoscout24.net/listing-images/95a3c23a-1e3f-4773-82e1-6ca29d1ef413_d40c1de8-9a2e-4061-a3d2-9caefd1ded6c.jpg/250x188.webp,6220,109.54249226439103,5516,172
3f71b24f-98b7-41be-b131-15d39cfdd9da,Volkswagen,Bora,Berline,PrivateSeller,2640,d,235000,10-2004,https://prod.pictures.autoscout24.net/listing-images/3f71b24f-98b7-41be-b131-15d39cfdd9da_cc09edaa-89f9-4e7e-a3d8-3b4b7728e1c1.jpg/250x188.webp,6900,152.64983349574425,6642,1
4d339250-9063-4e26-ac0d-af802bee10a6,Volkswagen,Polo,Berline,Dealer,2650,b,180000,11-2005,https://prod.pictures.autoscout24.net/listing-images/4d339250-9063-4e26-ac0d-af802bee10a6_10eb13a9-a938-4a21-807f-9e4e06acc50b.jpg/250x188.webp,5580,153.28424572738868,6246,9
97230b04-36bd-4b0c-b861-62822127a830,Volkswagen,Polo,Berline,Dealer,2650,b,184000,10-2003,https://prod.pictures.autoscout24.net/listing-images/97230b04-36bd-4b0c-b861-62822127a830_4e3183da-6f67-4e43-b03c-8697d2ab0221.jpg/250x188.webp,7012,120.36322565219064,7008,44
4585ff57-6e30-4287-bc7f-47da15f95668,Volkswagen,Polo,Andere,Dealer,2650,d,265000,09-2010,https://prod.pictures.autoscout24.net/listing-images/4585ff57-6e30-4287-bc7f-47da15f95668_ff947b72-10f0-4330-9ddf-b89eb36b6912.jpg/250x188.webp,1400,97.35176357549375,4481,70
5836a1d1-1536-4691-a06c-e4d5c2bf2f2c,Volkswagen,Jetta,Berline,Dealer,2699,d,232000,07-2007,https://prod.pictures.autoscout24.net/listing-images/5836a1d1-1536-4691-a06c-e4d5c2bf2f2c_6291b5d3-1840-4e90-b4fc-f5fb2172688e.jpg/250x188.webp,1703,72.53884447632319,5639,3
7a729624-3b42-42ce-a7b1-3525c481da61,Volkswagen,Golf Plus,Monovolume,Dealer,2700,d,182000,03-2005,https://prod.pictures.autoscout24.net/listing-images/7a729624-3b42-42ce-a7b1-3525c481da61_22a743ae-14fc-4f60-b53a-63356345865c.jpg/250x188.webp,1820,61.11806276432271,6491,0
6cda827f-ff21-40e3-b5c7-97a3575dae3a,Volkswagen,Lupo,Berline,PrivateSeller,2700,b,144000,06-2004,https://prod.pictures.autoscout24.net/listing-images/6cda827f-ff21-40e3-b5c7-97a3575dae3a_f97487b6-6f92-40a3-bb64-9a8f2b2b6554.jpg/250x188.webp,1030,66.85598932704684,6764,7
8c5c669a-fab3-4e5b-93af-7bfe5b34e8a3,Volkswagen,Passat Variant,Break,PrivateSeller,2700,d,220000,07-2008,https://prod.pictures.autoscout24.net/listing-images/8c5c669a-fab3-4e5b-93af-7bfe5b34e8a3_f44f4e93-7893-4cb6-b7b2-e51a217ec4bc.jpg/250x188.webp,9100,39.90739495574749,5273,17
3eaf4c83-f24a-4394-92f8-39d907817b15,Volkswagen,Golf,Berline,PrivateSeller,2700,b,208649,12-1998,https://prod.pictures.autoscout24.net/listing-images/3eaf4c83-f24a-4394-92f8-39d907817b15_000ce219-cb1a-40cc-af79-7ae897cad022.jpg/250x188.webp,1070,71.06367211068877,8773,18
1c1a13b6-e928-492d-a0c5-be726b537c39,Volkswagen,Golf,Berline,PrivateSeller,2700,d,229075,02-2008,https://prod.pictures.autoscout24.net/listing-images/1c1a13b6-e928-492d-a0c5-be726b537c39_25d9dd53-e246-4ab2-a1bc-7acd8f393a56.jpg/250x188.webp,1370,89.26135356419556,5424,24
c15ddcd4-59ad-4c78-86d7-672870176cfd,Volkswagen,Bora,Berline,PrivateSeller,2700,d,267000,09-2001,https://prod.pictures.autoscout24.net/listing-images/c15ddcd4-59ad-4c78-86d7-672870176cfd_e927a1d9-ed6b-4157-9f33-fe0976c59dc2.jpg/250x188.webp,5620,135.89345016222154,7768,39
823a623b-7fd7-48c9-9490-e7839279a048,Volkswagen,Touran,Monovolume,PrivateSeller,2700,d,251000,11-2004,https://prod.pictures.autoscout24.net/listing-images/823a623b-7fd7-48c9-9490-e7839279a048_4bc8f84c-0ea0-46b3-933d-771f79061a2e.jpg/250x188.webp,2640,33.48120517070446,6611,77
3808f408-bd66-4fe0-8d70-49c17dec7c33,Volkswagen,Polo,Coupé,PrivateSeller,2700,d,170000,10-2008,https://prod.pictures.autoscout24.net/listing-images/3808f408-bd66-4fe0-8d70-49c17dec7c33_d16dcb19-7e63-4908-b6ac-19e4c1edcbf2.jpg/250x188.webp,7760,113.54709294766661,5181,65
c72b6425-28c0-45c8-9038-0f2118057d18,Volkswagen,Touran,Monovolume,PrivateSeller,2700,d,130000,05-2007,https://prod.pictures.autoscout24.net/listing-images/c72b6425-28c0-45c8-9038-0f2118057d18_3658c6e6-4835-41e7-897c-ac3b7e9717f9.jpg/250x188.webp,6120,127.2510320073132,5700,114
a092bddc-5605-471d-b540-fa7f5fbbdafa,Volkswagen,Golf,Berline,PrivateSeller,2700,b,283000,12-1998,https://prod.pictures.autoscout24.net/listing-images/a092bddc-5605-471d-b540-fa7f5fbbdafa_d479c56d-35c8-4b45-9f31-f65a56345b52.jpg/250x188.webp,6200,119.77990387531518,8773,132
84639ed3-3c33-40fe-8657-8fe5570eb2eb,Volkswagen,Golf,Berline,Dealer,2750,d,96000,03-1993,https://prod.pictures.autoscout24.net/listing-images/84639ed3-3c33-40fe-8657-8fe5570eb2eb_25d27e5c-01f1-4747-adac-d446b3ea01ec.jpg/250x188.webp,2100,27.421552979694752,10874,1
c565090b-0b42-4f87-adb5-5dadc5fbf3dd,Volkswagen,Polo,Berline,Dealer,2750,b,150000,03-2004,https://prod.pictures.autoscout24.net/listing-images/c565090b-0b42-4f87-adb5-5dadc5fbf3dd_58a3bc29-4198-449d-ac9b-5141ee2fbaa3.jpg/250x188.webp,2100,27.421552979694752,6856,1
82e850de-1e2f-4395-b89b-82bfd8cb766a,Volkswagen,Touran,Monovolume,Dealer,2750,b,211000,04-2004,https://prod.pictures.autoscout24.net/listing-images/82e850de-1e2f-4395-b89b-82bfd8cb766a_ac4098b4-0547-449b-9e4e-01639884a484.jpg/250x188.webp,9200,55.33414746561007,6825,3
b8908065-661f-42a3-a277-c3d71212195a,Volkswagen,Golf,Berline,PrivateSeller,2750,d,234250,04-2004,https://prod.pictures.autoscout24.net/listing-images/b8908065-661f-42a3-a277-c3d71212195a_25e5a1bc-1d2c-4706-9d9b-ea5f6d62bdff.jpg/250x188.webp,9630,81.18443969626802,6825,6
70011f43-e69c-4348-85ad-7425538f2211,Volkswagen,Golf,Berline,Dealer,2750,d,360000,11-2006,https://prod.pictures.autoscout24.net/listing-images/70011f43-e69c-4348-85ad-7425538f2211_a4c63e26-97ee-4ba6-b2b9-eb6b24660b68.jpg/250x188.webp,1840,54.29299877782283,5881,21
08bd18ee-ac6d-4f4a-816c-ebfcbff1d481,Volkswagen,LT,Bestelwagen,Dealer,2750,d,370000,08-2000,https://prod.pictures.autoscout24.net/listing-images/08bd18ee-ac6d-4f4a-816c-ebfcbff1d481_0144cb9b-11fb-43c6-b463-603c56415b2f.jpg/250x188.webp,1840,54.29299877782283,8164,30
1be472ed-df22-4411-ba59-c139bfab0eb7,Volkswagen,Polo,Berline,Dealer,2750,d,214616,05-2009,https://prod.pictures.autoscout24.net/listing-images/1be472ed-df22-4411-ba59-c139bfab0eb7_13fd1704-e235-4abb-b4eb-0eaa4b958210.jpg/250x188.webp,6250,115.60596353389253,4969,63
dd974e94-5a52-483c-8eef-e21fcac8978f,Volkswagen,Passat,Berline,PrivateSeller,2750,d,220000,09-2003,https://prod.pictures.autoscout24.net/listing-images/dd974e94-5a52-483c-8eef-e21fcac8978f_61ee8b4e-f35e-4bbc-9c5c-46e142f82202.jpg/250x188.webp,4000,118.53949006185148,7038,84
42b1ced6-a541-436b-9fb2-3cd76373fcf5,Volkswagen,Golf,Berline,PrivateSeller,2750,b,145731,03-1999,https://prod.pictures.autoscout24.net/listing-images/42b1ced6-a541-436b-9fb2-3cd76373fcf5_eb3fefe3-1912-4f52-b7b3-f1b679c932dc.jpg/250x188.webp,1970,69.8972659895319,8683,100
47e1b9ef-a64e-4737-a98c-d947634a25a5,Volkswagen,Eos,Cabriolet,Dealer,2785,b,214303,06-2007,https://prod.pictures.autoscout24.net/listing-images/47e1b9ef-a64e-4737-a98c-d947634a25a5_f964937d-cad0-4af1-8c64-22c2a4b2b59d.jpg/250x188.webp,2830,45.04397020411872,5669,6
791eda3b-72fb-4dfe-bb90-8e4d588e4e57,Volkswagen,Golf,Berline,PrivateSeller,2800,b,220000,04-2006,https://prod.pictures.autoscout24.net/listing-images/791eda3b-72fb-4dfe-bb90-8e4d588e4e57_f65b0137-1b64-4eee-859c-4c02e6ffa1dc.jpg/250x188.webp,1000,69.17270624549755,6095,29
8754a023-d86e-4156-8d53-4a4b23fdb146,Volkswagen,Polo,Berline,Dealer,2800,d,229000,11-2008,https://prod.pictures.autoscout24.net/listing-images/8754a023-d86e-4156-8d53-4a4b23fdb146_0c6e7879-9551-4c22-baa5-54c06452a5ef.jpg/250x188.webp,4460,114.8668906662163,5150,36
a3211eda-dd0f-41fc-a245-6242039808ff,Volkswagen,Golf Cabriolet,Cabriolet,PrivateSeller,2800,b,172000,06-1995,https://prod.pictures.autoscout24.net/listing-images/a3211eda-dd0f-41fc-a245-6242039808ff_49f79941-83ba-4979-9083-dbf215c3f152.jpg/250x188.webp,3970,66.88973710098982,10052,74
2ae63043-5880-4d06-842d-2b8cbeb9705d,Volkswagen,Golf,Berline,PrivateSeller,2800,d,218500,01-2005,https://prod.pictures.autoscout24.net/listing-images/2ae63043-5880-4d06-842d-2b8cbeb9705d_5ce97c42-aca2-4b5c-9465-3ccfb3a15efa.jpg/250x188.webp,1370,89.26135356419556,6550,87
422ca6b8-13bc-4501-870c-78eb926f9b6e,Volkswagen,Golf,Berline,PrivateSeller,2800,b,164004,05-2003,https://prod.pictures.autoscout24.net/listing-images/422ca6b8-13bc-4501-870c-78eb926f9b6e_465d2a9f-da1d-4fb7-ae73-6994d0343a18.jpg/250x188.webp,1070,71.06367211068877,7161,107
adda7cb4-079e-49ec-b607-725aa2c6f87d,Volkswagen,Golf,Andere,PrivateSeller,2800,d,440000,07-1989,https://prod.pictures.autoscout24.net/listing-images/adda7cb4-079e-49ec-b607-725aa2c6f87d_8a7063f1-5325-4047-a7bc-6f0673592907.jpg/250x188.webp,4480,119.22300130393128,12213,162
ca510933-c502-4cec-b933-d2098adb749e,Volkswagen,Lupo,Berline,Dealer,2850,b,99000,01-2005,https://prod.pictures.autoscout24.net/listing-images/ca510933-c502-4cec-b933-d2098adb749e_061e5249-31e6-4b11-bdbd-7a386f2c3865.jpg/250x188.webp,1600,78.61296004280759,6550,13
7a13e388-acf5-4ce4-b553-fa1f7659880a,Volkswagen,Fox,Berline,PrivateSeller,2850,d,163000,10-2008,https://prod.pictures.autoscout24.net/listing-images/7a13e388-acf5-4ce4-b553-fa1f7659880a_bd5c1509-70db-4621-bf7d-b8fd46ae0296.jpg/250x188.webp,3290,63.35789588207048,5181,15
13b76630-5d4e-4e5c-a422-f0bfca700728,Volkswagen,Caddy,Monovolume,PrivateSeller,2850,d,181750,07-2007,https://prod.pictures.autoscout24.net/listing-images/13b76630-5d4e-4e5c-a422-f0bfca700728_4c8bb178-42bc-421b-a7d7-b9e6d4e4f852.jpg/250x188.webp,4000,118.53949006185148,5639,47
10f2b4be-3722-4fee-ac89-f99e85b2cd42,Volkswagen,Polo,Berline,Dealer,2850,d,165000,01-2003,https://prod.pictures.autoscout24.net/listing-images/10f2b4be-3722-4fee-ac89-f99e85b2cd42_20f09873-cd68-4967-9d07-ca19fe23402d.jpg/250x188.webp,6180,111.8460773215552,7281,56
46d7fa32-6415-47bb-9e10-924487f65200,Volkswagen,Bora,Berline,PrivateSeller,2850,d,169500,09-2005,https://prod.pictures.autoscout24.net/listing-images/46d7fa32-6415-47bb-9e10-924487f65200_add2a3b6-4052-4208-bd0c-a5866993f783.jpg/250x188.webp,1360,94.96010137768063,6307,75
d6c664e3-c936-4546-ac1d-55f7d5f892af,Volkswagen,Bora,Berline,PrivateSeller,2850,d,169500,09-2005,https://prod.pictures.autoscout24.net/listing-images/d6c664e3-c936-4546-ac1d-55f7d5f892af_51a8cda3-67f4-4503-a3e5-543c67eff48a.jpg/250x188.webp,1360,94.96010137768063,6307,74
9a97b86f-2d72-4ae8-817f-db701f1304f4,Volkswagen,Golf Variant,Break,PrivateSeller,2900,d,185000,08-2000,https://prod.pictures.autoscout24.net/listing-images/9a97b86f-2d72-4ae8-817f-db701f1304f4_f1093879-b09e-4ebd-a810-17c5d2ae8548.jpg/250x188.webp,7040,128.797804504151,8164,1
e8d2aaeb-54a6-4a18-ab3f-81df103ff6f8,Volkswagen,Golf,Berline,PrivateSeller,2900,b,122000,01-1998,https://prod.pictures.autoscout24.net/listing-images/e8d2aaeb-54a6-4a18-ab3f-81df103ff6f8_7877ae34-5d2c-4d9d-8b21-2d72629a339d.jpg/250x188.webp,8800,107.24415982689398,9107,1
801a0609-c37e-4f19-94c9-71f4047fd6ce,Volkswagen,Polo,Berline,PrivateSeller,2900,d,218000,09-2007,https://prod.pictures.autoscout24.net/listing-images/801a0609-c37e-4f19-94c9-71f4047fd6ce_5b38bf07-1224-451d-8316-452ee3b6c3fc.jpg/250x188.webp,1140,66.17447866127165,5577,5
c3917bd1-bbb5-49a4-ab26-adecf3f2ecf9,Volkswagen,Passat Variant,Break,PrivateSeller,2900,d,210000,11-2006,https://prod.pictures.autoscout24.net/listing-images/c3917bd1-bbb5-49a4-ab26-adecf3f2ecf9_3b9d53b1-55f0-40f5-8a12-cca424f1de1c.jpg/250x188.webp,4620,127.14057578222531,5881,9
2ca81447-6c3c-41c9-acc4-e07a301cfb40,Volkswagen,Polo,Berline,Dealer,2900,d,252609,08-2007,https://prod.pictures.autoscout24.net/listing-images/2ca81447-6c3c-41c9-acc4-e07a301cfb40_b517b16e-88f8-400d-91de-b944a5241135.jpg/250x188.webp,8790,97.02122056774895,5608,13
26823e73-8833-4f07-b512-ade09a6cc082,Volkswagen,Golf,Berline,PrivateSeller,2900,d,164900,11-2004,https://prod.pictures.autoscout24.net/listing-images/26823e73-8833-4f07-b512-ade09a6cc082_7854f20f-dde4-4e98-a8f2-6c9cd5e96d98.jpg/250x188.webp,7800,104.58581336862675,6611,15
92959b04-a314-484d-8832-ab6e6ebf470c,Volkswagen,Polo,Berline,Dealer,2900,b,194500,05-2005,https://prod.pictures.autoscout24.net/listing-images/92959b04-a314-484d-8832-ab6e6ebf470c_0ce99dad-2683-40b1-9611-5ee7c644fe9d.jpg/250x188.webp,8501,111.0904573851497,6430,17
6144e805-73bc-4ad8-80b5-2710fac03e7c,Volkswagen,Golf,Coupé,PrivateSeller,2900,d,253000,08-2005,https://prod.pictures.autoscout24.net/listing-images/6144e805-73bc-4ad8-80b5-2710fac03e7c_f0827637-a4da-4ef4-9b9c-408f61109261.jpg/250x188.webp,6990,152.43394853742674,6338,17
7bc3f176-55b4-423f-94dd-7958669a3b9c,Volkswagen,Polo,Berline,Dealer,2900,b,149753,02-2002,https://prod.pictures.autoscout24.net/listing-images/7bc3f176-55b4-423f-94dd-7958669a3b9c_255043d1-507c-43b6-813b-4790ce8df7a9.jpg/250x188.webp,7033,120.92234590410432,7615,36
8889d2e0-466e-4928-9ce0-e9607d728c2b,Volkswagen,Golf Variant,Break,PrivateSeller,2900,d,332559,01-2009,https://prod.pictures.autoscout24.net/listing-images/8889d2e0-466e-4928-9ce0-e9607d728c2b_bf10754f-26ee-43db-9385-e345a30d0463.jpg/250x188.webp,5100,120.21149902452048,5089,52
80d07cb4-0607-4b9a-b77a-942ab014fee6,Volkswagen,Golf Variant,Break,PrivateSeller,2900,d,332359,02-2009,https://prod.pictures.autoscout24.net/listing-images/80d07cb4-0607-4b9a-b77a-942ab014fee6_da203f24-3ecb-46d1-8b0b-5d84b164a51c.jpg/250x188.webp,5100,120.21149902452048,5058,56
397af055-6c11-4956-86e5-d5447a7c54cf,Volkswagen,Fox,Berline,PrivateSeller,2900,d,1450000,11-2007,https://prod.pictures.autoscout24.net/listing-images/397af055-6c11-4956-86e5-d5447a7c54cf_a80d7dc9-439c-4c17-9616-9e7b1c19f704.jpg/250x188.webp,7390,121.56764290915724,5516,133
dfa24966-3a2a-44cf-8b18-9e27ed66c8bf,Volkswagen,Fox,Berline,PrivateSeller,2900,d,146000,11-2007,https://prod.pictures.autoscout24.net/listing-images/dfa24966-3a2a-44cf-8b18-9e27ed66c8bf_d6c7f5d8-420d-4f4c-a40d-9533e0a16c65.jpg/250x188.webp,7390,121.56764290915724,5516,141
1cd15e09-443d-4d3e-91e2-72b0aa1986b2,Volkswagen,Polo,Berline,Dealer,2900,b,85067,09-1994,https://prod.pictures.autoscout24.net/listing-images/1cd15e09-443d-4d3e-91e2-72b0aa1986b2_6be87d24-8483-4657-8089-97214343d0fe.jpg/250x188.webp,5140,104.85389989976589,10325,254
4fa7373c-0a32-4f74-8bdf-c17bb8e74018,Volkswagen,Polo,Berline,PrivateSeller,2949,d,227000,09-2008,https://prod.pictures.autoscout24.net/listing-images/4fa7373c-0a32-4f74-8bdf-c17bb8e74018_82bf40b9-adf3-455d-94c7-bae412e280fa.jpg/250x188.webp,4020,121.60247278825214,5211,77
662327c7-1054-40dc-a64b-f3dd89a371ff,Volkswagen,Polo,Berline,Dealer,2950,d,271000,04-2005,https://prod.pictures.autoscout24.net/listing-images/662327c7-1054-40dc-a64b-f3dd89a371ff_9ee18cc8-5448-42c0-872d-e2eed60b90a1.jpg/250x188.webp,5070,122.22662855592974,6460,13
dbb27e75-5b7f-48dc-8a61-1d08098ee64d,Volkswagen,Polo,Berline,PrivateSeller,2950,b,187000,11-2005,https://prod.pictures.autoscout24.net/listing-images/dbb27e75-5b7f-48dc-8a61-1d08098ee64d_d71a68ed-ca57-4223-898f-78c9ad1074c8.jpg/250x188.webp,7321,123.09708337882562,6246,28
d2f881f3-6217-40af-9047-cf733598fd23,Volkswagen,Touran,Monovolume,Dealer,2950,d,249000,08-2007,https://prod.pictures.autoscout24.net/listing-images/d2f881f3-6217-40af-9047-cf733598fd23_bbd3fed8-8ffb-4bb0-84e4-430025468162.jpg/250x188.webp,1620,76.4415139283917,5608,42
65452c0e-14b6-4fa8-bc37-273019e4fe65,Volkswagen,Sharan,Break,PrivateSeller,2950,d,370000,08-2005,https://prod.pictures.autoscout24.net/listing-images/65452c0e-14b6-4fa8-bc37-273019e4fe65_9627b6e7-fd6a-4f5c-b893-3d2420c9c454.jpg/250x188.webp,4621,126.67391998952026,6338,86
5e33899d-6659-4c8f-88d3-e73ff0a61f99,Volkswagen,Golf Cabriolet,Cabriolet,PrivateSeller,2950,b,236000,01-1998,https://prod.pictures.autoscout24.net/listing-images/5e33899d-6659-4c8f-88d3-e73ff0a61f99_9eb5f161-a3ff-4d46-8f52-b688b125c626.jpg/250x188.webp,4040,120.39133917274062,9107,143
f5cc7c96-7b9d-4df3-b4f5-e2e2ba82b40e,Volkswagen,Passat,Berline,Dealer,2950,d,179036,05-1995,https://prod.pictures.autoscout24.net/listing-images/f5cc7c96-7b9d-4df3-b4f5-e2e2ba82b40e_66ab7a45-c268-46fa-8f12-57270efc1dec.jpg/250x188.webp,6250,115.60596353389253,10083,174
c491d7f6-1357-4200-9c23-10d98f486789,Volkswagen,Phaeton,Berline,Dealer,2950,b,279000,07-2004,https://prod.pictures.autoscout24.net/listing-images/c491d7f6-1357-4200-9c23-10d98f486789_aca512f9-198f-48f4-9995-6babd8b98ad2.jpg/250x188.webp,4170,134.94834896628382,6734,197
42edb092-5acc-492f-b1c6-fd799e63a1a0,Volkswagen,Polo,Berline,Dealer,2990,d,273000,08-2006,https://prod.pictures.autoscout24.net/listing-images/42edb092-5acc-492f-b1c6-fd799e63a1a0_1fb27951-3c82-46c4-bbb3-1601c20a58b5.jpg/250x188.webp,4032,124.36566499817849,5973,27
ae10100a-9ea4-4e8d-b367-cf75ef79aaff,Volkswagen,Fox,Berline,Dealer,2990,b,99352,03-2007,https://prod.pictures.autoscout24.net/listing-images/ae10100a-9ea4-4e8d-b367-cf75ef79aaff_d9999f01-cef8-46b5-9230-06c08d0f5943.jpg/250x188.webp,7130,117.49117131592739,5761,2
b7f84fa6-3bf4-4a25-948d-b8015afc46e6,Volkswagen,Fox,Berline,Dealer,2990,b,150000,02-2006,https://prod.pictures.autoscout24.net/listing-images/b7f84fa6-3bf4-4a25-948d-b8015afc46e6_c3b058dd-514a-4510-8673-528bd9b572dd.jpg/250x188.webp,7130,117.49117131592739,6154,7
6e8b45eb-60e6-45af-9b99-7be2ec3b7454,Volkswagen,Fox,Berline,Dealer,2990,d,149000,06-2009,https://prod.pictures.autoscout24.net/listing-images/6e8b45eb-60e6-45af-9b99-7be2ec3b7454_938f2d23-d5e2-438c-9a14-f487f8425987.jpg/250x188.webp,5660,157.35260445614983,4938,16
94240737-25e1-4c36-bc53-2866629b5856,Volkswagen,Polo,Berline,Dealer,2990,d,232000,12-2007,https://prod.pictures.autoscout24.net/listing-images/94240737-25e1-4c36-bc53-2866629b5856_1a3c9a27-2ee6-4923-8c7d-24d3ebbb1d0f.jpg/250x188.webp,7380,129.95614046754844,5486,44
bef1e9b1-6f0d-416f-a646-3971706a7f32,Volkswagen,Golf,Berline,Dealer,2990,b,46000,02-1984,https://prod.pictures.autoscout24.net/listing-images/bef1e9b1-6f0d-416f-a646-3971706a7f32_d6062ea6-f897-4f40-b1e5-2b598dd82812.jpg/250x188.webp,1440,88.54751756589805,14190,498
589c039a-7917-450b-a7c6-6fb43ce977b2,Volkswagen,Polo,Berline,PrivateSeller,2999,b,175000,01-2005,https://prod.pictures.autoscout24.net/listing-images/589c039a-7917-450b-a7c6-6fb43ce977b2_1fdf5228-6c80-4e4c-9cec-a94b6d9cb4d9.jpg/250x188.webp,1140,66.17447866127165,6550,10
9b85c796-a17a-440f-9da3-1acd0dbea2f2,Volkswagen,Polo,Berline,Dealer,2999,d,264000,12-2009,https://prod.pictures.autoscout24.net/listing-images/9b85c796-a17a-440f-9da3-1acd0dbea2f2_1f556b8d-671c-4bcc-b8e7-f6ced1b77875.jpg/250x188.webp,5140,104.85389989976589,4755,10
c869d16e-c26e-4866-b506-4a7d14dea083,Volkswagen,Polo,Berline,Dealer,2999,b,47000,07-1995,https://prod.pictures.autoscout24.net/listing-images/c869d16e-c26e-4866-b506-4a7d14dea083_5eaf598a-5881-436b-8b50-67268f546012.jpg/250x188.webp,1602,75.23922327931528,10022,17
e9c8b1b5-a6ef-4cea-b85e-5a1693e5e098,Volkswagen,Golf Variant,Break,Dealer,2999,b,181285,04-2000,https://prod.pictures.autoscout24.net/listing-images/e9c8b1b5-a6ef-4cea-b85e-5a1693e5e098_f4003249-1cc4-47ec-ac15-3c0d087320db.jpg/250x188.webp,1602,75.23922327931528,8286,154
77b16a44-10e3-4661-b6ba-727d9e6ed1a4,Volkswagen,Touran,Monovolume,Dealer,2999,d,278000,08-2007,https://prod.pictures.autoscout24.net/listing-images/77b16a44-10e3-4661-b6ba-727d9e6ed1a4_2fa1e827-d03c-486f-ac2c-deac80922adc.jpg/250x188.webp,1400,97.35176357549375,5608,178
a3bf7341-5e19-4317-af90-15e65aabf69f,Volkswagen,Golf,Berline,PrivateSeller,3000,d,212000,03-2000,https://prod.pictures.autoscout24.net/listing-images/a3bf7341-5e19-4317-af90-15e65aabf69f_67fd3158-4278-45da-a9b7-b93caa2609fb.jpg/250x188.webp,2800,49.170515286575046,8317,3
c08b5c1e-4079-4f00-8b63-62f25cc8b136,Volkswagen,Passat Variant,Break,PrivateSeller,3000,d,223000,02-2008,https://prod.pictures.autoscout24.net/listing-images/c08b5c1e-4079-4f00-8b63-62f25cc8b136_f3139d52-0bf5-4658-8c66-97bfb7ec2112.jpg/250x188.webp,6890,169.82379334986413,5424,8
fec99cde-1267-4c7b-8dc7-8f61bf7dc512,Volkswagen,Fox,Berline,PrivateSeller,3000,b,97324,08-2006,https://prod.pictures.autoscout24.net/listing-images/fec99cde-1267-4c7b-8dc7-8f61bf7dc512_42dbcdb2-7b8f-46d8-8119-a726abb18f81.jpg/250x188.webp,1490,93.00820810919008,5973,17
b247eb60-db5d-4a70-b3e4-7921f45f7646,Volkswagen,,Berline,PrivateSeller,3000,b,190330,12-1991,https://prod.pictures.autoscout24.net/listing-images/b247eb60-db5d-4a70-b3e4-7921f45f7646_9a033196-dc9c-450a-b391-1b9f1f0909c8.jpg/250x188.webp,1300,83.88957347991013,11330,24
49a64a39-41ea-45f3-81c2-62e73d1d224f,Volkswagen,Golf,Berline,PrivateSeller,3000,d,123800,03-1995,https://prod.pictures.autoscout24.net/listing-images/49a64a39-41ea-45f3-81c2-62e73d1d224f_bb397045-3da2-44b1-8e56-45036a90a035.jpg/250x188.webp,2570,41.502398539267695,10144,36
9ff4e7ec-d91b-4da5-8613-a841e1ede799,Volkswagen,Polo,Berline,PrivateSeller,3000,b,194610,05-2006,https://prod.pictures.autoscout24.net/listing-images/9ff4e7ec-d91b-4da5-8613-a841e1ede799_139dcfd2-41ce-47f5-9749-00ce4f533098.jpg/250x188.webp,1853,62.49120970441575,6065,36
455aad21-b641-4dcc-a8ed-66eec326afa3,Volkswagen,Golf,Berline,PrivateSeller,3000,d,247650,10-2004,https://prod.pictures.autoscout24.net/listing-images/455aad21-b641-4dcc-a8ed-66eec326afa3_4c0a8ee1-4516-4024-9e67-3006d2430279.jpg/250x188.webp,4040,120.39133917274062,6642,52
48489732-4256-4440-9f91-8ee01352ed92,Volkswagen,Polo,Berline,PrivateSeller,3000,b,159000,05-2002,https://prod.pictures.autoscout24.net/listing-images/48489732-4256-4440-9f91-8ee01352ed92_21a18a36-0727-4579-bc97-a84189c3e891.jpg/250x188.webp,4000,118.53949006185148,7526,53
9655190f-f285-47db-877b-f1d283beb2ac,Volkswagen,Golf,Berline,PrivateSeller,3000,b,103000,07-1985,https://prod.pictures.autoscout24.net/listing-images/9655190f-f285-47db-877b-f1d283beb2ac_312d2d9e-28f0-47d7-bfca-6a325759217f.jpg/250x188.webp,7012,120.36322565219064,13674,53
90fb574e-e271-4c59-907e-864d38bf94e1,Volkswagen,Golf Cabriolet,Cabriolet,PrivateSeller,3000,b,189000,02-1996,https://prod.pictures.autoscout24.net/listing-images/90fb574e-e271-4c59-907e-864d38bf94e1_a7486212-f019-4a6a-a43d-2f86b9b9483a.jpg/250x188.webp,8500,110.07601369654981,9807,56
5fd432d4-d87b-4fd3-bccf-79538aa77d5a,Volkswagen,Golf Cabriolet,Cabriolet,PrivateSeller,3000,b,113000,09-1997,https://prod.pictures.autoscout24.net/listing-images/5fd432d4-d87b-4fd3-bccf-79538aa77d5a_9e313275-82e6-4197-b070-d5ef2a89bf27.jpg/250x188.webp,1060,71.73094529250689,9229,66
55b05454-0967-4d17-aa5c-eb665c55e0f1,Volkswagen,New Beetle,Berline,Dealer,3000,b,137000,03-2000,https://prod.pictures.autoscout24.net/listing-images/55b05454-0967-4d17-aa5c-eb665c55e0f1_3b497014-9fbb-4a68-811f-c4561e561f9e.jpg/250x188.webp,5060,116.00750129472273,8317,69
273ef6f8-90ae-4c50-b8fa-fa34417194c5,Volkswagen,Golf Cabriolet,Cabriolet,PrivateSeller,3000,b,256469,08-2000,https://prod.pictures.autoscout24.net/listing-images/273ef6f8-90ae-4c50-b8fa-fa34417194c5_9fb5b62a-9d77-4589-8484-4cf334ba20df.jpg/250x188.webp,2980,26.521830769361618,8164,73
e50d5fee-8a57-40fe-8676-72fd9fd70812,Volkswagen,Touareg,Bestelwagen,PrivateSeller,3000,d,420000,12-2002,https://prod.pictures.autoscout24.net/listing-images/e50d5fee-8a57-40fe-8676-72fd9fd70812_83a992bf-0f26-40be-a1e3-720c2a95ac40.jpg/250x188.webp,6061,117.55452099458994,7312,83
e4448ee6-b4cd-42bb-b596-472462729e94,Volkswagen,Golf,Berline,PrivateSeller,3000,b,185000,09-1987,https://prod.pictures.autoscout24.net/listing-images/e4448ee6-b4cd-42bb-b596-472462729e94_6ee100aa-4ec4-4e6c-b685-ff0f2a1b03aa.jpg/250x188.webp,9200,55.33414746561007,12882,89
cdd663e3-45cc-4681-91e3-ab6bea2f8f8f,Volkswagen,Polo,Berline,PrivateSeller,3000,b,150000,06-2004,https://prod.pictures.autoscout24.net/listing-images/cdd663e3-45cc-4681-91e3-ab6bea2f8f8f_1b3082f6-ae16-4972-9b33-af6b2d8418a9.jpg/250x188.webp,5377,142.87521572281668,6764,107
4c9c093f-6e38-49e6-b413-a09d5a533446,Volkswagen,Jetta,Berline,PrivateSeller,3000,d,297000,07-2007,https://prod.pictures.autoscout24.net/listing-images/4c9c093f-6e38-49e6-b413-a09d5a533446_756eb824-d45d-458a-9b55-0381ce669ca1.jpg/250x188.webp,4680,117.16819648416717,5639,108
6e56d3b1-80bb-4748-b5f6-9f5bb4aea114,Volkswagen,Sharan,Monovolume,PrivateSeller,3000,d,236000,01-2003,https://prod.pictures.autoscout24.net/listing-images/6e56d3b1-80bb-4748-b5f6-9f5bb4aea114_2db7b9e4-dc74-4f46-ab40-dd05c7b006e8.jpg/250x188.webp,1070,71.06367211068877,7281,110
f2f1eb43-fb5e-474b-a11e-e79b4342e261,Volkswagen,Polo,Berline,PrivateSeller,3000,d,136083,02-2000,https://prod.pictures.autoscout24.net/listing-images/f2f1eb43-fb5e-474b-a11e-e79b4342e261_17da8df0-e3c5-4bcd-8f3d-17ec059dac65.jpg/250x188.webp,8904,129.7448535428038,8346,120
da977a9b-6b73-43d0-9062-9dbe29082d76,Volkswagen,Caddy,Bestelwagen,PrivateSeller,3000,d,224000,05-2006,https://prod.pictures.autoscout24.net/listing-images/da977a9b-6b73-43d0-9062-9dbe29082d76_015ac381-5439-4acf-8c4b-5d1321cbe4ca.jpg/250x188.webp,9620,79.3684737361704,6065,143
ac0ce826-bbaf-4289-9930-678e377a0474,Volkswagen,Polo,Berline,PrivateSeller,3000,d,213000,12-2009,https://prod.pictures.autoscout24.net/listing-images/ac0ce826-bbaf-4289-9930-678e377a0474_00d1ea2a-ad6b-4f17-a1ec-f12a3cc4869b.jpg/250x188.webp,6060,116.023023143389,4755,155
555f8b7a-e2c9-4442-871c-f1340c258f29,Volkswagen,Bus,Bestelwagen,PrivateSeller,3000,b,100000,02-1971,https://prod.pictures.autoscout24.net/listing-images/555f8b7a-e2c9-4442-871c-f1340c258f29_d7e048ee-1c48-4f88-8d5e-63fdc43575bf.jpg/250x188.webp,6010,119.70351809317113,18938,177
f4641354-253c-41da-81f3-a7fea06e96e8,Volkswagen,Golf,Andere,PrivateSeller,3000,d,127128,02-1995,https://prod.pictures.autoscout24.net/listing-images/f4641354-253c-41da-81f3-a7fea06e96e8_91293da0-5bc0-4555-9335-6e5b8777bd03.jpg/250x188.webp,7000,118.39471915054493,10172,180
cc72192f-e76d-47bb-9dfb-c22302215084,Volkswagen,Golf,Berline,Dealer,3000,b,85000,03-1994,https://prod.pictures.autoscout24.net/listing-images/cc72192f-e76d-47bb-9dfb-c22302215084_73c5a978-a010-48b0-a13c-f10ed7ca615d.jpg/250x188.webp,1600,78.61296004280759,10509,218
dadcd701-acf8-48f6-b3c6-27cc9ac83155,Volkswagen,Touran,Monovolume,PrivateSeller,3100,d,209500,05-2004,https://prod.pictures.autoscout24.net/listing-images/dadcd701-acf8-48f6-b3c6-27cc9ac83155_3035c3c8-ce87-42a8-b2f3-7ee3281b7254.jpg/250x188.webp,4000,118.53949006185148,6795,33
8eb53587-895f-4819-9f0d-87553904ef1b,Volkswagen,Touran,Andere,PrivateSeller,3100,d,209500,12-2004,https://prod.pictures.autoscout24.net/listing-images/8eb53587-895f-4819-9f0d-87553904ef1b_6ddecd00-207e-44dc-961b-b8855afcd019.jpg/250x188.webp,4000,118.53949006185148,6581,33
f967e9d7-84e1-4c28-810d-1cb27e3cd258,Volkswagen,Eos,Cabriolet,PrivateSeller,3100,d,186000,06-2006,https://prod.pictures.autoscout24.net/listing-images/f967e9d7-84e1-4c28-810d-1cb27e3cd258_f445c18e-be03-42c5-9eab-a6020d4539cf.jpg/250x188.webp,3540,76.60412810401502,6034,37
167e063b-422c-4514-866a-d2c6c9751f7a,Volkswagen,Polo,Berline,Dealer,3150,b,105000,01-2006,https://prod.pictures.autoscout24.net/listing-images/167e063b-422c-4514-866a-d2c6c9751f7a_1d7bcad1-141b-4c14-a2a2-4f3a4a85ac2b.jpg/250x188.webp,1480,90.6722887329444,6185,0
58080f22-659e-47cd-9016-2364a5af0157,Volkswagen,Polo,Berline,Dealer,3150,b,148000,10-2005,https://prod.pictures.autoscout24.net/listing-images/58080f22-659e-47cd-9016-2364a5af0157_4af9aae2-e950-4b9c-985b-a2051fff4da6.jpg/250x188.webp,1070,71.06367211068877,6277,4
f5f88cba-721c-4975-ba9d-cb277229e670,Volkswagen,Polo,Berline,Dealer,3150,b,155673,06-2002,https://prod.pictures.autoscout24.net/listing-images/f5f88cba-721c-4975-ba9d-cb277229e670_3bfc2cb9-f5bf-4cb2-98a5-7ac780e4daa2.jpg/250x188.webp,1700,70.90697373704198,7495,17
09f446b8-dd57-4bfa-a7bd-40955c00a480,Volkswagen,Polo,Berline,PrivateSeller,3150,b,188000,09-2003,https://prod.pictures.autoscout24.net/listing-images/09f446b8-dd57-4bfa-a7bd-40955c00a480_e1d4ad27-7efb-4432-8549-4a3832443ab4.jpg/250x188.webp,1020,66.36225311284039,7038,96
690e7fba-b201-48c3-bb29-4a589aa4d73b,Volkswagen,Caddy,Andere,Dealer,3200,d,342000,10-2011,https://prod.pictures.autoscout24.net/listing-images/690e7fba-b201-48c3-bb29-4a589aa4d73b_eb4a09cb-9f40-4c19-a99e-a6d5da268d97.jpg/250x188.webp,1840,54.29299877782283,4086,8
6a26ac22-9a5c-45b4-8584-0ccf9cfe141a,Volkswagen,Polo,Berline,PrivateSeller,3200,d,144470,06-2008,https://prod.pictures.autoscout24.net/listing-images/6a26ac22-9a5c-45b4-8584-0ccf9cfe141a_1948c14e-5634-4456-81ca-0a37e126868d.jpg/250x188.webp,6687,175.4603357038521,5303,9
5c64f0ec-0655-46c2-b8c2-8511d81742ae,Volkswagen,Polo,Berline,PrivateSeller,3200,b,178000,10-2008,https://prod.pictures.autoscout24.net/listing-images/5c64f0ec-0655-46c2-b8c2-8511d81742ae_e821a5df-15a9-4503-864c-eca7f51def35.jpg/250x188.webp,7060,102.95472204892502,5181,15
c3cf320c-f2a9-43d2-b243-25cd104cdf9f,Volkswagen,Sharan,Break,PrivateSeller,3200,d,192000,11-2003,https://prod.pictures.autoscout24.net/listing-images/c3cf320c-f2a9-43d2-b243-25cd104cdf9f_fca08332-5c0a-4b04-9417-fad6b56a22ea.jpg/250x188.webp,8970,138.0293117768486,6977,19
87440280-af29-4de0-961b-b09444b34772,Volkswagen,Golf,Stadswagen,PrivateSeller,3200,b,119500,12-2003,https://prod.pictures.autoscout24.net/listing-images/87440280-af29-4de0-961b-b09444b34772_0e37ffbe-2c2b-45cf-b7d5-0b6d5f91e948.jpg/250x188.webp,1050,70.92422613330518,6947,32
c00282de-736a-42b3-a3a9-1330d7e6dcf3,Volkswagen,Polo,Andere,PrivateSeller,3200,b,133260,08-2003,https://prod.pictures.autoscout24.net/listing-images/c00282de-736a-42b3-a3a9-1330d7e6dcf3_e34ecbf3-997f-4fcf-bc09-45a1034cb99d.jpg/250x188.webp,1030,66.85598932704684,7069,35
a96e2566-c967-4b8a-9469-f42b13c82c37,Volkswagen,Golf,Berline,Dealer,3200,d,240000,06-2007,https://prod.pictures.autoscout24.net/listing-images/a96e2566-c967-4b8a-9469-f42b13c82c37_8ac46244-d364-4eb5-88e8-1fd6be0427a9.jpg/250x188.webp,8791,102.62748120507626,5669,39
7b5fd5ad-5e35-46de-a55f-2b0ca61b979a,Volkswagen,Golf Variant,Break,PrivateSeller,3200,d,256000,11-2007,https://prod.pictures.autoscout24.net/listing-images/7b5fd5ad-5e35-46de-a55f-2b0ca61b979a_14147b44-0836-4ffa-81c0-86d9aae42ab0.jpg/250x188.webp,4800,137.3735948615729,5516,58
df470745-5746-4e5c-96d2-d0dc8275ba98,Volkswagen,Golf Plus,Andere,PrivateSeller,3200,d,318000,09-2005,https://prod.pictures.autoscout24.net/listing-images/df470745-5746-4e5c-96d2-d0dc8275ba98_278f8ce8-90f1-4398-b33f-9ee657d01ec1.jpg/250x188.webp,4700,143.97766881241236,6307,71
e2a38c45-421d-47dd-aafa-390d659da1eb,Volkswagen,Golf,Berline,PrivateSeller,3200,b,140000,12-1998,https://prod.pictures.autoscout24.net/listing-images/e2a38c45-421d-47dd-aafa-390d659da1eb_ea5eb408-a0f7-41a1-9329-182efb973cfd.jpg/250x188.webp,2990,13.426271856976925,8773,77
a239661b-d430-412c-85d7-fdc37ba8c219,Volkswagen,Golf,Berline,PrivateSeller,3200,b,135000,02-1988,https://prod.pictures.autoscout24.net/listing-images/a239661b-d430-412c-85d7-fdc37ba8c219_6734cf8b-0e2f-4de7-b1f8-2fd6692f6b02.jpg/250x188.webp,9572,86.43515787596036,12729,88
f1681138-0aab-40c4-a9d0-8968807a7ebb,Volkswagen,New Beetle,Berline,PrivateSeller,3200,d,201000,02-1999,https://prod.pictures.autoscout24.net/listing-images/f1681138-0aab-40c4-a9d0-8968807a7ebb_ebed32dc-defa-4ec0-b235-7f2650fef3c3.jpg/250x188.webp,7170,108.4792868516476,8711,96
586b9006-3aa9-4cd7-a809-a9a45cb74a97,Volkswagen,New Beetle,Berline,PrivateSeller,3200,d,201000,02-1999,https://prod.pictures.autoscout24.net/listing-images/586b9006-3aa9-4cd7-a809-a9a45cb74a97_747e944d-983e-4439-a451-5201e1f1d7f7.jpg/250x188.webp,7170,108.4792868516476,8711,96
4480468c-1c71-4a01-94e7-083b0426c75f,Volkswagen,Golf Variant,Break,PrivateSeller,3200,d,195000,11-2007,https://prod.pictures.autoscout24.net/listing-images/4480468c-1c71-4a01-94e7-083b0426c75f_9261ff8c-9ac4-4ce2-99b0-8470d3a62d6b.jpg/250x188.webp,9000,69.99787275902874,5516,149
a4a329df-b303-4adb-a0a9-9bb48429bd0e,Volkswagen,Polo,Berline,PrivateSeller,3200,d,219000,10-2007,https://prod.pictures.autoscout24.net/listing-images/a4a329df-b303-4adb-a0a9-9bb48429bd0e_01a5679e-9971-4605-900e-4c7bbe91c556.jpg/250x188.webp,1470,94.66270459365258,5547,159
8b3ba5bb-23b5-467a-9039-da136214d696,Volkswagen,Polo,Berline,PrivateSeller,3250,d,143000,10-2008,https://prod.pictures.autoscout24.net/listing-images/8b3ba5bb-23b5-467a-9039-da136214d696_f84a852c-dea9-41e9-a5cb-e52fb226de5b.jpg/250x188.webp,1350,95.96766048140154,5181,15
a14cd8af-49a1-45e1-8de2-0e631c117c39,Volkswagen,Polo,Berline,Dealer,3250,d,270000,01-2008,https://prod.pictures.autoscout24.net/listing-images/a14cd8af-49a1-45e1-8de2-0e631c117c39_8305a9d5-d294-41ba-a325-aab25f40c079.jpg/250x188.webp,6700,222.44484417522085,5455,15
93d2166a-a1c8-474e-b85a-c1d70d8d51d2,Volkswagen,Golf,Berline,PrivateSeller,3250,b,167000,01-2000,https://prod.pictures.autoscout24.net/listing-images/93d2166a-a1c8-474e-b85a-c1d70d8d51d2_f5756d6d-5b7c-4992-9c1d-a19a44918f9f.jpg/250x188.webp,9230,69.27250469504553,8377,16
36f663e6-8ef0-4fa9-9d14-381ca1c994fa,Volkswagen,Golf,Berline,PrivateSeller,3250,d,252000,05-2008,https://prod.pictures.autoscout24.net/listing-images/36f663e6-8ef0-4fa9-9d14-381ca1c994fa_8cb2a679-8f4e-40cd-9d1e-1a5a7b7c4f8a.jpg/250x188.webp,5101,117.51544379877458,5334,31
acd3f51a-3c88-4c95-923b-79ed34804991,Volkswagen,Golf,Berline,Dealer,3250,b,198000,01-2008,https://prod.pictures.autoscout24.net/listing-images/acd3f51a-3c88-4c95-923b-79ed34804991_1ba04955-9df1-4cbb-913d-22620bba9989.jpg/250x188.webp,1703,72.53884447632319,5455,36
e97dee89-dcc7-4f85-9351-8295412e7a84,Volkswagen,Polo,Berline,Dealer,3250,b,150000,10-2004,https://prod.pictures.autoscout24.net/listing-images/e97dee89-dcc7-4f85-9351-8295412e7a84_3d46942f-f8b1-4f1b-9758-7334aa4319ea.jpg/250x188.webp,7012,120.36322565219064,6642,44
626a8f53-f641-40f9-aaf7-53f87e8bd9dc,Volkswagen,Jetta,Andere,PrivateSeller,3250,b,64000,10-1989,https://prod.pictures.autoscout24.net/listing-images/626a8f53-f641-40f9-aaf7-53f87e8bd9dc_16649c53-1d3d-439b-9f8f-63a5aa5cd52c.jpg/250x188.webp,8940,122.67454531275294,12121,46
58a61bea-6293-4455-8169-d5b3e3f6aa78,Volkswagen,Polo,Berline,Dealer,3250,b,123660,03-2007,https://prod.pictures.autoscout24.net/listing-images/58a61bea-6293-4455-8169-d5b3e3f6aa78_edee9a97-6e6a-496c-9383-e54365b235ca.jpg/250x188.webp,9280,57.52425726435139,5761,48
227577d5-c9db-4733-8057-b035a11ae708,Volkswagen,Fox,Berline,Dealer,3250,b,103450,09-2005,https://prod.pictures.autoscout24.net/listing-images/227577d5-c9db-4733-8057-b035a11ae708_354ba56d-fcfd-48e0-b3e9-c47a99c78b75.jpg/250x188.webp,7080,124.84754400917438,6307,59
9d2be8a4-184d-4d45-9155-06e7e70a6e67,Volkswagen,Caddy,Monovolume,PrivateSeller,3250,d,273000,01-2009,https://prod.pictures.autoscout24.net/listing-images/9d2be8a4-184d-4d45-9155-06e7e70a6e67_2f905fd3-1aa2-408b-be37-13cf1cfb770a.jpg/250x188.webp,6850,180.02422307248008,5089,89
552e1fff-1f15-4389-956f-33eab9eaa3d3,Volkswagen,Golf,Berline,Dealer,3250,b,259866,07-2007,https://prod.pictures.autoscout24.net/listing-images/552e1fff-1f15-4389-956f-33eab9eaa3d3_5236701e-a513-450b-acef-cfdd998b703c.jpg/250x188.webp,2610,33.817501233272104,5639,69
679b6c73-fedd-47a9-ab0e-b2e53ea81162,Volkswagen,Polo,Berline,Dealer,3250,b,177000,08-2005,https://prod.pictures.autoscout24.net/listing-images/679b6c73-fedd-47a9-ab0e-b2e53ea81162_bdf7862a-ea1c-4936-987f-e311a78b5cab.jpg/250x188.webp,1750,76.75328563765976,6338,74
f9abb972-38d0-4cb5-8e93-d4b02fb0333b,Volkswagen,Polo,Berline,PrivateSeller,3250,b,98027,08-2004,https://prod.pictures.autoscout24.net/listing-images/f9abb972-38d0-4cb5-8e93-d4b02fb0333b_c439bef5-7eeb-4a0c-b0ac-9ba268ce3d23.jpg/250x188.webp,7110,114.70139141445502,6703,134
9b9184b0-6878-46e5-9659-27ff74c2e2a7,Volkswagen,Golf,Berline,Dealer,3290,d,217000,11-2004,https://prod.pictures.autoscout24.net/listing-images/9b9184b0-6878-46e5-9659-27ff74c2e2a7_d0f22200-4cdf-4c7d-99eb-99f458fa5490.jpg/250x188.webp,6536,130.38320847680575,6611,4
eff8ad30-d89c-4215-8560-666e19b86539,Volkswagen,Polo,Berline,PrivateSeller,3300,b,180000,03-2007,https://prod.pictures.autoscout24.net/listing-images/eff8ad30-d89c-4215-8560-666e19b86539_6d35c72b-e26b-4b68-9636-5082b7f628ca.jpg/250x188.webp,1340,89.46401378328262,5761,1
24f198cc-a4c6-4800-8a7a-735fcfd72ff4,Volkswagen,Golf,Berline,PrivateSeller,3300,b,149057,11-1999,https://prod.pictures.autoscout24.net/listing-images/24f198cc-a4c6-4800-8a7a-735fcfd72ff4_7a5aab68-9e7c-4512-8034-b23cad7a1dbe.jpg/250x188.webp,9000,69.99787275902874,8438,3
58697221-0db3-4ea8-a8f7-a68a9a8b5b00,Volkswagen,Golf,Berline,PrivateSeller,3300,d,230000,01-2007,https://prod.pictures.autoscout24.net/listing-images/58697221-0db3-4ea8-a8f7-a68a9a8b5b00_05457be8-1050-44ac-adaf-be181b4f9472.jpg/250x188.webp,4000,118.53949006185148,5820,12
41718539-ca51-4461-a0f0-cf449fb19236,Volkswagen,Golf,Break,PrivateSeller,3300,b,168000,09-2008,https://prod.pictures.autoscout24.net/listing-images/41718539-ca51-4461-a0f0-cf449fb19236_69e7fc0a-dbb8-428a-8213-bade79fb1b42.jpg/250x188.webp,9500,88.55487491294804,5211,32
1f8b0746-e528-4550-aefc-2983ab414f6d,Volkswagen,Golf Variant,Break,Dealer,3300,d,248906,03-2008,https://prod.pictures.autoscout24.net/listing-images/1f8b0746-e528-4550-aefc-2983ab414f6d_fd13bf03-5112-422d-85ee-6f6b1870208b.jpg/250x188.webp,4100,122.70999344916741,5395,42
86870182-3604-469a-b681-722e755fdaae,Volkswagen,Golf Variant,Break,PrivateSeller,3300,d,290000,01-2009,https://prod.pictures.autoscout24.net/listing-images/86870182-3604-469a-b681-722e755fdaae_c8e6cd77-bd54-4409-bf05-dbbe02324d86.jpg/250x188.webp,4052,130.05716999241307,5089,47
4733687b-b78b-4e8b-a3e9-ecfdccab640d,Volkswagen,Polo,Berline,PrivateSeller,3300,d,146496,01-2008,https://prod.pictures.autoscout24.net/listing-images/4733687b-b78b-4e8b-a3e9-ecfdccab640d_ecec4e5a-09cd-45d4-814d-8ea6f657ac2c.jpg/250x188.webp,5000,115.13665852422378,5455,59
ba1bc6dc-b6aa-46f1-be5b-ec3c8cdd8d2e,Volkswagen,Polo,Berline,PrivateSeller,3300,b,150000,04-2009,https://prod.pictures.autoscout24.net/listing-images/ba1bc6dc-b6aa-46f1-be5b-ec3c8cdd8d2e_68269d43-b681-46d2-82e1-ce7ae24b9095.jpg/250x188.webp,1070,71.06367211068877,4999,67
a6b02985-5cd9-4e83-8b2d-9ef2cdb9dc02,Volkswagen,Polo,Stadswagen,Dealer,3300,b,210975,01-2008,https://prod.pictures.autoscout24.net/listing-images/a6b02985-5cd9-4e83-8b2d-9ef2cdb9dc02_6da027b6-b223-43ac-9d24-77a153e2212b.jpg/250x188.webp,2440,49.365434961335374,5455,113
c999f53d-a995-445b-a139-05c7663486e6,Volkswagen,Golf Plus,Berline,PrivateSeller,3300,d,230000,12-2005,https://prod.pictures.autoscout24.net/listing-images/c999f53d-a995-445b-a139-05c7663486e6_de93c6ea-a5e2-46fc-8077-efec1014bb1e.jpg/250x188.webp,1000,69.17270624549755,6216,133
8991767e-5e39-40c7-8c7a-595b7a5cea12,Volkswagen,Golf Variant,Break,Dealer,3333,d,350000,08-2012,https://prod.pictures.autoscout24.net/listing-images/8991767e-5e39-40c7-8c7a-595b7a5cea12_907c5e1f-5b50-4dd9-bdaf-e54330aef76e.jpg/250x188.webp,9040,67.59494645605788,3781,7
600eefc0-04b5-4f84-9b2d-782628bf936c,Volkswagen,Jetta,Berline,Dealer,3333,d,294000,01-2009,https://prod.pictures.autoscout24.net/listing-images/600eefc0-04b5-4f84-9b2d-782628bf936c_3d3debe0-ddd3-4e2f-a824-e90deaff3c6e.jpg/250x188.webp,6044,114.30340847106793,5089,22
5b4e54ba-b804-40ba-9250-4729a6bae2c4,Volkswagen,Polo,Berline,PrivateSeller,3350,b,163000,10-2005,https://prod.pictures.autoscout24.net/listing-images/5b4e54ba-b804-40ba-9250-4729a6bae2c4_c2848673-5abd-4d1e-bb98-f96a1aef94e9.jpg/250x188.webp,1140,66.17447866127165,6277,83
9944dd18-c881-4e92-b9bc-5b45965db40b,Volkswagen,Golf Plus,Monovolume,PrivateSeller,3350,d,260000,03-2007,https://prod.pictures.autoscout24.net/listing-images/9944dd18-c881-4e92-b9bc-5b45965db40b_bc412bd1-e935-4220-bd11-34fb984505ba.jpg/250x188.webp,4130,126.68492984863612,5761,95
be7361be-98b4-4246-b726-e8a29b61a2cd,Volkswagen,up!,Berline,Dealer,3400,b,177000,03-2012,https://prod.pictures.autoscout24.net/listing-images/be7361be-98b4-4246-b726-e8a29b61a2cd_d5b89b53-401f-424d-a1e5-ad006efc7f05.jpg/250x188.webp,6061,117.55452099458994,3934,8
364d14fb-f5e9-4b6e-9f11-57c56602097f,Volkswagen,Polo,Berline,Dealer,3400,d,225654,04-2008,https://prod.pictures.autoscout24.net/listing-images/364d14fb-f5e9-4b6e-9f11-57c56602097f_522cf781-8561-48db-a17d-cb68963e5971.jpg/250x188.webp,4432,111.15678224769336,5364,10
b97bf2f6-8b95-41a4-b231-68ca5d03f454,Volkswagen,Golf,Stadswagen,PrivateSeller,3400,b,119500,12-2003,https://prod.pictures.autoscout24.net/listing-images/b97bf2f6-8b95-41a4-b231-68ca5d03f454_1708010c-efaf-44e1-9aaf-1b62494e92da.jpg/250x188.webp,1050,70.92422613330518,6947,12
d418701c-ecc0-4be2-bd29-e6e24bed91d7,Volkswagen,Golf,Berline,PrivateSeller,3400,d,239230,03-2005,https://prod.pictures.autoscout24.net/listing-images/d418701c-ecc0-4be2-bd29-e6e24bed91d7_faa2876f-8c67-4b07-b7bb-ad56dc038045.jpg/250x188.webp,3630,102.97605198560623,6491,22
23c47d61-00bf-4884-9c1d-a2c456cadd7a,Volkswagen,Polo,Stadswagen,PrivateSeller,3400,b,168400,11-2007,https://prod.pictures.autoscout24.net/listing-images/23c47d61-00bf-4884-9c1d-a2c456cadd7a_04a52015-06d0-4230-a6f0-c82dc9b674e0.jpg/250x188.webp,3471,75.93961478307722,5516,25
67ca1cd5-8570-4460-88f6-d98baeeea326,Volkswagen,Golf Variant,Break,PrivateSeller,3400,d,209000,03-2008,https://prod.pictures.autoscout24.net/listing-images/67ca1cd5-8570-4460-88f6-d98baeeea326_22cdccde-b9ca-4d9c-994c-2cf12e52e136.jpg/250x188.webp,4683,119.22195844881871,5395,46
e275bf3c-f1b5-434d-9014-3258156e5faf,Volkswagen,Polo,Berline,PrivateSeller,3400,b,135600,10-2004,https://prod.pictures.autoscout24.net/listing-images/e275bf3c-f1b5-434d-9014-3258156e5faf_765d0552-0243-42e8-85e7-326590f39079.jpg/250x188.webp,1700,70.90697373704198,6642,74
be7361be-98b4-4246-b726-e8a29b61a2cd,Volkswagen,up!,Berline,Dealer,3400,b,177000,03-2012,https://prod.pictures.autoscout24.net/listing-images/be7361be-98b4-4246-b726-e8a29b61a2cd_d5b89b53-401f-424d-a1e5-ad006efc7f05.jpg/250x188.webp,6061,117.55452099458994,3934,8
364d14fb-f5e9-4b6e-9f11-57c56602097f,Volkswagen,Polo,Berline,Dealer,3400,d,225654,04-2008,https://prod.pictures.autoscout24.net/listing-images/364d14fb-f5e9-4b6e-9f11-57c56602097f_522cf781-8561-48db-a17d-cb68963e5971.jpg/250x188.webp,4432,111.15678224769336,5364,10
b97bf2f6-8b95-41a4-b231-68ca5d03f454,Volkswagen,Golf,Stadswagen,PrivateSeller,3400,b,119500,12-2003,https://prod.pictures.autoscout24.net/listing-images/b97bf2f6-8b95-41a4-b231-68ca5d03f454_1708010c-efaf-44e1-9aaf-1b62494e92da.jpg/250x188.webp,1050,70.92422613330518,6947,12
d418701c-ecc0-4be2-bd29-e6e24bed91d7,Volkswagen,Golf,Berline,PrivateSeller,3400,d,239230,03-2005,https://prod.pictures.autoscout24.net/listing-images/d418701c-ecc0-4be2-bd29-e6e24bed91d7_faa2876f-8c67-4b07-b7bb-ad56dc038045.jpg/250x188.webp,3630,102.97605198560623,6491,22
23c47d61-00bf-4884-9c1d-a2c456cadd7a,Volkswagen,Polo,Stadswagen,PrivateSeller,3400,b,168400,11-2007,https://prod.pictures.autoscout24.net/listing-images/23c47d61-00bf-4884-9c1d-a2c456cadd7a_04a52015-06d0-4230-a6f0-c82dc9b674e0.jpg/250x188.webp,3471,75.93961478307722,5516,25
67ca1cd5-8570-4460-88f6-d98baeeea326,Volkswagen,Golf Variant,Break,PrivateSeller,3400,d,209000,03-2008,https://prod.pictures.autoscout24.net/listing-images/67ca1cd5-8570-4460-88f6-d98baeeea326_22cdccde-b9ca-4d9c-994c-2cf12e52e136.jpg/250x188.webp,4683,119.22195844881871,5395,46
e275bf3c-f1b5-434d-9014-3258156e5faf,Volkswagen,Polo,Berline,PrivateSeller,3400,b,135600,10-2004,https://prod.pictures.autoscout24.net/listing-images/e275bf3c-f1b5-434d-9014-3258156e5faf_765d0552-0243-42e8-85e7-326590f39079.jpg/250x188.webp,1700,70.90697373704198,6642,74
dd8c1c66-0707-47d3-a24f-192cd62ee9a7,Volkswagen,Touran,Monovolume,PrivateSeller,3400,b,196000,04-2003,https://prod.pictures.autoscout24.net/listing-images/dd8c1c66-0707-47d3-a24f-192cd62ee9a7_30aac4b3-ab82-40a8-b9e7-9919d93a7762.jpg/250x188.webp,1030,66.85598932704684,7191,168
a8a911a3-b86b-40cc-bd62-1844b8337a52,Volkswagen,Polo Cross,Andere,Dealer,3400,d,205000,01-2007,https://prod.pictures.autoscout24.net/listing-images/a8a911a3-b86b-40cc-bd62-1844b8337a52_8770227d-2ab9-49d7-969a-0d4d903b4f47.jpg/250x188.webp,1840,54.29299877782283,5820,253
87de7271-d84f-4225-88b7-074dc21d7c12,Volkswagen,Polo,Berline,Dealer,3450,b,165494,11-2005,https://prod.pictures.autoscout24.net/listing-images/87de7271-d84f-4225-88b7-074dc21d7c12_bf444262-88bb-4e61-bf73-970d0f5baeb3.jpg/250x188.webp,6043,111.88562923228113,6246,1
46c607f4-6ec9-446c-b229-eab6fa1fb0d5,Volkswagen,Jetta,Berline,Dealer,3450,d,199000,03-2006,https://prod.pictures.autoscout24.net/listing-images/46c607f4-6ec9-446c-b229-eab6fa1fb0d5_e5ff4459-1402-4609-92ab-48db152e2402.jpg/250x188.webp,5660,157.35260445614983,6126,2
d96ea252-9115-4602-9254-73b6a127f2ff,Volkswagen,Golf,Berline,Dealer,3450,d,214000,05-2010,https://prod.pictures.autoscout24.net/listing-images/d96ea252-9115-4602-9254-73b6a127f2ff_8a6f5f24-d783-4252-b5b5-9e3f410e9e5f.jpg/250x188.webp,1400,97.35176357549375,4604,3
358c85d4-bc66-4d5b-9a7d-48fd6e34d131,Volkswagen,Polo,Berline,Dealer,3450,b,125000,11-2004,https://prod.pictures.autoscout24.net/listing-images/358c85d4-bc66-4d5b-9a7d-48fd6e34d131_b3f77fef-564d-41e9-993e-d4e8f12d68fd.jpg/250x188.webp,1731,64.67551938133373,6611,15
906713ca-7a29-493b-97f3-8dd4815a9fc3,Volkswagen,Golf Variant,Break,Dealer,3450,d,205000,11-2010,https://prod.pictures.autoscout24.net/listing-images/906713ca-7a29-493b-97f3-8dd4815a9fc3_2a265b8f-ca6c-4b40-bdba-c01dd9c98d61.jpg/250x188.webp,5140,104.85389989976589,4420,16
bfde7f54-c08b-496b-9592-877bf29bbb18,Volkswagen,Fox,Berline,Dealer,3450,b,162811,03-2010,https://prod.pictures.autoscout24.net/listing-images/bfde7f54-c08b-496b-9592-877bf29bbb18_ad560ed2-e244-4df9-a3ae-3f98abddcba0.jpg/250x188.webp,6043,111.88562923228113,4665,65
2afc1f0b-e353-4434-9ad0-8434db5222cf,Volkswagen,Polo,Stadswagen,PrivateSeller,3450,d,256000,06-2011,https://prod.pictures.autoscout24.net/listing-images/2afc1f0b-e353-4434-9ad0-8434db5222cf_435a87df-f090-4596-92fe-c9af772ba7d9.jpg/250x188.webp,3202,62.33429455663499,4208,99
bb1d8e78-e718-42c1-8c4d-2d18c2012b7e,Volkswagen,Golf,Berline,PrivateSeller,3490,b,158000,02-2004,https://prod.pictures.autoscout24.net/listing-images/bb1d8e78-e718-42c1-8c4d-2d18c2012b7e_771b1ea7-8c18-4c5a-95ad-c3f965ede6f0.jpg/250x188.webp,3640,93.71016005030347,6885,9
289d42eb-a400-499b-ae46-a488dbfc3b37,Volkswagen,Polo,Berline,PrivateSeller,3490,b,131000,04-2006,https://prod.pictures.autoscout24.net/listing-images/289d42eb-a400-499b-ae46-a488dbfc3b37_deca1e97-bb84-4c59-9f04-cf2c9c157cef.jpg/250x188.webp,4000,118.53949006185148,6095,10
bfacc7fe-4a24-4a16-9ed0-17a2c975ff61,Volkswagen,Golf,Berline,Dealer,3499,b,208739,09-2009,https://prod.pictures.autoscout24.net/listing-images/bfacc7fe-4a24-4a16-9ed0-17a2c975ff61_66c86168-3839-4cfa-b3d7-77c0c502a2ad.jpg/250x188.webp,6060,116.023023143389,4846,0
2fc7d00a-b0eb-459d-96d8-abdd19835a7b,Volkswagen,Polo,Berline,PrivateSeller,3499,b,148000,11-2006,https://prod.pictures.autoscout24.net/listing-images/2fc7d00a-b0eb-459d-96d8-abdd19835a7b_03261af0-abf1-427a-96e2-e393e1294b67.jpg/250x188.webp,8000,90.37195651627515,5881,10
ea0d9aa9-9f41-400c-bbe7-895cc969900a,Volkswagen,Golf,Andere,Dealer,3500,d,176000,12-1986,https://prod.pictures.autoscout24.net/listing-images/ea0d9aa9-9f41-400c-bbe7-895cc969900a_e28257ad-3e2b-4c9e-8615-4dcc5ac5f034.jpg/250x188.webp,4102,122.20973776491603,13156,1
3156df71-f089-41ad-b873-8ccc28bc979b,Volkswagen,Golf,Berline,Dealer,3500,d,192000,10-2008,https://prod.pictures.autoscout24.net/listing-images/3156df71-f089-41ad-b873-8ccc28bc979b_786a23bf-fa9b-4dca-a378-5e8c4de4ce6f.jpg/250x188.webp,1030,66.85598932704684,5181,2
d83f271f-9c63-4717-9498-1d3ef00d9c98,Volkswagen,Touran,Break,Dealer,3500,d,218000,10-2006,https://prod.pictures.autoscout24.net/listing-images/d83f271f-9c63-4717-9498-1d3ef00d9c98_ac02722b-94c4-441c-9e5c-844eb035e48e.jpg/250x188.webp,9160,52.83263590517851,5912,5
b7fa0bec-7a00-4b83-ac19-c2c7f571e3cc,Volkswagen,Golf,Berline,PrivateSeller,3500,b,130000,01-2000,https://prod.pictures.autoscout24.net/listing-images/b7fa0bec-7a00-4b83-ac19-c2c7f571e3cc_3e86a3d8-2fbb-400c-9947-79dd49aa1282.jpg/250x188.webp,1700,70.90697373704198,8377,8
8c1931a3-9cff-4695-b02f-4915bcd7e35d,Volkswagen,Golf,Berline,PrivateSeller,3500,b,196000,03-2006,https://prod.pictures.autoscout24.net/listing-images/8c1931a3-9cff-4695-b02f-4915bcd7e35d_26cca34a-df94-4a97-893f-b34a95d241ad.jpg/250x188.webp,1050,70.92422613330518,6126,8
d0e0f5f8-3e78-4c1e-ad64-efed7ae16466,Volkswagen,,Bestelwagen,PrivateSeller,3500,d,130000,04-2009,https://prod.pictures.autoscout24.net/listing-images/d0e0f5f8-3e78-4c1e-ad64-efed7ae16466_dfa33287-db49-4617-96f3-af19cf038162.jpg/250x188.webp,7321,123.09708337882562,4999,9
13ff78e5-52c1-4ff7-a55e-60861458b2b0,Volkswagen,Polo,Berline,PrivateSeller,3500,d,195000,11-2007,https://prod.pictures.autoscout24.net/listing-images/13ff78e5-52c1-4ff7-a55e-60861458b2b0_93fd6e3f-0373-4aa9-ad57-cfa8364f561c.jpg/250x188.webp,6900,152.64983349574425,5516,10
823fdfe0-78a9-4209-afe7-1b36286b56cf,Volkswagen,Caddy,Bestelwagen,PrivateSeller,3500,d,196884,09-2004,https://prod.pictures.autoscout24.net/listing-images/823fdfe0-78a9-4209-afe7-1b36286b56cf_c806caa1-8e7c-4186-b866-ea4bbcd426bf.jpg/250x188.webp,3540,76.60412810401502,6672,13
f6845919-7dbe-4ae3-88d1-7a9bc3e514fe,Volkswagen,Polo,Stadswagen,PrivateSeller,3500,b,133878,01-2002,https://prod.pictures.autoscout24.net/listing-images/f6845919-7dbe-4ae3-88d1-7a9bc3e514fe_6f5072f6-1177-4f2b-bfee-f4eef708bbea.jpg/250x188.webp,1082,68.04437182438213,7646,14
d13136b6-ef6f-4e3a-a9fb-58dc55fd9ed4,Volkswagen,T5 Multivan,Bestelwagen,PrivateSeller,3500,d,300000,05-2004,https://prod.pictures.autoscout24.net/listing-images/d13136b6-ef6f-4e3a-a9fb-58dc55fd9ed4_a2e82426-137f-4ab3-9958-c5d5ec224fe0.jpg/250x188.webp,1490,93.00820810919008,6795,15
b5064516-bb14-43b6-b537-b351bf62da6e,Volkswagen,Polo,Berline,Dealer,3500,d,225000,01-2009,https://prod.pictures.autoscout24.net/listing-images/b5064516-bb14-43b6-b537-b351bf62da6e_a0ba653f-8c95-4a33-985e-b62abfb7f7f6.jpg/250x188.webp,6700,222.44484417522085,5089,15
3d1d4daf-0cb6-44d5-b87c-48eaf0d58f83,Volkswagen,Polo,Berline,Dealer,3500,b,215000,01-2009,https://prod.pictures.autoscout24.net/listing-images/3d1d4daf-0cb6-44d5-b87c-48eaf0d58f83_d9de6904-6ae9-4322-9ed9-011490e01a0e.jpg/250x188.webp,6700,222.44484417522085,5089,15
812ac872-e8bd-40f6-af8a-53b58b5fd206,Volkswagen,Polo,Berline,PrivateSeller,3500,b,183575,07-2009,https://prod.pictures.autoscout24.net/listing-images/812ac872-e8bd-40f6-af8a-53b58b5fd206_db759446-e43b-4b55-ac16-1adf9abe429e.jpg/250x188.webp,3390,65.1287178318769,4908,17
a0f5e87a-037e-4bc3-8782-c369c7614e62,Volkswagen,Passat Variant,Break,PrivateSeller,3500,b,238000,05-2006,https://prod.pictures.autoscout24.net/listing-images/a0f5e87a-037e-4bc3-8782-c369c7614e62_dbebdf62-db74-4ef5-966a-28b0109165ef.jpg/250x188.webp,3000,67.38410339411878,6065,17
b950c0ae-514a-4192-9f92-476245609427,Volkswagen,Bora,Berline,PrivateSeller,3500,b,67000,04-2004,https://prod.pictures.autoscout24.net/listing-images/b950c0ae-514a-4192-9f92-476245609427_a44df08f-1c18-45a4-9193-302b7c1afacc.jpg/250x188.webp,9000,69.99787275902874,6825,20
ab935f22-c4fe-4cf1-bf4b-49b750510a93,Volkswagen,Golf Cabriolet,Cabriolet,PrivateSeller,3500,b,142000,02-2000,https://prod.pictures.autoscout24.net/listing-images/ab935f22-c4fe-4cf1-bf4b-49b750510a93_cf1e98e9-a796-4f8a-9fba-a3ccae3485af.jpg/250x188.webp,9151,,8346,23
2df216ff-b15d-4144-bba0-7bfb45a9e30f,Volkswagen,Golf,Andere,PrivateSeller,3500,b,71000,11-1990,https://prod.pictures.autoscout24.net/listing-images/2df216ff-b15d-4144-bba0-7bfb45a9e30f_84b7608a-3c13-4ab5-88a2-3104f68f7be8.jpg/250x188.webp,6182,113.6696308986876,11725,24
aac596c1-bcf3-4a4d-bd4e-8117c60a6580,Volkswagen,Bora,Berline,PrivateSeller,3500,b,150000,04-2004,https://prod.pictures.autoscout24.net/listing-images/aac596c1-bcf3-4a4d-bd4e-8117c60a6580_122a5ccc-78d3-4bf9-a290-c9da47fdb385.jpg/250x188.webp,1000,69.17270624549755,6825,27
fe6bd127-9d6e-459b-943b-1868a5537d65,Volkswagen,Polo,Berline,PrivateSeller,3500,b,102000,04-2005,https://prod.pictures.autoscout24.net/listing-images/fe6bd127-9d6e-459b-943b-1868a5537d65_0e320fc3-15ea-458d-8192-5d7c824d10c0.jpg/250x188.webp,1082,68.04437182438213,6460,25
243d32fa-13bb-4a74-9401-dc87a2380379,Volkswagen,Golf,Berline,PrivateSeller,3500,b,189500,11-2005,https://prod.pictures.autoscout24.net/listing-images/243d32fa-13bb-4a74-9401-dc87a2380379_125e1fb1-fda9-4d72-9556-59279a18e37b.jpg/250x188.webp,7090,96.30849119801513,6246,27
db80ed73-cf43-449c-8ef6-6b840ea6927d,Volkswagen,T5,Bestelwagen,PrivateSeller,3500,d,187295,06-2007,https://prod.pictures.autoscout24.net/listing-images/db80ed73-cf43-449c-8ef6-6b840ea6927d_6714f025-ae0e-4550-8fe9-7f0f0d2eacdd.jpg/250x188.webp,1325,85.97978805911903,5669,31
642e1b22-99fe-4c5e-bcd3-79273f000cf9,Volkswagen,Touareg,SUV/4x4/Pick-up,Dealer,3500,d,239000,04-2006,https://prod.pictures.autoscout24.net/listing-images/642e1b22-99fe-4c5e-bcd3-79273f000cf9_e0332ac9-7e5a-43bc-b5c3-b30d89e8d20c.jpg/250x188.webp,5140,104.85389989976589,6095,31
dea01d0c-892a-4227-90b9-fc6f2ff57cf1,Volkswagen,T4,Bestelwagen,PrivateSeller,3500,d,216000,05-2003,https://prod.pictures.autoscout24.net/listing-images/dea01d0c-892a-4227-90b9-fc6f2ff57cf1_7c4d50b4-a061-4b8e-bebd-bf7a1061807f.jpg/250x188.webp,6690,163.93426433345658,7161,36
f77b973d-e390-472f-b6fd-6811b5b9505c,Volkswagen,Polo,Berline,PrivateSeller,3500,b,142000,10-2008,https://prod.pictures.autoscout24.net/listing-images/f77b973d-e390-472f-b6fd-6811b5b9505c_a03b94f3-82eb-47c1-89ca-27e79737b72d.jpg/250x188.webp,1080,69.57979227671277,5181,43
b4fe9856-45b1-4ab3-99cf-e91a21418c45,Volkswagen,Corrado,Coupé,PrivateSeller,3500,b,253000,10-1990,https://prod.pictures.autoscout24.net/listing-images/b4fe9856-45b1-4ab3-99cf-e91a21418c45_18950a1e-d63b-4493-be6d-c0648c52cb8c.jpg/250x188.webp,1570,85.8593481641288,11756,50
f161048d-f66a-41db-b8b7-238bcd2afbfa,Volkswagen,Golf Plus,Monovolume,PrivateSeller,3500,d,238017,10-2007,https://prod.pictures.autoscout24.net/listing-images/f161048d-f66a-41db-b8b7-238bcd2afbfa_f77eed64-d21a-4946-aa2f-226bc0070155.jpg/250x188.webp,1950,67.41758827634925,5547,56
6a940789-a9a0-48e3-9bbd-2435661c17be,Volkswagen,Golf,Andere,PrivateSeller,3500,d,284499,01-2005,https://prod.pictures.autoscout24.net/listing-images/6a940789-a9a0-48e3-9bbd-2435661c17be_7ec1a9c6-4b26-46e4-9068-f508aa39590e.jpg/250x188.webp,2260,51.722105508235536,6550,64
4707131f-0477-4bb1-94d2-a0b7fe468f14,Volkswagen,Polo,Stadswagen,PrivateSeller,3500,d,250000,12-2012,https://prod.pictures.autoscout24.net/listing-images/4707131f-0477-4bb1-94d2-a0b7fe468f14_e7a4b71a-707e-43ac-a378-14a0bec72aca.jpg/250x188.webp,2370,45.54937195187618,3659,70
2e7b2f45-a6ed-4ffc-b4a9-69990624cf41,Volkswagen,Polo,Stadswagen,PrivateSeller,3500,b,141,05-1991,https://prod.pictures.autoscout24.net/listing-images/2e7b2f45-a6ed-4ffc-b4a9-69990624cf41_4c49a7ad-d5fa-440c-a214-621a122acaef.jpg/250x188.webp,7340,126.38155252550393,11544,67
2e307ada-2400-47a1-8a45-444da2181c9c,Volkswagen,Golf,Berline,PrivateSeller,3500,b,103000,01-1990,https://prod.pictures.autoscout24.net/listing-images/2e307ada-2400-47a1-8a45-444da2181c9c_4935ec81-7051-4768-bcef-f1b3e2b7e42e.jpg/250x188.webp,3020,64.4845066062384,12029,80
827ff578-c848-4290-8d20-6b0a05a18137,Volkswagen,Polo,Break,PrivateSeller,3500,d,252000,01-2010,https://prod.pictures.autoscout24.net/listing-images/827ff578-c848-4290-8d20-6b0a05a18137_95754422-bdfe-44a0-9b11-6642cb284666.jpg/250x188.webp,7330,122.18539886887184,4724,87
13bdb2d9-0791-48c7-844e-b60503896b03,Volkswagen,Golf Cabriolet,Cabriolet,PrivateSeller,3500,b,142000,06-2000,https://prod.pictures.autoscout24.net/listing-images/13bdb2d9-0791-48c7-844e-b60503896b03_1cb64d9f-fd74-4fdc-808d-69e4a40191e2.jpg/250x188.webp,9151,,8225,96
451d681a-cddd-40b7-9c48-5f747e3c1897,Volkswagen,Golf,Berline,PrivateSeller,3500,d,170000,07-2002,https://prod.pictures.autoscout24.net/listing-images/451d681a-cddd-40b7-9c48-5f747e3c1897_9b66fcf6-d65c-4118-86b0-9cc873fdd8e5.jpg/250x188.webp,7080,124.84754400917438,7465,113
1b9500e3-8b9f-44ee-a45a-4b2af0c0801e,Volkswagen,Passat,Berline,PrivateSeller,3500,d,137000,04-2000,https://prod.pictures.autoscout24.net/listing-images/1b9500e3-8b9f-44ee-a45a-4b2af0c0801e_bba40d73-47fe-4f55-b90b-289d8402a6cf.jpg/250x188.webp,9600,100.62421555744224,8286,133
6581704b-cb79-4301-aaf9-1bf8400dfdbd,Volkswagen,New Beetle,Cabriolet,Dealer,3500,d,176500,01-2006,https://prod.pictures.autoscout24.net/listing-images/6581704b-cb79-4301-aaf9-1bf8400dfdbd_242101cd-6301-4fa6-b5db-3fa894fb70c1.jpg/250x188.webp,3550,75.75580829789837,6185,139
37182e37-80a0-4f1f-9f49-d6db78ebc0a5,Volkswagen,Fox,Berline,PrivateSeller,3500,b,90000,07-2007,https://prod.pictures.autoscout24.net/listing-images/37182e37-80a0-4f1f-9f49-d6db78ebc0a5_54034b4b-2ecf-4925-81e1-8bcee3a7f54f.jpg/250x188.webp,9050,69.04356445356942,5639,140
21c21ebf-62fd-4f77-89e7-04370fcc7ad9,Volkswagen,Fox,Berline,PrivateSeller,3500,b,90000,07-2007,https://prod.pictures.autoscout24.net/listing-images/21c21ebf-62fd-4f77-89e7-04370fcc7ad9_10ee7637-b4bd-4d66-aef6-fcfc7425786c.jpg/250x188.webp,9050,69.04356445356942,5639,140
93b8b9d3-b0cc-42b7-bf86-35c2415cd5d1,Volkswagen,Golf,Berline,PrivateSeller,3500,b,233000,07-1989,https://prod.pictures.autoscout24.net/listing-images/93b8b9d3-b0cc-42b7-bf86-35c2415cd5d1_78c4c5fc-6072-4982-9338-6d6af68e2b8a.jpg/250x188.webp,8820,105.17632863208843,12213,147
85013e95-4c53-46b5-9440-8e1cac5d963f,Volkswagen,Golf Plus,Monovolume,PrivateSeller,3500,d,181000,04-2005,https://prod.pictures.autoscout24.net/listing-images/85013e95-4c53-46b5-9440-8e1cac5d963f_0149f71c-8a08-4f48-abe2-be5aaac039a0.jpg/250x188.webp,2370,45.54937195187618,6460,155
c50c8778-ae84-430c-bc7d-296477103852,Volkswagen,Golf GTI,Berline,PrivateSeller,3500,b,95000,07-1992,https://prod.pictures.autoscout24.net/listing-images/c50c8778-ae84-430c-bc7d-296477103852_28927c0c-8625-4aae-b08f-c3fcc16c62d1.jpg/250x188.webp,9300,66.4098627619792,11117,157
8016d01e-44ed-49e2-acc2-3e2fa3df9881,Volkswagen,Golf,Berline,PrivateSeller,3500,d,287000,01-2009,https://prod.pictures.autoscout24.net/listing-images/8016d01e-44ed-49e2-acc2-3e2fa3df9881_61f272f5-1965-4ab2-82e2-99badfef5702.jpg/250x188.webp,9160,52.83263590517851,5089,158
2dd619d1-7cfa-4b2e-a496-aa586587013e,Volkswagen,Golf GTI,Andere,PrivateSeller,3500,b,123456,06-1987,https://prod.pictures.autoscout24.net/listing-images/2dd619d1-7cfa-4b2e-a496-aa586587013e_122e82e9-d9b9-43ef-aa31-5f755a8827b2.jpg/250x188.webp,1020,66.36225311284039,12974,163
2fb8bd60-0500-4d32-92bf-fd6888be7c3c,Volkswagen,Polo,Berline,PrivateSeller,3500,b,175900,12-2008,https://prod.pictures.autoscout24.net/listing-images/2fb8bd60-0500-4d32-92bf-fd6888be7c3c_45409d2a-e9f1-46da-8c73-cdee1cebf847.jpg/250x188.webp,9000,69.99787275902874,5120,164
73226a36-6032-4786-981d-3940fbac3763,Volkswagen,Polo,Coupé,PrivateSeller,3500,b,114986,10-2006,https://prod.pictures.autoscout24.net/listing-images/73226a36-6032-4786-981d-3940fbac3763_9bd7ce16-dc3e-4ed7-83f3-9fec349e36fb.jpg/250x188.webp,6180,111.8460773215552,5912,169
5e4533f2-6e61-45ea-af4e-335ba871fad9,Volkswagen,Polo,Berline,PrivateSeller,3500,d,252300,06-2006,https://prod.pictures.autoscout24.net/listing-images/5e4533f2-6e61-45ea-af4e-335ba871fad9_ebdf88cd-28f3-41bd-a95d-c0e17082c5fd.jpg/250x188.webp,7134,116.23444273110738,6034,172
05423365-8c9a-448f-8522-7b4a564e024d,Volkswagen,T3,Berline,PrivateSeller,3500,b,100000,01-1964,https://prod.pictures.autoscout24.net/listing-images/05423365-8c9a-448f-8522-7b4a564e024d_763cf557-bca4-414b-94bf-974ad247bce0.jpg/250x188.webp,6010,119.70351809317113,21526,177
9a661fc4-39d8-4c63-9417-b5f7ce57f30d,Volkswagen,Polo,Berline,Dealer,3590,b,165844,11-2006,https://prod.pictures.autoscout24.net/listing-images/9a661fc4-39d8-4c63-9417-b5f7ce57f30d_a2d01314-8085-4859-bf11-0e14567ba527.jpg/250x188.webp,7860,95.07423547129062,5881,6
7d2c1a5b-70f9-410d-9422-ea7e81f55c29,Volkswagen,Polo,Berline,Dealer,3599,b,108000,10-2003,https://prod.pictures.autoscout24.net/listing-images/7d2c1a5b-70f9-410d-9422-ea7e81f55c29_0cb8c2a5-20ae-456c-be21-4b6c15532a80.jpg/250x188.webp,1910,61.06717284299515,7008,9
ac980d43-07c3-48cb-8310-f0c3e6102935,Volkswagen,Polo,Berline,Dealer,3600,d,145000,12-2010,https://prod.pictures.autoscout24.net/listing-images/ac980d43-07c3-48cb-8310-f0c3e6102935_b9b8799c-dc7c-467e-b29f-b53dc11de257.jpg/250x188.webp,1703,72.53884447632319,4390,3
e4c981bc-ae19-4a9d-b713-133207ec0f7b,Volkswagen,Polo,Berline,PrivateSeller,3600,b,157950,10-2006,https://prod.pictures.autoscout24.net/listing-images/e4c981bc-ae19-4a9d-b713-133207ec0f7b_00ea5cb1-2731-4e67-889c-db8226cb1dc3.jpg/250x188.webp,3080,71.81912493945508,5912,5
9c231bcc-8dfb-4a7b-ba42-440e458d2701,Volkswagen,Jetta,Berline,PrivateSeller,3600,d,230000,09-2007,https://prod.pictures.autoscout24.net/listing-images/9c231bcc-8dfb-4a7b-ba42-440e458d2701_da0c0ecf-f2c3-4ac4-bf43-d1a06ac77765.jpg/250x188.webp,5150,116.32900442102313,5577,13
c172d23e-2fd3-465e-bd84-cea32b3acea4,Volkswagen,LT,Bestelwagen,Dealer,3600,d,270000,02-2006,https://prod.pictures.autoscout24.net/listing-images/c172d23e-2fd3-465e-bd84-cea32b3acea4_9a2f7ae9-3abb-4973-adf8-4a5d55d953f5.jpg/250x188.webp,1600,78.61296004280759,6154,28
2c3c6e05-1fee-456f-a2be-294e375ccaeb,Volkswagen,Polo,Berline,PrivateSeller,3600,b,130000,09-2003,https://prod.pictures.autoscout24.net/listing-images/2c3c6e05-1fee-456f-a2be-294e375ccaeb_af8da646-97bb-4cf5-a571-327c958f27a1.jpg/250x188.webp,1080,69.57979227671277,7038,77
88c3f6b1-0d99-423c-b6f0-f27899648106,Volkswagen,Sharan,Monovolume,PrivateSeller,3600,d,166000,04-2004,https://prod.pictures.autoscout24.net/listing-images/88c3f6b1-0d99-423c-b6f0-f27899648106_3dde73f9-8c5a-45c3-a121-8e4b78eda348.jpg/250x188.webp,1300,83.88957347991013,6825,182
9480184c-add3-45f3-b05e-a12a34287406,Volkswagen,Polo,Berline,PrivateSeller,3650,d,175000,01-2009,https://prod.pictures.autoscout24.net/listing-images/9480184c-add3-45f3-b05e-a12a34287406_5e70066d-cbd1-4064-88c7-aa09acd876a6.jpg/250x188.webp,5660,157.35260445614983,5089,24
344852ab-6d57-45cd-8a3e-995726f3c5fb,Volkswagen,Polo,Berline,Dealer,3650,d,132811,11-2006,https://prod.pictures.autoscout24.net/listing-images/344852ab-6d57-45cd-8a3e-995726f3c5fb_3265896b-aad4-4054-a421-ff70ca16e565.jpg/250x188.webp,1745,59.24245705155604,5881,33
5f098d18-5beb-47a9-83f4-c07c508b9b3b,Volkswagen,Golf,Berline,PrivateSeller,3650,d,275000,05-2005,https://prod.pictures.autoscout24.net/listing-images/5f098d18-5beb-47a9-83f4-c07c508b9b3b_1dd7b272-f790-4ecd-a5be-1a8c4a581a85.jpg/250x188.webp,3600,91.05707630102727,6430,169
8f4fead9-97ad-474f-9795-56ef5f293cff,Volkswagen,Transporter,Bestelwagen,Dealer,3700,d,275000,05-2011,https://prod.pictures.autoscout24.net/listing-images/8f4fead9-97ad-474f-9795-56ef5f293cff_f7a24975-3dad-42aa-8c80-31cb8666ac58.jpg/250x188.webp,1840,54.29299877782283,4239,1
89193378-894d-4041-8422-b2a78e496fc4,Volkswagen,Golf,Berline,Dealer,3700,b,91791,03-2002,https://prod.pictures.autoscout24.net/listing-images/89193378-894d-4041-8422-b2a78e496fc4_8e4237f1-651e-4607-963f-dd24560eed48.jpg/250x188.webp,7181,101.15007060265597,7587,6
ef5ca7b9-da63-4f6c-9901-0d9b9f41d710,Volkswagen,Polo,Berline,Dealer,3700,b,170000,12-2006,https://prod.pictures.autoscout24.net/listing-images/ef5ca7b9-da63-4f6c-9901-0d9b9f41d710_5dd355d1-789b-448a-a2a9-02e933c06808.jpg/250x188.webp,1600,78.61296004280759,5851,12
3db77aa1-4e6b-496f-b042-97745ee56409,Volkswagen,Golf,Berline,PrivateSeller,3700,b,85000,11-1998,https://prod.pictures.autoscout24.net/listing-images/3db77aa1-4e6b-496f-b042-97745ee56409_6ed12e60-83f2-4ce8-b72a-0b9021c74f41.jpg/250x188.webp,6000,117.49014599385939,8803,19
06c96a04-47c6-4739-8551-f0d7d2f41e71,Volkswagen,Golf Cabriolet,Cabriolet,PrivateSeller,3700,b,185000,06-1994,https://prod.pictures.autoscout24.net/listing-images/06c96a04-47c6-4739-8551-f0d7d2f41e71_2ddefbec-bb17-4e46-8a0a-7224d1da9797.jpg/250x188.webp,3971,66.20545894985422,10417,93
60e2d991-6f0a-4a24-8013-1589d094fb9a,Volkswagen,Golf,Berline,PrivateSeller,3700,d,180000,04-2009,https://prod.pictures.autoscout24.net/listing-images/60e2d991-6f0a-4a24-8013-1589d094fb9a_9e252433-a8e8-4182-9b2c-4aaf8a09839a.jpg/250x188.webp,7320,124.4612856225343,4999,395
9409613d-f7ca-47c9-a1e4-9612f2405285,Volkswagen,Polo,Stadswagen,PrivateSeller,3750,b,93000,03-1983,https://prod.pictures.autoscout24.net/listing-images/9409613d-f7ca-47c9-a1e4-9612f2405285_4edb0153-42d5-4007-a1a9-86f4cdc7a6d3.jpg/250x188.webp,9961,57.11107995106787,14527,7
bd4e32ec-a174-4501-a9ab-b2ebb89d4b04,Volkswagen,Golf Variant,Break,Dealer,3750,d,194000,01-2009,https://prod.pictures.autoscout24.net/listing-images/bd4e32ec-a174-4501-a9ab-b2ebb89d4b04_47a14321-4949-4362-8f69-4a27fd80691e.jpg/250x188.webp,9160,52.83263590517851,5089,7
fc5b6795-874a-4b61-a7ac-b00f86389f1e,Volkswagen,Passat,Berline,PrivateSeller,3750,d,169000,11-2002,https://prod.pictures.autoscout24.net/listing-images/fc5b6795-874a-4b61-a7ac-b00f86389f1e_5529a74e-28c0-4324-92cf-bb8e7148f7e6.jpg/250x188.webp,7740,115.76270299167366,7342,15
b29bc8e5-baef-47ae-a5d2-a15faa9355c3,Volkswagen,Golf,Berline,PrivateSeller,3750,b,130500,07-2001,https://prod.pictures.autoscout24.net/listing-images/b29bc8e5-baef-47ae-a5d2-a15faa9355c3_7e6e12b5-673a-44b9-973e-ab90e90f6a2c.jpg/250x188.webp,2960,17.223668147311386,7830,21
02bd2252-f076-4e2a-9821-d4cb20321836,Volkswagen,Polo,Berline,Dealer,3750,d,114000,02-2004,https://prod.pictures.autoscout24.net/listing-images/02bd2252-f076-4e2a-9821-d4cb20321836_fed13296-a24f-4719-9ac9-5de50bec811b.jpg/250x188.webp,1070,71.06367211068877,6885,28
16a9f55d-6350-4eec-ac28-f39ba2c92a88,Volkswagen,Golf,Berline,Dealer,3750,d,263300,09-2010,https://prod.pictures.autoscout24.net/listing-images/16a9f55d-6350-4eec-ac28-f39ba2c92a88_20b3a1b5-f68d-4fdc-b097-00f97c61b15f.jpg/250x188.webp,6031,117.04479587125066,4481,29
a39cead1-82cd-468d-beaf-d22e018e9b1c,Volkswagen,Polo,Berline,PrivateSeller,3750,d,160000,01-2009,https://prod.pictures.autoscout24.net/listing-images/a39cead1-82cd-468d-beaf-d22e018e9b1c_025be2bb-0791-495e-8f76-18744fb0b9d3.jpg/250x188.webp,1501,82.90304180080648,5089,33
25d790d0-8282-4699-8083-b3b191f6e76b,Volkswagen,Polo,Berline,Dealer,3750,b,182384,04-2006,https://prod.pictures.autoscout24.net/listing-images/25d790d0-8282-4699-8083-b3b191f6e76b_28aa95b6-cb28-48ae-91ca-b894e7d4f3a6.jpg/250x188.webp,7033,120.92234590410432,6095,36
e03b2d18-a40f-4c5e-aa37-d1a9aa6ac100,Volkswagen,Polo,Berline,Dealer,3750,b,171000,06-2008,https://prod.pictures.autoscout24.net/listing-images/e03b2d18-a40f-4c5e-aa37-d1a9aa6ac100_062bdac3-fd45-4729-91b5-bf8b69811133.jpg/250x188.webp,1700,70.90697373704198,5303,43
b2732e5e-320f-4268-9dc0-d7b8f084cc27,Volkswagen,Golf,Berline,PrivateSeller,3750,b,130000,06-2005,https://prod.pictures.autoscout24.net/listing-images/b2732e5e-320f-4268-9dc0-d7b8f084cc27_d0dce901-4a32-4f6d-9638-9978e5b46181.jpg/250x188.webp,2060,27.94913546724415,6399,43
f02b994e-bafb-49d0-b53c-6de6a87648ef,Volkswagen,Polo,Berline,PrivateSeller,3750,b,142000,10-2003,https://prod.pictures.autoscout24.net/listing-images/f02b994e-bafb-49d0-b53c-6de6a87648ef_631f5c54-c638-4cee-8e71-2c07435c66b9.jpg/250x188.webp,1083,67.26476839570763,7008,60
704ce99f-5874-4b57-898d-09f8d7ad2eb6,Volkswagen,Golf Variant,Break,Dealer,3750,d,230000,01-2010,https://prod.pictures.autoscout24.net/listing-images/704ce99f-5874-4b57-898d-09f8d7ad2eb6_025ce17b-1f1e-4957-a893-0abb13b8d913.jpg/250x188.webp,1730,61.98157406185932,4724,63
c697b238-a237-4466-b289-60e1924c27f6,Volkswagen,Polo,Berline,PrivateSeller,3750,b,178282,04-2007,https://prod.pictures.autoscout24.net/listing-images/c697b238-a237-4466-b289-60e1924c27f6_f211eacd-390c-4435-87ec-ac5d1c753bb1.jpg/250x188.webp,7100,111.04432979756132,5730,87
b37ac0e7-53a0-49c1-8566-33ddd1d68684,Volkswagen,Golf,Berline,Dealer,3750,d,221000,07-2006,https://prod.pictures.autoscout24.net/listing-images/b37ac0e7-53a0-49c1-8566-33ddd1d68684_e2e774b7-87a5-44fe-899a-506f7f69d7b2.jpg/250x188.webp,1930,65.18883147641638,6004,101
3efa09bb-bc28-41df-8764-823790fc48f1,Volkswagen,Touran,Monovolume,Dealer,3750,d,127986,04-2010,https://prod.pictures.autoscout24.net/listing-images/3efa09bb-bc28-41df-8764-823790fc48f1_d36e9f85-ec65-4027-82d9-f4df05e9efe4.jpg/250x188.webp,6970,169.87153563896285,4634,253
9b04db32-4ac7-4008-9250-2e16b4a63af0,Volkswagen,Fox,Berline,Dealer,3750,b,105700,07-2010,https://prod.pictures.autoscout24.net/listing-images/9b04db32-4ac7-4008-9250-2e16b4a63af0_145fd5bd-2e93-475e-862b-0012e41f594a.jpg/250x188.webp,1780,63.273818071645216,4543,495
d4d96f25-6e32-4e01-b53a-d7a5d6db3351,Volkswagen,Caddy,SUV/4x4/Pick-up,PrivateSeller,3795,d,230000,10-2005,https://prod.pictures.autoscout24.net/listing-images/d4d96f25-6e32-4e01-b53a-d7a5d6db3351_49be8dfd-1b56-4a63-bcca-857d7366bcc9.jpg/250x188.webp,4141,135.46594998312193,6277,3
f07ed8dd-cfb5-462d-9529-db4436e9c9f0,Volkswagen,Polo,Berline,Dealer,3800,b,130119,11-2007,https://prod.pictures.autoscout24.net/listing-images/f07ed8dd-cfb5-462d-9529-db4436e9c9f0_453cc5eb-42b9-4cef-a0f5-139a627b8737.jpg/250x188.webp,2830,45.04397020411872,5516,1
e4667563-91b0-4d43-94b5-163ade3ddc90,Volkswagen,Polo,Berline,Dealer,3800,b,156000,11-2008,https://prod.pictures.autoscout24.net/listing-images/e4667563-91b0-4d43-94b5-163ade3ddc90_3c128cb0-ebff-4d32-b73d-0997657f053f.jpg/250x188.webp,1600,78.61296004280759,5150,7
b0422a51-8fa9-46db-a6a0-0efffdb83a6d,Volkswagen,New Beetle,Cabriolet,Dealer,3800,d,236000,10-2006,https://prod.pictures.autoscout24.net/listing-images/b0422a51-8fa9-46db-a6a0-0efffdb83a6d_2c7ffe22-d520-4ad9-b29c-1a005d418f7a.jpg/250x188.webp,1601,76.3100421089918,5912,8
0fb11ab9-d40c-4be4-9b1b-1746668a122a,Volkswagen,Lupo,Berline,PrivateSeller,3800,b,89886,12-2002,https://prod.pictures.autoscout24.net/listing-images/0fb11ab9-d40c-4be4-9b1b-1746668a122a_56ccd53e-5ea6-4129-8af1-b6fc1c2daefd.jpg/250x188.webp,6000,117.49014599385939,7312,11
008a5ef8-afee-4c57-ade8-db3cb4ff3033,Volkswagen,Polo,Berline,PrivateSeller,3800,d,211000,11-2011,https://prod.pictures.autoscout24.net/listing-images/008a5ef8-afee-4c57-ade8-db3cb4ff3033_e9fb79b0-6f80-42d7-8b54-18f46b95500c.jpg/250x188.webp,1082,68.04437182438213,4055,12
4282fdb0-43bc-4474-93e2-bff3dfeea117,Volkswagen,Golf GTI,Berline,PrivateSeller,3800,b,232000,09-1998,https://prod.pictures.autoscout24.net/listing-images/4282fdb0-43bc-4474-93e2-bff3dfeea117_d33843c7-1bfd-4503-a370-a10f69914bbf.jpg/250x188.webp,4040,120.39133917274062,8864,16
15991050-1297-49bf-8f88-2b6084c1a9bd,Volkswagen,Golf Plus,Monovolume,PrivateSeller,3800,d,200975,06-2008,https://prod.pictures.autoscout24.net/listing-images/15991050-1297-49bf-8f88-2b6084c1a9bd_f78de09f-5106-477b-8208-9185529dd5ee.jpg/250x188.webp,6110,121.07873748213329,5303,36
de685bd2-e99d-40b4-8a7c-4e58907bd46c,Volkswagen,Polo,Berline,PrivateSeller,3800,d,262700,06-2012,https://prod.pictures.autoscout24.net/listing-images/de685bd2-e99d-40b4-8a7c-4e58907bd46c_c80f91c6-d30a-4416-927f-e4c9f6ac9242.jpg/250x188.webp,1410,83.89428081314767,3842,49
19a1124c-6057-4f3c-bf8c-a49dfca3ef98,Volkswagen,Golf Variant,Break,PrivateSeller,3800,d,199992,10-2010,https://prod.pictures.autoscout24.net/listing-images/19a1124c-6057-4f3c-bf8c-a49dfca3ef98_260d4809-3578-4e52-9fc8-05c7d0edea93.jpg/250x188.webp,9250,48.29700857036449,4451,55
50076fd1-51f0-4dfd-add3-4773e43aa3c6,Volkswagen,Golf,Berline,PrivateSeller,3800,b,126000,03-1991,https://prod.pictures.autoscout24.net/listing-images/50076fd1-51f0-4dfd-add3-4773e43aa3c6_ad38119e-48da-41b6-a9be-423abab99eb1.jpg/250x188.webp,2490,59.02891586146089,11605,64
285d6da5-96db-478a-9f78-8ac88f6d6c76,Volkswagen,Eos,Cabriolet,PrivateSeller,3800,d,236000,08-2007,https://prod.pictures.autoscout24.net/listing-images/285d6da5-96db-478a-9f78-8ac88f6d6c76_443f946a-6022-42db-acea-090b5a6e5816.jpg/250x188.webp,7000,118.39471915054493,5608,109
0b69713f-57cb-402b-b640-c75ac6324891,Volkswagen,Golf Cabriolet,Cabriolet,PrivateSeller,3800,b,217000,03-1996,https://prod.pictures.autoscout24.net/listing-images/0b69713f-57cb-402b-b640-c75ac6324891_b0c6ed66-d4e4-4c5d-be83-6f4bce84e1c2.jpg/250x188.webp,1315,85.40551029135231,9778,150
a52976dc-9aaf-4fa4-869c-5b1830e5d3d2,Volkswagen,Polo,Berline,PrivateSeller,3800,d,288600,07-2006,https://prod.pictures.autoscout24.net/listing-images/a52976dc-9aaf-4fa4-869c-5b1830e5d3d2_e781856a-2649-4949-9989-f180d80aea12.jpg/250x188.webp,7712,120.93531966597502,6004,168
6a3bd38b-64d4-4fed-af4d-3da921628dac,Volkswagen,Eos,Cabriolet,Dealer,3800,b,114000,10-2007,https://prod.pictures.autoscout24.net/listing-images/6a3bd38b-64d4-4fed-af4d-3da921628dac_9f270ba4-b35e-4875-9916-18aad1977838.jpg/250x188.webp,1930,65.18883147641638,5547,417
db303b48-36de-4660-9f4d-4faf15987234,Volkswagen,Polo,Berline,Dealer,3850,d,229000,02-2011,https://prod.pictures.autoscout24.net/listing-images/db303b48-36de-4660-9f4d-4faf15987234_deaac57a-3b9d-4c19-ba7f-66400227731e.jpg/250x188.webp,5140,104.85389989976589,4328,21
905fa805-b262-4ee5-a5ba-fae4d9b609c2,Volkswagen,Polo,Berline,PrivateSeller,3850,b,145000,10-2008,https://prod.pictures.autoscout24.net/listing-images/905fa805-b262-4ee5-a5ba-fae4d9b609c2_760f48b7-9be0-4967-b069-a482a862773b.jpg/250x188.webp,1070,71.06367211068877,5181,74
4990d748-8ba7-4746-87ac-3c93e5bcaa5c,Volkswagen,Polo,Berline,Dealer,3850,d,237000,08-2010,https://prod.pictures.autoscout24.net/listing-images/4990d748-8ba7-4746-87ac-3c93e5bcaa5c_ac4f6f58-1020-4d1a-a758-0cc49e6f3045.jpg/250x188.webp,5020,112.56317852994579,4512,171
c3f1729c-894f-4950-b58e-4d2ed5445925,Volkswagen,LT,Bestelwagen,Dealer,3850,d,111000,12-1994,https://prod.pictures.autoscout24.net/listing-images/c3f1729c-894f-4950-b58e-4d2ed5445925_fc48d8eb-9e43-46c8-bd22-4e1a209792a6.jpg/250x188.webp,1400,97.35176357549375,10234,281
9f3be07f-13ad-40ee-b12a-cfdc31bd352f,Volkswagen,Passat,Berline,PrivateSeller,3888,d,260000,11-2007,https://prod.pictures.autoscout24.net/listing-images/9f3be07f-13ad-40ee-b12a-cfdc31bd352f_11bb8672-2978-498f-b6ff-197b69ab761e.jpg/250x188.webp,9120,31.412557196808976,5516,46
ee4223f9-78d9-46fa-93a6-b65e3c752a9c,Volkswagen,Transporter,Bestelwagen,Dealer,3900,d,229000,10-2008,https://prod.pictures.autoscout24.net/listing-images/ee4223f9-78d9-46fa-93a6-b65e3c752a9c_bc2343bf-e0a2-4466-8d59-1feebc7b9850.jpg/250x188.webp,1750,76.75328563765976,5181,9
299bf7af-b9db-48b3-b2d5-cce6c97eae35,Volkswagen,Golf,Berline,Dealer,3900,d,313000,11-2009,https://prod.pictures.autoscout24.net/listing-images/299bf7af-b9db-48b3-b2d5-cce6c97eae35_59fdf477-f0d8-4568-bb60-b391a390e18f.jpg/250x188.webp,7333,120.19113271072128,4785,24
02eaa3bf-b5b6-403f-bebd-f9dfc2bd407b,Volkswagen,Sharan,Break,PrivateSeller,3900,d,244500,01-2004,https://prod.pictures.autoscout24.net/listing-images/02eaa3bf-b5b6-403f-bebd-f9dfc2bd407b_9ba2dfea-e05c-4d0a-b4ee-6c02c175a422.jpg/250x188.webp,2330,30.04336332300195,6916,47
85fa2d8e-a84c-449f-abc2-b19cc06f6d3e,Volkswagen,Polo,Berline,PrivateSeller,3900,b,130000,07-2003,https://prod.pictures.autoscout24.net/listing-images/85fa2d8e-a84c-449f-abc2-b19cc06f6d3e_18a2304e-5372-4da4-84a6-1ffb112d8686.jpg/250x188.webp,9300,66.4098627619792,7100,70
2e704ab8-d308-4cf7-a0de-7dbe2fcc0749,Volkswagen,Golf Cabriolet,Cabriolet,PrivateSeller,3900,b,199000,06-2001,https://prod.pictures.autoscout24.net/listing-images/2e704ab8-d308-4cf7-a0de-7dbe2fcc0749_6c65c158-865e-423c-b752-dd8a0ed01f60.jpg/250x188.webp,1428,91.7253544984551,7860,94
f44def63-8691-4498-94a8-bbcaaf3ff9ff,Volkswagen,Coccinelle,Stadswagen,PrivateSeller,3900,b,85000,01-1972,https://prod.pictures.autoscout24.net/listing-images/f44def63-8691-4498-94a8-bbcaaf3ff9ff_b1ef2b54-2dbe-4306-a479-07c13bcb2b77.jpg/250x188.webp,6141,115.10924013686974,18604,119
1332d7b5-4931-41c6-a153-e1a2e272b15b,Volkswagen,Polo,Berline,PrivateSeller,3900,d,225000,02-2012,https://prod.pictures.autoscout24.net/listing-images/1332d7b5-4931-41c6-a153-e1a2e272b15b_60456590-2e21-48b7-8c4b-52262a32a480.jpg/250x188.webp,1070,71.06367211068877,3963,140
7ab128f7-5aef-44b1-8ae1-7d6f880f90e7,Volkswagen,Coccinelle,Andere,PrivateSeller,3900,b,1500,02-1983,https://prod.pictures.autoscout24.net/listing-images/7ab128f7-5aef-44b1-8ae1-7d6f880f90e7_7b871f68-79aa-4223-bd11-96c162a8c634.jpg/250x188.webp,1315,85.40551029135231,14555,168
dc0b99dc-5a2f-436f-8ff8-eb19469b5b39,Volkswagen,Eos,Cabriolet,Dealer,3900,d,192000,10-2007,https://prod.pictures.autoscout24.net/listing-images/dc0b99dc-5a2f-436f-8ff8-eb19469b5b39_ffd3042f-954f-408c-a298-f7eda72df1ee.jpg/250x188.webp,5140,104.85389989976589,5547,218
de6ecbae-324a-9a3d-e053-0100007f8439,Volkswagen,Polo,Berline,PrivateSeller,3900,d,259000,06-2007,https://prod.pictures.autoscout24.net/listing-images/de6ecbae-324a-9a3d-e053-0100007f8439_a6a70aad-c5f5-4537-a185-ab55aae57369.jpg/250x188.webp,5530,128.66356096557257,5669,821
00255ada-d2fe-42cc-9fde-58d59d0293e2,Volkswagen,Golf,Berline,Dealer,3950,b,151000,09-2005,https://prod.pictures.autoscout24.net/listing-images/00255ada-d2fe-42cc-9fde-58d59d0293e2_b9046b2a-9256-4807-9c42-ea4df46bb75b.jpg/250x188.webp,7012,120.36322565219064,6307,1
e2899bed-1035-49f5-8cf0-d4103fc463c1,Volkswagen,Caddy,Bestelwagen,Dealer,3950,d,260000,12-2005,https://prod.pictures.autoscout24.net/listing-images/e2899bed-1035-49f5-8cf0-d4103fc463c1_d45da9d8-dfb3-4b12-ae53-0eeb4da1a54c.jpg/250x188.webp,3202,62.33429455663499,6216,3
79264769-d6dc-4489-bf7b-dba1c14ea091,Volkswagen,Polo,Berline,Dealer,3950,b,59000,02-2004,https://prod.pictures.autoscout24.net/listing-images/79264769-d6dc-4489-bf7b-dba1c14ea091_9a882de0-f105-4b48-8bb9-a9877ab68729.jpg/250x188.webp,5100,120.21149902452048,6885,5
219ece24-8031-45a4-a804-9186639628e5,Volkswagen,Passat Variant,Break,Dealer,3950,d,215000,09-2005,https://prod.pictures.autoscout24.net/listing-images/219ece24-8031-45a4-a804-9186639628e5_417dc93d-0f3e-4e08-ae64-756c6e295a18.jpg/250x188.webp,4520,112.57318942534252,6307,38
1f62d318-d261-4306-91ab-98b5d217e0ba,Volkswagen,Golf Variant,Break,Dealer,3950,d,162000,09-2004,https://prod.pictures.autoscout24.net/listing-images/1f62d318-d261-4306-91ab-98b5d217e0ba_7f193c82-8543-4b83-a3f4-43419bacc180.jpg/250x188.webp,6180,111.8460773215552,6672,44
f8bbb1cd-ecc7-446e-b643-3a53c6b1e66d,Volkswagen,Passat,Berline,Dealer,3950,b,153000,08-2006,https://prod.pictures.autoscout24.net/listing-images/f8bbb1cd-ecc7-446e-b643-3a53c6b1e66d_31e3d2b6-10be-4ffd-8a97-7183fa5aad08.jpg/250x188.webp,4610,126.04959809806367,5973,45
1c70ae59-5933-4122-aaef-f8d551abecd8,Volkswagen,Polo,Berline,Dealer,3950,b,162000,04-2008,https://prod.pictures.autoscout24.net/listing-images/1c70ae59-5933-4122-aaef-f8d551abecd8_fc635165-1c5b-4ea4-9cd0-09054c788a7d.jpg/250x188.webp,5100,120.21149902452048,5364,50
521d69ed-e87d-4c3e-a53e-5cc7e116d582,Volkswagen,Polo,Berline,Dealer,3950,d,236000,02-2010,https://prod.pictures.autoscout24.net/listing-images/521d69ed-e87d-4c3e-a53e-5cc7e116d582_bd8b23da-df47-4a52-a6c6-a05a7c2d0f1a.jpg/250x188.webp,3630,102.97605198560623,4693,59
98fcc398-da17-4e7e-98e4-50ab1a0e38af,Volkswagen,Polo,Berline,Dealer,3950,b,133100,06-2006,https://prod.pictures.autoscout24.net/listing-images/98fcc398-da17-4e7e-98e4-50ab1a0e38af_388b053f-a30b-490c-b3f5-205ad4dad2b1.jpg/250x188.webp,1730,61.98157406185932,6034,64
8de1d40a-87ed-4644-a7ac-9c95c25ea4d5,Volkswagen,Golf,Berline,PrivateSeller,3988,d,356852,05-2005,https://prod.pictures.autoscout24.net/listing-images/8de1d40a-87ed-4644-a7ac-9c95c25ea4d5_0be5305d-7c07-4b3f-8449-e08f043aa141.jpg/250x188.webp,4000,118.53949006185148,6430,9
dc644d31-8ae6-44da-a67c-de2701205ea5,Volkswagen,Caddy,Bestelwagen,Dealer,3990,d,171000,09-2005,https://prod.pictures.autoscout24.net/listing-images/dc644d31-8ae6-44da-a67c-de2701205ea5_bcb8ec1e-0f86-4e40-b34e-07c1d7fb279e.jpg/250x188.webp,1420,87.49639779077864,6307,14
8fef7261-a4a1-420a-9f2b-75f7a8eeff6c,Volkswagen,Golf Plus,Monovolume,Dealer,3990,d,236000,07-2010,https://prod.pictures.autoscout24.net/listing-images/8fef7261-a4a1-420a-9f2b-75f7a8eeff6c_5b28ad8e-f73a-454f-823e-2612651172a3.jpg/250x188.webp,4000,118.53949006185148,4543,30
5d207d3b-51f6-4410-ab0a-dcc4a8fe75dd,Volkswagen,Polo,Berline,Dealer,3990,d,130000,02-2009,https://prod.pictures.autoscout24.net/listing-images/5d207d3b-51f6-4410-ab0a-dcc4a8fe75dd_9241b0d8-85d8-4284-90ac-98818a177104.jpg/250x188.webp,7090,96.30849119801513,5058,259
481b8f40-86aa-447f-9764-ec99c99c0b64,Volkswagen,Caddy,Bestelwagen,Dealer,3990,d,137759,09-2004,https://prod.pictures.autoscout24.net/listing-images/481b8f40-86aa-447f-9764-ec99c99c0b64_fe11999f-9f43-4012-b4c7-276ef66e67cf.jpg/250x188.webp,6200,119.77990387531518,6672,123
21485808-ddaa-4fcd-81d8-71581ee53ffe,Volkswagen,T4 Caravelle,Monovolume,Dealer,3999,d,153000,12-2003,https://prod.pictures.autoscout24.net/listing-images/21485808-ddaa-4fcd-81d8-71581ee53ffe_a3424613-4cc5-4134-a4f9-29a8cca510cd.jpg/250x188.webp,7334,119.8412190961509,6947,6
c4f62443-1715-415d-9a2c-8a6ae885e410,Volkswagen,Polo,Berline,Dealer,3999,d,247920,04-2011,https://prod.pictures.autoscout24.net/listing-images/c4f62443-1715-415d-9a2c-8a6ae885e410_19c75d30-939f-4bc7-918c-0fa78e461eaa.jpg/250x188.webp,6040,114.0742701643821,4269,6
4cc20800-642e-4b76-8e37-90da6cff38bb,Volkswagen,up!,Berline,Dealer,3999,b,185000,02-2013,https://prod.pictures.autoscout24.net/listing-images/4cc20800-642e-4b76-8e37-90da6cff38bb_04bd3d93-ef4e-4116-92e5-31b17da69a2a.jpg/250x188.webp,4800,137.3735948615729,3597,31
54863f62-2030-4094-803e-9db0d6e81ad3,Volkswagen,Golf,Berline,PrivateSeller,4000,d,201000,12-2009,https://prod.pictures.autoscout24.net/listing-images/54863f62-2030-4094-803e-9db0d6e81ad3_9594f339-e4fb-4412-8158-bb42d5db70d0.jpg/250x188.webp,7141,116.47101900243793,4755,1
bf0946c2-126d-443d-bd3b-6bca6530f325,Volkswagen,Polo,Berline,PrivateSeller,4000,b,128000,09-2007,https://prod.pictures.autoscout24.net/listing-images/bf0946c2-126d-443d-bd3b-6bca6530f325_fdc32287-1245-4951-9067-d9392586c6ea.jpg/250x188.webp,1495,100.31070706891583,5577,1
8a2b60e3-60b4-410b-ae32-b238c44fce33,Volkswagen,Polo,Berline,PrivateSeller,4000,b,125355,06-2005,https://prod.pictures.autoscout24.net/listing-images/8a2b60e3-60b4-410b-ae32-b238c44fce33_c62a6def-781d-4aab-a9e1-e3bf02004351.jpg/250x188.webp,4340,109.15734825458331,6399,6
712fc2d7-ebee-43d6-8dad-401b5f73094e,Volkswagen,T4,Monovolume,PrivateSeller,4000,b,98000,10-1998,https://prod.pictures.autoscout24.net/listing-images/712fc2d7-ebee-43d6-8dad-401b5f73094e_dd9e0c5b-3c3d-4ad1-ab59-4938e64a0471.jpg/250x188.webp,1600,78.61296004280759,8834,6
7cf97dfa-186f-4309-aece-f35ebddba35c,Volkswagen,T4,Monovolume,PrivateSeller,4000,d,360000,10-1999,https://prod.pictures.autoscout24.net/listing-images/7cf97dfa-186f-4309-aece-f35ebddba35c_6b2483b2-8fcf-40b0-aac2-afdb5679e8cd.jpg/250x188.webp,6500,139.73150212890414,8469,10
430fceb3-36a3-49d8-88ac-80cfd4fb7618,Volkswagen,Polo,Berline,PrivateSeller,4000,d,222000,11-2010,https://prod.pictures.autoscout24.net/listing-images/430fceb3-36a3-49d8-88ac-80cfd4fb7618_3ab49348-36f1-4726-9471-6412a59e182a.jpg/250x188.webp,3600,91.05707630102727,4420,12
e1483b36-4625-4431-af40-63b40fded844,Volkswagen,Transporter,Bestelwagen,PrivateSeller,4000,d,271000,05-2007,https://prod.pictures.autoscout24.net/listing-images/e1483b36-4625-4431-af40-63b40fded844_062b5ab1-62ab-48b6-80b8-6a4c0c03e8c0.jpg/250x188.webp,3040,76.48470542920033,5700,17
a0fb7368-b30a-4a06-838a-7bd993e8c1ec,Volkswagen,Touran,Monovolume,PrivateSeller,4000,b,182561,04-2005,https://prod.pictures.autoscout24.net/listing-images/a0fb7368-b30a-4a06-838a-7bd993e8c1ec_2b07b959-f9a8-4a18-bd30-b1c0779c9955.jpg/250x188.webp,9140,42.211874657394915,6460,23
e3b6c5ac-42d3-495e-8f47-88da14520036,Volkswagen,Polo,Berline,Dealer,4000,d,215659,07-2010,https://prod.pictures.autoscout24.net/listing-images/e3b6c5ac-42d3-495e-8f47-88da14520036_eccb8796-c1e2-4aa9-a85f-bbca834762a5.jpg/250x188.webp,1200,69.44150665917473,4543,24
7f2a2465-7d1b-434a-9bea-d108e890b445,Volkswagen,Eos,Cabriolet,PrivateSeller,4000,b,163200,01-2007,https://prod.pictures.autoscout24.net/listing-images/7f2a2465-7d1b-434a-9bea-d108e890b445_605de8f3-9caa-475d-8087-c96c598fb830.jpg/250x188.webp,1040,70.85448790939559,5820,32
8c49e486-40b4-4217-ba35-32e8078e3684,Volkswagen,LT,Monovolume,Dealer,4000,d,270000,08-2005,https://prod.pictures.autoscout24.net/listing-images/8c49e486-40b4-4217-ba35-32e8078e3684_9e10e6f5-328c-43cb-bbf3-106991c36f76.jpg/250x188.webp,1700,70.90697373704198,6338,35
9503e144-691b-4eee-b273-8348d2c240d1,Volkswagen,Golf Plus,Monovolume,PrivateSeller,4000,d,235000,01-2009,https://prod.pictures.autoscout24.net/listing-images/9503e144-691b-4eee-b273-8348d2c240d1_7073c5f0-5474-4d83-a610-e155e25b5c71.jpg/250x188.webp,7100,111.04432979756132,5089,38
13bd9ef1-5a96-4824-87cc-bea0caac8ebd,Volkswagen,Jetta,Berline,PrivateSeller,4000,d,179811,07-1983,https://prod.pictures.autoscout24.net/listing-images/13bd9ef1-5a96-4824-87cc-bea0caac8ebd_937f0256-515e-43cb-8251-6d46ddbf5bd8.jpg/250x188.webp,9400,81.6799978132908,14405,44
2b6fad21-d970-4811-ba89-a934ebf9d3f2,Volkswagen,New Beetle,Berline,PrivateSeller,4000,b,170000,10-1999,https://prod.pictures.autoscout24.net/listing-images/2b6fad21-d970-4811-ba89-a934ebf9d3f2_d51fd746-bf1c-4381-b710-441fcdad5863.jpg/250x188.webp,8400,110.03239888716801,8469,47
bff95ccd-1b7c-4eb5-9345-ed0e645a6c85,Volkswagen,Polo,Berline,PrivateSeller,4000,d,235000,08-2009,https://prod.pictures.autoscout24.net/listing-images/bff95ccd-1b7c-4eb5-9345-ed0e645a6c85_40cd99a7-6298-41c6-b143-6c1b1416728c.jpg/250x188.webp,6040,114.0742701643821,4877,47
e8c10279-8d30-4f18-9ef1-9a98cd4c165b,Volkswagen,Golf,Berline,PrivateSeller,4000,d,181500,07-2006,https://prod.pictures.autoscout24.net/listing-images/e8c10279-8d30-4f18-9ef1-9a98cd4c165b_4b940b86-21b2-4f99-9309-bbf62ac5622d.jpg/250x188.webp,9990,76.7983356711753,6004,47
7acd1787-d5b6-4bbf-9f4b-0ba230f161e4,Volkswagen,Corrado,Andere,PrivateSeller,4000,b,253000,10-1990,https://prod.pictures.autoscout24.net/listing-images/7acd1787-d5b6-4bbf-9f4b-0ba230f161e4_e4104dc7-0038-4a02-8cf5-1505d45cfbda.jpg/250x188.webp,1570,85.8593481641288,11756,51
99514af1-d94d-47ce-accb-314e55ad1648,Volkswagen,Jetta,Berline,PrivateSeller,4000,b,171200,06-1988,https://prod.pictures.autoscout24.net/listing-images/99514af1-d94d-47ce-accb-314e55ad1648_218bc756-5c50-41fa-b44e-b83ac2359fd9.jpg/250x188.webp,6001,119.62548366163914,12608,53
83308ef5-74d9-4942-817b-ccdfeaa95a44,Volkswagen,Polo,Stadswagen,PrivateSeller,4000,d,205000,11-2011,https://prod.pictures.autoscout24.net/listing-images/83308ef5-74d9-4942-817b-ccdfeaa95a44_0619b24b-c684-464a-9d82-b4d7e675e7aa.jpg/250x188.webp,1740,70.11361067497609,4055,60
a81b2208-d1c7-410b-bf65-09224b4e5110,Volkswagen,Passat,Andere,PrivateSeller,4000,d,237000,02-2006,https://prod.pictures.autoscout24.net/listing-images/a81b2208-d1c7-410b-bf65-09224b4e5110_50930da0-417e-478f-9bb0-3d1158462d4b.jpg/250x188.webp,4000,118.53949006185148,6154,61
07f752ba-bae0-4a9a-91d8-1a868cd12dfa,Volkswagen,Passat,Andere,PrivateSeller,4000,d,238000,02-2006,https://prod.pictures.autoscout24.net/listing-images/07f752ba-bae0-4a9a-91d8-1a868cd12dfa_eab1ae72-b3c2-4f7f-a073-93e14ecdbd70.jpg/250x188.webp,4000,118.53949006185148,6154,61
00c5445b-385f-49a9-8faf-9e45ada9a4fc,Volkswagen,Coccinelle,Andere,PrivateSeller,4000,b,85000,08-1967,https://prod.pictures.autoscout24.net/listing-images/00c5445b-385f-49a9-8faf-9e45ada9a4fc_5493c610-e8d7-4e93-8044-18cb6e76cf56.jpg/250x188.webp,5300,113.30647041751955,20218,62
7e367710-40ff-4d61-9e49-7b16ce1636bb,Volkswagen,Jetta,Andere,PrivateSeller,4000,b,164000,04-1990,https://prod.pictures.autoscout24.net/listing-images/7e367710-40ff-4d61-9e49-7b16ce1636bb_18c3c0da-b583-440b-8854-4eadc0753471.jpg/250x188.webp,6442,,11939,74
1f0c7010-1672-4627-8916-6c51797cec42,Volkswagen,Golf Cabriolet,Cabriolet,PrivateSeller,4000,b,161000,09-2000,https://prod.pictures.autoscout24.net/listing-images/1f0c7010-1672-4627-8916-6c51797cec42_95c95c3e-734b-4441-8cc2-f1238577c4fb.jpg/250x188.webp,8480,108.37030503019517,8133,81
12971466-1b33-4008-a424-88120a06de8a,Volkswagen,Passat Variant,Break,PrivateSeller,4000,d,220,09-2005,https://prod.pictures.autoscout24.net/listing-images/12971466-1b33-4008-a424-88120a06de8a_e4a4c592-c7fe-4b50-baba-77a68f148646.jpg/250x188.webp,4020,121.60247278825214,6307,95
56e5861a-cec1-4e2c-aaa9-cc698c52c2f1,Volkswagen,Touran,Monovolume,PrivateSeller,4000,b,216550,01-2005,https://prod.pictures.autoscout24.net/listing-images/56e5861a-cec1-4e2c-aaa9-cc698c52c2f1_84f55c29-3b8d-426d-b979-fa0e0c3ef2fc.jpg/250x188.webp,1030,66.85598932704684,6550,103
054c0dc6-6d3f-45b4-94f8-655d16f166cf,Volkswagen,Passat,Berline,PrivateSeller,4000,d,160000,08-2005,https://prod.pictures.autoscout24.net/listing-images/054c0dc6-6d3f-45b4-94f8-655d16f166cf_c7041601-886a-450b-86ad-b55a446a3ffb.jpg/250x188.webp,7160,111.53193473693841,6338,105
2db93f74-a928-4964-a4f7-81abfbc68ab2,Volkswagen,Golf,Berline,PrivateSeller,4000,b,150150,02-2003,https://prod.pictures.autoscout24.net/listing-images/2db93f74-a928-4964-a4f7-81abfbc68ab2_2c17102f-ccb4-4b16-9219-61f44d3d662e.jpg/250x188.webp,8400,110.03239888716801,7250,108
317cc0f8-4eed-4b25-a601-7ff1b2e796d3,Volkswagen,Golf Cabriolet,Cabriolet,PrivateSeller,4000,b,113000,11-1998,https://prod.pictures.autoscout24.net/listing-images/317cc0f8-4eed-4b25-a601-7ff1b2e796d3_3da91f53-40f8-4c39-8dfc-c1fea1307a79.jpg/250x188.webp,3010,67.40471899620705,8803,112
3604dd42-e3da-4555-ae90-75a47cfd81a5,Volkswagen,Caddy,Bestelwagen,PrivateSeller,4000,d,207068,01-2005,https://prod.pictures.autoscout24.net/listing-images/3604dd42-e3da-4555-ae90-75a47cfd81a5_d91e7e3c-f425-4766-849c-98372aeebb94.jpg/250x188.webp,2300,36.751136569594,6550,144
3dc9f91a-a094-4fb7-8279-6c6555cda996,Volkswagen,LT,Andere,PrivateSeller,4000,d,213000,01-1989,https://prod.pictures.autoscout24.net/listing-images/3dc9f91a-a094-4fb7-8279-6c6555cda996_952a47be-292b-42f4-9768-0eb98641ba77.jpg/250x188.webp,1340,89.46401378328262,12394,157
82215a02-1ce7-4d6c-b2e4-741d0de6cde8,Volkswagen,LT,Andere,PrivateSeller,4000,d,213000,01-1990,https://prod.pictures.autoscout24.net/listing-images/82215a02-1ce7-4d6c-b2e4-741d0de6cde8_b95f6134-b7d7-4ee8-8ba2-93745dfd2e9a.jpg/250x188.webp,1340,89.46401378328262,12029,157
c8c35b9a-df1f-486a-82f5-2a218c5773b3,Volkswagen,Golf,Berline,Dealer,4000,d,250968,10-2008,https://prod.pictures.autoscout24.net/listing-images/c8c35b9a-df1f-486a-82f5-2a218c5773b3_2c49ade8-2032-4dd9-9330-b506285c6ab1.jpg/250x188.webp,4432,111.15678224769336,5181,195
c96e673b-59cc-4e05-b622-0d8d7c1ac3b1,Volkswagen,Polo,Andere,PrivateSeller,4100,d,226000,10-2011,https://prod.pictures.autoscout24.net/listing-images/c96e673b-59cc-4e05-b622-0d8d7c1ac3b1_7ac810e9-1a3f-45c2-8f1c-2daf75cd4bfa.jpg/250x188.webp,5000,115.13665852422378,4086,59
2a617b72-25a8-4b34-9dcc-000df348ad3b,Volkswagen,Polo,Berline,Dealer,4190,d,168854,01-2008,https://prod.pictures.autoscout24.net/listing-images/2a617b72-25a8-4b34-9dcc-000df348ad3b_0531ebc7-8cac-4598-ac47-381611630026.jpg/250x188.webp,7370,128.14216834969352,5455,14
22d927bf-1e46-4b6d-9229-e3f1594af9e0,Volkswagen,Polo,Berline,Dealer,4200,d,166807,09-2008,https://prod.pictures.autoscout24.net/listing-images/22d927bf-1e46-4b6d-9229-e3f1594af9e0_eae0a6df-4996-46e9-bcf3-0b318a044cfb.jpg/250x188.webp,4432,111.15678224769336,5211,8
318e0404-f338-4e29-a89d-341404eb7b32,Volkswagen,Polo,Berline,Dealer,4200,b,160000,10-2008,https://prod.pictures.autoscout24.net/listing-images/318e0404-f338-4e29-a89d-341404eb7b32_c9243acf-8e3f-45ca-8e2e-ce502bdaf79f.jpg/250x188.webp,1831,63.496143889011755,5181,15
124f8ba2-f261-4d2b-bc8a-1fc4a9e12e0b,Volkswagen,Polo,Berline,PrivateSeller,4200,b,147000,02-1997,https://prod.pictures.autoscout24.net/listing-images/124f8ba2-f261-4d2b-bc8a-1fc4a9e12e0b_4674d186-d9dd-4d8f-bfc4-f57fbd39e357.jpg/250x188.webp,4500,119.58764611108163,9441,0
9ebb6929-5615-4eb2-bdd2-8a73145a620c,Volkswagen,Polo,Berline,PrivateSeller,4200,b,100000,06-2006,https://prod.pictures.autoscout24.net/listing-images/9ebb6929-5615-4eb2-bdd2-8a73145a620c_894f29bf-e2fe-4dda-a8f5-21a6c92c43d8.jpg/250x188.webp,1020,66.36225311284039,6034,3
290246a3-625d-462d-8076-ea14ba295ddb,Volkswagen,Golf,Berline,Dealer,4200,d,260000,06-2010,https://prod.pictures.autoscout24.net/listing-images/290246a3-625d-462d-8076-ea14ba295ddb_151c7cbb-455d-42b9-b4be-8edd679e4bbd.jpg/250x188.webp,7390,121.56764290915724,4573,3
ead5bd5f-62b9-4245-acb5-6a366eb3f319,Volkswagen,Touareg,SUV/4x4/Pick-up,Dealer,4200,d,330000,07-2006,https://prod.pictures.autoscout24.net/listing-images/ead5bd5f-62b9-4245-acb5-6a366eb3f319_ef50d819-a4f6-43df-9227-70caf7909cd3.jpg/250x188.webp,2660,33.51153490320288,6004,15
fc574e61-ee35-43c6-b38e-bec997af3d63,Volkswagen,Fox,Berline,Dealer,4200,b,85990,05-2008,https://prod.pictures.autoscout24.net/listing-images/fc574e61-ee35-43c6-b38e-bec997af3d63_2fe55afe-4f21-45f9-90bc-cd1f107bc363.jpg/250x188.webp,1730,61.98157406185932,5334,41
9fad1c4f-0df2-4c32-a321-c2204658979c,Volkswagen,Golf,Berline,PrivateSeller,4200,d,230000,10-2008,https://prod.pictures.autoscout24.net/listing-images/9fad1c4f-0df2-4c32-a321-c2204658979c_cf1662a1-4fe9-429c-88a0-61d6845b7ce5.jpg/250x188.webp,6600,187.94933034168892,5181,51
b193653e-e64d-43ac-ade4-0795e42d1037,Volkswagen,Polo,Berline,PrivateSeller,4200,b,142141,08-2008,https://prod.pictures.autoscout24.net/listing-images/b193653e-e64d-43ac-ade4-0795e42d1037_2359fc2d-4b38-4dc5-8a17-51bbdbeacaf3.jpg/250x188.webp,3945,62.89337299154107,5242,74
844de43e-b75b-40a6-9d10-3b07b9db10b5,Volkswagen,New Beetle,Cabriolet,PrivateSeller,4200,d,258858,03-2005,https://prod.pictures.autoscout24.net/listing-images/844de43e-b75b-40a6-9d10-3b07b9db10b5_2c8301dc-5ebf-4fc3-be4d-97a650fe3a1c.jpg/250x188.webp,6811,207.32930617028902,6491,101
92c18d2c-198f-4a0c-8b28-6586b2cf03fb,Volkswagen,Polo,Berline,Dealer,4250,b,156000,10-2009,https://prod.pictures.autoscout24.net/listing-images/92c18d2c-198f-4a0c-8b28-6586b2cf03fb_c6020e3b-5a61-4ccb-aad8-14195c3d48ff.jpg/250x188.webp,7012,120.36322565219064,4816,1
85e68b4f-b30f-484f-9a7b-f6182283cc1b,Volkswagen,Polo,Berline,Dealer,4250,b,136524,03-2009,https://prod.pictures.autoscout24.net/listing-images/85e68b4f-b30f-484f-9a7b-f6182283cc1b_bcfd0426-85de-430f-b173-5c08cf8d36a7.jpg/250x188.webp,2830,45.04397020411872,5030,2
3a473d7c-f828-4938-b4ee-d34f8de5e6e1,Volkswagen,Golf Variant,Break,PrivateSeller,4250,b,280000,03-2009,https://prod.pictures.autoscout24.net/listing-images/3a473d7c-f828-4938-b4ee-d34f8de5e6e1_361c0268-e1ae-465e-bfee-2009c0989159.jpg/250x188.webp,1780,63.273818071645216,5030,25
90bed2c8-b6b6-48fc-aded-26113c5563bf,Volkswagen,Passat,Berline,Dealer,4250,d,120000,10-2004,https://prod.pictures.autoscout24.net/listing-images/90bed2c8-b6b6-48fc-aded-26113c5563bf_ee3fac19-4167-415b-92d3-010de32804dc.jpg/250x188.webp,7390,121.56764290915724,6642,42
b2ef131a-e6b6-42a1-b6b2-4371ff5e0f26,Volkswagen,Golf Variant,Break,Dealer,4250,d,255000,06-2010,https://prod.pictures.autoscout24.net/listing-images/b2ef131a-e6b6-42a1-b6b2-4371ff5e0f26_4021eb27-b1c8-4cbc-97fa-eddc4db44b2a.jpg/250x188.webp,1300,83.88957347991013,4573,118
0d778f3f-0a83-4fa1-9b27-d0e6a7aeaf87,Volkswagen,Polo,Berline,PrivateSeller,4250,b,114000,06-2006,https://prod.pictures.autoscout24.net/listing-images/0d778f3f-0a83-4fa1-9b27-d0e6a7aeaf87_20c088c0-09fc-431d-8c81-1a3257956012.jpg/250x188.webp,2850,42.29864607065253,6034,163
4e7d235c-6bae-485f-aa91-891c1a67f8f6,Volkswagen,Golf,Berline,Dealer,4290,d,199900,04-2005,https://prod.pictures.autoscout24.net/listing-images/4e7d235c-6bae-485f-aa91-891c1a67f8f6_ecd9bba8-3ffc-43cf-9805-0ed2c9a8b233.jpg/250x188.webp,6700,222.44484417522085,6460,0
c3f95344-c83a-4e13-8cc5-c8d5694ad17b,Volkswagen,Golf,Berline,Dealer,4299,d,287000,11-2009,https://prod.pictures.autoscout24.net/listing-images/c3f95344-c83a-4e13-8cc5-c8d5694ad17b_775234e7-0827-4059-a7de-fa75ddbac96e.jpg/250x188.webp,5060,116.00750129472273,4785,138
c7208274-fb4f-4a8f-9ac1-5d6277f7e43d,Volkswagen,Polo,Stadswagen,PrivateSeller,4299,b,121500,09-2008,https://prod.pictures.autoscout24.net/listing-images/c7208274-fb4f-4a8f-9ac1-5d6277f7e43d_79c6a947-7bc7-4c32-8737-823a0d24ad8a.jpg/250x188.webp,1932,66.67198913187099,5211,144
2f4c7147-a70f-4cef-a6e7-fb781449f04b,Volkswagen,LT,Bestelwagen,PrivateSeller,4300,l,141600,08-1989,https://prod.pictures.autoscout24.net/listing-images/2f4c7147-a70f-4cef-a6e7-fb781449f04b_33e44e76-f725-43b8-a5e5-fb0cf25ad82d.jpg/250x188.webp,1170,74.19826431632877,12182,9
adf3ee36-8bd5-4d19-ba5c-d11935da5693,Volkswagen,Golf,Berline,PrivateSeller,4300,d,185000,07-2003,https://prod.pictures.autoscout24.net/listing-images/adf3ee36-8bd5-4d19-ba5c-d11935da5693_00dc1328-8029-4d04-899f-790295458608.jpg/250x188.webp,4257,99.83732432770832,7100,17
3742df8f-725b-4986-89f1-1824dc41e16b,Volkswagen,Golf,Andere,PrivateSeller,4300,d,213000,02-2007,https://prod.pictures.autoscout24.net/listing-images/3742df8f-725b-4986-89f1-1824dc41e16b_2c3843b2-90d4-4f5f-9094-1c88f360e765.jpg/250x188.webp,7700,118.9523807230755,5789,32
7629bffc-ccd9-4379-b57c-1eb2fe0df384,Volkswagen,Polo,Berline,PrivateSeller,4300,d,264000,07-2010,https://prod.pictures.autoscout24.net/listing-images/7629bffc-ccd9-4379-b57c-1eb2fe0df384_6378856d-c05d-43c9-a655-a01e15b3bbcd.jpg/250x188.webp,7110,114.70139141445502,4543,38
9d340ed3-f998-4945-af7c-22f6adcb00b8,Volkswagen,Polo,Berline,Dealer,4300,b,62000,02-2004,https://prod.pictures.autoscout24.net/listing-images/9d340ed3-f998-4945-af7c-22f6adcb00b8_6b9f1f70-8c57-4009-a203-247e84102b01.jpg/250x188.webp,4431,114.8123410724686,6885,45
5a8ab855-8573-451b-9325-89dfab75bf55,Volkswagen,Polo,Berline,PrivateSeller,4300,d,200300,12-2011,https://prod.pictures.autoscout24.net/listing-images/5a8ab855-8573-451b-9325-89dfab75bf55_7a5eb83b-15f7-4474-bc83-319258345c85.jpg/250x188.webp,1080,69.57979227671277,4025,63
97211373-aee7-4b52-8143-ed0dd4c6933e,Volkswagen,Polo,Andere,PrivateSeller,4300,d,211450,01-2010,https://prod.pictures.autoscout24.net/listing-images/97211373-aee7-4b52-8143-ed0dd4c6933e_c0b36d45-7438-4d6f-9879-cccf91c6249b.jpg/250x188.webp,4960,157.83179397169627,4724,69
a8e54d39-2d7d-4c94-9a74-e80ea5f934ee,Volkswagen,Touran,Monovolume,PrivateSeller,4300,d,258890,09-2010,https://prod.pictures.autoscout24.net/listing-images/a8e54d39-2d7d-4c94-9a74-e80ea5f934ee_42e91aa8-630a-4f1f-8f42-895fecb0b983.jpg/250x188.webp,6000,117.49014599385939,4481,95
f896b006-e12c-46d3-99f8-d8d233fea073,Volkswagen,Eos,Cabriolet,PrivateSeller,4300,d,184000,11-2007,https://prod.pictures.autoscout24.net/listing-images/f896b006-e12c-46d3-99f8-d8d233fea073_81040f4b-d48a-4cac-979c-3709950bdcf4.jpg/250x188.webp,6747,223.27037484400685,5516,140
79fb39c1-7f0b-466b-8b18-cf1e933a7d37,Volkswagen,Golf,Berline,PrivateSeller,4350,b,176000,04-2007,https://prod.pictures.autoscout24.net/listing-images/79fb39c1-7f0b-466b-8b18-cf1e933a7d37_5f90cb45-2eb0-48fa-bdf7-0ed9107699da.jpg/250x188.webp,6180,111.8460773215552,5730,18
5640e3be-5f8f-484d-a871-797b6710ffb5,Volkswagen,Polo,Berline,Dealer,4350,b,147000,06-2009,https://prod.pictures.autoscout24.net/listing-images/5640e3be-5f8f-484d-a871-797b6710ffb5_4035cf9f-8182-4214-809c-a896af5d652c.jpg/250x188.webp,7012,120.36322565219064,4938,44
1946fcd9-4752-4921-a454-bed63af38d53,Volkswagen,Eos,Cabriolet,PrivateSeller,4350,d,279000,10-2008,https://prod.pictures.autoscout24.net/listing-images/1946fcd9-4752-4921-a454-bed63af38d53_ff9262ce-e8d1-4d52-9989-3f39070834ce.jpg/250x188.webp,5190,108.63324346377956,5181,54
2ef14a34-7d25-48ea-a15b-f3bc7a2c613c,Volkswagen,Polo,Berline,PrivateSeller,4350,d,219500,05-2011,https://prod.pictures.autoscout24.net/listing-images/2ef14a34-7d25-48ea-a15b-f3bc7a2c613c_5ea501a3-cef5-4956-9b7c-c385da785689.jpg/250x188.webp,6061,117.55452099458994,4239,83
924c1926-8e87-4186-aa07-8442751b765d,Volkswagen,Golf Variant,Break,Dealer,4350,d,195974,06-2009,https://prod.pictures.autoscout24.net/listing-images/924c1926-8e87-4186-aa07-8442751b765d_17f55ea6-7cb1-4bf3-b969-560c89448a91.jpg/250x188.webp,2610,33.817501233272104,4938,169
c640806b-d085-4da1-b996-f35244e09414,Volkswagen,Caddy,Bestelwagen,Dealer,4350,d,204454,08-2006,https://prod.pictures.autoscout24.net/listing-images/c640806b-d085-4da1-b996-f35244e09414_73a9c1ca-c910-4bdb-a4cd-0d8054f3e47e.jpg/250x188.webp,1640,80.60400182928595,5973,635
43f57b92-2726-4e9d-9475-a05df8e246ae,Volkswagen,Polo,Berline,PrivateSeller,4370,b,66000,04-2005,https://prod.pictures.autoscout24.net/listing-images/43f57b92-2726-4e9d-9475-a05df8e246ae_1518fae5-c583-4ce6-9068-22364e380fe5.jpg/250x188.webp,1500,83.25423672184138,6460,9
055006c2-aed4-4905-91f0-69848d0708ef,Volkswagen,Polo,Berline,PrivateSeller,4370,b,66000,04-2005,https://prod.pictures.autoscout24.net/listing-images/055006c2-aed4-4905-91f0-69848d0708ef_e7dc52a5-5bdd-4959-b693-7c703a3d3701.jpg/250x188.webp,1500,83.25423672184138,6460,9
a98afbc3-9db5-4f8a-ab0a-d1198cb7cc67,Volkswagen,Polo,Berline,PrivateSeller,4400,b,125000,01-2006,https://prod.pictures.autoscout24.net/listing-images/a98afbc3-9db5-4f8a-ab0a-d1198cb7cc67_242f2d1c-0118-4b97-9271-74cdc7da32b4.jpg/250x188.webp,1930,65.18883147641638,6185,1
d5922008-3216-49c1-97fe-de6709872be4,Volkswagen,Polo,Berline,PrivateSeller,4400,d,246000,10-2010,https://prod.pictures.autoscout24.net/listing-images/d5922008-3216-49c1-97fe-de6709872be4_c5d4a256-c9ea-49da-9c49-7290fc6dcab1.jpg/250x188.webp,2660,33.51153490320288,4451,3
34d5acd6-a56d-494b-a1db-0b6636ca5785,Volkswagen,Passat,Berline,Dealer,4400,d,352000,01-2007,https://prod.pictures.autoscout24.net/listing-images/34d5acd6-a56d-494b-a1db-0b6636ca5785_eebd9d17-4be3-442d-9368-8fc1fb34dbaf.jpg/250x188.webp,9200,55.33414746561007,5820,52
788d814c-fd18-41c6-bf0d-53aa31a7901d,Volkswagen,Polo,Berline,PrivateSeller,4400,d,203000,05-2011,https://prod.pictures.autoscout24.net/listing-images/788d814c-fd18-41c6-bf0d-53aa31a7901d_e13efeef-a8fd-4537-9f0d-a4cecbee41ab.jpg/250x188.webp,2180,21.09149267089788,4239,169
16d70ab2-d3ae-4355-8095-85c2fa715d03,Volkswagen,Polo,Berline,PrivateSeller,4400,d,232429,08-2010,https://prod.pictures.autoscout24.net/listing-images/16d70ab2-d3ae-4355-8095-85c2fa715d03_fff623e7-223e-4313-b4cf-c588bdc8f91a.jpg/250x188.webp,1840,54.29299877782283,4512,172
10cd7524-09a5-453d-ba90-282f53827871,Volkswagen,Polo,Stadswagen,Dealer,4450,b,83000,04-2005,https://prod.pictures.autoscout24.net/listing-images/10cd7524-09a5-453d-ba90-282f53827871_0eab54c8-d973-4bcf-83c5-d6eb1b7c7948.jpg/250x188.webp,4460,114.8668906662163,6460,13
5e589ea8-2394-4e7b-b702-2f368cce9fac,Volkswagen,Touran,Break,Dealer,4450,d,244000,11-2012,https://prod.pictures.autoscout24.net/listing-images/5e589ea8-2394-4e7b-b702-2f368cce9fac_de2607ad-3296-4da7-bc58-f06a947ad441.jpg/250x188.webp,5140,104.85389989976589,3689,16
b1c4104a-9bea-42cd-ae78-75417ac208bf,Volkswagen,Golf,Berline,Dealer,4450,d,222000,09-2009,https://prod.pictures.autoscout24.net/listing-images/b1c4104a-9bea-42cd-ae78-75417ac208bf_96fb8097-398b-48bb-ae30-7fe6d6b949db.jpg/250x188.webp,1400,97.35176357549375,4846,21
f3df017a-a511-4dba-950a-7724dc1961fc,Volkswagen,Fox,Berline,Dealer,4450,b,57000,07-2007,https://prod.pictures.autoscout24.net/listing-images/f3df017a-a511-4dba-950a-7724dc1961fc_a5675413-986e-4dbd-9369-99943b636514.jpg/250x188.webp,1930,65.18883147641638,5639,22
53364f06-b137-4bde-abac-d4ce8a74c384,Volkswagen,Polo,Berline,Dealer,4450,d,203005,12-2010,https://prod.pictures.autoscout24.net/listing-images/53364f06-b137-4bde-abac-d4ce8a74c384_f07a9e80-90a7-401f-9a00-f69eb9c30fdd.jpg/250x188.webp,7033,120.92234590410432,4390,58
71820f55-6a03-44c2-8c09-859eeaad8929,Volkswagen,Caddy,Monovolume,Dealer,4450,d,230446,01-2006,https://prod.pictures.autoscout24.net/listing-images/71820f55-6a03-44c2-8c09-859eeaad8929_715900e5-6a67-476f-88eb-0379cbfe4527.jpg/250x188.webp,6043,111.88562923228113,6185,65
65cd30dc-ccf8-4000-a627-ddebe34c2674,Volkswagen,Golf,Berline,PrivateSeller,4450,b,150000,07-2006,https://prod.pictures.autoscout24.net/listing-images/65cd30dc-ccf8-4000-a627-ddebe34c2674_42a0813a-7874-4f95-a9ba-8f48f6f0bc5b.jpg/250x188.webp,1800,60.05560122441548,6004,175
5b8ad9a4-4141-4ee8-aa2a-035cf2058097,Volkswagen,Fox,Berline,Dealer,4490,b,107000,01-2007,https://prod.pictures.autoscout24.net/listing-images/5b8ad9a4-4141-4ee8-aa2a-035cf2058097_a590a023-f942-4777-a594-e14670c35472.jpg/250x188.webp,7370,128.14216834969352,5820,9
a2d14f84-734b-486c-9567-9f989ac7bcb8,Volkswagen,Golf,Berline,PrivateSeller,4490,b,158000,02-2004,https://prod.pictures.autoscout24.net/listing-images/a2d14f84-734b-486c-9567-9f989ac7bcb8_7b6ceb06-dcca-4388-a364-90684ebdc64c.jpg/250x188.webp,3640,93.71016005030347,6885,10
16b8b3c1-c659-4379-b726-8a5a46c41f57,Volkswagen,Jetta,Berline,Dealer,4490,d,202000,11-2010,https://prod.pictures.autoscout24.net/listing-images/16b8b3c1-c659-4379-b726-8a5a46c41f57_711f1e67-0ac3-4faf-88db-83ef2d64e3f9.jpg/250x188.webp,7333,120.19113271072128,4420,19
6b344120-1b3f-44d8-b90f-2f99a7030ce0,Volkswagen,Passat Variant,Break,Dealer,4490,d,275000,10-2007,https://prod.pictures.autoscout24.net/listing-images/6b344120-1b3f-44d8-b90f-2f99a7030ce0_29687653-af09-424a-9848-305b1fe089a0.jpg/250x188.webp,5070,122.22662855592974,5547,22
328dfc1b-0a67-428d-8253-7066df95d40c,Volkswagen,Beetle,Andere,Dealer,4490,b,117000,01-2002,https://prod.pictures.autoscout24.net/listing-images/328dfc1b-0a67-428d-8253-7066df95d40c_5c72760e-9144-4388-b4f6-fb49eb6df3d5.jpg/250x188.webp,5060,116.00750129472273,7646,31
11c4f4c2-dbff-4ab3-8614-a2ce884249d5,Volkswagen,Passat,Andere,PrivateSeller,4490,d,150000,10-2007,https://prod.pictures.autoscout24.net/listing-images/11c4f4c2-dbff-4ab3-8614-a2ce884249d5_11d8dace-ce1b-4a2f-a441-d6056685a047.jpg/250x188.webp,4000,118.53949006185148,5547,59
db95bb59-f9e8-4f20-bca9-0f4d2381808e,Volkswagen,Golf,Berline,Dealer,4499,d,251461,09-2010,https://prod.pictures.autoscout24.net/listing-images/db95bb59-f9e8-4f20-bca9-0f4d2381808e_29248ee2-7913-4c7b-84f0-2c9c14e7154e.jpg/250x188.webp,1820,61.11806276432271,4481,1
390e577f-f9e3-4092-910e-45e8e702371b,Volkswagen,Golf,Berline,PrivateSeller,4500,b,114000,03-2000,https://prod.pictures.autoscout24.net/listing-images/390e577f-f9e3-4092-910e-45e8e702371b_b6583361-f781-4724-8ea6-77387ed7285f.jpg/250x188.webp,9920,72.12530715362509,8317,0
33448a71-dc04-4b26-85e6-7784a2fae047,Volkswagen,Golf,Berline,Dealer,4500,b,114897,02-2008,https://prod.pictures.autoscout24.net/listing-images/33448a71-dc04-4b26-85e6-7784a2fae047_03e2896b-df53-4c32-8196-2734fbefb78a.jpg/250x188.webp,2382,39.86743595258549,5424,2
c2b670ec-eb15-48ce-8ac2-ab49c3f160f2,Volkswagen,Golf,Berline,PrivateSeller,4500,d,294000,01-2008,https://prod.pictures.autoscout24.net/listing-images/c2b670ec-eb15-48ce-8ac2-ab49c3f160f2_57858ecc-adcf-47e3-aa3d-7814ea7884fb.jpg/250x188.webp,3581,67.20468804740364,5455,2
17c6f0ff-4f46-4cd7-805c-fdcd8ea13676,Volkswagen,Golf,Berline,Dealer,4500,d,245000,01-2005,https://prod.pictures.autoscout24.net/listing-images/17c6f0ff-4f46-4cd7-805c-fdcd8ea13676_915ff162-45ca-4b89-a8b7-f37cbac68a76.jpg/250x188.webp,6700,222.44484417522085,6550,2
c3eafe0a-f760-40ce-9851-674e3ffe7162,Volkswagen,Polo,Berline,Dealer,4500,b,125000,01-2005,https://prod.pictures.autoscout24.net/listing-images/c3eafe0a-f760-40ce-9851-674e3ffe7162_caa2802e-2a28-484e-9e3a-57dbc02e68fc.jpg/250x188.webp,6700,222.44484417522085,6550,5
de06505b-5682-44d7-969e-b46ef1f55a43,Volkswagen,Touareg,SUV/4x4/Pick-up,PrivateSeller,4500,d,235000,08-2004,https://prod.pictures.autoscout24.net/listing-images/de06505b-5682-44d7-969e-b46ef1f55a43_f97a448f-6909-4907-b419-f4cc1cb9312d.jpg/250x188.webp,6031,117.04479587125066,6703,114
1a646936-3740-44d7-8f56-1e017565f81e,Volkswagen,Caddy,Monovolume,Dealer,4500,d,295000,04-2010,https://prod.pictures.autoscout24.net/listing-images/1a646936-3740-44d7-8f56-1e017565f81e_23619f6e-633b-4ede-aef0-fe8a68a32423.jpg/250x188.webp,7390,121.56764290915724,4634,9
3b823bb7-e146-4e37-a3f2-41337d3fa9cc,Volkswagen,Caddy,Monovolume,PrivateSeller,4500,d,293000,01-2011,https://prod.pictures.autoscout24.net/listing-images/3b823bb7-e146-4e37-a3f2-41337d3fa9cc_b448ca40-55d6-4f3f-b2a5-3671fecef4df.jpg/250x188.webp,2450,56.473188254834646,4359,10
dee6979a-0b98-4eb9-9ef3-c86b3fd7b221,Volkswagen,Sharan,Monovolume,Dealer,4500,d,276000,03-2009,https://prod.pictures.autoscout24.net/listing-images/dee6979a-0b98-4eb9-9ef3-c86b3fd7b221_e0e3898f-5ae7-4732-8a11-34dbb2f1ba97.jpg/250x188.webp,6560,131.1094961268063,5030,13
a1402306-4d5c-4dfa-b196-7221c02e1c06,Volkswagen,Golf,Berline,PrivateSeller,4500,b,195000,04-2009,https://prod.pictures.autoscout24.net/listing-images/a1402306-4d5c-4dfa-b196-7221c02e1c06_b621f7f3-f511-47e6-864d-414232f8461c.jpg/250x188.webp,4820,135.89752060472813,4999,15
7c64c84b-adf6-485f-bd43-f86eaea13bed,Volkswagen,Golf GTI,Berline,Dealer,4500,b,279000,07-2007,https://prod.pictures.autoscout24.net/listing-images/7c64c84b-adf6-485f-bd43-f86eaea13bed_f13e691a-9ae4-494f-8a6c-73ae77705782.jpg/250x188.webp,6661,164.54628212958488,5639,15
aec852af-b257-4d77-a1e2-4a12b0dc4e26,Volkswagen,Fox,Berline,Dealer,4500,b,100000,04-2011,https://prod.pictures.autoscout24.net/listing-images/aec852af-b257-4d77-a1e2-4a12b0dc4e26_5c070227-0aea-4b06-aaa1-b410f13a0f46.jpg/250x188.webp,1640,80.60400182928595,4269,16
4a8d73b8-ca03-41b4-8cb1-8217967f0b11,Volkswagen,Golf,Berline,PrivateSeller,4500,d,274000,04-2010,https://prod.pictures.autoscout24.net/listing-images/4a8d73b8-ca03-41b4-8cb1-8217967f0b11_9e9e1942-599c-49a9-ac07-f11dde6f8e84.jpg/250x188.webp,4140,136.87640052875136,4634,17
5fe65abc-f66b-4dc2-b839-0931730772dc,Volkswagen,Golf Variant,Break,Dealer,4500,d,220000,01-2010,https://prod.pictures.autoscout24.net/listing-images/5fe65abc-f66b-4dc2-b839-0931730772dc_3f33ff00-6bae-4758-85e1-1aa8f63c0feb.jpg/250x188.webp,6040,114.0742701643821,4724,20
09a97d63-d09f-4b65-9284-e877b13f3dd1,Volkswagen,Golf,Berline,PrivateSeller,4500,b,114000,02-1992,https://prod.pictures.autoscout24.net/listing-images/09a97d63-d09f-4b65-9284-e877b13f3dd1_f6117480-c7b9-4ac4-a9f8-91d9dbf2e83d.jpg/250x188.webp,9032,67.73238450613185,11268,22
98964a71-6e2f-464a-87de-2c83885ee16f,Volkswagen,Golf,Berline,PrivateSeller,4500,d,145000,01-2005,https://prod.pictures.autoscout24.net/listing-images/98964a71-6e2f-464a-87de-2c83885ee16f_0f76a4e8-797c-4661-86fe-cc7417271eae.jpg/250x188.webp,5060,116.00750129472273,6550,24
f64dec05-853a-413a-998b-b771a235c15d,Volkswagen,Polo,Berline,PrivateSeller,4500,d,207081,01-2008,https://prod.pictures.autoscout24.net/listing-images/f64dec05-853a-413a-998b-b771a235c15d_cd2b5b3d-14db-47c0-bf13-0f3a55b5cff1.jpg/250x188.webp,8480,108.37030503019517,5455,26
5f9df069-692b-4ae7-8acc-aca1eda4ee7b,Volkswagen,up!,Berline,Dealer,4500,b,148000,06-2012,https://prod.pictures.autoscout24.net/listing-images/5f9df069-692b-4ae7-8acc-aca1eda4ee7b_3a235c80-f881-4822-a6fe-cafc36409fad.jpg/250x188.webp,7390,121.56764290915724,3842,32
8ed43697-e92d-4341-aacf-b16f86c44105,Volkswagen,Fox,Berline,PrivateSeller,4500,b,250000,11-2009,https://prod.pictures.autoscout24.net/listing-images/8ed43697-e92d-4341-aacf-b16f86c44105_b36c4f42-9379-4ede-82a6-8b5c194c916f.jpg/250x188.webp,1180,74.57281408996285,4785,33
c1d04764-d0c0-4301-8ecb-104662555a4f,Volkswagen,T4,Andere,PrivateSeller,4500,d,245000,10-1994,https://prod.pictures.autoscout24.net/listing-images/c1d04764-d0c0-4301-8ecb-104662555a4f_c71640fa-5050-4255-85b6-213c4acb4eb7.jpg/250x188.webp,6200,119.77990387531518,10295,44
c916651e-be10-4d19-bfd4-46cd057c2025,Volkswagen,New Beetle,Cabriolet,Dealer,4500,d,285000,08-2005,https://prod.pictures.autoscout24.net/listing-images/c916651e-be10-4d19-bfd4-46cd057c2025_2341e5a9-f6bb-4626-9216-44d3765d5a12.jpg/250x188.webp,1420,87.49639779077864,6338,62
ea093f07-4f15-4988-b7d6-debb7836f6a7,Volkswagen,Polo,Berline,PrivateSeller,4500,d,198000,12-2009,https://prod.pictures.autoscout24.net/listing-images/ea093f07-4f15-4988-b7d6-debb7836f6a7_cd610b4b-429a-481e-8d08-f77a75475698.jpg/250x188.webp,1000,69.17270624549755,4755,66
b4ab0b50-0a4c-4a3e-9b55-9c166dadded0,Volkswagen,Touran,Monovolume,PrivateSeller,4500,d,206000,11-2004,https://prod.pictures.autoscout24.net/listing-images/b4ab0b50-0a4c-4a3e-9b55-9c166dadded0_ed7e30e8-1481-41df-af29-bfed1c7ced6c.jpg/250x188.webp,1340,89.46401378328262,6611,82
2f0a47d8-3242-4a2e-8ff9-a5f84d39b3ee,Volkswagen,Golf Plus,Berline,PrivateSeller,4500,b,201052,08-2005,https://prod.pictures.autoscout24.net/listing-images/2f0a47d8-3242-4a2e-8ff9-a5f84d39b3ee_f329830f-c530-44ba-bb5e-09a1224404f2.jpg/250x188.webp,9140,42.211874657394915,6338,93
502a4c7f-fc9c-4444-a96a-5fb6803e36a8,Volkswagen,New Beetle,Berline,PrivateSeller,4500,b,136253,02-2006,https://prod.pictures.autoscout24.net/listing-images/502a4c7f-fc9c-4444-a96a-5fb6803e36a8_a6025d50-6f17-4ba7-bf07-a7c54224f289.jpg/250x188.webp,3130,57.787749282016115,6154,103
aa81cb81-f85a-42a6-aa9b-121c8436ee47,Volkswagen,Polo,Berline,PrivateSeller,4500,b,107600,10-2004,https://prod.pictures.autoscout24.net/listing-images/aa81cb81-f85a-42a6-aa9b-121c8436ee47_f69f6c48-36a8-4160-a4e6-4abeeb07e669.jpg/250x188.webp,5640,127.88750807473824,6642,101
ec7d2442-5a65-44e9-aff4-545ad296d602,Volkswagen,Golf,SUV/4x4/Pick-up,PrivateSeller,4500,d,52000,01-1987,https://prod.pictures.autoscout24.net/listing-images/ec7d2442-5a65-44e9-aff4-545ad296d602_8b12d083-125e-4c33-9188-7067c35e85a6.jpg/250x188.webp,8840,116.35276756135268,13125,104
2c830fb7-c7ae-4fbc-b034-e5b279e8cbd5,Volkswagen,Golf Cabriolet,Cabriolet,PrivateSeller,4500,b,211000,12-2000,https://prod.pictures.autoscout24.net/listing-images/2c830fb7-c7ae-4fbc-b034-e5b279e8cbd5_26fa1cf5-4537-4c45-95ca-8cd738ed0249.jpg/250x188.webp,1932,66.67198913187099,8042,110
1dd9e004-592a-4550-83ef-a3062f17adf3,Volkswagen,Passat,Berline,PrivateSeller,4500,d,149400,01-2006,https://prod.pictures.autoscout24.net/listing-images/1dd9e004-592a-4550-83ef-a3062f17adf3_cf9b2d08-fce7-4872-8282-161b841cc57d.jpg/250x188.webp,7712,120.93531966597502,6185,119
de44160d-ddbf-41a0-9841-90d19a493538,Volkswagen,New Beetle,Cabriolet,PrivateSeller,4500,b,192000,08-2004,https://prod.pictures.autoscout24.net/listing-images/de44160d-ddbf-41a0-9841-90d19a493538_8c9953f9-c01e-4bbd-804e-45d796e0305a.jpg/250x188.webp,7011,117.50379775240164,6703,124
4ed0ac0c-43a1-4899-9f65-f4d76126989c,Volkswagen,LT,Andere,Dealer,4500,d,250000,07-2004,https://prod.pictures.autoscout24.net/listing-images/4ed0ac0c-43a1-4899-9f65-f4d76126989c_725d4991-8fd9-426f-84c8-316d8ae343a9.jpg/250x188.webp,1840,54.29299877782283,6734,140
63a362de-1021-4c5a-8483-82b971e3639d,Volkswagen,Crafter,Bestelwagen,Dealer,4500,d,340448,09-2010,https://prod.pictures.autoscout24.net/listing-images/63a362de-1021-4c5a-8483-82b971e3639d_20b07e42-f8a0-4dcc-8059-3c667c0c3a6c.jpg/250x188.webp,1910,61.06717284299515,4481,210
e848160c-1e63-490a-b9b9-abb3c7fa9748,Volkswagen,Golf,Andere,PrivateSeller,4500,d,48000,04-1984,https://prod.pictures.autoscout24.net/listing-images/e848160c-1e63-490a-b9b9-abb3c7fa9748_947eebdf-0367-45c5-9639-e4847815d4f2.jpg/250x188.webp,4630,129.1452608018519,14130,227
78700343-dad1-4667-bba5-bbd2e1d9ab7e,Volkswagen,Golf,Berline,Dealer,4500,d,292000,01-2008,https://prod.pictures.autoscout24.net/listing-images/78700343-dad1-4667-bba5-bbd2e1d9ab7e_8b601342-fd01-467b-987f-613435b90253.jpg/250x188.webp,3600,91.05707630102727,5455,1062
5a10bb98-1aba-49cd-94dc-bb3915d0c155,Volkswagen,Touran,Break,Dealer,4550,d,221000,09-2007,https://prod.pictures.autoscout24.net/listing-images/5a10bb98-1aba-49cd-94dc-bb3915d0c155_3d6d9670-c50b-4193-899e-dbe7c2ab4c90.jpg/250x188.webp,8792,100.82523021919492,5577,0
be3906b1-9597-4105-a919-9a504d6a298f,Volkswagen,Polo,Berline,PrivateSeller,4600,d,215000,11-2010,https://prod.pictures.autoscout24.net/listing-images/be3906b1-9597-4105-a919-9a504d6a298f_8c63b6b8-40b0-448b-8485-f3764f1008dd.jpg/250x188.webp,3400,85.59161669525486,4420,13
4f47d30f-cfdb-4808-a4ad-bb1d883c1a79,Volkswagen,Polo,Andere,PrivateSeller,4600,b,120000,07-2007,https://prod.pictures.autoscout24.net/listing-images/4f47d30f-cfdb-4808-a4ad-bb1d883c1a79_ca0089b1-f7b6-4eac-81fe-67edb6f3f6df.jpg/250x188.webp,4520,112.57318942534252,5639,32
fd65d65b-5674-4b17-8c08-ed2112bbe887,Volkswagen,Golf,Break,PrivateSeller,4600,d,210000,09-2009,https://prod.pictures.autoscout24.net/listing-images/fd65d65b-5674-4b17-8c08-ed2112bbe887_ad9a4f43-ae98-4ca0-8692-516013591a10.jpg/250x188.webp,1050,70.92422613330518,4846,39
cbe607a0-9f34-417e-9b6b-004a3a91d3c1,Volkswagen,Polo,Berline,Dealer,4600,d,211000,01-2010,https://prod.pictures.autoscout24.net/listing-images/cbe607a0-9f34-417e-9b6b-004a3a91d3c1_962dfde8-e1af-491b-82ac-9997202c7b98.jpg/250x188.webp,5651,131.8733569263315,4724,43
66caed92-f84c-44b7-b8e0-ea9ff5f156b0,Volkswagen,Golf Cabriolet,Andere,PrivateSeller,4600,b,210000,12-2000,https://prod.pictures.autoscout24.net/listing-images/66caed92-f84c-44b7-b8e0-ea9ff5f156b0_16effe46-98fd-4272-a7fd-87ee03911a3f.jpg/250x188.webp,1932,66.67198913187099,8042,67
32c75512-05b3-454a-9d34-b770020d0eae,Volkswagen,Polo,Andere,PrivateSeller,4600,d,192000,10-2011,https://prod.pictures.autoscout24.net/listing-images/32c75512-05b3-454a-9d34-b770020d0eae_cf325f55-72a0-4791-b853-20e6ba802112.jpg/250x188.webp,1020,66.36225311284039,4086,68
fc36557c-74cb-4a54-baac-61144ff55a49,Volkswagen,Polo,Berline,Dealer,4650,b,113146,10-2004,https://prod.pictures.autoscout24.net/listing-images/fc36557c-74cb-4a54-baac-61144ff55a49_97fc0d52-1b92-48d3-90e9-b5a42db176a7.jpg/250x188.webp,4100,122.70999344916741,6642,53
d9048959-f5c2-498f-bb16-f6facbc3b6f7,Volkswagen,Polo,Berline,Dealer,4651,b,102000,03-2009,https://prod.pictures.autoscout24.net/listing-images/d9048959-f5c2-498f-bb16-f6facbc3b6f7_4c4e8802-0da8-4bcf-870e-2f95ebf6a9f5.jpg/250x188.webp,2630,37.55427282853161,5030,7
b2965341-aa47-4d00-8095-b30dcf778d27,Volkswagen,,Break,PrivateSeller,4699,d,219000,12-2012,https://prod.pictures.autoscout24.net/listing-images/b2965341-aa47-4d00-8095-b30dcf778d27_4819af66-19ef-4fe4-9a5c-1fa2a39b11f3.jpg/250x188.webp,7110,114.70139141445502,3659,22
9e5ac1dc-927e-4346-8d32-41b20e6387b0,Volkswagen,up!,Berline,Dealer,4700,b,118000,08-2014,https://prod.pictures.autoscout24.net/listing-images/9e5ac1dc-927e-4346-8d32-41b20e6387b0_9ac0d510-40ac-46e1-b50d-3b640c7ef477.jpg/250x188.webp,6061,117.55452099458994,3051,13
f8a6a388-1806-476a-aed5-9f61bed5e20d,Volkswagen,Polo,Berline,Dealer,4700,d,188000,08-2010,https://prod.pictures.autoscout24.net/listing-images/f8a6a388-1806-476a-aed5-9f61bed5e20d_b191de09-b1f0-4cd5-bfc4-385a5ff08d02.jpg/250x188.webp,4180,138.30334648841682,4512,27
0ce533e3-e4de-4ae7-99be-507650d0444a,Volkswagen,Jetta,Berline,PrivateSeller,4700,d,104500,11-2006,https://prod.pictures.autoscout24.net/listing-images/0ce533e3-e4de-4ae7-99be-507650d0444a_d8142daa-1cb9-4f3f-9c71-e7568eae8cc5.jpg/250x188.webp,6040,114.0742701643821,5881,32
5907ddb7-bd48-4ee3-806d-cb264756486f,Volkswagen,Golf,Andere,PrivateSeller,4700,b,125000,10-1987,https://prod.pictures.autoscout24.net/listing-images/5907ddb7-bd48-4ee3-806d-cb264756486f_aa12f323-a070-411d-bacd-4821bf1768bb.jpg/250x188.webp,7012,120.36322565219064,12852,45
1c9a7c33-21c9-4a00-ad62-d305a8c32f83,Volkswagen,Golf,Berline,PrivateSeller,4700,d,221000,11-2010,https://prod.pictures.autoscout24.net/listing-images/1c9a7c33-21c9-4a00-ad62-d305a8c32f83_f35e8a8f-cb8b-4234-b496-bac440a78e36.jpg/250x188.webp,4400,117.24460891533398,4420,130
63651fc5-bc72-4788-89f9-0161b97578ee,Volkswagen,Golf,Berline,Dealer,4700,d,329873,01-1981,https://prod.pictures.autoscout24.net/listing-images/63651fc5-bc72-4788-89f9-0161b97578ee_78a97d89-8cae-475c-9d45-31a653814f69.jpg/250x188.webp,8830,110.14495439154433,15316,155
251dc575-3e0c-45a0-971f-ab9f153bc8f0,Volkswagen,Touareg,SUV/4x4/Pick-up,Dealer,4700,b,129580,05-2003,https://prod.pictures.autoscout24.net/listing-images/251dc575-3e0c-45a0-971f-ab9f153bc8f0_33e8a2ac-97ed-4242-b8ed-02c58ddee37d.jpg/250x188.webp,9280,57.52425726435139,7161,215
ac8b1e61-9271-4d4c-a17d-fd012931fad4,Volkswagen,Golf,Berline,Dealer,4750,b,149000,07-2004,https://prod.pictures.autoscout24.net/listing-images/ac8b1e61-9271-4d4c-a17d-fd012931fad4_11faeb68-0ce0-4f7c-9c51-260bdbdbf8da.jpg/250x188.webp,1130,63.740079129249956,6734,4
d161aa5d-0edc-4e2a-81df-e4b5bcc4eb47,Volkswagen,Polo,Berline,Dealer,4750,d,179000,10-2014,https://prod.pictures.autoscout24.net/listing-images/d161aa5d-0edc-4e2a-81df-e4b5bcc4eb47_4fb7ea88-b4ad-4b36-ac05-0b212fd8ca1a.jpg/250x188.webp,5140,104.85389989976589,2990,8
1fcf5bc7-752a-480d-96aa-dff45de483cf,Volkswagen,Golf Plus,Monovolume,Dealer,4750,d,233000,09-2007,https://prod.pictures.autoscout24.net/listing-images/1fcf5bc7-752a-480d-96aa-dff45de483cf_bb00c9ed-3f5b-4b09-844e-b0a31d9fcd7e.jpg/250x188.webp,9250,48.29700857036449,5577,10
7b234ddd-f4bd-474e-ac16-539ef199855f,Volkswagen,Polo,Berline,Dealer,4750,b,180000,10-2007,https://prod.pictures.autoscout24.net/listing-images/7b234ddd-f4bd-474e-ac16-539ef199855f_eaf7138a-b6a8-408a-ba04-6a5325438fa9.jpg/250x188.webp,1790,66.85097420004841,5547,11
50d01b86-98bb-475e-ae4f-e6661d908171,Volkswagen,Sharan,Monovolume,Dealer,4750,d,259000,01-2010,https://prod.pictures.autoscout24.net/listing-images/50d01b86-98bb-475e-ae4f-e6661d908171_d6c28a4e-2a7c-4430-b9d9-078140d9fa79.jpg/250x188.webp,6700,222.44484417522085,4724,15
fc4f37ae-e199-49cc-ab62-55fcfbe589b0,Volkswagen,Golf,Andere,PrivateSeller,4750,b,334000,11-2009,https://prod.pictures.autoscout24.net/listing-images/fc4f37ae-e199-49cc-ab62-55fcfbe589b0_5c90645d-146e-46ce-a25a-6711f93bfd10.jpg/250x188.webp,9160,52.83263590517851,4785,36
05675394-10d2-4c09-8167-14b2a4e3bc5c,Volkswagen,Golf,Berline,Dealer,4750,d,150400,03-2006,https://prod.pictures.autoscout24.net/listing-images/05675394-10d2-4c09-8167-14b2a4e3bc5c_69c76b62-a5ea-4e37-978b-7d85159583e9.jpg/250x188.webp,1780,63.273818071645216,6126,38
57d8f761-303d-422f-9c3f-bec83674f952,Volkswagen,Sharan,Monovolume,Dealer,4750,d,158000,08-2008,https://prod.pictures.autoscout24.net/listing-images/57d8f761-303d-422f-9c3f-bec83674f952_0dab0557-9e19-4209-9c08-35a1739c6624.jpg/250x188.webp,1400,97.35176357549375,5242,42
b934907a-5657-467d-903c-6c7a39de799e,Volkswagen,Polo,Berline,PrivateSeller,4750,b,121000,10-2008,https://prod.pictures.autoscout24.net/listing-images/b934907a-5657-467d-903c-6c7a39de799e_6bf298ac-483a-4cf7-b9e3-608e69648dcd.jpg/250x188.webp,6001,119.62548366163914,5181,46
479d4076-539a-4de5-8399-56e07f27c916,Volkswagen,Kever,Berline,PrivateSeller,4750,b,84700,08-1983,https://prod.pictures.autoscout24.net/listing-images/479d4076-539a-4de5-8399-56e07f27c916_ff89f2d8-4321-4257-b56c-a25faea4cce0.jpg/250x188.webp,9400,81.6799978132908,14374,72
adec572e-cd0c-4e30-a837-77f44f175f37,Volkswagen,Golf Cabriolet,Cabriolet,PrivateSeller,4750,b,278000,04-1984,https://prod.pictures.autoscout24.net/listing-images/adec572e-cd0c-4e30-a837-77f44f175f37_4f01d949-e68a-47a0-a1b7-46ccbb7688c0.jpg/250x188.webp,4280,100.603559971339,14130,147
e9c444a1-97ac-4fa4-80c8-ded51e336e5a,Volkswagen,Passat Variant,Break,PrivateSeller,4750,d,274000,01-2010,https://prod.pictures.autoscout24.net/listing-images/e9c444a1-97ac-4fa4-80c8-ded51e336e5a_ddf2407c-ab18-4b11-ba8c-2d25ae9af56b.jpg/250x188.webp,8450,106.8957537275807,4724,176
4b2003ae-d113-4731-8459-52b028696164,Volkswagen,T5 Multivan,Bestelwagen,Dealer,4790,d,300000,06-2009,https://prod.pictures.autoscout24.net/listing-images/4b2003ae-d113-4731-8459-52b028696164_eeb2ef23-5830-4b0e-b82b-65417ebd1a8d.jpg/250x188.webp,7380,129.95614046754844,4938,1
422e7ed7-8a11-41c0-b40b-587d255679c9,Volkswagen,Polo,Stadswagen,Dealer,4799,b,60000,01-2007,https://prod.pictures.autoscout24.net/listing-images/422e7ed7-8a11-41c0-b40b-587d255679c9_db37c50e-e028-4c70-a12d-2d17cfefeb7d.jpg/250x188.webp,1082,68.04437182438213,5820,21
f93d49aa-b743-4cbe-9e4a-72419b42e0db,Volkswagen,Golf GTI,Berline,PrivateSeller,4800,d,155000,07-2008,https://prod.pictures.autoscout24.net/listing-images/f93d49aa-b743-4cbe-9e4a-72419b42e0db_49dd06fd-ad0a-4e83-9f31-967edf94f5ef.jpg/250x188.webp,6120,127.2510320073132,5273,3
bb4e222e-4342-4136-9e26-a230493a8bf8,Volkswagen,Polo,Berline,Dealer,4800,b,98825,11-2005,https://prod.pictures.autoscout24.net/listing-images/bb4e222e-4342-4136-9e26-a230493a8bf8_74293050-7167-4587-ba64-5caaab3584d1.jpg/250x188.webp,1160,72.45305351002509,6246,17
c239e955-1792-46c5-8d69-d5b233ae4a78,Volkswagen,Caddy,Bestelwagen,PrivateSeller,4800,d,148000,06-2004,https://prod.pictures.autoscout24.net/listing-images/c239e955-1792-46c5-8d69-d5b233ae4a78_5063f3e4-da89-47ef-baf2-787fc6ce1ace.jpg/250x188.webp,8940,122.67454531275294,6764,21
f81cb973-2f4b-44dd-8871-7e4fae57bca6,Volkswagen,Golf Cabriolet,Cabriolet,PrivateSeller,4800,b,224000,07-1982,https://prod.pictures.autoscout24.net/listing-images/f81cb973-2f4b-44dd-8871-7e4fae57bca6_78a67225-99a0-490d-989b-c3a70fbd9c00.jpg/250x188.webp,1180,74.57281408996285,14770,44
d8a21bf5-c2a6-4fb9-b47e-8545bab9c33a,Volkswagen,Sharan,Monovolume,PrivateSeller,4800,d,196046,05-2006,https://prod.pictures.autoscout24.net/listing-images/d8a21bf5-c2a6-4fb9-b47e-8545bab9c33a_199ff1ed-0c38-4f4b-95f2-8dda6e8a4f6d.jpg/250x188.webp,9400,81.6799978132908,6065,52
5c51747d-5833-4081-ad2b-a9a90ab7723b,Volkswagen,Polo,Berline,PrivateSeller,4800,d,400000,10-2010,https://prod.pictures.autoscout24.net/listing-images/5c51747d-5833-4081-ad2b-a9a90ab7723b_130b3d20-3cdb-4e51-8172-23d17802698d.jpg/250x188.webp,1850,59.738651260413086,4451,68
6c129e52-b459-4036-a0b3-5299e8c40a99,Volkswagen,Polo,Berline,Dealer,4800,b,112373,03-2009,https://prod.pictures.autoscout24.net/listing-images/6c129e52-b459-4036-a0b3-5299e8c40a99_ed0ddf6b-249d-4904-ad8f-ae1af3f44ab8.jpg/250x188.webp,9860,75.70525305366282,5030,79
8a2f1d99-4909-479d-9fd3-e0b9192164ab,Volkswagen,Golf Variant,Break,PrivateSeller,4800,d,272000,04-2010,https://prod.pictures.autoscout24.net/listing-images/8a2f1d99-4909-479d-9fd3-e0b9192164ab_6fbbbdfc-80b2-49d9-91aa-b11ed40e93f0.jpg/250x188.webp,5000,115.13665852422378,4634,108
56c039f0-fc8b-453f-8e7e-be4954e243a0,Volkswagen,Polo,Berline,PrivateSeller,4850,b,122711,01-2005,https://prod.pictures.autoscout24.net/listing-images/56c039f0-fc8b-453f-8e7e-be4954e243a0_59c7d259-3177-476e-84ea-a04a3a72d93a.jpg/250x188.webp,1083,67.26476839570763,6550,4
5dd327b7-384c-4308-ac6e-78eb0b48c0af,Volkswagen,Golf,Berline,Dealer,4850,d,280829,09-2010,https://prod.pictures.autoscout24.net/listing-images/5dd327b7-384c-4308-ac6e-78eb0b48c0af_9d525180-07fe-4c0c-a959-54bd9eee2e54.jpg/250x188.webp,2610,33.817501233272104,4481,70
d70cb87c-c4a7-47f9-8d48-9e0a9d816907,Volkswagen,Golf,Berline,PrivateSeller,4899,b,101278,04-2007,https://prod.pictures.autoscout24.net/listing-images/d70cb87c-c4a7-47f9-8d48-9e0a9d816907_ca0c280b-139c-4221-bc88-a96939ddb232.jpg/250x188.webp,1861,58.463024564819776,5730,1
fd70600b-502e-44a2-a799-2f468cc5d994,Volkswagen,Polo,Berline,Dealer,4900,b,49000,09-2007,https://prod.pictures.autoscout24.net/listing-images/fd70600b-502e-44a2-a799-2f468cc5d994_b5d3a4d7-4b0e-4651-a7c1-97017feae900.jpg/250x188.webp,1140,66.17447866127165,5577,5
91d97024-cdd8-4541-8983-95db96534708,Volkswagen,Golf,Berline,PrivateSeller,4900,b,150000,06-2004,https://prod.pictures.autoscout24.net/listing-images/91d97024-cdd8-4541-8983-95db96534708_58c4aa4d-92cf-44c9-a37e-5d59ac9dd124.jpg/250x188.webp,9000,69.99787275902874,6764,8
cde32294-eb1a-4b79-9137-c2d6a9260489,Volkswagen,Transporter,Bestelwagen,Dealer,4900,d,315788,04-2007,https://prod.pictures.autoscout24.net/listing-images/cde32294-eb1a-4b79-9137-c2d6a9260489_f28c1bec-276d-4639-92e0-8fb517e6d568.jpg/250x188.webp,5140,104.85389989976589,5730,28
db07c986-2e73-43c1-9df0-ecbaac73ebc5,Volkswagen,T5,Bestelwagen,Dealer,4900,d,315788,04-2007,https://prod.pictures.autoscout24.net/listing-images/db07c986-2e73-43c1-9df0-ecbaac73ebc5_3e071489-9230-4244-978e-f66d44844aab.jpg/250x188.webp,5140,104.85389989976589,5730,28
015e35b9-3715-4ec9-908b-8edc7d0a361c,Volkswagen,Eos,Cabriolet,Dealer,4900,d,256000,05-2007,https://prod.pictures.autoscout24.net/listing-images/015e35b9-3715-4ec9-908b-8edc7d0a361c_19804820-348e-4fa7-a58d-f0393143fa91.jpg/250x188.webp,8791,102.62748120507626,5700,54
bfaf48aa-42a4-4442-bedd-c65e6a1c4534,Volkswagen,up!,Berline,PrivateSeller,4900,b,120000,06-2012,https://prod.pictures.autoscout24.net/listing-images/bfaf48aa-42a4-4442-bedd-c65e6a1c4534_949a403e-8f8f-4401-b465-fca9d0c38a6e.jpg/250x188.webp,1000,69.17270624549755,3842,122
5d7c504f-190e-4a12-ae78-b07bed84023b,Volkswagen,Golf Cabriolet,Cabriolet,PrivateSeller,4900,b,211000,12-2000,https://prod.pictures.autoscout24.net/listing-images/5d7c504f-190e-4a12-ae78-b07bed84023b_7b1fddb3-4b0f-4d12-b4a5-9e4e5c9841e4.jpg/250x188.webp,1932,66.67198913187099,8042,121
0a9ceaa6-7556-4865-b13a-3d043ee882a2,Volkswagen,Polo,Berline,PrivateSeller,4900,b,90000,11-2005,https://prod.pictures.autoscout24.net/listing-images/0a9ceaa6-7556-4865-b13a-3d043ee882a2_c55ceb87-ee76-40a0-8bb9-ced2d3943253.jpg/250x188.webp,1970,69.8972659895319,6246,177
3b75ebb6-e3ae-43fd-9122-c5f8dfbef9e2,Volkswagen,Polo,Berline,Dealer,4900,d,180000,06-2010,https://prod.pictures.autoscout24.net/listing-images/3b75ebb6-e3ae-43fd-9122-c5f8dfbef9e2_d1c93144-8027-484b-964d-9db72348b695.jpg/250x188.webp,1850,59.738651260413086,4573,219
327091cc-1a2b-493f-91ea-253a8a8ea2cf,Volkswagen,Crafter,Bestelwagen,Dealer,4900,d,125000,03-1997,https://prod.pictures.autoscout24.net/listing-images/327091cc-1a2b-493f-91ea-253a8a8ea2cf_49a08b86-6697-4ad3-91b3-9325c7c4ec5b.jpg/250x188.webp,6250,115.60596353389253,9413,242
f066bf42-fb78-1135-e053-e350040a401e,Volkswagen,Golf Cabriolet,Cabriolet,Dealer,4900,d,199000,08-2002,https://prod.pictures.autoscout24.net/listing-images/f066bf42-fb78-1135-e053-e350040a401e_a6bcfbc8-dcb2-4556-a303-5b90cef63281.jpg/250x188.webp,3600,91.05707630102727,7434,2196
a3e4de21-bccb-41b7-9e41-8b3807a81add,Volkswagen,Polo,Berline,Dealer,4950,b,38995,03-2005,https://prod.pictures.autoscout24.net/listing-images/a3e4de21-bccb-41b7-9e41-8b3807a81add_64a3efc1-8455-4628-9b24-0edbd505abcb.jpg/250x188.webp,1850,59.738651260413086,6491,39
bc984c01-2113-416e-9f39-1ba533ceccd4,Volkswagen,Polo Cross,Berline,Dealer,4950,d,140000,05-2006,https://prod.pictures.autoscout24.net/listing-images/bc984c01-2113-416e-9f39-1ba533ceccd4_a889bd09-a7a3-493e-a4f9-586f945bdba7.jpg/250x188.webp,4837,141.89823462131352,6065,3
fd226012-b1f6-4a6c-ab04-cc1367d3f490,Volkswagen,Golf,Berline,Dealer,4950,d,270000,01-2011,https://prod.pictures.autoscout24.net/listing-images/fd226012-b1f6-4a6c-ab04-cc1367d3f490_b823802e-f46f-474e-a8ef-a69fb7db9ff6.jpg/250x188.webp,9320,67.86826786112259,4359,6
44299480-4e57-4c5f-a070-6adda2c5c036,Volkswagen,Polo,Berline,PrivateSeller,4950,b,70000,12-2003,https://prod.pictures.autoscout24.net/listing-images/44299480-4e57-4c5f-a070-6adda2c5c036_70b87a77-2d30-427c-87e2-b287116dade1.jpg/250x188.webp,2610,33.817501233272104,6947,7
b8a3f2bc-4b9c-4d1e-97b9-36361d5969ea,Volkswagen,Golf Plus,Monovolume,Dealer,4950,d,210000,07-2011,https://prod.pictures.autoscout24.net/listing-images/b8a3f2bc-4b9c-4d1e-97b9-36361d5969ea_0bf16db0-e1ae-47e7-8b30-85c9b596535e.jpg/250x188.webp,5170,123.91459628158174,4178,10
b9d85456-45f6-4873-b8c4-fc49df690eb2,Volkswagen,Golf,Berline,Dealer,4950,d,195900,05-2010,https://prod.pictures.autoscout24.net/listing-images/b9d85456-45f6-4873-b8c4-fc49df690eb2_457a2120-c407-4617-a42b-da8f89c3dfcb.jpg/250x188.webp,3940,72.49261206065027,4604,13
cc6ab749-49ed-40fb-a09b-6bd36a4b9967,Volkswagen,Polo,Andere,Dealer,4950,d,157450,07-2011,https://prod.pictures.autoscout24.net/listing-images/cc6ab749-49ed-40fb-a09b-6bd36a4b9967_484d8832-a23e-47ec-ad15-5e30fa905677.jpg/250x188.webp,3600,91.05707630102727,4178,37
cc22fdbb-52ae-4348-8eb7-7e85af16496d,Volkswagen,Fox,Berline,PrivateSeller,4950,b,77791,05-2011,https://prod.pictures.autoscout24.net/listing-images/cc22fdbb-52ae-4348-8eb7-7e85af16496d_072fe9fc-b6ce-4195-bbe9-e414c291d9a0.jpg/250x188.webp,1332,83.00295983788637,4239,47
7197a311-1d23-4774-89f5-bb98bd3b9933,Volkswagen,Polo,Berline,Dealer,4950,d,200520,03-2010,https://prod.pictures.autoscout24.net/listing-images/7197a311-1d23-4774-89f5-bb98bd3b9933_5d90626b-82f8-49ae-95f3-90ac16d2db7d.jpg/250x188.webp,6043,111.88562923228113,4665,65
24ccd523-ae72-46e0-aba1-e4806b23c968,Volkswagen,New Beetle,Cabriolet,Dealer,4950,d,256001,02-2011,https://prod.pictures.autoscout24.net/listing-images/24ccd523-ae72-46e0-aba1-e4806b23c968_613e1e79-37c6-4657-bc76-f24e09ae7ad7.jpg/250x188.webp,7110,114.70139141445502,4328,80
a2c84d34-76e3-4f23-a795-c8645f04fdf6,Volkswagen,Golf,Berline,Dealer,4950,b,213000,12-1997,https://prod.pictures.autoscout24.net/listing-images/a2c84d34-76e3-4f23-a795-c8645f04fdf6_854a8d39-2714-4646-a9de-8e02a6b8d790.jpg/250x188.webp,4020,121.60247278825214,9138,106
6a76354e-897d-4465-a3ba-659d082106d9,Volkswagen,Polo,Berline,Dealer,4980,b,121946,02-2004,https://prod.pictures.autoscout24.net/listing-images/6a76354e-897d-4465-a3ba-659d082106d9_e0b3def4-d126-4254-8ea0-53a393cb7ae7.jpg/250x188.webp,8570,100.49126072839948,6885,3
bab287f2-5a7b-4ffb-a654-31931288e2c6,Volkswagen,Polo,Berline,PrivateSeller,4990,b,190000,06-2013,https://prod.pictures.autoscout24.net/listing-images/bab287f2-5a7b-4ffb-a654-31931288e2c6_d094b52e-ad0a-476e-acd4-a85f716c446d.jpg/250x188.webp,7000,118.39471915054493,3477,2
9db0d297-5c34-43fd-9932-ac734e461af1,Volkswagen,Golf,Berline,Dealer,4990,d,171355,12-2010,https://prod.pictures.autoscout24.net/listing-images/9db0d297-5c34-43fd-9932-ac734e461af1_90a9c8e3-6c66-42f2-8d28-fe1e3d9915d5.jpg/250x188.webp,6460,156.12207477645916,4390,2
b58ad8c5-7a05-4a60-9c63-7dff3f166cd6,Volkswagen,Golf,Berline,Dealer,4990,d,182000,05-2007,https://prod.pictures.autoscout24.net/listing-images/b58ad8c5-7a05-4a60-9c63-7dff3f166cd6_a311d024-6e90-4a14-8571-d1dfef544885.jpg/250x188.webp,6250,115.60596353389253,5700,5
37ee53d3-e031-45e8-a761-b1a633417a37,Volkswagen,Golf,Berline,Dealer,4990,d,226606,09-2007,https://prod.pictures.autoscout24.net/listing-images/37ee53d3-e031-45e8-a761-b1a633417a37_05b4be15-ed35-4272-8e80-ee048e53ee37.jpg/250x188.webp,4710,138.55074659169972,5577,8
7a114cf2-96ad-4ff9-9833-77b1ef1f4843,Volkswagen,Polo,Berline,Dealer,4990,d,186586,05-2009,https://prod.pictures.autoscout24.net/listing-images/7a114cf2-96ad-4ff9-9833-77b1ef1f4843_bd5ff7e2-25fe-4bdb-8fe0-3a37e401fa61.jpg/250x188.webp,4040,120.39133917274062,4969,14
084f229e-06ba-4702-a810-315be5095471,Volkswagen,Polo,Berline,Dealer,4990,d,186000,06-2014,https://prod.pictures.autoscout24.net/listing-images/084f229e-06ba-4702-a810-315be5095471_63f9dde6-2521-42dd-992d-23cce219fc2e.jpg/250x188.webp,7000,118.39471915054493,3112,36
eb06dd82-b404-4de5-b2d3-6cff39d981e6,Volkswagen,Polo GTI,Berline,Dealer,4990,b,134552,03-2001,https://prod.pictures.autoscout24.net/listing-images/eb06dd82-b404-4de5-b2d3-6cff39d981e6_26a9a0a8-57d3-4bfd-9baf-841c80cee9ea.jpg/250x188.webp,1410,83.89428081314767,7952,167
12a94e2b-9995-493f-b78c-639cc8e6a4dd,Volkswagen,T4 California,Bestelwagen,Dealer,4990,d,290000,06-1991,https://prod.pictures.autoscout24.net/listing-images/12a94e2b-9995-493f-b78c-639cc8e6a4dd_42c85124-560b-448d-bede-6948cce81171.jpg/250x188.webp,7390,121.56764290915724,11513,257
4ca45174-b580-4ba5-b2cf-2f2573807220,Volkswagen,Golf GTI,Berline,Dealer,4999,b,190000,08-2005,https://prod.pictures.autoscout24.net/listing-images/4ca45174-b580-4ba5-b2cf-2f2573807220_6abc1873-1a63-41ed-b03e-80e9b75bbeb8.jpg/250x188.webp,3630,102.97605198560623,6338,22
fb82f6c6-bda6-4c78-948f-9e292bb4566f,Volkswagen,Polo Cross,Berline,Dealer,4999,b,148000,11-2008,https://prod.pictures.autoscout24.net/listing-images/fb82f6c6-bda6-4c78-948f-9e292bb4566f_82012495-079a-489f-98de-870c80ea5dbf.jpg/250x188.webp,1950,67.41758827634925,5150,30
f131718c-b88f-4b41-8c07-3f289ce4fedf,Volkswagen,Golf Cabriolet,Cabriolet,Dealer,4999,b,212000,01-1995,https://prod.pictures.autoscout24.net/listing-images/f131718c-b88f-4b41-8c07-3f289ce4fedf_ae5e7c25-f4ee-47a8-bf13-065ddb4c6c07.jpg/250x188.webp,1740,70.11361067497609,10203,37
3f1a445f-0251-44a8-b376-0015f9169c23,Volkswagen,Golf Variant,Break,Dealer,4999,d,190000,01-2011,https://prod.pictures.autoscout24.net/listing-images/3f1a445f-0251-44a8-b376-0015f9169c23_87f0b569-70b6-46a0-be36-1247ac37c825.jpg/250x188.webp,1700,70.90697373704198,4359,48
1aa9fb6c-e4b5-4742-b33b-29dfa74eb686,Volkswagen,Golf,Andere,Dealer,4999,d,114000,01-1990,https://prod.pictures.autoscout24.net/listing-images/1aa9fb6c-e4b5-4742-b33b-29dfa74eb686_73f07da9-fcee-445a-9348-6631815b79d3.jpg/250x188.webp,4520,112.57318942534252,12029,58
69b32e4e-e8bd-48bb-9bcd-a7dc5067b082,Volkswagen,Caddy,Bestelwagen,Dealer,4999,d,179000,04-2010,https://prod.pictures.autoscout24.net/listing-images/69b32e4e-e8bd-48bb-9bcd-a7dc5067b082_886b0b08-0643-4e5b-9ef3-2dd19c679323.jpg/250x188.webp,4101,118.87833085700652,4634,63
1d185461-4b68-42ab-be7d-1481cb2be392,Volkswagen,Polo,Berline,Dealer,4999,d,185000,01-2014,https://prod.pictures.autoscout24.net/listing-images/1d185461-4b68-42ab-be7d-1481cb2be392_6492f679-9bb9-4d1a-aa4c-c6cf7a7dd871.jpg/250x188.webp,8791,102.62748120507626,3263,70
66ecb550-871f-4d7f-93c6-a29ee96a848a,Volkswagen,Golf,Berline,Dealer,4999,d,175000,10-2004,https://prod.pictures.autoscout24.net/listing-images/66ecb550-871f-4d7f-93c6-a29ee96a848a_8d02f287-5e96-4052-8d96-295a9953a3f5.jpg/250x188.webp,4100,122.70999344916741,6642,118
2ff2dc06-8050-4790-9194-185f0846bda1,Volkswagen,up!,Berline,Dealer,4999,b,124995,03-2013,https://prod.pictures.autoscout24.net/listing-images/2ff2dc06-8050-4790-9194-185f0846bda1_ff1a1c5a-7e23-4466-93f5-768081b393e1.jpg/250x188.webp,3730,99.27898289790359,3569,121
d1c3d1be-16ef-4007-8dc0-5f8cb4b048b2,Volkswagen,Passat,Berline,PrivateSeller,4999,d,204000,05-2008,https://prod.pictures.autoscout24.net/listing-images/d1c3d1be-16ef-4007-8dc0-5f8cb4b048b2_b20eaaa5-3728-47ed-b525-0a4ace508168.jpg/250x188.webp,9470,70.35725979546946,5334,121
4792a7a3-846e-4780-a4c5-1932edf353f4,Volkswagen,Polo,Berline,PrivateSeller,4999,d,194000,10-2011,https://prod.pictures.autoscout24.net/listing-images/4792a7a3-846e-4780-a4c5-1932edf353f4_44e00410-2c81-4f8f-87d3-66cf0c8bec0f.jpg/250x188.webp,6042,115.26230394846887,4086,148
f4f33484-8846-8321-e053-e250040ac8fe,Volkswagen,Golf,Berline,PrivateSeller,4999,d,343000,09-2011,https://prod.pictures.autoscout24.net/listing-images/f4f33484-8846-8321-e053-e250040ac8fe_0d8ab124-9043-418b-b371-08ecc9fa7255.jpg/250x188.webp,1742,69.69838599851911,4116,1363
d71f9b94-4c86-4baa-a220-9bd44e9cd0fa,Volkswagen,New Beetle,Berline,Dealer,5000,b,154187,04-2007,https://prod.pictures.autoscout24.net/listing-images/d71f9b94-4c86-4baa-a220-9bd44e9cd0fa_6c74d3d9-9513-473a-8029-3bb5656bfabe.jpg/250x188.webp,2830,45.04397020411872,5730,2
85d2a434-79a2-4450-8060-39a5ae9ee250,Volkswagen,Polo,Berline,PrivateSeller,5000,b,98000,12-1989,https://prod.pictures.autoscout24.net/listing-images/85d2a434-79a2-4450-8060-39a5ae9ee250_40cdd7b5-7d1f-4ce6-bb14-3fbfb0b53cd9.jpg/250x188.webp,2800,49.170515286575046,12060,4
8ccea8c0-d3eb-4d56-a284-df3b0cff8a8e,Volkswagen,Golf,Andere,PrivateSeller,5000,d,171000,10-2005,https://prod.pictures.autoscout24.net/listing-images/8ccea8c0-d3eb-4d56-a284-df3b0cff8a8e_32721dfe-f0ee-47c7-b8e1-01248aed6d59.jpg/250x188.webp,4620,127.14057578222531,6277,4
573eeba0-3345-490f-a4d3-8a2646658056,Volkswagen,Touran,Monovolume,Dealer,5000,d,200000,12-2011,https://prod.pictures.autoscout24.net/listing-images/573eeba0-3345-490f-a4d3-8a2646658056_5a6999a7-2071-43b9-9947-2c06159c2882.jpg/250x188.webp,1700,70.90697373704198,4025,5
14ab6569-a281-48ec-9254-d6faaeadc20b,Volkswagen,Golf,Berline,PrivateSeller,5000,b,176000,12-2004,https://prod.pictures.autoscout24.net/listing-images/14ab6569-a281-48ec-9254-d6faaeadc20b_b9169504-73e6-48d1-bc80-553231ead4e0.jpg/250x188.webp,9140,42.211874657394915,6581,10
5ad96da8-cf74-496f-8494-4f46164b85bd,Volkswagen,Golf Variant,Break,PrivateSeller,5000,d,208900,06-2011,https://prod.pictures.autoscout24.net/listing-images/5ad96da8-cf74-496f-8494-4f46164b85bd_8cb04763-5ff5-4c23-b2fe-5ff0fb376090.jpg/250x188.webp,1460,93.45243141575202,4208,12
31bf8f44-7b46-4e9c-bea9-aaede0f93eda,Volkswagen,Golf,Berline,PrivateSeller,5000,b,61680,01-2006,https://prod.pictures.autoscout24.net/listing-images/31bf8f44-7b46-4e9c-bea9-aaede0f93eda_45f51851-6ea3-46a1-aade-1584537a40b2.jpg/250x188.webp,1070,71.06367211068877,6185,16
df85f956-0a9c-49fe-b3c5-6b33e309fc35,Volkswagen,,Berline,PrivateSeller,5000,d,280000,04-2010,https://prod.pictures.autoscout24.net/listing-images/df85f956-0a9c-49fe-b3c5-6b33e309fc35_fef831ec-b923-4de8-b84f-ce19949ba0e1.jpg/250x188.webp,1000,69.17270624549755,4634,18
a96c029a-212f-435b-a6e3-f65fe443d8b4,Volkswagen,Jetta,Berline,PrivateSeller,5000,d,148000,09-2008,https://prod.pictures.autoscout24.net/listing-images/a96c029a-212f-435b-a6e3-f65fe443d8b4_cd82ca6e-55b4-49df-96f8-da45671a371c.jpg/250x188.webp,8840,116.35276756135268,5211,18
85bf1df0-0d98-4f7d-a009-f3aa0d5c8fd6,Volkswagen,Golf,Berline,PrivateSeller,5000,b,150000,05-2005,https://prod.pictures.autoscout24.net/listing-images/85bf1df0-0d98-4f7d-a009-f3aa0d5c8fd6_0cba2c3a-1725-424b-9af2-680b67b4e179.jpg/250x188.webp,3840,95.80189373827943,6430,22
70f04e9f-6b5c-4601-81e3-2eca20055712,Volkswagen,Caddy,Bestelwagen,PrivateSeller,5000,d,255000,02-2012,https://prod.pictures.autoscout24.net/listing-images/70f04e9f-6b5c-4601-81e3-2eca20055712_9a6537e1-d6a7-43a7-8b4d-cb056c8d7cc4.jpg/250x188.webp,1070,71.06367211068877,3963,26
d04d2995-b8e3-42db-8018-6fe6b0ebb0b5,Volkswagen,Golf,Berline,PrivateSeller,5000,d,165010,05-2009,https://prod.pictures.autoscout24.net/listing-images/d04d2995-b8e3-42db-8018-6fe6b0ebb0b5_0fa9a53b-17d6-433a-b9cf-2c86c0f01974.jpg/250x188.webp,3360,71.02444788798984,4969,30
15b60dd8-83ef-4bfa-bd27-86b39c53f4f9,Volkswagen,Kever,Berline,PrivateSeller,5000,b,97500,02-1983,https://prod.pictures.autoscout24.net/listing-images/15b60dd8-83ef-4bfa-bd27-86b39c53f4f9_ad5340a6-ffcf-4d58-8483-ade148fbf8d6.jpg/250x188.webp,3270,64.63308240631308,14555,30
f70842ef-61df-4fc1-a2d6-71a59831d08d,Volkswagen,Golf,Cabriolet,PrivateSeller,5000,b,194000,07-1992,https://prod.pictures.autoscout24.net/listing-images/f70842ef-61df-4fc1-a2d6-71a59831d08d_ab192f32-cc96-4dca-9d39-8be2dce4cdfc.jpg/250x188.webp,2960,17.223668147311386,11117,37
a8d91a2b-2c8e-4432-842a-72c76448f561,Volkswagen,T5 Multivan,Monovolume,PrivateSeller,5000,d,248830,10-2008,https://prod.pictures.autoscout24.net/listing-images/a8d91a2b-2c8e-4432-842a-72c76448f561_eefa93c5-dfae-434b-a95f-d97b5b6e10ae.jpg/250x188.webp,4122,126.32617879878741,5181,38
8905dfd9-fc02-44cb-b6a5-95fe94af619a,Volkswagen,Jetta,Berline,PrivateSeller,5000,d,135000,03-2006,https://prod.pictures.autoscout24.net/listing-images/8905dfd9-fc02-44cb-b6a5-95fe94af619a_2f51b24e-5a00-4a3c-ab38-bbf83ec6c3b8.jpg/250x188.webp,4681,119.08974846572711,6126,47
d75b8013-9786-4e2b-8b45-8f848898d77e,Volkswagen,up!,Berline,PrivateSeller,5000,b,83000,12-2012,https://prod.pictures.autoscout24.net/listing-images/d75b8013-9786-4e2b-8b45-8f848898d77e_bfeb57ab-4967-4b42-a897-042bfd045c11.jpg/250x188.webp,1348,89.49012249591198,3659,50
4fbe2ccb-fa2a-4507-8e10-9634201132d8,Volkswagen,Touran,Andere,PrivateSeller,5000,d,250000,01-2012,https://prod.pictures.autoscout24.net/listing-images/4fbe2ccb-fa2a-4507-8e10-9634201132d8_8d58a665-99b3-4897-b6cc-4e55a7552129.jpg/250x188.webp,2800,49.170515286575046,3994,50
0eb886c1-aad7-48a7-a2a3-8b7ecdd256b1,Volkswagen,Golf,Berline,Dealer,5000,d,184000,10-2010,https://prod.pictures.autoscout24.net/listing-images/0eb886c1-aad7-48a7-a2a3-8b7ecdd256b1_814a0c8a-2bd2-4e9f-b364-bb31a557f141.jpg/250x188.webp,1790,66.85097420004841,4451,54
a5204f1b-6212-458f-845e-02659007ef3e,Volkswagen,Touran,Stadswagen,PrivateSeller,5000,d,209000,07-2007,https://prod.pictures.autoscout24.net/listing-images/a5204f1b-6212-458f-845e-02659007ef3e_a9701d8c-18e3-4bb7-af30-d92a3e709436.jpg/250x188.webp,6900,152.64983349574425,5639,57
45fd7c73-4d21-4e7f-8f46-6eab7fc8c1a4,Volkswagen,Golf,Berline,PrivateSeller,5000,d,270000,10-2010,https://prod.pictures.autoscout24.net/listing-images/45fd7c73-4d21-4e7f-8f46-6eab7fc8c1a4_4bf263d4-32e0-4c3d-8c64-212adeadd435.jpg/250x188.webp,7971,118.56173619654942,4451,70
12529dea-bc30-4108-9101-b2449e36c4bb,Volkswagen,Passat,Berline,PrivateSeller,5000,d,190000,06-2009,https://prod.pictures.autoscout24.net/listing-images/12529dea-bc30-4108-9101-b2449e36c4bb_39d750f2-22a5-420e-b6dd-cd07d63467ff.jpg/250x188.webp,4020,121.60247278825214,4938,81
662b0cd1-40a3-442a-a656-b89c2d492cf6,Volkswagen,New Beetle,Cabriolet,PrivateSeller,5000,d,195000,07-2005,https://prod.pictures.autoscout24.net/listing-images/662b0cd1-40a3-442a-a656-b89c2d492cf6_64666d24-3878-4693-802b-e5969d5ac2f2.jpg/250x188.webp,1547,91.33117712382152,6369,72
81740224-1990-46d3-a972-016f2eb925ba,Volkswagen,Golf,Berline,PrivateSeller,5000,d,241000,10-2007,https://prod.pictures.autoscout24.net/listing-images/81740224-1990-46d3-a972-016f2eb925ba_53b94bd7-2885-487c-be02-2338f846a60e.jpg/250x188.webp,1930,65.18883147641638,5547,73
89afb694-1f14-4bab-815f-32fd0cac0221,Volkswagen,Eos,Cabriolet,PrivateSeller,5000,d,192600,10-2009,https://prod.pictures.autoscout24.net/listing-images/89afb694-1f14-4bab-815f-32fd0cac0221_6d32d99b-0616-4527-b111-0935711b6fe6.jpg/250x188.webp,6230,103.29127026743572,4816,73
0583cf8b-c642-4184-8a67-1664d5fcddf1,Volkswagen,Golf,Berline,PrivateSeller,5000,d,210000,11-2008,https://prod.pictures.autoscout24.net/listing-images/0583cf8b-c642-4184-8a67-1664d5fcddf1_9cc68917-2cb8-44d8-91f2-c46064d3f141.jpg/250x188.webp,4800,137.3735948615729,5150,74
c7a43426-2090-444a-923c-591b0eafda8b,Volkswagen,T4,Bestelwagen,PrivateSeller,5000,b,191000,03-1993,https://prod.pictures.autoscout24.net/listing-images/c7a43426-2090-444a-923c-591b0eafda8b_f3ec37ee-86a8-43ea-86b7-bd512fc5c5ad.jpg/250x188.webp,4190,138.68878430326495,10874,80
4fbb88f5-8b51-42f6-bab5-db8f07ed831a,Volkswagen,Passat,Berline,Dealer,5000,d,200000,11-2005,https://prod.pictures.autoscout24.net/listing-images/4fbb88f5-8b51-42f6-bab5-db8f07ed831a_ed6e8a6a-067e-4f4f-8140-06752fdf1e5d.jpg/250x188.webp,3071,63.331240175135186,6246,84
006ff8d2-97d7-45ab-92df-1044d0442734,Volkswagen,Touran,Monovolume,PrivateSeller,5000,d,298254,05-2007,https://prod.pictures.autoscout24.net/listing-images/006ff8d2-97d7-45ab-92df-1044d0442734_4821b462-dc1e-46d2-95f1-83dfeb7bad4d.jpg/250x188.webp,1170,74.19826431632877,5700,86
de9c82fc-0667-4924-9ee7-ddb35720131a,Volkswagen,Golf Cabriolet,Cabriolet,PrivateSeller,5000,b,117000,03-1983,https://prod.pictures.autoscout24.net/listing-images/de9c82fc-0667-4924-9ee7-ddb35720131a_020ccbd0-95a0-4f00-a4a4-10edbf625cae.jpg/250x188.webp,5070,122.22662855592974,14527,88
bc5e8821-788e-4abe-b23d-813328fb3910,Volkswagen,New Beetle,Cabriolet,PrivateSeller,5000,b,140000,12-2003,https://prod.pictures.autoscout24.net/listing-images/bc5e8821-788e-4abe-b23d-813328fb3910_b7a22756-463c-4852-b81b-a48c08f9e94c.jpg/250x188.webp,3271,60.47716564007307,6947,134
878d690d-3b9c-4c76-9bd8-3bbfd8db7cd8,Volkswagen,Passat CC,Berline,PrivateSeller,5000,d,246000,12-2008,https://prod.pictures.autoscout24.net/listing-images/878d690d-3b9c-4c76-9bd8-3bbfd8db7cd8_02a52d42-075f-4a28-83da-5002dacc3de7.jpg/250x188.webp,4700,143.97766881241236,5120,144
d71f9b94-4c86-4baa-a220-9bd44e9cd0fa,Volkswagen,New Beetle,Berline,Dealer,5000,b,154187,04-2007,https://prod.pictures.autoscout24.net/listing-images/d71f9b94-4c86-4baa-a220-9bd44e9cd0fa_6c74d3d9-9513-473a-8029-3bb5656bfabe.jpg/250x188.webp,2830,45.04397020411872,5730,2
85d2a434-79a2-4450-8060-39a5ae9ee250,Volkswagen,Polo,Berline,PrivateSeller,5000,b,98000,12-1989,https://prod.pictures.autoscout24.net/listing-images/85d2a434-79a2-4450-8060-39a5ae9ee250_40cdd7b5-7d1f-4ce6-bb14-3fbfb0b53cd9.jpg/250x188.webp,2800,49.170515286575046,12060,4
8ccea8c0-d3eb-4d56-a284-df3b0cff8a8e,Volkswagen,Golf,Andere,PrivateSeller,5000,d,171000,10-2005,https://prod.pictures.autoscout24.net/listing-images/8ccea8c0-d3eb-4d56-a284-df3b0cff8a8e_32721dfe-f0ee-47c7-b8e1-01248aed6d59.jpg/250x188.webp,4620,127.14057578222531,6277,4
573eeba0-3345-490f-a4d3-8a2646658056,Volkswagen,Touran,Monovolume,Dealer,5000,d,200000,12-2011,https://prod.pictures.autoscout24.net/listing-images/573eeba0-3345-490f-a4d3-8a2646658056_5a6999a7-2071-43b9-9947-2c06159c2882.jpg/250x188.webp,1700,70.90697373704198,4025,5
14ab6569-a281-48ec-9254-d6faaeadc20b,Volkswagen,Golf,Berline,PrivateSeller,5000,b,176000,12-2004,https://prod.pictures.autoscout24.net/listing-images/14ab6569-a281-48ec-9254-d6faaeadc20b_b9169504-73e6-48d1-bc80-553231ead4e0.jpg/250x188.webp,9140,42.211874657394915,6581,10
5ad96da8-cf74-496f-8494-4f46164b85bd,Volkswagen,Golf Variant,Break,PrivateSeller,5000,d,208900,06-2011,https://prod.pictures.autoscout24.net/listing-images/5ad96da8-cf74-496f-8494-4f46164b85bd_8cb04763-5ff5-4c23-b2fe-5ff0fb376090.jpg/250x188.webp,1460,93.45243141575202,4208,12
31bf8f44-7b46-4e9c-bea9-aaede0f93eda,Volkswagen,Golf,Berline,PrivateSeller,5000,b,61680,01-2006,https://prod.pictures.autoscout24.net/listing-images/31bf8f44-7b46-4e9c-bea9-aaede0f93eda_45f51851-6ea3-46a1-aade-1584537a40b2.jpg/250x188.webp,1070,71.06367211068877,6185,16
df85f956-0a9c-49fe-b3c5-6b33e309fc35,Volkswagen,,Berline,PrivateSeller,5000,d,280000,04-2010,https://prod.pictures.autoscout24.net/listing-images/df85f956-0a9c-49fe-b3c5-6b33e309fc35_fef831ec-b923-4de8-b84f-ce19949ba0e1.jpg/250x188.webp,1000,69.17270624549755,4634,18
a96c029a-212f-435b-a6e3-f65fe443d8b4,Volkswagen,Jetta,Berline,PrivateSeller,5000,d,148000,09-2008,https://prod.pictures.autoscout24.net/listing-images/a96c029a-212f-435b-a6e3-f65fe443d8b4_cd82ca6e-55b4-49df-96f8-da45671a371c.jpg/250x188.webp,8840,116.35276756135268,5211,18
85bf1df0-0d98-4f7d-a009-f3aa0d5c8fd6,Volkswagen,Golf,Berline,PrivateSeller,5000,b,150000,05-2005,https://prod.pictures.autoscout24.net/listing-images/85bf1df0-0d98-4f7d-a009-f3aa0d5c8fd6_0cba2c3a-1725-424b-9af2-680b67b4e179.jpg/250x188.webp,3840,95.80189373827943,6430,22
70f04e9f-6b5c-4601-81e3-2eca20055712,Volkswagen,Caddy,Bestelwagen,PrivateSeller,5000,d,255000,02-2012,https://prod.pictures.autoscout24.net/listing-images/70f04e9f-6b5c-4601-81e3-2eca20055712_9a6537e1-d6a7-43a7-8b4d-cb056c8d7cc4.jpg/250x188.webp,1070,71.06367211068877,3963,26
d04d2995-b8e3-42db-8018-6fe6b0ebb0b5,Volkswagen,Golf,Berline,PrivateSeller,5000,d,165010,05-2009,https://prod.pictures.autoscout24.net/listing-images/d04d2995-b8e3-42db-8018-6fe6b0ebb0b5_0fa9a53b-17d6-433a-b9cf-2c86c0f01974.jpg/250x188.webp,3360,71.02444788798984,4969,30
15b60dd8-83ef-4bfa-bd27-86b39c53f4f9,Volkswagen,Kever,Berline,PrivateSeller,5000,b,97500,02-1983,https://prod.pictures.autoscout24.net/listing-images/15b60dd8-83ef-4bfa-bd27-86b39c53f4f9_ad5340a6-ffcf-4d58-8483-ade148fbf8d6.jpg/250x188.webp,3270,64.63308240631308,14555,30
f70842ef-61df-4fc1-a2d6-71a59831d08d,Volkswagen,Golf,Cabriolet,PrivateSeller,5000,b,194000,07-1992,https://prod.pictures.autoscout24.net/listing-images/f70842ef-61df-4fc1-a2d6-71a59831d08d_ab192f32-cc96-4dca-9d39-8be2dce4cdfc.jpg/250x188.webp,2960,17.223668147311386,11117,37
a8d91a2b-2c8e-4432-842a-72c76448f561,Volkswagen,T5 Multivan,Monovolume,PrivateSeller,5000,d,248830,10-2008,https://prod.pictures.autoscout24.net/listing-images/a8d91a2b-2c8e-4432-842a-72c76448f561_eefa93c5-dfae-434b-a95f-d97b5b6e10ae.jpg/250x188.webp,4122,126.32617879878741,5181,38
8905dfd9-fc02-44cb-b6a5-95fe94af619a,Volkswagen,Jetta,Berline,PrivateSeller,5000,d,135000,03-2006,https://prod.pictures.autoscout24.net/listing-images/8905dfd9-fc02-44cb-b6a5-95fe94af619a_2f51b24e-5a00-4a3c-ab38-bbf83ec6c3b8.jpg/250x188.webp,4681,119.08974846572711,6126,47
d75b8013-9786-4e2b-8b45-8f848898d77e,Volkswagen,up!,Berline,PrivateSeller,5000,b,83000,12-2012,https://prod.pictures.autoscout24.net/listing-images/d75b8013-9786-4e2b-8b45-8f848898d77e_bfeb57ab-4967-4b42-a897-042bfd045c11.jpg/250x188.webp,1348,89.49012249591198,3659,50
4fbe2ccb-fa2a-4507-8e10-9634201132d8,Volkswagen,Touran,Andere,PrivateSeller,5000,d,250000,01-2012,https://prod.pictures.autoscout24.net/listing-images/4fbe2ccb-fa2a-4507-8e10-9634201132d8_8d58a665-99b3-4897-b6cc-4e55a7552129.jpg/250x188.webp,2800,49.170515286575046,3994,50
0eb886c1-aad7-48a7-a2a3-8b7ecdd256b1,Volkswagen,Golf,Berline,Dealer,5000,d,184000,10-2010,https://prod.pictures.autoscout24.net/listing-images/0eb886c1-aad7-48a7-a2a3-8b7ecdd256b1_814a0c8a-2bd2-4e9f-b364-bb31a557f141.jpg/250x188.webp,1790,66.85097420004841,4451,54
a5204f1b-6212-458f-845e-02659007ef3e,Volkswagen,Touran,Stadswagen,PrivateSeller,5000,d,209000,07-2007,https://prod.pictures.autoscout24.net/listing-images/a5204f1b-6212-458f-845e-02659007ef3e_a9701d8c-18e3-4bb7-af30-d92a3e709436.jpg/250x188.webp,6900,152.64983349574425,5639,57
45fd7c73-4d21-4e7f-8f46-6eab7fc8c1a4,Volkswagen,Golf,Berline,PrivateSeller,5000,d,270000,10-2010,https://prod.pictures.autoscout24.net/listing-images/45fd7c73-4d21-4e7f-8f46-6eab7fc8c1a4_4bf263d4-32e0-4c3d-8c64-212adeadd435.jpg/250x188.webp,7971,118.56173619654942,4451,70
12529dea-bc30-4108-9101-b2449e36c4bb,Volkswagen,Passat,Berline,PrivateSeller,5000,d,190000,06-2009,https://prod.pictures.autoscout24.net/listing-images/12529dea-bc30-4108-9101-b2449e36c4bb_39d750f2-22a5-420e-b6dd-cd07d63467ff.jpg/250x188.webp,4020,121.60247278825214,4938,81
662b0cd1-40a3-442a-a656-b89c2d492cf6,Volkswagen,New Beetle,Cabriolet,PrivateSeller,5000,d,195000,07-2005,https://prod.pictures.autoscout24.net/listing-images/662b0cd1-40a3-442a-a656-b89c2d492cf6_64666d24-3878-4693-802b-e5969d5ac2f2.jpg/250x188.webp,1547,91.33117712382152,6369,72
81740224-1990-46d3-a972-016f2eb925ba,Volkswagen,Golf,Berline,PrivateSeller,5000,d,241000,10-2007,https://prod.pictures.autoscout24.net/listing-images/81740224-1990-46d3-a972-016f2eb925ba_53b94bd7-2885-487c-be02-2338f846a60e.jpg/250x188.webp,1930,65.18883147641638,5547,73
89afb694-1f14-4bab-815f-32fd0cac0221,Volkswagen,Eos,Cabriolet,PrivateSeller,5000,d,192600,10-2009,https://prod.pictures.autoscout24.net/listing-images/89afb694-1f14-4bab-815f-32fd0cac0221_6d32d99b-0616-4527-b111-0935711b6fe6.jpg/250x188.webp,6230,103.29127026743572,4816,73
0583cf8b-c642-4184-8a67-1664d5fcddf1,Volkswagen,Golf,Berline,PrivateSeller,5000,d,210000,11-2008,https://prod.pictures.autoscout24.net/listing-images/0583cf8b-c642-4184-8a67-1664d5fcddf1_9cc68917-2cb8-44d8-91f2-c46064d3f141.jpg/250x188.webp,4800,137.3735948615729,5150,74
c7a43426-2090-444a-923c-591b0eafda8b,Volkswagen,T4,Bestelwagen,PrivateSeller,5000,b,191000,03-1993,https://prod.pictures.autoscout24.net/listing-images/c7a43426-2090-444a-923c-591b0eafda8b_f3ec37ee-86a8-43ea-86b7-bd512fc5c5ad.jpg/250x188.webp,4190,138.68878430326495,10874,80
4fbb88f5-8b51-42f6-bab5-db8f07ed831a,Volkswagen,Passat,Berline,Dealer,5000,d,200000,11-2005,https://prod.pictures.autoscout24.net/listing-images/4fbb88f5-8b51-42f6-bab5-db8f07ed831a_ed6e8a6a-067e-4f4f-8140-06752fdf1e5d.jpg/250x188.webp,3071,63.331240175135186,6246,84
006ff8d2-97d7-45ab-92df-1044d0442734,Volkswagen,Touran,Monovolume,PrivateSeller,5000,d,298254,05-2007,https://prod.pictures.autoscout24.net/listing-images/006ff8d2-97d7-45ab-92df-1044d0442734_4821b462-dc1e-46d2-95f1-83dfeb7bad4d.jpg/250x188.webp,1170,74.19826431632877,5700,86
de9c82fc-0667-4924-9ee7-ddb35720131a,Volkswagen,Golf Cabriolet,Cabriolet,PrivateSeller,5000,b,117000,03-1983,https://prod.pictures.autoscout24.net/listing-images/de9c82fc-0667-4924-9ee7-ddb35720131a_020ccbd0-95a0-4f00-a4a4-10edbf625cae.jpg/250x188.webp,5070,122.22662855592974,14527,88
bc5e8821-788e-4abe-b23d-813328fb3910,Volkswagen,New Beetle,Cabriolet,PrivateSeller,5000,b,140000,12-2003,https://prod.pictures.autoscout24.net/listing-images/bc5e8821-788e-4abe-b23d-813328fb3910_b7a22756-463c-4852-b81b-a48c08f9e94c.jpg/250x188.webp,3271,60.47716564007307,6947,134
878d690d-3b9c-4c76-9bd8-3bbfd8db7cd8,Volkswagen,Passat CC,Berline,PrivateSeller,5000,d,246000,12-2008,https://prod.pictures.autoscout24.net/listing-images/878d690d-3b9c-4c76-9bd8-3bbfd8db7cd8_02a52d42-075f-4a28-83da-5002dacc3de7.jpg/250x188.webp,4700,143.97766881241236,5120,144
b987bc15-9608-4e95-9b95-8dfd8e9a4aab,Volkswagen,Golf Plus,Monovolume,PrivateSeller,5000,d,227144,06-2010,https://prod.pictures.autoscout24.net/listing-images/b987bc15-9608-4e95-9b95-8dfd8e9a4aab_fd81354c-78d4-40fc-bcbc-5e6009961421.jpg/250x188.webp,1450,99.21070750653318,4573,144
ba74dc7a-458b-453d-bd47-219a59f71963,Volkswagen,Polo,Berline,PrivateSeller,5000,d,206000,06-2010,https://prod.pictures.autoscout24.net/listing-images/ba74dc7a-458b-453d-bd47-219a59f71963_17aaba99-7a01-4570-8ec4-20e933a47899.jpg/250x188.webp,9032,67.73238450613185,4573,152
02be0bc1-4c3f-4009-a1d0-53e4274dd65a,Volkswagen,Golf GTI,Berline,PrivateSeller,5000,b,280000,05-2006,https://prod.pictures.autoscout24.net/listing-images/02be0bc1-4c3f-4009-a1d0-53e4274dd65a_8515400c-642c-42fa-8311-ef1f96b44ed3.jpg/250x188.webp,1910,61.06717284299515,6065,159
01b02a4e-cad1-438b-8416-5cdf82445c65,Volkswagen,Polo,Berline,PrivateSeller,5000,d,143000,05-2011,https://prod.pictures.autoscout24.net/listing-images/01b02a4e-cad1-438b-8416-5cdf82445c65_52b32857-6b3a-4ed1-a65d-fb8a8a73fcf5.jpg/250x188.webp,7141,116.47101900243793,4239,177
c95b144f-4c5b-4217-ae9f-973f77482c13,Volkswagen,Golf,Stadswagen,PrivateSeller,5000,d,194015,01-2010,https://prod.pictures.autoscout24.net/listing-images/c95b144f-4c5b-4217-ae9f-973f77482c13_489a4d60-cb1a-4b12-a076-2d4e181550dc.jpg/250x188.webp,3806,89.48446022846983,4724,309
3d5eab4c-ab76-48fd-beda-48c953a5c62e,Volkswagen,Jetta,Berline,PrivateSeller,5100,d,121247,01-2008,https://prod.pictures.autoscout24.net/listing-images/3d5eab4c-ab76-48fd-beda-48c953a5c62e_f89375c4-db94-4361-9b32-3a526da0d744.jpg/250x188.webp,3400,85.59161669525486,5455,50
3228d720-d5f5-47b2-a950-b6eb6414db4b,Volkswagen,Golf Variant,Break,Dealer,5150,d,184766,01-2009,https://prod.pictures.autoscout24.net/listing-images/3228d720-d5f5-47b2-a950-b6eb6414db4b_0e8a22ea-b3c7-4ef4-8027-f16590ae5c06.jpg/250x188.webp,7033,120.92234590410432,5089,14
39f65ea9-6fc2-43db-9a49-fec4670e31aa,Volkswagen,Polo,Stadswagen,PrivateSeller,5150,d,206000,10-2010,https://prod.pictures.autoscout24.net/listing-images/39f65ea9-6fc2-43db-9a49-fec4670e31aa_eb1d7898-231d-40a0-99d9-e93255aa224a.jpg/250x188.webp,2340,29.26614947790753,4451,16
f2684eb8-e00e-46ae-acf4-9c46a4c06c21,Volkswagen,Golf,Berline,Dealer,5150,d,240422,05-2012,https://prod.pictures.autoscout24.net/listing-images/f2684eb8-e00e-46ae-acf4-9c46a4c06c21_e297db34-db16-4f68-941b-1ec44825bc39.jpg/250x188.webp,6001,119.62548366163914,3873,51
383f820b-13a7-4e2f-b0d1-dfba89c6e18a,Volkswagen,Golf,Berline,PrivateSeller,5200,d,208000,06-2009,https://prod.pictures.autoscout24.net/listing-images/383f820b-13a7-4e2f-b0d1-dfba89c6e18a_15776471-101a-4c5b-a356-d1ab41d0f710.jpg/250x188.webp,9680,92.89489303042835,4938,19
62d50030-03f5-46b6-9642-25f75cc32a0e,Volkswagen,New Beetle,Cabriolet,Dealer,5200,b,140000,12-2009,https://prod.pictures.autoscout24.net/listing-images/62d50030-03f5-46b6-9642-25f75cc32a0e_42102bfe-05c4-4d3b-bce1-178d5455282c.jpg/250x188.webp,1440,88.54751756589805,4755,21
9e872cc8-0977-45c4-a1a6-a0b90e0e45a1,Volkswagen,Golf,Berline,Dealer,5200,b,155346,07-2008,https://prod.pictures.autoscout24.net/listing-images/9e872cc8-0977-45c4-a1a6-a0b90e0e45a1_01e6528e-fd02-4e38-8d47-199b13cb911c.jpg/250x188.webp,7100,111.04432979756132,5273,27
0aa28197-9665-4f12-89bc-254564fc8a0b,Volkswagen,Golf Plus,Monovolume,Dealer,5200,d,116000,11-2007,https://prod.pictures.autoscout24.net/listing-images/0aa28197-9665-4f12-89bc-254564fc8a0b_c22f005e-0008-49a0-a4c7-e483fbfea715.jpg/250x188.webp,8530,105.8653486907627,5516,33
5d3f7f71-42d2-4d6d-a8c2-34f66464a91c,Volkswagen,Polo,Andere,PrivateSeller,5200,d,190000,12-2012,https://prod.pictures.autoscout24.net/listing-images/5d3f7f71-42d2-4d6d-a8c2-34f66464a91c_9484e495-cae6-4c64-bd8d-b54963612540.jpg/250x188.webp,7390,121.56764290915724,3659,50
79312378-5712-4d8b-833f-9923656d46b1,Volkswagen,Kever,Andere,PrivateSeller,5200,b,82000,01-1969,https://prod.pictures.autoscout24.net/listing-images/79312378-5712-4d8b-833f-9923656d46b1_bc67ebd9-b76a-4745-b2ac-a5c4f61c7c2b.jpg/250x188.webp,2310,24.21853136100992,19699,56
aa259c05-06e9-42e3-9e6c-99c52d9dd009,Volkswagen,T4 Caravelle,Monovolume,PrivateSeller,5200,d,361000,11-2000,https://prod.pictures.autoscout24.net/listing-images/aa259c05-06e9-42e3-9e6c-99c52d9dd009_d5c4a3b3-70e7-485c-ac67-6b8a08453928.jpg/250x188.webp,3990,78.29825218048973,8072,70
02203811-93a2-4c4e-8cec-bdee7ead8fbe,Volkswagen,Passat Variant,Break,PrivateSeller,5200,d,243060,09-2009,https://prod.pictures.autoscout24.net/listing-images/02203811-93a2-4c4e-8cec-bdee7ead8fbe_806c09e8-19cf-48ed-828c-896cd69efe1b.jpg/250x188.webp,4000,118.53949006185148,4846,71
8fe9052d-3545-4162-b918-c2f042d81d56,Volkswagen,Beetle,Berline,PrivateSeller,5200,b,70500,01-2012,https://prod.pictures.autoscout24.net/listing-images/8fe9052d-3545-4162-b918-c2f042d81d56_9b65fc41-6f1b-4327-87c6-24ac434190c1.jpg/250x188.webp,1020,66.36225311284039,3994,88
44e5623e-67dc-4743-8784-bd0909dff75b,Volkswagen,Golf Plus,Monovolume,Dealer,5200,b,70000,02-2006,https://prod.pictures.autoscout24.net/listing-images/44e5623e-67dc-4743-8784-bd0909dff75b_2d37fd5a-a612-42c0-95f5-c5c626c56068.jpg/250x188.webp,1480,90.6722887329444,6154,97
b115f56e-d44a-41e6-84e9-aec8bbd9bdf4,Volkswagen,Polo,Berline,PrivateSeller,5200,d,77770,07-2007,https://prod.pictures.autoscout24.net/listing-images/b115f56e-d44a-41e6-84e9-aec8bbd9bdf4_5963da3f-d092-41e7-b10e-f481b4cca92b.jpg/250x188.webp,1640,80.60400182928595,5639,110
6a4141ed-0361-4f41-8eed-0d58a5c6aa1e,Volkswagen,Caddy,Monovolume,PrivateSeller,5200,d,2300000,08-2011,https://prod.pictures.autoscout24.net/listing-images/6a4141ed-0361-4f41-8eed-0d58a5c6aa1e_edf9ba4d-a4ce-4f3e-914a-b86c5dbade4d.jpg/250x188.webp,1190,73.06612059240499,4147,122
eb2ae170-b45b-4d61-a2a1-9976ec423431,Volkswagen,Golf Plus,Berline,PrivateSeller,5200,d,200000,07-2011,https://prod.pictures.autoscout24.net/listing-images/eb2ae170-b45b-4d61-a2a1-9976ec423431_517695f8-eeaa-4e3d-8c12-53b4ac211216.jpg/250x188.webp,6000,117.49014599385939,4178,151
762f5d97-d4f7-4a12-a2c5-6d85ba89bddd,Volkswagen,Polo,Berline,Dealer,5200,b,113579,03-2009,https://prod.pictures.autoscout24.net/listing-images/762f5d97-d4f7-4a12-a2c5-6d85ba89bddd_fc83ae13-65fc-41df-8c0c-9342867e6861.jpg/250x188.webp,8520,107.45339579517565,5030,267
86fc8c93-7fc9-4283-b4ff-f6443043ef1d,Volkswagen,Polo,Berline,Dealer,5250,b,86000,08-2007,https://prod.pictures.autoscout24.net/listing-images/86fc8c93-7fc9-4283-b4ff-f6443043ef1d_fc193294-e3c2-44dd-a8f6-ae3da49c7fa1.jpg/250x188.webp,1600,78.61296004280759,5608,140
8be97c19-fd66-4a59-993e-950f4bad09b5,Volkswagen,Golf Variant,Break,Dealer,5250,d,239000,05-2012,https://prod.pictures.autoscout24.net/listing-images/8be97c19-fd66-4a59-993e-950f4bad09b5_ea0d5007-3e28-4683-b57c-2be6e5ff082d.jpg/250x188.webp,1300,83.88957347991013,3873,7
8313d644-10b6-49af-8319-9a64a94f0396,Volkswagen,Golf,Berline,Dealer,5250,b,160000,10-2008,https://prod.pictures.autoscout24.net/listing-images/8313d644-10b6-49af-8319-9a64a94f0396_b9072744-0858-40fd-b02b-b4a8db7acfd6.jpg/250x188.webp,1731,64.67551938133373,5181,22
d5801187-b285-4e09-b98e-4b1359ec35e7,Volkswagen,Golf,Andere,PrivateSeller,5250,d,188000,06-2009,https://prod.pictures.autoscout24.net/listing-images/d5801187-b285-4e09-b98e-4b1359ec35e7_cd5ee282-ba80-4ae0-9437-afa5a50c7d58.jpg/250x188.webp,2850,42.29864607065253,4938,31
bf1f3a8a-c6d2-42a9-a761-602a596a6318,Volkswagen,Golf,Andere,PrivateSeller,5250,l,241000,10-2009,https://prod.pictures.autoscout24.net/listing-images/bf1f3a8a-c6d2-42a9-a761-602a596a6318_b2f9502c-4593-4e7f-bf6a-39fa3508ed12.jpg/250x188.webp,3960,88.39034768583157,4816,49
f4797c9a-13dc-4422-bf75-55aed65718fd,Volkswagen,LT,Andere,Dealer,5250,d,270000,03-2003,https://prod.pictures.autoscout24.net/listing-images/f4797c9a-13dc-4422-bf75-55aed65718fd_bb5e7a66-211d-4e22-a3b8-27fd50c19036.jpg/250x188.webp,1840,54.29299877782283,7222,253
0180538d-62d7-4b73-b46b-57e7d0bdfcac,Volkswagen,Golf,Berline,PrivateSeller,5300,d,185000,11-2010,https://prod.pictures.autoscout24.net/listing-images/0180538d-62d7-4b73-b46b-57e7d0bdfcac_294a44f9-0a07-45d1-ae6b-f192cbc32248.jpg/250x188.webp,4030,123.41360490886457,4420,18
1178c148-bc2a-4cef-a341-9a03131fe042,Volkswagen,New Beetle,Cabriolet,PrivateSeller,5300,b,128000,03-2006,https://prod.pictures.autoscout24.net/listing-images/1178c148-bc2a-4cef-a341-9a03131fe042_5d2a46c8-531c-4194-9cb5-e5bf7a2ad50e.jpg/250x188.webp,2180,21.09149267089788,6126,19
ab67d13b-acf3-44a0-9581-c643491aab5b,Volkswagen,Phaeton,Berline,PrivateSeller,5300,b,200000,10-2003,https://prod.pictures.autoscout24.net/listing-images/ab67d13b-acf3-44a0-9581-c643491aab5b_d3e05f73-5a02-457d-b6fa-f34dff305dd4.jpg/250x188.webp,2800,49.170515286575046,7008,30
23d5ebe2-bc15-4675-aeea-c360765b3ad0,Volkswagen,Golf,Berline,PrivateSeller,5300,b,136182,11-2004,https://prod.pictures.autoscout24.net/listing-images/23d5ebe2-bc15-4675-aeea-c360765b3ad0_49dce230-482e-4e46-a65e-619823f7a5cc.jpg/250x188.webp,8940,122.67454531275294,6611,33
e02e7ddb-d80f-4776-a52c-90c4f362c4c7,Volkswagen,Polo,Berline,Dealer,5300,b,179000,09-2013,https://prod.pictures.autoscout24.net/listing-images/e02e7ddb-d80f-4776-a52c-90c4f362c4c7_af177ee5-a02c-49f7-9e8d-bb23c11b28fe.jpg/250x188.webp,4100,122.70999344916741,3385,42
56d93889-e7ff-48cc-952f-b2e4967f6995,Volkswagen,Caddy,Bestelwagen,Dealer,5300,d,170510,09-2008,https://prod.pictures.autoscout24.net/listing-images/56d93889-e7ff-48cc-952f-b2e4967f6995_c8ad1291-533b-4c93-b252-f125fb5a5c20.jpg/250x188.webp,1700,70.90697373704198,5211,45
9911550b-c8bd-42fa-9d52-ac7b9c3e885d,Volkswagen,Polo,Berline,PrivateSeller,5300,d,178000,10-2012,https://prod.pictures.autoscout24.net/listing-images/9911550b-c8bd-42fa-9d52-ac7b9c3e885d_6338a177-7792-487b-b424-e175e82fc74b.jpg/250x188.webp,6044,114.30340847106793,3720,179
3f9f61ba-fa86-4e91-99f1-2fb487fdb174,Volkswagen,Golf,Berline,Dealer,5350,b,118000,11-2004,https://prod.pictures.autoscout24.net/listing-images/3f9f61ba-fa86-4e91-99f1-2fb487fdb174_9b882ff8-a701-4956-886e-d3b1a5ff4c96.jpg/250x188.webp,1930,65.18883147641638,6611,5
8e39aebc-8f2d-409d-9dc6-0c714cf5fa00,Volkswagen,Golf,Andere,PrivateSeller,5350,d,215000,11-2011,https://prod.pictures.autoscout24.net/listing-images/8e39aebc-8f2d-409d-9dc6-0c714cf5fa00_6ee5b050-32f7-4fa1-a7a0-b084b76da768.jpg/250x188.webp,1030,66.85598932704684,4055,13
18854951-f1a8-41d7-8ed9-7b902abe4f7e,Volkswagen,Polo,Berline,Dealer,5350,b,62000,10-2008,https://prod.pictures.autoscout24.net/listing-images/18854951-f1a8-41d7-8ed9-7b902abe4f7e_304f252d-10b3-4f28-887b-cfe46d6bf966.jpg/250x188.webp,1420,87.49639779077864,5181,78
2ef5daea-f4d5-4ea1-a327-29ae1c5ceff2,Volkswagen,Polo,Berline,PrivateSeller,5350,d,189000,12-2011,https://prod.pictures.autoscout24.net/listing-images/2ef5daea-f4d5-4ea1-a327-29ae1c5ceff2_5af336e9-5c66-4282-b8dc-fa0fb9b1083c.jpg/250x188.webp,4040,120.39133917274062,4025,141
8bf29387-ce15-4b5d-9945-8b84bdc25787,Volkswagen,Golf,Berline,Dealer,5400,d,280000,12-2010,https://prod.pictures.autoscout24.net/listing-images/8bf29387-ce15-4b5d-9945-8b84bdc25787_72b660fe-c407-419c-9621-9089309667cb.jpg/250x188.webp,1070,71.06367211068877,4390,5
9e0bec0a-d45e-4051-8ae9-ea55901f8ec4,Volkswagen,Touran,Monovolume,PrivateSeller,5400,d,251000,07-2011,https://prod.pictures.autoscout24.net/listing-images/9e0bec0a-d45e-4051-8ae9-ea55901f8ec4_a3cfe1ce-913a-4f19-928f-b8c039d7887a.jpg/250x188.webp,3700,103.11033326257076,4178,10
abb64a67-f48b-4710-95d4-3551b8055958,Volkswagen,up!,Berline,PrivateSeller,5400,b,84000,06-2012,https://prod.pictures.autoscout24.net/listing-images/abb64a67-f48b-4710-95d4-3551b8055958_6b13c3d3-4f0a-4bc1-b38b-420a6bfa98b5.jpg/250x188.webp,1730,61.98157406185932,3842,72
c8fe24ab-1d85-465c-a3d2-338586c1bddc,Volkswagen,Jetta,Berline,Dealer,5450,b,155000,06-2009,https://prod.pictures.autoscout24.net/listing-images/c8fe24ab-1d85-465c-a3d2-338586c1bddc_a03d0c6f-9c84-4afb-8452-42d36a535574.jpg/250x188.webp,8800,107.24415982689398,4938,85
028d21e7-1943-4596-a518-47a4a7c7d865,Volkswagen,Golf,Berline,Dealer,5450,d,190221,06-2010,https://prod.pictures.autoscout24.net/listing-images/028d21e7-1943-4596-a518-47a4a7c7d865_96f4cca6-2a23-4a36-9f41-244fd570067b.jpg/250x188.webp,8800,107.24415982689398,4573,0
81b4fc35-9fcd-4875-8598-503c3ac77a63,Volkswagen,Polo,Berline,PrivateSeller,5450,d,182247,08-2011,https://prod.pictures.autoscout24.net/listing-images/81b4fc35-9fcd-4875-8598-503c3ac77a63_9d0adf95-eea4-4dea-b365-9fb35fb61878.jpg/250x188.webp,7100,111.04432979756132,4147,7
fae8ba68-104d-4d5e-a9b6-fd7933aa9507,Volkswagen,New Beetle,Cabriolet,Dealer,5450,d,222688,07-2007,https://prod.pictures.autoscout24.net/listing-images/fae8ba68-104d-4d5e-a9b6-fd7933aa9507_f196a80b-c704-4723-8402-f5b8847dc1d0.jpg/250x188.webp,6010,119.70351809317113,5639,16
1e9fd770-6d0e-4ae1-857d-f38b0fbbe894,Volkswagen,Polo,Berline,Dealer,5450,d,199000,09-2010,https://prod.pictures.autoscout24.net/listing-images/1e9fd770-6d0e-4ae1-857d-f38b0fbbe894_8a769c97-79de-4033-987e-e777a3fceb91.jpg/250x188.webp,6060,116.023023143389,4481,22
40856c55-0195-447f-8a47-c944822552ca,Volkswagen,Polo,Berline,Dealer,5450,d,206867,09-2013,https://prod.pictures.autoscout24.net/listing-images/40856c55-0195-447f-8a47-c944822552ca_cb46a8c6-f584-4357-823b-3d9fb6d115a1.jpg/250x188.webp,1910,61.06717284299515,3385,29
bab888cc-90f4-46ce-afc4-cbd9d3babc47,Volkswagen,New Beetle,Berline,Dealer,5450,b,113000,12-2008,https://prod.pictures.autoscout24.net/listing-images/bab888cc-90f4-46ce-afc4-cbd9d3babc47_1b5e9956-2aef-4df6-8c5a-01ff7e1db9dd.jpg/250x188.webp,4430,115.84778684140608,5120,45
8f50db43-3d67-4120-b015-33c5cc5826df,Volkswagen,Golf,Berline,Dealer,5450,d,201790,03-2011,https://prod.pictures.autoscout24.net/listing-images/8f50db43-3d67-4120-b015-33c5cc5826df_26d41ce1-479b-4d7c-ab97-860ab70ce979.jpg/250x188.webp,2610,33.817501233272104,4300,100
f75a7a07-a4d4-4676-ae14-29cb74709a82,Volkswagen,Polo,Berline,Dealer,5450,d,169000,08-2010,https://prod.pictures.autoscout24.net/listing-images/f75a7a07-a4d4-4676-ae14-29cb74709a82_7a931604-f7ea-4090-9403-6044770db4cf.jpg/250x188.webp,1400,97.35176357549375,4512,127
fa02b0a3-00de-4367-876f-152d0f25778c,Volkswagen,New Beetle,Berline,Dealer,5450,d,200000,01-2009,https://prod.pictures.autoscout24.net/listing-images/fa02b0a3-00de-4367-876f-152d0f25778c_7d250520-b98b-4985-ac11-15b5b0ed6fa2.jpg/250x188.webp,7134,116.23444273110738,5089,163
1787d920-a62d-4d63-8d0b-a94cc8863fdd,Volkswagen,Caddy,Bestelwagen,Dealer,5450,d,92000,10-2006,https://prod.pictures.autoscout24.net/listing-images/1787d920-a62d-4d63-8d0b-a94cc8863fdd_8c3db3ac-8d95-4771-a005-688f13aab5ef.jpg/250x188.webp,1703,72.53884447632319,5912,266
745f1c29-6161-4892-9c7c-e33030b6ec44,Volkswagen,Polo,Berline,Dealer,5450,b,84000,01-2006,https://prod.pictures.autoscout24.net/listing-images/745f1c29-6161-4892-9c7c-e33030b6ec44_25cef581-ad53-4224-9d3d-73e92415abe4.jpg/250x188.webp,8800,107.24415982689398,6185,300
c094b3b1-94eb-4684-b332-8c74bda06547,Volkswagen,Polo,Berline,Dealer,5490,d,176012,10-2009,https://prod.pictures.autoscout24.net/listing-images/c094b3b1-94eb-4684-b332-8c74bda06547_34c188f5-04d3-4f09-83a8-d3865c2042e9.jpg/250x188.webp,1160,72.45305351002509,4816,0
d052b10a-d582-4210-8b61-412c4f7652e4,Volkswagen,Polo,Berline,Dealer,5490,d,185000,02-2012,https://prod.pictures.autoscout24.net/listing-images/d052b10a-d582-4210-8b61-412c4f7652e4_fc234131-a6d9-42d7-b359-e374d9720729.jpg/250x188.webp,9100,39.90739495574749,3963,8
5a9d5737-35ca-4877-a517-2413dd59f11c,Volkswagen,Passat,Berline,Dealer,5490,d,261245,07-2010,https://prod.pictures.autoscout24.net/listing-images/5a9d5737-35ca-4877-a517-2413dd59f11c_0801d212-ed8d-4b3d-bed9-9bc935bed995.jpg/250x188.webp,1500,83.25423672184138,4543,14
881a799a-b4be-4de0-9480-d6cd17037391,Volkswagen,Polo,Berline,Dealer,5490,d,220000,01-2012,https://prod.pictures.autoscout24.net/listing-images/881a799a-b4be-4de0-9480-d6cd17037391_ffec19d4-1d70-4f43-8d66-bbc959e66b24.jpg/250x188.webp,1800,60.05560122441548,3994,191
7d21a8a7-1366-41e1-a6a6-b3d57eeb15be,Volkswagen,Touran,Monovolume,Dealer,5499,d,174952,12-2009,https://prod.pictures.autoscout24.net/listing-images/7d21a8a7-1366-41e1-a6a6-b3d57eeb15be_1a54607c-ba32-4ad6-bb7f-defa6f9dfb84.jpg/250x188.webp,1820,61.11806276432271,4755,10
e89af565-99c4-42d9-9f1a-209ca84e665d,Volkswagen,Golf Cabriolet,Cabriolet,Dealer,5499,b,248000,11-1990,https://prod.pictures.autoscout24.net/listing-images/e89af565-99c4-42d9-9f1a-209ca84e665d_48bde1f4-afb9-4cd2-a86e-eb90dbf8812b.jpg/250x188.webp,3630,102.97605198560623,11725,10
05ffab0e-0564-4744-8a85-ba30f75c2a4b,Volkswagen,Polo,Berline,Dealer,5499,b,88000,06-2004,https://prod.pictures.autoscout24.net/listing-images/05ffab0e-0564-4744-8a85-ba30f75c2a4b_4a82ea5a-d542-454f-90b3-664244b9900e.jpg/250x188.webp,1910,61.06717284299515,6764,49
1dbb2ea3-08b2-4f6c-b548-243e0dc8d7d7,Volkswagen,Golf,Berline,PrivateSeller,5499,d,194000,09-2010,https://prod.pictures.autoscout24.net/listing-images/1dbb2ea3-08b2-4f6c-b548-243e0dc8d7d7_3460b2e7-cc86-4698-8190-e6552ca36815.jpg/250x188.webp,6031,117.04479587125066,4481,50
e29ce850-e5ef-4c04-b751-3244d74b96f2,Volkswagen,Golf,Andere,Dealer,5499,b,135000,08-2008,https://prod.pictures.autoscout24.net/listing-images/e29ce850-e5ef-4c04-b751-3244d74b96f2_d9008a4b-c0fe-41df-8448-17bc1c6bde0f.jpg/250x188.webp,9200,55.33414746561007,5242,63
ad27d5ae-072c-41dc-a629-ae0e373318aa,Volkswagen,Golf Cabriolet,Andere,Dealer,5499,d,330000,09-2012,https://prod.pictures.autoscout24.net/listing-images/ad27d5ae-072c-41dc-a629-ae0e373318aa_258f4715-fac7-4dbf-96c2-f06a272aa65f.jpg/250x188.webp,6044,114.30340847106793,3750,67
d4edff18-6bf1-4e21-abdc-fe5974262210,Volkswagen,Touran,Monovolume,Dealer,5499,d,288440,05-2010,https://prod.pictures.autoscout24.net/listing-images/d4edff18-6bf1-4e21-abdc-fe5974262210_a724e97f-3e09-4ddf-8738-4fab412f0164.jpg/250x188.webp,4460,114.8668906662163,4604,85
63700808-78f2-4e48-b7df-3f01c3ca2c25,Volkswagen,Polo,Berline,Dealer,5500,b,149313,12-2010,https://prod.pictures.autoscout24.net/listing-images/63700808-78f2-4e48-b7df-3f01c3ca2c25_42d2179b-ab3b-4d40-afc6-1e3d4115c7bc.jpg/250x188.webp,2830,45.04397020411872,4390,1
bb6091ff-0fe4-46cd-9207-c31d4d76a6f4,Volkswagen,Golf Variant,Break,Dealer,5500,d,188000,12-2013,https://prod.pictures.autoscout24.net/listing-images/bb6091ff-0fe4-46cd-9207-c31d4d76a6f4_1c9083c3-21fc-4d5f-adde-d9bf541ad2e3.jpg/250x188.webp,9000,69.99787275902874,3294,3
b33f8a5c-a01c-40d0-bf2f-746967d43a25,Volkswagen,Golf,Stadswagen,PrivateSeller,5500,d,197000,06-2011,https://prod.pictures.autoscout24.net/listing-images/b33f8a5c-a01c-40d0-bf2f-746967d43a25_d7d1e152-cf45-40ef-9698-7a9fb2699f64.jpg/250x188.webp,8550,107.36766166002549,4208,6
f7b5c5a3-d8be-45af-9c33-9c3ac42ca3c1,Volkswagen,Polo,Berline,PrivateSeller,5500,d,184000,11-2009,https://prod.pictures.autoscout24.net/listing-images/f7b5c5a3-d8be-45af-9c33-9c3ac42ca3c1_49ab35c7-e7c9-4c96-8356-1e8143ce50c3.jpg/250x188.webp,4032,124.36566499817849,4785,11
6ee8f319-2fd1-4a8a-b1fe-fbf734f2b33a,Volkswagen,Polo,Berline,Dealer,5500,d,191600,06-2012,https://prod.pictures.autoscout24.net/listing-images/6ee8f319-2fd1-4a8a-b1fe-fbf734f2b33a_ee8ad0e5-0082-4b3f-8120-7878dab9aeb1.jpg/250x188.webp,7000,118.39471915054493,3842,17
9b1fe6af-57f4-45ed-953c-bea0ab5081bc,Volkswagen,Golf,Berline,Dealer,5500,d,167000,12-2011,https://prod.pictures.autoscout24.net/listing-images/9b1fe6af-57f4-45ed-953c-bea0ab5081bc_a34c631e-9e3f-404f-b40b-d1e704cbedd8.jpg/250x188.webp,3071,63.331240175135186,4025,21
17c0032f-2e38-414d-9f3a-3bb1986adcc6,Volkswagen,Golf,Berline,PrivateSeller,5500,d,288000,04-2010,https://prod.pictures.autoscout24.net/listing-images/17c0032f-2e38-414d-9f3a-3bb1986adcc6_cb5c814e-e48a-4fa8-9404-bc26a4e29330.jpg/250x188.webp,1020,66.36225311284039,4634,21
f8904901-8e8f-4ef5-8480-a8a99a8201dd,Volkswagen,Golf,Berline,Dealer,5500,d,259735,03-2011,https://prod.pictures.autoscout24.net/listing-images/f8904901-8e8f-4ef5-8480-a8a99a8201dd_7fb1b8ad-42dd-4a08-80ed-7a4d34e6da95.jpg/250x188.webp,5140,104.85389989976589,4300,23
fb1f887b-1f9b-45a0-8924-731d8a7acbe0,Volkswagen,Golf,Berline,PrivateSeller,5500,d,227387,01-2012,https://prod.pictures.autoscout24.net/listing-images/fb1f887b-1f9b-45a0-8924-731d8a7acbe0_770c3705-82fa-4dfc-8b4c-f2fabc8d7025.jpg/250x188.webp,2800,49.170515286575046,3994,24
dac1f2cd-41c5-465e-8cbf-8c91c3e8c545,Volkswagen,Golf,Berline,PrivateSeller,5500,b,158000,09-2009,https://prod.pictures.autoscout24.net/listing-images/dac1f2cd-41c5-465e-8cbf-8c91c3e8c545_0e35436d-1c56-4e9d-9a00-d7ec3d869b18.jpg/250x188.webp,1083,67.26476839570763,4846,25
b9cde104-47c8-45d2-8cec-8f71c00ba2b8,Volkswagen,Golf,Berline,Dealer,5500,b,111620,02-2008,https://prod.pictures.autoscout24.net/listing-images/b9cde104-47c8-45d2-8cec-8f71c00ba2b8_cf0d2e7a-805b-4bb0-be6b-bf7e8d02b3d2.jpg/250x188.webp,7041,127.25879766043369,5424,33
37d47404-393d-40b3-8f7b-b72871960f91,Volkswagen,Passat,Andere,PrivateSeller,5500,b,97000,08-1980,https://prod.pictures.autoscout24.net/listing-images/37d47404-393d-40b3-8f7b-b72871960f91_47b2aa68-fe35-499b-8c28-fca3faca2c49.jpg/250x188.webp,2860,44.822901883818105,15469,46
c9b8b73f-71fa-41c2-b227-1f0a2bedf064,Volkswagen,Golf Variant,Break,PrivateSeller,5500,d,242000,12-2013,https://prod.pictures.autoscout24.net/listing-images/c9b8b73f-71fa-41c2-b227-1f0a2bedf064_831d9b65-a07a-480d-a067-80f82db3eda3.jpg/250x188.webp,1070,71.06367211068877,3294,47
51fdbdc8-d47d-49d7-9635-48d7fb68c026,Volkswagen,Golf,Stadswagen,PrivateSeller,5500,d,285000,08-1991,https://prod.pictures.autoscout24.net/listing-images/51fdbdc8-d47d-49d7-9635-48d7fb68c026_523b8152-c4a5-46bc-89f7-e49bda940dde.jpg/250x188.webp,1760,76.61048840680004,11452,55
3d9baa08-fb14-48b4-a3d2-f76f5f030668,Volkswagen,Crafter,Andere,Dealer,5500,d,257274,03-2008,https://prod.pictures.autoscout24.net/listing-images/3d9baa08-fb14-48b4-a3d2-f76f5f030668_63aefbc7-a39d-4cd3-b392-161a3217b8d0.jpg/250x188.webp,9280,57.52425726435139,5395,60
ce5a556d-d2c1-40fe-83f7-c8f9ba46a462,Volkswagen,Polo,Andere,PrivateSeller,5500,d,134228,01-2011,https://prod.pictures.autoscout24.net/listing-images/ce5a556d-d2c1-40fe-83f7-c8f9ba46a462_12bdfda8-5808-4dbd-a7e5-e543dffc2500.jpg/250x188.webp,1040,70.85448790939559,4359,65
74540b40-de63-4462-a901-779b6e72f773,Volkswagen,Caddy,Monovolume,PrivateSeller,5500,d,126000,02-2010,https://prod.pictures.autoscout24.net/listing-images/74540b40-de63-4462-a901-779b6e72f773_e75d215d-0246-4e9b-8cea-3dbb5d44f1ca.jpg/250x188.webp,1090,66.80320352454842,4693,63
2ec30ad0-be03-4ea6-9e8c-99494d4aced2,Volkswagen,Golf,Berline,PrivateSeller,5500,d,150000,10-2010,https://prod.pictures.autoscout24.net/listing-images/2ec30ad0-be03-4ea6-9e8c-99494d4aced2_db96a2d7-9340-404c-8d9f-abdab8507dff.jpg/250x188.webp,1180,74.57281408996285,4451,68
f00ba752-f1c5-4aa4-8e4d-9bc9fa4eee5e,Volkswagen,Golf,Berline,Dealer,5500,d,187000,12-2011,https://prod.pictures.autoscout24.net/listing-images/f00ba752-f1c5-4aa4-8e4d-9bc9fa4eee5e_15f290ff-9f2b-43f5-b668-855aabe1ef7b.jpg/250x188.webp,2630,37.55427282853161,4025,70
0729a9e4-3ea6-4914-b87d-bd04fd347199,Volkswagen,Golf,Berline,PrivateSeller,5500,d,247000,02-2011,https://prod.pictures.autoscout24.net/listing-images/0729a9e4-3ea6-4914-b87d-bd04fd347199_81b13ad3-2cbd-40a9-b23f-91d52293a605.jpg/250x188.webp,1400,97.35176357549375,4328,95
64cadaab-d3ed-48fc-92e1-01e0a99ed991,Volkswagen,Golf,Stadswagen,PrivateSeller,5500,b,103345,09-1988,https://prod.pictures.autoscout24.net/listing-images/64cadaab-d3ed-48fc-92e1-01e0a99ed991_c401da86-6113-4203-9936-cbb47a8b562b.jpg/250x188.webp,8820,105.17632863208843,12516,97
392c6da8-6afb-4167-b98b-a5ae29272a88,Volkswagen,Golf,Berline,PrivateSeller,5500,d,136000,10-2008,https://prod.pictures.autoscout24.net/listing-images/392c6da8-6afb-4167-b98b-a5ae29272a88_25d224bc-9de9-45e9-a3b4-549b4c7e0b60.jpg/250x188.webp,6120,127.2510320073132,5181,132
3dcb2891-44ad-4ed6-a5d5-f8fc19b2b5f5,Volkswagen,Golf,Berline,PrivateSeller,5500,d,187000,12-2011,https://prod.pictures.autoscout24.net/listing-images/3dcb2891-44ad-4ed6-a5d5-f8fc19b2b5f5_1404087c-e2b4-4b9b-8f5b-649c4c97c81f.jpg/250x188.webp,1000,69.17270624549755,4025,132
b2f31cb1-2fb0-44e8-abb6-3da6cc15f769,Volkswagen,Polo,Berline,PrivateSeller,5500,d,216513,06-2009,https://prod.pictures.autoscout24.net/listing-images/b2f31cb1-2fb0-44e8-abb6-3da6cc15f769_4bb401d8-9d7f-41cc-9b58-907238623ff7.jpg/250x188.webp,6061,117.55452099458994,4938,147
95cb21e9-173e-476e-bc47-c6c5d015eacc,Volkswagen,Golf Variant,Break,PrivateSeller,5500,d,254000,12-2013,https://prod.pictures.autoscout24.net/listing-images/95cb21e9-173e-476e-bc47-c6c5d015eacc_e05bd438-8049-4964-af84-1e843d6d9da1.jpg/250x188.webp,2140,28.816369150105363,3294,158
2f47a295-e8a1-4477-bd0f-bc80d04ec66f,Volkswagen,Kever,Andere,PrivateSeller,5500,b,1234567,01-1974,https://prod.pictures.autoscout24.net/listing-images/2f47a295-e8a1-4477-bd0f-bc80d04ec66f_723a5183-d329-461f-99c8-11fd4aad9906.jpg/250x188.webp,8460,106.3135242476771,17873,159
f1e51d55-dd55-4fa7-a23c-8eecd4101842,Volkswagen,Golf,Berline,PrivateSeller,5500,d,200000,08-2011,https://prod.pictures.autoscout24.net/listing-images/f1e51d55-dd55-4fa7-a23c-8eecd4101842_deebba13-a7dd-4c6d-91a3-04b8e4bada71.jpg/250x188.webp,1800,60.05560122441548,4147,167
fc0d409d-1af7-47b8-a832-d48ccf37e4cf,Volkswagen,LT,Andere,Dealer,5500,d,59000,01-2000,https://prod.pictures.autoscout24.net/listing-images/fc0d409d-1af7-47b8-a832-d48ccf37e4cf_a386a701-4246-4557-afe6-5c8c7d905e68.jpg/250x188.webp,1840,54.29299877782283,8377,194
e25b36c2-eb62-40ed-86d8-08156bdfe3ef,Volkswagen,Touran,Monovolume,Dealer,5500,d,235000,07-2010,https://prod.pictures.autoscout24.net/listing-images/e25b36c2-eb62-40ed-86d8-08156bdfe3ef_8e0cc61c-a9b9-4c40-8eb9-22b1222468b7.jpg/250x188.webp,8610,114.33371950925998,4543,211
09c86671-4d44-44ad-9260-d2382e215a9b,Volkswagen,Golf,Andere,Dealer,5500,d,87000,06-2008,https://prod.pictures.autoscout24.net/listing-images/09c86671-4d44-44ad-9260-d2382e215a9b_e8daa10e-51aa-4d94-86b0-01bfb85e0d43.jpg/250x188.webp,1700,70.90697373704198,5303,236
98b09366-3cda-455b-b0ec-cc7ebf7094f6,Volkswagen,Golf,Berline,PrivateSeller,5600,d,192000,09-2011,https://prod.pictures.autoscout24.net/listing-images/98b09366-3cda-455b-b0ec-cc7ebf7094f6_10296e4e-e3ca-4bbe-9912-b37d883d5846.jpg/250x188.webp,1180,74.57281408996285,4116,4
7c6cc301-c6bd-423c-8d98-f1bf98f6db29,Volkswagen,Golf,Berline,PrivateSeller,5600,d,181000,01-2010,https://prod.pictures.autoscout24.net/listing-images/7c6cc301-c6bd-423c-8d98-f1bf98f6db29_04796d3a-b52b-49a2-bf7a-46caaff04db9.jpg/250x188.webp,1800,60.05560122441548,4724,25
eb3f47f8-04eb-4ead-ae61-c070a784389e,Volkswagen,Polo,Berline,PrivateSeller,5600,d,145000,06-2011,https://prod.pictures.autoscout24.net/listing-images/eb3f47f8-04eb-4ead-ae61-c070a784389e_c5a12026-c09e-49a5-8da3-94212f8eb77f.jpg/250x188.webp,1000,69.17270624549755,4208,52
49266738-c02d-44d0-870c-f0674433fa8e,Volkswagen,Polo,Andere,PrivateSeller,5600,d,188000,04-2012,https://prod.pictures.autoscout24.net/listing-images/49266738-c02d-44d0-870c-f0674433fa8e_36229988-7225-4f34-96de-005c1b39d636.jpg/250x188.webp,1020,66.36225311284039,3903,69
26d8df7d-f1b0-4f83-9a2c-05c710597818,Volkswagen,Polo,Berline,PrivateSeller,5600,d,104000,01-2010,https://prod.pictures.autoscout24.net/listing-images/26d8df7d-f1b0-4f83-9a2c-05c710597818_8f888d36-6349-4a00-aaae-d147a16dd5d7.jpg/250x188.webp,7080,124.84754400917438,4724,140
dd9289b6-ee7d-418f-9854-c19eb4893280,Volkswagen,Golf Plus,Monovolume,Dealer,5650,b,145000,05-2008,https://prod.pictures.autoscout24.net/listing-images/dd9289b6-ee7d-418f-9854-c19eb4893280_9bf673ff-49e6-4ea1-9ca0-6a2e23ea9e20.jpg/250x188.webp,1731,64.67551938133373,5334,19
50efb37d-e28d-4b7c-9e8d-4d47347c205f,Volkswagen,Polo,Berline,Dealer,5690,d,176230,06-2011,https://prod.pictures.autoscout24.net/listing-images/50efb37d-e28d-4b7c-9e8d-4d47347c205f_43ad34b4-b8a3-4e6b-abf9-a80d374c607a.jpg/250x188.webp,4602,121.08926182424595,4208,4
17624c86-923d-4b5b-8791-dfedaca6d917,Volkswagen,Passat Variant,Break,Dealer,5699,b,149900,01-2007,https://prod.pictures.autoscout24.net/listing-images/17624c86-923d-4b5b-8791-dfedaca6d917_0e4e688d-cfe2-4917-b906-be35bd246fba.jpg/250x188.webp,2850,42.29864607065253,5820,337
6659e18e-11e1-4b62-b112-59b371ec8b63,Volkswagen,Passat Variant,Break,Dealer,5700,d,239000,03-2012,https://prod.pictures.autoscout24.net/listing-images/6659e18e-11e1-4b62-b112-59b371ec8b63_4df4b5c2-141a-4e7f-838f-e33933b5c464.jpg/250x188.webp,1440,88.54751756589805,3934,14
1dfdc239-9023-4958-8f1e-881b7b8089fc,Volkswagen,Golf Plus,Monovolume,Dealer,5700,d,119500,08-2014,https://prod.pictures.autoscout24.net/listing-images/1dfdc239-9023-4958-8f1e-881b7b8089fc_378d2f8c-0cf7-404d-8a28-d9ec53701f4c.jpg/250x188.webp,1930,65.18883147641638,3051,42
79efbd15-784b-41c3-9584-f76f915fc1ca,Volkswagen,Golf,Stadswagen,PrivateSeller,5700,d,259000,12-2011,https://prod.pictures.autoscout24.net/listing-images/79efbd15-784b-41c3-9584-f76f915fc1ca_5a42b1ea-12b3-4867-b3d3-aeccb509923e.jpg/250x188.webp,9000,69.99787275902874,4025,44
94c9c2bd-2938-46d1-9857-1ce663a3ad4e,Volkswagen,Polo,Berline,PrivateSeller,5700,d,183000,07-2011,https://prod.pictures.autoscout24.net/listing-images/94c9c2bd-2938-46d1-9857-1ce663a3ad4e_49ad7523-6ad0-4da6-a44d-968baea5153d.jpg/250x188.webp,1080,69.57979227671277,4178,46
fdaaf9a7-c49e-4818-8282-c49a8f2c6a47,Volkswagen,Polo,Andere,PrivateSeller,5700,d,183000,11-2011,https://prod.pictures.autoscout24.net/listing-images/fdaaf9a7-c49e-4818-8282-c49a8f2c6a47_9be03a9c-8299-4590-9ad4-5cea9782dc65.jpg/250x188.webp,1080,69.57979227671277,4055,61
13c3cfcc-3fc0-4a62-ab54-bad25a3e46dc,Volkswagen,Golf,Berline,PrivateSeller,5700,d,242500,02-2012,https://prod.pictures.autoscout24.net/listing-images/13c3cfcc-3fc0-4a62-ab54-bad25a3e46dc_808b7b1e-9a26-4840-a5b3-74224c4df5a2.jpg/250x188.webp,1800,60.05560122441548,3963,73
31264648-9dd8-4240-8a61-be1b76719052,Volkswagen,,Bestelwagen,PrivateSeller,5700,d,275000,04-2009,https://prod.pictures.autoscout24.net/listing-images/31264648-9dd8-4240-8a61-be1b76719052_d6ed3e78-1279-4058-961d-aa8c1af52389.jpg/250x188.webp,6850,180.02422307248008,4999,88
0a6d24bf-17fc-45d1-a95d-5167ef0ebaf2,Volkswagen,Golf,Berline,PrivateSeller,5700,d,201550,02-2011,https://prod.pictures.autoscout24.net/listing-images/0a6d24bf-17fc-45d1-a95d-5167ef0ebaf2_5486ec2f-0338-4232-bc92-b6a211ac0a88.jpg/250x188.webp,1800,60.05560122441548,4328,178
7af52e5d-7542-4789-bf60-4085569b66d3,Volkswagen,Golf,Berline,PrivateSeller,5700,d,201550,02-2011,https://prod.pictures.autoscout24.net/listing-images/7af52e5d-7542-4789-bf60-4085569b66d3_118ba54e-0ca5-4b60-8e95-47f56ac9ae87.jpg/250x188.webp,1080,69.57979227671277,4328,178
89c9ec4d-a75b-4054-a5e1-04de9318d681,Volkswagen,Golf,Berline,PrivateSeller,5700,d,201550,02-2011,https://prod.pictures.autoscout24.net/listing-images/89c9ec4d-a75b-4054-a5e1-04de9318d681_f77201e5-eab6-4a4c-be32-3b70b78830df.jpg/250x188.webp,1080,69.57979227671277,4328,178
0ce099e4-64fb-4d05-99df-175f39794d2b,Volkswagen,Golf,Berline,Dealer,5700,b,110000,12-2009,https://prod.pictures.autoscout24.net/listing-images/0ce099e4-64fb-4d05-99df-175f39794d2b_69f5e226-2582-41a8-8a19-89b09de1c992.jpg/250x188.webp,5140,104.85389989976589,4755,203
dda7bde8-7c7a-4a02-a497-2f3679088c49,Volkswagen,Golf Variant,Break,PrivateSeller,5750,d,255000,12-2012,https://prod.pictures.autoscout24.net/listing-images/dda7bde8-7c7a-4a02-a497-2f3679088c49_3aa69a9d-a23d-4300-a331-268f0c93ed83.jpg/250x188.webp,8760,100.33089953132966,3659,6
b40c3f3b-774f-4a12-836f-34e7523019b4,Volkswagen,Golf,Berline,PrivateSeller,5750,d,235024,06-2010,https://prod.pictures.autoscout24.net/listing-images/b40c3f3b-774f-4a12-836f-34e7523019b4_446eecb8-4a65-493e-adbe-3069a6626d8e.jpg/250x188.webp,9420,69.49671123050898,4573,9
eb279bef-9926-4c1f-8202-a043c3ec477d,Volkswagen,Polo,Berline,Dealer,5750,d,167000,04-2011,https://prod.pictures.autoscout24.net/listing-images/eb279bef-9926-4c1f-8202-a043c3ec477d_49c1ed49-17e8-4eb4-bccd-a1d89d8d50c1.jpg/250x188.webp,8500,110.07601369654981,4269,10
e5b2f069-aa6e-4c00-b3b0-f17eb68f2bbc,Volkswagen,Polo,Berline,PrivateSeller,5750,d,184000,09-2009,https://prod.pictures.autoscout24.net/listing-images/e5b2f069-aa6e-4c00-b3b0-f17eb68f2bbc_bd31b4c4-3feb-42c1-bde7-2796229ab24e.jpg/250x188.webp,4030,123.41360490886457,4846,11
3e6e26fc-44a2-44ec-b80b-787d1e0f3112,Volkswagen,Polo,Berline,PrivateSeller,5750,d,184000,09-2009,https://prod.pictures.autoscout24.net/listing-images/3e6e26fc-44a2-44ec-b80b-787d1e0f3112_f163714c-1470-4743-b5ce-0644f7402a98.jpg/250x188.webp,4030,123.41360490886457,4846,11
c2c8124b-bffe-4338-be1b-5542c34c0ae4,Volkswagen,Golf,Berline,Dealer,5750,b,162000,11-2007,https://prod.pictures.autoscout24.net/listing-images/c2c8124b-bffe-4338-be1b-5542c34c0ae4_1dd9d298-49e2-4815-937e-e0952db71306.jpg/250x188.webp,1790,66.85097420004841,5516,13
0d44f2d0-690a-4cdc-ad0f-52410b612908,Volkswagen,Caddy,Bestelwagen,Dealer,5750,d,300000,01-2010,https://prod.pictures.autoscout24.net/listing-images/0d44f2d0-690a-4cdc-ad0f-52410b612908_3f9c0060-39be-4eec-91eb-945013a336b2.jpg/250x188.webp,3202,62.33429455663499,4724,16
d3c29509-c907-4ab7-bd2f-564bc9b0c4be,Volkswagen,Polo,Berline,PrivateSeller,5750,d,187912,10-2012,https://prod.pictures.autoscout24.net/listing-images/d3c29509-c907-4ab7-bd2f-564bc9b0c4be_4bbe1998-ceee-4ca3-9d19-bf535ffaaca6.jpg/250x188.webp,3630,102.97605198560623,3720,18
6f3aac27-50ac-4ed4-9167-bcffffdc312f,Volkswagen,Golf Variant,Break,PrivateSeller,5750,d,192850,12-2010,https://prod.pictures.autoscout24.net/listing-images/6f3aac27-50ac-4ed4-9167-bcffffdc312f_ef60cfee-d4b0-41fe-8793-8bc481faf69e.jpg/250x188.webp,8421,100.91165089226374,4390,24
f8a11eb5-166e-49fb-b38e-9e257283dda8,Volkswagen,Passat,Berline,PrivateSeller,5750,d,256000,11-2009,https://prod.pictures.autoscout24.net/listing-images/f8a11eb5-166e-49fb-b38e-9e257283dda8_5a59053c-a3a8-4e0f-ba86-c9df88c67b1e.jpg/250x188.webp,4000,118.53949006185148,4785,32
455470ee-b2d3-4718-ad96-e618975e68b7,Volkswagen,Polo,Andere,PrivateSeller,5750,d,180000,03-2010,https://prod.pictures.autoscout24.net/listing-images/455470ee-b2d3-4718-ad96-e618975e68b7_a8b1cd46-b24f-4b3e-bbe2-f68deae912f3.jpg/250x188.webp,6850,180.02422307248008,4665,68
833421f8-7d41-4aaf-938a-1bf13e4c97c8,Volkswagen,Jetta,Berline,Dealer,5750,d,125857,06-2006,https://prod.pictures.autoscout24.net/listing-images/833421f8-7d41-4aaf-938a-1bf13e4c97c8_374160a1-6bf3-4950-ac52-edc70c5183a7.jpg/250x188.webp,6250,115.60596353389253,6034,86
4bacb5b4-5007-46c0-b114-6b2d62599270,Volkswagen,Eos,Cabriolet,PrivateSeller,5750,d,169000,02-2010,https://prod.pictures.autoscout24.net/listing-images/4bacb5b4-5007-46c0-b114-6b2d62599270_6bcbb704-a71b-40d5-8d29-9d647b087a63.jpg/250x188.webp,1980,56.21438376025373,4693,181
fc140739-30b9-4659-89a5-e2ac04548971,Volkswagen,Polo,Berline,PrivateSeller,5800,d,140000,06-2011,https://prod.pictures.autoscout24.net/listing-images/fc140739-30b9-4659-89a5-e2ac04548971_35a842e9-d316-432f-946c-82bd87b7eefb.jpg/250x188.webp,7950,111.35816084118493,4208,1
88c062fe-6602-4771-8b3d-e7195c133cb1,Volkswagen,Touran,Break,Dealer,5800,d,300000,10-2012,https://prod.pictures.autoscout24.net/listing-images/88c062fe-6602-4771-8b3d-e7195c133cb1_e21aebee-441c-4752-bb60-ada7e2fd29ac.jpg/250x188.webp,2660,33.51153490320288,3720,2
728e8ec4-269d-4309-b03d-3bccc47de60f,Volkswagen,Golf Variant,Break,Dealer,5800,d,258000,01-2013,https://prod.pictures.autoscout24.net/listing-images/728e8ec4-269d-4309-b03d-3bccc47de60f_0fc09397-3100-40b5-a296-07d2378572bc.jpg/250x188.webp,9160,52.83263590517851,3628,8
f4d8cfa7-0bb4-44e6-840a-9890a18ceaac,Volkswagen,Golf,Berline,PrivateSeller,5800,d,240000,07-2009,https://prod.pictures.autoscout24.net/listing-images/f4d8cfa7-0bb4-44e6-840a-9890a18ceaac_35d19d94-1f0d-4158-95ee-4cd6e9d76e61.jpg/250x188.webp,2800,49.170515286575046,4908,27
8025cb83-c07a-482a-bd27-fd84106c4f50,Volkswagen,Golf Plus,Monovolume,PrivateSeller,5800,d,227596,11-2012,https://prod.pictures.autoscout24.net/listing-images/8025cb83-c07a-482a-bd27-fd84106c4f50_f29e7293-83e1-4f38-b15a-5935cad6b525.jpg/250x188.webp,9190,40.6091626873068,3689,40
f21830fc-3fb3-416e-99b1-ec83b8f141b9,Volkswagen,Golf,Berline,PrivateSeller,5800,d,215000,05-2009,https://prod.pictures.autoscout24.net/listing-images/f21830fc-3fb3-416e-99b1-ec83b8f141b9_cc79e7da-c55d-4110-92bb-36e0d6dac844.jpg/250x188.webp,1700,70.90697373704198,4969,45
0a2d5fc0-1cf2-4c4e-b5c3-7d2f91f10fed,Volkswagen,Polo Cross,Berline,PrivateSeller,5800,d,179000,10-2013,https://prod.pictures.autoscout24.net/listing-images/0a2d5fc0-1cf2-4c4e-b5c3-7d2f91f10fed_5bee57e3-4233-47b2-ac0f-de262e5be179.jpg/250x188.webp,4420,117.69595814517041,3355,54
27586e08-3eef-4fcf-8f47-b4943c65b05a,Volkswagen,Polo GTI,Berline,PrivateSeller,5800,b,170000,09-2012,https://prod.pictures.autoscout24.net/listing-images/27586e08-3eef-4fcf-8f47-b4943c65b05a_a5d3866a-d7f0-4c73-b128-a58bcb3a315a.jpg/250x188.webp,2060,27.94913546724415,3750,74
cc628524-43f8-4e1f-88a3-660ad3a418a7,Volkswagen,Golf,Berline,PrivateSeller,5800,b,195000,08-2008,https://prod.pictures.autoscout24.net/listing-images/cc628524-43f8-4e1f-88a3-660ad3a418a7_3e70b1bd-be25-4698-ab9f-16a4a4183c8b.jpg/250x188.webp,1083,67.26476839570763,5242,105
256c4865-7c2e-4584-8bd5-9d757f7a2628,Volkswagen,Polo Cross,Berline,Dealer,5800,b,72000,09-2006,https://prod.pictures.autoscout24.net/listing-images/256c4865-7c2e-4584-8bd5-9d757f7a2628_2ef92f8e-429d-4619-b90b-957734e9424a.jpg/250x188.webp,1930,65.18883147641638,5942,293
b5fc13bd-888b-48d0-91bb-f0be35824e56,Volkswagen,Golf Variant,Break,Dealer,5800,d,172411,06-2010,https://prod.pictures.autoscout24.net/listing-images/b5fc13bd-888b-48d0-91bb-f0be35824e56_f838eaaf-a7a4-4738-8ad2-83ee812bea11.jpg/250x188.webp,4020,121.60247278825214,4573,444
837e190f-fb51-4257-aa13-b7f92d632668,Volkswagen,up!,Berline,Dealer,5850,b,156816,03-2015,https://prod.pictures.autoscout24.net/listing-images/837e190f-fb51-4257-aa13-b7f92d632668_825df093-bb49-4993-ab0e-4f89fb7c5d4d.jpg/250x188.webp,2920,9.296058813361997,2839,3
ab197309-3e87-43ac-81b3-12b050fa6291,Volkswagen,Polo,Berline,Dealer,5850,b,47100,04-2009,https://prod.pictures.autoscout24.net/listing-images/ab197309-3e87-43ac-81b3-12b050fa6291_b9292a51-f41c-4834-ad3c-5adc7488d799.jpg/250x188.webp,1701,71.6952835993001,4999,4
de316eca-b9e8-4170-a43f-b59f64854f42,Volkswagen,T5 Transporter,SUV/4x4/Pick-up,PrivateSeller,5850,d,260800,09-2010,https://prod.pictures.autoscout24.net/listing-images/de316eca-b9e8-4170-a43f-b59f64854f42_414e6f70-afd0-4eb1-be0d-ac4f1208d990.jpg/250x188.webp,6010,119.70351809317113,4481,15
e00ba7cb-7823-4276-9582-a290dd7bee9d,Volkswagen,Golf,Berline,PrivateSeller,5850,b,177000,10-2009,https://prod.pictures.autoscout24.net/listing-images/e00ba7cb-7823-4276-9582-a290dd7bee9d_47c05a75-a18c-4be5-9ad5-3b54c6574750.jpg/250x188.webp,9850,79.95826720403902,4816,28
b6b8e8c1-9bee-405f-8c4e-c714c98c59e2,Volkswagen,Caddy,Bestelwagen,PrivateSeller,5850,b,136600,09-2008,https://prod.pictures.autoscout24.net/listing-images/b6b8e8c1-9bee-405f-8c4e-c714c98c59e2_92f4125e-6094-44a4-a998-342fd91dc4b2.jpg/250x188.webp,6000,117.49014599385939,5211,164
77b2f7ad-24a0-4718-8d5b-5f78ab7f64a3,Volkswagen,Polo,Berline,Dealer,5890,d,177000,08-2011,https://prod.pictures.autoscout24.net/listing-images/77b2f7ad-24a0-4718-8d5b-5f78ab7f64a3_5a515ff8-0d51-4b8a-b3dc-c10ac74cd47c.jpg/250x188.webp,7012,120.36322565219064,4147,6
e7a7e3d8-65a0-4a18-9f31-52072672897f,Volkswagen,T3,Andere,Dealer,5890,d,199999,05-1986,https://prod.pictures.autoscout24.net/listing-images/e7a7e3d8-65a0-4a18-9f31-52072672897f_7f39f7dc-32c0-48d3-8ada-8c85a8493e7c.jpg/250x188.webp,6700,222.44484417522085,13370,54
c26d5fe1-4a99-41ed-a4aa-a5255cfa7f73,Volkswagen,Phaeton,Berline,Dealer,5890,b,168118,03-2006,https://prod.pictures.autoscout24.net/listing-images/c26d5fe1-4a99-41ed-a4aa-a5255cfa7f73_bef373ce-b36e-4ace-b1ba-34ce09314106.jpg/250x188.webp,1830,61.99821855231934,6126,303
6a43f657-79b8-4b00-9451-f0a8d2d65612,Volkswagen,Caddy,Bestelwagen,PrivateSeller,5899,d,260000,09-2011,https://prod.pictures.autoscout24.net/listing-images/6a43f657-79b8-4b00-9451-f0a8d2d65612_be20e2f5-88e3-466c-8d61-3163f1051f90.jpg/250x188.webp,2620,37.051311388895606,4116,132
69df7ba0-ee6c-464a-8aa8-394e0ebaf4dd,Volkswagen,Touran,Monovolume,Dealer,5900,b,160931,04-2009,https://prod.pictures.autoscout24.net/listing-images/69df7ba0-ee6c-464a-8aa8-394e0ebaf4dd_61566506-26ad-4b0c-a9cd-899be1e02a03.jpg/250x188.webp,2100,27.421552979694752,4999,1
18560288-a3d3-4ed3-8881-bdee5798ea95,Volkswagen,up!,Andere,PrivateSeller,5900,b,94000,04-2013,https://prod.pictures.autoscout24.net/listing-images/18560288-a3d3-4ed3-8881-bdee5798ea95_050337f5-a299-46c9-8138-b9a1c6045796.jpg/250x188.webp,1070,71.06367211068877,3538,10
13c4452d-09f4-433f-9095-66f7385ca279,Volkswagen,T5 Transporter,Monovolume,PrivateSeller,5900,d,552000,06-2010,https://prod.pictures.autoscout24.net/listing-images/13c4452d-09f4-433f-9095-66f7385ca279_b96be3c2-bf7d-4b13-bcc2-b8a10fe1ea95.jpg/250x188.webp,6200,119.77990387531518,4573,19
2963a40c-7296-4bcb-bd77-aa170dabae3e,Volkswagen,Touran,Monovolume,Dealer,5900,d,253972,07-2012,https://prod.pictures.autoscout24.net/listing-images/2963a40c-7296-4bcb-bd77-aa170dabae3e_2ace1bf4-d8ed-4c2b-a5a7-b75752c2284e.jpg/250x188.webp,5140,104.85389989976589,3812,20
d025ab1c-1762-40e1-86c9-8adefa83d4a5,Volkswagen,Polo,Stadswagen,PrivateSeller,5900,b,162000,03-2011,https://prod.pictures.autoscout24.net/listing-images/d025ab1c-1762-40e1-86c9-8adefa83d4a5_e13662be-28ce-4d4a-bb14-36a185d762c2.jpg/250x188.webp,4430,115.84778684140608,4300,28
aadc44d3-9110-4716-aa87-2f73121cd0b7,Volkswagen,Coccinelle,Stadswagen,Dealer,5900,b,64000,08-1974,https://prod.pictures.autoscout24.net/listing-images/aadc44d3-9110-4716-aa87-2f73121cd0b7_49dacc65-0220-462c-9bc1-64da426c174a.jpg/250x188.webp,1440,88.54751756589805,17661,43
8ced703c-a869-4405-827f-a299f1d88f1f,Volkswagen,Caddy,Bestelwagen,Dealer,5900,d,170000,09-2006,https://prod.pictures.autoscout24.net/listing-images/8ced703c-a869-4405-827f-a299f1d88f1f_92e438a7-08cd-4223-a39f-59a8e4e666fe.jpg/250x188.webp,2221,50.89507114551592,5942,69
ad346a53-dab8-4187-83ba-d915bc9e4207,Volkswagen,up!,Berline,Dealer,5900,b,96000,11-2013,https://prod.pictures.autoscout24.net/listing-images/ad346a53-dab8-4187-83ba-d915bc9e4207_da0884b6-db27-4fbd-98bc-d342dfa3aeb8.jpg/250x188.webp,1480,90.6722887329444,3324,251
c75806be-5dce-42b1-868c-cb75e50cbdc2,Volkswagen,Passat,Berline,Dealer,5900,b,284179,10-1994,https://prod.pictures.autoscout24.net/listing-images/c75806be-5dce-42b1-868c-cb75e50cbdc2_22f88673-ecc7-42a6-b326-2f53ddd9f738.jpg/250x188.webp,4101,118.87833085700652,10295,359
e386e350-9c4c-4b1e-bd06-de95a8b9b421,Volkswagen,Golf,Berline,Dealer,5950,d,150000,12-2010,https://prod.pictures.autoscout24.net/listing-images/e386e350-9c4c-4b1e-bd06-de95a8b9b421_f6d7f3ec-b019-4288-9c84-47be73e824ca.jpg/250x188.webp,9320,67.86826786112259,4390,1
0551bd48-2ad0-443c-92fa-e8ef2821ffaf,Volkswagen,Golf,Berline,PrivateSeller,5950,b,52000,05-2008,https://prod.pictures.autoscout24.net/listing-images/0551bd48-2ad0-443c-92fa-e8ef2821ffaf_60751206-4a65-46ac-89c9-d21c493562a7.jpg/250x188.webp,2950,17.29303589868688,5334,2
ca80c776-4284-4e93-bd95-039a9ad2c2af,Volkswagen,Polo GTI,Berline,Dealer,5950,b,205000,11-2007,https://prod.pictures.autoscout24.net/listing-images/ca80c776-4284-4e93-bd95-039a9ad2c2af_19ef5182-6772-496a-a9dd-0a48c84bbd1a.jpg/250x188.webp,4102,122.20973776491603,5516,8
72b291cc-ee19-4ebb-9723-6906d8f633c3,Volkswagen,Polo,Berline,Dealer,5950,d,180000,09-2010,https://prod.pictures.autoscout24.net/listing-images/72b291cc-ee19-4ebb-9723-6906d8f633c3_7ac24380-0340-4c0a-86d5-180e9b01ec6e.jpg/250x188.webp,6180,111.8460773215552,4481,9
1cc2e310-7d72-4284-be5e-e5ffa8e9450a,Volkswagen,Golf,Berline,Dealer,5950,d,277149,06-2010,https://prod.pictures.autoscout24.net/listing-images/1cc2e310-7d72-4284-be5e-e5ffa8e9450a_f2469a79-f184-4c05-b1ed-8f98dc0aab2e.jpg/250x188.webp,6210,104.06467431888291,4573,10
cf0420b0-5140-4050-99cf-40e3b788c726,Volkswagen,Polo,Berline,Dealer,5950,d,159000,11-2012,https://prod.pictures.autoscout24.net/listing-images/cf0420b0-5140-4050-99cf-40e3b788c726_9423b3bd-369e-4965-94a9-8985f31d4925.jpg/250x188.webp,9031,73.13376579529805,3689,22
4fc0a202-0dd5-4f7c-b7b7-1c314d8122f8,Volkswagen,Passat Variant,Break,PrivateSeller,5950,d,198657,07-2009,https://prod.pictures.autoscout24.net/listing-images/4fc0a202-0dd5-4f7c-b7b7-1c314d8122f8_a641f359-a883-4cb2-9494-eda0bf21b37d.jpg/250x188.webp,3210,67.87427407895998,4908,23
bd3366c1-38cc-421a-8a69-ccd0374ae9f6,Volkswagen,Polo Cross,Berline,Dealer,5950,b,89010,11-2006,https://prod.pictures.autoscout24.net/listing-images/bd3366c1-38cc-421a-8a69-ccd0374ae9f6_323a3f21-aeee-4781-8b80-91d414442324.jpg/250x188.webp,4100,122.70999344916741,5881,28
40893339-6f89-48ce-b0fd-90b64b0c19d7,Volkswagen,Golf,Berline,Dealer,5950,b,205000,09-2010,https://prod.pictures.autoscout24.net/listing-images/40893339-6f89-48ce-b0fd-90b64b0c19d7_24d4efdc-eb24-44d7-bb72-8d1032adfedc.jpg/250x188.webp,1070,71.06367211068877,4481,29
7e358ef2-2470-43bc-b1c1-253f17e19b10,Volkswagen,up!,Stadswagen,Dealer,5950,b,133000,10-2012,https://prod.pictures.autoscout24.net/listing-images/7e358ef2-2470-43bc-b1c1-253f17e19b10_499ebba2-42f5-4543-8143-8f2afd1a9451.jpg/250x188.webp,6700,222.44484417522085,3720,30
d59be37d-6422-4d5c-a4a4-f687deaf6aeb,Volkswagen,Polo,Berline,Dealer,5950,d,124000,09-2009,https://prod.pictures.autoscout24.net/listing-images/d59be37d-6422-4d5c-a4a4-f687deaf6aeb_660ed7db-6ab8-471f-91e6-f07de4f81337.jpg/250x188.webp,1730,61.98157406185932,4846,31
746101b2-6df1-4688-8b6a-246807026b4c,Volkswagen,Caddy,Break,PrivateSeller,5950,d,245592,08-2007,https://prod.pictures.autoscout24.net/listing-images/746101b2-6df1-4688-8b6a-246807026b4c_108c2ded-bde2-49f2-9463-602866f3506f.jpg/250x188.webp,9200,55.33414746561007,5608,39
82be77dc-7691-447a-afa7-018591c37298,Volkswagen,Caddy,Andere,PrivateSeller,5950,d,197000,10-2010,https://prod.pictures.autoscout24.net/listing-images/82be77dc-7691-447a-afa7-018591c37298_8aaa5a9e-0ba3-480a-bacf-fc98574bf47a.jpg/250x188.webp,1933,67.42863651453277,4451,42
383bad43-9f2c-4f0e-8d8f-70798cb210f0,Volkswagen,Golf GTI,Berline,Dealer,5950,b,320000,11-2005,https://prod.pictures.autoscout24.net/listing-images/383bad43-9f2c-4f0e-8d8f-70798cb210f0_acadbf9a-9bdb-40da-a6b9-0aaf1fb94921.jpg/250x188.webp,1741,71.67446954885638,6246,52
9989304b-82f6-4438-8d9d-5843614b08b7,Volkswagen,Polo,Andere,Dealer,5950,d,161000,09-2011,https://prod.pictures.autoscout24.net/listing-images/9989304b-82f6-4438-8d9d-5843614b08b7_d2981920-1425-4c89-8435-982f23aef439.jpg/250x188.webp,5100,120.21149902452048,4116,53
cbb486c4-4f84-4c8b-8858-68539c1d49ce,Volkswagen,Touran,Andere,Dealer,5950,d,291000,12-2011,https://prod.pictures.autoscout24.net/listing-images/cbb486c4-4f84-4c8b-8858-68539c1d49ce_a804e6d9-3b16-4aca-b4a9-d8f8a0e22147.jpg/250x188.webp,6060,116.023023143389,4025,54
bf219e08-7ded-4a5f-b22a-a4995b283e84,Volkswagen,Golf Plus,Monovolume,Dealer,5950,d,152000,09-2010,https://prod.pictures.autoscout24.net/listing-images/bf219e08-7ded-4a5f-b22a-a4995b283e84_4fad811e-a85a-4d0a-aaed-6d5cc5f69579.jpg/250x188.webp,1703,72.53884447632319,4481,102
e3dd0a1c-6de0-4a67-a7f2-64eea04f2e08,Volkswagen,Golf Plus,Berline,Dealer,5951,b,146000,12-2008,https://prod.pictures.autoscout24.net/listing-images/e3dd0a1c-6de0-4a67-a7f2-64eea04f2e08_c9d9b2d7-6c4b-4461-bce8-0ba6f1cd9a8b.jpg/250x188.webp,2630,37.55427282853161,5120,370
8287a674-38e7-47b7-be81-bf5617caa5aa,Volkswagen,Golf,Berline,Dealer,5990,b,180000,01-2011,https://prod.pictures.autoscout24.net/listing-images/8287a674-38e7-47b7-be81-bf5617caa5aa_79121c9d-2b36-4dde-9cb0-3fc2060ca4a9.jpg/250x188.webp,2100,27.421552979694752,4359,1
77ca661b-5cf7-4952-82cc-ef5dfb9cd9fa,Volkswagen,Golf Variant,Break,PrivateSeller,5990,d,193000,06-2013,https://prod.pictures.autoscout24.net/listing-images/77ca661b-5cf7-4952-82cc-ef5dfb9cd9fa_68ab3abe-b049-4508-a3cd-8fb6c56ad339.jpg/250x188.webp,6890,169.82379334986413,3477,4
37331502-8471-4946-b65d-eb6ac41d1a8d,Volkswagen,Phaeton,Berline,Dealer,5990,b,210000,09-2002,https://prod.pictures.autoscout24.net/listing-images/37331502-8471-4946-b65d-eb6ac41d1a8d_c7701ace-bf8b-42bf-948c-d2d93d19ccbc.jpg/250x188.webp,6700,222.44484417522085,7403,4
a1944b76-38b8-433c-89e1-1c9736083d68,Volkswagen,Golf,Berline,Dealer,5990,d,185000,01-2010,https://prod.pictures.autoscout24.net/listing-images/a1944b76-38b8-433c-89e1-1c9736083d68_d51a944a-5ee3-495f-a482-b8d1162209ab.jpg/250x188.webp,7012,120.36322565219064,4724,7
4e9ae94c-103d-4a5a-a757-5c2d1fc777d9,Volkswagen,Polo,Berline,Dealer,5990,d,184597,06-2010,https://prod.pictures.autoscout24.net/listing-images/4e9ae94c-103d-4a5a-a757-5c2d1fc777d9_31c48a99-5f99-4314-bcfc-8c0addd73641.jpg/250x188.webp,5170,123.91459628158174,4573,14
fdd20a38-df27-4c4c-a385-beeb6da0ff01,Volkswagen,Golf,Stadswagen,Dealer,5990,b,107521,01-2008,https://prod.pictures.autoscout24.net/listing-images/fdd20a38-df27-4c4c-a385-beeb6da0ff01_2ae56f6d-4efe-4d91-9e0a-d3ee42bb1887.jpg/250x188.webp,6150,118.77654030835686,5455,12
28dc7097-ec47-462f-ade9-2abb82ef0cf1,Volkswagen,Golf,Berline,Dealer,5990,d,190000,11-2010,https://prod.pictures.autoscout24.net/listing-images/28dc7097-ec47-462f-ade9-2abb82ef0cf1_3e557082-9ba0-4dc4-8d48-6fbbdb58e42f.jpg/250x188.webp,7390,121.56764290915724,4420,13
d3d039d4-663f-44c5-9be6-f2ff7b0b13fe,Volkswagen,Golf,Berline,Dealer,5990,d,155747,07-2005,https://prod.pictures.autoscout24.net/listing-images/d3d039d4-663f-44c5-9be6-f2ff7b0b13fe_7e0c8b95-3594-4f8a-a8c9-b8e4fa1b81eb.jpg/250x188.webp,7350,126.64469659762254,6369,21
f2dadf85-62b6-4a3a-b094-56fb12458f9d,Volkswagen,Eos,Cabriolet,PrivateSeller,5990,b,138000,12-2007,https://prod.pictures.autoscout24.net/listing-images/f2dadf85-62b6-4a3a-b094-56fb12458f9d_336b62e6-c5a4-4f0b-854c-5deb9a058ef2.jpg/250x188.webp,1930,65.18883147641638,5486,37
9eb3e176-65cf-4083-b917-fc56d1275e90,Volkswagen,Caddy,Bestelwagen,Dealer,5990,d,204328,11-2013,https://prod.pictures.autoscout24.net/listing-images/9eb3e176-65cf-4083-b917-fc56d1275e90_5ffaf594-1ebe-4b54-8fca-4116ac6b9e27.jpg/250x188.webp,6200,119.77990387531518,3324,46
2d64496e-fc58-4e56-b369-c4a04bc89228,Volkswagen,Golf,Berline,Dealer,5990,b,174061,08-2009,https://prod.pictures.autoscout24.net/listing-images/2d64496e-fc58-4e56-b369-c4a04bc89228_cfba2a10-3227-4bc7-86d5-175f67da8bcb.jpg/250x188.webp,7130,117.49117131592739,4877,57
c3c773e5-a654-4212-b5ca-c2bee5c81168,Volkswagen,Eos,Cabriolet,Dealer,5990,d,143000,02-2007,https://prod.pictures.autoscout24.net/listing-images/c3c773e5-a654-4212-b5ca-c2bee5c81168_b477273e-9f2e-45ee-a074-ec29dd7264e2.jpg/250x188.webp,3071,63.331240175135186,5789,85
d85557e0-f60f-48f7-93c0-39aef89514a5,Volkswagen,Golf Plus,Berline,Dealer,5990,b,154000,02-2008,https://prod.pictures.autoscout24.net/listing-images/d85557e0-f60f-48f7-93c0-39aef89514a5_cb8afbb1-b5c4-4c03-87f9-450b3f582c2f.jpg/250x188.webp,1800,60.05560122441548,5424,93
919d1bf1-e8b5-42fb-b4f1-83d0eb45364d,Volkswagen,Polo Cross,Berline,Dealer,5990,b,135000,08-2006,https://prod.pictures.autoscout24.net/listing-images/919d1bf1-e8b5-42fb-b4f1-83d0eb45364d_9cc8110f-1be2-4dbb-8a89-047eb9439db0.jpg/250x188.webp,1800,60.05560122441548,5973,184
f59294b1-2a92-487d-8946-0b9154dc3966,Volkswagen,Polo,Berline,Dealer,5990,d,150000,03-2011,https://prod.pictures.autoscout24.net/listing-images/f59294b1-2a92-487d-8946-0b9154dc3966_1857bb8c-f23e-4e67-9662-86defe92b77a.jpg/250x188.webp,4280,100.603559971339,4300,192
67076804-44a6-42d1-a445-e862503bd484,Volkswagen,Golf,Berline,Dealer,5990,d,175000,01-2011,https://prod.pictures.autoscout24.net/listing-images/67076804-44a6-42d1-a445-e862503bd484_2440e8ec-0c1e-4d05-8d43-1ab83d86015e.jpg/250x188.webp,1370,89.26135356419556,4359,347
384e4153-e431-47c0-a14b-1d50cbe09139,Volkswagen,up!,Berline,Dealer,5995,b,105000,04-2012,https://prod.pictures.autoscout24.net/listing-images/384e4153-e431-47c0-a14b-1d50cbe09139_dfbd1fbd-38b6-4d82-95d3-493186f72268.jpg/250x188.webp,2630,37.55427282853161,3903,265
b288c480-9a12-4d6c-a139-8f813ad95b36,Volkswagen,Golf,Berline,Dealer,5999,d,105000,11-2012,https://prod.pictures.autoscout24.net/listing-images/b288c480-9a12-4d6c-a139-8f813ad95b36_a3ceb62f-99a4-48a7-a695-49800c23b716.jpg/250x188.webp,6044,114.30340847106793,3689,2
3ab1e0d6-2fa3-43e3-9aab-3dd0c210b150,Volkswagen,Golf Cabriolet,Cabriolet,PrivateSeller,5999,b,68595,11-1980,https://prod.pictures.autoscout24.net/listing-images/3ab1e0d6-2fa3-43e3-9aab-3dd0c210b150_c2c7eb72-2f83-4d3c-bcc1-15861b0801dc.jpg/250x188.webp,8700,90.43310642675891,15377,11
111fea67-605c-4c64-91db-75a2e8aa7709,Volkswagen,Golf Cabriolet,Cabriolet,Dealer,5999,d,285000,10-2012,https://prod.pictures.autoscout24.net/listing-images/111fea67-605c-4c64-91db-75a2e8aa7709_c55d3ef7-1fcc-4749-b934-36778e7b27a9.jpg/250x188.webp,6030,118.28038734858286,3720,19
2fe81a85-f826-4c26-ab24-801cd42a7818,Volkswagen,Polo,Berline,Dealer,5999,d,167750,02-2013,https://prod.pictures.autoscout24.net/listing-images/2fe81a85-f826-4c26-ab24-801cd42a7818_38adf42f-db4b-4898-8e79-1abfeccdc9f2.jpg/250x188.webp,9270,62.72467041152718,3597,20
6a16c97c-2a30-4d58-9ee9-7873748d2b3a,Volkswagen,up!,Berline,Dealer,5999,b,127418,03-2013,https://prod.pictures.autoscout24.net/listing-images/6a16c97c-2a30-4d58-9ee9-7873748d2b3a_624e4b0f-95ab-4c9c-b309-a538960800b2.jpg/250x188.webp,4100,122.70999344916741,3569,21
66671cf8-09b8-431d-b155-7b7cf7dab7a5,Volkswagen,Corrado,Andere,PrivateSeller,5999,b,330000,05-1991,https://prod.pictures.autoscout24.net/listing-images/66671cf8-09b8-431d-b155-7b7cf7dab7a5_2b9d76bb-25c6-4606-bdee-2e570511a138.jpg/250x188.webp,4280,100.603559971339,11544,25
cc0c5c0f-ecd2-4f7d-9a9b-99961ac5f7b7,Volkswagen,Golf,Berline,Dealer,5999,d,160722,10-2010,https://prod.pictures.autoscout24.net/listing-images/cc0c5c0f-ecd2-4f7d-9a9b-99961ac5f7b7_778be1df-e5a0-4c63-b7d9-3820ccb69993.jpg/250x188.webp,1820,61.11806276432271,4451,30
cfe0d1a7-631b-47e5-a0a6-5174f754706c,Volkswagen,Golf,Break,Dealer,5999,d,230000,11-2012,https://prod.pictures.autoscout24.net/listing-images/cfe0d1a7-631b-47e5-a0a6-5174f754706c_0c9af31a-6728-4b63-ad34-cbcbacc03cca.jpg/250x188.webp,3630,102.97605198560623,3689,31
905a1395-2096-4a59-b7eb-b2d7a2130d01,Volkswagen,Golf,Berline,PrivateSeller,5999,d,217000,08-2011,https://prod.pictures.autoscout24.net/listing-images/905a1395-2096-4a59-b7eb-b2d7a2130d01_857f21a2-b9b6-420e-bf61-56a7b016d77a.jpg/250x188.webp,1300,83.88957347991013,4147,32
c588a4c9-1847-49db-84d7-b9bbcec6dcb0,Volkswagen,Polo,Berline,PrivateSeller,5999,d,137000,07-2013,https://prod.pictures.autoscout24.net/listing-images/c588a4c9-1847-49db-84d7-b9bbcec6dcb0_3f5b541d-4f15-4b92-b913-5d3210c46b3a.jpg/250x188.webp,7141,116.47101900243793,3447,33
e2dff8cb-04ea-4d99-90e9-728f96c35062,Volkswagen,Touareg,SUV/4x4/Pick-up,PrivateSeller,5999,d,307000,10-2007,https://prod.pictures.autoscout24.net/listing-images/e2dff8cb-04ea-4d99-90e9-728f96c35062_56cac811-3e5f-4f84-859e-a83d8ae2035c.jpg/250x188.webp,5621,132.716742346791,5547,39
7cb6a939-ad06-411b-af18-56c42ac987fc,Volkswagen,Touran,Monovolume,Dealer,5999,d,247000,01-2012,https://prod.pictures.autoscout24.net/listing-images/7cb6a939-ad06-411b-af18-56c42ac987fc_cfa9197d-66a5-401a-8dcb-ceefe98a21cd.jpg/250x188.webp,1400,97.35176357549375,3994,69
bc25f0b8-e1b4-4d2a-80bf-767a206b5413,Volkswagen,Golf,Berline,Dealer,5999,d,189130,07-2012,https://prod.pictures.autoscout24.net/listing-images/bc25f0b8-e1b4-4d2a-80bf-767a206b5413_541c6fca-cec9-458a-a292-4a0c0f8b5596.jpg/250x188.webp,3020,64.4845066062384,3812,70
ceb96918-ca73-4598-874f-139902d3a95f,Volkswagen,Golf Cabriolet,Cabriolet,PrivateSeller,5999,d,199999,05-2012,https://prod.pictures.autoscout24.net/listing-images/ceb96918-ca73-4598-874f-139902d3a95f_cf95bed6-8df8-46a5-a61b-523b086b0c8b.jpg/250x188.webp,1050,70.92422613330518,3873,80
767cfa57-8c3e-4e25-99b5-aa82d91b66b9,Volkswagen,Golf,Berline,Dealer,5999,d,198000,08-2011,https://prod.pictures.autoscout24.net/listing-images/767cfa57-8c3e-4e25-99b5-aa82d91b66b9_5f12daa6-f896-4d47-8487-711e50a2c8bf.jpg/250x188.webp,9250,48.29700857036449,4147,98
43df082f-d1c5-4814-8adb-d2e025b35a4a,Volkswagen,LT,Monovolume,Dealer,5999,d,141958,04-2003,https://prod.pictures.autoscout24.net/listing-images/43df082f-d1c5-4814-8adb-d2e025b35a4a_c8c9d820-0599-4bd9-9217-3529d5c5e74c.jpg/250x188.webp,4430,115.84778684140608,7191,121
6ef930c9-dd6b-441c-b186-6ca5d19a9137,Volkswagen,Caddy,Monovolume,PrivateSeller,6000,d,206000,10-2011,https://prod.pictures.autoscout24.net/listing-images/6ef930c9-dd6b-441c-b186-6ca5d19a9137_4e1f7763-6727-4fcd-bd88-26bafecb42e5.jpg/250x188.webp,4610,126.04959809806367,4086,3
469e3651-1d71-4ee0-9932-f9bedfb5fbac,Volkswagen,Scirocco,Coupé,PrivateSeller,6000,b,200000,10-2009,https://prod.pictures.autoscout24.net/listing-images/469e3651-1d71-4ee0-9932-f9bedfb5fbac_74ffea56-a55f-4f0f-b102-741138227cf4.jpg/250x188.webp,1861,58.463024564819776,4816,3
923f1922-7f73-4a3f-8018-1c52ca49322a,Volkswagen,Golf,Berline,PrivateSeller,6000,d,187000,05-2009,https://prod.pictures.autoscout24.net/listing-images/923f1922-7f73-4a3f-8018-1c52ca49322a_677252db-52d3-48c1-a84f-9c3fe479ad4a.jpg/250x188.webp,1140,66.17447866127165,4969,8
cd9aaabb-02be-4b4e-942d-0a9fbe3a688f,Volkswagen,Polo,Berline,PrivateSeller,6000,b,106000,11-2010,https://prod.pictures.autoscout24.net/listing-images/cd9aaabb-02be-4b4e-942d-0a9fbe3a688f_d4e92dbd-1b0a-4483-86aa-12cda4fd21f1.jpg/250x188.webp,4877,132.3380228419828,4420,8
c854cc17-d106-4b8a-b523-7fb16d9ad7c1,Volkswagen,Golf Cabriolet,Cabriolet,PrivateSeller,6000,b,129000,10-1988,https://prod.pictures.autoscout24.net/listing-images/c854cc17-d106-4b8a-b523-7fb16d9ad7c1_e5dcea3f-6d4f-4604-ad49-9e8085efd667.jpg/250x188.webp,8906,132.1497931298712,12486,17
8b0ba843-6036-4629-9bda-961736052bad,Volkswagen,Polo,Berline,PrivateSeller,6000,b,150000,04-2010,https://prod.pictures.autoscout24.net/listing-images/8b0ba843-6036-4629-9bda-961736052bad_247fe3a7-e35b-442e-823f-bf824db70206.jpg/250x188.webp,1090,66.80320352454842,4634,21
31dc2de8-b838-4d61-a9d8-3a9a6fd8156e,Volkswagen,Golf,Berline,PrivateSeller,6000,d,208000,03-2012,https://prod.pictures.autoscout24.net/listing-images/31dc2de8-b838-4d61-a9d8-3a9a6fd8156e_5d526146-b1e9-41ab-b733-2d9d070616ae.jpg/250x188.webp,4540,117.22161404327316,3934,22
f52e41b1-6143-4456-9c9b-7d8764a07690,Volkswagen,Golf,Berline,PrivateSeller,6000,d,655000,08-2000,https://prod.pictures.autoscout24.net/listing-images/f52e41b1-6143-4456-9c9b-7d8764a07690_e24db4e8-f880-49e2-8122-aa2248dfcfd8.jpg/250x188.webp,8700,90.43310642675891,8164,30
ac026d9e-dfd3-4d0d-a654-e923e603b9bd,Volkswagen,Polo,Berline,PrivateSeller,6000,d,204000,01-2014,https://prod.pictures.autoscout24.net/listing-images/ac026d9e-dfd3-4d0d-a654-e923e603b9bd_5c027784-b259-4aa3-8462-715e123fe67c.jpg/250x188.webp,7120,126.85657914067737,3263,30
178c3e6b-6e50-43e4-922d-824609648070,Volkswagen,Polo,Berline,Dealer,6000,d,222000,09-2015,https://prod.pictures.autoscout24.net/listing-images/178c3e6b-6e50-43e4-922d-824609648070_f82d1370-d512-4537-83f3-1425fb7f548b.jpg/250x188.webp,5520,138.3504314812869,2655,38
dd1be3c4-7424-4a4b-bf31-1d4b018882f0,Volkswagen,Golf,Andere,PrivateSeller,6000,b,176000,02-1988,https://prod.pictures.autoscout24.net/listing-images/dd1be3c4-7424-4a4b-bf31-1d4b018882f0_09c8c505-8344-44cf-9928-6b368ff77eac.jpg/250x188.webp,2490,59.02891586146089,12729,42
b7d757b3-4f26-4703-ad1e-9be39778001e,Volkswagen,up!,Berline,Dealer,6000,b,90000,10-2013,https://prod.pictures.autoscout24.net/listing-images/b7d757b3-4f26-4703-ad1e-9be39778001e_87147d6e-dd1a-42ce-ac99-4f3c09edd8af.jpg/250x188.webp,7784,131.91459218053018,3355,41
d152feef-60de-4a4e-a303-6f0d1d11a574,Volkswagen,Polo,Berline,PrivateSeller,6000,b,151000,09-2009,https://prod.pictures.autoscout24.net/listing-images/d152feef-60de-4a4e-a303-6f0d1d11a574_ac26a92d-d314-4b78-b486-70bf78750bf5.jpg/250x188.webp,1930,65.18883147641638,4846,62
e30c4234-4cdf-4dda-b24e-ad3e24f61877,Volkswagen,Golf,Andere,PrivateSeller,6000,d,260000,10-2009,https://prod.pictures.autoscout24.net/listing-images/e30c4234-4cdf-4dda-b24e-ad3e24f61877_43f60b17-4769-4732-8d0d-4b6da6713965.jpg/250x188.webp,1050,70.92422613330518,4816,70
6bf29678-3142-4faa-a0fa-b7bc5d3e8763,Volkswagen,Golf Plus,Monovolume,PrivateSeller,6000,d,266000,04-2011,https://prod.pictures.autoscout24.net/listing-images/6bf29678-3142-4faa-a0fa-b7bc5d3e8763_2cc6ff55-a220-4715-9d0f-1a2ecd33576e.jpg/250x188.webp,1000,69.17270624549755,4269,67
d5f8bf5d-7b96-48da-a34d-76e6f790caa7,Volkswagen,Polo,Berline,PrivateSeller,6000,b,151000,09-2009,https://prod.pictures.autoscout24.net/listing-images/d5f8bf5d-7b96-48da-a34d-76e6f790caa7_fe970c2e-a676-4875-ba74-b2874ee9775a.jpg/250x188.webp,1930,65.18883147641638,4846,85
73691c5c-1539-47c0-aadd-0acfa08c1207,Volkswagen,Golf,Berline,PrivateSeller,6000,d,178000,08-2011,https://prod.pictures.autoscout24.net/listing-images/73691c5c-1539-47c0-aadd-0acfa08c1207_e5566819-9029-494a-9a4e-7fa8327283b5.jpg/250x188.webp,1090,66.80320352454842,4147,85
3162c14c-3474-477e-8679-ee5ee17a77c8,Volkswagen,Golf GTI,Berline,PrivateSeller,6000,b,183000,04-2005,https://prod.pictures.autoscout24.net/listing-images/3162c14c-3474-477e-8679-ee5ee17a77c8_8230e702-a3bd-4acb-a7ea-ea6a7e141571.jpg/250x188.webp,8800,107.24415982689398,6460,88
66f04f1f-ec0f-408c-8816-c42a3b0ac0fb,Volkswagen,Golf GTI,Andere,PrivateSeller,6000,b,183000,06-2005,https://prod.pictures.autoscout24.net/listing-images/66f04f1f-ec0f-408c-8816-c42a3b0ac0fb_30264643-d20a-42b6-9aa9-0e24078f3883.jpg/250x188.webp,8800,107.24415982689398,6399,166
2b4ba3ea-3791-4859-a280-5c32c60b00fe,Volkswagen,Golf,Cabriolet,PrivateSeller,6000,b,206000,05-1991,https://prod.pictures.autoscout24.net/listing-images/2b4ba3ea-3791-4859-a280-5c32c60b00fe_2b3a120c-fd66-4795-86de-e5467efa0147.jpg/250x188.webp,5060,116.00750129472273,11544,91
78951602-364f-4600-8016-2c9c883bc78d,Volkswagen,Golf Plus,Berline,PrivateSeller,6000,d,190000,01-2011,https://prod.pictures.autoscout24.net/listing-images/78951602-364f-4600-8016-2c9c883bc78d_7f35620f-3027-4fe5-abc0-a9165cb77610.jpg/250x188.webp,2000,27.94913546724415,4359,100
ebf22c49-5672-4ada-9ac2-079abcd1dcf8,Volkswagen,Golf,Berline,PrivateSeller,6000,d,236000,04-2009,https://prod.pictures.autoscout24.net/listing-images/ebf22c49-5672-4ada-9ac2-079abcd1dcf8_12deaa0b-8080-4afb-b31b-985fc9860c79.jpg/250x188.webp,9050,69.04356445356942,4999,105
611ebef5-d6cd-4377-b77d-73c8d56932ab,Volkswagen,Kever,Stadswagen,PrivateSeller,6000,b,32000,06-1976,https://prod.pictures.autoscout24.net/listing-images/611ebef5-d6cd-4377-b77d-73c8d56932ab_2806fc6f-d533-42a6-9d3b-a05fb29bf3e7.jpg/250x188.webp,2900,24.06544367495776,16991,108
d4a95e9a-97a5-43ac-9c61-0a5ae60c0de5,Volkswagen,Cross Touran,Monovolume,PrivateSeller,6000,d,174000,08-2007,https://prod.pictures.autoscout24.net/listing-images/d4a95e9a-97a5-43ac-9c61-0a5ae60c0de5_31dc0241-fae4-4419-8fd7-ecf7d6623e27.jpg/250x188.webp,4040,120.39133917274062,5608,109
987975c4-543f-42e8-8c02-798dbd16e3b0,Volkswagen,Polo,Berline,PrivateSeller,6000,d,160000,02-2012,https://prod.pictures.autoscout24.net/listing-images/987975c4-543f-42e8-8c02-798dbd16e3b0_384eaf25-809f-4a3b-b098-be114b561355.jpg/250x188.webp,5000,115.13665852422378,3963,128
5527ddd0-bcc4-461e-8480-e25f67902cc8,Volkswagen,Polo,Berline,PrivateSeller,6000,b,169000,12-2010,https://prod.pictures.autoscout24.net/listing-images/5527ddd0-bcc4-461e-8480-e25f67902cc8_356aabe0-3d74-4e55-a18a-7efe7422b0c9.jpg/250x188.webp,1600,78.61296004280759,4390,129
f160c3d7-fa0c-4f39-904f-eff8586d0c54,Volkswagen,Golf Plus,Monovolume,PrivateSeller,6000,d,183994,06-2010,https://prod.pictures.autoscout24.net/listing-images/f160c3d7-fa0c-4f39-904f-eff8586d0c54_b1805b09-132a-41e1-94fc-955d89b72398.jpg/250x188.webp,4000,118.53949006185148,4573,137
8fcf2563-b968-4cdc-bd91-af2c1e00b8ff,Volkswagen,Golf,Berline,PrivateSeller,6000,d,253000,07-2013,https://prod.pictures.autoscout24.net/listing-images/8fcf2563-b968-4cdc-bd91-af2c1e00b8ff_bab90897-94c8-4928-b7b1-1f97f6a36b3a.jpg/250x188.webp,1780,63.273818071645216,3447,137
54083316-cbc5-4ed0-b0d3-7fa46a87ee5b,Volkswagen,Golf Cabriolet,Cabriolet,PrivateSeller,6000,b,224000,07-1982,https://prod.pictures.autoscout24.net/listing-images/54083316-cbc5-4ed0-b0d3-7fa46a87ee5b_9c124d65-f900-4577-b4d9-d2fb1deaf736.jpg/250x188.webp,1180,74.57281408996285,14770,147
1b500085-2ef6-48db-94a4-4aaf11cc64dc,Volkswagen,Golf,Berline,PrivateSeller,6000,d,82000,01-2002,https://prod.pictures.autoscout24.net/listing-images/1b500085-2ef6-48db-94a4-4aaf11cc64dc_a02dfdde-e3b8-43ef-8195-bc6e072edab2.jpg/250x188.webp,7090,96.30849119801513,7646,151
dcf70412-73fb-4f61-918b-c544d3c23565,Volkswagen,Polo GTI,Stadswagen,PrivateSeller,6000,b,220000,04-2001,https://prod.pictures.autoscout24.net/listing-images/dcf70412-73fb-4f61-918b-c544d3c23565_99149c0c-53e8-4fb4-b2fc-f6d299b7148f.jpg/250x188.webp,7500,124.32337959708627,7921,168
e4773288-b041-4bfe-82c6-91ec960399e8,Volkswagen,Golf,Break,PrivateSeller,6000,d,195000,06-2010,https://prod.pictures.autoscout24.net/listing-images/e4773288-b041-4bfe-82c6-91ec960399e8_e8663cb4-7cd5-4ec2-9ce5-ad47e202e133.jpg/250x188.webp,9680,92.89489303042835,4573,176
5dfd683a-30f2-4517-80bd-6caa83ad14a0,Volkswagen,T5 Transporter,Bestelwagen,Dealer,6050,d,262648,10-2011,https://prod.pictures.autoscout24.net/listing-images/5dfd683a-30f2-4517-80bd-6caa83ad14a0_7e265b2b-e29e-4d90-ab87-8c4720217035.jpg/250x188.webp,1730,61.98157406185932,4086,35
a4259699-d697-4836-9159-0675bec85bbe,Volkswagen,Golf,Berline,PrivateSeller,6050,d,280000,12-2011,https://prod.pictures.autoscout24.net/listing-images/a4259699-d697-4836-9159-0675bec85bbe_b030ffc8-1334-4196-8d17-8afe1d38253f.jpg/250x188.webp,4700,143.97766881241236,4025,88
da6bd5bf-cc7e-41e6-8155-0b1163fe0d5b,Volkswagen,Golf,Berline,PrivateSeller,6100,d,210000,11-2011,https://prod.pictures.autoscout24.net/listing-images/da6bd5bf-cc7e-41e6-8155-0b1163fe0d5b_b56cfa4c-a43a-41cf-a5f8-c4ff189ea1c9.jpg/250x188.webp,6060,116.023023143389,4055,5
c7b3a064-45cf-449e-9f03-371274618ee3,Volkswagen,Polo,Berline,PrivateSeller,6100,d,66000,10-2011,https://prod.pictures.autoscout24.net/listing-images/c7b3a064-45cf-449e-9f03-371274618ee3_9336e9c7-a756-40b5-a988-2bb25a60fdef.jpg/250x188.webp,1190,73.06612059240499,4086,146
9248d527-ebbd-42a8-8b40-19c4110b9e98,Volkswagen,Golf Variant,Break,PrivateSeller,6100,d,249700,04-2013,https://prod.pictures.autoscout24.net/listing-images/9248d527-ebbd-42a8-8b40-19c4110b9e98_9049d34a-c599-4b59-87cd-8d8a0c397677.jpg/250x188.webp,3000,67.38410339411878,3538,46
3bd55868-975c-4d70-bb8a-8cf8f99d4524,Volkswagen,Golf,Berline,PrivateSeller,6100,d,175000,11-2011,https://prod.pictures.autoscout24.net/listing-images/3bd55868-975c-4d70-bb8a-8cf8f99d4524_a2451f9d-308e-49d7-98cd-5ccb58757724.jpg/250x188.webp,4000,118.53949006185148,4055,69
f50c2742-c9d4-4d40-a786-1128ca72a2ea,Volkswagen,Polo,Berline,PrivateSeller,6200,b,189500,03-2012,https://prod.pictures.autoscout24.net/listing-images/f50c2742-c9d4-4d40-a786-1128ca72a2ea_885be7ab-2fd1-48a4-bebe-f83e2c65d5df.jpg/250x188.webp,1831,63.496143889011755,3934,2
0b6bf8cd-ffa2-4515-908a-76330317a404,Volkswagen,Golf,Berline,PrivateSeller,6200,d,189396,10-2010,https://prod.pictures.autoscout24.net/listing-images/0b6bf8cd-ffa2-4515-908a-76330317a404_ab0caf9c-36c6-47d1-aa0b-be3ca339406f.jpg/250x188.webp,3500,86.84432103923942,4451,25
47335249-ba0a-404c-bf6e-e2b9a2ecddce,Volkswagen,Golf Cabriolet,Cabriolet,PrivateSeller,6200,b,114000,08-1991,https://prod.pictures.autoscout24.net/listing-images/47335249-ba0a-404c-bf6e-e2b9a2ecddce_6ca6d532-8cdf-4f83-b0ae-a2e41803ed3c.jpg/250x188.webp,7160,111.53193473693841,11452,114
6a0e88ec-7085-4bf7-bd4b-4cbe6bfca47f,Volkswagen,Polo,Berline,PrivateSeller,6200,d,165000,04-2011,https://prod.pictures.autoscout24.net/listing-images/6a0e88ec-7085-4bf7-bd4b-4cbe6bfca47f_ff6c8fed-8bc8-46ea-b766-9cc43072dabd.jpg/250x188.webp,4500,119.58764611108163,4269,136
1ab13c0d-56e3-4507-9b25-00058f64c818,Volkswagen,Golf Plus,Monovolume,PrivateSeller,6200,b,155000,07-2007,https://prod.pictures.autoscout24.net/listing-images/1ab13c0d-56e3-4507-9b25-00058f64c818_15c9f8fb-8cf7-4e6d-9c92-3e4cdf338963.jpg/250x188.webp,9000,69.99787275902874,5639,138
4a431dfc-244d-4f8b-96e3-973996dd7807,Volkswagen,Crafter,Bestelwagen,Dealer,6200,d,228000,02-2010,https://prod.pictures.autoscout24.net/listing-images/4a431dfc-244d-4f8b-96e3-973996dd7807_3eb1bee4-dfd7-49eb-90e5-776af44bb658.jpg/250x188.webp,1600,78.61296004280759,4693,196
1bd32637-44ff-4880-b304-039626a338e7,Volkswagen,Touran,Monovolume,PrivateSeller,6250,d,227000,04-2011,https://prod.pictures.autoscout24.net/listing-images/1bd32637-44ff-4880-b304-039626a338e7_e0c0443c-cea8-4f24-91dd-df4d7ee61110.jpg/250x188.webp,5004,114.6457823215438,4269,3
a36c6348-1c48-46ad-9cce-7852b2316f7e,Volkswagen,Polo,Stadswagen,Dealer,6250,b,59000,03-2009,https://prod.pictures.autoscout24.net/listing-images/a36c6348-1c48-46ad-9cce-7852b2316f7e_f02b66cb-2124-4428-ba98-d941582b661e.jpg/250x188.webp,2900,24.06544367495776,5030,14
c20bbcfd-20d8-4dd3-8882-6d84dccd7569,Volkswagen,Polo,Stadswagen,Dealer,6250,b,192702,06-2011,https://prod.pictures.autoscout24.net/listing-images/c20bbcfd-20d8-4dd3-8882-6d84dccd7569_aecfb279-30c0-44cf-96cb-f536f07470b5.jpg/250x188.webp,2390,25.131731030812645,4208,37
4545c344-72fa-4134-a00c-7273416c415a,Volkswagen,Golf,Berline,PrivateSeller,6250,b,218000,08-1997,https://prod.pictures.autoscout24.net/listing-images/4545c344-72fa-4134-a00c-7273416c415a_c5a7447b-b1e7-406d-afcc-72fb648c5d3f.jpg/250x188.webp,7100,111.04432979756132,9260,55
a17b4ad7-1407-4ec4-80a7-247ab9c57f04,Volkswagen,Golf,Stadswagen,PrivateSeller,6250,d,177000,09-2010,https://prod.pictures.autoscout24.net/listing-images/a17b4ad7-1407-4ec4-80a7-247ab9c57f04_b026e059-c1d8-492d-b99b-1258ed1f59a4.jpg/250x188.webp,2381,36.896529217656436,4481,91
e533a033-4b44-4540-8e9b-1cdb0bb93837,Volkswagen,Golf GTI,Berline,PrivateSeller,6250,b,194000,03-2005,https://prod.pictures.autoscout24.net/listing-images/e533a033-4b44-4540-8e9b-1cdb0bb93837_6848701f-7cea-4641-bfad-ac2277204f83.jpg/250x188.webp,9060,55.39055149624411,6491,131
c614c653-f9bb-4042-87c6-1b2d91ef5e3e,Volkswagen,Scirocco,Coupé,PrivateSeller,6250,d,189000,07-2010,https://prod.pictures.autoscout24.net/listing-images/c614c653-f9bb-4042-87c6-1b2d91ef5e3e_e58fd504-fd09-41e1-9eee-dd8dab384793.jpg/250x188.webp,7134,116.23444273110738,4543,179
0c07820c-46d2-42fd-ba71-a913dfea015c,Volkswagen,Golf Cabriolet,Cabriolet,Dealer,6250,b,160729,06-1979,https://prod.pictures.autoscout24.net/listing-images/0c07820c-46d2-42fd-ba71-a913dfea015c_60d1efd8-95b8-48c9-b62e-d9c3f78326ac.jpg/250x188.webp,4920,138.78209404804628,15896,1056
5dfbecef-1524-4c85-9cc8-99da5366ab26,Volkswagen,Polo,Berline,Dealer,6290,b,129144,06-2010,https://prod.pictures.autoscout24.net/listing-images/5dfbecef-1524-4c85-9cc8-99da5366ab26_bd420670-8971-4f43-9f72-f65352df6d71.jpg/250x188.webp,9280,57.52425726435139,4573,6
97729e6b-87a2-48bc-be07-34996d251a09,Volkswagen,up!,Berline,Dealer,6290,b,111000,11-2014,https://prod.pictures.autoscout24.net/listing-images/97729e6b-87a2-48bc-be07-34996d251a09_7ccf3b8d-aa59-45c7-a4f9-e78b21519335.jpg/250x188.webp,1070,71.06367211068877,2959,9
c6860a90-16aa-4baf-9ef9-a6eb674d7005,Volkswagen,Golf,Berline,Dealer,6300,b,153000,07-2008,https://prod.pictures.autoscout24.net/listing-images/c6860a90-16aa-4baf-9ef9-a6eb674d7005_92b08505-e316-4767-ad64-38c64595410b.jpg/250x188.webp,1950,67.41758827634925,5273,2
e4260bb3-f1b9-4c48-aa4f-c4ad72fceccc,Volkswagen,Tiguan,SUV/4x4/Pick-up,Dealer,6300,d,279000,06-2011,https://prod.pictures.autoscout24.net/listing-images/e4260bb3-f1b9-4c48-aa4f-c4ad72fceccc_87232273-1c93-4b6e-b65f-cd766ae6733f.jpg/250x188.webp,4020,121.60247278825214,4208,3
50241682-18e0-45a1-a176-0e2d26503fd9,Volkswagen,Golf,Berline,PrivateSeller,6300,d,191700,02-2012,https://prod.pictures.autoscout24.net/listing-images/50241682-18e0-45a1-a176-0e2d26503fd9_2fb1b224-9351-4352-a69e-35e516c17385.jpg/250x188.webp,2970,23.91668383356069,3963,4
bbce94da-b2ef-43d8-8713-518aa91d0ed1,Volkswagen,Polo,Andere,PrivateSeller,6300,d,155000,12-2012,https://prod.pictures.autoscout24.net/listing-images/bbce94da-b2ef-43d8-8713-518aa91d0ed1_371d57f4-e9b5-4e9f-b39a-6878b0d54551.jpg/250x188.webp,4000,118.53949006185148,3659,56
cd1e2f72-e2be-4590-a268-c8fc5c950fc8,Volkswagen,Golf GTI,Andere,PrivateSeller,6300,b,265000,06-1990,https://prod.pictures.autoscout24.net/listing-images/cd1e2f72-e2be-4590-a268-c8fc5c950fc8_1adf4921-aae6-4f5e-a59f-bd06a9639ed4.jpg/250x188.webp,6661,164.54628212958488,11878,44
3eb79694-c30d-4a26-ade5-7112ba98a1cf,Volkswagen,Golf,Berline,PrivateSeller,6300,b,150000,08-2006,https://prod.pictures.autoscout24.net/listing-images/3eb79694-c30d-4a26-ade5-7112ba98a1cf_91dfe36b-de4c-4d55-a9d3-fada87ab2ad4.jpg/250x188.webp,9070,67.44647219974722,5973,109
80815600-4a51-4ccf-b2dd-f1804b195c9f,Volkswagen,Golf GTI,Berline,PrivateSeller,6300,b,191000,01-2006,https://prod.pictures.autoscout24.net/listing-images/80815600-4a51-4ccf-b2dd-f1804b195c9f_5b2c4670-a57f-4088-9599-ca811bdd79ad.jpg/250x188.webp,9170,33.22587252494208,6185,256
d1f9213b-28be-4231-8455-5189529bf383,Volkswagen,Jetta,Berline,PrivateSeller,6350,d,177900,09-2010,https://prod.pictures.autoscout24.net/listing-images/d1f9213b-28be-4231-8455-5189529bf383_99d7f0d1-83b8-4274-9901-61c4e5cb81ad.jpg/250x188.webp,5004,114.6457823215438,4481,16
2cd6d585-cf0e-4de5-81be-881def81772c,Volkswagen,Golf,Berline,Dealer,6390,b,154000,04-2009,https://prod.pictures.autoscout24.net/listing-images/2cd6d585-cf0e-4de5-81be-881def81772c_c3f3d007-d30d-46f6-afb3-712fde3079b8.jpg/250x188.webp,1410,83.89428081314767,4999,20
8caed275-0af9-428d-8e89-6ef5b8f212f0,Volkswagen,Polo,Berline,PrivateSeller,6399,d,101532,06-2009,https://prod.pictures.autoscout24.net/listing-images/8caed275-0af9-428d-8e89-6ef5b8f212f0_d7d90cdf-bd03-4258-b2d1-5bfb5ce8ebfe.jpg/250x188.webp,3740,102.74515560675786,4938,60
c7846f2c-bb08-4a34-9383-7f3994bdd497,Volkswagen,Crafter,Bestelwagen,Dealer,6399,d,338840,02-2012,https://prod.pictures.autoscout24.net/listing-images/c7846f2c-bb08-4a34-9383-7f3994bdd497_333feb45-67af-4398-8793-4fa9ed6448fe.jpg/250x188.webp,2500,38.36429357421789,3963,737
ada71a9d-fb01-4da0-b6aa-81d7261a51a8,Volkswagen,Golf,Berline,Dealer,6400,d,186000,09-2011,https://prod.pictures.autoscout24.net/listing-images/ada71a9d-fb01-4da0-b6aa-81d7261a51a8_be7c407e-ba22-4de2-85c6-0e8ceaccc07c.jpg/250x188.webp,1400,97.35176357549375,4116,97
f7c28261-7edb-439b-b4f5-31c96e40e54a,Volkswagen,Polo,Berline,PrivateSeller,6400,b,128000,02-2012,https://prod.pictures.autoscout24.net/listing-images/f7c28261-7edb-439b-b4f5-31c96e40e54a_32aa648b-ffd8-466c-8fda-84f17ed33772.jpg/250x188.webp,2110,26.910904850539477,3963,107
15c223a2-a30e-4ee2-b78e-3ee132871a86,Volkswagen,Golf,Berline,Dealer,6400,b,102000,06-2009,https://prod.pictures.autoscout24.net/listing-images/15c223a2-a30e-4ee2-b78e-3ee132871a86_70f4ea5a-9664-46d1-bdfb-21efb39f649b.jpg/250x188.webp,1930,65.18883147641638,4938,296
80adaa0e-8c43-4438-88fb-54ba0152c952,Volkswagen,Golf,Berline,Dealer,6450,b,112000,12-2006,https://prod.pictures.autoscout24.net/listing-images/80adaa0e-8c43-4438-88fb-54ba0152c952_e59bd058-f6dd-47fb-9bef-f63aea86c6a7.jpg/250x188.webp,1930,65.18883147641638,5851,5
4f57d79b-d742-44cc-8088-cd0100a1b169,Volkswagen,Touran,Monovolume,Dealer,6450,d,249689,06-2012,https://prod.pictures.autoscout24.net/listing-images/4f57d79b-d742-44cc-8088-cd0100a1b169_d2bec514-ec9a-4a8a-b869-7589b1bb2112.jpg/250x188.webp,1400,97.35176357549375,3842,17
0f28792b-283f-4c65-9723-7358bdb6c31d,Volkswagen,Polo,Berline,Dealer,6450,b,111000,11-2010,https://prod.pictures.autoscout24.net/listing-images/0f28792b-283f-4c65-9723-7358bdb6c31d_5b17c54f-1e7b-4f5d-ae1e-192c190f2e4e.jpg/250x188.webp,1780,63.273818071645216,4420,86
0e9509f4-0937-4a57-9da1-ef30c99740ea,Volkswagen,Golf,Berline,Dealer,6450,d,251000,11-2014,https://prod.pictures.autoscout24.net/listing-images/0e9509f4-0937-4a57-9da1-ef30c99740ea_cfd5e675-5777-41cc-b4ef-df902eacf7d9.jpg/250x188.webp,9920,72.12530715362509,2959,88
c0e9751b-ab42-44dd-b6ba-1c30d4b410ef,Volkswagen,Polo,Berline,Dealer,6490,d,184000,07-2010,https://prod.pictures.autoscout24.net/listing-images/c0e9751b-ab42-44dd-b6ba-1c30d4b410ef_066a6898-4a5f-4fdc-8ee3-ae4dcf387c43.jpg/250x188.webp,5060,116.00750129472273,4543,7
34cea82c-9945-4dec-82b2-80f28a135d27,Volkswagen,Polo,Berline,Dealer,6490,b,105000,01-2011,https://prod.pictures.autoscout24.net/listing-images/34cea82c-9945-4dec-82b2-80f28a135d27_c4174f62-36a8-4975-9790-840626a453da.jpg/250x188.webp,9800,85.43781742981923,4359,1
9493df2b-a6e3-4072-aa88-5d017816579b,Volkswagen,Eos,Cabriolet,Dealer,6490,b,134000,07-2008,https://prod.pictures.autoscout24.net/listing-images/9493df2b-a6e3-4072-aa88-5d017816579b_8a258e23-6529-4041-a967-8463fcf8551e.jpg/250x188.webp,4710,138.55074659169972,5273,29
8f313f0e-3605-417f-8ee0-5173757e15f8,Volkswagen,Passat,Berline,Dealer,6490,b,105000,11-2011,https://prod.pictures.autoscout24.net/listing-images/8f313f0e-3605-417f-8ee0-5173757e15f8_e903d31a-42f5-4dd2-9add-e2fdd78020b7.jpg/250x188.webp,6700,222.44484417522085,4055,75
8bcb8085-6a75-4ef2-987b-9ea9a38fb751,Volkswagen,Tiguan,SUV/4x4/Pick-up,Dealer,6499,d,310000,10-2010,https://prod.pictures.autoscout24.net/listing-images/8bcb8085-6a75-4ef2-987b-9ea9a38fb751_6a1260e6-207e-4f0c-9072-f5cdef380510.jpg/250x188.webp,6240,115.29065835205232,4451,1
4149700a-c88f-48b1-80f7-0035f509eb60,Volkswagen,Touran,Monovolume,Dealer,6499,d,230000,08-2011,https://prod.pictures.autoscout24.net/listing-images/4149700a-c88f-48b1-80f7-0035f509eb60_74f6781e-f850-4ef8-93e3-d0c87bbbc965.jpg/250x188.webp,4837,141.89823462131352,4147,65
16e6907c-a6ed-4a93-9a43-9cd0d1dc04a1,Volkswagen,Golf Cabriolet,Cabriolet,Dealer,6499,d,230000,05-2012,https://prod.pictures.autoscout24.net/listing-images/16e6907c-a6ed-4a93-9a43-9cd0d1dc04a1_2f1b1c3f-6453-4f25-958b-a5b92faa6fdb.jpg/250x188.webp,1602,75.23922327931528,3873,73
8c573ef1-6ec3-4a8b-a52f-4f509615429b,Volkswagen,Golf,Berline,PrivateSeller,6500,d,170500,05-2011,https://prod.pictures.autoscout24.net/listing-images/8c573ef1-6ec3-4a8b-a52f-4f509615429b_a5d6535b-2575-4652-886d-9c2fa71da9d3.jpg/250x188.webp,3090,77.24958296507762,4239,6
8a5dd26e-122d-48c1-a69f-2b6b64d52e1a,Volkswagen,Kever,Stadswagen,Dealer,6500,b,60500,09-1973,https://prod.pictures.autoscout24.net/listing-images/8a5dd26e-122d-48c1-a69f-2b6b64d52e1a_84292a06-b76c-49e3-b3fe-8a67dc229cf6.jpg/250x188.webp,4020,121.60247278825214,17995,0
66764991-ac71-431f-9f74-93ce1e6523c5,Volkswagen,Caddy,Bestelwagen,Dealer,6500,d,344000,02-2016,https://prod.pictures.autoscout24.net/listing-images/66764991-ac71-431f-9f74-93ce1e6523c5_053079e7-9821-47ff-9bef-59baaaf6d625.jpg/250x188.webp,1770,71.72306486218548,2502,0
cae980cf-ac9f-4f07-a73d-666d6e035e9c,Volkswagen,Cross Touran,Break,PrivateSeller,6500,d,175000,08-2007,https://prod.pictures.autoscout24.net/listing-images/cae980cf-ac9f-4f07-a73d-666d6e035e9c_f70ab8f8-6ce4-44c3-9bba-a423e6a47ff9.jpg/250x188.webp,2500,38.36429357421789,5608,1
5ad52493-60b4-4025-aa73-e4de9b9f021b,Volkswagen,Touran,Monovolume,PrivateSeller,6500,d,209000,11-2011,https://prod.pictures.autoscout24.net/listing-images/5ad52493-60b4-4025-aa73-e4de9b9f021b_6119f0dd-108c-47fb-8d86-b31504ee901d.jpg/250x188.webp,1090,66.80320352454842,4055,1
bb6de339-351c-4e52-a5c3-40d28d47fb1b,Volkswagen,Passat Variant,Break,Dealer,6500,d,341000,07-2011,https://prod.pictures.autoscout24.net/listing-images/bb6de339-351c-4e52-a5c3-40d28d47fb1b_50e3df22-eb40-4675-9f80-e58743828192.jpg/250x188.webp,1703,72.53884447632319,4178,2
e24bcb2c-0756-4735-8ea1-ea018f671bb2,Volkswagen,Golf Plus,Monovolume,PrivateSeller,6500,d,129500,09-2011,https://prod.pictures.autoscout24.net/listing-images/e24bcb2c-0756-4735-8ea1-ea018f671bb2_d4dec6b9-f0bd-4fbc-be53-72b87cbb5db0.jpg/250x188.webp,6220,109.54249226439103,4116,5
e9eea594-e487-4a64-b829-34ba63566914,Volkswagen,Golf Plus,Monovolume,PrivateSeller,6500,d,129500,10-2011,https://prod.pictures.autoscout24.net/listing-images/e9eea594-e487-4a64-b829-34ba63566914_6fbb7f7f-6f34-4f39-9a9b-e05fe5562ce7.jpg/250x188.webp,6220,109.54249226439103,4086,5
b7fae038-a19b-435d-9246-144e94b40c05,Volkswagen,Golf Plus,Monovolume,PrivateSeller,6500,d,129500,08-2011,https://prod.pictures.autoscout24.net/listing-images/b7fae038-a19b-435d-9246-144e94b40c05_52b1d7d3-11ca-4c4e-aadf-cdb5ce9e2297.jpg/250x188.webp,6220,109.54249226439103,4147,5
b9ff8a11-e656-4853-beb2-46e6c4b828fb,Volkswagen,Golf Plus,Berline,PrivateSeller,6500,d,129500,08-2011,https://prod.pictures.autoscout24.net/listing-images/b9ff8a11-e656-4853-beb2-46e6c4b828fb_27686d64-ca28-4635-b225-3291e15777f2.jpg/250x188.webp,6220,109.54249226439103,4147,5
31194a54-650e-4d1f-bd44-6e4c0d8e48c7,Volkswagen,Golf Plus,Monovolume,PrivateSeller,6500,d,129500,08-2011,https://prod.pictures.autoscout24.net/listing-images/31194a54-650e-4d1f-bd44-6e4c0d8e48c7_69390a84-3bd6-4b8b-8000-8c95c3dda7c4.jpg/250x188.webp,6220,109.54249226439103,4147,5
c40fb908-e4b6-4c71-9268-e84e4c29e20a,Volkswagen,Golf Plus,Monovolume,PrivateSeller,6500,d,129500,08-2011,https://prod.pictures.autoscout24.net/listing-images/c40fb908-e4b6-4c71-9268-e84e4c29e20a_db168ea5-aa79-43d0-a2b3-22156348f1f8.jpg/250x188.webp,6220,109.54249226439103,4147,4
71e41b1e-a610-4140-8463-1537d528f9d6,Volkswagen,Golf Plus,Monovolume,PrivateSeller,6500,d,129500,08-2011,https://prod.pictures.autoscout24.net/listing-images/71e41b1e-a610-4140-8463-1537d528f9d6_f06133c7-a841-4ad2-9973-fb2cbbd93126.jpg/250x188.webp,6220,109.54249226439103,4147,4
9c5feef4-e58e-4e35-94d1-94b0ca644d3e,Volkswagen,Polo,Berline,Dealer,6500,d,148000,01-2010,https://prod.pictures.autoscout24.net/listing-images/9c5feef4-e58e-4e35-94d1-94b0ca644d3e_e5027d88-a2f5-4774-8156-02382d203403.jpg/250x188.webp,6700,222.44484417522085,4724,5
79111baa-595c-4aee-9ec7-546ebb642b6f,Volkswagen,Polo,Berline,PrivateSeller,6500,b,152150,03-2011,https://prod.pictures.autoscout24.net/listing-images/79111baa-595c-4aee-9ec7-546ebb642b6f_754730a4-7513-485b-8f7a-191f3a2d8ee3.jpg/250x188.webp,1200,69.44150665917473,4300,9
7c525248-32ba-4c23-950c-4777c736f0c1,Volkswagen,Polo Cross,Berline,PrivateSeller,6500,d,130000,12-2010,https://prod.pictures.autoscout24.net/listing-images/7c525248-32ba-4c23-950c-4777c736f0c1_089d9030-5a67-43a8-bdf5-a731bcdfbd31.jpg/250x188.webp,3630,102.97605198560623,4390,9
66749fe1-aab2-4ce2-8be9-d7e237090cd9,Volkswagen,Golf,Berline,Dealer,6500,d,151000,05-2012,https://prod.pictures.autoscout24.net/listing-images/66749fe1-aab2-4ce2-8be9-d7e237090cd9_7e1e5db0-7754-4bdf-80ef-9586e018d8f3.jpg/250x188.webp,1082,68.04437182438213,3873,10
6b621934-c19f-4125-91c4-e20bfb683dc6,Volkswagen,Golf,Berline,PrivateSeller,6500,b,208000,05-1995,https://prod.pictures.autoscout24.net/listing-images/6b621934-c19f-4125-91c4-e20bfb683dc6_fcbdd46e-5bce-4042-b686-0facfa2209ed.jpg/250x188.webp,4520,112.57318942534252,10083,12
31ffee58-dbc0-4345-8e5e-25a885f4239f,Volkswagen,Caddy,Bestelwagen,Dealer,6500,d,210000,03-2015,https://prod.pictures.autoscout24.net/listing-images/31ffee58-dbc0-4345-8e5e-25a885f4239f_15088f0f-8548-4e99-a221-8e7c994d4d85.jpg/250x188.webp,6020,116.87427855072593,2839,12
a5de15f3-839e-44ef-af71-97538db7dc15,Volkswagen,Golf Plus,Berline,PrivateSeller,6500,d,129000,11-2011,https://prod.pictures.autoscout24.net/listing-images/a5de15f3-839e-44ef-af71-97538db7dc15_a945e25d-980a-400e-a17a-a469c670d5cd.jpg/250x188.webp,6220,109.54249226439103,4055,13
aa75f23f-3268-48c6-b979-4e7c02a93547,Volkswagen,Golf,Berline,PrivateSeller,6500,d,250000,11-2011,https://prod.pictures.autoscout24.net/listing-images/aa75f23f-3268-48c6-b979-4e7c02a93547_48233c0b-eda1-4631-a999-8f9ac585190f.jpg/250x188.webp,7331,118.21622192228163,4055,13
4bf561a5-20a7-4d33-9987-b556884adf9f,Volkswagen,Polo,Berline,PrivateSeller,6500,d,168500,03-2014,https://prod.pictures.autoscout24.net/listing-images/4bf561a5-20a7-4d33-9987-b556884adf9f_6d12564c-3691-4a08-9d67-6fc041e776dc.jpg/250x188.webp,1090,66.80320352454842,3204,13
ee38c0db-a714-42c6-80f2-10733f82057e,Volkswagen,Polo GTI,Berline,PrivateSeller,6500,b,175000,07-2006,https://prod.pictures.autoscout24.net/listing-images/ee38c0db-a714-42c6-80f2-10733f82057e_47934428-1b1a-4c55-b056-6219dee0665b.jpg/250x188.webp,6220,109.54249226439103,6004,13
0d2933e8-a049-4da9-a3c8-3a42dd8551b8,Volkswagen,Golf,Berline,PrivateSeller,6500,b,203830,01-2014,https://prod.pictures.autoscout24.net/listing-images/0d2933e8-a049-4da9-a3c8-3a42dd8551b8_1da15b99-e26b-49bf-9512-cf9296c0a7e1.jpg/250x188.webp,1000,69.17270624549755,3263,15
517dcbc5-7adb-446c-8b51-3547c8d929c6,Volkswagen,T4 Multivan,Monovolume,PrivateSeller,6500,d,327000,07-1992,https://prod.pictures.autoscout24.net/listing-images/517dcbc5-7adb-446c-8b51-3547c8d929c6_35a2d899-d256-42d0-8fb3-2be1cb68ff9c.jpg/250x188.webp,2920,9.296058813361997,11117,18
370bd6e3-8115-4abb-a4f8-364555010dae,Volkswagen,Golf Variant,Break,PrivateSeller,6500,d,137000,05-2011,https://prod.pictures.autoscout24.net/listing-images/370bd6e3-8115-4abb-a4f8-364555010dae_937aa119-f22e-450b-a75a-0c4c22688454.jpg/250x188.webp,9290,58.400688634011,4239,19
f16c3faa-93cc-4849-9820-fdc1c7bcab8a,Volkswagen,Golf,Berline,PrivateSeller,6500,d,219000,11-2011,https://prod.pictures.autoscout24.net/listing-images/f16c3faa-93cc-4849-9820-fdc1c7bcab8a_3f47bd05-4dbc-41e4-a8e0-552eeae71712.jpg/250x188.webp,8370,94.16785723715297,4055,22
9e2ad225-8194-4f8f-8d7f-909d170cd498,Volkswagen,Polo,Berline,Dealer,6500,b,170000,01-2015,https://prod.pictures.autoscout24.net/listing-images/9e2ad225-8194-4f8f-8d7f-909d170cd498_0bab6f68-e6c2-4c97-ae86-38f50c7ffbc0.jpg/250x188.webp,1490,93.00820810919008,2898,25
1c127ce3-0cf6-47bd-a7a6-4b7c9f9f4a0b,Volkswagen,Golf Cabriolet,Cabriolet,PrivateSeller,6500,b,220000,12-1982,https://prod.pictures.autoscout24.net/listing-images/1c127ce3-0cf6-47bd-a7a6-4b7c9f9f4a0b_7d4ff114-ef87-496a-86e8-464ba5696cba.jpg/250x188.webp,6540,124.94634628560202,14617,28
83775528-e1d8-4c14-9f3e-0692bc0828b0,Volkswagen,Golf,Berline,PrivateSeller,6500,d,156000,09-2011,https://prod.pictures.autoscout24.net/listing-images/83775528-e1d8-4c14-9f3e-0692bc0828b0_2821262a-36bd-49c0-bb63-9e7ccacb9a98.jpg/250x188.webp,1780,63.273818071645216,4116,35
7745a3f8-6398-48e6-a728-b504f804e52a,Volkswagen,Tiguan,SUV/4x4/Pick-up,Dealer,6500,d,323000,04-2009,https://prod.pictures.autoscout24.net/listing-images/7745a3f8-6398-48e6-a728-b504f804e52a_619dd138-ea2b-46f7-a091-bc31176be11d.jpg/250x188.webp,6560,131.1094961268063,4999,40
137171b9-d12d-4bc4-96d9-645787f5b3f8,Volkswagen,Touran,Monovolume,PrivateSeller,6500,d,250000,01-2011,https://prod.pictures.autoscout24.net/listing-images/137171b9-d12d-4bc4-96d9-645787f5b3f8_d9350858-b095-454c-aaa9-5113ef3cd105.jpg/250x188.webp,1495,100.31070706891583,4359,40
976e5fe1-8c1f-412c-83c7-7aeb4fce3146,Volkswagen,Golf Plus,Andere,PrivateSeller,6500,d,101277,08-2009,https://prod.pictures.autoscout24.net/listing-images/976e5fe1-8c1f-412c-83c7-7aeb4fce3146_ab3efe3f-fb3a-4ba9-84f8-c28f89a0e8c6.jpg/250x188.webp,1030,66.85598932704684,4877,45
a1cd54b5-e996-46c8-9f49-02dd5c050e17,Volkswagen,Touareg,SUV/4x4/Pick-up,PrivateSeller,6500,d,265000,08-2008,https://prod.pictures.autoscout24.net/listing-images/a1cd54b5-e996-46c8-9f49-02dd5c050e17_183582d7-dbd0-4780-aa21-82ddcf90b6c8.jpg/250x188.webp,2275,33.4248057925053,5242,50
fd358b1c-ca56-493f-84f3-8b3b95ff2c54,Volkswagen,Polo,Berline,Dealer,6500,b,125000,04-2013,https://prod.pictures.autoscout24.net/listing-images/fd358b1c-ca56-493f-84f3-8b3b95ff2c54_302c4751-51f0-44a4-9a5a-361f904ac123.jpg/250x188.webp,7370,128.14216834969352,3538,51
6146c383-bd94-4268-94e6-1b2d419200f0,Volkswagen,up!,Berline,PrivateSeller,6500,b,28000,06-2015,https://prod.pictures.autoscout24.net/listing-images/6146c383-bd94-4268-94e6-1b2d419200f0_c58dfa12-db87-484b-94e0-e2e44161cdbb.jpg/250x188.webp,1360,94.96010137768063,2747,52
160add52-a4f5-4641-890a-ea8a4a0e858c,Volkswagen,Crafter,Bestelwagen,PrivateSeller,6500,d,210000,07-2008,https://prod.pictures.autoscout24.net/listing-images/160add52-a4f5-4641-890a-ea8a4a0e858c_70d7ced3-e2af-497c-bb41-ee839d39c85e.jpg/250x188.webp,7822,100.10724916933206,5273,54
df6a7b80-a9e1-462c-9d04-b6141afb6566,Volkswagen,Polo,Berline,PrivateSeller,6500,d,105000,04-2011,https://prod.pictures.autoscout24.net/listing-images/df6a7b80-a9e1-462c-9d04-b6141afb6566_37cc665b-2cc9-4071-a44c-386c0e20a1f4.jpg/250x188.webp,1730,61.98157406185932,4269,56
09fd6af6-e4eb-4627-9e9a-4955e7fc4bf3,Volkswagen,Golf,Berline,PrivateSeller,6500,d,219000,09-2009,https://prod.pictures.autoscout24.net/listing-images/09fd6af6-e4eb-4627-9e9a-4955e7fc4bf3_3797640f-f236-4115-bcc3-fe2f734cc320.jpg/250x188.webp,4800,137.3735948615729,4846,59
befb65d9-cb44-4153-8cf5-906b61114e2d,Volkswagen,Golf,Berline,PrivateSeller,6500,d,219000,10-2009,https://prod.pictures.autoscout24.net/listing-images/befb65d9-cb44-4153-8cf5-906b61114e2d_4080cf15-f7f8-4b01-a9d3-267a061308cd.jpg/250x188.webp,4800,137.3735948615729,4816,60
dc2cfaab-0723-41ad-97c3-eb96fd8882f4,Volkswagen,Passat,Berline,PrivateSeller,6500,d,267800,02-2011,https://prod.pictures.autoscout24.net/listing-images/dc2cfaab-0723-41ad-97c3-eb96fd8882f4_4e1af8b0-5963-4ad4-87c9-f4f5b314cbbb.jpg/250x188.webp,6700,222.44484417522085,4328,64
c68614aa-bb33-4ca0-9441-3db7365e1393,Volkswagen,Polo,Berline,PrivateSeller,6500,d,175000,05-2010,https://prod.pictures.autoscout24.net/listing-images/c68614aa-bb33-4ca0-9441-3db7365e1393_34f8b8d6-d86a-41af-b2c4-2def5f0cc8ec.jpg/250x188.webp,6140,118.16906783395082,4604,71
899aee9a-4160-40b8-bff1-b91646b4277d,Volkswagen,Eos,Cabriolet,PrivateSeller,6500,b,200000,09-2006,https://prod.pictures.autoscout24.net/listing-images/899aee9a-4160-40b8-bff1-b91646b4277d_46109d89-e842-4865-86ca-83ac243ca997.jpg/250x188.webp,7387,133.5272895412881,5942,72
975eecdf-3d55-473f-93f5-f467f1df2b19,Volkswagen,Golf,Berline,PrivateSeller,6500,d,165000,09-2010,https://prod.pictures.autoscout24.net/listing-images/975eecdf-3d55-473f-93f5-f467f1df2b19_6bbfd453-7cf4-45d7-bd20-1231eeedafc9.jpg/250x188.webp,1300,83.88957347991013,4481,73
75abea5f-6173-4b7a-b769-58921628afe4,Volkswagen,Golf,Berline,Dealer,6500,b,117000,09-2009,https://prod.pictures.autoscout24.net/listing-images/75abea5f-6173-4b7a-b769-58921628afe4_18cdac68-e8a5-4efe-a092-519bfbcfdf95.jpg/250x188.webp,8880,113.05181262649485,4846,76
31e732a2-da5d-4d17-9333-75093504afa4,Volkswagen,Golf Cabriolet,Cabriolet,Dealer,6500,d,238000,06-2012,https://prod.pictures.autoscout24.net/listing-images/31e732a2-da5d-4d17-9333-75093504afa4_a5ab9e8c-b55d-4c99-aff5-23c27f2b5af8.jpg/250x188.webp,1930,65.18883147641638,3842,88
e8e282e5-c2a7-4250-a241-577c569fd5af,Volkswagen,Jetta,Berline,Dealer,6500,d,187000,11-2012,https://prod.pictures.autoscout24.net/listing-images/e8e282e5-c2a7-4250-a241-577c569fd5af_85720944-1132-4f9f-8709-7ba741ca1caa.jpg/250x188.webp,9991,73.67673474450007,3689,97
0e379e14-9142-4a35-8e35-5d51c2bf493e,Volkswagen,Golf,Break,PrivateSeller,6500,d,173000,11-2010,https://prod.pictures.autoscout24.net/listing-images/0e379e14-9142-4a35-8e35-5d51c2bf493e_a28a7c47-0c86-4c16-83b7-913389b1ea22.jpg/250x188.webp,9620,79.3684737361704,4420,98
0ca862f1-5180-42cf-a876-36508d9a9088,Volkswagen,Passat Variant,Break,PrivateSeller,6500,d,258899,05-2011,https://prod.pictures.autoscout24.net/listing-images/0ca862f1-5180-42cf-a876-36508d9a9088_448787da-fdc3-4e83-bdcd-aa8956947aa6.jpg/250x188.webp,1070,71.06367211068877,4239,100
3b5a50e9-ae2f-4dea-af7e-62736d51ed0d,Volkswagen,Eos,Cabriolet,PrivateSeller,6500,d,209000,03-2007,https://prod.pictures.autoscout24.net/listing-images/3b5a50e9-ae2f-4dea-af7e-62736d51ed0d_9d92f65a-4b3c-472c-95ac-0e1503d35e87.jpg/250x188.webp,1325,85.97978805911903,5761,101
7967d4e7-404d-44dc-b278-7ea46d643813,Volkswagen,Golf,Berline,PrivateSeller,6500,d,194000,03-2012,https://prod.pictures.autoscout24.net/listing-images/7967d4e7-404d-44dc-b278-7ea46d643813_dffcf854-5d33-4565-a8d4-06419a118e37.jpg/250x188.webp,1853,62.49120970441575,3934,106
caa4bd82-c694-4839-b696-626a02297e45,Volkswagen,Passat Variant,Break,PrivateSeller,6500,d,320000,01-2011,https://prod.pictures.autoscout24.net/listing-images/caa4bd82-c694-4839-b696-626a02297e45_501943aa-d1d7-4585-be64-e2e5fc797894.jpg/250x188.webp,6000,117.49014599385939,4359,110
b714a574-5913-496d-aa5d-47bbcb7ce7f2,Volkswagen,Golf,Berline,PrivateSeller,6500,d,211000,11-2011,https://prod.pictures.autoscout24.net/listing-images/b714a574-5913-496d-aa5d-47bbcb7ce7f2_1ef7528c-12c0-4e1e-8025-55ec517b4a29.jpg/250x188.webp,9032,67.73238450613185,4055,111
0f178003-4a01-47fa-b7a4-577a822303a9,Volkswagen,Golf,Berline,PrivateSeller,6500,d,221000,11-2010,https://prod.pictures.autoscout24.net/listing-images/0f178003-4a01-47fa-b7a4-577a822303a9_b78b3dc6-fe13-46b2-a12c-768b41cb57b9.jpg/250x188.webp,4102,122.20973776491603,4420,112
963ae6d8-27e0-40d3-8181-a90455d4cc7f,Volkswagen,Jetta,Berline,PrivateSeller,6500,d,209000,08-2013,https://prod.pictures.autoscout24.net/listing-images/963ae6d8-27e0-40d3-8181-a90455d4cc7f_82c13554-4110-40d0-9aaa-220f5856a402.jpg/250x188.webp,9340,67.51567995441158,3416,113
56b0839e-4852-4c57-abdb-fab5f2891744,Volkswagen,Golf,Berline,PrivateSeller,6500,d,186500,04-2012,https://prod.pictures.autoscout24.net/listing-images/56b0839e-4852-4c57-abdb-fab5f2891744_1a2bad3f-dac3-401a-9202-72d49a7d8a19.jpg/250x188.webp,9520,73.10515277787435,3903,114
e1c6aa38-8990-4664-b395-35c23af5ef1a,Volkswagen,Polo,Berline,PrivateSeller,6500,d,175000,10-2014,https://prod.pictures.autoscout24.net/listing-images/e1c6aa38-8990-4664-b395-35c23af5ef1a_51085d1e-2049-4761-9e22-2b1ec26afcac.jpg/250x188.webp,2000,27.94913546724415,2990,121
362dceb2-ad3f-47af-97ba-dd55c49f6aae,Volkswagen,Golf Variant,Break,Dealer,6500,d,223000,10-2013,https://prod.pictures.autoscout24.net/listing-images/362dceb2-ad3f-47af-97ba-dd55c49f6aae_4f0a4684-4f59-488f-81f5-8026ff456c3b.jpg/250x188.webp,2323,23.861194354532472,3355,122
8cdc400f-890a-4d80-a866-0be813be1387,Volkswagen,Caddy,Bestelwagen,PrivateSeller,6500,d,160000,04-2011,https://prod.pictures.autoscout24.net/listing-images/8cdc400f-890a-4d80-a866-0be813be1387_43503253-3cf3-4600-87d7-90e1a3faa77d.jpg/250x188.webp,6717,211.81305549269075,4269,123
d8f35cd9-2f70-4698-a3a6-aacee60602ca,Volkswagen,Golf,Berline,PrivateSeller,6500,d,258000,09-2011,https://prod.pictures.autoscout24.net/listing-images/d8f35cd9-2f70-4698-a3a6-aacee60602ca_8ea5c3fe-0a98-45d0-b241-c86a2a61361a.jpg/250x188.webp,4600,117.87746038285867,4116,128
39babe6a-0449-4498-990e-f8743a93e522,Volkswagen,Eos,Cabriolet,PrivateSeller,6500,d,284000,05-2011,https://prod.pictures.autoscout24.net/listing-images/39babe6a-0449-4498-990e-f8743a93e522_203794d1-ce4e-4513-b41f-307f18e8f542.jpg/250x188.webp,6870,170.86957035405973,4239,129
735ddf88-b60a-4c18-ad58-5f4642b51ca4,Volkswagen,Passat,Berline,PrivateSeller,6500,d,121000,12-2009,https://prod.pictures.autoscout24.net/listing-images/735ddf88-b60a-4c18-ad58-5f4642b51ca4_d7849adb-5ee4-4704-ab6a-40c88205270c.jpg/250x188.webp,1600,78.61296004280759,4755,133
f1c7e330-4169-4f2d-8682-a7f5b02ab4ea,Volkswagen,Passat Variant,Break,PrivateSeller,6500,d,218000,12-2011,https://prod.pictures.autoscout24.net/listing-images/f1c7e330-4169-4f2d-8682-a7f5b02ab4ea_637321bf-5fbf-4bf0-83db-43f38cd4c50a.jpg/250x188.webp,5570,149.9747774147415,4025,164
bdcde146-29ef-49b5-8934-d5b6989e98ca,Volkswagen,Polo,Berline,PrivateSeller,6500,d,175000,06-2012,https://prod.pictures.autoscout24.net/listing-images/bdcde146-29ef-49b5-8934-d5b6989e98ca_bb0fcdad-1cae-4652-8853-cc5f16100ae9.jpg/250x188.webp,1180,74.57281408996285,3842,167
eb3f0d95-c577-405b-b511-6e38697791e1,Volkswagen,New Beetle,Cabriolet,Dealer,6500,b,102329,02-2006,https://prod.pictures.autoscout24.net/listing-images/eb3f0d95-c577-405b-b511-6e38697791e1_543cd3f7-08e6-4b2f-b320-0a14fe4e45ac.jpg/250x188.webp,1770,71.72306486218548,6154,191
78c9a99c-d4f6-4b94-a567-b1b4754815b6,Volkswagen,Golf,Coupé,PrivateSeller,6500,b,160000,05-1998,https://prod.pictures.autoscout24.net/listing-images/78c9a99c-d4f6-4b94-a567-b1b4754815b6_c7860bd6-6367-4424-b68d-5b6ddc19849a.jpg/250x188.webp,2660,33.51153490320288,8987,268
90de1279-d7fb-43e2-bfa1-2003e94bbf30,Volkswagen,Scirocco,Coupé,PrivateSeller,6550,d,189000,07-2010,https://prod.pictures.autoscout24.net/listing-images/90de1279-d7fb-43e2-bfa1-2003e94bbf30_ef581d64-bf32-445e-a611-5153f71ed17b.jpg/250x188.webp,7134,116.23444273110738,4543,179
4ff7fde8-ac8d-4d2a-94fd-7bde8ba7433b,Volkswagen,Polo,Berline,Dealer,6590,b,152255,07-2014,https://prod.pictures.autoscout24.net/listing-images/4ff7fde8-ac8d-4d2a-94fd-7bde8ba7433b_a66379cd-b723-40cb-b20f-9f09337b7cec.jpg/250x188.webp,4602,121.08926182424595,3082,7
6a114420-824e-48ce-b644-423461ff0f37,Volkswagen,Caddy,Bestelwagen,Dealer,6599,c,106003,11-2008,https://prod.pictures.autoscout24.net/listing-images/6a114420-824e-48ce-b644-423461ff0f37_739a83b3-2ec0-4914-b80f-0d0f9d7ebfc5.jpg/250x188.webp,4287,89.81351307557166,5150,267
1be8efb4-d35f-4b73-a3fe-c8227f87bebb,Volkswagen,e-up!,Stadswagen,PrivateSeller,6600,b,113000,02-2012,https://prod.pictures.autoscout24.net/listing-images/1be8efb4-d35f-4b73-a3fe-c8227f87bebb_e4796292-77ac-4e23-881d-79a34f57fcf1.jpg/250x188.webp,3798,119.8060483059774,3963,3
08e58729-63ea-40c8-bd29-700294c3531e,Volkswagen,up!,Stadswagen,PrivateSeller,6600,b,113000,02-2012,https://prod.pictures.autoscout24.net/listing-images/08e58729-63ea-40c8-bd29-700294c3531e_bbb04514-1046-4945-941e-4bebdf546947.jpg/250x188.webp,3798,119.8060483059774,3963,10
c5988ca5-dabc-4ba6-a292-f79e5df981bf,Volkswagen,Polo,Berline,PrivateSeller,6600,d,185000,11-2011,https://prod.pictures.autoscout24.net/listing-images/c5988ca5-dabc-4ba6-a292-f79e5df981bf_3736a43a-18c8-4f24-a0d2-a099ed7c2b43.jpg/250x188.webp,1090,66.80320352454842,4055,20
e3457a2c-98d3-4390-b462-fe0e1d7ddc2d,Volkswagen,Polo,Berline,PrivateSeller,6600,d,185000,11-2011,https://prod.pictures.autoscout24.net/listing-images/e3457a2c-98d3-4390-b462-fe0e1d7ddc2d_a425bd6f-b28f-49ca-b099-97ddafcaf109.jpg/250x188.webp,1090,66.80320352454842,4055,22
2c9a9edd-7d53-4361-b6d5-148c319da254,Volkswagen,up!,Stadswagen,Dealer,6600,b,107344,04-2012,https://prod.pictures.autoscout24.net/listing-images/2c9a9edd-7d53-4361-b6d5-148c319da254_bca10f81-252e-4820-9c69-ea50f8f0cb1f.jpg/250x188.webp,1000,69.17270624549755,3903,21
1be8efb4-d35f-4b73-a3fe-c8227f87bebb,Volkswagen,e-up!,Stadswagen,PrivateSeller,6600,b,113000,02-2012,https://prod.pictures.autoscout24.net/listing-images/1be8efb4-d35f-4b73-a3fe-c8227f87bebb_e4796292-77ac-4e23-881d-79a34f57fcf1.jpg/250x188.webp,3798,119.8060483059774,3963,3
08e58729-63ea-40c8-bd29-700294c3531e,Volkswagen,up!,Stadswagen,PrivateSeller,6600,b,113000,02-2012,https://prod.pictures.autoscout24.net/listing-images/08e58729-63ea-40c8-bd29-700294c3531e_bbb04514-1046-4945-941e-4bebdf546947.jpg/250x188.webp,3798,119.8060483059774,3963,10
c5988ca5-dabc-4ba6-a292-f79e5df981bf,Volkswagen,Polo,Berline,PrivateSeller,6600,d,185000,11-2011,https://prod.pictures.autoscout24.net/listing-images/c5988ca5-dabc-4ba6-a292-f79e5df981bf_3736a43a-18c8-4f24-a0d2-a099ed7c2b43.jpg/250x188.webp,1090,66.80320352454842,4055,20
e3457a2c-98d3-4390-b462-fe0e1d7ddc2d,Volkswagen,Polo,Berline,PrivateSeller,6600,d,185000,11-2011,https://prod.pictures.autoscout24.net/listing-images/e3457a2c-98d3-4390-b462-fe0e1d7ddc2d_a425bd6f-b28f-49ca-b099-97ddafcaf109.jpg/250x188.webp,1090,66.80320352454842,4055,22
2c9a9edd-7d53-4361-b6d5-148c319da254,Volkswagen,up!,Stadswagen,Dealer,6600,b,107344,04-2012,https://prod.pictures.autoscout24.net/listing-images/2c9a9edd-7d53-4361-b6d5-148c319da254_bca10f81-252e-4820-9c69-ea50f8f0cb1f.jpg/250x188.webp,1000,69.17270624549755,3903,21
19015e81-eef5-47f2-b2aa-5a325111a924,Volkswagen,Golf Variant,Break,Dealer,6600,b,159900,09-2010,https://prod.pictures.autoscout24.net/listing-images/19015e81-eef5-47f2-b2aa-5a325111a924_15fcb433-e47d-463a-8344-1c14da2adfcf.jpg/250x188.webp,1140,66.17447866127165,4481,41
2135ef15-c405-455b-9673-68c82b164179,Volkswagen,Golf Variant,Break,PrivateSeller,6600,d,233000,05-2012,https://prod.pictures.autoscout24.net/listing-images/2135ef15-c405-455b-9673-68c82b164179_9c30f822-92e0-413a-8c5d-5dd35b010c7f.jpg/250x188.webp,4720,136.1918757557967,3873,104
c87d75c4-295a-4def-8e31-e271c1800c40,Volkswagen,Scirocco,Coupé,PrivateSeller,6600,d,220000,08-2009,https://prod.pictures.autoscout24.net/listing-images/c87d75c4-295a-4def-8e31-e271c1800c40_948d4f59-1bab-4611-a399-08796ab7b783.jpg/250x188.webp,9600,100.62421555744224,4877,115
7f1c1417-461e-42da-823f-c6b4881c0871,Volkswagen,Golf Plus,Berline,PrivateSeller,6600,b,155000,07-2007,https://prod.pictures.autoscout24.net/listing-images/7f1c1417-461e-42da-823f-c6b4881c0871_a35472c9-b96f-4f91-90f1-d069ea0ef00f.jpg/250x188.webp,9000,69.99787275902874,5639,138
6bd8e6ad-e9db-4b68-a1fd-465f77a11625,Volkswagen,Golf Plus,Berline,PrivateSeller,6600,b,155000,07-2007,https://prod.pictures.autoscout24.net/listing-images/6bd8e6ad-e9db-4b68-a1fd-465f77a11625_c2cbf001-4c12-4a74-a9fa-6c2a0b0f5903.jpg/250x188.webp,9000,69.99787275902874,5639,138
cf2a8073-caff-4c9f-8a57-c5e438e7a9e4,Volkswagen,Passat,Berline,PrivateSeller,6600,d,275988,05-2006,https://prod.pictures.autoscout24.net/listing-images/cf2a8073-caff-4c9f-8a57-c5e438e7a9e4_907b71e7-5d5b-4e46-bb79-e15ecb7d84fc.jpg/250x188.webp,3640,93.71016005030347,6065,168
cd75ef66-f69b-4428-9c53-252b8b494235,Volkswagen,Crafter,Bestelwagen,Dealer,6600,d,181088,07-2009,https://prod.pictures.autoscout24.net/listing-images/cd75ef66-f69b-4428-9c53-252b8b494235_64c82974-912c-46e5-9096-7f9a2398c68f.jpg/250x188.webp,1480,90.6722887329444,4908,409
316b2009-60ac-42c3-8229-77ed9fa33d44,Volkswagen,Polo,Berline,Dealer,6650,d,124350,10-2011,https://prod.pictures.autoscout24.net/listing-images/316b2009-60ac-42c3-8229-77ed9fa33d44_fcab3de4-14fe-46e1-8f8d-492b5399e4ae.jpg/250x188.webp,1780,63.273818071645216,4086,92
bfe2fbe0-8a84-487f-b372-bc77551d1474,Volkswagen,Golf Variant,Break,Dealer,6650,b,106000,06-2009,https://prod.pictures.autoscout24.net/listing-images/bfe2fbe0-8a84-487f-b372-bc77551d1474_b693bade-55cf-4897-84a0-ab9e3137b40e.jpg/250x188.webp,1780,63.273818071645216,4938,189
c4bf0365-c87e-4e41-b5d7-8ffece5bce6d,Volkswagen,up!,Berline,Dealer,6690,b,109214,02-2015,https://prod.pictures.autoscout24.net/listing-images/c4bf0365-c87e-4e41-b5d7-8ffece5bce6d_562bb847-efca-4f2a-8658-0b8c9e5415c1.jpg/250x188.webp,6970,169.87153563896285,2867,91
79ea909c-d9f9-479a-9fda-8e5e54a06f2a,Volkswagen,Caddy,Monovolume,Dealer,6699,d,104000,02-2008,https://prod.pictures.autoscout24.net/listing-images/79ea909c-d9f9-479a-9fda-8e5e54a06f2a_b0557de8-17ae-40af-9b0a-9e34947d0ee4.jpg/250x188.webp,4860,136.57795670699153,5424,17
0f81b4c5-a50e-4ac0-a0e8-3b671d798ba0,Volkswagen,Touran,Monovolume,Dealer,6700,d,184000,08-2011,https://prod.pictures.autoscout24.net/listing-images/0f81b4c5-a50e-4ac0-a0e8-3b671d798ba0_e455837a-a441-4296-af9a-5c412d96b3d7.jpg/250x188.webp,1703,72.53884447632319,4147,0
8a6c11d8-e928-4af1-ad22-4cdef7e75008,Volkswagen,Polo,Berline,Dealer,6700,b,111000,08-2010,https://prod.pictures.autoscout24.net/listing-images/8a6c11d8-e928-4af1-ad22-4cdef7e75008_0bda02b5-2466-490a-8545-44c0effd0fdf.jpg/250x188.webp,4451,115.23535097657253,4512,2
8b708c0a-66f5-4a24-9948-5e4b0b061f37,Volkswagen,Tiguan,SUV/4x4/Pick-up,Dealer,6700,b,142000,07-2010,https://prod.pictures.autoscout24.net/listing-images/8b708c0a-66f5-4a24-9948-5e4b0b061f37_bbf72fa2-833f-4c25-a241-d96421bf5b48.jpg/250x188.webp,1703,72.53884447632319,4543,3
fb655185-9be1-4f7a-a571-c5386deb02bd,Volkswagen,Polo,Berline,PrivateSeller,6700,d,178000,04-2014,https://prod.pictures.autoscout24.net/listing-images/fb655185-9be1-4f7a-a571-c5386deb02bd_5aa3fd15-e44e-4d40-90bc-f6ef54783b1e.jpg/250x188.webp,4960,157.83179397169627,3173,11
b4564fea-9c5f-4828-8caf-14be38ffd9aa,Volkswagen,Golf,Berline,PrivateSeller,6700,d,218000,09-2009,https://prod.pictures.autoscout24.net/listing-images/b4564fea-9c5f-4828-8caf-14be38ffd9aa_0500b677-e875-4e67-9a20-5e4ad7688bd5.jpg/250x188.webp,1000,69.17270624549755,4846,16
9600b2ee-3bc9-49d0-9c9b-e901f74d50f7,Volkswagen,Polo,Berline,PrivateSeller,6700,b,157000,05-2011,https://prod.pictures.autoscout24.net/listing-images/9600b2ee-3bc9-49d0-9c9b-e901f74d50f7_fc40e599-cfa8-4d0d-9910-af77d74cb03b.jpg/250x188.webp,4032,124.36566499817849,4239,22
937ec8c6-685b-4866-80f4-03c21d692cb5,Volkswagen,Polo,Berline,PrivateSeller,6700,d,133000,09-2013,https://prod.pictures.autoscout24.net/listing-images/937ec8c6-685b-4866-80f4-03c21d692cb5_03f8c27c-74e4-4c23-ae23-a66c0f460936.jpg/250x188.webp,5361,138.9841869621866,3385,24
38c4241a-e098-4c12-a3bc-c81dbbe15eac,Volkswagen,Polo,Berline,PrivateSeller,6700,d,132997,08-2013,https://prod.pictures.autoscout24.net/listing-images/38c4241a-e098-4c12-a3bc-c81dbbe15eac_407248e5-cf31-4624-a1df-c33fc98a5fca.jpg/250x188.webp,5361,138.9841869621866,3416,34
7c3b0023-d5ff-4783-9452-0fba248790c0,Volkswagen,Polo,Berline,PrivateSeller,6700,d,222186,04-2014,https://prod.pictures.autoscout24.net/listing-images/7c3b0023-d5ff-4783-9452-0fba248790c0_abc34bd9-4a55-4e2e-97dd-ab9f1521e9c0.jpg/250x188.webp,2400,54.46395713654512,3173,91
2784f4f0-7b48-41e5-8809-40b947fe7b3e,Volkswagen,Coccinelle,Stadswagen,PrivateSeller,6700,b,98579,05-1973,https://prod.pictures.autoscout24.net/listing-images/2784f4f0-7b48-41e5-8809-40b947fe7b3e_547c6ee7-e4c9-4582-a2e5-4ae738a2ff88.jpg/250x188.webp,4870,132.16958353322565,18118,111
393e0d35-368e-4b5b-9464-d2114599d7b4,Volkswagen,Touran,Monovolume,Dealer,6750,d,183000,03-2013,https://prod.pictures.autoscout24.net/listing-images/393e0d35-368e-4b5b-9464-d2114599d7b4_3a350dd4-2bfb-4a4d-ba13-1fe1f17f8356.jpg/250x188.webp,5580,153.28424572738868,3569,1
888303e0-9e13-4b0c-9343-b60bf018788c,Volkswagen,up!,Berline,PrivateSeller,6750,b,77000,02-2016,https://prod.pictures.autoscout24.net/listing-images/888303e0-9e13-4b0c-9343-b60bf018788c_0d6ac263-6dd1-4e3a-a8fe-01eff7e1d8cc.jpg/250x188.webp,3620,104.36478822085542,2502,2
d73fb5a3-d670-4295-addc-ffc9731fe455,Volkswagen,Passat Variant,Break,Dealer,6750,b,169469,06-2008,https://prod.pictures.autoscout24.net/listing-images/d73fb5a3-d670-4295-addc-ffc9731fe455_ec019ba6-ca64-424d-8dde-85e0cb72fec6.jpg/250x188.webp,2830,45.04397020411872,5303,3
ed62654c-9dfe-43a5-bc9a-72d0eb7653ea,Volkswagen,Caddy,Bestelwagen,Dealer,6750,d,178451,06-2014,https://prod.pictures.autoscout24.net/listing-images/ed62654c-9dfe-43a5-bc9a-72d0eb7653ea_fd209517-5ec1-4852-a951-6da643c72332.jpg/250x188.webp,6210,104.06467431888291,3112,14
6d47ab02-1e7d-4989-bd29-fed910461215,Volkswagen,Polo,Berline,Dealer,6750,d,139000,11-2010,https://prod.pictures.autoscout24.net/listing-images/6d47ab02-1e7d-4989-bd29-fed910461215_c58bc1a6-57a0-4289-b5da-8f7664d28207.jpg/250x188.webp,3630,102.97605198560623,4420,16
ca3edcd1-ee6f-4d86-bb46-938c5f01c002,Volkswagen,Jetta,Berline,Dealer,6750,b,145000,11-2010,https://prod.pictures.autoscout24.net/listing-images/ca3edcd1-ee6f-4d86-bb46-938c5f01c002_142451a3-1324-4413-bbf9-2ea775c4588b.jpg/250x188.webp,1790,66.85097420004841,4420,20
198b0493-d403-4a9d-9ff8-1d6079ceee56,Volkswagen,Touran,Andere,Dealer,6750,d,196000,09-2011,https://prod.pictures.autoscout24.net/listing-images/198b0493-d403-4a9d-9ff8-1d6079ceee56_d566401b-c5ac-49e6-b7f5-2d17d267cc93.jpg/250x188.webp,5140,104.85389989976589,4116,36
179ad2c1-fd77-461d-bc8e-115ac857433a,Volkswagen,Polo,Berline,Dealer,6750,b,123750,10-2012,https://prod.pictures.autoscout24.net/listing-images/179ad2c1-fd77-461d-bc8e-115ac857433a_c8e8d248-641a-48a8-8b07-22f115ee7406.jpg/250x188.webp,1770,71.72306486218548,3720,39
9c197438-fa3a-4015-82db-45c68f712d26,Volkswagen,Golf,Berline,Dealer,6750,b,194722,10-2009,https://prod.pictures.autoscout24.net/listing-images/9c197438-fa3a-4015-82db-45c68f712d26_200d6405-ee5b-45d1-a79b-2e829c68342a.jpg/250x188.webp,2382,39.86743595258549,4816,41
03f7d760-81dd-4c1a-9a71-3412e3a53e39,Volkswagen,Caddy,Andere,Dealer,6750,d,320000,10-2011,https://prod.pictures.autoscout24.net/listing-images/03f7d760-81dd-4c1a-9a71-3412e3a53e39_6258b511-9d02-4af2-a7df-f376e87bce3d.jpg/250x188.webp,2840,43.35213990196281,4086,56
c702241c-3653-41f2-a718-73b57bc73db7,Volkswagen,Golf,Berline,Dealer,6750,b,105000,01-2005,https://prod.pictures.autoscout24.net/listing-images/c702241c-3653-41f2-a718-73b57bc73db7_04432868-aa26-4352-b3e3-dbc85efd37d3.jpg/250x188.webp,7390,121.56764290915724,6550,69
3865538e-86d3-4c87-ac20-a7b01c05093a,Volkswagen,Golf,Berline,Dealer,6750,d,164000,02-2011,https://prod.pictures.autoscout24.net/listing-images/3865538e-86d3-4c87-ac20-a7b01c05093a_fa745441-92d9-4269-b9cc-3ad076a557ff.jpg/250x188.webp,9250,48.29700857036449,4328,184
b3acdee0-4806-4fc6-a7bc-4085900dda43,Volkswagen,Golf,Berline,Dealer,6799,d,143000,06-2012,https://prod.pictures.autoscout24.net/listing-images/b3acdee0-4806-4fc6-a7bc-4085900dda43_19d11315-d64d-40c5-ab24-72297ec4ea10.jpg/250x188.webp,6040,114.0742701643821,3842,6
7a08b1ad-297f-4874-86b5-70078e29a514,Volkswagen,Golf,Berline,PrivateSeller,6800,d,161000,03-2012,https://prod.pictures.autoscout24.net/listing-images/7a08b1ad-297f-4874-86b5-70078e29a514_2149589f-4771-4a54-8f9a-96f917c7f35f.jpg/250x188.webp,1850,59.738651260413086,3934,1
c45794e8-efea-4850-957d-d33b379b9a8c,Volkswagen,Polo,Berline,PrivateSeller,6800,d,156000,11-2013,https://prod.pictures.autoscout24.net/listing-images/c45794e8-efea-4850-957d-d33b379b9a8c_eff13d67-fef8-4da5-aaf2-6173bcc385f7.jpg/250x188.webp,6840,191.08824841558032,3324,17
0b0274f2-a7b2-469b-ae8c-031eb00d2d5e,Volkswagen,,Andere,PrivateSeller,6800,b,195000,12-2010,https://prod.pictures.autoscout24.net/listing-images/0b0274f2-a7b2-469b-ae8c-031eb00d2d5e_17c90c42-71e5-4ee0-96af-cb61005af47d.jpg/250x188.webp,1730,61.98157406185932,4390,20
0e1b2a84-2f77-4e4e-899d-4a2bf6ce7f74,Volkswagen,,Andere,PrivateSeller,6800,b,195000,12-2010,https://prod.pictures.autoscout24.net/listing-images/0e1b2a84-2f77-4e4e-899d-4a2bf6ce7f74_2e8c3174-4244-4d0c-b08b-d9f925b4f33e.jpg/250x188.webp,1730,61.98157406185932,4390,20
c3a65cc3-83ba-4b90-9559-01686bc405a0,Volkswagen,Polo,Berline,Dealer,6800,d,132000,11-2011,https://prod.pictures.autoscout24.net/listing-images/c3a65cc3-83ba-4b90-9559-01686bc405a0_f92b0796-115e-4e9d-986c-6272112eba71.jpg/250x188.webp,7000,118.39471915054493,4055,22
4b7d8cff-2127-4f8e-b25e-7fdaaef9ca2e,Volkswagen,Polo,Andere,Dealer,6800,b,118000,07-2012,https://prod.pictures.autoscout24.net/listing-images/4b7d8cff-2127-4f8e-b25e-7fdaaef9ca2e_cc275ce4-762e-432c-a10a-10a3d41aa6fb.jpg/250x188.webp,3071,63.331240175135186,3812,32
8619124c-eb1e-4eca-a375-6e805fb44bf7,Volkswagen,Polo,Berline,PrivateSeller,6800,b,165000,12-2010,https://prod.pictures.autoscout24.net/listing-images/8619124c-eb1e-4eca-a375-6e805fb44bf7_59778781-d4b0-4033-8d22-f17a01e33cef.jpg/250x188.webp,1600,78.61296004280759,4390,46
2f3c6b78-2389-4db5-9d46-4b6c6b9330ee,Volkswagen,Polo,Andere,PrivateSeller,6800,d,96300,11-2011,https://prod.pictures.autoscout24.net/listing-images/2f3c6b78-2389-4db5-9d46-4b6c6b9330ee_65efc25c-6bc4-4222-97ce-2a1062768e31.jpg/250x188.webp,5660,157.35260445614983,4055,72
8b96a084-30d9-4a90-9678-ff7cb2a33237,Volkswagen,Golf,Berline,PrivateSeller,6800,d,216000,05-2009,https://prod.pictures.autoscout24.net/listing-images/8b96a084-30d9-4a90-9678-ff7cb2a33237_0f6579d0-373a-4ef7-9909-8d9720a1c47c.jpg/250x188.webp,1000,69.17270624549755,4969,74
cc081c95-7762-4dc6-8fa9-a2a2b098dc4a,Volkswagen,Polo,Berline,PrivateSeller,6800,d,155000,11-2013,https://prod.pictures.autoscout24.net/listing-images/cc081c95-7762-4dc6-8fa9-a2a2b098dc4a_272280b0-69d1-4342-8939-c5fe41f5ce54.jpg/250x188.webp,6840,191.08824841558032,3324,79
d4e97600-d147-4ad6-a023-21652849bf0f,Volkswagen,Passat Variant,Break,PrivateSeller,6800,d,260000,01-2012,https://prod.pictures.autoscout24.net/listing-images/d4e97600-d147-4ad6-a023-21652849bf0f_67d2af6a-9a11-49c9-95a1-29add02a26ee.jpg/250x188.webp,4100,122.70999344916741,3994,100
5030b1b6-39d0-428f-a617-31b57ebaa83a,Volkswagen,T5 Transporter,Bestelwagen,Dealer,6800,d,270000,04-2009,https://prod.pictures.autoscout24.net/listing-images/5030b1b6-39d0-428f-a617-31b57ebaa83a_0aeda8be-2a30-4e42-97a4-2ef05f4239a6.jpg/250x188.webp,1861,58.463024564819776,4999,114
d12035ff-b6b5-4549-8f0f-0cf733ee15c4,Volkswagen,Golf Cabriolet,Cabriolet,PrivateSeller,6800,b,240000,02-1992,https://prod.pictures.autoscout24.net/listing-images/d12035ff-b6b5-4549-8f0f-0cf733ee15c4_09d72831-84d3-4ac2-a34e-ef8ef6b8d9b7.jpg/250x188.webp,9051,74.62481593135362,11268,128
69d30c61-5fff-4d43-b64e-333509535ee0,Volkswagen,Golf GTI,Berline,PrivateSeller,6800,b,165000,05-2001,https://prod.pictures.autoscout24.net/listing-images/69d30c61-5fff-4d43-b64e-333509535ee0_043e51b3-e624-4287-a0bc-218af79c6775.jpg/250x188.webp,1850,59.738651260413086,7891,147
1181d0bf-6301-4a81-b7db-b10e8f77a907,Volkswagen,Touareg,SUV/4x4/Pick-up,Dealer,6800,d,191301,04-2008,https://prod.pictures.autoscout24.net/listing-images/1181d0bf-6301-4a81-b7db-b10e8f77a907_02b63fdc-38db-4701-a47e-45bb623a2f41.jpg/250x188.webp,5060,116.00750129472273,5364,159
8c789e4a-c59c-4659-989d-7eff9490a091,Volkswagen,Golf Cabriolet,Cabriolet,PrivateSeller,6800,b,310000,04-1991,https://prod.pictures.autoscout24.net/listing-images/8c789e4a-c59c-4659-989d-7eff9490a091_c542a14a-f6c3-4527-bed3-a0fd26f4e247.jpg/250x188.webp,3580,70.28501501852342,11574,162
718ccdfd-63d5-4e81-a906-f0c4c6ac1f20,Volkswagen,Jetta,Berline,PrivateSeller,6800,b,288612,05-2006,https://prod.pictures.autoscout24.net/listing-images/718ccdfd-63d5-4e81-a906-f0c4c6ac1f20_c9bccb58-2edc-4134-a42b-d7f9c7351e8b.jpg/250x188.webp,3793,126.4255920380219,6065,168
49ede611-911b-47f1-bd37-95f20329ae25,Volkswagen,New Beetle,Cabriolet,PrivateSeller,6800,b,123340,08-2006,https://prod.pictures.autoscout24.net/listing-images/49ede611-911b-47f1-bd37-95f20329ae25_6380cf14-8b3b-4fb6-bd4e-9ce966232547.jpg/250x188.webp,7500,124.32337959708627,5973,171
4dc96e63-f860-43b8-aaef-5b092e84ccee,Volkswagen,Polo,Berline,PrivateSeller,6800,b,101970,01-2010,https://prod.pictures.autoscout24.net/listing-images/4dc96e63-f860-43b8-aaef-5b092e84ccee_7cb4ae4d-aac7-40b0-8c2c-f9c2f3e0bdbb.jpg/250x188.webp,2290,36.28227278675359,4724,172
9caa7155-93da-47fd-b405-e1de201167f2,Volkswagen,LT,Andere,Dealer,6800,d,215000,12-2004,https://prod.pictures.autoscout24.net/listing-images/9caa7155-93da-47fd-b405-e1de201167f2_5683ce0c-f661-4850-bbca-eadd7d0f2740.jpg/250x188.webp,1840,54.29299877782283,6581,226
9f64abb2-f6bf-47aa-bb14-adcde75a20e2,Volkswagen,Caddy,Bestelwagen,PrivateSeller,6850,d,214445,10-2010,https://prod.pictures.autoscout24.net/listing-images/9f64abb2-f6bf-47aa-bb14-adcde75a20e2_5d3c36ac-bc70-4685-822d-2ba8a3aa3da2.jpg/250x188.webp,2990,13.426271856976925,4451,8
9a50f99a-2a89-455a-b247-86f090afe803,Volkswagen,Caddy,Bestelwagen,PrivateSeller,6850,d,214445,10-2010,https://prod.pictures.autoscout24.net/listing-images/9a50f99a-2a89-455a-b247-86f090afe803_290b267c-42ab-4a15-bf30-b7b84a89aa80.jpg/250x188.webp,2990,13.426271856976925,4451,9
5ce7f295-9066-499c-b45a-66e36b8719b0,Volkswagen,Polo,Berline,Dealer,6850,b,150000,12-2012,https://prod.pictures.autoscout24.net/listing-images/5ce7f295-9066-499c-b45a-66e36b8719b0_1052a1b6-b06f-4d62-b03a-4a266a4b4679.jpg/250x188.webp,4520,112.57318942534252,3659,21
63903b31-e448-401f-a6ab-53ef96bad3c8,Volkswagen,Golf Cabriolet,Cabriolet,Dealer,6890,b,177601,01-1983,https://prod.pictures.autoscout24.net/listing-images/63903b31-e448-401f-a6ab-53ef96bad3c8_3e743e28-a19c-4339-bcd5-d60e8123bdb0.jpg/250x188.webp,5030,102.63381600593108,14586,1
8ba27455-04f1-42a1-a227-ceebb895d22b,Volkswagen,Golf,Cabriolet,Dealer,6890,b,177601,01-1983,https://prod.pictures.autoscout24.net/listing-images/8ba27455-04f1-42a1-a227-ceebb895d22b_d8c4c7f3-7e56-477d-b9de-4805dcd611f1.jpg/250x188.webp,5030,102.63381600593108,14586,1
9604f488-8030-43a4-876e-31531650fdd1,Volkswagen,up!,Stadswagen,Dealer,6900,b,111405,06-2017,https://prod.pictures.autoscout24.net/listing-images/9604f488-8030-43a4-876e-31531650fdd1_e522adcf-f345-4fe5-bcf8-22a579698590.jpg/250x188.webp,1000,69.17270624549755,2016,48
c279576c-7b54-41b9-ae0f-ab0aeef2ea37,Volkswagen,Polo,Berline,Dealer,6900,d,105480,08-2010,https://prod.pictures.autoscout24.net/listing-images/c279576c-7b54-41b9-ae0f-ab0aeef2ea37_58dd9255-1adf-4b63-91e7-e2635c664d56.jpg/250x188.webp,3500,86.84432103923942,4512,189
62fa5720-1ebf-47ae-9087-e42745cfc556,Volkswagen,Golf,Berline,PrivateSeller,6900,d,170174,05-2011,https://prod.pictures.autoscout24.net/listing-images/62fa5720-1ebf-47ae-9087-e42745cfc556_dca4b36a-2d12-460a-9bce-1bf57192c3f0.jpg/250x188.webp,1000,69.17270624549755,4239,10
5c825283-b9f1-46a6-99bd-a1a35191e087,Volkswagen,Passat Variant,Break,Dealer,6900,d,214000,01-2011,https://prod.pictures.autoscout24.net/listing-images/5c825283-b9f1-46a6-99bd-a1a35191e087_d2af1f5e-7bb4-4e83-a799-563bae567c16.jpg/250x188.webp,7033,120.92234590410432,4359,34
6774d0c3-68df-4f04-a270-59c14e56b4a0,Volkswagen,Polo,Berline,PrivateSeller,6900,b,118000,05-2011,https://prod.pictures.autoscout24.net/listing-images/6774d0c3-68df-4f04-a270-59c14e56b4a0_6d688a5d-99c7-4932-ab56-b4108349e501.jpg/250x188.webp,1020,66.36225311284039,4239,1
c4e36ad1-a762-406e-b91e-57a2892ee24c,Volkswagen,Polo,Berline,Dealer,6900,d,169614,04-2013,https://prod.pictures.autoscout24.net/listing-images/c4e36ad1-a762-406e-b91e-57a2892ee24c_74758d99-a43f-45f7-8d15-e2e90005dc02.jpg/250x188.webp,6031,117.04479587125066,3538,2
f42e5e54-8dd8-43a9-b054-92ae0490dcba,Volkswagen,Golf Plus,Berline,PrivateSeller,6900,b,145000,10-2008,https://prod.pictures.autoscout24.net/listing-images/f42e5e54-8dd8-43a9-b054-92ae0490dcba_e421b60a-d184-49fa-9d2a-7c1eec30e8c7.jpg/250x188.webp,1800,60.05560122441548,5181,3
6c8ddaba-063c-495c-ac96-029a34aff5cb,Volkswagen,Crafter,Andere,Dealer,6900,d,133000,01-2008,https://prod.pictures.autoscout24.net/listing-images/6c8ddaba-063c-495c-ac96-029a34aff5cb_42db2c76-f120-4b81-804a-85f9f1caa7f6.jpg/250x188.webp,1933,67.42863651453277,5455,3
b7c5bdae-0f33-484d-924e-99cd22e79d3d,Volkswagen,Golf,Berline,Dealer,6900,d,105420,07-2010,https://prod.pictures.autoscout24.net/listing-images/b7c5bdae-0f33-484d-924e-99cd22e79d3d_1da74712-8d62-469b-b5ac-5a920984daab.jpg/250x188.webp,5140,104.85389989976589,4543,7
8924aa72-f7ae-4534-aa85-979356ed2a22,Volkswagen,Golf Plus,Monovolume,PrivateSeller,6900,d,188000,06-2011,https://prod.pictures.autoscout24.net/listing-images/8924aa72-f7ae-4534-aa85-979356ed2a22_171fc96b-aa0e-4c26-a4ce-515b476399a8.jpg/250x188.webp,5000,115.13665852422378,4208,12
2c758d72-40e3-4bd6-b025-bab3a98e9101,Volkswagen,Polo,Berline,Dealer,6900,b,145000,01-2010,https://prod.pictures.autoscout24.net/listing-images/2c758d72-40e3-4bd6-b025-bab3a98e9101_2d9285bc-517c-4c2c-af9a-049e57660a3b.jpg/250x188.webp,6700,222.44484417522085,4724,14
263087f9-b91c-4219-9a5e-79bc5b0e4e72,Volkswagen,Polo,Berline,Dealer,6900,d,177000,01-2012,https://prod.pictures.autoscout24.net/listing-images/263087f9-b91c-4219-9a5e-79bc5b0e4e72_e0673979-5c16-4500-9ebe-79d5bb6759dc.jpg/250x188.webp,6700,222.44484417522085,3994,15
160ab45c-c6d2-4d3a-8744-2dd2c6d8c54b,Volkswagen,T4,Monovolume,PrivateSeller,6900,d,304000,01-1992,https://prod.pictures.autoscout24.net/listing-images/160ab45c-c6d2-4d3a-8744-2dd2c6d8c54b_a6cbb541-46c5-4800-abf3-f39a21b543e3.jpg/250x188.webp,9200,55.33414746561007,11299,25
5a392229-0be5-4b3e-b84c-8d905a0f307e,Volkswagen,Polo,Berline,Dealer,6900,b,127000,03-2011,https://prod.pictures.autoscout24.net/listing-images/5a392229-0be5-4b3e-b84c-8d905a0f307e_7ef33d62-4dbb-44a2-8df9-97cb2c28999f.jpg/250x188.webp,5330,127.3828883606989,4300,28
037e36e8-e76d-4673-b3d6-47bb8b4450be,Volkswagen,Polo,Berline,Dealer,6900,d,142000,10-2013,https://prod.pictures.autoscout24.net/listing-images/037e36e8-e76d-4673-b3d6-47bb8b4450be_8c689326-5067-407b-b40d-51100c680348.jpg/250x188.webp,6220,109.54249226439103,3355,46
cfb51465-fc7d-4a43-b915-c2b8b7a04908,Volkswagen,Golf GTI,Berline,PrivateSeller,6900,b,178000,10-2004,https://prod.pictures.autoscout24.net/listing-images/cfb51465-fc7d-4a43-b915-c2b8b7a04908_c7025247-2dd0-4997-93a4-7ef13ec15b33.jpg/250x188.webp,6698,162.1712561985485,6642,46
4b267ede-2a1b-4088-bade-26a591358440,Volkswagen,Polo,Berline,PrivateSeller,6900,d,138000,07-2013,https://prod.pictures.autoscout24.net/listing-images/4b267ede-2a1b-4088-bade-26a591358440_6c9f0209-0db4-4612-9bd1-99dde29b466b.jpg/250x188.webp,6230,103.29127026743572,3447,53
e16a3259-edd2-4841-b088-4f59ec21ee28,Volkswagen,Golf,Andere,Dealer,6900,b,155000,06-2009,https://prod.pictures.autoscout24.net/listing-images/e16a3259-edd2-4841-b088-4f59ec21ee28_7d5e1a0c-d822-4f5e-8e7f-705e70ede9f4.jpg/250x188.webp,2840,43.35213990196281,4938,54
e533581e-ddc9-47ae-aa86-86e632dd45be,Volkswagen,Polo,Berline,Dealer,6900,b,128000,02-2014,https://prod.pictures.autoscout24.net/listing-images/e533581e-ddc9-47ae-aa86-86e632dd45be_44c2712b-e9cf-4323-862b-4f3b47e140f4.jpg/250x188.webp,3090,77.24958296507762,3232,111
e38264f8-9fa9-4ce7-b7a6-e1cc8d04ae3a,Volkswagen,New Beetle,Cabriolet,Dealer,6900,d,170000,07-2005,https://prod.pictures.autoscout24.net/listing-images/e38264f8-9fa9-4ce7-b7a6-e1cc8d04ae3a_281cb194-f506-4da5-939c-95333e8181c4.jpg/250x188.webp,6250,115.60596353389253,6369,140
7fb17462-4636-4d29-b056-b0e1a0287e18,Volkswagen,Golf,Berline,PrivateSeller,6935,d,178000,12-2011,https://prod.pictures.autoscout24.net/listing-images/7fb17462-4636-4d29-b056-b0e1a0287e18_d23658aa-95e2-44d3-aed3-97b81a1ddfa8.jpg/250x188.webp,5030,102.63381600593108,4025,17
35a4dff1-c2d4-446e-8df0-22c7fa84d78b,Volkswagen,Tiguan,SUV/4x4/Pick-up,Dealer,6950,b,123955,05-2009,https://prod.pictures.autoscout24.net/listing-images/35a4dff1-c2d4-446e-8df0-22c7fa84d78b_a3e8d1f3-b15f-4ce4-847f-434492596829.jpg/250x188.webp,3800,90.52950000718796,4969,0
7afdf9dc-4474-44fe-af13-cd53e4b4b232,Volkswagen,Golf Plus,Monovolume,Dealer,6950,b,32000,02-2007,https://prod.pictures.autoscout24.net/listing-images/7afdf9dc-4474-44fe-af13-cd53e4b4b232_dd6af2f6-6cec-4378-a061-7d58e004dc5b.jpg/250x188.webp,2870,48.59068591419226,5789,1
398010b3-8226-4008-bb3d-020d462c0a32,Volkswagen,Golf,Break,PrivateSeller,6950,d,214000,06-2015,https://prod.pictures.autoscout24.net/listing-images/398010b3-8226-4008-bb3d-020d462c0a32_d0209d48-465e-45b1-8550-cde6044450d4.jpg/250x188.webp,6220,109.54249226439103,2747,4
915535f3-c2a4-494d-8b16-526ae1ba98a4,Volkswagen,Golf Plus,Monovolume,Dealer,6950,d,165592,03-2010,https://prod.pictures.autoscout24.net/listing-images/915535f3-c2a4-494d-8b16-526ae1ba98a4_dd06fddb-d92a-48a9-8d41-7aae3a5628a3.jpg/250x188.webp,3290,63.35789588207048,4665,12
25dcb79c-eede-4b5f-9e84-8213fcc104df,Volkswagen,Polo,Berline,Dealer,6950,b,154000,03-2014,https://prod.pictures.autoscout24.net/listing-images/25dcb79c-eede-4b5f-9e84-8213fcc104df_3aa25452-b605-4489-ab9f-a39fc16012cf.jpg/250x188.webp,4530,111.99734570714251,3204,14
36c7c805-ccf1-49c5-aa86-b99d9b70502e,Volkswagen,Golf,Berline,Dealer,6950,d,183000,09-2011,https://prod.pictures.autoscout24.net/listing-images/36c7c805-ccf1-49c5-aa86-b99d9b70502e_7fc770de-ff95-44c6-91a7-cf1da18b2cef.jpg/250x188.webp,8880,113.05181262649485,4116,16
b7538323-22b7-46fc-b8fc-8761366e9544,Volkswagen,Polo,Berline,Dealer,6950,d,141736,11-2010,https://prod.pictures.autoscout24.net/listing-images/b7538323-22b7-46fc-b8fc-8761366e9544_6bf62de1-7ad2-491c-94cf-3bf148f0ee56.jpg/250x188.webp,6250,115.60596353389253,4420,22
fb0a7281-18a2-457e-a099-498845ad4df2,Volkswagen,Jetta,Berline,Dealer,6950,b,148000,04-2008,https://prod.pictures.autoscout24.net/listing-images/fb0a7281-18a2-457e-a099-498845ad4df2_b4976deb-0085-4b4a-833f-bcf177441f4f.jpg/250x188.webp,1780,63.273818071645216,5364,22
0ec27f29-3c83-4d9d-b66d-c86edbaf0280,Volkswagen,Golf,Berline,Dealer,6950,b,157000,02-1983,https://prod.pictures.autoscout24.net/listing-images/0ec27f29-3c83-4d9d-b66d-c86edbaf0280_e9ab2f7c-8b4a-4341-bd0c-a639bc7744e0.jpg/250x188.webp,1360,94.96010137768063,14555,27
82203be3-6198-4436-83ca-0ebcfd79a319,Volkswagen,Polo,Andere,Dealer,6950,b,102000,05-2013,https://prod.pictures.autoscout24.net/listing-images/82203be3-6198-4436-83ca-0ebcfd79a319_9125186c-6928-4cab-922b-b57b7709800b.jpg/250x188.webp,3071,63.331240175135186,3508,32
f85daedd-3e61-498e-8900-d8b7ad37790d,Volkswagen,Polo,Berline,Dealer,6950,b,120171,05-2010,https://prod.pictures.autoscout24.net/listing-images/f85daedd-3e61-498e-8900-d8b7ad37790d_3499d681-f7d0-45ed-840f-3ba2e11e5415.jpg/250x188.webp,6250,115.60596353389253,4604,40
16fc5796-f1b3-40c8-8a6b-53103720d2ae,Volkswagen,Caddy,Monovolume,Dealer,6950,d,300363,07-2012,https://prod.pictures.autoscout24.net/listing-images/16fc5796-f1b3-40c8-8a6b-53103720d2ae_7a4fa1b0-22d1-471a-85e9-27f7ac7263a7.jpg/250x188.webp,4100,122.70999344916741,3812,43
5dbe9392-8910-4a09-80b3-187b8069d174,Volkswagen,Touareg,SUV/4x4/Pick-up,Dealer,6950,b,323795,06-2006,https://prod.pictures.autoscout24.net/listing-images/5dbe9392-8910-4a09-80b3-187b8069d174_62cc9424-a514-483e-b965-1da2401ce9a6.jpg/250x188.webp,3290,63.35789588207048,6034,49
98f0eeb6-a724-4410-99d6-f2ac5bf53c67,Volkswagen,Golf,Berline,PrivateSeller,6950,b,124000,09-2009,https://prod.pictures.autoscout24.net/listing-images/98f0eeb6-a724-4410-99d6-f2ac5bf53c67_41e6a007-d057-4f40-a2dc-80c72ee3a144.jpg/250x188.webp,1703,72.53884447632319,4846,87
3c4b8ddf-5ef0-4cc2-825f-915289e452b8,Volkswagen,Golf Plus,Monovolume,Dealer,6950,b,70000,07-2007,https://prod.pictures.autoscout24.net/listing-images/3c4b8ddf-5ef0-4cc2-825f-915289e452b8_0a9f0cde-7331-4b06-9730-56bf1a68b768.jpg/250x188.webp,1780,63.273818071645216,5639,85
cb3d64d5-69c4-4e01-a494-1b8dd58f4584,Volkswagen,New Beetle,Cabriolet,Dealer,6950,b,119471,05-2006,https://prod.pictures.autoscout24.net/listing-images/cb3d64d5-69c4-4e01-a494-1b8dd58f4584_f75c0cc5-639f-4530-8e23-54ee5ca9a5d3.jpg/250x188.webp,3290,63.35789588207048,6065,90
069dd33a-27ad-4dc6-92ec-7be9dabf341f,Volkswagen,Caddy,Bestelwagen,PrivateSeller,6950,d,415500,12-2009,https://prod.pictures.autoscout24.net/listing-images/069dd33a-27ad-4dc6-92ec-7be9dabf341f_4e25d7b2-c272-4cac-8e3e-0b34f1a3d29c.jpg/250x188.webp,8000,90.37195651627515,4755,92
d0b67bd3-f790-4898-9d96-1140f9f220dd,Volkswagen,Caddy,Andere,Dealer,6990,d,49413,04-2017,https://prod.pictures.autoscout24.net/listing-images/d0b67bd3-f790-4898-9d96-1140f9f220dd_6993d3db-213c-4d57-9176-5d33e6940883.jpg/250x188.webp,1930,65.18883147641638,2077,34
6c537405-8214-4004-b71a-66a317a099b6,Volkswagen,Polo,Berline,Dealer,6990,b,137000,12-2013,https://prod.pictures.autoscout24.net/listing-images/6c537405-8214-4004-b71a-66a317a099b6_85028861-ac60-4874-908b-ef0ce4b564db.jpg/250x188.webp,1831,63.496143889011755,3294,15
73057876-5c1f-4cd7-8da0-a68f2420ca23,Volkswagen,Passat Variant,Break,Dealer,6990,d,279524,04-2012,https://prod.pictures.autoscout24.net/listing-images/73057876-5c1f-4cd7-8da0-a68f2420ca23_918dce4c-606d-4b61-ad08-3bb84e03be71.jpg/250x188.webp,3960,88.39034768583157,3903,6
b4d13167-153a-402e-a2bb-f66a3b82aa76,Volkswagen,Crafter,Bestelwagen,Dealer,6990,d,190000,06-2008,https://prod.pictures.autoscout24.net/listing-images/b4d13167-153a-402e-a2bb-f66a3b82aa76_d1344eec-d0fd-4f25-9fc0-e3fe7e048057.jpg/250x188.webp,7170,108.4792868516476,5303,7
4d9d81f3-2392-4cb6-93bd-b9cdde4bc40d,Volkswagen,up!,Berline,Dealer,6990,b,112637,04-2015,https://prod.pictures.autoscout24.net/listing-images/4d9d81f3-2392-4cb6-93bd-b9cdde4bc40d_869334c7-7aa4-41a0-92b2-75538bce5f86.jpg/250x188.webp,5100,120.21149902452048,2808,8
fd650ee2-d136-45a3-9f23-0374b61feec8,Volkswagen,Golf,Berline,PrivateSeller,6990,b,124000,12-2009,https://prod.pictures.autoscout24.net/listing-images/fd650ee2-d136-45a3-9f23-0374b61feec8_c92b0ec4-2be6-408f-a59c-d424f2e59fd6.jpg/250x188.webp,1180,74.57281408996285,4755,12
390bb818-02b3-49d6-8706-affd3c90f6eb,Volkswagen,Touran,Monovolume,Dealer,6990,d,199950,06-2012,https://prod.pictures.autoscout24.net/listing-images/390bb818-02b3-49d6-8706-affd3c90f6eb_15d7d23d-6817-412b-8d62-47451a749d57.jpg/250x188.webp,4000,118.53949006185148,3842,13
b4b08c34-ba4d-4022-8867-49b56030b523,Volkswagen,Golf,Berline,Dealer,6990,d,153000,06-2011,https://prod.pictures.autoscout24.net/listing-images/b4b08c34-ba4d-4022-8867-49b56030b523_69c5fdb5-e4c2-49f2-9e33-7636fa390c67.jpg/250x188.webp,1800,60.05560122441548,4208,17
c2ad2def-057a-4b90-a35f-f40e7da31f11,Volkswagen,Passat Variant,Break,Dealer,6990,d,199027,06-2011,https://prod.pictures.autoscout24.net/listing-images/c2ad2def-057a-4b90-a35f-f40e7da31f11_68b93df2-a700-4db6-b792-ca8f014fe4ef.jpg/250x188.webp,6031,117.04479587125066,4208,21
6218ba6f-540b-474d-b0e4-5e6c535f1b30,Volkswagen,Jetta,Berline,PrivateSeller,6990,d,156000,11-2010,https://prod.pictures.autoscout24.net/listing-images/6218ba6f-540b-474d-b0e4-5e6c535f1b30_f51918cd-77cd-49d8-9736-973b23bc250a.jpg/250x188.webp,7350,126.64469659762254,4420,24
99183574-22a5-4c90-b3ee-ceec3b42ee04,Volkswagen,Polo,Berline,Dealer,6990,b,93000,09-2010,https://prod.pictures.autoscout24.net/listing-images/99183574-22a5-4c90-b3ee-ceec3b42ee04_eb8ba152-aabc-4c91-a684-2d3c2fd9f6d3.jpg/250x188.webp,6180,111.8460773215552,4481,38
8d7dc9b4-56ee-4a2c-a114-12f0b2f15ed8,Volkswagen,Polo,Berline,PrivateSeller,6990,b,69000,09-2006,https://prod.pictures.autoscout24.net/listing-images/8d7dc9b4-56ee-4a2c-a114-12f0b2f15ed8_76fcdc39-1264-493b-b6e7-770cd16e41c2.jpg/250x188.webp,1400,97.35176357549375,5942,50
c08dea59-80be-4c5d-9b42-6044a4eb826a,Volkswagen,Eos,Cabriolet,Dealer,6990,d,149597,03-2007,https://prod.pictures.autoscout24.net/listing-images/c08dea59-80be-4c5d-9b42-6044a4eb826a_093a067f-18a7-449b-82ca-71143ebb2001.jpg/250x188.webp,7540,116.1518990630203,5761,50
18224bdf-c01a-44f2-9c5a-90a68782b599,Volkswagen,Passat,Berline,Dealer,6990,b,131135,08-2006,https://prod.pictures.autoscout24.net/listing-images/18224bdf-c01a-44f2-9c5a-90a68782b599_d663c540-8957-40a7-b867-298a0de056bb.jpg/250x188.webp,5020,112.56317852994579,5973,73
847bfb1d-89a7-4f13-a054-33dcdd3918f9,Volkswagen,Golf,Berline,Dealer,6990,b,146000,12-2008,https://prod.pictures.autoscout24.net/listing-images/847bfb1d-89a7-4f13-a054-33dcdd3918f9_d0ec7994-2074-4ea9-b740-45ef0c2ce1c7.jpg/250x188.webp,6180,111.8460773215552,5120,83
f824372f-7425-4162-a74f-6f4b218dde6f,Volkswagen,Touran,Break,Dealer,6990,d,208000,11-2011,https://prod.pictures.autoscout24.net/listing-images/f824372f-7425-4162-a74f-6f4b218dde6f_eade4370-389f-4e4c-8f91-0fad17a444bd.jpg/250x188.webp,7134,116.23444273110738,4055,119
20a6bdb6-a6fa-4834-89c2-52540b5bf6dd,Volkswagen,Polo Cross,Berline,Dealer,6990,b,154000,06-2007,https://prod.pictures.autoscout24.net/listing-images/20a6bdb6-a6fa-4834-89c2-52540b5bf6dd_cbb4b978-d41a-49b1-b149-f1ba6dba3bdd.jpg/250x188.webp,1800,60.05560122441548,5669,179
8e7eef4c-3115-4013-af6b-ab2c846c0efa,Volkswagen,Scirocco,Coupé,Dealer,6990,b,165000,10-2008,https://prod.pictures.autoscout24.net/listing-images/8e7eef4c-3115-4013-af6b-ab2c846c0efa_28fd82c2-67f5-45be-b21d-ae94b0c6aa52.jpg/250x188.webp,7130,117.49117131592739,5181,237
0b98f181-25f2-1940-e053-e350040a6227,Volkswagen,Golf,Berline,Dealer,6991,b,75000,05-1990,https://prod.pictures.autoscout24.net/listing-images/0b98f181-25f2-1940-e053-e350040a6227_0ca1cfa3-3c16-4d7e-90ac-aaf8fae24850.jpg/250x188.webp,2630,37.55427282853161,11909,1392
9adb6581-2d33-4464-b949-ebe1d192bc10,Volkswagen,Caddy,Monovolume,Dealer,6999,b,198908,02-2014,https://prod.pictures.autoscout24.net/listing-images/9adb6581-2d33-4464-b949-ebe1d192bc10_f1302799-1b14-4586-bcee-9a88610ae542.jpg/250x188.webp,5000,115.13665852422378,3232,2
51fa2af9-30cb-4ec6-96a5-9ef4be4b3942,Volkswagen,Polo,Berline,Dealer,6999,d,106000,09-2011,https://prod.pictures.autoscout24.net/listing-images/51fa2af9-30cb-4ec6-96a5-9ef4be4b3942_1144f021-c1c3-4cab-b5f7-7c709d27978f.jpg/250x188.webp,3630,102.97605198560623,4116,1
345afdac-5c63-4c6b-b2cf-f0a218efad44,Volkswagen,Golf,Berline,Dealer,6999,d,157000,05-2012,https://prod.pictures.autoscout24.net/listing-images/345afdac-5c63-4c6b-b2cf-f0a218efad44_fa8bd40b-80c2-4865-ad5c-3d3dd8e2e221.jpg/250x188.webp,6044,114.30340847106793,3873,17
2d992a17-0a2b-46e0-bf72-339756f5a3b0,Volkswagen,Caddy,Monovolume,Dealer,6999,d,89000,09-2008,https://prod.pictures.autoscout24.net/listing-images/2d992a17-0a2b-46e0-bf72-339756f5a3b0_23fbc9ee-8d21-45ce-b531-9e6385836565.jpg/250x188.webp,4860,136.57795670699153,5211,17
364c0114-97f4-49fd-83f8-d69683d2696e,Volkswagen,Polo,Berline,Dealer,6999,b,72000,01-2009,https://prod.pictures.autoscout24.net/listing-images/364c0114-97f4-49fd-83f8-d69683d2696e_7ab9fa73-6543-4b11-aca5-3a5767ead0da.jpg/250x188.webp,1910,61.06717284299515,5089,20
d400b708-218b-4a78-bce2-3af3468bc646,Volkswagen,up!,Berline,PrivateSeller,6999,b,78000,03-2015,https://prod.pictures.autoscout24.net/listing-images/d400b708-218b-4a78-bce2-3af3468bc646_543811a7-834d-4558-a965-c275b3b822c6.jpg/250x188.webp,1420,87.49639779077864,2839,69
ffa3e84d-4a0c-4b47-8064-e22df35016e5,Volkswagen,Polo,Berline,Dealer,6999,d,128000,03-2014,https://prod.pictures.autoscout24.net/listing-images/ffa3e84d-4a0c-4b47-8064-e22df35016e5_883c4afc-2dfb-41c9-a522-b6ab59369c38.jpg/250x188.webp,9250,48.29700857036449,3204,98
0ba2ae4d-651a-44af-9ebb-9fd12a6347fd,Volkswagen,Sharan,Monovolume,Dealer,6999,d,178000,02-2009,https://prod.pictures.autoscout24.net/listing-images/0ba2ae4d-651a-44af-9ebb-9fd12a6347fd_81215c70-e723-4a3e-b940-d78b27fd14cd.jpg/250x188.webp,7333,120.19113271072128,5058,118
42b57572-024e-4cc1-83be-51f5e29a171a,Volkswagen,Passat Variant,Break,PrivateSeller,6999,b,161879,07-2008,https://prod.pictures.autoscout24.net/listing-images/42b57572-024e-4cc1-83be-51f5e29a171a_c5557df8-7aab-4aae-b5e1-0c608d4b69d5.jpg/250x188.webp,4671,124.54964130122502,5273,140
076e0e52-c6e7-4f97-8fc4-b827873af3b9,Volkswagen,Golf GTI,Berline,PrivateSeller,6999,b,208000,06-2008,https://prod.pictures.autoscout24.net/listing-images/076e0e52-c6e7-4f97-8fc4-b827873af3b9_4ba2214b-f1a2-4e33-a794-ec8324238fb6.jpg/250x188.webp,9000,69.99787275902874,5303,172
674acff7-685a-429f-8372-647dfa015dd1,Volkswagen,Jetta,Berline,PrivateSeller,6999,b,240000,06-2012,https://prod.pictures.autoscout24.net/listing-images/674acff7-685a-429f-8372-647dfa015dd1_dc50b960-e2ed-466b-a22c-17f139e32582.jpg/250x188.webp,2600,30.98226947130947,3842,177
bf438f50-e68d-46bb-bee7-46986114751c,Volkswagen,Caddy,Monovolume,Dealer,6999,d,182000,05-2010,https://prod.pictures.autoscout24.net/listing-images/bf438f50-e68d-46bb-bee7-46986114751c_4a527f13-97e6-4afb-87a6-348a5766856c.jpg/250x188.webp,1600,78.61296004280759,4604,276
a0c02a1f-243a-4e38-8b2c-4ac9229328ed,Volkswagen,Kever,Andere,PrivateSeller,7000,b,49000,11-1971,https://prod.pictures.autoscout24.net/listing-images/a0c02a1f-243a-4e38-8b2c-4ac9229328ed_f4e9db45-8d43-4188-bfce-9ac7b06f21fc.jpg/250x188.webp,2460,40.4924448840909,18665,14
fb022127-cf09-4bec-ac11-adc6bce56d3a,Volkswagen,Polo,Berline,PrivateSeller,7000,b,173000,05-2011,https://prod.pictures.autoscout24.net/listing-images/fb022127-cf09-4bec-ac11-adc6bce56d3a_457cc31c-9092-40a8-a0e0-a2e1472f0173.jpg/250x188.webp,3085,,4239,8
1b3bf9cb-bbb3-4d36-8d25-428d99534cdd,Volkswagen,Polo,Berline,PrivateSeller,7000,d,109722,02-2012,https://prod.pictures.autoscout24.net/listing-images/1b3bf9cb-bbb3-4d36-8d25-428d99534cdd_051c3f2f-93c3-4213-b0a4-d7e044f16205.jpg/250x188.webp,5650,134.20153138251405,3963,5
6e74fb45-6c5e-475d-9001-f184b7d9a404,Volkswagen,New Beetle,Cabriolet,PrivateSeller,7000,b,115000,05-2006,https://prod.pictures.autoscout24.net/listing-images/6e74fb45-6c5e-475d-9001-f184b7d9a404_19232da3-30ea-40e0-bcfa-66368313d46b.jpg/250x188.webp,4607,122.54338461960259,6065,5
fe1f1c02-f363-494f-add3-bc5c7414fac6,Volkswagen,Tiguan,SUV/4x4/Pick-up,PrivateSeller,7000,d,215000,10-2009,https://prod.pictures.autoscout24.net/listing-images/fe1f1c02-f363-494f-add3-bc5c7414fac6_e795bcf5-e13c-4b9f-8980-7e83348c4554.jpg/250x188.webp,6180,111.8460773215552,4816,7
e6b8aa32-80d8-4caf-96bc-acaf78afaad0,Volkswagen,up!,Berline,PrivateSeller,7000,b,67000,08-2012,https://prod.pictures.autoscout24.net/listing-images/e6b8aa32-80d8-4caf-96bc-acaf78afaad0_9fd90bb1-e26a-410d-b284-6a5003036209.jpg/250x188.webp,1200,69.44150665917473,3781,9
a728498f-fd80-4abe-8a29-94e728d92c65,Volkswagen,Polo,Berline,Dealer,7000,b,100969,10-2009,https://prod.pictures.autoscout24.net/listing-images/a728498f-fd80-4abe-8a29-94e728d92c65_791b5448-7b32-4082-82fe-7f657a2b24b3.jpg/250x188.webp,1050,70.92422613330518,4816,10
04a99114-092d-4ce8-9fab-4f93ffba2ee4,Volkswagen,Scirocco,Coupé,PrivateSeller,7000,b,178000,08-2010,https://prod.pictures.autoscout24.net/listing-images/04a99114-092d-4ce8-9fab-4f93ffba2ee4_f1a999a7-7b16-4445-a97c-d217d1ef00a8.jpg/250x188.webp,2660,33.51153490320288,4512,11
476d7eb7-5000-4b13-84e9-607586fe2d93,Volkswagen,Kever,Berline,PrivateSeller,7000,b,100000,11-1972,https://prod.pictures.autoscout24.net/listing-images/476d7eb7-5000-4b13-84e9-607586fe2d93_9a8ec86d-6f76-4f58-8814-64e7a4a25344.jpg/250x188.webp,3150,57.64276308921818,18299,18
48b060b1-c33a-4503-b172-cd9872fd2660,Volkswagen,Polo,Berline,PrivateSeller,7000,d,72403,12-2011,https://prod.pictures.autoscout24.net/listing-images/48b060b1-c33a-4503-b172-cd9872fd2660_263cb3f5-a0fe-4a4d-9678-d3c78d743e4a.jpg/250x188.webp,3941,73.06805294297875,4025,21
23ee2400-6ba8-4eeb-84bf-3da3502e619b,Volkswagen,Golf,Berline,PrivateSeller,7000,b,264000,10-2010,https://prod.pictures.autoscout24.net/listing-images/23ee2400-6ba8-4eeb-84bf-3da3502e619b_74e98199-fc32-44a2-bc99-7b8d512a7183.jpg/250x188.webp,1000,69.17270624549755,4451,22
d454e6a6-d1fe-4427-856f-11fb4f8d26c3,Volkswagen,Golf,Berline,PrivateSeller,7000,b,264000,10-2010,https://prod.pictures.autoscout24.net/listing-images/d454e6a6-d1fe-4427-856f-11fb4f8d26c3_40a645b8-9ee2-4acc-8271-4bff1a20b888.jpg/250x188.webp,1000,69.17270624549755,4451,22
5fc96eac-b59b-4ed3-a8db-463a827127b0,Volkswagen,Polo,Berline,PrivateSeller,7000,d,163000,02-2013,https://prod.pictures.autoscout24.net/listing-images/5fc96eac-b59b-4ed3-a8db-463a827127b0_dcbd64f9-3d1e-4c94-ae29-1f76a7d55992.jpg/250x188.webp,4670,124.902476599088,3597,25
2fa90753-8d04-4a32-96cb-fd1f2a0627b1,Volkswagen,Golf,Berline,PrivateSeller,7000,d,130000,10-2011,https://prod.pictures.autoscout24.net/listing-images/2fa90753-8d04-4a32-96cb-fd1f2a0627b1_718bb89b-b5d9-489d-bb0a-4195c8f9d37c.jpg/250x188.webp,4460,114.8668906662163,4086,33
6e047456-6ce0-491f-b9d0-34012b78ad97,Volkswagen,Golf GTI,Andere,PrivateSeller,7000,b,3500,10-1989,https://prod.pictures.autoscout24.net/listing-images/6e047456-6ce0-491f-b9d0-34012b78ad97_b1e19d44-d914-4766-8977-42638496d867.jpg/250x188.webp,7340,126.38155252550393,12121,39
01b574d1-4bbd-4faf-bea5-6e3915213a8f,Volkswagen,Kever,Berline,PrivateSeller,7000,b,130148,04-1975,https://prod.pictures.autoscout24.net/listing-images/01b574d1-4bbd-4faf-bea5-6e3915213a8f_a869512e-5369-46ba-9e94-2dd51da211f6.jpg/250x188.webp,8500,110.07601369654981,17418,41
1c15eca5-f12b-43de-870c-c1ffb88642d2,Volkswagen,Golf GTI,Berline,PrivateSeller,7000,b,280000,10-2006,https://prod.pictures.autoscout24.net/listing-images/1c15eca5-f12b-43de-870c-c1ffb88642d2_de571631-ccce-4350-b551-fdeb7444f10b.jpg/250x188.webp,1090,66.80320352454842,5912,47
136e2c14-6ac5-4833-86d4-47bf367a7269,Volkswagen,Golf Cabriolet,Cabriolet,PrivateSeller,7000,b,240000,04-1991,https://prod.pictures.autoscout24.net/listing-images/136e2c14-6ac5-4833-86d4-47bf367a7269_66b1e508-82f6-4307-9d9d-891d5b48ca4d.jpg/250x188.webp,5580,153.28424572738868,11574,51
fc83d329-30b5-4391-b108-17600ff43037,Volkswagen,T3,Andere,PrivateSeller,7000,b,87000,01-1980,https://prod.pictures.autoscout24.net/listing-images/fc83d329-30b5-4391-b108-17600ff43037_04a10035-2056-48e4-b183-c144ea3d5e74.jpg/250x188.webp,4100,122.70999344916741,15682,56
577d95f1-d187-43a8-84ec-04f5d65b8d98,Volkswagen,T3,Monovolume,PrivateSeller,7000,b,87000,01-1980,https://prod.pictures.autoscout24.net/listing-images/577d95f1-d187-43a8-84ec-04f5d65b8d98_e360bc81-5a7f-456f-9736-7f3cb5149238.jpg/250x188.webp,4100,122.70999344916741,15682,73
5672333a-6199-4a0c-b326-fec6e1e03f51,Volkswagen,Polo Plus,Andere,PrivateSeller,7000,d,142000,04-2013,https://prod.pictures.autoscout24.net/listing-images/5672333a-6199-4a0c-b326-fec6e1e03f51_ba97cbef-d380-49a7-b499-c7e532c76d15.jpg/250x188.webp,4020,121.60247278825214,3538,65
0951b806-6160-4f12-a762-37bdcc29d4a6,Volkswagen,Polo,Berline,PrivateSeller,7000,d,139200,02-2012,https://prod.pictures.autoscout24.net/listing-images/0951b806-6160-4f12-a762-37bdcc29d4a6_56eacad1-b64e-4b67-b949-d518bb672c65.jpg/250x188.webp,8630,133.10832564444777,3963,72
c802a5dc-ff97-4597-9ae3-3e3f21f23fdc,Volkswagen,Caddy,Break,PrivateSeller,7000,d,206000,03-2014,https://prod.pictures.autoscout24.net/listing-images/c802a5dc-ff97-4597-9ae3-3e3f21f23fdc_fb27a4d3-6b35-4703-b65c-4d555fd84e3b.jpg/250x188.webp,1070,71.06367211068877,3204,78
17ac7da6-d006-488b-ba98-a3932fd905d2,Volkswagen,Touran,Monovolume,PrivateSeller,7000,d,213000,03-2011,https://prod.pictures.autoscout24.net/listing-images/17ac7da6-d006-488b-ba98-a3932fd905d2_781a88e1-ccf7-4d00-a5a7-d573880698ef.jpg/250x188.webp,2300,36.751136569594,4300,95
b50cc756-5257-4e6f-9159-866a013bd6b2,Volkswagen,Golf,Berline,PrivateSeller,7000,b,136400,08-2012,https://prod.pictures.autoscout24.net/listing-images/b50cc756-5257-4e6f-9159-866a013bd6b2_f001317a-9691-48b5-a37c-4e5a337e9542.jpg/250x188.webp,1040,70.85448790939559,3781,94
b4c9cb5e-1b85-48d8-a550-d4e1631bb54d,Volkswagen,Golf,Berline,PrivateSeller,7000,d,202000,11-2010,https://prod.pictures.autoscout24.net/listing-images/b4c9cb5e-1b85-48d8-a550-d4e1631bb54d_eb067333-3787-48b2-879e-030bcea9500c.jpg/250x188.webp,1850,59.738651260413086,4420,95
82aa9f0f-665f-47cd-ac92-4aa4f64bc6b9,Volkswagen,Golf,Berline,PrivateSeller,7000,d,197553,08-2010,https://prod.pictures.autoscout24.net/listing-images/82aa9f0f-665f-47cd-ac92-4aa4f64bc6b9_aaca222a-639d-4f9a-8c85-243984045d9f.jpg/250x188.webp,6040,114.0742701643821,4512,99
ea050843-3ecc-4a09-8991-dee61e4686a4,Volkswagen,Golf,Berline,PrivateSeller,7000,d,160000,10-2011,https://prod.pictures.autoscout24.net/listing-images/ea050843-3ecc-4a09-8991-dee61e4686a4_b0822086-b58d-4b0d-be28-85104576a7d7.jpg/250x188.webp,2060,27.94913546724415,4086,103
85454896-aaae-4acb-83db-ac2d30fdd493,Volkswagen,Golf,Berline,PrivateSeller,7000,d,209000,12-2011,https://prod.pictures.autoscout24.net/listing-images/85454896-aaae-4acb-83db-ac2d30fdd493_d3e227f3-43c7-438c-9c3a-78bc4b8d732c.jpg/250x188.webp,6000,117.49014599385939,4025,111
862f9d2b-6263-4a56-a32f-1f48bb9d45e1,Volkswagen,Polo Cross,Berline,PrivateSeller,7000,b,188000,11-2015,https://prod.pictures.autoscout24.net/listing-images/862f9d2b-6263-4a56-a32f-1f48bb9d45e1_44274f1e-faf2-4c6c-a1e7-d598529469cc.jpg/250x188.webp,1030,66.85598932704684,2594,108
b060e0a3-e577-4f1e-b9f4-8a7fc2d4cd14,Volkswagen,Caddy,Bestelwagen,PrivateSeller,7000,d,145000,05-2011,https://prod.pictures.autoscout24.net/listing-images/b060e0a3-e577-4f1e-b9f4-8a7fc2d4cd14_6ba6f95a-ae78-48f2-ba7f-cf3d33f41eac.jpg/250x188.webp,6980,163.65900302931684,4239,112
15bd16a1-2ea2-476d-8544-bb034e4dae46,Volkswagen,T4,Bestelwagen,PrivateSeller,7000,d,200000,02-2001,https://prod.pictures.autoscout24.net/listing-images/15bd16a1-2ea2-476d-8544-bb034e4dae46_a430d952-bd0e-4b83-ba8d-4b97dcf687eb.jpg/250x188.webp,5650,134.20153138251405,7980,115
413f2479-db3b-4b57-a78a-086cad5b1262,Volkswagen,T5 Transporter,Bestelwagen,PrivateSeller,7000,d,285000,04-2004,https://prod.pictures.autoscout24.net/listing-images/413f2479-db3b-4b57-a78a-086cad5b1262_a6e7d05f-332e-4285-8ac2-0182e0667dc6.jpg/250x188.webp,3040,76.48470542920033,6825,121
5109cd16-bde2-4120-82b1-23a65bdeb88c,Volkswagen,Polo,Berline,PrivateSeller,7000,d,175000,08-2016,https://prod.pictures.autoscout24.net/listing-images/5109cd16-bde2-4120-82b1-23a65bdeb88c_10478168-d83d-44ec-8a4f-56ace6e85cc5.jpg/250x188.webp,7170,108.4792868516476,2320,122
59fa5638-f5e7-4664-a063-0cd3741aacc4,Volkswagen,Passat,Berline,PrivateSeller,7000,d,153000,06-2006,https://prod.pictures.autoscout24.net/listing-images/59fa5638-f5e7-4664-a063-0cd3741aacc4_a8c42337-1810-4445-8168-de2c81b97bcf.jpg/250x188.webp,4000,118.53949006185148,6034,125
44ce5202-5707-461f-80ef-7debb9a132fd,Volkswagen,Polo,Berline,PrivateSeller,7000,b,110000,05-2009,https://prod.pictures.autoscout24.net/listing-images/44ce5202-5707-461f-80ef-7debb9a132fd_24121660-2a14-4e60-905a-1d4dddf71ea9.jpg/250x188.webp,1150,68.48425146100755,4969,159
46c17bd8-493b-4fb2-8552-f171f9b0c099,Volkswagen,Polo,Berline,PrivateSeller,7000,d,195000,11-2013,https://prod.pictures.autoscout24.net/listing-images/46c17bd8-493b-4fb2-8552-f171f9b0c099_0fefadff-ca07-4f7e-8aa6-126162cbecc6.jpg/250x188.webp,1731,64.67551938133373,3324,179
5c154c4e-32b7-4b64-a010-f24159100d99,Volkswagen,Crafter,Andere,Dealer,7000,d,255000,01-2009,https://prod.pictures.autoscout24.net/listing-images/5c154c4e-32b7-4b64-a010-f24159100d99_061daf36-b557-4611-ba89-3a85c1f62051.jpg/250x188.webp,1840,54.29299877782283,5089,258
2bd9186c-b112-4184-a76c-ae5722b225c0,Volkswagen,up!,Berline,PrivateSeller,7000,b,35500,09-2015,https://prod.pictures.autoscout24.net/listing-images/2bd9186c-b112-4184-a76c-ae5722b225c0_38bb04e5-8aba-4e76-8942-8df4eb2a5ebb.jpg/250x188.webp,9950,69.54507089786753,2655,308
8a2da094-25d2-42bb-91d7-5bff04444fb3,Volkswagen,Caddy,Monovolume,PrivateSeller,7000,d,241000,03-2013,https://prod.pictures.autoscout24.net/listing-images/8a2da094-25d2-42bb-91d7-5bff04444fb3_fa74ea9e-45f1-4f2a-86ba-9bda28f09bea.jpg/250x188.webp,5570,149.9747774147415,3569,319
37032ca5-c983-49b8-99c3-019f3e953c2c,Volkswagen,Eos,Cabriolet,PrivateSeller,7100,d,165700,06-2008,https://prod.pictures.autoscout24.net/listing-images/37032ca5-c983-49b8-99c3-019f3e953c2c_c0756f76-1fd4-449c-9e5e-1326e7c65ce2.jpg/250x188.webp,1820,61.11806276432271,5303,24
1e06b5fa-1452-4cb8-8af7-ea1158146419,Volkswagen,Polo,Andere,Dealer,7100,b,95700,10-2012,https://prod.pictures.autoscout24.net/listing-images/1e06b5fa-1452-4cb8-8af7-ea1158146419_24d9ec6e-8f3c-4e45-b501-a76df103afdd.jpg/250x188.webp,1640,80.60400182928595,3720,61
f27e7c12-285d-4ac6-8de4-8882fa5f2a73,Volkswagen,Golf,Berline,PrivateSeller,7100,b,184500,03-2010,https://prod.pictures.autoscout24.net/listing-images/f27e7c12-285d-4ac6-8de4-8882fa5f2a73_ec00068a-b667-4824-97e3-c17647397c13.jpg/250x188.webp,7000,118.39471915054493,4665,130
f751bf7b-872d-463f-8fdf-4a847abf5835,Volkswagen,Golf,Berline,PrivateSeller,7100,d,150000,02-2011,https://prod.pictures.autoscout24.net/listing-images/f751bf7b-872d-463f-8fdf-4a847abf5835_21ac2d0d-93bb-4cce-869e-5e1d57b27779.jpg/250x188.webp,2150,30.188735237139657,4328,179
1d87eb71-191d-4920-bb63-5f73a003346f,Volkswagen,Polo,Berline,PrivateSeller,7150,d,148000,06-2010,https://prod.pictures.autoscout24.net/listing-images/1d87eb71-191d-4920-bb63-5f73a003346f_a0745e45-d15e-451f-b1d8-534aaf0640b7.jpg/250x188.webp,7822,100.10724916933206,4573,10
28e39494-38db-4446-976d-3a72228bad94,Volkswagen,Touran,Break,PrivateSeller,7150,b,195000,08-2007,https://prod.pictures.autoscout24.net/listing-images/28e39494-38db-4446-976d-3a72228bad94_7f40b71f-3a0e-485c-a7d2-1c39b1c469b5.jpg/250x188.webp,1120,62.742598438003384,5608,34
c9d8ad24-9e4b-42a6-8f35-11b21ff516c2,Volkswagen,New Beetle,Cabriolet,PrivateSeller,7150,d,168000,10-2009,https://prod.pictures.autoscout24.net/listing-images/c9d8ad24-9e4b-42a6-8f35-11b21ff516c2_4645813b-23b8-48d9-9deb-d74aea22cd12.jpg/250x188.webp,3930,76.3013541282469,4816,143
488376b4-41e3-4ff9-ba6a-541731ad5cca,Volkswagen,Golf,Berline,Dealer,7190,d,187340,05-2010,https://prod.pictures.autoscout24.net/listing-images/488376b4-41e3-4ff9-ba6a-541731ad5cca_5ab62a5f-bdcd-4fb3-9e45-7afc2ad4cd6c.jpg/250x188.webp,7370,128.14216834969352,4604,2
91f8042b-c072-4382-9a31-fccf8a365a5c,Volkswagen,Touareg,SUV/4x4/Pick-up,Dealer,7200,d,100000,05-2004,https://prod.pictures.autoscout24.net/listing-images/91f8042b-c072-4382-9a31-fccf8a365a5c_bc36488e-e496-41c2-a95a-4005d5a1ca76.jpg/250x188.webp,1640,80.60400182928595,6795,8
a9fe00a5-ea5b-48ab-8e55-ff8b43b0a8ab,Volkswagen,Polo,Berline,PrivateSeller,7200,d,171800,01-2015,https://prod.pictures.autoscout24.net/listing-images/a9fe00a5-ea5b-48ab-8e55-ff8b43b0a8ab_faebf2ee-a62e-416c-ad9d-d1be30342343.jpg/250x188.webp,6791,232.6736596090297,2898,43
8df10b28-e130-473f-9f19-93c4e7710bda,Volkswagen,Passat,Break,PrivateSeller,7200,d,208000,11-2010,https://prod.pictures.autoscout24.net/listing-images/8df10b28-e130-473f-9f19-93c4e7710bda_b9de8c9b-3276-47ad-b7d4-5e6627aff365.jpg/250x188.webp,4420,117.69595814517041,4420,61
b615e730-e11b-4a94-a1ca-6127868b0ecc,Volkswagen,Polo,Berline,PrivateSeller,7200,d,165000,01-2014,https://prod.pictures.autoscout24.net/listing-images/b615e730-e11b-4a94-a1ca-6127868b0ecc_f4d11e37-d6e6-4f66-981a-d1129a4a57c0.jpg/250x188.webp,7100,111.04432979756132,3263,73
e84bdbce-2570-44fb-a09f-ec6295d7c2a5,Volkswagen,Golf Variant,Break,PrivateSeller,7200,d,167000,02-2011,https://prod.pictures.autoscout24.net/listing-images/e84bdbce-2570-44fb-a09f-ec6295d7c2a5_f103727d-bd7c-464e-b40b-1433f888cf4e.jpg/250x188.webp,9000,69.99787275902874,4328,79
064cfa45-cf49-4ec1-ad14-ec198b32108c,Volkswagen,Scirocco,Coupé,PrivateSeller,7200,d,229000,12-2009,https://prod.pictures.autoscout24.net/listing-images/064cfa45-cf49-4ec1-ad14-ec198b32108c_3c99ff06-4c03-4ae1-96a2-0c1222ea59c0.jpg/250x188.webp,4000,118.53949006185148,4755,166
1ffccadc-e507-42f6-b3e9-63ee6fa33436,Volkswagen,Jetta,Berline,PrivateSeller,7200,d,163500,11-2011,https://prod.pictures.autoscout24.net/listing-images/1ffccadc-e507-42f6-b3e9-63ee6fa33436_81ca7982-6a7f-43b9-8188-004eac2038d7.jpg/250x188.webp,3300,76.19991947951956,4055,181
2aadd820-2918-4f0d-ac6e-c134389b6dc3,Volkswagen,Touran,Monovolume,Dealer,7250,d,249500,09-2012,https://prod.pictures.autoscout24.net/listing-images/2aadd820-2918-4f0d-ac6e-c134389b6dc3_4cc990b9-8b7c-4544-b014-e41a31494836.jpg/250x188.webp,4460,114.8668906662163,3750,3
5ca902ed-87a3-4962-9ef2-f4af8335c503,Volkswagen,Golf,Berline,Dealer,7250,d,99539,05-2011,https://prod.pictures.autoscout24.net/listing-images/5ca902ed-87a3-4962-9ef2-f4af8335c503_a81e0406-4d11-47bf-95cc-76fdd896a525.jpg/250x188.webp,1930,65.18883147641638,4239,1
468ae8a0-2c23-4461-98dc-74479ecd16fa,Volkswagen,Polo,Berline,Dealer,7250,d,116800,08-2012,https://prod.pictures.autoscout24.net/listing-images/468ae8a0-2c23-4461-98dc-74479ecd16fa_f0f70cf3-bd58-4d68-80f7-6f8034c1c952.jpg/250x188.webp,7390,121.56764290915724,3781,13
cf540b08-65c6-475c-a679-49fc9d6c94d0,Volkswagen,Polo,Berline,PrivateSeller,7250,d,103000,08-2011,https://prod.pictures.autoscout24.net/listing-images/cf540b08-65c6-475c-a679-49fc9d6c94d0_00dbd3c9-3977-432b-a459-e0748359b1fc.jpg/250x188.webp,3840,95.80189373827943,4147,19
55a4f9bf-593d-41a2-8330-cdaf84a36cfb,Volkswagen,Polo,Berline,Dealer,7250,b,130000,05-2010,https://prod.pictures.autoscout24.net/listing-images/55a4f9bf-593d-41a2-8330-cdaf84a36cfb_226f1bf7-75f7-4b06-90fb-90809e574d9e.jpg/250x188.webp,1410,83.89428081314767,4604,27
2773697e-b129-4598-b85a-5b5ef254abfa,Volkswagen,Jetta,Berline,Dealer,7250,b,64000,01-1990,https://prod.pictures.autoscout24.net/listing-images/2773697e-b129-4598-b85a-5b5ef254abfa_074f2964-1cff-4041-ab7f-33e3def3773c.jpg/250x188.webp,8800,107.24415982689398,12029,30
3ff46736-e8cb-45d8-9dea-fdd10be77062,Volkswagen,Caddy,Bestelwagen,PrivateSeller,7250,d,170000,10-2010,https://prod.pictures.autoscout24.net/listing-images/3ff46736-e8cb-45d8-9dea-fdd10be77062_e6b7500b-78cb-44f4-a0fb-292acc2d8c89.jpg/250x188.webp,1090,66.80320352454842,4451,86
38ce3329-5807-4a87-85cd-8796af5a4599,Volkswagen,Golf,Berline,PrivateSeller,7250,d,190000,12-2013,https://prod.pictures.autoscout24.net/listing-images/38ce3329-5807-4a87-85cd-8796af5a4599_884b74a4-e2d6-4cfa-a2a6-c8eff5065407.jpg/250x188.webp,5000,115.13665852422378,3294,92
04d918a7-4417-4ad0-947e-2638a8d0fd15,Volkswagen,Golf Plus,Monovolume,Dealer,7290,d,128207,05-2011,https://prod.pictures.autoscout24.net/listing-images/04d918a7-4417-4ad0-947e-2638a8d0fd15_9ccc10c1-e7ad-432b-9f7c-4a22b22065d4.jpg/250x188.webp,7860,95.07423547129062,4239,80
fa3d6c73-f91a-4b9c-9144-ce77c983a9d1,Volkswagen,Golf,Berline,Dealer,7295,b,133505,06-2009,https://prod.pictures.autoscout24.net/listing-images/fa3d6c73-f91a-4b9c-9144-ce77c983a9d1_09b9bf2c-0d5d-489a-9ebc-74b06bd1aac3.jpg/250x188.webp,8520,107.45339579517565,4938,54
53ade2b0-f2d0-46f2-8493-222c07d3bfd8,Volkswagen,Polo,Berline,Dealer,7299,d,118107,12-2011,https://prod.pictures.autoscout24.net/listing-images/53ade2b0-f2d0-46f2-8493-222c07d3bfd8_fe23dc60-c488-4c15-b6d0-56b079d7529b.jpg/250x188.webp,7350,126.64469659762254,4025,14
b0c596cd-c1a0-492c-94e8-76f7b4dec4a2,Volkswagen,Polo,Berline,Dealer,7300,d,63120,09-2011,https://prod.pictures.autoscout24.net/listing-images/b0c596cd-c1a0-492c-94e8-76f7b4dec4a2_72e27377-5025-4975-aba0-9a6010bff984.jpg/250x188.webp,1770,71.72306486218548,4116,9
68d99e10-aa25-44dd-8c45-190e08c9eaa3,Volkswagen,Crafter,Andere,Dealer,7300,d,220000,01-2016,https://prod.pictures.autoscout24.net/listing-images/68d99e10-aa25-44dd-8c45-190e08c9eaa3_537504ad-3b6b-48c1-8d04-d6bb9fc7b962.jpg/250x188.webp,1840,54.29299877782283,2533,50
ea314e24-7bfb-4cde-905f-0dbf71cb6d7d,Volkswagen,Caddy,Bestelwagen,Dealer,7300,d,95000,10-2007,https://prod.pictures.autoscout24.net/listing-images/ea314e24-7bfb-4cde-905f-0dbf71cb6d7d_fc0cd595-632b-4f8d-b2a6-117a27e13b5b.jpg/250x188.webp,4630,129.1452608018519,5547,170
25819382-9399-4615-a182-d07eb1de871b,Volkswagen,Polo,Berline,PrivateSeller,7350,d,163000,01-2012,https://prod.pictures.autoscout24.net/listing-images/25819382-9399-4615-a182-d07eb1de871b_f33de124-f5d2-4475-8a3b-4492656b8555.jpg/250x188.webp,4040,120.39133917274062,3994,17
1f915b44-a817-4bd1-a9a3-76e310c01e5d,Volkswagen,Polo,Berline,PrivateSeller,7350,d,163000,01-2012,https://prod.pictures.autoscout24.net/listing-images/1f915b44-a817-4bd1-a9a3-76e310c01e5d_e4cd059b-d607-411f-b7b5-eff067be4dbb.jpg/250x188.webp,4040,120.39133917274062,3994,17
f9e8dade-078d-409f-bdd0-c292279b13ae,Volkswagen,Golf GTI,Berline,PrivateSeller,7350,b,215000,12-2005,https://prod.pictures.autoscout24.net/listing-images/f9e8dade-078d-409f-bdd0-c292279b13ae_e9c6917d-25a1-4926-82d5-8e3d5f872cfd.jpg/250x188.webp,3080,71.81912493945508,6216,35
f5dff870-4f7e-4465-82ab-f02000b2580b,Volkswagen,Touran,Break,PrivateSeller,7350,d,247000,12-2012,https://prod.pictures.autoscout24.net/listing-images/f5dff870-4f7e-4465-82ab-f02000b2580b_e925ccd2-b057-4afd-923d-1394ec6c3165.jpg/250x188.webp,2550,37.36039038956695,3659,34
d6503a8e-71ef-4749-a240-c862e63189a5,Volkswagen,Caddy,Bestelwagen,Dealer,7350,d,291000,04-2014,https://prod.pictures.autoscout24.net/listing-images/d6503a8e-71ef-4749-a240-c862e63189a5_214073de-c3de-4773-95fa-85054dcb2090.jpg/250x188.webp,1400,97.35176357549375,3173,42
1e33566c-d353-48f3-9a2c-93e2a23a9611,Volkswagen,Caddy,Monovolume,Dealer,7350,d,299677,06-2011,https://prod.pictures.autoscout24.net/listing-images/1e33566c-d353-48f3-9a2c-93e2a23a9611_c3880432-a187-4e6f-8be3-1696fd88efca.jpg/250x188.webp,1930,65.18883147641638,4208,49
22fb9ff5-469a-4dae-8c0e-edb2b8ea015f,Volkswagen,Caddy,Bestelwagen,PrivateSeller,7350,b,174000,05-2012,https://prod.pictures.autoscout24.net/listing-images/22fb9ff5-469a-4dae-8c0e-edb2b8ea015f_39c26113-9c83-4126-89a3-91fab054f301.jpg/250x188.webp,3090,77.24958296507762,3873,70
97f1dc9f-7319-41a9-9aec-f2e073b9de3f,Volkswagen,Golf,Berline,PrivateSeller,7350,d,154000,09-2010,https://prod.pictures.autoscout24.net/listing-images/97f1dc9f-7319-41a9-9aec-f2e073b9de3f_9904b860-493b-4875-a859-6f65252e4f9b.jpg/250x188.webp,6000,117.49014599385939,4481,70
e711fbb2-07dd-4ff3-a9a7-812f212c0fb5,Volkswagen,Polo,Berline,PrivateSeller,7390,d,125000,01-2013,https://prod.pictures.autoscout24.net/listing-images/e711fbb2-07dd-4ff3-a9a7-812f212c0fb5_4f67d820-b1f3-4746-9597-5ca837f07d08.jpg/250x188.webp,4650,133.58400094682207,3628,28
e0fea33a-a8e3-4863-84bd-0338b11671ee,Volkswagen,Polo,Berline,Dealer,7400,b,77000,07-2011,https://prod.pictures.autoscout24.net/listing-images/e0fea33a-a8e3-4863-84bd-0338b11671ee_4eab289b-f8db-49d0-92cf-624fa6ccc2c7.jpg/250x188.webp,9050,69.04356445356942,4178,2
5839a21f-71d8-4fa5-a081-5119430720d0,Volkswagen,Jetta,Berline,PrivateSeller,7400,d,209000,05-2011,https://prod.pictures.autoscout24.net/listing-images/5839a21f-71d8-4fa5-a081-5119430720d0_0bfcead9-04d1-4e64-a4c4-44fdf27bf8c9.jpg/250x188.webp,2800,49.170515286575046,4239,3
8a84f9c7-2564-4de4-a2d9-a95add49528c,Volkswagen,Crafter,Bestelwagen,Dealer,7400,d,250000,12-2008,https://prod.pictures.autoscout24.net/listing-images/8a84f9c7-2564-4de4-a2d9-a95add49528c_760825f7-3c8d-4587-a1b1-7471d8f2f240.jpg/250x188.webp,4020,121.60247278825214,5120,13
d996758c-d666-4571-aeaa-34a4dc38a6eb,Volkswagen,Passat,Berline,PrivateSeller,7400,b,173000,02-2010,https://prod.pictures.autoscout24.net/listing-images/d996758c-d666-4571-aeaa-34a4dc38a6eb_8160de93-0ebf-417b-8b59-06da0a2fc65a.jpg/250x188.webp,9030,70.0084957664576,4693,54
115d358c-cd6e-43f5-9fbe-46fd9b97b637,Volkswagen,Golf Cabriolet,Cabriolet,Dealer,7400,b,86320,03-1999,https://prod.pictures.autoscout24.net/listing-images/115d358c-cd6e-43f5-9fbe-46fd9b97b637_289b7f84-6db6-40e3-add3-0cafcc52dbb0.jpg/250x188.webp,8800,107.24415982689398,8683,520
7ee92231-ee69-48b5-9d5b-b71553f505f8,Volkswagen,Caddy,Bestelwagen,Dealer,7450,d,64863,06-2008,https://prod.pictures.autoscout24.net/listing-images/7ee92231-ee69-48b5-9d5b-b71553f505f8_ad16d0eb-b237-428d-8c7a-0e489b568d6d.jpg/250x188.webp,3020,64.4845066062384,5303,6
8609a186-1ad0-4eaf-8999-fca67312d667,Volkswagen,,Berline,PrivateSeller,7450,b,152000,11-2009,https://prod.pictures.autoscout24.net/listing-images/8609a186-1ad0-4eaf-8999-fca67312d667_f5bdc31a-8d3a-43d2-87db-4e2c3722a2d7.jpg/250x188.webp,4000,118.53949006185148,4785,10
66ad4d69-69d7-4929-9ae9-c24d563e5c68,Volkswagen,Polo,Berline,PrivateSeller,7450,b,152000,11-2009,https://prod.pictures.autoscout24.net/listing-images/66ad4d69-69d7-4929-9ae9-c24d563e5c68_f3ed69a4-b5c1-4850-aa0d-1f44fec39b49.jpg/250x188.webp,4000,118.53949006185148,4785,10
5fd3219f-a340-46e6-8b78-991408fd14b4,Volkswagen,Polo,Berline,Dealer,7450,b,123140,02-2010,https://prod.pictures.autoscout24.net/listing-images/5fd3219f-a340-46e6-8b78-991408fd14b4_b94a536b-9c67-4b6e-ad41-79d80f44ae3a.jpg/250x188.webp,6061,117.55452099458994,4693,19
4fa40dfe-ab07-4db4-817f-41c46ee5f3a0,Volkswagen,Polo,Berline,Dealer,7450,b,87000,11-2013,https://prod.pictures.autoscout24.net/listing-images/4fa40dfe-ab07-4db4-817f-41c46ee5f3a0_208d469b-9236-4e06-8e97-486f1e557a9a.jpg/250x188.webp,1400,97.35176357549375,3324,26
1c45f13d-3a6e-4947-96b3-5e8069e2a12a,Volkswagen,Polo,Berline,PrivateSeller,7450,b,116000,11-2012,https://prod.pictures.autoscout24.net/listing-images/1c45f13d-3a6e-4947-96b3-5e8069e2a12a_0c24d9ec-29dc-49e7-8e17-ecc5c8ab0b13.jpg/250x188.webp,1600,78.61296004280759,3689,36
71d1f475-4437-4d6f-a0b9-2b9ef66bfed4,Volkswagen,Touran,Andere,Dealer,7450,d,215000,11-2012,https://prod.pictures.autoscout24.net/listing-images/71d1f475-4437-4d6f-a0b9-2b9ef66bfed4_d33e2301-8473-4f9b-9f2b-6731e1ba65fb.jpg/250x188.webp,6950,161.16047264566197,3689,40
756795d0-b46a-4140-b3d8-77c8163fe58a,Volkswagen,Golf,Andere,Dealer,7450,d,212000,06-2016,https://prod.pictures.autoscout24.net/listing-images/756795d0-b46a-4140-b3d8-77c8163fe58a_a9433d67-252c-431a-8eee-70b67b7d4e0e.jpg/250x188.webp,1060,71.73094529250689,2381,45
6b439c90-59db-4a8a-9d1a-936c447289fd,Volkswagen,Golf Plus,Monovolume,Dealer,7450,b,55599,07-2007,https://prod.pictures.autoscout24.net/listing-images/6b439c90-59db-4a8a-9d1a-936c447289fd_5c40d2d4-8ae7-43d1-be03-b0466a5f7a1a.jpg/250x188.webp,1601,76.3100421089918,5639,50
a7870be9-89d3-4f49-92e5-4853022cd22d,Volkswagen,Polo,Berline,Dealer,7450,d,140849,11-2009,https://prod.pictures.autoscout24.net/listing-images/a7870be9-89d3-4f49-92e5-4853022cd22d_004fc910-2909-4cb4-aba2-27739b66575c.jpg/250x188.webp,6043,111.88562923228113,4785,65
a7c2c2a3-0655-4941-a089-f3aced04bd12,Volkswagen,Golf Plus,Monovolume,Dealer,7450,b,52072,06-2006,https://prod.pictures.autoscout24.net/listing-images/a7c2c2a3-0655-4941-a089-f3aced04bd12_e7f02c03-9aeb-4927-afb8-03ed13e9fcf1.jpg/250x188.webp,1730,61.98157406185932,6034,76
d89bca6f-2464-494e-90fd-136ffad909e9,Volkswagen,Coccinelle,Andere,PrivateSeller,7450,b,1,01-1972,https://prod.pictures.autoscout24.net/listing-images/d89bca6f-2464-494e-90fd-136ffad909e9_768cf200-6867-445c-976a-38437ec26d5b.jpg/250x188.webp,4837,141.89823462131352,18604,107
456a9d99-5ff4-44dd-9946-2fb1f9dc7b32,Volkswagen,Caddy,Monovolume,Dealer,7450,d,202000,12-2010,https://prod.pictures.autoscout24.net/listing-images/456a9d99-5ff4-44dd-9946-2fb1f9dc7b32_fb5c099e-1c7c-42fd-b9f1-e33a8fc7c9ea.jpg/250x188.webp,1800,60.05560122441548,4390,121
5edde82f-68ed-4930-b5bc-9c950008a0aa,Volkswagen,Polo,Berline,Dealer,7450,d,136311,11-2010,https://prod.pictures.autoscout24.net/listing-images/5edde82f-68ed-4930-b5bc-9c950008a0aa_c1c22828-f461-48f2-a811-352f6959b23c.jpg/250x188.webp,7380,129.95614046754844,4420,199
2e777b0f-16d9-44f4-9948-992e3be1825e,Volkswagen,up!,Berline,Dealer,7450,b,149000,05-2017,https://prod.pictures.autoscout24.net/listing-images/2e777b0f-16d9-44f4-9948-992e3be1825e_28dd31fe-389f-4299-aef9-7e1dcdfd71bd.jpg/250x188.webp,1410,83.89428081314767,2047,243
7b92c431-1e0f-45c1-94ad-2d0b4865bcaa,Volkswagen,Polo,Berline,Dealer,7450,b,81000,01-2012,https://prod.pictures.autoscout24.net/listing-images/7b92c431-1e0f-45c1-94ad-2d0b4865bcaa_632ee61a-b4ca-4afd-87d5-2663a16e17ea.jpg/250x188.webp,1780,63.273818071645216,3994,408
42dcf105-66d9-4029-af20-19d9a30b6277,Volkswagen,Polo Cross,Berline,Dealer,7490,b,76164,03-2008,https://prod.pictures.autoscout24.net/listing-images/42dcf105-66d9-4029-af20-19d9a30b6277_1ed4bb47-b099-47c1-bb38-0d0dd231ddca.jpg/250x188.webp,6200,119.77990387531518,5395,3
e2ee9067-35e5-4bac-b168-f4798f0b20bc,Volkswagen,Golf,Berline,Dealer,7490,d,135000,06-2011,https://prod.pictures.autoscout24.net/listing-images/e2ee9067-35e5-4bac-b168-f4798f0b20bc_018337fc-9eef-4314-95a1-b720dcb83003.jpg/250x188.webp,1800,60.05560122441548,4208,1
1d6638b5-e410-440c-a528-736365c5d6f7,Volkswagen,Golf Plus,Monovolume,Dealer,7490,d,135000,02-2010,https://prod.pictures.autoscout24.net/listing-images/1d6638b5-e410-440c-a528-736365c5d6f7_bd358197-02e3-4310-8b21-13aa4a700e4d.jpg/250x188.webp,7012,120.36322565219064,4693,7
dd2c15e9-7306-4679-a7f2-ba8c0dd225c5,Volkswagen,Polo,Berline,PrivateSeller,7490,d,92000,01-2013,https://prod.pictures.autoscout24.net/listing-images/dd2c15e9-7306-4679-a7f2-ba8c0dd225c5_c5ea919f-846b-4c89-af24-b7f0c6005789.jpg/250x188.webp,1200,69.44150665917473,3628,9
ad49f18e-aa1a-405d-a907-b1aad44d7ff5,Volkswagen,Golf,Berline,Dealer,7490,d,133000,10-2009,https://prod.pictures.autoscout24.net/listing-images/ad49f18e-aa1a-405d-a907-b1aad44d7ff5_77d0d3a1-c233-4a90-b90b-a7493727fb65.jpg/250x188.webp,6180,111.8460773215552,4816,10
b41dd052-908b-42fc-92a1-f7548346ddc2,Volkswagen,Polo,Berline,Dealer,7490,d,160000,02-2011,https://prod.pictures.autoscout24.net/listing-images/b41dd052-908b-42fc-92a1-f7548346ddc2_ab3754d7-3acf-4243-b810-1f4dcc7dfb40.jpg/250x188.webp,5170,123.91459628158174,4328,21
c3ea0f2d-41a4-4abc-92ad-851dc9b324f2,Volkswagen,Polo,Berline,Dealer,7490,b,170000,09-2014,https://prod.pictures.autoscout24.net/listing-images/c3ea0f2d-41a4-4abc-92ad-851dc9b324f2_d8f8d749-fa90-45de-91e8-a3d4b123f3fd.jpg/250x188.webp,6060,116.023023143389,3020,27
a7be3362-d034-4962-b5f5-6208a3d53159,Volkswagen,Polo,Andere,Dealer,7490,d,115000,01-2012,https://prod.pictures.autoscout24.net/listing-images/a7be3362-d034-4962-b5f5-6208a3d53159_1c652017-d7d6-4538-8e99-4ed99b1a682a.jpg/250x188.webp,6150,118.77654030835686,3994,37
a4e72460-8cde-476a-b797-6540ff3fdfd1,Volkswagen,Polo,Berline,Dealer,7490,b,119000,02-2013,https://prod.pictures.autoscout24.net/listing-images/a4e72460-8cde-476a-b797-6540ff3fdfd1_fdb1f24c-3804-4138-afe0-7329bc989fa0.jpg/250x188.webp,4000,118.53949006185148,3597,44
1c3ecafa-3dc1-457d-8b7f-40541acbe048,Volkswagen,Polo,Berline,Dealer,7495,b,109000,03-2011,https://prod.pictures.autoscout24.net/listing-images/1c3ecafa-3dc1-457d-8b7f-40541acbe048_0b36cafa-7056-4157-8597-48b9f318eafc.jpg/250x188.webp,4845,145.9433878746416,4300,2
caeb5274-bdb2-4a74-90b3-34c607da8e22,Volkswagen,Polo,Berline,Dealer,7499,d,185000,08-2012,https://prod.pictures.autoscout24.net/listing-images/caeb5274-bdb2-4a74-90b3-34c607da8e22_f928258b-ce34-4126-8268-57049bf8d19e.jpg/250x188.webp,4210,108.23508431434976,3781,8
321a8b70-4503-469c-bedc-827f97121711,Volkswagen,Caddy,Andere,Dealer,7499,d,127386,12-2011,https://prod.pictures.autoscout24.net/listing-images/321a8b70-4503-469c-bedc-827f97121711_15a6112d-5dd9-430c-ba64-5775d7d71834.jpg/250x188.webp,1480,90.6722887329444,4025,67
aa0a61b2-22c2-4974-bc1a-7ed1dbe48ebc,Volkswagen,Tiguan,SUV/4x4/Pick-up,Dealer,7499,d,301000,03-2010,https://prod.pictures.autoscout24.net/listing-images/aa0a61b2-22c2-4974-bc1a-7ed1dbe48ebc_a0af122e-a664-45d8-8530-5426c31cf905.jpg/250x188.webp,6030,118.28038734858286,4665,129
a1a31e33-6a6e-4078-963b-0d2ef720c3cf,Volkswagen,Polo,Berline,Dealer,7500,b,90000,06-2009,https://prod.pictures.autoscout24.net/listing-images/a1a31e33-6a6e-4078-963b-0d2ef720c3cf_58a57564-15fd-4578-aa0b-9e5e0efb17d0.jpg/250x188.webp,4431,114.8123410724686,4938,0
5c1f58b5-47d6-455b-acb4-3a70d872ee5e,Volkswagen,Polo,Berline,PrivateSeller,7500,d,94000,06-2013,https://prod.pictures.autoscout24.net/listing-images/5c1f58b5-47d6-455b-acb4-3a70d872ee5e_13f28576-49ca-4e23-8781-c2a7f5c138aa.jpg/250x188.webp,1790,66.85097420004841,3477,3
5d736066-41f0-41e9-a747-173663fb704d,Volkswagen,Tiguan,SUV/4x4/Pick-up,Dealer,7500,d,196097,09-2010,https://prod.pictures.autoscout24.net/listing-images/5d736066-41f0-41e9-a747-173663fb704d_b9543d01-f911-4a5a-ad36-edf5bf95aa53.jpg/250x188.webp,1910,61.06717284299515,4481,3
823be817-1fde-4756-bdaa-032aa8e314fd,Volkswagen,Golf,Berline,PrivateSeller,7500,b,133355,12-2009,https://prod.pictures.autoscout24.net/listing-images/823be817-1fde-4756-bdaa-032aa8e314fd_1ff87608-2406-407e-a860-704f233972da.jpg/250x188.webp,1070,71.06367211068877,4755,4
45427bc6-f897-49ff-9352-c8b9a7ba0daf,Volkswagen,Polo,Berline,PrivateSeller,7500,d,158000,03-2015,https://prod.pictures.autoscout24.net/listing-images/45427bc6-f897-49ff-9352-c8b9a7ba0daf_56caa779-34a7-4ec9-a03b-ff757cac717b.jpg/250x188.webp,4800,137.3735948615729,2839,4
60b9acd5-99a2-41ba-8a89-1536e512784a,Volkswagen,Jetta,Berline,PrivateSeller,7500,d,200000,12-2011,https://prod.pictures.autoscout24.net/listing-images/60b9acd5-99a2-41ba-8a89-1536e512784a_2f22d267-f46e-46ee-974a-13efd934cc1e.jpg/250x188.webp,9100,39.90739495574749,4025,4
e8e9cfd7-2192-4de7-aeaa-1e14577ee28c,Volkswagen,Polo,Berline,Dealer,7500,d,149000,01-2011,https://prod.pictures.autoscout24.net/listing-images/e8e9cfd7-2192-4de7-aeaa-1e14577ee28c_29ee39a0-4eb9-40fc-8e2d-130bca181417.jpg/250x188.webp,6700,222.44484417522085,4359,4
89a720fc-5e7e-4ee1-a544-98ed7655099b,Volkswagen,Polo Cross,Berline,Dealer,7500,d,149000,01-2011,https://prod.pictures.autoscout24.net/listing-images/89a720fc-5e7e-4ee1-a544-98ed7655099b_2a0796c9-abc1-48ba-80b7-b8fbe4bfefd4.jpg/250x188.webp,6700,222.44484417522085,4359,5
28bcc9d0-a5ba-489e-bed0-42bfc8f047d4,Volkswagen,Golf,Berline,Dealer,7500,b,185000,05-2012,https://prod.pictures.autoscout24.net/listing-images/28bcc9d0-a5ba-489e-bed0-42bfc8f047d4_f8c8ce23-c38e-4301-8c12-c8d8eed534f9.jpg/250x188.webp,1790,66.85097420004841,3873,13
1f7d5bd1-e4c6-4130-b946-20ab6a843dff,Volkswagen,Caddy,Monovolume,PrivateSeller,7500,d,257000,01-2014,https://prod.pictures.autoscout24.net/listing-images/1f7d5bd1-e4c6-4130-b946-20ab6a843dff_9f091eb6-d2a6-4500-aa16-80e5efbfd9e2.jpg/250x188.webp,2450,56.473188254834646,3263,14
2900b145-e73c-4139-916d-8ad5b3c94447,Volkswagen,Golf,Berline,PrivateSeller,7500,d,108959,02-2011,https://prod.pictures.autoscout24.net/listing-images/2900b145-e73c-4139-916d-8ad5b3c94447_bc071be8-410c-45af-9602-afa60f496556.jpg/250x188.webp,1081,68.14090124789017,4328,14
1ecd460f-b5e9-4dd2-898d-58372b524f14,Volkswagen,Golf,Berline,Dealer,7500,d,189000,01-2012,https://prod.pictures.autoscout24.net/listing-images/1ecd460f-b5e9-4dd2-898d-58372b524f14_e262882a-03f7-42cc-96c3-7aa71d3c1139.jpg/250x188.webp,6700,222.44484417522085,3994,15
6cc8dc3f-0b5a-47f3-aa3f-050cafdf2e67,Volkswagen,Crafter,Bestelwagen,Dealer,7500,d,198000,02-2004,https://prod.pictures.autoscout24.net/listing-images/6cc8dc3f-0b5a-47f3-aa3f-050cafdf2e67_fca30e22-4b3c-40a8-9236-2f9344213d58.jpg/250x188.webp,6700,222.44484417522085,6885,15
849ef641-14ce-4a66-82f8-978707aa9d5f,Volkswagen,Touareg,SUV/4x4/Pick-up,PrivateSeller,7500,d,21000,12-2007,https://prod.pictures.autoscout24.net/listing-images/849ef641-14ce-4a66-82f8-978707aa9d5f_b34f4868-2b38-4f7d-9f62-d9233cbfd424.jpg/250x188.webp,1070,71.06367211068877,5486,17
53d2a224-625b-483d-9161-2dd8b2c8da56,Volkswagen,Jetta,Berline,PrivateSeller,7500,b,148000,02-2012,https://prod.pictures.autoscout24.net/listing-images/53d2a224-625b-483d-9161-2dd8b2c8da56_4a32b466-104f-4a0d-bff4-516057c74a15.jpg/250x188.webp,6220,109.54249226439103,3963,17
eea7b56f-a58c-42c2-8335-f78fab455248,Volkswagen,Passat Variant,Break,PrivateSeller,7500,d,120000,03-2010,https://prod.pictures.autoscout24.net/listing-images/eea7b56f-a58c-42c2-8335-f78fab455248_a21314b7-0b29-4f8b-9bb8-553fb64a9b99.jpg/250x188.webp,9120,31.412557196808976,4665,18
6f8f36ea-4603-4c34-a8ec-598e174dfa82,Volkswagen,Golf,Coupé,PrivateSeller,7500,b,225000,08-1992,https://prod.pictures.autoscout24.net/listing-images/6f8f36ea-4603-4c34-a8ec-598e174dfa82_a09ca4c6-4770-44fc-a8f0-03ae996dedff.jpg/250x188.webp,1040,70.85448790939559,11086,22
e29fcea8-d08d-459b-95b5-9a8709f95ec9,Volkswagen,T3,Bestelwagen,PrivateSeller,7500,d,13500,01-1984,https://prod.pictures.autoscout24.net/listing-images/e29fcea8-d08d-459b-95b5-9a8709f95ec9_cd3671bf-c1ed-4aa0-878f-2752e9e4b4dd.jpg/250x188.webp,7100,111.04432979756132,14221,24
5d0a0e79-eb63-42fb-9473-1f867aaf75b0,Volkswagen,Polo,Berline,PrivateSeller,7500,d,215000,11-2011,https://prod.pictures.autoscout24.net/listing-images/5d0a0e79-eb63-42fb-9473-1f867aaf75b0_6f272b18-4d98-4fa1-bf07-9c5c1c2cd1ef.jpg/250x188.webp,6600,187.94933034168892,4055,30
9151ab05-4e00-4e4c-b52f-51e00291f940,Volkswagen,Polo,Berline,PrivateSeller,7500,b,48000,10-2010,https://prod.pictures.autoscout24.net/listing-images/9151ab05-4e00-4e4c-b52f-51e00291f940_24e082e0-5102-41e0-886f-f8072c78e564.jpg/250x188.webp,1190,73.06612059240499,4451,33
967c291d-a961-4ce5-b8e0-9411504af8ed,Volkswagen,Golf,Berline,PrivateSeller,7500,d,328000,03-2011,https://prod.pictures.autoscout24.net/listing-images/967c291d-a961-4ce5-b8e0-9411504af8ed_c6c5b953-4fac-4812-b4cf-5a3d25e9a399.jpg/250x188.webp,1435,92.05272108116279,4300,35
baebcf6d-bd41-49e0-96b4-7ffd1fc65b52,Volkswagen,Jetta,Berline,PrivateSeller,7500,d,147000,07-2011,https://prod.pictures.autoscout24.net/listing-images/baebcf6d-bd41-49e0-96b4-7ffd1fc65b52_08efb292-d224-4934-9d8c-f2d5e9649517.jpg/250x188.webp,3910,74.58525657452907,4178,41
ad6fc295-5943-427c-a256-ba533b57dc4f,Volkswagen,Crafter,Andere,Dealer,7500,d,230000,10-2016,https://prod.pictures.autoscout24.net/listing-images/ad6fc295-5943-427c-a256-ba533b57dc4f_90af432c-20f1-4f03-9505-471c11f55d95.jpg/250x188.webp,1840,54.29299877782283,2259,44
fc41e9df-dee8-45b0-b124-cd61de9f6835,Volkswagen,Polo,Berline,PrivateSeller,7500,d,138000,07-2011,https://prod.pictures.autoscout24.net/listing-images/fc41e9df-dee8-45b0-b124-cd61de9f6835_6a1ddca4-25fb-4bf0-867b-5ed1df46249d.jpg/250x188.webp,5060,116.00750129472273,4178,47
e456712d-5b0f-4c6c-89a8-327245a31966,Volkswagen,Passat,Andere,PrivateSeller,7500,b,145000,02-2012,https://prod.pictures.autoscout24.net/listing-images/e456712d-5b0f-4c6c-89a8-327245a31966_8008b4b9-ccc8-47b2-8429-781cbd191aed.jpg/250x188.webp,2600,30.98226947130947,3963,58
5abfa82a-885a-425a-8c34-6f9222b29c9f,Volkswagen,Golf,Andere,Dealer,7500,d,175000,04-2012,https://prod.pictures.autoscout24.net/listing-images/5abfa82a-885a-425a-8c34-6f9222b29c9f_029eda35-1049-40b2-a058-b762593e2c97.jpg/250x188.webp,1070,71.06367211068877,3903,57
4166ffc7-a348-45c3-a480-d1784549fccc,Volkswagen,Polo,Berline,PrivateSeller,7500,d,148750,10-2014,https://prod.pictures.autoscout24.net/listing-images/4166ffc7-a348-45c3-a480-d1784549fccc_2ea7dcee-506e-4a7b-a856-5a94315ba302.jpg/250x188.webp,6120,127.2510320073132,2990,58
3cfbce84-51cc-4417-a502-6476dce9aaa8,Volkswagen,up!,Andere,PrivateSeller,7500,b,69686,02-2016,https://prod.pictures.autoscout24.net/listing-images/3cfbce84-51cc-4417-a502-6476dce9aaa8_19558c27-ea5c-4d48-b147-94b36df1f091.jpg/250x188.webp,4990,160.78893292440813,2502,58
98df10a1-5db3-43d5-b6cd-546ba637aa52,Volkswagen,up!,Berline,PrivateSeller,7500,b,72000,02-2016,https://prod.pictures.autoscout24.net/listing-images/98df10a1-5db3-43d5-b6cd-546ba637aa52_20ec8b61-a183-4fc9-8a83-e22a574f0e9e.jpg/250x188.webp,7370,128.14216834969352,2502,58
2b8b676e-137d-4fb8-a881-0f0c9f416047,Volkswagen,Golf GTI,Berline,PrivateSeller,7500,b,234000,12-1988,https://prod.pictures.autoscout24.net/listing-images/2b8b676e-137d-4fb8-a881-0f0c9f416047_ad8c06a6-d5c8-4ee5-a17a-5a0a356cb8ae.jpg/250x188.webp,6690,163.93426433345658,12425,59
80577f4c-6f44-4585-82b6-c201692f0dab,Volkswagen,Golf GTI,Andere,PrivateSeller,7500,b,235000,12-1988,https://prod.pictures.autoscout24.net/listing-images/80577f4c-6f44-4585-82b6-c201692f0dab_60c6ec4e-48f8-4ff9-a744-9f536a666862.jpg/250x188.webp,6690,163.93426433345658,12425,81
669c8342-b0ca-4324-9f24-3905e550788a,Volkswagen,up!,Berline,Dealer,7500,b,57050,02-2012,https://prod.pictures.autoscout24.net/listing-images/669c8342-b0ca-4324-9f24-3905e550788a_4ea71171-2865-40fd-8421-92d82db35dd1.jpg/250x188.webp,2940,16.165618897139176,3963,62
10a646f5-355b-4c85-b9bc-f62e88ac68ff,Volkswagen,Caddy,Bestelwagen,PrivateSeller,7500,d,223105,04-2012,https://prod.pictures.autoscout24.net/listing-images/10a646f5-355b-4c85-b9bc-f62e88ac68ff_e726c34f-2eee-4f92-9313-f2892ad7e18f.jpg/250x188.webp,1080,69.57979227671277,3903,68
9438e4ff-3505-4fbf-911c-b2292034787e,Volkswagen,Corrado,Coupé,PrivateSeller,7500,b,215000,06-1991,https://prod.pictures.autoscout24.net/listing-images/9438e4ff-3505-4fbf-911c-b2292034787e_a8ab9260-0c75-4e1d-8ee4-b1bae55cc664.jpg/250x188.webp,8550,107.36766166002549,11513,69
cba43f5f-3c27-48c3-9d72-1f16fdab95bd,Volkswagen,Polo,Berline,Dealer,7500,d,157000,05-2015,https://prod.pictures.autoscout24.net/listing-images/cba43f5f-3c27-48c3-9d72-1f16fdab95bd_c4e107b2-3393-4b6d-867e-9b1dce47be24.jpg/250x188.webp,9160,52.83263590517851,2778,69
8920def4-a918-4d39-8ab5-205b82230d0a,Volkswagen,Touran,Monovolume,PrivateSeller,7500,d,255132,10-2012,https://prod.pictures.autoscout24.net/listing-images/8920def4-a918-4d39-8ab5-205b82230d0a_4a7f9542-d09a-4b68-a1ef-04f8c3224b36.jpg/250x188.webp,9040,67.59494645605788,3720,72
3b793307-b2b3-4895-a32f-f56d85244f7c,Volkswagen,Caddy,Bestelwagen,Dealer,7500,d,200202,03-2012,https://prod.pictures.autoscout24.net/listing-images/3b793307-b2b3-4895-a32f-f56d85244f7c_a8f48827-fd91-45ee-bcc3-de8834743478.jpg/250x188.webp,3550,75.75580829789837,3934,76
8e5aedd9-137b-4427-bc31-61f36e907138,Volkswagen,Golf,Berline,PrivateSeller,7500,d,170000,09-2010,https://prod.pictures.autoscout24.net/listing-images/8e5aedd9-137b-4427-bc31-61f36e907138_e36021cd-cb01-4e1e-8eee-477be864b47d.jpg/250x188.webp,5640,127.88750807473824,4481,77
a4d670ee-dc7c-4a43-8f15-2e38498ddfd2,Volkswagen,up!,Berline,PrivateSeller,7500,b,56000,05-2012,https://prod.pictures.autoscout24.net/listing-images/a4d670ee-dc7c-4a43-8f15-2e38498ddfd2_93bbbb16-1c82-452e-a509-9fd8f98d4a42.jpg/250x188.webp,7062,104.82404371048219,3873,79
94424a7f-ff31-4b3e-a9b7-0aa91411acb2,Volkswagen,Scirocco,Coupé,PrivateSeller,7500,l,190000,08-2009,https://prod.pictures.autoscout24.net/listing-images/94424a7f-ff31-4b3e-a9b7-0aa91411acb2_04739262-7937-4e02-b7b5-401cf4fb0a24.jpg/250x188.webp,1820,61.11806276432271,4877,82
88f58599-ed1b-4908-95d3-90249a27d91a,Volkswagen,Jetta,Berline,PrivateSeller,7500,b,105000,06-1991,https://prod.pictures.autoscout24.net/listing-images/88f58599-ed1b-4908-95d3-90249a27d91a_a7c5c1bb-bcf2-4b8c-905c-91cff76272be.jpg/250x188.webp,9790,94.2233290400282,11513,92
30c9ab67-74b6-4608-af17-7389062c433b,Volkswagen,Golf GTI,Andere,PrivateSeller,7500,b,175000,01-1992,https://prod.pictures.autoscout24.net/listing-images/30c9ab67-74b6-4608-af17-7389062c433b_ecb6963d-c6e8-43b6-836b-6c71edb81562.jpg/250x188.webp,1840,54.29299877782283,11299,96
44db9ca7-cf61-4473-87ac-d66a9a81c0af,Volkswagen,Golf,Berline,PrivateSeller,7500,d,160200,11-2012,https://prod.pictures.autoscout24.net/listing-images/44db9ca7-cf61-4473-87ac-d66a9a81c0af_95f6f1ca-5061-40c4-a95e-11d3f07ea2f1.jpg/250x188.webp,3600,91.05707630102727,3689,102
4f5df9c5-115f-4f7d-926b-5adaaa908b44,Volkswagen,Golf GTI,Berline,PrivateSeller,7500,b,205000,12-2007,https://prod.pictures.autoscout24.net/listing-images/4f5df9c5-115f-4f7d-926b-5adaaa908b44_70624666-4f27-432e-b376-d03c7e3e119b.jpg/250x188.webp,1070,71.06367211068877,5486,103
e97a7439-48e6-4b24-bdd1-d8a1f9d3defc,Volkswagen,Golf,Berline,PrivateSeller,7500,d,206000,01-2010,https://prod.pictures.autoscout24.net/listing-images/e97a7439-48e6-4b24-bdd1-d8a1f9d3defc_9a9f8554-c5bf-4d1b-af33-ab9e87bd911b.jpg/250x188.webp,1070,71.06367211068877,4724,115
bcafbd27-9036-4913-98ec-d9fb017d7fb7,Volkswagen,Polo,Berline,PrivateSeller,7500,d,143652,05-2012,https://prod.pictures.autoscout24.net/listing-images/bcafbd27-9036-4913-98ec-d9fb017d7fb7_3f049c72-0e85-41ec-a511-653d199f98d0.jpg/250x188.webp,4000,118.53949006185148,3873,120
bfb9eebd-4a74-4476-9bef-b01e412c9f5e,Volkswagen,Golf GTI,Berline,PrivateSeller,7500,b,230000,08-2007,https://prod.pictures.autoscout24.net/listing-images/bfb9eebd-4a74-4476-9bef-b01e412c9f5e_e43a7347-efb8-4098-992e-0ba3bc64e937.jpg/250x188.webp,6880,181.68489756719438,5608,122
6d81d92a-0a5d-4488-80f7-bee2312c34d1,Volkswagen,Polo,Berline,PrivateSeller,7500,d,95000,07-2011,https://prod.pictures.autoscout24.net/listing-images/6d81d92a-0a5d-4488-80f7-bee2312c34d1_6318698a-e6ab-464a-8c70-f58d3f7c145b.jpg/250x188.webp,4610,126.04959809806367,4178,130
b6b0a829-6442-4c11-9e8d-9b5ef19a512d,Volkswagen,Touran,Monovolume,PrivateSeller,7500,d,217000,11-2011,https://prod.pictures.autoscout24.net/listing-images/b6b0a829-6442-4c11-9e8d-9b5ef19a512d_d7c57cb8-a646-40cf-a3fc-7a6b7f28815b.jpg/250x188.webp,1190,73.06612059240499,4055,130
9bfc922f-ebf6-4e12-b9a2-4c80fc5bead9,Volkswagen,Golf GTI,Berline,PrivateSeller,7500,b,245000,07-2006,https://prod.pictures.autoscout24.net/listing-images/9bfc922f-ebf6-4e12-b9a2-4c80fc5bead9_10106958-b326-48ff-95f6-424f397a7447.jpg/250x188.webp,1082,68.04437182438213,6004,130
1167db73-03c5-4501-a645-b756daf07a9a,Volkswagen,Touareg,SUV/4x4/Pick-up,PrivateSeller,7500,d,290000,02-2008,https://prod.pictures.autoscout24.net/listing-images/1167db73-03c5-4501-a645-b756daf07a9a_91d5fbb6-85ca-4347-91d7-f2c599f284f7.jpg/250x188.webp,8700,90.43310642675891,5424,132
6fecd198-3037-4e95-9cbd-9df401345c5b,Volkswagen,Touareg,SUV/4x4/Pick-up,PrivateSeller,7500,d,290000,02-2008,https://prod.pictures.autoscout24.net/listing-images/6fecd198-3037-4e95-9cbd-9df401345c5b_d4fe3502-3183-4c4c-9e4e-12be61ab7d99.jpg/250x188.webp,8700,90.43310642675891,5424,133
6cf81404-57cf-4e97-8221-d9b1e6a4bd39,Volkswagen,Caddy,Monovolume,PrivateSeller,7500,d,153400,02-2011,https://prod.pictures.autoscout24.net/listing-images/6cf81404-57cf-4e97-8221-d9b1e6a4bd39_558e0366-463b-4cd7-b9c9-aa9a57cd14b0.jpg/250x188.webp,4840,138.07709145022378,4328,134
53f528f0-8fb2-4453-a474-7ee5016fef2d,Volkswagen,Polo,Berline,PrivateSeller,7500,d,82356,12-2011,https://prod.pictures.autoscout24.net/listing-images/53f528f0-8fb2-4453-a474-7ee5016fef2d_ce76b8d3-4509-48da-b1a1-c42f8a6f9aed.jpg/250x188.webp,1080,69.57979227671277,4025,136
15942d6e-8579-489e-a493-c908b581b64d,Volkswagen,up!,Berline,Dealer,7500,b,75196,01-2014,https://prod.pictures.autoscout24.net/listing-images/15942d6e-8579-489e-a493-c908b581b64d_47f3e957-7ed2-4dbd-bce7-3f758043e7a7.jpg/250x188.webp,3150,57.64276308921818,3263,166
183ec5ad-4e5a-47ae-8714-dc89ef904b86,Volkswagen,Golf Cabriolet,Cabriolet,PrivateSeller,7500,b,152505,09-1990,https://prod.pictures.autoscout24.net/listing-images/183ec5ad-4e5a-47ae-8714-dc89ef904b86_9c8dd2dd-ec50-444e-ba31-06d24cd28419.jpg/250x188.webp,3670,86.86151890486535,11786,170
55432353-8eab-4d5f-b074-55eaf0b79bff,Volkswagen,up!,Stadswagen,Dealer,7500,c,99000,01-2014,https://prod.pictures.autoscout24.net/listing-images/55432353-8eab-4d5f-b074-55eaf0b79bff_3848c8b0-b8bc-4ab2-8ab3-2181623ea5da.jpg/250x188.webp,3670,86.86151890486535,3263,190
510a1def-8cbd-47c2-935c-78a15282da32,Volkswagen,Crafter,Bestelwagen,Dealer,7500,d,267500,07-2009,https://prod.pictures.autoscout24.net/listing-images/510a1def-8cbd-47c2-935c-78a15282da32_c4a8eca4-e2cf-4e3d-afd9-8c005e73e1b8.jpg/250x188.webp,1080,69.57979227671277,4908,206
a2b1f3a7-9573-41fe-9ab6-90b163fe8577,Volkswagen,Scirocco,Coupé,Dealer,7500,b,196281,09-2011,https://prod.pictures.autoscout24.net/listing-images/a2b1f3a7-9573-41fe-9ab6-90b163fe8577_0ef709a6-6160-4234-8265-dd8c5bc3b278.jpg/250x188.webp,3545,69.86186323279148,4116,245
d7775ddb-f65d-4154-b0fe-00866de5227d,Volkswagen,Golf GTI,Berline,Dealer,7500,b,216381,02-1987,https://prod.pictures.autoscout24.net/listing-images/d7775ddb-f65d-4154-b0fe-00866de5227d_8853826b-ff4f-4ec8-abb7-14e693842666.jpg/250x188.webp,1970,69.8972659895319,13094,804
25cfa4b9-2d4f-41b9-b8ab-23605fcc4388,Volkswagen,Polo,Berline,Dealer,7599,b,70000,10-2010,https://prod.pictures.autoscout24.net/listing-images/25cfa4b9-2d4f-41b9-b8ab-23605fcc4388_f3350240-42a0-4088-aa48-4e6c40039ec6.jpg/250x188.webp,1770,71.72306486218548,4451,39
7a74130f-52d5-42c5-8e67-cf7da1354249,Volkswagen,Golf Variant,Break,Dealer,7600,d,233000,08-2014,https://prod.pictures.autoscout24.net/listing-images/7a74130f-52d5-42c5-8e67-cf7da1354249_fc44e66c-47a3-4637-92ff-1298dcca247a.jpg/250x188.webp,4101,118.87833085700652,3051,7
342a88e9-6ae8-4786-b0b7-3cbd76957057,Volkswagen,Golf,Berline,Dealer,7600,b,149000,03-2011,https://prod.pictures.autoscout24.net/listing-images/342a88e9-6ae8-4786-b0b7-3cbd76957057_77777297-ecb3-4deb-9c34-97865925e86d.jpg/250x188.webp,9040,67.59494645605788,4300,7
0641bf22-1d6d-4a31-8e87-da34a3df7ba3,Volkswagen,Polo,Berline,Dealer,7600,b,98000,03-2013,https://prod.pictures.autoscout24.net/listing-images/0641bf22-1d6d-4a31-8e87-da34a3df7ba3_61bfa434-d24f-404a-864c-aeccc6e2c437.jpg/250x188.webp,1930,65.18883147641638,3569,113
6a9d2683-b4bb-423b-bdab-9efe2a5db3b5,Volkswagen,Passat,Berline,Dealer,7699,d,185404,02-2011,https://prod.pictures.autoscout24.net/listing-images/6a9d2683-b4bb-423b-bdab-9efe2a5db3b5_7e7a17ad-151f-472d-9e62-f8a572c4729c.jpg/250x188.webp,4460,114.8668906662163,4328,85
7cdfedae-b308-4001-8947-f09053e9cf66,Volkswagen,Golf Plus,Monovolume,Dealer,7700,d,112000,01-2011,https://prod.pictures.autoscout24.net/listing-images/7cdfedae-b308-4001-8947-f09053e9cf66_3751b74f-81ad-4250-a0de-16f36599a5d4.jpg/250x188.webp,8570,100.49126072839948,4359,66
4352dcc7-07d3-49a0-8465-fcaad29b1f13,Volkswagen,Scirocco,Coupé,Dealer,7700,b,154000,05-2009,https://prod.pictures.autoscout24.net/listing-images/4352dcc7-07d3-49a0-8465-fcaad29b1f13_d158ae47-74c3-45ee-99d7-c965ddd5fc67.jpg/250x188.webp,8930,119.0088533447813,4969,55
c5711da5-1ce7-4ffd-bbcd-60e3fbb1a68c,Volkswagen,Polo,Berline,Dealer,7700,b,75000,03-2010,https://prod.pictures.autoscout24.net/listing-images/c5711da5-1ce7-4ffd-bbcd-60e3fbb1a68c_f6583add-368c-4473-8c91-a0633a3c8032.jpg/250x188.webp,7390,121.56764290915724,4665,64
3ab8a76d-8fa5-47e8-a2ed-22f69de7b537,Volkswagen,Passat Variant,Break,PrivateSeller,7700,d,183700,12-2012,https://prod.pictures.autoscout24.net/listing-images/3ab8a76d-8fa5-47e8-a2ed-22f69de7b537_844115e1-58a2-490d-91e5-9a0ae0d46794.jpg/250x188.webp,1190,73.06612059240499,3659,65
c218b399-ab63-4ef9-9ab1-92905f02f958,Volkswagen,Passat,Berline,PrivateSeller,7700,d,159000,04-2010,https://prod.pictures.autoscout24.net/listing-images/c218b399-ab63-4ef9-9ab1-92905f02f958_23f17de2-f349-4f2e-b53b-80dd88412af3.jpg/250x188.webp,1020,66.36225311284039,4634,146
76967e90-603a-4027-bf36-cc0bcb95b834,Volkswagen,Golf,Berline,Dealer,7750,b,105000,11-2009,https://prod.pictures.autoscout24.net/listing-images/76967e90-603a-4027-bf36-cc0bcb95b834_b9df6e12-ce9f-43b8-b837-8bf08fb96d7d.jpg/250x188.webp,7080,124.84754400917438,4785,216
07a28349-01c4-4bff-ba64-7a577f6786d7,Volkswagen,Golf Variant,Break,Dealer,7750,d,166000,09-2012,https://prod.pictures.autoscout24.net/listing-images/07a28349-01c4-4bff-ba64-7a577f6786d7_a7c61f6c-5235-433f-9f96-2bf0a6551baa.jpg/250x188.webp,1770,71.72306486218548,3750,3
392e6cac-a8f8-425a-8341-625869f89b63,Volkswagen,Polo,Berline,Dealer,7750,b,81665,05-2011,https://prod.pictures.autoscout24.net/listing-images/392e6cac-a8f8-425a-8341-625869f89b63_8426c33e-1e2e-4e93-ab9a-89205597a477.jpg/250x188.webp,3210,67.87427407895998,4239,24
34bc15f9-1b52-4329-9377-91302520144e,Volkswagen,Polo,Berline,PrivateSeller,7750,b,79975,10-2013,https://prod.pictures.autoscout24.net/listing-images/34bc15f9-1b52-4329-9377-91302520144e_cfd94d63-2360-4e16-aff1-48a13e67be99.jpg/250x188.webp,3140,52.96009333344531,3355,17
a1027131-06fb-448a-832c-b71f39750772,Volkswagen,Polo,Berline,Dealer,7750,d,100000,05-2011,https://prod.pictures.autoscout24.net/listing-images/a1027131-06fb-448a-832c-b71f39750772_a65ec989-c41b-4153-8d46-2f42ca16597c.jpg/250x188.webp,6200,119.77990387531518,4239,36
98ce3469-289c-424a-874d-585e27dcd7de,Volkswagen,Touareg,SUV/4x4/Pick-up,Dealer,7750,d,230000,02-2007,https://prod.pictures.autoscout24.net/listing-images/98ce3469-289c-424a-874d-585e27dcd7de_e4fcf771-79c8-41f5-bb8b-2a826ef78df5.jpg/250x188.webp,3140,52.96009333344531,5789,53
1b67e85e-b822-44de-9204-4232f966213b,Volkswagen,Jetta,Andere,Dealer,7750,d,215000,11-2011,https://prod.pictures.autoscout24.net/listing-images/1b67e85e-b822-44de-9204-4232f966213b_13058f2d-d46c-4c43-9e5a-4f4bddb0832d.jpg/250x188.webp,3550,75.75580829789837,4055,58
5d919a62-8556-422e-ab5c-de48b328cad1,Volkswagen,Passat Variant,Break,Dealer,7750,d,193823,09-2013,https://prod.pictures.autoscout24.net/listing-images/5d919a62-8556-422e-ab5c-de48b328cad1_59cf4297-e12d-4681-8241-33099889cf49.jpg/250x188.webp,6250,115.60596353389253,3385,89
f6004b16-b56e-4b6d-82ac-aa35087cfd65,Volkswagen,Polo,Berline,PrivateSeller,7750,d,198114,01-2011,https://prod.pictures.autoscout24.net/listing-images/f6004b16-b56e-4b6d-82ac-aa35087cfd65_cb299012-02d0-43fe-9fbc-0bf915813955.jpg/250x188.webp,1325,85.97978805911903,4359,108
4900488c-5b33-4d41-baed-dff19be3c9d5,Volkswagen,Polo,Andere,Dealer,7777,b,110000,01-2010,https://prod.pictures.autoscout24.net/listing-images/4900488c-5b33-4d41-baed-dff19be3c9d5_f5714ba3-5f3e-4591-a3d2-9498d9176798.jpg/250x188.webp,1600,78.61296004280759,4724,41
d4c39ff9-45c7-4e05-8543-c36401b2217e,Volkswagen,Passat Variant,Break,PrivateSeller,7799,d,208000,11-2014,https://prod.pictures.autoscout24.net/listing-images/d4c39ff9-45c7-4e05-8543-c36401b2217e_04fcbf2e-04d2-4ef4-8292-b1aafd8622fb.jpg/250x188.webp,9300,66.4098627619792,2959,61
8921018a-61e0-46b2-b38d-6161cf3c3ec0,Volkswagen,Polo,Berline,PrivateSeller,7800,b,42834,04-2010,https://prod.pictures.autoscout24.net/listing-images/8921018a-61e0-46b2-b38d-6161cf3c3ec0_8392d016-3aa3-420e-a069-4899e0ec20f0.jpg/250x188.webp,3040,76.48470542920033,4634,2
cb3d04d3-b651-4bf1-9298-13fbe9cfac96,Volkswagen,Golf,Berline,Dealer,7800,d,196000,06-2013,https://prod.pictures.autoscout24.net/listing-images/cb3d04d3-b651-4bf1-9298-13fbe9cfac96_04eba881-8135-475d-99c7-0378bf8509d9.jpg/250x188.webp,1701,71.6952835993001,3477,13
ee51cc4e-1486-4c74-970b-313564ce1059,Volkswagen,Jetta,Berline,PrivateSeller,7800,b,154000,11-2013,https://prod.pictures.autoscout24.net/listing-images/ee51cc4e-1486-4c74-970b-313564ce1059_75698122-cd2c-4f15-a673-79001d0a9efe.jpg/250x188.webp,1090,66.80320352454842,3324,15
88481082-d8d6-4038-a323-79c0fa723691,Volkswagen,Jetta,Berline,PrivateSeller,7800,d,224000,05-2014,https://prod.pictures.autoscout24.net/listing-images/88481082-d8d6-4038-a323-79c0fa723691_bde6024d-81a6-477c-98f5-8d993f8f2fc5.jpg/250x188.webp,9700,89.684350539887,3143,19
2f4607f0-1fe4-4555-9499-b8ce2780cc8d,Volkswagen,Tiguan,SUV/4x4/Pick-up,Dealer,7800,d,255000,12-2010,https://prod.pictures.autoscout24.net/listing-images/2f4607f0-1fe4-4555-9499-b8ce2780cc8d_35f028b7-43ac-45b3-97c0-2c72132f0ba1.jpg/250x188.webp,4020,121.60247278825214,4390,20
189d0308-9b8d-4784-a95e-5a4134af7a83,Volkswagen,Touran,Monovolume,PrivateSeller,7800,b,212000,10-2011,https://prod.pictures.autoscout24.net/listing-images/189d0308-9b8d-4784-a95e-5a4134af7a83_b331fc97-3c2d-42d9-a814-2864aec61cf9.jpg/250x188.webp,1070,71.06367211068877,4086,21
2b31a2a2-61e7-40b8-a034-14708bb1944b,Volkswagen,Golf,Berline,PrivateSeller,7800,d,206000,11-2009,https://prod.pictures.autoscout24.net/listing-images/2b31a2a2-61e7-40b8-a034-14708bb1944b_5dfda929-32cc-433f-b37d-7a7d449b14c8.jpg/250x188.webp,1560,77.903290978219,4785,23
202ca1b9-07e1-4369-868b-e9f661bac95d,Volkswagen,Touran,Monovolume,PrivateSeller,7800,d,220000,09-2011,https://prod.pictures.autoscout24.net/listing-images/202ca1b9-07e1-4369-868b-e9f661bac95d_e45cc8bc-3a39-4295-8582-9a790e6e889d.jpg/250x188.webp,1000,69.17270624549755,4116,38
c724105b-ca1b-4fc5-b8bd-13ddd77fffb7,Volkswagen,T3,Andere,PrivateSeller,7800,d,153000,05-1988,https://prod.pictures.autoscout24.net/listing-images/c724105b-ca1b-4fc5-b8bd-13ddd77fffb7_d48ea2b1-3c83-4127-9484-f75303248ac3.jpg/250x188.webp,6730,211.18951684231817,12639,52
c8f8247b-de03-4d0b-a2fc-336c30123144,Volkswagen,Golf,Berline,PrivateSeller,7800,b,155000,03-2010,https://prod.pictures.autoscout24.net/listing-images/c8f8247b-de03-4d0b-a2fc-336c30123144_7e5ae012-ef08-40ca-b72c-dcbf7fe913c7.jpg/250x188.webp,1210,68.61361841336421,4665,64
bddcf57a-64b6-4c59-baf7-38d1c49e6393,Volkswagen,Sharan,Monovolume,PrivateSeller,7800,d,160000,01-2014,https://prod.pictures.autoscout24.net/listing-images/bddcf57a-64b6-4c59-baf7-38d1c49e6393_f920af3f-45bb-46b8-9d71-317b3fb59d86.jpg/250x188.webp,1030,66.85598932704684,3263,86
a79e541d-a6a5-49c8-9798-d04eed9df420,Volkswagen,Passat Variant,Break,PrivateSeller,7800,d,222333,01-2013,https://prod.pictures.autoscout24.net/listing-images/a79e541d-a6a5-49c8-9798-d04eed9df420_29400152-8a9e-491f-9a2a-8e4e113eb030.jpg/250x188.webp,9661,89.23947971035582,3628,147
b050b68c-0752-4db4-a640-11a8ce42eab7,Volkswagen,Golf,Berline,Dealer,7850,d,116673,12-2011,https://prod.pictures.autoscout24.net/listing-images/b050b68c-0752-4db4-a640-11a8ce42eab7_f360ab36-7d99-4ca5-bafa-f91cf2a3c6d1.jpg/250x188.webp,3090,77.24958296507762,4025,47
c05a823b-8236-4f59-9aa6-55c68209342c,Volkswagen,Polo,Stadswagen,Dealer,7850,b,91581,03-2012,https://prod.pictures.autoscout24.net/listing-images/c05a823b-8236-4f59-9aa6-55c68209342c_692fe720-65e0-42b7-a2d0-b4c2dca92b8b.jpg/250x188.webp,1000,69.17270624549755,3934,9
aac387cc-5d37-48f3-9e0c-3c52b85a4b11,Volkswagen,Polo,Berline,Dealer,7850,b,127000,08-2011,https://prod.pictures.autoscout24.net/listing-images/aac387cc-5d37-48f3-9e0c-3c52b85a4b11_4588da85-ef60-4827-bad8-6b38edde8361.jpg/250x188.webp,8520,107.45339579517565,4147,103
910245ac-651f-43d5-add6-003ab31f66ad,Volkswagen,Golf GTI,Berline,PrivateSeller,7850,b,220000,12-2006,https://prod.pictures.autoscout24.net/listing-images/910245ac-651f-43d5-add6-003ab31f66ad_303675e0-c361-4fc1-85c6-e6814f922079.jpg/250x188.webp,4680,117.16819648416717,5851,155
70b5af36-ddb8-431f-8535-4846cdbe8016,Volkswagen,Golf Cabriolet,Cabriolet,Dealer,7900,d,270000,04-2014,https://prod.pictures.autoscout24.net/listing-images/70b5af36-ddb8-431f-8535-4846cdbe8016_16434a78-5d67-4d74-beef-cd13fd335b23.jpg/250x188.webp,1070,71.06367211068877,3173,95
5f600e79-2a7d-4a28-8ba0-5d6e4c009918,Volkswagen,up!,Berline,Dealer,7900,b,56000,11-2012,https://prod.pictures.autoscout24.net/listing-images/5f600e79-2a7d-4a28-8ba0-5d6e4c009918_b0dc7b79-e2ea-4273-8abf-795a1d0b41af.jpg/250x188.webp,4431,114.8123410724686,3689,12
65f498e3-00c8-4686-92ef-4b216a33f47a,Volkswagen,Polo,Berline,Dealer,7900,b,108000,03-2014,https://prod.pictures.autoscout24.net/listing-images/65f498e3-00c8-4686-92ef-4b216a33f47a_ab3bf33f-64fa-494e-9e9b-dcac86d40fa9.jpg/250x188.webp,7033,120.92234590410432,3204,21
af4c1cdc-1db2-4b7f-901a-4e8620f26cac,Volkswagen,Touran,Break,Dealer,7900,b,75000,08-2009,https://prod.pictures.autoscout24.net/listing-images/af4c1cdc-1db2-4b7f-901a-4e8620f26cac_44267996-6dfb-467c-bc6d-f284c4a65ab5.jpg/250x188.webp,9200,55.33414746561007,4877,25
4cc08958-bb07-4034-90bf-e2fe094d0832,Volkswagen,Scirocco,Coupé,Dealer,7900,d,189000,11-2009,https://prod.pictures.autoscout24.net/listing-images/4cc08958-bb07-4034-90bf-e2fe094d0832_fa869ce9-c426-4bc0-9ba8-a5c0b12a11bc.jpg/250x188.webp,1602,75.23922327931528,4785,27
a8138f38-bc27-4d8a-bf24-0f54cae4a171,Volkswagen,Caddy,Bestelwagen,PrivateSeller,7900,d,191000,03-2014,https://prod.pictures.autoscout24.net/listing-images/a8138f38-bc27-4d8a-bf24-0f54cae4a171_23f40d6c-fdb3-47c3-ac8f-ecdaa4c33421.jpg/250x188.webp,2830,45.04397020411872,3204,40
6c203a86-daf7-4e9a-9c10-7be12757a6b0,Volkswagen,Passat Variant,Break,PrivateSeller,7900,d,164000,01-2011,https://prod.pictures.autoscout24.net/listing-images/6c203a86-daf7-4e9a-9c10-7be12757a6b0_319ea1a5-5653-49b3-b496-0529c8ce9494.jpg/250x188.webp,7390,121.56764290915724,4359,85
e726a550-fd1a-4b40-9af5-97de033cb86e,Volkswagen,Eos,Cabriolet,PrivateSeller,7900,d,123000,04-2009,https://prod.pictures.autoscout24.net/listing-images/e726a550-fd1a-4b40-9af5-97de033cb86e_796f73f4-0698-47cb-90a6-bd6bda63e521.jpg/250x188.webp,4701,143.10788204032386,4999,100
1adb98f3-db59-4fd5-b8f2-8d16095395f6,Volkswagen,Caddy,Bestelwagen,Dealer,7900,d,265000,07-2016,https://prod.pictures.autoscout24.net/listing-images/1adb98f3-db59-4fd5-b8f2-8d16095395f6_63f5fc94-1fde-49a7-8858-168c1e233a5f.jpg/250x188.webp,9100,39.90739495574749,2351,119
99aaec01-287b-43d3-9e6f-7b65b4e9d28b,Volkswagen,Golf Plus,Monovolume,PrivateSeller,7950,b,145000,03-2012,https://prod.pictures.autoscout24.net/listing-images/99aaec01-287b-43d3-9e6f-7b65b4e9d28b_e1a7cd81-b8ee-4a6f-9af6-c87c2d17c959.jpg/250x188.webp,1933,67.42863651453277,3934,1
7719a629-2dab-4613-8eb9-e230fa214b9c,Volkswagen,up!,Berline,Dealer,7950,b,55000,11-2017,https://prod.pictures.autoscout24.net/listing-images/7719a629-2dab-4613-8eb9-e230fa214b9c_334427bc-ed26-4ee4-90ac-2f6815d028ac.jpg/250x188.webp,5100,120.21149902452048,1863,1
81bdfcca-67e0-4b2c-9ce6-ff792dba8514,Volkswagen,Golf GTI,Berline,PrivateSeller,7950,b,248000,05-2008,https://prod.pictures.autoscout24.net/listing-images/81bdfcca-67e0-4b2c-9ce6-ff792dba8514_850e8353-77dc-4bee-825c-07bdc22d71da.jpg/250x188.webp,3500,86.84432103923942,5334,7
5e4af264-093f-4030-8f9c-26f38ea2a275,Volkswagen,Golf,Berline,Dealer,7950,d,88000,07-2008,https://prod.pictures.autoscout24.net/listing-images/5e4af264-093f-4030-8f9c-26f38ea2a275_4a8a35d9-3413-4576-9f0a-1569a30a9663.jpg/250x188.webp,1930,65.18883147641638,5273,7
78c1153d-28fb-4c1e-9eff-081777fe2f47,Volkswagen,Polo,Berline,Dealer,7950,b,75000,01-2011,https://prod.pictures.autoscout24.net/listing-images/78c1153d-28fb-4c1e-9eff-081777fe2f47_73a19645-86e8-4c66-8126-4844e0814fb5.jpg/250x188.webp,2800,49.170515286575046,4359,8
c4bcc340-b375-4d0f-bf93-0058679571ff,Volkswagen,Touran,Monovolume,PrivateSeller,7950,d,220000,03-2011,https://prod.pictures.autoscout24.net/listing-images/c4bcc340-b375-4d0f-bf93-0058679571ff_275665e6-434b-41fa-9971-41de1d3f1233.jpg/250x188.webp,6000,117.49014599385939,4300,8
39c84b97-f360-4b92-8862-dda542081416,Volkswagen,Touran,Monovolume,Dealer,7950,d,162626,11-2010,https://prod.pictures.autoscout24.net/listing-images/39c84b97-f360-4b92-8862-dda542081416_dffb1642-f431-4061-9db3-103bdb646ed7.jpg/250x188.webp,6250,115.60596353389253,4420,9
bafb6368-0c6a-4647-97b6-e51ab9a686fa,Volkswagen,Touran,Monovolume,Dealer,7950,d,239500,02-2013,https://prod.pictures.autoscout24.net/listing-images/bafb6368-0c6a-4647-97b6-e51ab9a686fa_4026cdbe-2107-4ac6-b1c2-f1d682414757.jpg/250x188.webp,4000,118.53949006185148,3597,10
0de0516e-87e6-4e20-b2ce-5acda54cbce5,Volkswagen,T5 Transporter,Bestelwagen,PrivateSeller,7950,d,200000,12-2011,https://prod.pictures.autoscout24.net/listing-images/0de0516e-87e6-4e20-b2ce-5acda54cbce5_b55c8ee3-78a8-475b-9f63-a5445252b0db.jpg/250x188.webp,1090,66.80320352454842,4025,29
55808889-471f-4760-9ea8-81e96161cc1f,Volkswagen,Touran,Andere,Dealer,7950,d,165000,10-2011,https://prod.pictures.autoscout24.net/listing-images/55808889-471f-4760-9ea8-81e96161cc1f_ed563223-0383-462d-99d8-2d3bda699d94.jpg/250x188.webp,6200,119.77990387531518,4086,48
a454e51d-e39d-4466-a63e-5e079fa03f2a,Volkswagen,Polo,Berline,Dealer,7950,d,169536,01-2013,https://prod.pictures.autoscout24.net/listing-images/a454e51d-e39d-4466-a63e-5e079fa03f2a_c425d121-f04b-432c-b95f-a4ac52c7e0a5.jpg/250x188.webp,5070,122.22662855592974,3628,61
3c185f6b-530b-4565-b8f0-80f2cce72163,Volkswagen,Sharan,Monovolume,Dealer,7950,d,245831,10-2011,https://prod.pictures.autoscout24.net/listing-images/3c185f6b-530b-4565-b8f0-80f2cce72163_bd626460-d98b-47fd-aa76-9ba27800e2cc.jpg/250x188.webp,6061,117.55452099458994,4086,63
63edf89f-f7b6-4ec4-84be-a5b68e1d5f95,Volkswagen,T5 Caravelle,Monovolume,PrivateSeller,7950,d,247000,09-2006,https://prod.pictures.autoscout24.net/listing-images/63edf89f-f7b6-4ec4-84be-a5b68e1d5f95_43b8ed89-0e7d-43a3-8980-688fd435213e.jpg/250x188.webp,2050,27.94913546724415,5942,76
2fa194fe-cf83-4dd7-a71e-5819d009e1c0,Volkswagen,Touran,Monovolume,PrivateSeller,7950,d,226000,09-2012,https://prod.pictures.autoscout24.net/listing-images/2fa194fe-cf83-4dd7-a71e-5819d009e1c0_e718350f-9185-4d7b-baa6-d6d396d6301d.jpg/250x188.webp,1090,66.80320352454842,3750,73
8ac34b33-592e-4a95-bee2-4b813b1ad00f,Volkswagen,Passat Variant,Break,PrivateSeller,7950,d,226000,12-2012,https://prod.pictures.autoscout24.net/listing-images/8ac34b33-592e-4a95-bee2-4b813b1ad00f_3bbdadb1-5e04-40b2-bbc1-158ae39e6f02.jpg/250x188.webp,1070,71.06367211068877,3659,84
6d3cfc57-4e50-4990-89ea-c2351884a48b,Volkswagen,Polo,Berline,Dealer,7950,d,105000,07-2012,https://prod.pictures.autoscout24.net/listing-images/6d3cfc57-4e50-4990-89ea-c2351884a48b_1a3741ec-016a-485c-b58c-0ba0fc2a0c33.jpg/250x188.webp,9790,94.2233290400282,3812,94
851f6cb3-e443-4ec2-8e4a-69e69e959f62,Volkswagen,Passat Variant,Break,Dealer,7950,d,235000,11-2012,https://prod.pictures.autoscout24.net/listing-images/851f6cb3-e443-4ec2-8e4a-69e69e959f62_38237151-ac7e-4516-addd-b130c13e130c.jpg/250x188.webp,4520,112.57318942534252,3689,188
a7f4a69e-2662-4e07-800c-3cfa7d59aa89,Volkswagen,Caddy,Bestelwagen,Dealer,7950,d,157812,02-2012,https://prod.pictures.autoscout24.net/listing-images/a7f4a69e-2662-4e07-800c-3cfa7d59aa89_772393ea-7a8f-48d2-9889-f7c878ea1ec8.jpg/250x188.webp,6250,115.60596353389253,3963,289
77ab5425-8d4c-4e26-987f-a29e2d583099,Volkswagen,Polo,Berline,Dealer,7960,b,97108,06-2013,https://prod.pictures.autoscout24.net/listing-images/77ab5425-8d4c-4e26-987f-a29e2d583099_4755d99a-e796-4a7d-83ac-0a37c6d70cf4.jpg/250x188.webp,1930,65.18883147641638,3477,3
d9b02f89-b384-4b4a-b72d-167e0d84ac87,Volkswagen,Golf Plus,Monovolume,PrivateSeller,7970,b,133450,12-2013,https://prod.pictures.autoscout24.net/listing-images/d9b02f89-b384-4b4a-b72d-167e0d84ac87_b360164a-329c-416f-bc17-2cfde7868e92.jpg/250x188.webp,4000,118.53949006185148,3294,91
9fbef8d0-48f4-4198-9f95-21dd77b3af3f,Volkswagen,Polo,Berline,Dealer,7990,b,113000,01-2010,https://prod.pictures.autoscout24.net/listing-images/9fbef8d0-48f4-4198-9f95-21dd77b3af3f_5f1d56f5-d479-4bb2-b4a5-64c98f338f47.jpg/250x188.webp,7012,120.36322565219064,4724,3
73507d4b-ba7f-4b43-ba1c-adde84aadd50,Volkswagen,Golf Plus,Monovolume,Dealer,7990,b,118849,04-2012,https://prod.pictures.autoscout24.net/listing-images/73507d4b-ba7f-4b43-ba1c-adde84aadd50_f8052fcf-e3dd-40c1-84c7-4d6b0767c187.jpg/250x188.webp,6180,111.8460773215552,3903,0
ec059191-355d-47b6-8a43-35195476ffc4,Volkswagen,Polo,Berline,Dealer,7990,b,142000,03-2017,https://prod.pictures.autoscout24.net/listing-images/ec059191-355d-47b6-8a43-35195476ffc4_137c9342-e8c7-45f8-8738-8f997785aa62.jpg/250x188.webp,6560,131.1094961268063,2108,2
97dcdd64-b645-4560-a1a4-3fec40575868,Volkswagen,Polo,Berline,PrivateSeller,7990,d,92000,01-2013,https://prod.pictures.autoscout24.net/listing-images/97dcdd64-b645-4560-a1a4-3fec40575868_fedfbc17-2ca3-489d-9bc2-a0c79db58331.jpg/250x188.webp,1200,69.44150665917473,3628,11
03e6d38b-e060-4b2a-a710-97eceb7c5968,Volkswagen,Golf,Break,Dealer,7990,d,124480,05-2012,https://prod.pictures.autoscout24.net/listing-images/03e6d38b-e060-4b2a-a710-97eceb7c5968_d0f1829b-4845-4935-905e-970b0f08efb0.jpg/250x188.webp,1000,69.17270624549755,3873,9
a71353a4-d52d-4327-8093-1b9135c35dbd,Volkswagen,Golf,Stadswagen,Dealer,7990,b,97219,05-2008,https://prod.pictures.autoscout24.net/listing-images/a71353a4-d52d-4327-8093-1b9135c35dbd_03711d74-8066-4802-93a4-a25b9229b811.jpg/250x188.webp,6150,118.77654030835686,5334,14
c445e1b7-153a-4007-8bb2-ae50ea13ca0a,Volkswagen,Jetta,Berline,Dealer,7990,b,150000,05-2011,https://prod.pictures.autoscout24.net/listing-images/c445e1b7-153a-4007-8bb2-ae50ea13ca0a_8c246c57-9829-434a-a5d1-904552cbd42a.jpg/250x188.webp,6200,119.77990387531518,4239,16
f57e09f3-4146-4a06-92e3-173ca1709902,Volkswagen,Polo,Berline,Dealer,7990,b,38000,06-2012,https://prod.pictures.autoscout24.net/listing-images/f57e09f3-4146-4a06-92e3-173ca1709902_5b04d797-8adb-4247-9663-4be739691215.jpg/250x188.webp,3071,63.331240175135186,3842,26
54491346-71cc-4cc6-a62c-650957d6324e,Volkswagen,New Beetle,Cabriolet,Dealer,7990,d,112456,08-2005,https://prod.pictures.autoscout24.net/listing-images/54491346-71cc-4cc6-a62c-650957d6324e_74874602-2848-49ff-a683-1917642e5066.jpg/250x188.webp,6061,117.55452099458994,6338,44
aa527627-2322-44d1-a69e-b355928845e9,Volkswagen,Golf,Berline,Dealer,7990,d,47000,11-2006,https://prod.pictures.autoscout24.net/listing-images/aa527627-2322-44d1-a69e-b355928845e9_92c69be7-d314-4002-a081-e08c21692692.jpg/250x188.webp,6220,109.54249226439103,5881,49
193584c4-a3a5-4171-ae25-f1faf6547a8b,Volkswagen,Golf,Andere,Dealer,7990,d,109787,10-2009,https://prod.pictures.autoscout24.net/listing-images/193584c4-a3a5-4171-ae25-f1faf6547a8b_64659ad7-85a8-4ea1-a325-6bf0629bddc7.jpg/250x188.webp,6200,119.77990387531518,4816,51
e13b8453-f97e-432a-9839-5afc4e30983c,Volkswagen,Polo,Berline,Dealer,7990,d,148963,12-2010,https://prod.pictures.autoscout24.net/listing-images/e13b8453-f97e-432a-9839-5afc4e30983c_60543341-dcb2-402c-933a-f91164f92147.jpg/250x188.webp,9170,33.22587252494208,4390,85
c800a9f2-1371-40d3-b5d6-ec9364115263,Volkswagen,Polo,Berline,Dealer,7990,d,115585,09-2012,https://prod.pictures.autoscout24.net/listing-images/c800a9f2-1371-40d3-b5d6-ec9364115263_be102cec-e0d2-43eb-a5d1-973f76878e44.jpg/250x188.webp,7130,117.49117131592739,3750,90
887d081e-8812-428b-b45f-8d892cb65555,Volkswagen,Polo,Berline,Dealer,7990,d,171375,07-2013,https://prod.pictures.autoscout24.net/listing-images/887d081e-8812-428b-b45f-8d892cb65555_a8d807ee-87d8-4d6a-bbdb-8d662f9c6de6.jpg/250x188.webp,6200,119.77990387531518,3447,107
0c8008fc-5d42-4920-af35-3beace6c6486,Volkswagen,Golf,Berline,Dealer,7995,b,92000,06-2012,https://prod.pictures.autoscout24.net/listing-images/0c8008fc-5d42-4920-af35-3beace6c6486_6a63d15b-9e7c-4368-b343-677ddbc8f922.jpg/250x188.webp,3293,66.36914770919772,3842,9
816d081b-2698-4185-977a-f3cc3ccfc75b,Volkswagen,Caddy,Bestelwagen,Dealer,7999,d,69185,01-2011,https://prod.pictures.autoscout24.net/listing-images/816d081b-2698-4185-977a-f3cc3ccfc75b_a28f537a-43b1-4de2-901a-9adf45a9a061.jpg/250x188.webp,9270,62.72467041152718,4359,3
8b8b0156-df05-4ec1-8dda-cade8e57f9a1,Volkswagen,Polo,Berline,Dealer,7999,d,105000,08-2013,https://prod.pictures.autoscout24.net/listing-images/8b8b0156-df05-4ec1-8dda-cade8e57f9a1_35173438-9e45-4990-9700-194c602c943d.jpg/250x188.webp,6010,119.70351809317113,3416,3
016ba5bd-497b-4fec-9f42-9979ebd87a54,Volkswagen,Polo Cross,Berline,PrivateSeller,7999,d,125000,04-2013,https://prod.pictures.autoscout24.net/listing-images/016ba5bd-497b-4fec-9f42-9979ebd87a54_a708f073-0a24-4228-b171-3160aaceeb62.jpg/250x188.webp,3920,64.30712183830964,3538,7
a30009d8-0ed2-474a-b882-ba789d1b3491,Volkswagen,Golf Cabriolet,Cabriolet,Dealer,7999,d,210100,10-2011,https://prod.pictures.autoscout24.net/listing-images/a30009d8-0ed2-474a-b882-ba789d1b3491_feef2e83-7a99-44d6-90f3-b7928ff661cd.jpg/250x188.webp,4101,118.87833085700652,4086,8
78154c3d-39d0-472e-b377-4577c0af2f9b,Volkswagen,Polo,Berline,PrivateSeller,7999,d,149000,09-2012,https://prod.pictures.autoscout24.net/listing-images/78154c3d-39d0-472e-b377-4577c0af2f9b_bedf34aa-66e9-4c30-8898-759ee6315c55.jpg/250x188.webp,4960,157.83179397169627,3750,9
ff29c8df-9143-4258-8dff-a782186c8fa9,Volkswagen,Golf Variant,Break,Dealer,7999,b,88034,08-2009,https://prod.pictures.autoscout24.net/listing-images/ff29c8df-9143-4258-8dff-a782186c8fa9_3b51b1e7-b66d-4778-b88d-e1825e9ce587.jpg/250x188.webp,2500,38.36429357421789,4877,9
0cccd9c6-9c28-49a2-9f23-214897f848b6,Volkswagen,Caddy,Monovolume,Dealer,7999,d,117528,08-2016,https://prod.pictures.autoscout24.net/listing-images/0cccd9c6-9c28-49a2-9f23-214897f848b6_2ef24bcb-6be2-41f0-a4a4-e0e424b8c0bd.jpg/250x188.webp,1820,61.11806276432271,2320,10
2fe12b5e-ac7b-4513-8ee0-989b73d354b0,Volkswagen,Polo,Berline,PrivateSeller,7999,d,149000,09-2012,https://prod.pictures.autoscout24.net/listing-images/2fe12b5e-ac7b-4513-8ee0-989b73d354b0_5dc21150-2437-4c82-9f21-6fa1d69c0bd9.jpg/250x188.webp,4960,157.83179397169627,3750,14
75786b42-2d76-4d41-8b42-9705fc68e7c7,Volkswagen,up!,Berline,Dealer,7999,o,79000,12-2018,https://prod.pictures.autoscout24.net/listing-images/75786b42-2d76-4d41-8b42-9705fc68e7c7_e1aaadb5-947f-4312-a076-8a5f5ae30558.jpg/250x188.webp,1120,62.742598438003384,1468,31
816d081b-2698-4185-977a-f3cc3ccfc75b,Volkswagen,Caddy,Bestelwagen,Dealer,7999,d,69185,01-2011,https://prod.pictures.autoscout24.net/listing-images/816d081b-2698-4185-977a-f3cc3ccfc75b_a28f537a-43b1-4de2-901a-9adf45a9a061.jpg/250x188.webp,9270,62.72467041152718,4359,3
8b8b0156-df05-4ec1-8dda-cade8e57f9a1,Volkswagen,Polo,Berline,Dealer,7999,d,105000,08-2013,https://prod.pictures.autoscout24.net/listing-images/8b8b0156-df05-4ec1-8dda-cade8e57f9a1_35173438-9e45-4990-9700-194c602c943d.jpg/250x188.webp,6010,119.70351809317113,3416,3
016ba5bd-497b-4fec-9f42-9979ebd87a54,Volkswagen,Polo Cross,Berline,PrivateSeller,7999,d,125000,04-2013,https://prod.pictures.autoscout24.net/listing-images/016ba5bd-497b-4fec-9f42-9979ebd87a54_a708f073-0a24-4228-b171-3160aaceeb62.jpg/250x188.webp,3920,64.30712183830964,3538,7
a30009d8-0ed2-474a-b882-ba789d1b3491,Volkswagen,Golf Cabriolet,Cabriolet,Dealer,7999,d,210100,10-2011,https://prod.pictures.autoscout24.net/listing-images/a30009d8-0ed2-474a-b882-ba789d1b3491_feef2e83-7a99-44d6-90f3-b7928ff661cd.jpg/250x188.webp,4101,118.87833085700652,4086,8
78154c3d-39d0-472e-b377-4577c0af2f9b,Volkswagen,Polo,Berline,PrivateSeller,7999,d,149000,09-2012,https://prod.pictures.autoscout24.net/listing-images/78154c3d-39d0-472e-b377-4577c0af2f9b_bedf34aa-66e9-4c30-8898-759ee6315c55.jpg/250x188.webp,4960,157.83179397169627,3750,9
ff29c8df-9143-4258-8dff-a782186c8fa9,Volkswagen,Golf Variant,Break,Dealer,7999,b,88034,08-2009,https://prod.pictures.autoscout24.net/listing-images/ff29c8df-9143-4258-8dff-a782186c8fa9_3b51b1e7-b66d-4778-b88d-e1825e9ce587.jpg/250x188.webp,2500,38.36429357421789,4877,9
0cccd9c6-9c28-49a2-9f23-214897f848b6,Volkswagen,Caddy,Monovolume,Dealer,7999,d,117528,08-2016,https://prod.pictures.autoscout24.net/listing-images/0cccd9c6-9c28-49a2-9f23-214897f848b6_2ef24bcb-6be2-41f0-a4a4-e0e424b8c0bd.jpg/250x188.webp,1820,61.11806276432271,2320,10
2fe12b5e-ac7b-4513-8ee0-989b73d354b0,Volkswagen,Polo,Berline,PrivateSeller,7999,d,149000,09-2012,https://prod.pictures.autoscout24.net/listing-images/2fe12b5e-ac7b-4513-8ee0-989b73d354b0_5dc21150-2437-4c82-9f21-6fa1d69c0bd9.jpg/250x188.webp,4960,157.83179397169627,3750,14
75786b42-2d76-4d41-8b42-9705fc68e7c7,Volkswagen,up!,Berline,Dealer,7999,o,79000,12-2018,https://prod.pictures.autoscout24.net/listing-images/75786b42-2d76-4d41-8b42-9705fc68e7c7_e1aaadb5-947f-4312-a076-8a5f5ae30558.jpg/250x188.webp,1120,62.742598438003384,1468,31
5faf78d7-8108-4967-a1de-78cbf05c8d57,Volkswagen,Caddy,Monovolume,Dealer,7999,b,200336,04-2013,https://prod.pictures.autoscout24.net/listing-images/5faf78d7-8108-4967-a1de-78cbf05c8d57_a97186c4-e048-4a93-8537-ca08ecf15b2d.jpg/250x188.webp,8791,102.62748120507626,3538,111
9fe08bcc-fc7f-466c-ae62-fb105b8cc7f2,Volkswagen,Scirocco,Coupé,PrivateSeller,7999,b,171085,06-2009,https://prod.pictures.autoscout24.net/listing-images/9fe08bcc-fc7f-466c-ae62-fb105b8cc7f2_55eda0b8-5944-4dde-9d1a-c8787c3c55ad.jpg/250x188.webp,2000,27.94913546724415,4938,114
61729c6e-ec84-4105-b600-e6c0267cc3d7,Volkswagen,T5,Bestelwagen,Dealer,7999,d,198000,02-2008,https://prod.pictures.autoscout24.net/listing-images/61729c6e-ec84-4105-b600-e6c0267cc3d7_7714b7f6-fead-44f3-8b73-ebeb6bf84a13.jpg/250x188.webp,6250,115.60596353389253,5424,162
3772ea87-45df-4974-b3bd-27b279cde7e0,Volkswagen,Golf,Berline,Dealer,7999,d,162000,06-2003,https://prod.pictures.autoscout24.net/listing-images/3772ea87-45df-4974-b3bd-27b279cde7e0_fa7b0b89-43d6-4c8e-acb0-828e7eee087a.jpg/250x188.webp,6700,222.44484417522085,7130,447
d74b3166-ab51-431d-ac04-ea50c1489b1d,Volkswagen,Golf,Berline,PrivateSeller,8000,d,200000,12-2014,https://prod.pictures.autoscout24.net/listing-images/d74b3166-ab51-431d-ac04-ea50c1489b1d_519bc46a-852a-41f0-8b19-ed06e97bd106.jpg/250x188.webp,9401,79.24657789364159,2929,5
263f0df1-9ee0-4431-9cbd-cb25708d5867,Volkswagen,Passat CC,Berline,PrivateSeller,8000,d,133000,12-2009,https://prod.pictures.autoscout24.net/listing-images/263f0df1-9ee0-4431-9cbd-cb25708d5867_bc4663ff-b473-491b-873c-3d244711177a.jpg/250x188.webp,5000,115.13665852422378,4755,4
63ff5e94-4ebd-4f7b-991c-28be19618ed9,Volkswagen,Golf,Berline,PrivateSeller,8000,d,200000,12-2014,https://prod.pictures.autoscout24.net/listing-images/63ff5e94-4ebd-4f7b-991c-28be19618ed9_24e9ee63-4aac-47d3-8a18-935225b7ba7b.jpg/250x188.webp,9401,79.24657789364159,2929,5
e1d66284-f01d-432a-a87c-852b102a0fca,Volkswagen,Golf,Berline,PrivateSeller,8000,d,238000,02-2011,https://prod.pictures.autoscout24.net/listing-images/e1d66284-f01d-432a-a87c-852b102a0fca_5469c440-fcd1-4536-adfc-2d92849dd442.jpg/250x188.webp,4800,137.3735948615729,4328,8
9074227d-bd81-4b69-b461-e43ed6b13f5f,Volkswagen,up!,Coupé,Dealer,8000,b,37000,02-2016,https://prod.pictures.autoscout24.net/listing-images/9074227d-bd81-4b69-b461-e43ed6b13f5f_105c500c-5244-42b4-bceb-936880deb109.jpg/250x188.webp,6700,222.44484417522085,2502,7
0bb5c43e-fcfe-49ce-9bdc-a73fa95c1c39,Volkswagen,Touran,Monovolume,Dealer,8000,c,166642,05-2014,https://prod.pictures.autoscout24.net/listing-images/0bb5c43e-fcfe-49ce-9bdc-a73fa95c1c39_b822dd54-5108-4acc-8637-0022c4ab6477.jpg/250x188.webp,1600,78.61296004280759,3143,11
4badb6e2-5908-420c-b7c6-6e431ddaf99e,Volkswagen,T4 Caravelle,Monovolume,PrivateSeller,8000,b,268500,10-2000,https://prod.pictures.autoscout24.net/listing-images/4badb6e2-5908-420c-b7c6-6e431ddaf99e_07281fed-e71d-49e7-b40c-3270fdbe07a3.jpg/250x188.webp,2530,34.318371835623395,8103,12
b3cdd687-b2c9-40a1-9c51-cd2e95b1aaea,Volkswagen,Golf,Berline,PrivateSeller,8000,b,200000,11-2009,https://prod.pictures.autoscout24.net/listing-images/b3cdd687-b2c9-40a1-9c51-cd2e95b1aaea_0c8a9910-bc21-4053-b735-e24b2bbba5be.jpg/250x188.webp,3270,64.63308240631308,4785,22
7694020c-9c9a-4074-9939-d0537a4d9d12,Volkswagen,Golf,Berline,PrivateSeller,8000,d,147240,12-2012,https://prod.pictures.autoscout24.net/listing-images/7694020c-9c9a-4074-9939-d0537a4d9d12_639b35f5-5c58-4c3a-8a08-5a104238201f.jpg/250x188.webp,1930,65.18883147641638,3659,17
baac5b25-de18-44dc-8f3d-2bddb75eeeb3,Volkswagen,Golf Cabriolet,Cabriolet,PrivateSeller,8000,b,224000,04-1989,https://prod.pictures.autoscout24.net/listing-images/baac5b25-de18-44dc-8f3d-2bddb75eeeb3_6fab38fe-258d-439e-a5b7-ace1744afafc.jpg/250x188.webp,6831,182.89364831603075,12304,18
7fe13c57-dc80-466e-bd35-2ef9babc2d50,Volkswagen,Golf Plus,Monovolume,PrivateSeller,8000,d,93000,02-2013,https://prod.pictures.autoscout24.net/listing-images/7fe13c57-dc80-466e-bd35-2ef9babc2d50_501d03ca-ae41-4d50-a7b1-c28789aed054.jpg/250x188.webp,7370,128.14216834969352,3597,22
d00df017-9677-41ae-9b2b-b9be5a0d605f,Volkswagen,Golf,Berline,Dealer,8000,d,147765,07-2010,https://prod.pictures.autoscout24.net/listing-images/d00df017-9677-41ae-9b2b-b9be5a0d605f_f0a79f1c-7376-4664-afb1-bae6a701c13c.jpg/250x188.webp,4540,117.22161404327316,4543,22
918c7467-2336-4090-a682-57e8d0f58227,Volkswagen,Passat,Berline,PrivateSeller,8000,b,177000,04-2011,https://prod.pictures.autoscout24.net/listing-images/918c7467-2336-4090-a682-57e8d0f58227_e7d4aad2-4204-4084-ae35-37d26a00bc6d.jpg/250x188.webp,8500,110.07601369654981,4269,31
7eb172a1-d4de-4e21-a41f-d5a7bee1efc6,Volkswagen,Passat Variant,Break,PrivateSeller,8000,d,245000,02-2014,https://prod.pictures.autoscout24.net/listing-images/7eb172a1-d4de-4e21-a41f-d5a7bee1efc6_8691fc08-7926-4c9f-b9a4-7717bfeafcd0.jpg/250x188.webp,9406,76.94861641835996,3232,32
e8122a7c-e2e2-4006-9578-939c3bc06b0a,Volkswagen,Eos,Cabriolet,PrivateSeller,8000,d,183098,05-2010,https://prod.pictures.autoscout24.net/listing-images/e8122a7c-e2e2-4006-9578-939c3bc06b0a_934b33e0-94cb-478c-b3dd-450ffe2b9035.jpg/250x188.webp,1150,68.48425146100755,4604,33
44aa8973-1beb-4717-b280-f70cc3b82c70,Volkswagen,Golf Cabriolet,Andere,PrivateSeller,8000,b,142000,03-1988,https://prod.pictures.autoscout24.net/listing-images/44aa8973-1beb-4717-b280-f70cc3b82c70_70f57166-9652-4e5a-b71b-d0f710ed0611.jpg/250x188.webp,5190,108.63324346377956,12700,38
e404d26a-a1f2-4a4c-9da5-339f979d4d7d,Volkswagen,Scirocco,Coupé,PrivateSeller,8000,b,179000,05-2011,https://prod.pictures.autoscout24.net/listing-images/e404d26a-a1f2-4a4c-9da5-339f979d4d7d_5d69335e-29d2-4036-9edb-0a6911c52e40.jpg/250x188.webp,5630,138.86371668818833,4239,40
78abb3d0-d4ec-44fe-84a7-26eb4dd93da5,Volkswagen,Golf GTI,Berline,PrivateSeller,8000,b,180000,09-1994,https://prod.pictures.autoscout24.net/listing-images/78abb3d0-d4ec-44fe-84a7-26eb4dd93da5_6d06474f-aa86-48c6-a278-b769ba90d178.jpg/250x188.webp,9120,31.412557196808976,10325,82
b060eee3-fe4b-4ab3-a0f4-121d75977a77,Volkswagen,Golf,Berline,PrivateSeller,8000,d,216000,11-2013,https://prod.pictures.autoscout24.net/listing-images/b060eee3-fe4b-4ab3-a0f4-121d75977a77_948d189d-b84d-41ef-9f61-799339c6101b.jpg/250x188.webp,1000,69.17270624549755,3324,84
b8c3e8e7-e4a7-4ef4-ab28-aacadb0561c7,Volkswagen,Sharan,Andere,PrivateSeller,8000,d,261400,06-2010,https://prod.pictures.autoscout24.net/listing-images/b8c3e8e7-e4a7-4ef4-ab28-aacadb0561c7_d84cace9-a789-49da-9545-369be08fb5d5.jpg/250x188.webp,7100,111.04432979756132,4573,85
6335e0dc-7d42-4c60-b5c5-233463fc8b04,Volkswagen,Kever,Andere,PrivateSeller,8000,b,35000,09-1973,https://prod.pictures.autoscout24.net/listing-images/6335e0dc-7d42-4c60-b5c5-233463fc8b04_12c2883f-1bcf-4a3e-8a11-33a338f4bba4.jpg/250x188.webp,3270,64.63308240631308,17995,95
18153cda-66e9-4a20-b305-962e6464d72e,Volkswagen,Golf GTI,Berline,PrivateSeller,8000,b,315000,06-1986,https://prod.pictures.autoscout24.net/listing-images/18153cda-66e9-4a20-b305-962e6464d72e_566d619b-7ac3-4639-89a9-a6d7f6925579.jpg/250x188.webp,7540,116.1518990630203,13339,105
b02504e8-a4ce-4de1-9951-ed5f6ed7fc74,Volkswagen,Caddy,Monovolume,Dealer,8000,d,180200,09-2011,https://prod.pictures.autoscout24.net/listing-images/b02504e8-a4ce-4de1-9951-ed5f6ed7fc74_f4b33e22-d17d-479a-bdf8-3d5c2f3b3cce.jpg/250x188.webp,5520,138.3504314812869,4116,106
ec37cf50-ba83-451f-8ced-8e345c3a4ce8,Volkswagen,Golf GTI,Berline,PrivateSeller,8000,b,160000,08-2006,https://prod.pictures.autoscout24.net/listing-images/ec37cf50-ba83-451f-8ced-8e345c3a4ce8_98655b5a-c45d-4233-b418-870066fc4e89.jpg/250x188.webp,3400,85.59161669525486,5973,114
921a72d6-5659-402a-8092-ee395b04983b,Volkswagen,Golf GTI,Berline,PrivateSeller,8000,b,161000,07-2005,https://prod.pictures.autoscout24.net/listing-images/921a72d6-5659-402a-8092-ee395b04983b_9cfd235a-c8cb-4ca3-95b5-ad2e14b5631e.jpg/250x188.webp,4630,129.1452608018519,6369,115
a5ad4e39-1f58-4bb8-a099-51a88a529b1e,Volkswagen,Scirocco,Coupé,PrivateSeller,8000,b,86000,01-1984,https://prod.pictures.autoscout24.net/listing-images/a5ad4e39-1f58-4bb8-a099-51a88a529b1e_d614bb89-b4bc-4fad-a2ba-9399ee08cada.jpg/250x188.webp,7020,114.60869365078912,14221,151
fc7b278f-a16f-4451-989e-36e91faf4a18,Volkswagen,Beetle,Cabriolet,PrivateSeller,8000,b,950,12-1967,https://prod.pictures.autoscout24.net/listing-images/fc7b278f-a16f-4451-989e-36e91faf4a18_fd4b91df-a1c9-4cee-a94c-8cf36b17c85b.jpg/250x188.webp,1980,56.21438376025373,20096,147
55059b70-bcac-49be-9ba4-e7a1cbbb44db,Volkswagen,Golf Variant,Break,PrivateSeller,8000,d,206800,07-2011,https://prod.pictures.autoscout24.net/listing-images/55059b70-bcac-49be-9ba4-e7a1cbbb44db_e81eea59-fbde-4e76-815f-bddee5993906.jpg/250x188.webp,4000,118.53949006185148,4178,150
3c0725a3-a32f-4cac-8186-ef5260822ad7,Volkswagen,Beetle,Berline,Dealer,8000,b,124039,08-2012,https://prod.pictures.autoscout24.net/listing-images/3c0725a3-a32f-4cac-8186-ef5260822ad7_ecab740a-42e0-4860-9123-c953f5281a26.jpg/250x188.webp,6200,119.77990387531518,3781,157
8de540d6-fe7e-47bf-868f-1d6ec3268e91,Volkswagen,Touran,Break,PrivateSeller,8000,d,169000,07-2013,https://prod.pictures.autoscout24.net/listing-images/8de540d6-fe7e-47bf-868f-1d6ec3268e91_d5ba7a8d-54fe-40d1-bda0-7d18c10412c2.jpg/250x188.webp,1060,71.73094529250689,3447,179
a550a9aa-2cd1-4242-beed-77c2b4f635c2,Volkswagen,Golf Plus,Monovolume,Dealer,8000,d,169000,10-2013,https://prod.pictures.autoscout24.net/listing-images/a550a9aa-2cd1-4242-beed-77c2b4f635c2_35b6804d-6ec9-401b-9408-97b20f4ec116.jpg/250x188.webp,2560,39.033349455690825,3355,322
