guid,make,model,version,seller-type,price,fuel-type,mileage,first-reg-date,zip-code,images,distance,reg-age
55d4c02d-ff95-44a0-a6e0-e7830d31918b,Volvo,XC40,XC40 T5 Recharge Inscription / 12 Maanden Garantie,Dealer,16950,2,211000,07-2020,2610,https://prod.pictures.autoscout24.net/listing-images/55d4c02d-ff95-44a0-a6e0-e7830d31918b_e98e985f-b8ee-4b99-b310-86c759970c1c.jpg/250x188.webp https://prod.pictures.autoscout24.net/listing-images/55d4c02d-ff95-44a0-a6e0-e7830d31918b_5786d769-22ca-4fcc-94d6-c35a7535a983.jpg/250x188.webp https://prod.pictures.autoscout24.net/listing-images/55d4c02d-ff95-44a0-a6e0-e7830d31918b_596767bc-6791-4484-8017-37ff6871b072.jpg/250x188.webp https://prod.pictures.autoscout24.net/listing-images/55d4c02d-ff95-44a0-a6e0-e7830d31918b_a6b726c9-6db6-41bf-988e-bac1e2bed369.jpg/250x188.webp https://prod.pictures.autoscout24.net/listing-images/55d4c02d-ff95-44a0-a6e0-e7830d31918b_d7a0090f-bbff-4f99-bde8-832660d9e5be.jpg/250x188.webp https://prod.pictures.autoscout24.net/listing-images/55d4c02d-ff95-44a0-a6e0-e7830d31918b_0ac383af-b2ad-4677-9da1-33a9004b39c4.jpg/250x188.webp https://prod.pictures.autoscout24.net/listing-images/55d4c02d-ff95-44a0-a6e0-e7830d31918b_35ae7578-1bac-4752-989c-90e06fb85739.jpg/250x188.webp https://prod.pictures.autoscout24.net/listing-images/55d4c02d-ff95-44a0-a6e0-e7830d31918b_99047b70-cf33-446a-a4b8-d2966d3f17c4.jpg/250x188.webp https://prod.pictures.autoscout24.net/listing-images/55d4c02d-ff95-44a0-a6e0-e7830d31918b_ce5e557c-9ae9-4cfa-b2d9-1fd9da99e309.jpg/250x188.webp https://prod.pictures.autoscout24.net/listing-images/55d4c02d-ff95-44a0-a6e0-e7830d31918b_91c7c0ed-d40b-4d5b-b49e-6ded19bf616e.jpg/250x188.webp https://prod.pictures.autoscout24.net/listing-images/55d4c02d-ff95-44a0-a6e0-e7830d31918b_3b781c81-3f3f-40a8-964c-ea0761471423.jpg/250x188.webp https://prod.pictures.autoscout24.net/listing-images/55d4c02d-ff95-44a0-a6e0-e7830d31918b_e40dda24-2afc-4cb1-84c0-bbdd3ef4a543.jpg/250x188.webp https://prod.pictures.autoscout24.net/listing-images/55d4c02d-ff95-44a0-a6e0-e7830d31918b_c6a78abb-253d-4cd3-815b-d95e4160cf2f.jpg/250x188.webp https://prod.pictures.autoscout24.net/listing-images/55d4c02d-ff95-44a0-a6e0-e7830d31918b_3517a7ca-a4ff-4876-adc1-28354db67386.jpg/250x188.webp https://prod.pictures.autoscout24.net/listing-images/55d4c02d-ff95-44a0-a6e0-e7830d31918b_e097b7cb-807d-4c23-bc0c-3d813783ab61.jpg/250x188.webp https://prod.pictures.autoscout24.net/listing-images/55d4c02d-ff95-44a0-a6e0-e7830d31918b_acc9d57f-8db3-4bad-8891-46149cd55296.jpg/250x188.webp https://prod.pictures.autoscout24.net/listing-images/55d4c02d-ff95-44a0-a6e0-e7830d31918b_c5273171-00ed-44d1-bfe7-e73ddb241f57.jpg/250x188.webp https://prod.pictures.autoscout24.net/listing-images/55d4c02d-ff95-44a0-a6e0-e7830d31918b_4a6e1ded-1544-4f23-ab1c-8908af242efc.jpg/250x188.webp https://prod.pictures.autoscout24.net/listing-images/55d4c02d-ff95-44a0-a6e0-e7830d31918b_a02472a7-7340-4b2a-b05a-a0641a9a6831.jpg/250x188.webp https://prod.pictures.autoscout24.net/listing-images/55d4c02d-ff95-44a0-a6e0-e7830d31918b_6d1b037a-c1dd-4c06-931d-ee1351df930e.jpg/250x188.webp https://prod.pictures.autoscout24.net/listing-images/55d4c02d-ff95-44a0-a6e0-e7830d31918b_f3f91ade-8092-44d1-8b4d-d57abd2e2298.jpg/250x188.webp https://prod.pictures.autoscout24.net/listing-images/55d4c02d-ff95-44a0-a6e0-e7830d31918b_7b882be0-033b-4d87-86a5-dab549fb1f93.jpg/250x188.webp https://prod.pictures.autoscout24.net/listing-images/55d4c02d-ff95-44a0-a6e0-e7830d31918b_7cd7b200-866b-4da4-8318-929ffc169a16.jpg/250x188.webp https://prod.pictures.autoscout24.net/listing-images/55d4c02d-ff95-44a0-a6e0-e7830d31918b_d4c2496e-2c21-4dd1-a416-ab4ed01d7af8.jpg/250x188.webp https://prod.pictures.autoscout24.net/listing-images/55d4c02d-ff95-44a0-a6e0-e7830d31918b_90d055cb-f09e-4716-9efc-4e8ab1a7c526.jpg/250x188.webp https://prod.pictures.autoscout24.net/listing-images/55d4c02d-ff95-44a0-a6e0-e7830d31918b_9eb1cf43-a1f2-447c-a0df-12c2aaac7887.jpg/250x188.webp https://prod.pictures.autoscout24.net/listing-images/55d4c02d-ff95-44a0-a6e0-e7830d31918b_0e0835ac-a146-4172-8bd2-559086f89aa4.jpg/250x188.webp https://prod.pictures.autoscout24.net/listing-images/55d4c02d-ff95-44a0-a6e0-e7830d31918b_c079798a-e65c-40af-ba92-31a1a8ef25d0.jpg/250x188.webp https://prod.pictures.autoscout24.net/listing-images/55d4c02d-ff95-44a0-a6e0-e7830d31918b_ef106659-bedc-41f3-bed1-a35fd5aa81d2.jpg/250x188.webp https://prod.pictures.autoscout24.net/listing-images/55d4c02d-ff95-44a0-a6e0-e7830d31918b_cf55e27c-9f6d-46a4-a9ee-4fecca9d6642.jpg/250x188.webp https://prod.pictures.autoscout24.net/listing-images/55d4c02d-ff95-44a0-a6e0-e7830d31918b_4e4314be-7680-4dc0-a5c1-0e2cc1b4b2dd.jpg/250x188.webp,33.817501233272104,2063
454f1740-ced0-4df3-9540-615bc18017a1,Volvo,V60,2.0 B3 MHEV Momentum Pro Geartronic LED GPS PDC CA,Dealer,21290,b,80900,12-2020,2630,https://prod.pictures.autoscout24.net/listing-images/454f1740-ced0-4df3-9540-615bc18017a1_3850adb0-0b69-4e17-a2c1-f1c0bc0a846b.jpg/250x188.webp https://prod.pictures.autoscout24.net/listing-images/454f1740-ced0-4df3-9540-615bc18017a1_3d8e0735-8850-4c63-a56f-9e683e8a6dde.jpg/250x188.webp https://prod.pictures.autoscout24.net/listing-images/454f1740-ced0-4df3-9540-615bc18017a1_6a872b02-e0de-4fee-8126-b2786ec606ee.jpg/250x188.webp https://prod.pictures.autoscout24.net/listing-images/454f1740-ced0-4df3-9540-615bc18017a1_4d572b3c-15e7-4efb-8242-b241575073e9.jpg/250x188.webp https://prod.pictures.autoscout24.net/listing-images/454f1740-ced0-4df3-9540-615bc18017a1_7152f3e4-2e3f-400e-ba77-53e6d31acda7.jpg/250x188.webp https://prod.pictures.autoscout24.net/listing-images/454f1740-ced0-4df3-9540-615bc18017a1_b78ae246-5cf6-48b7-9f51-8eb4d62dc898.jpg/250x188.webp https://prod.pictures.autoscout24.net/listing-images/454f1740-ced0-4df3-9540-615bc18017a1_060ed846-f126-4d4d-98f3-1662891f47a2.jpg/250x188.webp https://prod.pictures.autoscout24.net/listing-images/454f1740-ced0-4df3-9540-615bc18017a1_43ca11d0-1d58-4472-9a46-0d1dd6e4c99e.jpg/250x188.webp https://prod.pictures.autoscout24.net/listing-images/454f1740-ced0-4df3-9540-615bc18017a1_52316d84-07be-43e0-aa03-606cde1d227a.jpg/250x188.webp https://prod.pictures.autoscout24.net/listing-images/454f1740-ced0-4df3-9540-615bc18017a1_f7bb9e96-0266-4c50-bef5-9024320fb9c2.jpg/250x188.webp https://prod.pictures.autoscout24.net/listing-images/454f1740-ced0-4df3-9540-615bc18017a1_9a0ea4f1-e2df-4120-8e58-2f69b3aa4cd4.jpg/250x188.webp https://prod.pictures.autoscout24.net/listing-images/454f1740-ced0-4df3-9540-615bc18017a1_94541320-8a47-4ec8-8725-52a88880e7b5.jpg/250x188.webp https://prod.pictures.autoscout24.net/listing-images/454f1740-ced0-4df3-9540-615bc18017a1_c79602f1-a9b5-498f-814a-e18d8233b0f7.jpg/250x188.webp https://prod.pictures.autoscout24.net/listing-images/454f1740-ced0-4df3-9540-615bc18017a1_ba5792ee-85ca-4476-9ebe-95ce3d122dfa.jpg/250x188.webp https://prod.pictures.autoscout24.net/listing-images/454f1740-ced0-4df3-9540-615bc18017a1_eb66aa1e-02d8-4cd8-8630-649b6050c9a5.jpg/250x188.webp https://prod.pictures.autoscout24.net/listing-images/454f1740-ced0-4df3-9540-615bc18017a1_e2905d1f-f7a7-400b-8aae-68a010abd271.jpg/250x188.webp https://prod.pictures.autoscout24.net/listing-images/454f1740-ced0-4df3-9540-615bc18017a1_b32cfade-f4e2-41c3-8887-87c138335edb.jpg/250x188.webp https://prod.pictures.autoscout24.net/listing-images/454f1740-ced0-4df3-9540-615bc18017a1_b79e3967-3adf-41a4-b1e2-7b3984087905.jpg/250x188.webp https://prod.pictures.autoscout24.net/listing-images/454f1740-ced0-4df3-9540-615bc18017a1_7d737b4e-6d0e-4817-aeee-f6534fac57b6.jpg/250x188.webp https://prod.pictures.autoscout24.net/listing-images/454f1740-ced0-4df3-9540-615bc18017a1_861259be-64cd-4701-ba70-8a9a8d68aa2f.jpg/250x188.webp https://prod.pictures.autoscout24.net/listing-images/454f1740-ced0-4df3-9540-615bc18017a1_6b7677d0-c43a-4905-bf3a-541cf0575755.jpg/250x188.webp https://prod.pictures.autoscout24.net/listing-images/454f1740-ced0-4df3-9540-615bc18017a1_620017d7-cb06-4379-b4c2-dd846e63c736.jpg/250x188.webp https://prod.pictures.autoscout24.net/listing-images/454f1740-ced0-4df3-9540-615bc18017a1_96898a4a-7d4d-46d1-b196-09461b44a63f.jpg/250x188.webp https://prod.pictures.autoscout24.net/listing-images/454f1740-ced0-4df3-9540-615bc18017a1_2030a4a6-85d0-48b5-bbb0-1bb2e66b1e3b.jpg/250x188.webp https://prod.pictures.autoscout24.net/listing-images/454f1740-ced0-4df3-9540-615bc18017a1_fb27d95f-8572-4163-b1d5-d44e5cf6158b.jpg/250x188.webp https://prod.pictures.autoscout24.net/listing-images/454f1740-ced0-4df3-9540-615bc18017a1_f3f69b3b-e1cc-4143-b4c8-a07b1da61d4e.jpg/250x188.webp https://prod.pictures.autoscout24.net/listing-images/454f1740-ced0-4df3-9540-615bc18017a1_1626f3e3-30a1-42ab-a483-b34ecc007a42.jpg/250x188.webp https://prod.pictures.autoscout24.net/listing-images/454f1740-ced0-4df3-9540-615bc18017a1_1c2a66d2-b813-4fe3-817c-01d9100ca37b.jpg/250x188.webp https://prod.pictures.autoscout24.net/listing-images/454f1740-ced0-4df3-9540-615bc18017a1_6819787a-de76-4bff-8878-b82a94a24263.jpg/250x188.webp https://prod.pictures.autoscout24.net/listing-images/454f1740-ced0-4df3-9540-615bc18017a1_94d1ba94-43cf-4c24-83e8-d20ed9ebd91a.jpg/250x188.webp,37.55427282853161,1910
07880125-6549-41fe-9ba3-5df24adcbc76,Volvo,XC40,T2 1.5i*AUT*MOMENTUM*CAMERA*DAB+*,Dealer,22790,b,80331,11-2021,3800,https://prod.pictures.autoscout24.net/listing-images/07880125-6549-41fe-9ba3-5df24adcbc76_9d8e2ca0-56c2-40cc-91b6-85f4e0850fa0.jpg/250x188.webp https://prod.pictures.autoscout24.net/listing-images/07880125-6549-41fe-9ba3-5df24adcbc76_bc69c5a0-adae-431c-b7d6-c3c1267ce01b.jpg/250x188.webp https://prod.pictures.autoscout24.net/listing-images/07880125-6549-41fe-9ba3-5df24adcbc76_29bcf789-9d28-4416-b174-f962e241a5ca.jpg/250x188.webp https://prod.pictures.autoscout24.net/listing-images/07880125-6549-41fe-9ba3-5df24adcbc76_e52159ed-0834-435b-9ef1-32af725bfb67.jpg/250x188.webp https://prod.pictures.autoscout24.net/listing-images/07880125-6549-41fe-9ba3-5df24adcbc76_68a27405-06e5-4dd9-a541-ab1b16ea7ef6.jpg/250x188.webp https://prod.pictures.autoscout24.net/listing-images/07880125-6549-41fe-9ba3-5df24adcbc76_9023b0bf-4689-4636-ae07-a18d83f00954.jpg/250x188.webp https://prod.pictures.autoscout24.net/listing-images/07880125-6549-41fe-9ba3-5df24adcbc76_eb95e3dd-fb4f-436f-a958-a0d431c8b408.jpg/250x188.webp https://prod.pictures.autoscout24.net/listing-images/07880125-6549-41fe-9ba3-5df24adcbc76_8f5c0eaa-2b5f-4f16-9fa5-466c1db6a56f.jpg/250x188.webp https://prod.pictures.autoscout24.net/listing-images/07880125-6549-41fe-9ba3-5df24adcbc76_2040cc15-9540-4213-868e-566330b04210.jpg/250x188.webp https://prod.pictures.autoscout24.net/listing-images/07880125-6549-41fe-9ba3-5df24adcbc76_a631eb09-2884-460a-94bd-1c252b3db9b6.jpg/250x188.webp https://prod.pictures.autoscout24.net/listing-images/07880125-6549-41fe-9ba3-5df24adcbc76_2d448393-a9bb-496d-95ba-0ce08303bcda.jpg/250x188.webp https://prod.pictures.autoscout24.net/listing-images/07880125-6549-41fe-9ba3-5df24adcbc76_e3f65961-a936-4af2-9b2e-71839c1e11da.jpg/250x188.webp https://prod.pictures.autoscout24.net/listing-images/07880125-6549-41fe-9ba3-5df24adcbc76_8a842233-0cbf-408f-b131-9eb94e554b96.jpg/250x188.webp https://prod.pictures.autoscout24.net/listing-images/07880125-6549-41fe-9ba3-5df24adcbc76_99aa3ccb-558a-4be3-a581-8030968517dc.jpg/250x188.webp https://prod.pictures.autoscout24.net/listing-images/07880125-6549-41fe-9ba3-5df24adcbc76_4671d61f-bb98-435e-9326-58f6441bfa13.jpg/250x188.webp https://prod.pictures.autoscout24.net/listing-images/07880125-6549-41fe-9ba3-5df24adcbc76_7fab3e58-e67a-4b72-bb92-ecfe12259069.jpg/250x188.webp https://prod.pictures.autoscout24.net/listing-images/07880125-6549-41fe-9ba3-5df24adcbc76_a13aee75-1bdf-48f4-ba2a-82ca378825b0.jpg/250x188.webp https://prod.pictures.autoscout24.net/listing-images/07880125-6549-41fe-9ba3-5df24adcbc76_fa1a6bc1-b786-4724-b2c2-9c45c9d5a727.jpg/250x188.webp https://prod.pictures.autoscout24.net/listing-images/07880125-6549-41fe-9ba3-5df24adcbc76_1388a158-ae44-4af0-a048-32a4b900bebc.jpg/250x188.webp https://prod.pictures.autoscout24.net/listing-images/07880125-6549-41fe-9ba3-5df24adcbc76_fd62da30-2ffe-417f-8ff3-fd28b7a83851.jpg/250x188.webp https://prod.pictures.autoscout24.net/listing-images/07880125-6549-41fe-9ba3-5df24adcbc76_1d96c47a-ec24-4438-96ea-de7e716c21e5.jpg/250x188.webp https://prod.pictures.autoscout24.net/listing-images/07880125-6549-41fe-9ba3-5df24adcbc76_2a818059-2d47-4fa1-a162-43cb0e6b6a78.jpg/250x188.webp https://prod.pictures.autoscout24.net/listing-images/07880125-6549-41fe-9ba3-5df24adcbc76_a05dfbd1-5844-41e2-86b3-1c1c65f22365.jpg/250x188.webp https://prod.pictures.autoscout24.net/listing-images/07880125-6549-41fe-9ba3-5df24adcbc76_98fb87c3-de28-44d6-b89c-4fb983c053ed.jpg/250x188.webp https://prod.pictures.autoscout24.net/listing-images/07880125-6549-41fe-9ba3-5df24adcbc76_7ffed3e6-2743-49e2-878e-32be21e6f3c0.jpg/250x188.webp https://prod.pictures.autoscout24.net/listing-images/07880125-6549-41fe-9ba3-5df24adcbc76_7ee53263-6ebe-46c0-989f-dcc0ea24d98b.jpg/250x188.webp https://prod.pictures.autoscout24.net/listing-images/07880125-6549-41fe-9ba3-5df24adcbc76_a5ead3af-af20-4496-8459-8e35bf490704.jpg/250x188.webp https://prod.pictures.autoscout24.net/listing-images/07880125-6549-41fe-9ba3-5df24adcbc76_076d45af-3c04-4a85-9607-e86b81dd9945.jpg/250x188.webp https://prod.pictures.autoscout24.net/listing-images/07880125-6549-41fe-9ba3-5df24adcbc76_f6e630d9-62c1-470e-93bb-23e1849564df.jpg/250x188.webp https://prod.pictures.autoscout24.net/listing-images/07880125-6549-41fe-9ba3-5df24adcbc76_cafc2647-244c-4a54-a093-963b5dfbe97a.jpg/250x188.webp https://prod.pictures.autoscout24.net/listing-images/07880125-6549-41fe-9ba3-5df24adcbc76_f277977c-c606-41c9-b0f4-aaef6a34f8f8.jpg/250x188.webp https://prod.pictures.autoscout24.net/listing-images/07880125-6549-41fe-9ba3-5df24adcbc76_e5912984-1116-4016-8929-d8a83d8f6633.jpg/250x188.webp https://prod.pictures.autoscout24.net/listing-images/07880125-6549-41fe-9ba3-5df24adcbc76_a3b2af7e-f4ee-4775-95d3-7b40e5a34775.jpg/250x188.webp https://prod.pictures.autoscout24.net/listing-images/07880125-6549-41fe-9ba3-5df24adcbc76_347999b7-36f1-4553-8144-0d56a6bea807.jpg/250x188.webp https://prod.pictures.autoscout24.net/listing-images/07880125-6549-41fe-9ba3-5df24adcbc76_50355e7e-42dd-4eca-9967-a75cf6011408.jpg/250x188.webp https://prod.pictures.autoscout24.net/listing-images/07880125-6549-41fe-9ba3-5df24adcbc76_401a4540-9de4-490f-857f-e93026440a12.jpg/250x188.webp https://prod.pictures.autoscout24.net/listing-images/07880125-6549-41fe-9ba3-5df24adcbc76_a65a0d78-8ba2-4873-9e14-c85e7c235ffb.jpg/250x188.webp,91.50869615616915,1575
781b178a-dc0f-4796-aa4a-82b8d7b78aef,Volvo,V60,V60 T6 AWD Recharge Geartronic Inscription,PrivateSeller,18750,2,197225,07-2020,2340,https://prod.pictures.autoscout24.net/listing-images/781b178a-dc0f-4796-aa4a-82b8d7b78aef_a7bba45c-b8e5-4a3c-9e6c-d295449c1d1c.jpg/250x188.webp https://prod.pictures.autoscout24.net/listing-images/781b178a-dc0f-4796-aa4a-82b8d7b78aef_99261e2d-9692-4ee5-be77-9542718ef59d.jpg/250x188.webp https://prod.pictures.autoscout24.net/listing-images/781b178a-dc0f-4796-aa4a-82b8d7b78aef_474b579f-5dd0-4477-8ebb-63e23436bf50.jpg/250x188.webp https://prod.pictures.autoscout24.net/listing-images/781b178a-dc0f-4796-aa4a-82b8d7b78aef_7423212d-b1e1-48b9-8932-b7d050cc2e3e.jpg/250x188.webp https://prod.pictures.autoscout24.net/listing-images/781b178a-dc0f-4796-aa4a-82b8d7b78aef_03986274-686a-482f-a457-20947e0eb73b.jpg/250x188.webp https://prod.pictures.autoscout24.net/listing-images/781b178a-dc0f-4796-aa4a-82b8d7b78aef_4a0782d2-a4a7-430b-882a-fe6f9ce1f6ce.jpg/250x188.webp https://prod.pictures.autoscout24.net/listing-images/781b178a-dc0f-4796-aa4a-82b8d7b78aef_14d2c626-d2a3-435c-82b8-122bed9657d5.jpg/250x188.webp https://prod.pictures.autoscout24.net/listing-images/781b178a-dc0f-4796-aa4a-82b8d7b78aef_156f7b14-e10d-4c2e-933a-b3d382e5a1f3.jpg/250x188.webp https://prod.pictures.autoscout24.net/listing-images/781b178a-dc0f-4796-aa4a-82b8d7b78aef_d30302e4-4a97-45c1-a191-9475ff63c8b8.jpg/250x188.webp https://prod.pictures.autoscout24.net/listing-images/781b178a-dc0f-4796-aa4a-82b8d7b78aef_e7f28698-f35b-4703-8f67-0dd7a1c2d1ac.jpg/250x188.webp https://prod.pictures.autoscout24.net/listing-images/781b178a-dc0f-4796-aa4a-82b8d7b78aef_735b7999-0589-43af-a2ce-2f35b39c0fa6.jpg/250x188.webp https://prod.pictures.autoscout24.net/listing-images/781b178a-dc0f-4796-aa4a-82b8d7b78aef_eb843d02-da9c-4a36-8108-a48fabbec671.jpg/250x188.webp,30.045567946886113,2063
f57a7aaf-23c2-43fb-b73a-f35058448db6,Volvo,XC40,XC40 1.5 T3 Momentum Pro Geartronic FULL OPTION,PrivateSeller,18900,b,144443,08-2021,2811,https://prod.pictures.autoscout24.net/listing-images/f57a7aaf-23c2-43fb-b73a-f35058448db6_a1623a74-8396-47da-a11d-aba63f6a25b2.jpg/250x188.webp https://prod.pictures.autoscout24.net/listing-images/f57a7aaf-23c2-43fb-b73a-f35058448db6_523eca6c-cd29-4ab7-929f-a18f8ae01231.jpg/250x188.webp https://prod.pictures.autoscout24.net/listing-images/f57a7aaf-23c2-43fb-b73a-f35058448db6_22890f29-8c9a-4640-a112-e25483644261.jpg/250x188.webp https://prod.pictures.autoscout24.net/listing-images/f57a7aaf-23c2-43fb-b73a-f35058448db6_d2bdacae-65a7-48d2-9c11-6334340ff7ae.jpg/250x188.webp https://prod.pictures.autoscout24.net/listing-images/f57a7aaf-23c2-43fb-b73a-f35058448db6_93ba826d-a501-45df-9ee6-90b1346bc66a.jpg/250x188.webp https://prod.pictures.autoscout24.net/listing-images/f57a7aaf-23c2-43fb-b73a-f35058448db6_01beeb4c-036c-4705-b25a-24c62831291a.jpg/250x188.webp https://prod.pictures.autoscout24.net/listing-images/f57a7aaf-23c2-43fb-b73a-f35058448db6_812ae905-a0e6-44e5-8248-f4640857520d.jpg/250x188.webp https://prod.pictures.autoscout24.net/listing-images/f57a7aaf-23c2-43fb-b73a-f35058448db6_911a9eeb-61d7-4546-bbeb-4cdab8db07a4.jpg/250x188.webp https://prod.pictures.autoscout24.net/listing-images/f57a7aaf-23c2-43fb-b73a-f35058448db6_2abc45cd-4960-4984-8d9d-724e04c4887d.jpg/250x188.webp https://prod.pictures.autoscout24.net/listing-images/f57a7aaf-23c2-43fb-b73a-f35058448db6_199a94ad-1e03-48db-a1fc-0215741362b0.jpg/250x188.webp,49.2957287548427,1667
529f6e5c-7e8e-49e7-a4ae-f30884b708a1,Volvo,XC40,** 1.5 ** T3 ** Momentum **Degats Carrosserie  **,Dealer,19450,b,79000,08-2020,4520,https://prod.pictures.autoscout24.net/listing-images/529f6e5c-7e8e-49e7-a4ae-f30884b708a1_0377f77b-9fbc-4d08-9a64-75e03fe228f6.jpg/250x188.webp https://prod.pictures.autoscout24.net/listing-images/529f6e5c-7e8e-49e7-a4ae-f30884b708a1_a3f23cea-b482-49ad-b288-f1dd62f2df7d.jpg/250x188.webp https://prod.pictures.autoscout24.net/listing-images/529f6e5c-7e8e-49e7-a4ae-f30884b708a1_08f2c2a6-9a5a-4755-91b6-1f849f92f580.jpg/250x188.webp https://prod.pictures.autoscout24.net/listing-images/529f6e5c-7e8e-49e7-a4ae-f30884b708a1_0bd2b77e-f4d3-42da-8bbf-6c4ea4b576e1.jpg/250x188.webp https://prod.pictures.autoscout24.net/listing-images/529f6e5c-7e8e-49e7-a4ae-f30884b708a1_08266b80-e4cc-402f-814a-d9861d01e635.jpg/250x188.webp https://prod.pictures.autoscout24.net/listing-images/529f6e5c-7e8e-49e7-a4ae-f30884b708a1_b9c51656-c4de-4b26-9039-587e04b9810e.jpg/250x188.webp https://prod.pictures.autoscout24.net/listing-images/529f6e5c-7e8e-49e7-a4ae-f30884b708a1_0aeb13c8-ad4c-4ebb-9acb-363d53876dfa.jpg/250x188.webp https://prod.pictures.autoscout24.net/listing-images/529f6e5c-7e8e-49e7-a4ae-f30884b708a1_0aa52daf-8c55-45d2-8564-461619aaf1e6.jpg/250x188.webp https://prod.pictures.autoscout24.net/listing-images/529f6e5c-7e8e-49e7-a4ae-f30884b708a1_40194e36-9255-4378-bae1-32021049bbaa.jpg/250x188.webp https://prod.pictures.autoscout24.net/listing-images/529f6e5c-7e8e-49e7-a4ae-f30884b708a1_b62d56e7-3b1d-447f-b49f-f9139666dd45.jpg/250x188.webp https://prod.pictures.autoscout24.net/listing-images/529f6e5c-7e8e-49e7-a4ae-f30884b708a1_0b2d83be-4773-4926-bd25-01e1d28b646d.jpg/250x188.webp https://prod.pictures.autoscout24.net/listing-images/529f6e5c-7e8e-49e7-a4ae-f30884b708a1_bbecb912-722e-4323-bbee-aff07874bcd9.jpg/250x188.webp https://prod.pictures.autoscout24.net/listing-images/529f6e5c-7e8e-49e7-a4ae-f30884b708a1_9560f27d-032b-466a-89f0-40c6bb652205.jpg/250x188.webp https://prod.pictures.autoscout24.net/listing-images/529f6e5c-7e8e-49e7-a4ae-f30884b708a1_34b9bb27-c2cb-4caf-8d1d-8d8aa6db6482.jpg/250x188.webp https://prod.pictures.autoscout24.net/listing-images/529f6e5c-7e8e-49e7-a4ae-f30884b708a1_834082fa-b832-43eb-bed8-7232fc064b4b.jpg/250x188.webp https://prod.pictures.autoscout24.net/listing-images/529f6e5c-7e8e-49e7-a4ae-f30884b708a1_93742628-1cda-4171-841a-f7bf282b35a6.jpg/250x188.webp https://prod.pictures.autoscout24.net/listing-images/529f6e5c-7e8e-49e7-a4ae-f30884b708a1_21e964a0-0b06-48df-b98b-b8546644c614.jpg/250x188.webp https://prod.pictures.autoscout24.net/listing-images/529f6e5c-7e8e-49e7-a4ae-f30884b708a1_9382fbea-9f02-4cbf-b78d-52f0d6cd32dc.jpg/250x188.webp https://prod.pictures.autoscout24.net/listing-images/529f6e5c-7e8e-49e7-a4ae-f30884b708a1_93e8b31e-6e80-4db5-8493-afa1504d358d.jpg/250x188.webp https://prod.pictures.autoscout24.net/listing-images/529f6e5c-7e8e-49e7-a4ae-f30884b708a1_4091db8f-6204-4b44-a6f2-064b49f29737.jpg/250x188.webp https://prod.pictures.autoscout24.net/listing-images/529f6e5c-7e8e-49e7-a4ae-f30884b708a1_7f0e638a-707a-489a-aa7e-4a589e1e33ae.jpg/250x188.webp https://prod.pictures.autoscout24.net/listing-images/529f6e5c-7e8e-49e7-a4ae-f30884b708a1_04f8c121-303a-4959-ba21-5ba52a8e6b6e.jpg/250x188.webp https://prod.pictures.autoscout24.net/listing-images/529f6e5c-7e8e-49e7-a4ae-f30884b708a1_677acadd-a184-429b-85c5-13fecb805af6.jpg/250x188.webp https://prod.pictures.autoscout24.net/listing-images/529f6e5c-7e8e-49e7-a4ae-f30884b708a1_6ba9f4bb-70a3-44b1-9505-62d9011f37d5.jpg/250x188.webp https://prod.pictures.autoscout24.net/listing-images/529f6e5c-7e8e-49e7-a4ae-f30884b708a1_3307f700-c217-4668-b4f0-c8ee7e03e51b.jpg/250x188.webp https://prod.pictures.autoscout24.net/listing-images/529f6e5c-7e8e-49e7-a4ae-f30884b708a1_98e4b764-4016-4400-b15f-29b08802f531.jpg/250x188.webp https://prod.pictures.autoscout24.net/listing-images/529f6e5c-7e8e-49e7-a4ae-f30884b708a1_d7c6c996-1e56-450d-8cbc-192760058056.jpg/250x188.webp https://prod.pictures.autoscout24.net/listing-images/529f6e5c-7e8e-49e7-a4ae-f30884b708a1_1fed05bb-af62-476a-b95c-7cf8fe7f0ce2.jpg/250x188.webp https://prod.pictures.autoscout24.net/listing-images/529f6e5c-7e8e-49e7-a4ae-f30884b708a1_3b0c5e16-d75b-4b57-a0aa-d73ffa4f9468.jpg/250x188.webp,114.3756258438645,2032
3e87b22d-0dd6-4f9d-b8d4-a33de19c2e6e,Volvo,XC40,XC40 1.5 T4 PHEV Inscription Expression,PrivateSeller,19500,2,146815,01-2021,2960,https://prod.pictures.autoscout24.net/listing-images/3e87b22d-0dd6-4f9d-b8d4-a33de19c2e6e_c56f49c3-8b2a-40ce-89d7-ed3a31724278.jpg/250x188.webp https://prod.pictures.autoscout24.net/listing-images/3e87b22d-0dd6-4f9d-b8d4-a33de19c2e6e_9558204a-133b-4006-8abf-a226dd459f42.jpg/250x188.webp https://prod.pictures.autoscout24.net/listing-images/3e87b22d-0dd6-4f9d-b8d4-a33de19c2e6e_c91c0b44-edd2-4a11-ae16-306c6fd526a4.jpg/250x188.webp https://prod.pictures.autoscout24.net/listing-images/3e87b22d-0dd6-4f9d-b8d4-a33de19c2e6e_03de7d08-cd2e-4d80-b211-f439735ebbe7.jpg/250x188.webp https://prod.pictures.autoscout24.net/listing-images/3e87b22d-0dd6-4f9d-b8d4-a33de19c2e6e_5484bb70-e26e-4565-bd0b-accbfb9cd22c.jpg/250x188.webp https://prod.pictures.autoscout24.net/listing-images/3e87b22d-0dd6-4f9d-b8d4-a33de19c2e6e_76977344-3c69-4378-b905-2711caff400a.jpg/250x188.webp https://prod.pictures.autoscout24.net/listing-images/3e87b22d-0dd6-4f9d-b8d4-a33de19c2e6e_5920a22a-7e66-4e80-9535-d7019659e675.jpg/250x188.webp https://prod.pictures.autoscout24.net/listing-images/3e87b22d-0dd6-4f9d-b8d4-a33de19c2e6e_9d59a56c-17b8-42a2-837a-6247e7e96171.jpg/250x188.webp https://prod.pictures.autoscout24.net/listing-images/3e87b22d-0dd6-4f9d-b8d4-a33de19c2e6e_05b389da-233c-4a32-99a5-1ca29ed9e24d.jpg/250x188.webp https://prod.pictures.autoscout24.net/listing-images/3e87b22d-0dd6-4f9d-b8d4-a33de19c2e6e_e58dc8be-dace-4991-956d-75ebf81afada.jpg/250x188.webp https://prod.pictures.autoscout24.net/listing-images/3e87b22d-0dd6-4f9d-b8d4-a33de19c2e6e_98751cee-53eb-4cf7-b9cc-4296b49e9eab.jpg/250x188.webp https://prod.pictures.autoscout24.net/listing-images/3e87b22d-0dd6-4f9d-b8d4-a33de19c2e6e_ce903b35-25e8-480b-bb85-e32b14fb607c.jpg/250x188.webp https://prod.pictures.autoscout24.net/listing-images/3e87b22d-0dd6-4f9d-b8d4-a33de19c2e6e_c9f807fc-0656-44bd-a131-c55c48b871ea.jpg/250x188.webp,18.74928543559842,1879
67f6873a-e414-4641-9dea-525c4c8168bc,Volvo,XC40,T2,PrivateSeller,19500,b,900000,02-2021,9140,https://prod.pictures.autoscout24.net/listing-images/67f6873a-e414-4641-9dea-525c4c8168bc_8c2ddbee-a631-49f9-b8db-91a530a74cc8.jpg/250x188.webp https://prod.pictures.autoscout24.net/listing-images/67f6873a-e414-4641-9dea-525c4c8168bc_10c99b8d-8b01-4f0a-ad56-52c9b2a99848.jpg/250x188.webp https://prod.pictures.autoscout24.net/listing-images/67f6873a-e414-4641-9dea-525c4c8168bc_7f915719-dcc2-4c93-aafb-fec39237b416.jpg/250x188.webp https://prod.pictures.autoscout24.net/listing-images/67f6873a-e414-4641-9dea-525c4c8168bc_5480c3bd-8659-4e71-8c57-151c05aacea9.jpg/250x188.webp https://prod.pictures.autoscout24.net/listing-images/67f6873a-e414-4641-9dea-525c4c8168bc_9196bca3-5d7b-4d24-bd4e-05109d740e43.jpg/250x188.webp https://prod.pictures.autoscout24.net/listing-images/67f6873a-e414-4641-9dea-525c4c8168bc_afc16981-ceb3-43d9-bd0e-c83073da8e61.jpg/250x188.webp https://prod.pictures.autoscout24.net/listing-images/67f6873a-e414-4641-9dea-525c4c8168bc_49bd60a8-521c-45e3-8ff1-2d6f7e5ebf62.jpg/250x188.webp,42.74766783338213,1848
775aba00-4e1c-43f4-89a6-e0a59ac37b77,Volvo,XC40,T2 Geartronic Momentum Core,PrivateSeller,20000,b,120000,09-2020,1800,https://prod.pictures.autoscout24.net/listing-images/775aba00-4e1c-43f4-89a6-e0a59ac37b77_0cfc7f80-c835-4fc6-802c-07d8fce8d938.jpg/250x188.webp https://prod.pictures.autoscout24.net/listing-images/775aba00-4e1c-43f4-89a6-e0a59ac37b77_1d2ebd37-ddab-49db-a65a-3e7824f45301.jpg/250x188.webp https://prod.pictures.autoscout24.net/listing-images/775aba00-4e1c-43f4-89a6-e0a59ac37b77_a9fe971c-292d-48ed-99ea-b66f9cb76580.jpg/250x188.webp https://prod.pictures.autoscout24.net/listing-images/775aba00-4e1c-43f4-89a6-e0a59ac37b77_a31907fa-09da-42e0-9868-b4922a73513f.jpg/250x188.webp https://prod.pictures.autoscout24.net/listing-images/775aba00-4e1c-43f4-89a6-e0a59ac37b77_9b842250-9848-484d-9163-770695b9bf18.jpg/250x188.webp https://prod.pictures.autoscout24.net/listing-images/775aba00-4e1c-43f4-89a6-e0a59ac37b77_1f8fbd51-253c-446a-a86a-d9a22d7155f6.jpg/250x188.webp https://prod.pictures.autoscout24.net/listing-images/775aba00-4e1c-43f4-89a6-e0a59ac37b77_c33ff837-3b5d-4905-b498-c15beb60eb95.jpg/250x188.webp https://prod.pictures.autoscout24.net/listing-images/775aba00-4e1c-43f4-89a6-e0a59ac37b77_dee1fda8-a918-4e46-a0ae-4df9a1f035f7.jpg/250x188.webp https://prod.pictures.autoscout24.net/listing-images/775aba00-4e1c-43f4-89a6-e0a59ac37b77_abcd77bd-9966-4ef3-847b-8412f6e2a8e9.jpg/250x188.webp https://prod.pictures.autoscout24.net/listing-images/775aba00-4e1c-43f4-89a6-e0a59ac37b77_8d265618-0faf-4740-aa7c-afe0bb736cbf.jpg/250x188.webp https://prod.pictures.autoscout24.net/listing-images/775aba00-4e1c-43f4-89a6-e0a59ac37b77_99eacdd6-c07e-4c79-b1a8-9f629b986e27.jpg/250x188.webp https://prod.pictures.autoscout24.net/listing-images/775aba00-4e1c-43f4-89a6-e0a59ac37b77_babd57f1-8921-43bb-8425-d04a54375459.jpg/250x188.webp https://prod.pictures.autoscout24.net/listing-images/775aba00-4e1c-43f4-89a6-e0a59ac37b77_37eace29-6003-4da8-9f42-9c90f4ccdb44.jpg/250x188.webp https://prod.pictures.autoscout24.net/listing-images/775aba00-4e1c-43f4-89a6-e0a59ac37b77_3ec7a95f-ec2b-4f45-8dc4-19d47a8a46a1.jpg/250x188.webp https://prod.pictures.autoscout24.net/listing-images/775aba00-4e1c-43f4-89a6-e0a59ac37b77_92dbc19f-d133-4819-b6c5-0e5e7e52c0ce.jpg/250x188.webp,59.95002248665543,2001
e3bc04ae-3739-41bf-8575-36bbf5f8f82d,Volvo,XC40,1.5 R-Design 2WD,Dealer,20899,b,95467,07-2020,1000,https://prod.pictures.autoscout24.net/listing-images/e3bc04ae-3739-41bf-8575-36bbf5f8f82d_a44ba649-7005-4e24-b00d-e8199b243709.jpg/250x188.webp https://prod.pictures.autoscout24.net/listing-images/e3bc04ae-3739-41bf-8575-36bbf5f8f82d_b3725b1c-970c-4a36-a9a4-1f775dde91d6.png/250x188.webp https://prod.pictures.autoscout24.net/listing-images/e3bc04ae-3739-41bf-8575-36bbf5f8f82d_e8ac485f-2622-449c-a0c7-be617767af39.jpg/250x188.webp https://prod.pictures.autoscout24.net/listing-images/e3bc04ae-3739-41bf-8575-36bbf5f8f82d_95d5d549-5d31-4da4-9730-349877bab461.jpg/250x188.webp https://prod.pictures.autoscout24.net/listing-images/e3bc04ae-3739-41bf-8575-36bbf5f8f82d_bbf43a6c-fae0-461b-8d7b-41d3899d9956.jpg/250x188.webp https://prod.pictures.autoscout24.net/listing-images/e3bc04ae-3739-41bf-8575-36bbf5f8f82d_cbec1853-2ec7-4a5b-9ab5-411dfc39879e.jpg/250x188.webp https://prod.pictures.autoscout24.net/listing-images/e3bc04ae-3739-41bf-8575-36bbf5f8f82d_1f1d30c6-7c90-404a-ad5e-ab264a09db64.jpg/250x188.webp https://prod.pictures.autoscout24.net/listing-images/e3bc04ae-3739-41bf-8575-36bbf5f8f82d_d4759192-30f3-417f-b257-1221354fd5d8.jpg/250x188.webp https://prod.pictures.autoscout24.net/listing-images/e3bc04ae-3739-41bf-8575-36bbf5f8f82d_77d39412-cee3-4a71-b4c4-528d523d7f1d.jpg/250x188.webp https://prod.pictures.autoscout24.net/listing-images/e3bc04ae-3739-41bf-8575-36bbf5f8f82d_45050c02-f864-4dcb-a79e-ae3595ee2e19.jpg/250x188.webp https://prod.pictures.autoscout24.net/listing-images/e3bc04ae-3739-41bf-8575-36bbf5f8f82d_1bb196bc-9c7e-4f58-89c8-41fecb151d71.jpg/250x188.webp https://prod.pictures.autoscout24.net/listing-images/e3bc04ae-3739-41bf-8575-36bbf5f8f82d_55a2fcd6-3515-4107-9fd7-317255072ad3.jpg/250x188.webp https://prod.pictures.autoscout24.net/listing-images/e3bc04ae-3739-41bf-8575-36bbf5f8f82d_26877dd7-6018-4eaf-bf7f-2ce8112cbaea.jpg/250x188.webp https://prod.pictures.autoscout24.net/listing-images/e3bc04ae-3739-41bf-8575-36bbf5f8f82d_11929407-6987-471b-a470-b2a52465b7a3.jpg/250x188.webp https://prod.pictures.autoscout24.net/listing-images/e3bc04ae-3739-41bf-8575-36bbf5f8f82d_dab9d504-014a-4f80-9f8a-713f059293ba.jpg/250x188.webp https://prod.pictures.autoscout24.net/listing-images/e3bc04ae-3739-41bf-8575-36bbf5f8f82d_6c7f861b-3975-455e-bec0-0524741e9c44.jpg/250x188.webp https://prod.pictures.autoscout24.net/listing-images/e3bc04ae-3739-41bf-8575-36bbf5f8f82d_99ff3a72-1642-41c0-ba23-97a5bb5ed0ab.jpg/250x188.webp https://prod.pictures.autoscout24.net/listing-images/e3bc04ae-3739-41bf-8575-36bbf5f8f82d_df965d90-c271-4a36-b027-7eec96cf4ec0.png/250x188.webp https://prod.pictures.autoscout24.net/listing-images/e3bc04ae-3739-41bf-8575-36bbf5f8f82d_48b6bec1-cbea-4da8-88fb-41f08202a134.jpg/250x188.webp https://prod.pictures.autoscout24.net/listing-images/e3bc04ae-3739-41bf-8575-36bbf5f8f82d_4f15dce2-6650-4676-bafc-456dc47df14e.jpg/250x188.webp https://prod.pictures.autoscout24.net/listing-images/e3bc04ae-3739-41bf-8575-36bbf5f8f82d_ea5d1d05-c2be-44d3-b7cd-dabb8dede450.jpg/250x188.webp https://prod.pictures.autoscout24.net/listing-images/e3bc04ae-3739-41bf-8575-36bbf5f8f82d_6f5febe8-1bbe-4ebe-a9e7-f7e38e4bdb9b.jpg/250x188.webp https://prod.pictures.autoscout24.net/listing-images/e3bc04ae-3739-41bf-8575-36bbf5f8f82d_9a3294dc-f924-4e6a-b7b5-62c89101062d.jpg/250x188.webp https://prod.pictures.autoscout24.net/listing-images/e3bc04ae-3739-41bf-8575-36bbf5f8f82d_defb0205-8853-4726-9ba1-89714d535bc6.jpg/250x188.webp https://prod.pictures.autoscout24.net/listing-images/e3bc04ae-3739-41bf-8575-36bbf5f8f82d_a475bdbe-182d-4f4b-8733-9bcdaf9770ee.jpg/250x188.webp https://prod.pictures.autoscout24.net/listing-images/e3bc04ae-3739-41bf-8575-36bbf5f8f82d_99523bdd-2f42-431e-a62b-13f7bfc30de7.jpg/250x188.webp https://prod.pictures.autoscout24.net/listing-images/e3bc04ae-3739-41bf-8575-36bbf5f8f82d_ddfa749c-2d62-4ce0-adaa-711eb84c6572.jpg/250x188.webp https://prod.pictures.autoscout24.net/listing-images/e3bc04ae-3739-41bf-8575-36bbf5f8f82d_e89f853d-5320-476c-95f1-53f81164d178.jpg/250x188.webp https://prod.pictures.autoscout24.net/listing-images/e3bc04ae-3739-41bf-8575-36bbf5f8f82d_81a4349f-5b38-4893-b218-9e49441f2e93.jpg/250x188.webp https://prod.pictures.autoscout24.net/listing-images/e3bc04ae-3739-41bf-8575-36bbf5f8f82d_560330c3-9f34-4beb-b724-dc1198927a6b.jpg/250x188.webp,69.17270624549755,2063
be2673e2-b3e6-4928-9f6e-dc103f719cfc,Volvo,XC40,XC40 1.5 T2 Momentum Pro Geartronic,Dealer,21499,b,94118,07-2021,1880,https://prod.pictures.autoscout24.net/listing-images/be2673e2-b3e6-4928-9f6e-dc103f719cfc_c042053c-b92b-492d-929d-33121b713090.jpg/250x188.webp https://prod.pictures.autoscout24.net/listing-images/be2673e2-b3e6-4928-9f6e-dc103f719cfc_8d39e103-c512-4879-8255-c84484b6591a.jpg/250x188.webp https://prod.pictures.autoscout24.net/listing-images/be2673e2-b3e6-4928-9f6e-dc103f719cfc_cc0f1fd8-fada-43f7-80fa-967b462bec68.jpg/250x188.webp https://prod.pictures.autoscout24.net/listing-images/be2673e2-b3e6-4928-9f6e-dc103f719cfc_e9c9e628-de5b-41ac-aaa5-9b7e17ab71cf.jpg/250x188.webp https://prod.pictures.autoscout24.net/listing-images/be2673e2-b3e6-4928-9f6e-dc103f719cfc_05b13e6f-b77b-4bdb-abcf-b92a35f92ec1.jpg/250x188.webp https://prod.pictures.autoscout24.net/listing-images/be2673e2-b3e6-4928-9f6e-dc103f719cfc_baa75f0a-6253-4d51-a0ce-22eb077d43bd.jpg/250x188.webp https://prod.pictures.autoscout24.net/listing-images/be2673e2-b3e6-4928-9f6e-dc103f719cfc_fb995279-8d36-45b4-bae6-68500585a231.jpg/250x188.webp https://prod.pictures.autoscout24.net/listing-images/be2673e2-b3e6-4928-9f6e-dc103f719cfc_05aa9841-c880-4a98-8688-bc630b42820e.jpg/250x188.webp https://prod.pictures.autoscout24.net/listing-images/be2673e2-b3e6-4928-9f6e-dc103f719cfc_3a73cd0d-60b7-435b-b2c3-e2a65f20afa2.jpg/250x188.webp https://prod.pictures.autoscout24.net/listing-images/be2673e2-b3e6-4928-9f6e-dc103f719cfc_e7d9798e-a6d6-467c-8213-c68abde84d40.jpg/250x188.webp https://prod.pictures.autoscout24.net/listing-images/be2673e2-b3e6-4928-9f6e-dc103f719cfc_a7894354-2058-4f9b-ba4f-de2f8e826c28.jpg/250x188.webp https://prod.pictures.autoscout24.net/listing-images/be2673e2-b3e6-4928-9f6e-dc103f719cfc_27016550-df87-48e5-b99b-3d3877c7fcb5.jpg/250x188.webp https://prod.pictures.autoscout24.net/listing-images/be2673e2-b3e6-4928-9f6e-dc103f719cfc_554ed01f-4929-4f8f-90a6-0cb4dd48fe45.jpg/250x188.webp https://prod.pictures.autoscout24.net/listing-images/be2673e2-b3e6-4928-9f6e-dc103f719cfc_0802c545-6e04-4da1-b400-cf0c5abc447c.jpg/250x188.webp https://prod.pictures.autoscout24.net/listing-images/be2673e2-b3e6-4928-9f6e-dc103f719cfc_dbd5d5a8-5fc5-4149-8bfd-2c5908a15ef7.jpg/250x188.webp https://prod.pictures.autoscout24.net/listing-images/be2673e2-b3e6-4928-9f6e-dc103f719cfc_e435f5b0-b05a-4db5-bb31-ba095ca6e201.jpg/250x188.webp https://prod.pictures.autoscout24.net/listing-images/be2673e2-b3e6-4928-9f6e-dc103f719cfc_6dde50ff-0129-41ca-a9e5-b8d5c356b128.jpg/250x188.webp https://prod.pictures.autoscout24.net/listing-images/be2673e2-b3e6-4928-9f6e-dc103f719cfc_45ef1cff-0420-4467-9951-20c3459ce72d.jpg/250x188.webp https://prod.pictures.autoscout24.net/listing-images/be2673e2-b3e6-4928-9f6e-dc103f719cfc_fa036284-f600-40ca-9569-34027baeb327.jpg/250x188.webp https://prod.pictures.autoscout24.net/listing-images/be2673e2-b3e6-4928-9f6e-dc103f719cfc_5097e771-857c-43c5-9a1d-1d2c5aa23747.jpg/250x188.webp https://prod.pictures.autoscout24.net/listing-images/be2673e2-b3e6-4928-9f6e-dc103f719cfc_198da63c-6dcc-4be5-b7b6-f1f13bfe973b.jpg/250x188.webp,52.522655993257615,1698
10787c20-f76e-4d86-bd76-a2e9eafac92b,Volvo,V90,V90 2.0 T6 AWD Inscription Expression Geartronic,Dealer,21900,2,194643,11-2020,3840,https://prod.pictures.autoscout24.net/listing-images/10787c20-f76e-4d86-bd76-a2e9eafac92b_a45acf67-6857-4cff-84f0-42491ac0e148.jpg/250x188.webp https://prod.pictures.autoscout24.net/listing-images/10787c20-f76e-4d86-bd76-a2e9eafac92b_fe2c0aae-9de0-4eb5-baa4-7eaefe0b47c3.jpg/250x188.webp https://prod.pictures.autoscout24.net/listing-images/10787c20-f76e-4d86-bd76-a2e9eafac92b_aad0f26f-0d40-4742-8866-5a3f5a8e4c0f.jpg/250x188.webp https://prod.pictures.autoscout24.net/listing-images/10787c20-f76e-4d86-bd76-a2e9eafac92b_ab366158-7b65-40cf-b300-420470bec533.jpg/250x188.webp https://prod.pictures.autoscout24.net/listing-images/10787c20-f76e-4d86-bd76-a2e9eafac92b_64a21eb5-7f89-4e12-ac36-ef65e4a8e4a2.jpg/250x188.webp https://prod.pictures.autoscout24.net/listing-images/10787c20-f76e-4d86-bd76-a2e9eafac92b_8e97d88b-9666-4804-958a-dba8299c7e1d.jpg/250x188.webp https://prod.pictures.autoscout24.net/listing-images/10787c20-f76e-4d86-bd76-a2e9eafac92b_64105453-3afb-4337-8b41-c912c0125466.jpg/250x188.webp https://prod.pictures.autoscout24.net/listing-images/10787c20-f76e-4d86-bd76-a2e9eafac92b_f865b475-4cb4-424e-95f3-b9f67c5ceffa.jpg/250x188.webp https://prod.pictures.autoscout24.net/listing-images/10787c20-f76e-4d86-bd76-a2e9eafac92b_7a810e5e-853e-4ba4-a343-82492563805d.jpg/250x188.webp https://prod.pictures.autoscout24.net/listing-images/10787c20-f76e-4d86-bd76-a2e9eafac92b_ba3e280c-080e-40e8-9bbd-d2ac95cfb4d5.jpg/250x188.webp https://prod.pictures.autoscout24.net/listing-images/10787c20-f76e-4d86-bd76-a2e9eafac92b_a7ea4386-0211-4cdb-8d27-5c2056a3641d.jpg/250x188.webp https://prod.pictures.autoscout24.net/listing-images/10787c20-f76e-4d86-bd76-a2e9eafac92b_f5a1a019-6512-4611-be87-e1b1d326f2eb.jpg/250x188.webp https://prod.pictures.autoscout24.net/listing-images/10787c20-f76e-4d86-bd76-a2e9eafac92b_3d2f3261-28d9-41ec-9ea9-1658bbfc35b3.jpg/250x188.webp https://prod.pictures.autoscout24.net/listing-images/10787c20-f76e-4d86-bd76-a2e9eafac92b_b7a243ce-3655-48c4-b8a6-3ec405793abc.jpg/250x188.webp https://prod.pictures.autoscout24.net/listing-images/10787c20-f76e-4d86-bd76-a2e9eafac92b_e4e0ae8d-8822-4075-8be7-b6e57b43f766.jpg/250x188.webp https://prod.pictures.autoscout24.net/listing-images/10787c20-f76e-4d86-bd76-a2e9eafac92b_6544890a-cd09-4006-b98c-c9e532973878.jpg/250x188.webp https://prod.pictures.autoscout24.net/listing-images/10787c20-f76e-4d86-bd76-a2e9eafac92b_ece35d62-0875-4be8-afb6-f5026889797b.jpg/250x188.webp https://prod.pictures.autoscout24.net/listing-images/10787c20-f76e-4d86-bd76-a2e9eafac92b_47757fc5-dd2e-45b2-b006-0cefae42d9da.jpg/250x188.webp https://prod.pictures.autoscout24.net/listing-images/10787c20-f76e-4d86-bd76-a2e9eafac92b_73f6f310-291c-4a05-82bb-9f2b4c6f4d9f.jpg/250x188.webp https://prod.pictures.autoscout24.net/listing-images/10787c20-f76e-4d86-bd76-a2e9eafac92b_7b014833-1994-483a-a51a-5164e7f57940.jpg/250x188.webp https://prod.pictures.autoscout24.net/listing-images/10787c20-f76e-4d86-bd76-a2e9eafac92b_68b36808-5a84-40aa-a6c4-015395c780ea.jpg/250x188.webp https://prod.pictures.autoscout24.net/listing-images/10787c20-f76e-4d86-bd76-a2e9eafac92b_57f19117-b65e-43bb-8a7d-b6b1cfb8e577.jpg/250x188.webp https://prod.pictures.autoscout24.net/listing-images/10787c20-f76e-4d86-bd76-a2e9eafac92b_2d56f337-6dec-4b40-ac67-2262e0e6cdfb.jpg/250x188.webp https://prod.pictures.autoscout24.net/listing-images/10787c20-f76e-4d86-bd76-a2e9eafac92b_43159b78-08a1-4f91-9be3-6f01408e0ecc.jpg/250x188.webp https://prod.pictures.autoscout24.net/listing-images/10787c20-f76e-4d86-bd76-a2e9eafac92b_3b098bef-4426-4b2e-afcc-5d083f3f82b0.jpg/250x188.webp https://prod.pictures.autoscout24.net/listing-images/10787c20-f76e-4d86-bd76-a2e9eafac92b_6981b79d-a692-4042-8b81-030dceab9386.jpg/250x188.webp https://prod.pictures.autoscout24.net/listing-images/10787c20-f76e-4d86-bd76-a2e9eafac92b_b134fef6-1bfe-4128-8440-8afa8ec55b1d.jpg/250x188.webp https://prod.pictures.autoscout24.net/listing-images/10787c20-f76e-4d86-bd76-a2e9eafac92b_dc94d879-933d-4bbc-82f2-09cc2b4711db.jpg/250x188.webp https://prod.pictures.autoscout24.net/listing-images/10787c20-f76e-4d86-bd76-a2e9eafac92b_99cd24a0-94d5-4920-ac12-3ffaad52d4bd.jpg/250x188.webp https://prod.pictures.autoscout24.net/listing-images/10787c20-f76e-4d86-bd76-a2e9eafac92b_f4d85840-88c4-403f-9116-aacdc0b9eb25.jpg/250x188.webp,96.07293751748698,1940
a6111959-8591-4048-bcd2-131a081960cd,Volvo,XC40,1.5 T3 163CV MOMENTUM CAMERA GPS LED AUTO,Dealer,21900,b,85000,07-2020,6200,https://prod.pictures.autoscout24.net/listing-images/a6111959-8591-4048-bcd2-131a081960cd_a658cb97-7913-47da-ae0e-97882a1af1cf.jpg/250x188.webp https://prod.pictures.autoscout24.net/listing-images/a6111959-8591-4048-bcd2-131a081960cd_e4c23b53-88a1-4483-873e-3fb5a6cbc63c.jpg/250x188.webp https://prod.pictures.autoscout24.net/listing-images/a6111959-8591-4048-bcd2-131a081960cd_7047b09d-b7b5-43c6-bc08-650bc3adc280.jpg/250x188.webp https://prod.pictures.autoscout24.net/listing-images/a6111959-8591-4048-bcd2-131a081960cd_06a85051-f17e-4bcf-b610-4d58d490bdad.jpg/250x188.webp https://prod.pictures.autoscout24.net/listing-images/a6111959-8591-4048-bcd2-131a081960cd_ea43408b-7372-4304-8fca-4dd9a656709a.jpg/250x188.webp https://prod.pictures.autoscout24.net/listing-images/a6111959-8591-4048-bcd2-131a081960cd_7ae57583-74ad-450c-a339-9415ee1cd3a9.jpg/250x188.webp https://prod.pictures.autoscout24.net/listing-images/a6111959-8591-4048-bcd2-131a081960cd_dce1fba8-8321-492e-b91b-f7610f1cf006.jpg/250x188.webp https://prod.pictures.autoscout24.net/listing-images/a6111959-8591-4048-bcd2-131a081960cd_842cb232-df20-43e7-b590-b521e9be2770.jpg/250x188.webp https://prod.pictures.autoscout24.net/listing-images/a6111959-8591-4048-bcd2-131a081960cd_e22d5bab-db93-4daa-95a7-ce0a1a1e9e49.jpg/250x188.webp https://prod.pictures.autoscout24.net/listing-images/a6111959-8591-4048-bcd2-131a081960cd_64b62d6b-6d35-400d-baeb-f1c3decebd0e.jpg/250x188.webp https://prod.pictures.autoscout24.net/listing-images/a6111959-8591-4048-bcd2-131a081960cd_d1a47bc5-b24a-4c76-b121-06802b7b5a5e.jpg/250x188.webp https://prod.pictures.autoscout24.net/listing-images/a6111959-8591-4048-bcd2-131a081960cd_02fa18bd-e13a-40e9-b75f-b7d66df2410c.jpg/250x188.webp https://prod.pictures.autoscout24.net/listing-images/a6111959-8591-4048-bcd2-131a081960cd_e288bebd-ffa3-4a1c-bfb9-8b4de821775f.jpg/250x188.webp https://prod.pictures.autoscout24.net/listing-images/a6111959-8591-4048-bcd2-131a081960cd_67a8293a-70ef-475b-b6f2-162c35d4d64f.jpg/250x188.webp https://prod.pictures.autoscout24.net/listing-images/a6111959-8591-4048-bcd2-131a081960cd_50d243b3-9bc4-45ea-97af-bfda038fb0a9.jpg/250x188.webp https://prod.pictures.autoscout24.net/listing-images/a6111959-8591-4048-bcd2-131a081960cd_338231d4-56bc-43e8-bdb0-5ef07df98d61.jpg/250x188.webp https://prod.pictures.autoscout24.net/listing-images/a6111959-8591-4048-bcd2-131a081960cd_a471ac97-e73a-4653-9eda-997af8f8869e.jpg/250x188.webp https://prod.pictures.autoscout24.net/listing-images/a6111959-8591-4048-bcd2-131a081960cd_43be078a-f1c4-4f8b-b949-2ec3bd4eaa4c.jpg/250x188.webp https://prod.pictures.autoscout24.net/listing-images/a6111959-8591-4048-bcd2-131a081960cd_d75a51be-48f9-4737-aedf-defa201faafb.jpg/250x188.webp https://prod.pictures.autoscout24.net/listing-images/a6111959-8591-4048-bcd2-131a081960cd_d0c22153-e1d8-48da-bece-616053d595fb.jpg/250x188.webp https://prod.pictures.autoscout24.net/listing-images/a6111959-8591-4048-bcd2-131a081960cd_05f456c5-33b0-4a2a-aaaa-700ddc1cd977.jpg/250x188.webp https://prod.pictures.autoscout24.net/listing-images/a6111959-8591-4048-bcd2-131a081960cd_0caa9c77-fdb9-4796-83dd-3a3018a7cc3c.jpg/250x188.webp https://prod.pictures.autoscout24.net/listing-images/a6111959-8591-4048-bcd2-131a081960cd_f9cd20dd-cc40-4eb7-90de-331d81ce8903.jpg/250x188.webp https://prod.pictures.autoscout24.net/listing-images/a6111959-8591-4048-bcd2-131a081960cd_650a4806-24ec-4575-9ad1-5f431669813b.jpg/250x188.webp,118.44618105987009,2063
90069ff4-193e-44b8-a41a-9e8741bfd0c0,Volvo,XC40,1.5 T2 Geartronic/1eignr/80800km/Carplay/Cruise...,Dealer,21995,b,80837,07-2021,8610,https://prod.pictures.autoscout24.net/listing-images/90069ff4-193e-44b8-a41a-9e8741bfd0c0_19a5f7fc-9177-4ea3-88b5-2ce8391dffa1.jpg/250x188.webp https://prod.pictures.autoscout24.net/listing-images/90069ff4-193e-44b8-a41a-9e8741bfd0c0_102859a7-dfb1-43d9-9c62-1a8acd14ebbe.jpg/250x188.webp https://prod.pictures.autoscout24.net/listing-images/90069ff4-193e-44b8-a41a-9e8741bfd0c0_6f285f57-18b3-45b4-bb4a-3b08330e6ad2.jpg/250x188.webp https://prod.pictures.autoscout24.net/listing-images/90069ff4-193e-44b8-a41a-9e8741bfd0c0_fd4dd039-eb71-42a5-afb4-cffef9558b44.jpg/250x188.webp https://prod.pictures.autoscout24.net/listing-images/90069ff4-193e-44b8-a41a-9e8741bfd0c0_ba1a9bfb-2512-4a1d-a383-b8684cd96ba2.jpg/250x188.webp https://prod.pictures.autoscout24.net/listing-images/90069ff4-193e-44b8-a41a-9e8741bfd0c0_53a4fd86-3d4d-4ecd-844c-a39f10a1f61c.jpg/250x188.webp https://prod.pictures.autoscout24.net/listing-images/90069ff4-193e-44b8-a41a-9e8741bfd0c0_f546099e-a2b3-42ee-ac6f-3d5b1f2feee1.jpg/250x188.webp https://prod.pictures.autoscout24.net/listing-images/90069ff4-193e-44b8-a41a-9e8741bfd0c0_b2328db4-f6f8-4522-a2d3-b635e93cedc5.jpg/250x188.webp https://prod.pictures.autoscout24.net/listing-images/90069ff4-193e-44b8-a41a-9e8741bfd0c0_43b3a018-907d-4ae1-b54d-7092c63f929a.jpg/250x188.webp https://prod.pictures.autoscout24.net/listing-images/90069ff4-193e-44b8-a41a-9e8741bfd0c0_fa835cb6-9197-44d8-b307-8ba2bb6eaff4.jpg/250x188.webp https://prod.pictures.autoscout24.net/listing-images/90069ff4-193e-44b8-a41a-9e8741bfd0c0_05d67f38-8fe8-47f8-9f17-d24bbe7bf683.jpg/250x188.webp https://prod.pictures.autoscout24.net/listing-images/90069ff4-193e-44b8-a41a-9e8741bfd0c0_fb1bce19-a89c-4358-acb9-7b45d720dfc4.jpg/250x188.webp https://prod.pictures.autoscout24.net/listing-images/90069ff4-193e-44b8-a41a-9e8741bfd0c0_61c9d8a4-b8c8-4edb-8bc4-ffcc78f3de6a.jpg/250x188.webp https://prod.pictures.autoscout24.net/listing-images/90069ff4-193e-44b8-a41a-9e8741bfd0c0_8b9403ac-e7ce-41b8-a703-4581912b0630.jpg/250x188.webp https://prod.pictures.autoscout24.net/listing-images/90069ff4-193e-44b8-a41a-9e8741bfd0c0_c82e6306-ea9a-4928-a9e7-76b8233cdc75.jpg/250x188.webp https://prod.pictures.autoscout24.net/listing-images/90069ff4-193e-44b8-a41a-9e8741bfd0c0_28448b7c-68d6-4131-81dd-a31556d1d4e1.jpg/250x188.webp https://prod.pictures.autoscout24.net/listing-images/90069ff4-193e-44b8-a41a-9e8741bfd0c0_ded2d96a-3458-4207-87b4-eb0ae4d61051.jpg/250x188.webp https://prod.pictures.autoscout24.net/listing-images/90069ff4-193e-44b8-a41a-9e8741bfd0c0_0c2c997a-cc5c-49d0-bf10-7aa5465d5e16.jpg/250x188.webp https://prod.pictures.autoscout24.net/listing-images/90069ff4-193e-44b8-a41a-9e8741bfd0c0_0007bfb6-9aa8-499d-896b-daccfaf53922.jpg/250x188.webp https://prod.pictures.autoscout24.net/listing-images/90069ff4-193e-44b8-a41a-9e8741bfd0c0_dae18581-9d63-4350-8cbc-a8b35ac5f4cc.jpg/250x188.webp,113.97510923289902,1698
6800d34b-1e26-468c-9137-6dd3b1ca6ef0,Volvo,XC40,1.5 T3 Geartronic,PrivateSeller,22000,b,134834,08-2020,4000,https://prod.pictures.autoscout24.net/listing-images/6800d34b-1e26-468c-9137-6dd3b1ca6ef0_e00d665e-e841-4d29-aaf8-9390a023aed6.jpg/250x188.webp https://prod.pictures.autoscout24.net/listing-images/6800d34b-1e26-468c-9137-6dd3b1ca6ef0_059c2317-5cac-4c95-96cd-10ecc9bf3e7b.jpg/250x188.webp https://prod.pictures.autoscout24.net/listing-images/6800d34b-1e26-468c-9137-6dd3b1ca6ef0_8971a0af-1fc0-49ce-b9ac-4a4216f82071.jpg/250x188.webp https://prod.pictures.autoscout24.net/listing-images/6800d34b-1e26-468c-9137-6dd3b1ca6ef0_4f95a598-b13d-42d0-a0d7-98c018d398a8.jpg/250x188.webp https://prod.pictures.autoscout24.net/listing-images/6800d34b-1e26-468c-9137-6dd3b1ca6ef0_f14775b5-2142-499b-b558-4a5b75a4c47f.jpg/250x188.webp https://prod.pictures.autoscout24.net/listing-images/6800d34b-1e26-468c-9137-6dd3b1ca6ef0_f35b89ab-fbe3-4407-ac7e-34cbfdb71b18.jpg/250x188.webp https://prod.pictures.autoscout24.net/listing-images/6800d34b-1e26-468c-9137-6dd3b1ca6ef0_742f51cf-f17b-422e-84cc-d1829a48181f.jpg/250x188.webp https://prod.pictures.autoscout24.net/listing-images/6800d34b-1e26-468c-9137-6dd3b1ca6ef0_0fba07c3-6f16-4328-8dd3-32a6a844c30d.jpg/250x188.webp https://prod.pictures.autoscout24.net/listing-images/6800d34b-1e26-468c-9137-6dd3b1ca6ef0_5f66f728-9a05-4104-ac18-4f916ecacb8d.jpg/250x188.webp https://prod.pictures.autoscout24.net/listing-images/6800d34b-1e26-468c-9137-6dd3b1ca6ef0_734865a9-f67e-40e5-a442-91ea9550dbf3.jpg/250x188.webp https://prod.pictures.autoscout24.net/listing-images/6800d34b-1e26-468c-9137-6dd3b1ca6ef0_0e063f9f-cdd3-4df0-ac30-dfe3cbabe562.jpg/250x188.webp https://prod.pictures.autoscout24.net/listing-images/6800d34b-1e26-468c-9137-6dd3b1ca6ef0_f879021e-f88a-42da-9bf9-8add3218f973.jpg/250x188.webp https://prod.pictures.autoscout24.net/listing-images/6800d34b-1e26-468c-9137-6dd3b1ca6ef0_b7e8c76a-3808-4772-8fef-868457dfe884.jpg/250x188.webp https://prod.pictures.autoscout24.net/listing-images/6800d34b-1e26-468c-9137-6dd3b1ca6ef0_975365d5-08c2-4b92-baa9-9a343723ac38.jpg/250x188.webp https://prod.pictures.autoscout24.net/listing-images/6800d34b-1e26-468c-9137-6dd3b1ca6ef0_f6e86b01-3b46-4f77-a1eb-d97e50af45ba.jpg/250x188.webp https://prod.pictures.autoscout24.net/listing-images/6800d34b-1e26-468c-9137-6dd3b1ca6ef0_a0d7733a-fa0b-460c-965b-377e29f1e127.jpg/250x188.webp https://prod.pictures.autoscout24.net/listing-images/6800d34b-1e26-468c-9137-6dd3b1ca6ef0_dc1e1128-8f70-49fa-8ea3-95d324758fb9.jpg/250x188.webp https://prod.pictures.autoscout24.net/listing-images/6800d34b-1e26-468c-9137-6dd3b1ca6ef0_37943a10-7e32-47f9-86f0-7c39c3e4144d.jpg/250x188.webp https://prod.pictures.autoscout24.net/listing-images/6800d34b-1e26-468c-9137-6dd3b1ca6ef0_d7ba9c39-04ce-4b92-83cf-9fbf65b27ca3.jpg/250x188.webp https://prod.pictures.autoscout24.net/listing-images/6800d34b-1e26-468c-9137-6dd3b1ca6ef0_12fe3a8d-713b-42a4-85e8-2df60ff59a94.jpg/250x188.webp,118.13543228476182,2032
568ff593-7631-473a-9e06-abed40170601,Volvo,XC40,XC40 1.5 T2 Momentum Pro Geartronic,PrivateSeller,22350,b,85000,03-2021,1420,https://prod.pictures.autoscout24.net/listing-images/568ff593-7631-473a-9e06-abed40170601_10f39169-69d1-4be8-94d7-7a579b11a3ed.jpg/250x188.webp https://prod.pictures.autoscout24.net/listing-images/568ff593-7631-473a-9e06-abed40170601_21f394a2-a4fd-4434-a541-f17c5bb91070.jpg/250x188.webp https://prod.pictures.autoscout24.net/listing-images/568ff593-7631-473a-9e06-abed40170601_164ef1de-fb42-4793-9170-3e183689ec4b.jpg/250x188.webp https://prod.pictures.autoscout24.net/listing-images/568ff593-7631-473a-9e06-abed40170601_295cc40c-9194-42f3-b2fb-ae300904ecc7.jpg/250x188.webp https://prod.pictures.autoscout24.net/listing-images/568ff593-7631-473a-9e06-abed40170601_d8a1478a-bda7-4668-87f7-2b238f3d073f.jpg/250x188.webp https://prod.pictures.autoscout24.net/listing-images/568ff593-7631-473a-9e06-abed40170601_1a1eeeae-88ec-4d16-8f41-9bdc55a7d83a.jpg/250x188.webp https://prod.pictures.autoscout24.net/listing-images/568ff593-7631-473a-9e06-abed40170601_4e29e5d8-fd09-43d6-b0f3-30b5f95c8967.jpg/250x188.webp https://prod.pictures.autoscout24.net/listing-images/568ff593-7631-473a-9e06-abed40170601_22d06185-8c28-42df-985b-dd30a56db74e.jpg/250x188.webp,87.49639779077864,1820
2870f8f5-94a4-411d-87b9-eac02b1fdbe5,Volvo,XC40,XC40 1.5 T4 PHEV Inscription,PrivateSeller,22500,2,115231,03-2021,9860,https://prod.pictures.autoscout24.net/listing-images/2870f8f5-94a4-411d-87b9-eac02b1fdbe5_992b931a-c73a-4ecd-a0e4-b02015bdddfb.jpg/250x188.webp https://prod.pictures.autoscout24.net/listing-images/2870f8f5-94a4-411d-87b9-eac02b1fdbe5_fcb4fce8-2e56-415b-9edc-37edddddd979.png/250x188.webp https://prod.pictures.autoscout24.net/listing-images/2870f8f5-94a4-411d-87b9-eac02b1fdbe5_b38d09da-eff1-4039-9305-0510c9b59b2e.png/250x188.webp https://prod.pictures.autoscout24.net/listing-images/2870f8f5-94a4-411d-87b9-eac02b1fdbe5_73dd6fc1-444a-4d25-89bf-9486adce6040.jpg/250x188.webp https://prod.pictures.autoscout24.net/listing-images/2870f8f5-94a4-411d-87b9-eac02b1fdbe5_e91dc5a9-0072-4d9b-bbae-1f1f6553ef73.jpg/250x188.webp https://prod.pictures.autoscout24.net/listing-images/2870f8f5-94a4-411d-87b9-eac02b1fdbe5_cf7e6995-b9e9-4eb4-9b3d-297fcff11f26.jpg/250x188.webp https://prod.pictures.autoscout24.net/listing-images/2870f8f5-94a4-411d-87b9-eac02b1fdbe5_8486cb73-869c-4667-9326-d8eb28cf91e3.jpg/250x188.webp https://prod.pictures.autoscout24.net/listing-images/2870f8f5-94a4-411d-87b9-eac02b1fdbe5_9aea6ee3-518a-4677-a908-f0847d3e6606.jpg/250x188.webp https://prod.pictures.autoscout24.net/listing-images/2870f8f5-94a4-411d-87b9-eac02b1fdbe5_07151d29-a254-4440-9a7e-c1eba9e5d1bd.jpg/250x188.webp https://prod.pictures.autoscout24.net/listing-images/2870f8f5-94a4-411d-87b9-eac02b1fdbe5_f47bf44f-f8e2-4dfe-847b-455832c02145.jpg/250x188.webp https://prod.pictures.autoscout24.net/listing-images/2870f8f5-94a4-411d-87b9-eac02b1fdbe5_e360fac6-0620-431e-8c34-bf45dec62f96.jpg/250x188.webp,74.17890728926801,1820
212417c3-2236-4459-8418-a88193fbf7a1,Volvo,XC60,XC60 T4 Geartronic Inscription,PrivateSeller,22500,b,162000,01-2020,1080,https://prod.pictures.autoscout24.net/listing-images/212417c3-2236-4459-8418-a88193fbf7a1_63b8f585-f1a8-47d2-8fd9-c8b6854075e0.jpg/250x188.webp https://prod.pictures.autoscout24.net/listing-images/212417c3-2236-4459-8418-a88193fbf7a1_1e0e3919-6ec6-46ae-b35f-fd58f448d03d.jpg/250x188.webp https://prod.pictures.autoscout24.net/listing-images/212417c3-2236-4459-8418-a88193fbf7a1_fdb003b1-a261-4652-a539-8f1a0406d9ff.jpg/250x188.webp https://prod.pictures.autoscout24.net/listing-images/212417c3-2236-4459-8418-a88193fbf7a1_64e601d7-c4e3-43c9-bfdc-78d5470e96ea.jpg/250x188.webp https://prod.pictures.autoscout24.net/listing-images/212417c3-2236-4459-8418-a88193fbf7a1_9b408d8f-0baf-43c4-8225-8359dc822a3c.jpg/250x188.webp https://prod.pictures.autoscout24.net/listing-images/212417c3-2236-4459-8418-a88193fbf7a1_5ddd4586-2051-4961-91b1-63fe6a0928bf.jpg/250x188.webp https://prod.pictures.autoscout24.net/listing-images/212417c3-2236-4459-8418-a88193fbf7a1_1b605b3f-1939-49f5-ab0a-e5f4f3cb812e.jpg/250x188.webp https://prod.pictures.autoscout24.net/listing-images/212417c3-2236-4459-8418-a88193fbf7a1_950b9213-1583-4fed-8e63-a0dab5d570fd.jpg/250x188.webp https://prod.pictures.autoscout24.net/listing-images/212417c3-2236-4459-8418-a88193fbf7a1_1a0c5ea5-1edd-464a-ae92-1305abfe53c0.jpg/250x188.webp https://prod.pictures.autoscout24.net/listing-images/212417c3-2236-4459-8418-a88193fbf7a1_579b2dc5-c90f-43fa-9666-9497f20a26bf.jpg/250x188.webp https://prod.pictures.autoscout24.net/listing-images/212417c3-2236-4459-8418-a88193fbf7a1_fa6daf79-59fa-4af9-be04-bc99769c4adf.jpg/250x188.webp https://prod.pictures.autoscout24.net/listing-images/212417c3-2236-4459-8418-a88193fbf7a1_c6fd75f8-1178-4b7d-8d6b-89a4664298ba.jpg/250x188.webp,69.57979227671277,2245
c69cde7a-3f08-4dcb-8696-db011ece18d7,Volvo,V60,T6 Hybrid/1steEig/118000km/Halfleder/Cruise/LED,Dealer,23995,2,118661,02-2020,8610,https://prod.pictures.autoscout24.net/listing-images/c69cde7a-3f08-4dcb-8696-db011ece18d7_af87d81e-260c-437d-8845-265dc08cc039.jpg/250x188.webp https://prod.pictures.autoscout24.net/listing-images/c69cde7a-3f08-4dcb-8696-db011ece18d7_01669f22-e2a3-456a-8835-4ff502f7195d.jpg/250x188.webp https://prod.pictures.autoscout24.net/listing-images/c69cde7a-3f08-4dcb-8696-db011ece18d7_242a48c9-2a6c-49c1-ae58-af00a7c36a41.jpg/250x188.webp https://prod.pictures.autoscout24.net/listing-images/c69cde7a-3f08-4dcb-8696-db011ece18d7_d51e9fca-736d-4a25-bbf0-42d042bb2cda.jpg/250x188.webp https://prod.pictures.autoscout24.net/listing-images/c69cde7a-3f08-4dcb-8696-db011ece18d7_0ef8d70d-fd7b-4512-ada8-aceffbd85b95.jpg/250x188.webp https://prod.pictures.autoscout24.net/listing-images/c69cde7a-3f08-4dcb-8696-db011ece18d7_b26f620c-e65b-47ba-ae47-b9a282554f2d.jpg/250x188.webp https://prod.pictures.autoscout24.net/listing-images/c69cde7a-3f08-4dcb-8696-db011ece18d7_b839534a-0d42-47af-8d98-ef6dab2260dd.jpg/250x188.webp https://prod.pictures.autoscout24.net/listing-images/c69cde7a-3f08-4dcb-8696-db011ece18d7_221c8af0-4d05-4d9e-8f95-283b80216e1d.jpg/250x188.webp https://prod.pictures.autoscout24.net/listing-images/c69cde7a-3f08-4dcb-8696-db011ece18d7_50aea116-a653-4d66-99e9-97acddabe9db.jpg/250x188.webp https://prod.pictures.autoscout24.net/listing-images/c69cde7a-3f08-4dcb-8696-db011ece18d7_3051be23-4f3d-44fd-90ee-6edccbf09b8a.jpg/250x188.webp https://prod.pictures.autoscout24.net/listing-images/c69cde7a-3f08-4dcb-8696-db011ece18d7_7ec8a7ad-266b-40d2-a945-c43a083cf6f0.jpg/250x188.webp https://prod.pictures.autoscout24.net/listing-images/c69cde7a-3f08-4dcb-8696-db011ece18d7_43723ab8-2b0f-4cd7-8b0c-fb93f3dd1b10.jpg/250x188.webp https://prod.pictures.autoscout24.net/listing-images/c69cde7a-3f08-4dcb-8696-db011ece18d7_234f4148-389b-4c15-bd0f-a582678b797f.jpg/250x188.webp https://prod.pictures.autoscout24.net/listing-images/c69cde7a-3f08-4dcb-8696-db011ece18d7_8f5123fb-6140-49d0-93da-cf1c981e6dad.jpg/250x188.webp https://prod.pictures.autoscout24.net/listing-images/c69cde7a-3f08-4dcb-8696-db011ece18d7_ced257ef-cb66-4978-bda5-3fba24e63a22.jpg/250x188.webp https://prod.pictures.autoscout24.net/listing-images/c69cde7a-3f08-4dcb-8696-db011ece18d7_6dc50ae3-ba7b-4e06-ac33-4b67129b929e.jpg/250x188.webp,113.97510923289902,2214
a9283f6b-09ed-4fc1-8161-2604d280e034,Volvo,XC40,AUTOMAAT / Camera / Navigatie / Harman-Kardon a...,Dealer,24249,2,97109,02-2021,8520,https://prod.pictures.autoscout24.net/listing-images/a9283f6b-09ed-4fc1-8161-2604d280e034_07206e48-1222-4fd2-8c3f-067f37b4d2d9.jpg/250x188.webp https://prod.pictures.autoscout24.net/listing-images/a9283f6b-09ed-4fc1-8161-2604d280e034_695836ac-a7bf-4008-b6e8-9ce8684d28d8.jpg/250x188.webp https://prod.pictures.autoscout24.net/listing-images/a9283f6b-09ed-4fc1-8161-2604d280e034_38dda2a2-d163-47e6-b618-4501bf0109cb.jpg/250x188.webp https://prod.pictures.autoscout24.net/listing-images/a9283f6b-09ed-4fc1-8161-2604d280e034_1f0c2a96-b70f-479d-8612-e1b504a7fa18.jpg/250x188.webp https://prod.pictures.autoscout24.net/listing-images/a9283f6b-09ed-4fc1-8161-2604d280e034_764b2929-119f-4c87-b61b-dc15a92c5364.jpg/250x188.webp https://prod.pictures.autoscout24.net/listing-images/a9283f6b-09ed-4fc1-8161-2604d280e034_18bcdeaa-3e07-4271-8eb0-13621c466a1d.jpg/250x188.webp https://prod.pictures.autoscout24.net/listing-images/a9283f6b-09ed-4fc1-8161-2604d280e034_c3f315d7-065c-495d-8a37-7da348892cf6.jpg/250x188.webp https://prod.pictures.autoscout24.net/listing-images/a9283f6b-09ed-4fc1-8161-2604d280e034_06ccda84-6b8a-4d37-b0b5-0db9f879c209.jpg/250x188.webp https://prod.pictures.autoscout24.net/listing-images/a9283f6b-09ed-4fc1-8161-2604d280e034_da285be0-bf9c-42fc-ace4-354bf60099cf.jpg/250x188.webp https://prod.pictures.autoscout24.net/listing-images/a9283f6b-09ed-4fc1-8161-2604d280e034_c01b98db-06fc-4f6f-b547-5d92ac3cbf72.jpg/250x188.webp https://prod.pictures.autoscout24.net/listing-images/a9283f6b-09ed-4fc1-8161-2604d280e034_af3462e1-07ff-4044-8933-b36704e477e3.jpg/250x188.webp https://prod.pictures.autoscout24.net/listing-images/a9283f6b-09ed-4fc1-8161-2604d280e034_d65069f4-eeec-4d46-959a-d77554bd996a.jpg/250x188.webp https://prod.pictures.autoscout24.net/listing-images/a9283f6b-09ed-4fc1-8161-2604d280e034_65e1ca3b-f4fe-46b4-acf4-d654945fa643.jpg/250x188.webp https://prod.pictures.autoscout24.net/listing-images/a9283f6b-09ed-4fc1-8161-2604d280e034_9e8ac0f4-0da4-457a-a2fa-487db9372ce7.jpg/250x188.webp https://prod.pictures.autoscout24.net/listing-images/a9283f6b-09ed-4fc1-8161-2604d280e034_b594bb31-714c-47ca-9c21-e30ede06a9fb.jpg/250x188.webp,107.45339579517565,1848
9e112606-f5be-4745-a8b9-d2d0738f36ec,Volvo,XC40,XC40 T2 Momentum Core Geartronic,Dealer,24490,b,55899,11-2021,5100,https://prod.pictures.autoscout24.net/listing-images/9e112606-f5be-4745-a8b9-d2d0738f36ec_5ce95850-06dd-4b61-bcb4-9d7e6bf5c58e.jpg/250x188.webp https://prod.pictures.autoscout24.net/listing-images/9e112606-f5be-4745-a8b9-d2d0738f36ec_df3a7935-716a-4e4e-8457-13bbea39172d.jpg/250x188.webp https://prod.pictures.autoscout24.net/listing-images/9e112606-f5be-4745-a8b9-d2d0738f36ec_1513afc1-04b4-4fb9-b78d-6523388d6f5d.jpg/250x188.webp https://prod.pictures.autoscout24.net/listing-images/9e112606-f5be-4745-a8b9-d2d0738f36ec_ae878fae-72ab-4cb3-9aa1-78251117b6d4.jpg/250x188.webp https://prod.pictures.autoscout24.net/listing-images/9e112606-f5be-4745-a8b9-d2d0738f36ec_07f4e11a-b77e-41e9-bf8c-d1db352afb58.jpg/250x188.webp https://prod.pictures.autoscout24.net/listing-images/9e112606-f5be-4745-a8b9-d2d0738f36ec_4e8091cf-3cb8-4821-afaf-108a719e5bfc.jpg/250x188.webp https://prod.pictures.autoscout24.net/listing-images/9e112606-f5be-4745-a8b9-d2d0738f36ec_1bb68fd3-b59e-48e8-b9f2-cddf05a53081.jpg/250x188.webp https://prod.pictures.autoscout24.net/listing-images/9e112606-f5be-4745-a8b9-d2d0738f36ec_34750c60-9bc4-48bf-b63d-11abeb6d3a32.jpg/250x188.webp https://prod.pictures.autoscout24.net/listing-images/9e112606-f5be-4745-a8b9-d2d0738f36ec_86aa29e2-504b-4f0d-ad97-21ee8bddd20f.jpg/250x188.webp https://prod.pictures.autoscout24.net/listing-images/9e112606-f5be-4745-a8b9-d2d0738f36ec_c9d81677-19e6-44da-9e48-88df3e3af616.jpg/250x188.webp https://prod.pictures.autoscout24.net/listing-images/9e112606-f5be-4745-a8b9-d2d0738f36ec_f1a7a58a-8eb1-48f3-82a9-a9b5913cdb5c.jpg/250x188.webp https://prod.pictures.autoscout24.net/listing-images/9e112606-f5be-4745-a8b9-d2d0738f36ec_8e7fa792-fff6-4509-ab23-d49be985ad12.jpg/250x188.webp https://prod.pictures.autoscout24.net/listing-images/9e112606-f5be-4745-a8b9-d2d0738f36ec_d6101aa6-275f-449c-afaf-a7bf301b2730.jpg/250x188.webp https://prod.pictures.autoscout24.net/listing-images/9e112606-f5be-4745-a8b9-d2d0738f36ec_83641440-6d44-489a-b74b-45d833180aec.jpg/250x188.webp https://prod.pictures.autoscout24.net/listing-images/9e112606-f5be-4745-a8b9-d2d0738f36ec_8507bdc7-4c5e-41b5-a79a-508c7640ba04.jpg/250x188.webp https://prod.pictures.autoscout24.net/listing-images/9e112606-f5be-4745-a8b9-d2d0738f36ec_dfd9b582-1a8e-48c2-bf39-b90414405303.jpg/250x188.webp https://prod.pictures.autoscout24.net/listing-images/9e112606-f5be-4745-a8b9-d2d0738f36ec_f57229e8-3190-49b0-a37d-5c362de507a0.jpg/250x188.webp https://prod.pictures.autoscout24.net/listing-images/9e112606-f5be-4745-a8b9-d2d0738f36ec_2ab84632-7455-4a55-9dc3-a54b85a9e697.jpg/250x188.webp https://prod.pictures.autoscout24.net/listing-images/9e112606-f5be-4745-a8b9-d2d0738f36ec_9ff60adf-cbf4-42a3-98e7-23b246c39ad5.jpg/250x188.webp https://prod.pictures.autoscout24.net/listing-images/9e112606-f5be-4745-a8b9-d2d0738f36ec_49eee5c5-05ab-48a9-869d-2512fc2f14bb.jpg/250x188.webp https://prod.pictures.autoscout24.net/listing-images/9e112606-f5be-4745-a8b9-d2d0738f36ec_04bb3a4c-50b0-45a1-8d23-22d2246b0911.jpg/250x188.webp https://prod.pictures.autoscout24.net/listing-images/9e112606-f5be-4745-a8b9-d2d0738f36ec_040eb7f4-ab1f-47a7-bc65-b07c12122618.jpg/250x188.webp https://prod.pictures.autoscout24.net/listing-images/9e112606-f5be-4745-a8b9-d2d0738f36ec_c3e9acef-f8fb-433c-be66-11293e3b0213.jpg/250x188.webp https://prod.pictures.autoscout24.net/listing-images/9e112606-f5be-4745-a8b9-d2d0738f36ec_c2eac218-5462-4f14-9238-43574d00404c.jpg/250x188.webp https://prod.pictures.autoscout24.net/listing-images/9e112606-f5be-4745-a8b9-d2d0738f36ec_623f78be-fedc-428c-98bf-7c00528fa332.jpg/250x188.webp,119.56321289111871,1575
611e7583-1572-4bbb-a512-8c22002305e1,Volvo,V60,B3 Geartronic Momentum Pro LED | NAVI | PDC,Dealer,22745,b,98058,10-2021,9160,https://prod.pictures.autoscout24.net/listing-images/611e7583-1572-4bbb-a512-8c22002305e1_8ff61f97-d556-4f8a-9824-bcd5e791f66e.jpg/250x188.webp https://prod.pictures.autoscout24.net/listing-images/611e7583-1572-4bbb-a512-8c22002305e1_f1d34380-0d25-4f29-b1f7-af0fe43a933f.jpg/250x188.webp https://prod.pictures.autoscout24.net/listing-images/611e7583-1572-4bbb-a512-8c22002305e1_1958506a-4530-450e-84c4-bb71e82d6fd9.jpg/250x188.webp https://prod.pictures.autoscout24.net/listing-images/611e7583-1572-4bbb-a512-8c22002305e1_878ee844-f8cd-4ec5-af52-115f9009b8d2.jpg/250x188.webp https://prod.pictures.autoscout24.net/listing-images/611e7583-1572-4bbb-a512-8c22002305e1_d5fbfef6-eca9-4d5a-bed4-ae56a24ad9d4.jpg/250x188.webp https://prod.pictures.autoscout24.net/listing-images/611e7583-1572-4bbb-a512-8c22002305e1_ad190259-a4ce-4009-a870-00bb49b9d48c.jpg/250x188.webp https://prod.pictures.autoscout24.net/listing-images/611e7583-1572-4bbb-a512-8c22002305e1_303855f7-adee-4988-a2b4-bbf24f13b0dd.jpg/250x188.webp https://prod.pictures.autoscout24.net/listing-images/611e7583-1572-4bbb-a512-8c22002305e1_b30dfd01-6a08-445e-9ecf-68925f80fdef.jpg/250x188.webp https://prod.pictures.autoscout24.net/listing-images/611e7583-1572-4bbb-a512-8c22002305e1_2abc4e42-80e5-4231-8b10-18af4daf6d78.jpg/250x188.webp https://prod.pictures.autoscout24.net/listing-images/611e7583-1572-4bbb-a512-8c22002305e1_b4d076d9-d99f-43d3-879e-637369db63ad.jpg/250x188.webp https://prod.pictures.autoscout24.net/listing-images/611e7583-1572-4bbb-a512-8c22002305e1_5eece1e5-c375-496a-b9f7-1e67a907ae95.jpg/250x188.webp https://prod.pictures.autoscout24.net/listing-images/611e7583-1572-4bbb-a512-8c22002305e1_94b4186c-caaf-4f62-8040-8ce5761dc303.jpg/250x188.webp https://prod.pictures.autoscout24.net/listing-images/611e7583-1572-4bbb-a512-8c22002305e1_fc74dda7-3f64-4d74-bac1-3c36fbad6189.jpg/250x188.webp https://prod.pictures.autoscout24.net/listing-images/611e7583-1572-4bbb-a512-8c22002305e1_fe484810-0db5-4f8c-8307-e2308c7c1919.jpg/250x188.webp https://prod.pictures.autoscout24.net/listing-images/611e7583-1572-4bbb-a512-8c22002305e1_0dfe2378-7308-48bc-bcb5-27c17e60957c.jpg/250x188.webp https://prod.pictures.autoscout24.net/listing-images/611e7583-1572-4bbb-a512-8c22002305e1_d5b2e159-c407-4fbd-b340-3263a0196713.jpg/250x188.webp https://prod.pictures.autoscout24.net/listing-images/611e7583-1572-4bbb-a512-8c22002305e1_3f0307de-bd90-4365-9608-ab23c1b951a4.jpg/250x188.webp https://prod.pictures.autoscout24.net/listing-images/611e7583-1572-4bbb-a512-8c22002305e1_17843ff3-33c8-4b1a-bb5a-0b930904d46e.jpg/250x188.webp https://prod.pictures.autoscout24.net/listing-images/611e7583-1572-4bbb-a512-8c22002305e1_c48debab-61e8-4d32-b11b-871422a76ec5.jpg/250x188.webp https://prod.pictures.autoscout24.net/listing-images/611e7583-1572-4bbb-a512-8c22002305e1_7aa28356-0c93-4dcf-8072-9f310e0c3f4a.jpg/250x188.webp https://prod.pictures.autoscout24.net/listing-images/611e7583-1572-4bbb-a512-8c22002305e1_9e04e46a-acca-4f73-9752-f0e6ff7b161a.jpg/250x188.webp https://prod.pictures.autoscout24.net/listing-images/611e7583-1572-4bbb-a512-8c22002305e1_c97a80b8-ac45-4f02-b6de-51e58824f1fd.jpg/250x188.webp https://prod.pictures.autoscout24.net/listing-images/611e7583-1572-4bbb-a512-8c22002305e1_4e5e620a-8526-4cec-bf64-fe89139df6a0.jpg/250x188.webp https://prod.pictures.autoscout24.net/listing-images/611e7583-1572-4bbb-a512-8c22002305e1_537ce9ca-167b-4721-a7b9-7539c8ebe532.jpg/250x188.webp https://prod.pictures.autoscout24.net/listing-images/611e7583-1572-4bbb-a512-8c22002305e1_0bd2fe44-6a96-4da6-b9df-5f3ce808ea28.jpg/250x188.webp https://prod.pictures.autoscout24.net/listing-images/611e7583-1572-4bbb-a512-8c22002305e1_21826749-2b25-49a1-a1e4-2aa5bee3d17c.jpg/250x188.webp https://prod.pictures.autoscout24.net/listing-images/611e7583-1572-4bbb-a512-8c22002305e1_aca8add3-db43-4c04-9149-ecd58fa8903b.jpg/250x188.webp https://prod.pictures.autoscout24.net/listing-images/611e7583-1572-4bbb-a512-8c22002305e1_fbec8ddd-7b4d-4ff6-85ea-2f8fb3d5af59.jpg/250x188.webp https://prod.pictures.autoscout24.net/listing-images/611e7583-1572-4bbb-a512-8c22002305e1_0083007e-3267-43f1-804e-ecb5a703260a.jpg/250x188.webp https://prod.pictures.autoscout24.net/listing-images/611e7583-1572-4bbb-a512-8c22002305e1_735a676a-9fd4-445a-a8c0-f3530d07db49.jpg/250x188.webp,50.936957057765206,1606
07880125-6549-41fe-9ba3-5df24adcbc76,Volvo,XC40,T2 1.5i*AUT*MOMENTUM*CAMERA*DAB+*,Dealer,22790,b,80331,11-2021,3800,https://prod.pictures.autoscout24.net/listing-images/07880125-6549-41fe-9ba3-5df24adcbc76_9d8e2ca0-56c2-40cc-91b6-85f4e0850fa0.jpg/250x188.webp https://prod.pictures.autoscout24.net/listing-images/07880125-6549-41fe-9ba3-5df24adcbc76_bc69c5a0-adae-431c-b7d6-c3c1267ce01b.jpg/250x188.webp https://prod.pictures.autoscout24.net/listing-images/07880125-6549-41fe-9ba3-5df24adcbc76_29bcf789-9d28-4416-b174-f962e241a5ca.jpg/250x188.webp https://prod.pictures.autoscout24.net/listing-images/07880125-6549-41fe-9ba3-5df24adcbc76_e52159ed-0834-435b-9ef1-32af725bfb67.jpg/250x188.webp https://prod.pictures.autoscout24.net/listing-images/07880125-6549-41fe-9ba3-5df24adcbc76_68a27405-06e5-4dd9-a541-ab1b16ea7ef6.jpg/250x188.webp https://prod.pictures.autoscout24.net/listing-images/07880125-6549-41fe-9ba3-5df24adcbc76_9023b0bf-4689-4636-ae07-a18d83f00954.jpg/250x188.webp https://prod.pictures.autoscout24.net/listing-images/07880125-6549-41fe-9ba3-5df24adcbc76_eb95e3dd-fb4f-436f-a958-a0d431c8b408.jpg/250x188.webp https://prod.pictures.autoscout24.net/listing-images/07880125-6549-41fe-9ba3-5df24adcbc76_8f5c0eaa-2b5f-4f16-9fa5-466c1db6a56f.jpg/250x188.webp https://prod.pictures.autoscout24.net/listing-images/07880125-6549-41fe-9ba3-5df24adcbc76_2040cc15-9540-4213-868e-566330b04210.jpg/250x188.webp https://prod.pictures.autoscout24.net/listing-images/07880125-6549-41fe-9ba3-5df24adcbc76_a631eb09-2884-460a-94bd-1c252b3db9b6.jpg/250x188.webp https://prod.pictures.autoscout24.net/listing-images/07880125-6549-41fe-9ba3-5df24adcbc76_2d448393-a9bb-496d-95ba-0ce08303bcda.jpg/250x188.webp https://prod.pictures.autoscout24.net/listing-images/07880125-6549-41fe-9ba3-5df24adcbc76_e3f65961-a936-4af2-9b2e-71839c1e11da.jpg/250x188.webp https://prod.pictures.autoscout24.net/listing-images/07880125-6549-41fe-9ba3-5df24adcbc76_8a842233-0cbf-408f-b131-9eb94e554b96.jpg/250x188.webp https://prod.pictures.autoscout24.net/listing-images/07880125-6549-41fe-9ba3-5df24adcbc76_99aa3ccb-558a-4be3-a581-8030968517dc.jpg/250x188.webp https://prod.pictures.autoscout24.net/listing-images/07880125-6549-41fe-9ba3-5df24adcbc76_4671d61f-bb98-435e-9326-58f6441bfa13.jpg/250x188.webp https://prod.pictures.autoscout24.net/listing-images/07880125-6549-41fe-9ba3-5df24adcbc76_7fab3e58-e67a-4b72-bb92-ecfe12259069.jpg/250x188.webp https://prod.pictures.autoscout24.net/listing-images/07880125-6549-41fe-9ba3-5df24adcbc76_a13aee75-1bdf-48f4-ba2a-82ca378825b0.jpg/250x188.webp https://prod.pictures.autoscout24.net/listing-images/07880125-6549-41fe-9ba3-5df24adcbc76_fa1a6bc1-b786-4724-b2c2-9c45c9d5a727.jpg/250x188.webp https://prod.pictures.autoscout24.net/listing-images/07880125-6549-41fe-9ba3-5df24adcbc76_1388a158-ae44-4af0-a048-32a4b900bebc.jpg/250x188.webp https://prod.pictures.autoscout24.net/listing-images/07880125-6549-41fe-9ba3-5df24adcbc76_fd62da30-2ffe-417f-8ff3-fd28b7a83851.jpg/250x188.webp https://prod.pictures.autoscout24.net/listing-images/07880125-6549-41fe-9ba3-5df24adcbc76_1d96c47a-ec24-4438-96ea-de7e716c21e5.jpg/250x188.webp https://prod.pictures.autoscout24.net/listing-images/07880125-6549-41fe-9ba3-5df24adcbc76_2a818059-2d47-4fa1-a162-43cb0e6b6a78.jpg/250x188.webp https://prod.pictures.autoscout24.net/listing-images/07880125-6549-41fe-9ba3-5df24adcbc76_a05dfbd1-5844-41e2-86b3-1c1c65f22365.jpg/250x188.webp https://prod.pictures.autoscout24.net/listing-images/07880125-6549-41fe-9ba3-5df24adcbc76_98fb87c3-de28-44d6-b89c-4fb983c053ed.jpg/250x188.webp https://prod.pictures.autoscout24.net/listing-images/07880125-6549-41fe-9ba3-5df24adcbc76_7ffed3e6-2743-49e2-878e-32be21e6f3c0.jpg/250x188.webp https://prod.pictures.autoscout24.net/listing-images/07880125-6549-41fe-9ba3-5df24adcbc76_7ee53263-6ebe-46c0-989f-dcc0ea24d98b.jpg/250x188.webp https://prod.pictures.autoscout24.net/listing-images/07880125-6549-41fe-9ba3-5df24adcbc76_a5ead3af-af20-4496-8459-8e35bf490704.jpg/250x188.webp https://prod.pictures.autoscout24.net/listing-images/07880125-6549-41fe-9ba3-5df24adcbc76_076d45af-3c04-4a85-9607-e86b81dd9945.jpg/250x188.webp https://prod.pictures.autoscout24.net/listing-images/07880125-6549-41fe-9ba3-5df24adcbc76_f6e630d9-62c1-470e-93bb-23e1849564df.jpg/250x188.webp https://prod.pictures.autoscout24.net/listing-images/07880125-6549-41fe-9ba3-5df24adcbc76_cafc2647-244c-4a54-a093-963b5dfbe97a.jpg/250x188.webp https://prod.pictures.autoscout24.net/listing-images/07880125-6549-41fe-9ba3-5df24adcbc76_f277977c-c606-41c9-b0f4-aaef6a34f8f8.jpg/250x188.webp https://prod.pictures.autoscout24.net/listing-images/07880125-6549-41fe-9ba3-5df24adcbc76_e5912984-1116-4016-8929-d8a83d8f6633.jpg/250x188.webp https://prod.pictures.autoscout24.net/listing-images/07880125-6549-41fe-9ba3-5df24adcbc76_a3b2af7e-f4ee-4775-95d3-7b40e5a34775.jpg/250x188.webp https://prod.pictures.autoscout24.net/listing-images/07880125-6549-41fe-9ba3-5df24adcbc76_347999b7-36f1-4553-8144-0d56a6bea807.jpg/250x188.webp https://prod.pictures.autoscout24.net/listing-images/07880125-6549-41fe-9ba3-5df24adcbc76_50355e7e-42dd-4eca-9967-a75cf6011408.jpg/250x188.webp https://prod.pictures.autoscout24.net/listing-images/07880125-6549-41fe-9ba3-5df24adcbc76_401a4540-9de4-490f-857f-e93026440a12.jpg/250x188.webp https://prod.pictures.autoscout24.net/listing-images/07880125-6549-41fe-9ba3-5df24adcbc76_a65a0d78-8ba2-4873-9e14-c85e7c235ffb.jpg/250x188.webp,91.50869615616915,1575
b250d6e7-4c74-4aba-b923-4bac446aacc9,Volvo,XC40,"R-Design, T2 automatic",Dealer,22899,b,145213,08-2021,3001,https://prod.pictures.autoscout24.net/listing-images/b250d6e7-4c74-4aba-b923-4bac446aacc9_997aca51-c44f-4dc8-b181-5cf3919493c7.jpg/250x188.webp https://prod.pictures.autoscout24.net/listing-images/b250d6e7-4c74-4aba-b923-4bac446aacc9_5f6c1470-5cce-4d71-8c08-87bae1d60029.jpg/250x188.webp https://prod.pictures.autoscout24.net/listing-images/b250d6e7-4c74-4aba-b923-4bac446aacc9_71ee6260-463d-40fb-815c-e6979e911566.jpg/250x188.webp https://prod.pictures.autoscout24.net/listing-images/b250d6e7-4c74-4aba-b923-4bac446aacc9_2d24d01a-73d6-4717-a5b6-e19bb0f8b74a.jpg/250x188.webp https://prod.pictures.autoscout24.net/listing-images/b250d6e7-4c74-4aba-b923-4bac446aacc9_565936ef-9e36-47e3-a6e0-6f77a839e1b5.jpg/250x188.webp https://prod.pictures.autoscout24.net/listing-images/b250d6e7-4c74-4aba-b923-4bac446aacc9_6fe1f2f4-6591-486d-9660-0bcd8bca47dd.jpg/250x188.webp https://prod.pictures.autoscout24.net/listing-images/b250d6e7-4c74-4aba-b923-4bac446aacc9_f42c8b92-79c2-4d51-be68-babf5dc7cedf.jpg/250x188.webp https://prod.pictures.autoscout24.net/listing-images/b250d6e7-4c74-4aba-b923-4bac446aacc9_bdd4c25f-2cd4-4ef7-adad-f3cf242b8761.jpg/250x188.webp https://prod.pictures.autoscout24.net/listing-images/b250d6e7-4c74-4aba-b923-4bac446aacc9_3d5c14a2-7195-4f7a-980b-e2aaa8f91396.jpg/250x188.webp https://prod.pictures.autoscout24.net/listing-images/b250d6e7-4c74-4aba-b923-4bac446aacc9_5af37d34-913f-4b5a-b5c1-cf8af2ac02bc.jpg/250x188.webp https://prod.pictures.autoscout24.net/listing-images/b250d6e7-4c74-4aba-b923-4bac446aacc9_eb3bc7e4-ee68-415e-8cc1-ae5c7a40d310.jpg/250x188.webp https://prod.pictures.autoscout24.net/listing-images/b250d6e7-4c74-4aba-b923-4bac446aacc9_5518aabd-ed2f-46f3-8fe3-57d1806c151a.jpg/250x188.webp https://prod.pictures.autoscout24.net/listing-images/b250d6e7-4c74-4aba-b923-4bac446aacc9_5f671aaf-c963-4542-b435-410132c7eb55.jpg/250x188.webp https://prod.pictures.autoscout24.net/listing-images/b250d6e7-4c74-4aba-b923-4bac446aacc9_104df979-7678-4ce0-8320-861b745470a2.jpg/250x188.webp https://prod.pictures.autoscout24.net/listing-images/b250d6e7-4c74-4aba-b923-4bac446aacc9_4e15c1f6-f551-4ea7-a03f-116b3393b5c1.jpg/250x188.webp https://prod.pictures.autoscout24.net/listing-images/b250d6e7-4c74-4aba-b923-4bac446aacc9_c3b0159e-c4cf-4dd3-9963-d73168883009.jpg/250x188.webp https://prod.pictures.autoscout24.net/listing-images/b250d6e7-4c74-4aba-b923-4bac446aacc9_16af8327-ba20-48b5-8027-e47051dd187f.jpg/250x188.webp https://prod.pictures.autoscout24.net/listing-images/b250d6e7-4c74-4aba-b923-4bac446aacc9_64e564d3-175a-4543-8f9f-a9e7817e9258.jpg/250x188.webp https://prod.pictures.autoscout24.net/listing-images/b250d6e7-4c74-4aba-b923-4bac446aacc9_c0b8ac5b-3471-43f3-91d8-e1f864756b71.jpg/250x188.webp https://prod.pictures.autoscout24.net/listing-images/b250d6e7-4c74-4aba-b923-4bac446aacc9_99db9f88-73e8-4941-9ef7-1f89cfb622ba.jpg/250x188.webp https://prod.pictures.autoscout24.net/listing-images/b250d6e7-4c74-4aba-b923-4bac446aacc9_86b138c1-1783-425b-81a1-eb1f3426f600.jpg/250x188.webp,68.9583124136067,1667
e6d7cdec-42c7-438f-9376-4fa63c71b1d7,Volvo,V60,V60 T6,PrivateSeller,22900,2,159800,12-2021,9990,https://prod.pictures.autoscout24.net/listing-images/e6d7cdec-42c7-438f-9376-4fa63c71b1d7_70688f95-02a1-45a5-a6e8-a4aa6f1a7476.jpg/250x188.webp https://prod.pictures.autoscout24.net/listing-images/e6d7cdec-42c7-438f-9376-4fa63c71b1d7_b95ac20d-04eb-4161-ae1a-348798c753f9.jpg/250x188.webp https://prod.pictures.autoscout24.net/listing-images/e6d7cdec-42c7-438f-9376-4fa63c71b1d7_5eaf9a76-4187-47e7-b41a-ef916d858d4b.jpg/250x188.webp https://prod.pictures.autoscout24.net/listing-images/e6d7cdec-42c7-438f-9376-4fa63c71b1d7_dca442e6-1f47-4320-8960-1a85b55c7f7b.jpg/250x188.webp https://prod.pictures.autoscout24.net/listing-images/e6d7cdec-42c7-438f-9376-4fa63c71b1d7_9a9bfad8-9ce5-45d9-8f79-04cc3e72cb53.jpg/250x188.webp https://prod.pictures.autoscout24.net/listing-images/e6d7cdec-42c7-438f-9376-4fa63c71b1d7_14fd78dc-8c4f-44b4-bf61-a5f62f654dbb.jpg/250x188.webp https://prod.pictures.autoscout24.net/listing-images/e6d7cdec-42c7-438f-9376-4fa63c71b1d7_92571b1b-4ee6-4038-aa0b-38fde44a4b32.jpg/250x188.webp https://prod.pictures.autoscout24.net/listing-images/e6d7cdec-42c7-438f-9376-4fa63c71b1d7_be85306b-9775-4e05-bb9d-187c3d2474ee.jpg/250x188.webp https://prod.pictures.autoscout24.net/listing-images/e6d7cdec-42c7-438f-9376-4fa63c71b1d7_9d4436e2-79fb-4632-9103-b679ccd98a7d.jpg/250x188.webp https://prod.pictures.autoscout24.net/listing-images/e6d7cdec-42c7-438f-9376-4fa63c71b1d7_33296b5d-8e7d-4335-a65f-8dcda25888fa.jpg/250x188.webp https://prod.pictures.autoscout24.net/listing-images/e6d7cdec-42c7-438f-9376-4fa63c71b1d7_d5e2a5db-7f85-4568-a166-8b61a5d0545f.jpg/250x188.webp https://prod.pictures.autoscout24.net/listing-images/e6d7cdec-42c7-438f-9376-4fa63c71b1d7_0eb1cc4b-f9fc-4b96-a0a6-d53aaa59b1c2.jpg/250x188.webp https://prod.pictures.autoscout24.net/listing-images/e6d7cdec-42c7-438f-9376-4fa63c71b1d7_6f58aa5b-4a19-4179-94eb-6c2e1b407e88.jpg/250x188.webp https://prod.pictures.autoscout24.net/listing-images/e6d7cdec-42c7-438f-9376-4fa63c71b1d7_b8fb8f7c-80e3-407f-a008-84e629f3478e.jpg/250x188.webp https://prod.pictures.autoscout24.net/listing-images/e6d7cdec-42c7-438f-9376-4fa63c71b1d7_65296799-2a06-40d3-9765-1b3754805d29.jpg/250x188.webp https://prod.pictures.autoscout24.net/listing-images/e6d7cdec-42c7-438f-9376-4fa63c71b1d7_bd223869-0f6c-4578-ad5c-170d78ca8672.jpg/250x188.webp https://prod.pictures.autoscout24.net/listing-images/e6d7cdec-42c7-438f-9376-4fa63c71b1d7_b2571a40-9771-4c05-9890-09b7adfdf2d9.jpg/250x188.webp,76.7983356711753,1545
e518844f-728e-49b8-b187-a0c6b011b70f,Volvo,V60,V60 2.0 T6 AWD PHEV Momentum Pro / CARPLAY / BTW,Dealer,22950,2,153444,04-2021,9300,https://prod.pictures.autoscout24.net/listing-images/e518844f-728e-49b8-b187-a0c6b011b70f_071c4b6a-2fd4-43ff-90d3-38b90e0cb700.jpg/250x188.webp https://prod.pictures.autoscout24.net/listing-images/e518844f-728e-49b8-b187-a0c6b011b70f_e4643006-6b20-4a00-b0d3-8db230eeebb7.jpg/250x188.webp https://prod.pictures.autoscout24.net/listing-images/e518844f-728e-49b8-b187-a0c6b011b70f_644589fb-5f31-42a7-b25b-e00a31a000c4.jpg/250x188.webp https://prod.pictures.autoscout24.net/listing-images/e518844f-728e-49b8-b187-a0c6b011b70f_4f436cc1-43f1-484a-9779-9436815ec780.jpg/250x188.webp https://prod.pictures.autoscout24.net/listing-images/e518844f-728e-49b8-b187-a0c6b011b70f_25e5605f-2391-4bf2-875f-8ba31a2fb4e4.jpg/250x188.webp https://prod.pictures.autoscout24.net/listing-images/e518844f-728e-49b8-b187-a0c6b011b70f_8c9ce765-0f9c-4c7f-bb52-098d10590695.jpg/250x188.webp https://prod.pictures.autoscout24.net/listing-images/e518844f-728e-49b8-b187-a0c6b011b70f_2ea2e203-a81e-4df7-b7c5-184a39547aa7.jpg/250x188.webp https://prod.pictures.autoscout24.net/listing-images/e518844f-728e-49b8-b187-a0c6b011b70f_b34c58fe-aa9f-458f-aa4a-9a93c6cf5c6b.jpg/250x188.webp https://prod.pictures.autoscout24.net/listing-images/e518844f-728e-49b8-b187-a0c6b011b70f_fb21b713-9123-4539-a299-c8e92a77b04e.jpg/250x188.webp https://prod.pictures.autoscout24.net/listing-images/e518844f-728e-49b8-b187-a0c6b011b70f_9fd9a126-dea9-4917-b50e-c89d355b4cb0.jpg/250x188.webp https://prod.pictures.autoscout24.net/listing-images/e518844f-728e-49b8-b187-a0c6b011b70f_00cc3a5a-025a-4553-90cd-b1183f75cd03.jpg/250x188.webp https://prod.pictures.autoscout24.net/listing-images/e518844f-728e-49b8-b187-a0c6b011b70f_95246466-cb35-44c8-a1ea-f0fafb848832.jpg/250x188.webp https://prod.pictures.autoscout24.net/listing-images/e518844f-728e-49b8-b187-a0c6b011b70f_30440858-49e5-414c-8fb3-c35ee3b2ceb3.jpg/250x188.webp https://prod.pictures.autoscout24.net/listing-images/e518844f-728e-49b8-b187-a0c6b011b70f_cc36ff1a-5edf-4578-8d14-247f071b4f0a.jpg/250x188.webp https://prod.pictures.autoscout24.net/listing-images/e518844f-728e-49b8-b187-a0c6b011b70f_d48de1b7-c8ed-48b7-9bf7-bd5bb2112755.jpg/250x188.webp https://prod.pictures.autoscout24.net/listing-images/e518844f-728e-49b8-b187-a0c6b011b70f_8caed0cc-0e2c-4b07-9d18-ab0b98975b60.jpg/250x188.webp https://prod.pictures.autoscout24.net/listing-images/e518844f-728e-49b8-b187-a0c6b011b70f_0ba4b06a-c1f0-4f9a-9390-b2c572e83c9f.jpg/250x188.webp https://prod.pictures.autoscout24.net/listing-images/e518844f-728e-49b8-b187-a0c6b011b70f_fea2d5a3-8ed6-4544-90a2-9bce6fddf154.jpg/250x188.webp https://prod.pictures.autoscout24.net/listing-images/e518844f-728e-49b8-b187-a0c6b011b70f_23e0555a-d47c-4bc0-b842-d7354ff0fe00.jpg/250x188.webp https://prod.pictures.autoscout24.net/listing-images/e518844f-728e-49b8-b187-a0c6b011b70f_e64017cc-5040-4ef0-8d6a-d21bb4185e43.jpg/250x188.webp https://prod.pictures.autoscout24.net/listing-images/e518844f-728e-49b8-b187-a0c6b011b70f_3a2edabc-dc38-46f6-8da1-d1d202cb1cda.jpg/250x188.webp https://prod.pictures.autoscout24.net/listing-images/e518844f-728e-49b8-b187-a0c6b011b70f_d542779a-41a3-4b5c-83f7-e278b1a493c0.jpg/250x188.webp https://prod.pictures.autoscout24.net/listing-images/e518844f-728e-49b8-b187-a0c6b011b70f_a7c9935a-4f98-400d-89f2-bb30b63f7c33.jpg/250x188.webp https://prod.pictures.autoscout24.net/listing-images/e518844f-728e-49b8-b187-a0c6b011b70f_2b763dc5-d1ce-403f-92bc-255e03937c6e.jpg/250x188.webp https://prod.pictures.autoscout24.net/listing-images/e518844f-728e-49b8-b187-a0c6b011b70f_dab83537-9cbe-4ab8-a71f-d33ac5ac2c00.jpg/250x188.webp https://prod.pictures.autoscout24.net/listing-images/e518844f-728e-49b8-b187-a0c6b011b70f_3fd278bd-0b58-4c4b-a01e-494dd6d48326.jpg/250x188.webp https://prod.pictures.autoscout24.net/listing-images/e518844f-728e-49b8-b187-a0c6b011b70f_90aeafbd-b465-47aa-b9a7-bd543662283f.jpg/250x188.webp https://prod.pictures.autoscout24.net/listing-images/e518844f-728e-49b8-b187-a0c6b011b70f_f43aa94a-cdc0-42b5-9548-48bd3e43036a.jpg/250x188.webp https://prod.pictures.autoscout24.net/listing-images/e518844f-728e-49b8-b187-a0c6b011b70f_d8e4990c-7ad5-49c4-b3a6-34417c51f350.jpg/250x188.webp https://prod.pictures.autoscout24.net/listing-images/e518844f-728e-49b8-b187-a0c6b011b70f_ea17c979-8bb6-42d8-bb95-77db94753ff2.jpg/250x188.webp,66.4098627619792,1789
09e6806c-76e2-4289-9a2a-ed0dfd76dd03,Volvo,XC40,1.5 T2 Momentum Core Geartronic//CARPLAY/1ERE MAIN,Dealer,22990,b,87783,05-2021,6200,https://prod.pictures.autoscout24.net/listing-images/09e6806c-76e2-4289-9a2a-ed0dfd76dd03_3cc12e7b-1e9a-4d5b-b86c-bd51b0bd914e.jpg/250x188.webp https://prod.pictures.autoscout24.net/listing-images/09e6806c-76e2-4289-9a2a-ed0dfd76dd03_0bfc869c-c8d6-420a-a39d-e7384d1bc685.jpg/250x188.webp https://prod.pictures.autoscout24.net/listing-images/09e6806c-76e2-4289-9a2a-ed0dfd76dd03_35070ef6-dcf9-49e3-8b9a-8e8c24cbed19.jpg/250x188.webp https://prod.pictures.autoscout24.net/listing-images/09e6806c-76e2-4289-9a2a-ed0dfd76dd03_bf17c293-da9a-45c8-877f-d4f5580a5578.jpg/250x188.webp https://prod.pictures.autoscout24.net/listing-images/09e6806c-76e2-4289-9a2a-ed0dfd76dd03_87c24966-b84e-4329-8e23-fc33f1c8cd51.jpg/250x188.webp https://prod.pictures.autoscout24.net/listing-images/09e6806c-76e2-4289-9a2a-ed0dfd76dd03_dcf762bc-5e54-44ce-a53b-968d4d06f14b.jpg/250x188.webp https://prod.pictures.autoscout24.net/listing-images/09e6806c-76e2-4289-9a2a-ed0dfd76dd03_324fde38-3112-45a6-8564-4642d13e0fee.jpg/250x188.webp https://prod.pictures.autoscout24.net/listing-images/09e6806c-76e2-4289-9a2a-ed0dfd76dd03_e67f3314-7b3f-41ef-b870-b3276953eef2.jpg/250x188.webp https://prod.pictures.autoscout24.net/listing-images/09e6806c-76e2-4289-9a2a-ed0dfd76dd03_b3de9642-580b-43cb-9238-0e65a75a9389.jpg/250x188.webp https://prod.pictures.autoscout24.net/listing-images/09e6806c-76e2-4289-9a2a-ed0dfd76dd03_23ea72b1-a6f8-4b64-83fb-672f24054d9d.jpg/250x188.webp https://prod.pictures.autoscout24.net/listing-images/09e6806c-76e2-4289-9a2a-ed0dfd76dd03_e547bff4-d889-49c0-a38f-d9ae0470ee47.jpg/250x188.webp https://prod.pictures.autoscout24.net/listing-images/09e6806c-76e2-4289-9a2a-ed0dfd76dd03_88b74a0e-b326-4407-b3f7-2632afa7a9df.jpg/250x188.webp https://prod.pictures.autoscout24.net/listing-images/09e6806c-76e2-4289-9a2a-ed0dfd76dd03_e39559f9-c879-4f2e-8172-fd0eb7f929eb.jpg/250x188.webp https://prod.pictures.autoscout24.net/listing-images/09e6806c-76e2-4289-9a2a-ed0dfd76dd03_2e702a4f-e674-42e7-8909-cbf80b656533.jpg/250x188.webp https://prod.pictures.autoscout24.net/listing-images/09e6806c-76e2-4289-9a2a-ed0dfd76dd03_5516412e-778d-43e6-ac6d-48eb82e4582b.jpg/250x188.webp https://prod.pictures.autoscout24.net/listing-images/09e6806c-76e2-4289-9a2a-ed0dfd76dd03_efd65927-d4b3-460b-957e-1640062e1897.jpg/250x188.webp,118.44618105987009,1759
27043fbb-c053-4b69-aeee-7ae90cdf9b5b,Volvo,V60,2.0 B3 /1eig/95000km/nav/cam/cruise/led/verw zetel,Dealer,22995,b,95230,10-2021,8610,https://prod.pictures.autoscout24.net/listing-images/27043fbb-c053-4b69-aeee-7ae90cdf9b5b_f4d5dfec-c22c-4ccc-ad85-b0823fe08388.jpg/250x188.webp https://prod.pictures.autoscout24.net/listing-images/27043fbb-c053-4b69-aeee-7ae90cdf9b5b_1203a186-21de-4274-91a9-dbf8f8b33664.jpg/250x188.webp https://prod.pictures.autoscout24.net/listing-images/27043fbb-c053-4b69-aeee-7ae90cdf9b5b_d27af7f8-44a3-4a56-bc51-ea81dee37b23.jpg/250x188.webp https://prod.pictures.autoscout24.net/listing-images/27043fbb-c053-4b69-aeee-7ae90cdf9b5b_8c743619-50d9-49f7-9496-fcb46ac86ae2.jpg/250x188.webp https://prod.pictures.autoscout24.net/listing-images/27043fbb-c053-4b69-aeee-7ae90cdf9b5b_9092134e-ce4d-4219-a168-96132734c767.jpg/250x188.webp https://prod.pictures.autoscout24.net/listing-images/27043fbb-c053-4b69-aeee-7ae90cdf9b5b_17ed7c56-af8f-497e-bee4-f96701ed1d2f.jpg/250x188.webp https://prod.pictures.autoscout24.net/listing-images/27043fbb-c053-4b69-aeee-7ae90cdf9b5b_cca265aa-902e-4bb0-926b-3ad26369b114.jpg/250x188.webp https://prod.pictures.autoscout24.net/listing-images/27043fbb-c053-4b69-aeee-7ae90cdf9b5b_9977d207-4004-4e8f-ad75-84b0a87aeb62.jpg/250x188.webp https://prod.pictures.autoscout24.net/listing-images/27043fbb-c053-4b69-aeee-7ae90cdf9b5b_b6cac12f-94aa-4233-aa71-fe74585a2101.jpg/250x188.webp https://prod.pictures.autoscout24.net/listing-images/27043fbb-c053-4b69-aeee-7ae90cdf9b5b_0a5a6d00-3700-4fa5-be5e-0a2e86991401.jpg/250x188.webp https://prod.pictures.autoscout24.net/listing-images/27043fbb-c053-4b69-aeee-7ae90cdf9b5b_63132a7d-f2a6-4827-aeba-13aaedb01925.jpg/250x188.webp https://prod.pictures.autoscout24.net/listing-images/27043fbb-c053-4b69-aeee-7ae90cdf9b5b_44744390-58e7-4437-9fed-72f5b667462c.jpg/250x188.webp https://prod.pictures.autoscout24.net/listing-images/27043fbb-c053-4b69-aeee-7ae90cdf9b5b_b5df1522-af7c-4cde-9210-b07a55e5b505.jpg/250x188.webp https://prod.pictures.autoscout24.net/listing-images/27043fbb-c053-4b69-aeee-7ae90cdf9b5b_abf58c87-bf18-489a-aaaa-b24b6015638f.jpg/250x188.webp https://prod.pictures.autoscout24.net/listing-images/27043fbb-c053-4b69-aeee-7ae90cdf9b5b_30d17d89-f180-49c3-bb3e-f9536f549072.jpg/250x188.webp https://prod.pictures.autoscout24.net/listing-images/27043fbb-c053-4b69-aeee-7ae90cdf9b5b_c17af873-d095-4178-9811-c29f180482c5.jpg/250x188.webp https://prod.pictures.autoscout24.net/listing-images/27043fbb-c053-4b69-aeee-7ae90cdf9b5b_4305a9cc-f371-4206-882a-d11e6ef2656a.jpg/250x188.webp https://prod.pictures.autoscout24.net/listing-images/27043fbb-c053-4b69-aeee-7ae90cdf9b5b_6165fbd3-b815-459f-8efb-3fb622b5555d.jpg/250x188.webp https://prod.pictures.autoscout24.net/listing-images/27043fbb-c053-4b69-aeee-7ae90cdf9b5b_9f6946e3-d41f-41a2-b6bc-381a55c68794.jpg/250x188.webp https://prod.pictures.autoscout24.net/listing-images/27043fbb-c053-4b69-aeee-7ae90cdf9b5b_a769b929-7679-4810-b41f-ca6db0c6b3e9.jpg/250x188.webp,113.97510923289902,1606
e67644af-ca01-4411-98c2-b1a71092fbe4,Volvo,XC40,XC40 1.5 T2 Momentum Pro Geartronic,PrivateSeller,23300,b,94000,04-2021,4217,https://prod.pictures.autoscout24.net/listing-images/e67644af-ca01-4411-98c2-b1a71092fbe4_bec55ac0-2a9f-4477-80ec-00bd09247233.jpg/250x188.webp https://prod.pictures.autoscout24.net/listing-images/e67644af-ca01-4411-98c2-b1a71092fbe4_0e2af008-6ea2-4677-9011-e5d56b74d5f6.jpg/250x188.webp https://prod.pictures.autoscout24.net/listing-images/e67644af-ca01-4411-98c2-b1a71092fbe4_d8c46a97-532e-4515-87cd-b1440148e68a.jpg/250x188.webp https://prod.pictures.autoscout24.net/listing-images/e67644af-ca01-4411-98c2-b1a71092fbe4_ee1ad9b2-d7df-4ff0-96d5-43d0e909b130.jpg/250x188.webp https://prod.pictures.autoscout24.net/listing-images/e67644af-ca01-4411-98c2-b1a71092fbe4_f0e84723-333f-4eb4-bf92-796e66983386.jpg/250x188.webp https://prod.pictures.autoscout24.net/listing-images/e67644af-ca01-4411-98c2-b1a71092fbe4_f127d7e2-ec14-41fa-af01-3b38293ab32b.jpg/250x188.webp https://prod.pictures.autoscout24.net/listing-images/e67644af-ca01-4411-98c2-b1a71092fbe4_3b68c18f-866c-42cb-9ccb-8927c4a18a46.jpg/250x188.webp https://prod.pictures.autoscout24.net/listing-images/e67644af-ca01-4411-98c2-b1a71092fbe4_19d8e4b1-ac90-4e2a-8ed2-6016c71aa550.jpg/250x188.webp https://prod.pictures.autoscout24.net/listing-images/e67644af-ca01-4411-98c2-b1a71092fbe4_035a7469-f268-425a-ac56-b44075eba67d.jpg/250x188.webp https://prod.pictures.autoscout24.net/listing-images/e67644af-ca01-4411-98c2-b1a71092fbe4_ef193dfe-3b65-459f-b5c8-69170d1f8d72.jpg/250x188.webp https://prod.pictures.autoscout24.net/listing-images/e67644af-ca01-4411-98c2-b1a71092fbe4_5b54422a-5051-4a5d-80ed-4c113d4b4bc8.jpg/250x188.webp https://prod.pictures.autoscout24.net/listing-images/e67644af-ca01-4411-98c2-b1a71092fbe4_33f5889e-22a3-4000-8bca-fb1f19209ac6.jpg/250x188.webp https://prod.pictures.autoscout24.net/listing-images/e67644af-ca01-4411-98c2-b1a71092fbe4_b6d13a63-04a2-4103-9aca-511da996ce4d.jpg/250x188.webp,110.90868411420514,1789
2656bd3a-b55e-40f9-b986-f4905edcb114,Volvo,V60,V60 2l T6 Hybride AWD (4x4) Inscription Expression,Dealer,23490,2,121000,05-2021,5150,https://prod.pictures.autoscout24.net/listing-images/2656bd3a-b55e-40f9-b986-f4905edcb114_5d327200-0099-4bf5-a55a-1a1cf188414c.jpg/250x188.webp https://prod.pictures.autoscout24.net/listing-images/2656bd3a-b55e-40f9-b986-f4905edcb114_f775b536-e3f1-4abc-adb4-da4951b519f7.jpg/250x188.webp https://prod.pictures.autoscout24.net/listing-images/2656bd3a-b55e-40f9-b986-f4905edcb114_3d89a481-e38d-4599-a578-f6c6ae87185a.jpg/250x188.webp https://prod.pictures.autoscout24.net/listing-images/2656bd3a-b55e-40f9-b986-f4905edcb114_f2086a82-a0d7-46a6-924b-0d98792a981a.jpg/250x188.webp https://prod.pictures.autoscout24.net/listing-images/2656bd3a-b55e-40f9-b986-f4905edcb114_c6555af4-8482-4478-97d2-0c1fc9c57f7f.jpg/250x188.webp https://prod.pictures.autoscout24.net/listing-images/2656bd3a-b55e-40f9-b986-f4905edcb114_fff57b66-9ea8-4d00-a520-c29f9be6c10c.jpg/250x188.webp https://prod.pictures.autoscout24.net/listing-images/2656bd3a-b55e-40f9-b986-f4905edcb114_a942ed31-123b-49f0-aae5-982eae483aee.jpg/250x188.webp https://prod.pictures.autoscout24.net/listing-images/2656bd3a-b55e-40f9-b986-f4905edcb114_45f19a39-0c55-4fe2-8506-143f8c6c2707.jpg/250x188.webp https://prod.pictures.autoscout24.net/listing-images/2656bd3a-b55e-40f9-b986-f4905edcb114_bfc29bce-8fd9-4d18-9272-dc1fd00e00ff.jpg/250x188.webp https://prod.pictures.autoscout24.net/listing-images/2656bd3a-b55e-40f9-b986-f4905edcb114_cbf07866-6636-4a23-8497-986829f056b3.jpg/250x188.webp https://prod.pictures.autoscout24.net/listing-images/2656bd3a-b55e-40f9-b986-f4905edcb114_8893b8c6-dceb-4c1a-a690-e1f0392cf966.jpg/250x188.webp https://prod.pictures.autoscout24.net/listing-images/2656bd3a-b55e-40f9-b986-f4905edcb114_54f717e3-486e-4def-aefd-7c0d31179271.jpg/250x188.webp https://prod.pictures.autoscout24.net/listing-images/2656bd3a-b55e-40f9-b986-f4905edcb114_73dd7b8b-b86e-4e4c-b70e-cfb8f8a1af77.jpg/250x188.webp https://prod.pictures.autoscout24.net/listing-images/2656bd3a-b55e-40f9-b986-f4905edcb114_1de8a52b-c1ab-4138-bec0-6635d6e1f8f4.jpg/250x188.webp https://prod.pictures.autoscout24.net/listing-images/2656bd3a-b55e-40f9-b986-f4905edcb114_7900fd73-7397-41a3-9930-4bd88db2a951.jpg/250x188.webp https://prod.pictures.autoscout24.net/listing-images/2656bd3a-b55e-40f9-b986-f4905edcb114_4479c4b3-cc82-4332-a3cc-252c527875b0.jpg/250x188.webp https://prod.pictures.autoscout24.net/listing-images/2656bd3a-b55e-40f9-b986-f4905edcb114_5b54b6c1-1932-46bb-bd29-87e43e4cc20f.jpg/250x188.webp https://prod.pictures.autoscout24.net/listing-images/2656bd3a-b55e-40f9-b986-f4905edcb114_8e658885-55d6-448f-a2fe-536b894b2e5e.jpg/250x188.webp https://prod.pictures.autoscout24.net/listing-images/2656bd3a-b55e-40f9-b986-f4905edcb114_f53630fb-5f77-464b-a482-d2ecf267daec.jpg/250x188.webp https://prod.pictures.autoscout24.net/listing-images/2656bd3a-b55e-40f9-b986-f4905edcb114_c3935a22-a76b-4d7b-911a-4209fe0bd873.jpg/250x188.webp https://prod.pictures.autoscout24.net/listing-images/2656bd3a-b55e-40f9-b986-f4905edcb114_c893c630-e0d3-410d-a7eb-570ce0ca09ef.jpg/250x188.webp https://prod.pictures.autoscout24.net/listing-images/2656bd3a-b55e-40f9-b986-f4905edcb114_2fb31e1e-71e7-4336-bd46-f60c56bf04a0.jpg/250x188.webp https://prod.pictures.autoscout24.net/listing-images/2656bd3a-b55e-40f9-b986-f4905edcb114_844c4d9e-8829-484e-8daa-8872f057ce1b.jpg/250x188.webp https://prod.pictures.autoscout24.net/listing-images/2656bd3a-b55e-40f9-b986-f4905edcb114_fa11b15e-49e6-4161-a81b-76210601e97c.jpg/250x188.webp https://prod.pictures.autoscout24.net/listing-images/2656bd3a-b55e-40f9-b986-f4905edcb114_e1bde768-79ab-49e7-a13c-62db8443836b.jpg/250x188.webp https://prod.pictures.autoscout24.net/listing-images/2656bd3a-b55e-40f9-b986-f4905edcb114_c4588822-0a87-4355-aa0b-6279f3066a74.jpg/250x188.webp https://prod.pictures.autoscout24.net/listing-images/2656bd3a-b55e-40f9-b986-f4905edcb114_e122c2be-099a-4458-8f1f-bc24087ec303.jpg/250x188.webp https://prod.pictures.autoscout24.net/listing-images/2656bd3a-b55e-40f9-b986-f4905edcb114_e791bbd8-4c08-4dff-9225-fe0a022b1768.jpg/250x188.webp https://prod.pictures.autoscout24.net/listing-images/2656bd3a-b55e-40f9-b986-f4905edcb114_05b90ad7-58dc-480a-b142-c06119bda2cf.jpg/250x188.webp https://prod.pictures.autoscout24.net/listing-images/2656bd3a-b55e-40f9-b986-f4905edcb114_09c6a271-d56f-4aa4-ac77-4814917d7b32.jpg/250x188.webp,115.59716047275624,1759
9e52ebd8-8f1c-48e8-8049-a32bec67b056,Volvo,XC40,XC40 1.5 T2 / GARANTIE / CARPASS / AUTOMAAT! /,Dealer,23499,b,105281,05-2022,9406,https://prod.pictures.autoscout24.net/listing-images/9e52ebd8-8f1c-48e8-8049-a32bec67b056_c998f0e5-1200-4d32-8f30-8ca4240d01a7.jpg/250x188.webp https://prod.pictures.autoscout24.net/listing-images/9e52ebd8-8f1c-48e8-8049-a32bec67b056_16d58d8e-39d0-4263-855a-5bcdd5e7342b.jpg/250x188.webp https://prod.pictures.autoscout24.net/listing-images/9e52ebd8-8f1c-48e8-8049-a32bec67b056_ef07145e-e2f5-4dc5-ba98-2c03799fd091.jpg/250x188.webp https://prod.pictures.autoscout24.net/listing-images/9e52ebd8-8f1c-48e8-8049-a32bec67b056_41d06485-1361-4c89-abc9-298c630c7b90.jpg/250x188.webp https://prod.pictures.autoscout24.net/listing-images/9e52ebd8-8f1c-48e8-8049-a32bec67b056_104af8f7-edbe-4c8b-837d-f38c9fbfcf93.jpg/250x188.webp https://prod.pictures.autoscout24.net/listing-images/9e52ebd8-8f1c-48e8-8049-a32bec67b056_bdef48d7-f98f-411a-901f-3c71d3b862b6.jpg/250x188.webp https://prod.pictures.autoscout24.net/listing-images/9e52ebd8-8f1c-48e8-8049-a32bec67b056_eea7ed60-8375-4a6e-92d4-8edbb3db3755.jpg/250x188.webp https://prod.pictures.autoscout24.net/listing-images/9e52ebd8-8f1c-48e8-8049-a32bec67b056_8c4b6231-4260-43e3-8872-79dff481c37f.jpg/250x188.webp https://prod.pictures.autoscout24.net/listing-images/9e52ebd8-8f1c-48e8-8049-a32bec67b056_95077cfc-b17d-425b-b1e0-50fa33429293.jpg/250x188.webp https://prod.pictures.autoscout24.net/listing-images/9e52ebd8-8f1c-48e8-8049-a32bec67b056_af13568b-be9f-4f53-b76e-be6fbe4f0b1b.jpg/250x188.webp https://prod.pictures.autoscout24.net/listing-images/9e52ebd8-8f1c-48e8-8049-a32bec67b056_f8b309e0-66c1-4001-a5ef-3d1a6bd9aad6.jpg/250x188.webp https://prod.pictures.autoscout24.net/listing-images/9e52ebd8-8f1c-48e8-8049-a32bec67b056_d983b674-c572-4d9b-8273-956e64b62849.jpg/250x188.webp https://prod.pictures.autoscout24.net/listing-images/9e52ebd8-8f1c-48e8-8049-a32bec67b056_2944c982-5ed9-4c60-9222-4b92fcd5230e.jpg/250x188.webp https://prod.pictures.autoscout24.net/listing-images/9e52ebd8-8f1c-48e8-8049-a32bec67b056_fc79a9b4-dde0-4511-8708-2ac6ed49ded1.jpg/250x188.webp https://prod.pictures.autoscout24.net/listing-images/9e52ebd8-8f1c-48e8-8049-a32bec67b056_49ec8b1d-805f-4d9f-858c-a629d3260e0d.jpg/250x188.webp https://prod.pictures.autoscout24.net/listing-images/9e52ebd8-8f1c-48e8-8049-a32bec67b056_7412458b-0c42-4149-8855-0cd34124474e.jpg/250x188.webp https://prod.pictures.autoscout24.net/listing-images/9e52ebd8-8f1c-48e8-8049-a32bec67b056_73d16947-e3f4-4f0f-b009-97deb19ffc7e.jpg/250x188.webp https://prod.pictures.autoscout24.net/listing-images/9e52ebd8-8f1c-48e8-8049-a32bec67b056_d7158384-0895-45c9-baff-637eed884d9f.jpg/250x188.webp https://prod.pictures.autoscout24.net/listing-images/9e52ebd8-8f1c-48e8-8049-a32bec67b056_eb648048-8f60-4498-8b6f-d772c8c0e3f4.jpg/250x188.webp https://prod.pictures.autoscout24.net/listing-images/9e52ebd8-8f1c-48e8-8049-a32bec67b056_9fbdfc0a-ac96-4d1b-bd1b-5963132110e5.jpg/250x188.webp https://prod.pictures.autoscout24.net/listing-images/9e52ebd8-8f1c-48e8-8049-a32bec67b056_b1811dd9-9518-4929-8233-ceee1dd4b739.jpg/250x188.webp https://prod.pictures.autoscout24.net/listing-images/9e52ebd8-8f1c-48e8-8049-a32bec67b056_4a73990d-d176-4114-a78e-7a03a3e1efe7.jpg/250x188.webp https://prod.pictures.autoscout24.net/listing-images/9e52ebd8-8f1c-48e8-8049-a32bec67b056_c158db0d-951f-4d7c-a8ff-052b5398f54c.jpg/250x188.webp https://prod.pictures.autoscout24.net/listing-images/9e52ebd8-8f1c-48e8-8049-a32bec67b056_7273f7b8-d13a-4923-8220-27ef3ef1c898.jpg/250x188.webp https://prod.pictures.autoscout24.net/listing-images/9e52ebd8-8f1c-48e8-8049-a32bec67b056_f2b70be1-fe97-4831-95dc-e6c918fab6ec.jpg/250x188.webp,76.94861641835996,1394
9ca91e9e-350a-40fc-bcfa-93a1b853e861,Volvo,V60,2.0 B3 Navi CarPlay LED Camera Leder Garantie,Dealer,23500,b,101581,01-2022,3550,https://prod.pictures.autoscout24.net/listing-images/9ca91e9e-350a-40fc-bcfa-93a1b853e861_d072e8b2-6788-418f-a31d-e997c26fe789.jpg/250x188.webp https://prod.pictures.autoscout24.net/listing-images/9ca91e9e-350a-40fc-bcfa-93a1b853e861_64dd8b9e-68d4-43c0-8e48-fb120ee8e3f8.jpg/250x188.webp https://prod.pictures.autoscout24.net/listing-images/9ca91e9e-350a-40fc-bcfa-93a1b853e861_06602ef2-d451-43ce-a395-87393bdfdd05.jpg/250x188.webp https://prod.pictures.autoscout24.net/listing-images/9ca91e9e-350a-40fc-bcfa-93a1b853e861_4e272b5c-87e8-473b-9100-8e98ea170c5d.jpg/250x188.webp https://prod.pictures.autoscout24.net/listing-images/9ca91e9e-350a-40fc-bcfa-93a1b853e861_5fd27c30-8ce8-4298-9f1f-7dea83837d01.jpg/250x188.webp https://prod.pictures.autoscout24.net/listing-images/9ca91e9e-350a-40fc-bcfa-93a1b853e861_8f43534d-4ccc-4308-8b41-ceb765a217af.jpg/250x188.webp https://prod.pictures.autoscout24.net/listing-images/9ca91e9e-350a-40fc-bcfa-93a1b853e861_723e10ff-dc83-48f2-a1d6-11f62a931367.jpg/250x188.webp https://prod.pictures.autoscout24.net/listing-images/9ca91e9e-350a-40fc-bcfa-93a1b853e861_a73beab7-0d13-468b-85ed-1abee507fde8.jpg/250x188.webp https://prod.pictures.autoscout24.net/listing-images/9ca91e9e-350a-40fc-bcfa-93a1b853e861_64b2883c-e1c5-40ee-98f9-a686de9d57dd.jpg/250x188.webp https://prod.pictures.autoscout24.net/listing-images/9ca91e9e-350a-40fc-bcfa-93a1b853e861_cb454716-229e-4928-bc6a-64e91f884f11.jpg/250x188.webp https://prod.pictures.autoscout24.net/listing-images/9ca91e9e-350a-40fc-bcfa-93a1b853e861_73e65e01-96b8-499f-9978-97c8466ad51b.jpg/250x188.webp https://prod.pictures.autoscout24.net/listing-images/9ca91e9e-350a-40fc-bcfa-93a1b853e861_1a4da4ee-6800-4244-9ba5-2407916d751f.jpg/250x188.webp https://prod.pictures.autoscout24.net/listing-images/9ca91e9e-350a-40fc-bcfa-93a1b853e861_36efdc15-fdb9-4ba5-b60c-12158684b188.jpg/250x188.webp https://prod.pictures.autoscout24.net/listing-images/9ca91e9e-350a-40fc-bcfa-93a1b853e861_ee891fd0-4b47-41e4-b629-ef683334dfce.jpg/250x188.webp https://prod.pictures.autoscout24.net/listing-images/9ca91e9e-350a-40fc-bcfa-93a1b853e861_49a03fc5-4d8d-47df-aa57-c238cc39f988.jpg/250x188.webp https://prod.pictures.autoscout24.net/listing-images/9ca91e9e-350a-40fc-bcfa-93a1b853e861_c90f59e2-7039-4951-b291-3ab7274ac741.jpg/250x188.webp https://prod.pictures.autoscout24.net/listing-images/9ca91e9e-350a-40fc-bcfa-93a1b853e861_b7e4be93-5719-41c8-9959-5993e8101ca8.jpg/250x188.webp,75.15940367254241,1514
a98f3294-dfc2-4393-afa6-e6df1f55db0c,Volvo,XC40,‼️1.5 T4 PHEV‼️✅️ Full R-Design,PrivateSeller,23500,2,140000,07-2021,3600,https://prod.pictures.autoscout24.net/listing-images/a98f3294-dfc2-4393-afa6-e6df1f55db0c_e332ed90-b8f6-4784-97e2-6ebe42ead6af.jpg/250x188.webp https://prod.pictures.autoscout24.net/listing-images/a98f3294-dfc2-4393-afa6-e6df1f55db0c_4bc88b26-dc29-475f-b1eb-4831a9aeaea7.jpg/250x188.webp https://prod.pictures.autoscout24.net/listing-images/a98f3294-dfc2-4393-afa6-e6df1f55db0c_e6a62d81-a200-4de8-a075-a4ee4350d1ba.jpg/250x188.webp https://prod.pictures.autoscout24.net/listing-images/a98f3294-dfc2-4393-afa6-e6df1f55db0c_8033c225-005f-437f-b29e-b9dd7711afee.jpg/250x188.webp https://prod.pictures.autoscout24.net/listing-images/a98f3294-dfc2-4393-afa6-e6df1f55db0c_0a9efa3d-83a1-472a-8b01-7a510bc9bb82.jpg/250x188.webp https://prod.pictures.autoscout24.net/listing-images/a98f3294-dfc2-4393-afa6-e6df1f55db0c_0e260562-51e5-4e34-b427-3438e5d237df.jpg/250x188.webp https://prod.pictures.autoscout24.net/listing-images/a98f3294-dfc2-4393-afa6-e6df1f55db0c_98129da4-ed7e-4b5e-a6a9-d9fb7949a377.jpg/250x188.webp https://prod.pictures.autoscout24.net/listing-images/a98f3294-dfc2-4393-afa6-e6df1f55db0c_d137be02-aff3-414a-a070-fc770a63f854.jpg/250x188.webp https://prod.pictures.autoscout24.net/listing-images/a98f3294-dfc2-4393-afa6-e6df1f55db0c_9847cc2e-e3e3-4859-8baf-1f8e3a09bd6d.jpg/250x188.webp https://prod.pictures.autoscout24.net/listing-images/a98f3294-dfc2-4393-afa6-e6df1f55db0c_908ea241-2d4e-4659-914e-9783d29d5e3e.jpg/250x188.webp https://prod.pictures.autoscout24.net/listing-images/a98f3294-dfc2-4393-afa6-e6df1f55db0c_113e8988-782f-4cef-a260-f8cd2b09b547.jpg/250x188.webp https://prod.pictures.autoscout24.net/listing-images/a98f3294-dfc2-4393-afa6-e6df1f55db0c_e797e487-df08-4d2a-bb05-dfd2f6cee402.jpg/250x188.webp https://prod.pictures.autoscout24.net/listing-images/a98f3294-dfc2-4393-afa6-e6df1f55db0c_50ab8ddc-47f8-4160-a970-a04073cd7966.jpg/250x188.webp https://prod.pictures.autoscout24.net/listing-images/a98f3294-dfc2-4393-afa6-e6df1f55db0c_df9c5524-d9e6-4acd-b298-a754ad5d9d63.jpg/250x188.webp https://prod.pictures.autoscout24.net/listing-images/a98f3294-dfc2-4393-afa6-e6df1f55db0c_6241681b-4ebc-4c32-a493-f804f8b0ce27.jpg/250x188.webp https://prod.pictures.autoscout24.net/listing-images/a98f3294-dfc2-4393-afa6-e6df1f55db0c_8abbcd1d-bf4e-490b-8378-68ad46d811b8.jpg/250x188.webp https://prod.pictures.autoscout24.net/listing-images/a98f3294-dfc2-4393-afa6-e6df1f55db0c_8243b529-9ad1-45e7-8295-1fa90c4ba524.jpg/250x188.webp https://prod.pictures.autoscout24.net/listing-images/a98f3294-dfc2-4393-afa6-e6df1f55db0c_21776fad-4d6a-4046-acc7-dbfb62e5a1df.jpg/250x188.webp,91.05707630102727,1698
1156b70f-2446-4f60-8180-2574c3ca1d86,Volvo,V60,2.0 B4 Mild-Hybrid R-Design,Dealer,23699,b,74853,11-2020,1000,https://prod.pictures.autoscout24.net/listing-images/1156b70f-2446-4f60-8180-2574c3ca1d86_6909d06d-5d75-4fcd-9c34-b0a4b258c90d.jpg/250x188.webp https://prod.pictures.autoscout24.net/listing-images/1156b70f-2446-4f60-8180-2574c3ca1d86_dae8aaa2-b9a9-4d7a-b7f7-057976c8ece0.png/250x188.webp https://prod.pictures.autoscout24.net/listing-images/1156b70f-2446-4f60-8180-2574c3ca1d86_d69ff1a3-96d9-43ba-94a1-9a9d6cad1c4d.jpg/250x188.webp https://prod.pictures.autoscout24.net/listing-images/1156b70f-2446-4f60-8180-2574c3ca1d86_d94e1648-34f6-4fac-b58e-c86b539f0df0.jpg/250x188.webp https://prod.pictures.autoscout24.net/listing-images/1156b70f-2446-4f60-8180-2574c3ca1d86_98fa808b-9644-4f8f-846c-bb8239c5f288.jpg/250x188.webp https://prod.pictures.autoscout24.net/listing-images/1156b70f-2446-4f60-8180-2574c3ca1d86_eb48a756-e58e-4907-83d5-dce9dc053bba.jpg/250x188.webp https://prod.pictures.autoscout24.net/listing-images/1156b70f-2446-4f60-8180-2574c3ca1d86_7dbf251a-45cf-4ec6-8c5c-5475a1818933.jpg/250x188.webp https://prod.pictures.autoscout24.net/listing-images/1156b70f-2446-4f60-8180-2574c3ca1d86_3ad8dc9c-1cd4-47ab-8ca8-052cc16ec694.jpg/250x188.webp https://prod.pictures.autoscout24.net/listing-images/1156b70f-2446-4f60-8180-2574c3ca1d86_85a2198b-169d-400b-aae6-92e314c35ae3.jpg/250x188.webp https://prod.pictures.autoscout24.net/listing-images/1156b70f-2446-4f60-8180-2574c3ca1d86_9c5b22c6-c208-4c4d-a807-39ec19616d7b.png/250x188.webp https://prod.pictures.autoscout24.net/listing-images/1156b70f-2446-4f60-8180-2574c3ca1d86_76f12bf1-3ce6-4ff1-8e2a-7da3f9164297.jpg/250x188.webp https://prod.pictures.autoscout24.net/listing-images/1156b70f-2446-4f60-8180-2574c3ca1d86_301b3a24-2589-4e2e-aa9c-bd777d291355.jpg/250x188.webp https://prod.pictures.autoscout24.net/listing-images/1156b70f-2446-4f60-8180-2574c3ca1d86_8ef843b0-08df-4e8c-8127-d293e4dc30e7.jpg/250x188.webp https://prod.pictures.autoscout24.net/listing-images/1156b70f-2446-4f60-8180-2574c3ca1d86_29b8ad49-6aea-46e1-b2b4-356dcecf8d7c.jpg/250x188.webp https://prod.pictures.autoscout24.net/listing-images/1156b70f-2446-4f60-8180-2574c3ca1d86_43f3cbc6-7d49-44d2-9703-c4a9d44c2aae.jpg/250x188.webp https://prod.pictures.autoscout24.net/listing-images/1156b70f-2446-4f60-8180-2574c3ca1d86_e147d46c-a97e-4800-ac36-223d54760df5.jpg/250x188.webp https://prod.pictures.autoscout24.net/listing-images/1156b70f-2446-4f60-8180-2574c3ca1d86_b0b8fbf0-0955-47d2-807e-ef05f6b7e089.jpg/250x188.webp https://prod.pictures.autoscout24.net/listing-images/1156b70f-2446-4f60-8180-2574c3ca1d86_15209748-f0ef-4b80-92a9-f940e64848c3.jpg/250x188.webp https://prod.pictures.autoscout24.net/listing-images/1156b70f-2446-4f60-8180-2574c3ca1d86_ef09b92d-6603-4e55-bb53-9e6edf4d828f.jpg/250x188.webp https://prod.pictures.autoscout24.net/listing-images/1156b70f-2446-4f60-8180-2574c3ca1d86_42b56c4e-49ac-4f4d-874d-4e7f39a65bcb.jpg/250x188.webp https://prod.pictures.autoscout24.net/listing-images/1156b70f-2446-4f60-8180-2574c3ca1d86_0feb561f-d3f9-48d8-9d60-0f66232d4e42.jpg/250x188.webp https://prod.pictures.autoscout24.net/listing-images/1156b70f-2446-4f60-8180-2574c3ca1d86_1853121e-8387-4175-9504-f99fe3183a9e.jpg/250x188.webp https://prod.pictures.autoscout24.net/listing-images/1156b70f-2446-4f60-8180-2574c3ca1d86_58663a50-ab40-4763-b595-f0aa391eecc7.jpg/250x188.webp https://prod.pictures.autoscout24.net/listing-images/1156b70f-2446-4f60-8180-2574c3ca1d86_38327a1e-3b98-483e-aa84-66d3c595dc64.jpg/250x188.webp https://prod.pictures.autoscout24.net/listing-images/1156b70f-2446-4f60-8180-2574c3ca1d86_aa9f6921-b06c-48d3-8214-ce804b23b0da.jpg/250x188.webp https://prod.pictures.autoscout24.net/listing-images/1156b70f-2446-4f60-8180-2574c3ca1d86_a50ffa26-04bc-4163-952d-e070aa381b1a.jpg/250x188.webp https://prod.pictures.autoscout24.net/listing-images/1156b70f-2446-4f60-8180-2574c3ca1d86_1aa30404-de71-4a04-9521-ba3fba0a3969.jpg/250x188.webp https://prod.pictures.autoscout24.net/listing-images/1156b70f-2446-4f60-8180-2574c3ca1d86_e60db7a8-2306-4025-9fa3-dd2b1d5e3143.jpg/250x188.webp https://prod.pictures.autoscout24.net/listing-images/1156b70f-2446-4f60-8180-2574c3ca1d86_abbec178-3f68-4a35-b60a-6bd500cf9f23.jpg/250x188.webp https://prod.pictures.autoscout24.net/listing-images/1156b70f-2446-4f60-8180-2574c3ca1d86_93e33b44-cd5f-49fb-a315-f2ea57549e3a.jpg/250x188.webp https://prod.pictures.autoscout24.net/listing-images/1156b70f-2446-4f60-8180-2574c3ca1d86_b9bd466e-82d6-4ab4-88de-7ee24263779d.jpg/250x188.webp https://prod.pictures.autoscout24.net/listing-images/1156b70f-2446-4f60-8180-2574c3ca1d86_c2d174d9-71c5-463d-8c10-e073d6d6c7c9.jpg/250x188.webp,69.17270624549755,1940
5973425e-ade7-44e0-8257-4a8973731977,Volvo,XC40,XC40 T3 Geartronic Inscription,PrivateSeller,23750,b,100000,02-2020,1730,https://prod.pictures.autoscout24.net/listing-images/5973425e-ade7-44e0-8257-4a8973731977_c8fbd355-a58f-47a0-a7f7-864a3f0c49b5.jpg/250x188.webp https://prod.pictures.autoscout24.net/listing-images/5973425e-ade7-44e0-8257-4a8973731977_0ca18151-f970-4d80-a897-1b2e60de2835.jpg/250x188.webp https://prod.pictures.autoscout24.net/listing-images/5973425e-ade7-44e0-8257-4a8973731977_20e7be1e-59cc-4d81-890e-1154df7b3288.jpg/250x188.webp https://prod.pictures.autoscout24.net/listing-images/5973425e-ade7-44e0-8257-4a8973731977_3190c8bb-c858-4ebc-a94e-9e740915c0d4.jpg/250x188.webp https://prod.pictures.autoscout24.net/listing-images/5973425e-ade7-44e0-8257-4a8973731977_ce232aa0-685f-47da-ae64-967c00ffe054.jpg/250x188.webp https://prod.pictures.autoscout24.net/listing-images/5973425e-ade7-44e0-8257-4a8973731977_22d718f2-fe57-4740-8e7e-34e2091cdb85.jpg/250x188.webp https://prod.pictures.autoscout24.net/listing-images/5973425e-ade7-44e0-8257-4a8973731977_a453e3bd-6f7c-49f1-a900-83adb7bbfa38.jpg/250x188.webp https://prod.pictures.autoscout24.net/listing-images/5973425e-ade7-44e0-8257-4a8973731977_26f9b057-fd81-4194-be22-7f27f4160138.jpg/250x188.webp https://prod.pictures.autoscout24.net/listing-images/5973425e-ade7-44e0-8257-4a8973731977_4b2d08b0-ccb8-44bb-b6c6-d163947f3bf1.jpg/250x188.webp https://prod.pictures.autoscout24.net/listing-images/5973425e-ade7-44e0-8257-4a8973731977_626abb5a-2333-486f-bcb0-bcebfe839780.jpg/250x188.webp https://prod.pictures.autoscout24.net/listing-images/5973425e-ade7-44e0-8257-4a8973731977_77c15bf0-26b1-407c-9dba-829962447caa.jpg/250x188.webp https://prod.pictures.autoscout24.net/listing-images/5973425e-ade7-44e0-8257-4a8973731977_787ea1c2-943d-48f0-941a-67caff9bb908.jpg/250x188.webp https://prod.pictures.autoscout24.net/listing-images/5973425e-ade7-44e0-8257-4a8973731977_28f15068-90cd-4d41-a2d1-6acb5f69579d.jpg/250x188.webp https://prod.pictures.autoscout24.net/listing-images/5973425e-ade7-44e0-8257-4a8973731977_a8ca4b60-3407-41eb-85fe-c65676e14dd5.jpg/250x188.webp https://prod.pictures.autoscout24.net/listing-images/5973425e-ade7-44e0-8257-4a8973731977_b9ec8285-7895-48ca-bc4e-97f35b443e99.jpg/250x188.webp https://prod.pictures.autoscout24.net/listing-images/5973425e-ade7-44e0-8257-4a8973731977_5d316b4b-028c-4f83-8573-5e0be2d1780f.jpg/250x188.webp,64.39241042628589,2214
98059002-3e6e-4629-91a0-a9fc3a1b621a,Volvo,XC40,"Momentum Pro, T2 (automatic)",Dealer,23900,b,103850,02-2021,6000,https://prod.pictures.autoscout24.net/listing-images/98059002-3e6e-4629-91a0-a9fc3a1b621a_71f165bd-df65-436a-9a9c-9112dcb74b5b.jpg/250x188.webp https://prod.pictures.autoscout24.net/listing-images/98059002-3e6e-4629-91a0-a9fc3a1b621a_498cee2e-ac71-4063-8e91-3b093b7f5f36.jpg/250x188.webp https://prod.pictures.autoscout24.net/listing-images/98059002-3e6e-4629-91a0-a9fc3a1b621a_faae9ab4-b880-44af-9e43-36a6a0ee60be.jpg/250x188.webp https://prod.pictures.autoscout24.net/listing-images/98059002-3e6e-4629-91a0-a9fc3a1b621a_bc19b111-2ad8-480f-858c-0a8cf9f26e79.jpg/250x188.webp https://prod.pictures.autoscout24.net/listing-images/98059002-3e6e-4629-91a0-a9fc3a1b621a_febe79de-0bec-472c-a6c5-8a88c3e7dd72.jpg/250x188.webp https://prod.pictures.autoscout24.net/listing-images/98059002-3e6e-4629-91a0-a9fc3a1b621a_f5a528a3-a924-4eac-af79-17231df5d61f.jpg/250x188.webp https://prod.pictures.autoscout24.net/listing-images/98059002-3e6e-4629-91a0-a9fc3a1b621a_e4270f91-9b22-4a2d-95a3-ddfff74212b6.jpg/250x188.webp https://prod.pictures.autoscout24.net/listing-images/98059002-3e6e-4629-91a0-a9fc3a1b621a_2de051cc-9c59-46b1-922f-594ab0c18075.jpg/250x188.webp https://prod.pictures.autoscout24.net/listing-images/98059002-3e6e-4629-91a0-a9fc3a1b621a_9b650641-37de-46d7-9346-fa20325a34ce.jpg/250x188.webp https://prod.pictures.autoscout24.net/listing-images/98059002-3e6e-4629-91a0-a9fc3a1b621a_5483017e-25c7-44bf-b3e7-891e0ad18b15.jpg/250x188.webp https://prod.pictures.autoscout24.net/listing-images/98059002-3e6e-4629-91a0-a9fc3a1b621a_7357f1db-3468-40ca-9835-fc6f15e6720a.jpg/250x188.webp https://prod.pictures.autoscout24.net/listing-images/98059002-3e6e-4629-91a0-a9fc3a1b621a_5f61d932-1c75-4521-b4fe-7a271b039274.jpg/250x188.webp https://prod.pictures.autoscout24.net/listing-images/98059002-3e6e-4629-91a0-a9fc3a1b621a_a8d7077e-7d2d-4b30-84fe-640340274d50.jpg/250x188.webp https://prod.pictures.autoscout24.net/listing-images/98059002-3e6e-4629-91a0-a9fc3a1b621a_d02a6a16-ee96-4e4e-bfec-45e03034b1fb.jpg/250x188.webp https://prod.pictures.autoscout24.net/listing-images/98059002-3e6e-4629-91a0-a9fc3a1b621a_70df3651-0689-4589-94b9-c9b0fbebbdd8.jpg/250x188.webp,117.49014599385939,1848
7d80dd47-e756-4c20-8c27-bcf9e0d08f3f,Volvo,V60,2.0 B3 Benzine Navi CarPlay LED Trekhaak Camera,Dealer,23900,b,74619,01-2022,3550,https://prod.pictures.autoscout24.net/listing-images/7d80dd47-e756-4c20-8c27-bcf9e0d08f3f_2de4b145-8261-45a7-8a36-58edffaf07e9.jpg/250x188.webp https://prod.pictures.autoscout24.net/listing-images/7d80dd47-e756-4c20-8c27-bcf9e0d08f3f_5b6e0367-d4fb-4265-8c4d-e095bbe5a1ca.jpg/250x188.webp https://prod.pictures.autoscout24.net/listing-images/7d80dd47-e756-4c20-8c27-bcf9e0d08f3f_3fd124af-1692-42d9-b32f-38cdd13fda32.jpg/250x188.webp https://prod.pictures.autoscout24.net/listing-images/7d80dd47-e756-4c20-8c27-bcf9e0d08f3f_6f866edc-8359-4133-9d8e-a6ed66f9e614.jpg/250x188.webp https://prod.pictures.autoscout24.net/listing-images/7d80dd47-e756-4c20-8c27-bcf9e0d08f3f_80f026de-ee2a-4108-bad6-a7cd8df6e1de.jpg/250x188.webp https://prod.pictures.autoscout24.net/listing-images/7d80dd47-e756-4c20-8c27-bcf9e0d08f3f_727826ad-428d-4953-b66b-555ecdfecd93.jpg/250x188.webp https://prod.pictures.autoscout24.net/listing-images/7d80dd47-e756-4c20-8c27-bcf9e0d08f3f_bf752b61-e3fe-492f-aac0-20e6666901b9.jpg/250x188.webp https://prod.pictures.autoscout24.net/listing-images/7d80dd47-e756-4c20-8c27-bcf9e0d08f3f_25c45fff-358e-445b-a410-18ec51750ea0.jpg/250x188.webp https://prod.pictures.autoscout24.net/listing-images/7d80dd47-e756-4c20-8c27-bcf9e0d08f3f_cf9fb848-a82e-4e7f-84a8-1860f92bca3f.jpg/250x188.webp https://prod.pictures.autoscout24.net/listing-images/7d80dd47-e756-4c20-8c27-bcf9e0d08f3f_ac125b9c-4f4d-4f25-aac1-0801c25a0ae3.jpg/250x188.webp https://prod.pictures.autoscout24.net/listing-images/7d80dd47-e756-4c20-8c27-bcf9e0d08f3f_8658200c-212e-470b-823a-124975b76466.jpg/250x188.webp https://prod.pictures.autoscout24.net/listing-images/7d80dd47-e756-4c20-8c27-bcf9e0d08f3f_f36c79e3-2c26-4987-acf0-db53db228b7f.jpg/250x188.webp https://prod.pictures.autoscout24.net/listing-images/7d80dd47-e756-4c20-8c27-bcf9e0d08f3f_e9297f11-b512-4c4d-8b19-c8b08b5426ca.jpg/250x188.webp https://prod.pictures.autoscout24.net/listing-images/7d80dd47-e756-4c20-8c27-bcf9e0d08f3f_ae042272-e60a-4c6e-92d4-a428a8ea5dff.jpg/250x188.webp https://prod.pictures.autoscout24.net/listing-images/7d80dd47-e756-4c20-8c27-bcf9e0d08f3f_d56d1c90-f7f2-4296-8b90-5d3d53ca44ea.jpg/250x188.webp https://prod.pictures.autoscout24.net/listing-images/7d80dd47-e756-4c20-8c27-bcf9e0d08f3f_8c307666-2e45-4f95-8781-2d3e0a9b3fa3.jpg/250x188.webp https://prod.pictures.autoscout24.net/listing-images/7d80dd47-e756-4c20-8c27-bcf9e0d08f3f_1a16dc60-c8eb-4e54-b58e-cacb5a1e01d8.jpg/250x188.webp https://prod.pictures.autoscout24.net/listing-images/7d80dd47-e756-4c20-8c27-bcf9e0d08f3f_d365c4a3-3e21-43ca-88aa-3577812f1b3b.jpg/250x188.webp,75.15940367254241,1514
9abccc0a-b7d5-46ea-bda8-79bd79c11f11,Volvo,XC40,XC40 T3 Geartronic Momentum Pro AUTOMAAT!!!,Dealer,23900,b,71030,01-2021,8800,https://prod.pictures.autoscout24.net/listing-images/9abccc0a-b7d5-46ea-bda8-79bd79c11f11_6b0197bd-7c42-4b7d-9aa5-aec07de0c3b5.jpg/250x188.webp https://prod.pictures.autoscout24.net/listing-images/9abccc0a-b7d5-46ea-bda8-79bd79c11f11_86e72d17-9d4c-470b-9e97-72c5fe0596e8.jpg/250x188.webp https://prod.pictures.autoscout24.net/listing-images/9abccc0a-b7d5-46ea-bda8-79bd79c11f11_242d5aac-d04e-43db-99fb-d2294715a418.jpg/250x188.webp https://prod.pictures.autoscout24.net/listing-images/9abccc0a-b7d5-46ea-bda8-79bd79c11f11_968ffdfb-5687-418b-89b7-cdecc7c3d258.jpg/250x188.webp https://prod.pictures.autoscout24.net/listing-images/9abccc0a-b7d5-46ea-bda8-79bd79c11f11_84d9f511-c0cc-4350-9d4e-2f651d393385.jpg/250x188.webp https://prod.pictures.autoscout24.net/listing-images/9abccc0a-b7d5-46ea-bda8-79bd79c11f11_45ad4020-48e5-4269-aaac-fa29b87ff4d2.jpg/250x188.webp https://prod.pictures.autoscout24.net/listing-images/9abccc0a-b7d5-46ea-bda8-79bd79c11f11_f6b827fa-79ec-471e-ac33-0b3b7b69ff3c.jpg/250x188.webp https://prod.pictures.autoscout24.net/listing-images/9abccc0a-b7d5-46ea-bda8-79bd79c11f11_d2eba5a8-bb3c-492e-b8e3-37bfd4e6269f.jpg/250x188.webp https://prod.pictures.autoscout24.net/listing-images/9abccc0a-b7d5-46ea-bda8-79bd79c11f11_84744052-1728-49f2-aab9-0ec424c8fab8.jpg/250x188.webp https://prod.pictures.autoscout24.net/listing-images/9abccc0a-b7d5-46ea-bda8-79bd79c11f11_8ea9f13d-4d68-401f-8a7b-348357dce37c.jpg/250x188.webp,109.03360945246584,1879
25c6a32d-7f1e-47ff-b4d8-233a56392636,Volvo,XC40,T5 HYBRIDE COCKPIT CAMERA LEDER APPLE CARPLAY,Dealer,24950,2,90000,09-2020,8755,https://prod.pictures.autoscout24.net/listing-images/25c6a32d-7f1e-47ff-b4d8-233a56392636_f3b17d2e-0b5c-4896-bff7-ea5b7618aad9.jpg/250x188.webp https://prod.pictures.autoscout24.net/listing-images/25c6a32d-7f1e-47ff-b4d8-233a56392636_79b79844-85f2-4765-bfa9-d3ca7d930e0b.jpg/250x188.webp https://prod.pictures.autoscout24.net/listing-images/25c6a32d-7f1e-47ff-b4d8-233a56392636_51ae9212-31f4-40ca-a82b-b4a903a90d9e.jpg/250x188.webp https://prod.pictures.autoscout24.net/listing-images/25c6a32d-7f1e-47ff-b4d8-233a56392636_d9ca430a-7363-49f1-b044-1226d1ef06af.jpg/250x188.webp https://prod.pictures.autoscout24.net/listing-images/25c6a32d-7f1e-47ff-b4d8-233a56392636_dc44d839-4243-4e12-aa1b-a107d931b4e7.jpg/250x188.webp https://prod.pictures.autoscout24.net/listing-images/25c6a32d-7f1e-47ff-b4d8-233a56392636_4bc99557-e08a-43bf-8492-430b71be855f.jpg/250x188.webp https://prod.pictures.autoscout24.net/listing-images/25c6a32d-7f1e-47ff-b4d8-233a56392636_4b89b9c6-e05e-4e7e-a3fd-e44046f7aa3f.jpg/250x188.webp https://prod.pictures.autoscout24.net/listing-images/25c6a32d-7f1e-47ff-b4d8-233a56392636_aba53b9d-f4ae-4c8d-816b-20ffd45c11db.jpg/250x188.webp https://prod.pictures.autoscout24.net/listing-images/25c6a32d-7f1e-47ff-b4d8-233a56392636_d68ff092-a299-486b-9c88-dc3385401355.jpg/250x188.webp https://prod.pictures.autoscout24.net/listing-images/25c6a32d-7f1e-47ff-b4d8-233a56392636_74b82d73-91b1-4d2c-9346-614178f5755b.jpg/250x188.webp https://prod.pictures.autoscout24.net/listing-images/25c6a32d-7f1e-47ff-b4d8-233a56392636_d0fdb649-3a30-4b5e-8f7f-c56d84b5be83.jpg/250x188.webp https://prod.pictures.autoscout24.net/listing-images/25c6a32d-7f1e-47ff-b4d8-233a56392636_6836fdce-9259-4d8e-bf76-68d8be628df9.jpg/250x188.webp https://prod.pictures.autoscout24.net/listing-images/25c6a32d-7f1e-47ff-b4d8-233a56392636_dc7227ce-82c1-4623-a72d-f5e372a952cf.jpg/250x188.webp https://prod.pictures.autoscout24.net/listing-images/25c6a32d-7f1e-47ff-b4d8-233a56392636_6f482b6a-f72a-4391-a7e5-492d1975a3dc.jpg/250x188.webp https://prod.pictures.autoscout24.net/listing-images/25c6a32d-7f1e-47ff-b4d8-233a56392636_f2f7a17f-b97c-4f7c-99b6-1df55e0f1ced.jpg/250x188.webp https://prod.pictures.autoscout24.net/listing-images/25c6a32d-7f1e-47ff-b4d8-233a56392636_3d93ef80-21ba-41a3-82bd-29067c4c25e4.jpg/250x188.webp https://prod.pictures.autoscout24.net/listing-images/25c6a32d-7f1e-47ff-b4d8-233a56392636_074095b2-0566-446a-9796-9c874969afe2.jpg/250x188.webp https://prod.pictures.autoscout24.net/listing-images/25c6a32d-7f1e-47ff-b4d8-233a56392636_0d1b6308-d273-443e-a70b-99c59818b08b.jpg/250x188.webp https://prod.pictures.autoscout24.net/listing-images/25c6a32d-7f1e-47ff-b4d8-233a56392636_89c7d1f3-1ad5-4694-955d-de65e03936b9.jpg/250x188.webp https://prod.pictures.autoscout24.net/listing-images/25c6a32d-7f1e-47ff-b4d8-233a56392636_36730db7-0fe3-4fa8-a28b-a6da3ba1f024.jpg/250x188.webp https://prod.pictures.autoscout24.net/listing-images/25c6a32d-7f1e-47ff-b4d8-233a56392636_89fd4ffc-9053-4bf0-b2b7-a8ce47f2a0aa.jpg/250x188.webp https://prod.pictures.autoscout24.net/listing-images/25c6a32d-7f1e-47ff-b4d8-233a56392636_deb0c693-a91f-42aa-8390-c98fbfdcd6f6.jpg/250x188.webp https://prod.pictures.autoscout24.net/listing-images/25c6a32d-7f1e-47ff-b4d8-233a56392636_63f77887-8684-436d-83c7-486c709c363f.jpg/250x188.webp https://prod.pictures.autoscout24.net/listing-images/25c6a32d-7f1e-47ff-b4d8-233a56392636_64f86a9b-04aa-41df-b7c2-f60b7aaef292.jpg/250x188.webp https://prod.pictures.autoscout24.net/listing-images/25c6a32d-7f1e-47ff-b4d8-233a56392636_282174fc-af8d-4e15-80f7-9f6608084f85.jpg/250x188.webp https://prod.pictures.autoscout24.net/listing-images/25c6a32d-7f1e-47ff-b4d8-233a56392636_019820c8-cd04-4c12-9b14-ba6618730eaa.jpg/250x188.webp,88.62444524027188,2001
e0fdb66b-c711-4dad-83e1-65b9c7644406,Volvo,XC40,T2 AUT Momentum Pro,Dealer,25900,b,84566,05-2021,2200,https://prod.pictures.autoscout24.net/listing-images/e0fdb66b-c711-4dad-83e1-65b9c7644406_e9f22e17-ff5f-4d84-bd5f-35e3e468c39e.jpg/250x188.webp https://prod.pictures.autoscout24.net/listing-images/e0fdb66b-c711-4dad-83e1-65b9c7644406_cfbba127-b52a-459a-9080-1917cd970a98.jpg/250x188.webp https://prod.pictures.autoscout24.net/listing-images/e0fdb66b-c711-4dad-83e1-65b9c7644406_046ca97f-0323-4478-9a18-2005e3948f86.jpg/250x188.webp https://prod.pictures.autoscout24.net/listing-images/e0fdb66b-c711-4dad-83e1-65b9c7644406_0de2ac55-25b3-46ab-880d-a88b83d43e0e.jpg/250x188.webp https://prod.pictures.autoscout24.net/listing-images/e0fdb66b-c711-4dad-83e1-65b9c7644406_32dc5231-02ed-4ce1-98c0-40096267de0d.jpg/250x188.webp https://prod.pictures.autoscout24.net/listing-images/e0fdb66b-c711-4dad-83e1-65b9c7644406_147cfae4-17a1-49b0-87bf-44cd805677f6.jpg/250x188.webp https://prod.pictures.autoscout24.net/listing-images/e0fdb66b-c711-4dad-83e1-65b9c7644406_0b707fe0-241c-4346-aa95-0d02c3d27d64.jpg/250x188.webp https://prod.pictures.autoscout24.net/listing-images/e0fdb66b-c711-4dad-83e1-65b9c7644406_fc5f8256-af73-4e53-a541-6b0604aa056e.jpg/250x188.webp https://prod.pictures.autoscout24.net/listing-images/e0fdb66b-c711-4dad-83e1-65b9c7644406_711d4624-9c63-4902-99f0-ca0ea27ffac8.jpg/250x188.webp https://prod.pictures.autoscout24.net/listing-images/e0fdb66b-c711-4dad-83e1-65b9c7644406_7285de28-ef18-4187-8229-d7c6184ba853.jpg/250x188.webp https://prod.pictures.autoscout24.net/listing-images/e0fdb66b-c711-4dad-83e1-65b9c7644406_882c69e2-f541-4dea-aaab-6848c29d40c3.jpg/250x188.webp https://prod.pictures.autoscout24.net/listing-images/e0fdb66b-c711-4dad-83e1-65b9c7644406_9db98380-3cdc-42ca-bd3f-356e1548b551.jpg/250x188.webp https://prod.pictures.autoscout24.net/listing-images/e0fdb66b-c711-4dad-83e1-65b9c7644406_a1aa8069-7d3c-4f98-be6f-394e9a27386a.jpg/250x188.webp https://prod.pictures.autoscout24.net/listing-images/e0fdb66b-c711-4dad-83e1-65b9c7644406_769a58e6-d431-4b40-aa75-4f84adb84f88.jpg/250x188.webp https://prod.pictures.autoscout24.net/listing-images/e0fdb66b-c711-4dad-83e1-65b9c7644406_a7cae7b2-10b5-476c-8779-de8ac3eb193f.jpg/250x188.webp https://prod.pictures.autoscout24.net/listing-images/e0fdb66b-c711-4dad-83e1-65b9c7644406_2fdab857-eeca-4901-b26b-f019561b0615.jpg/250x188.webp https://prod.pictures.autoscout24.net/listing-images/e0fdb66b-c711-4dad-83e1-65b9c7644406_6d764e3d-9ae6-4a92-9f33-701618b77943.jpg/250x188.webp https://prod.pictures.autoscout24.net/listing-images/e0fdb66b-c711-4dad-83e1-65b9c7644406_b8f7ded5-a2f6-4a98-93de-9fa78ba6d903.jpg/250x188.webp https://prod.pictures.autoscout24.net/listing-images/e0fdb66b-c711-4dad-83e1-65b9c7644406_e58c2dad-4048-4fef-936c-dde745a42f69.jpg/250x188.webp https://prod.pictures.autoscout24.net/listing-images/e0fdb66b-c711-4dad-83e1-65b9c7644406_10d5ff9c-f858-4a48-8243-4253d2614d75.jpg/250x188.webp https://prod.pictures.autoscout24.net/listing-images/e0fdb66b-c711-4dad-83e1-65b9c7644406_f502f39b-a78e-4e49-8848-ee8225ebd159.jpg/250x188.webp,43.77867845711375,1759
02272e24-3b98-4f88-862c-561dd2d2e490,Volvo,XC40,T5 plugIn Hybride - GPS - Leder - Topstaat! 1St...,Dealer,25990,2,88701,02-2020,9810,https://prod.pictures.autoscout24.net/listing-images/02272e24-3b98-4f88-862c-561dd2d2e490_379ffa4b-bf1b-44d3-b017-886615a688f3.jpg/250x188.webp https://prod.pictures.autoscout24.net/listing-images/02272e24-3b98-4f88-862c-561dd2d2e490_ef934f93-32cd-4f40-b3fc-f61e39300bb0.jpg/250x188.webp https://prod.pictures.autoscout24.net/listing-images/02272e24-3b98-4f88-862c-561dd2d2e490_906f4b6a-e11b-46d4-ae45-fb927b153dab.jpg/250x188.webp https://prod.pictures.autoscout24.net/listing-images/02272e24-3b98-4f88-862c-561dd2d2e490_c4dc2917-98f1-49be-81e1-880ba0ae0cd1.jpg/250x188.webp https://prod.pictures.autoscout24.net/listing-images/02272e24-3b98-4f88-862c-561dd2d2e490_06209489-7e78-4622-bc4b-87a7ee3e90e6.jpg/250x188.webp https://prod.pictures.autoscout24.net/listing-images/02272e24-3b98-4f88-862c-561dd2d2e490_a9bb5958-ab34-4d11-86eb-07b0805ac46c.jpg/250x188.webp https://prod.pictures.autoscout24.net/listing-images/02272e24-3b98-4f88-862c-561dd2d2e490_85aaa6e2-b631-4d6b-afd9-d44914136ea7.jpg/250x188.webp https://prod.pictures.autoscout24.net/listing-images/02272e24-3b98-4f88-862c-561dd2d2e490_4a4eb9f9-7e89-4d1b-bd4d-5e36769196f4.jpg/250x188.webp https://prod.pictures.autoscout24.net/listing-images/02272e24-3b98-4f88-862c-561dd2d2e490_f40f23aa-b7d1-45c6-9cd2-0e756dae8b58.jpg/250x188.webp https://prod.pictures.autoscout24.net/listing-images/02272e24-3b98-4f88-862c-561dd2d2e490_f65394d4-189d-4910-829b-ab2a27b2fd44.jpg/250x188.webp https://prod.pictures.autoscout24.net/listing-images/02272e24-3b98-4f88-862c-561dd2d2e490_e2c1dc73-363c-4bb4-98fa-c308f7022fdf.jpg/250x188.webp https://prod.pictures.autoscout24.net/listing-images/02272e24-3b98-4f88-862c-561dd2d2e490_44285f2a-c9a3-4473-bc88-2cc6336c01ce.jpg/250x188.webp https://prod.pictures.autoscout24.net/listing-images/02272e24-3b98-4f88-862c-561dd2d2e490_be56bd45-0262-4af7-9497-fdbefb444553.jpg/250x188.webp https://prod.pictures.autoscout24.net/listing-images/02272e24-3b98-4f88-862c-561dd2d2e490_5b2d1713-d861-4206-91b2-effb611dbf1e.jpg/250x188.webp https://prod.pictures.autoscout24.net/listing-images/02272e24-3b98-4f88-862c-561dd2d2e490_0c2f116e-4faa-4596-ab3a-5f4f4d69c17a.jpg/250x188.webp https://prod.pictures.autoscout24.net/listing-images/02272e24-3b98-4f88-862c-561dd2d2e490_2dda3679-40ac-413b-820d-19b47e776353.jpg/250x188.webp https://prod.pictures.autoscout24.net/listing-images/02272e24-3b98-4f88-862c-561dd2d2e490_a913c272-cfeb-493d-adba-7f6d47aad67b.jpg/250x188.webp https://prod.pictures.autoscout24.net/listing-images/02272e24-3b98-4f88-862c-561dd2d2e490_95e6abdf-4ed2-4ff9-9297-18ca5e44ec9b.jpg/250x188.webp https://prod.pictures.autoscout24.net/listing-images/02272e24-3b98-4f88-862c-561dd2d2e490_65c81c4d-ad87-4a50-9a5d-71ca22a44c69.jpg/250x188.webp https://prod.pictures.autoscout24.net/listing-images/02272e24-3b98-4f88-862c-561dd2d2e490_0dde5389-d1a8-455a-be8d-770bf3b6b2a5.jpg/250x188.webp https://prod.pictures.autoscout24.net/listing-images/02272e24-3b98-4f88-862c-561dd2d2e490_f721dc90-a5db-4f2f-9edc-f870c880bc00.jpg/250x188.webp https://prod.pictures.autoscout24.net/listing-images/02272e24-3b98-4f88-862c-561dd2d2e490_f7f16339-f9ed-4311-bf50-ff69c361accf.jpg/250x188.webp https://prod.pictures.autoscout24.net/listing-images/02272e24-3b98-4f88-862c-561dd2d2e490_64a01538-9049-446e-9a2a-1a8d930390ba.jpg/250x188.webp https://prod.pictures.autoscout24.net/listing-images/02272e24-3b98-4f88-862c-561dd2d2e490_79e66ddf-91cd-4f62-b006-6989b341dde4.jpg/250x188.webp https://prod.pictures.autoscout24.net/listing-images/02272e24-3b98-4f88-862c-561dd2d2e490_2828d6cb-0210-4718-a9e0-3111f54a2b12.jpg/250x188.webp https://prod.pictures.autoscout24.net/listing-images/02272e24-3b98-4f88-862c-561dd2d2e490_0516fb09-7fe6-4bca-be31-1017d2a8cec7.jpg/250x188.webp https://prod.pictures.autoscout24.net/listing-images/02272e24-3b98-4f88-862c-561dd2d2e490_0e45d704-eb2e-432c-aa45-f3f2a4a2a719.jpg/250x188.webp https://prod.pictures.autoscout24.net/listing-images/02272e24-3b98-4f88-862c-561dd2d2e490_bc0719ec-1ffe-48d2-b3ea-feac7701eb1f.jpg/250x188.webp,79.00473256506463,2214
9eab692d-6d63-4408-965a-e792822182b7,Volvo,XC40,T3 Geartronic 53000km!!,Dealer,23900,b,53000,07-2020,9041,https://prod.pictures.autoscout24.net/listing-images/9eab692d-6d63-4408-965a-e792822182b7_f586a6d8-0afc-4329-8bc1-856c42637eed.jpg/250x188.webp https://prod.pictures.autoscout24.net/listing-images/9eab692d-6d63-4408-965a-e792822182b7_a8b0bf97-cfc1-497f-9fc3-111e073e513c.jpg/250x188.webp https://prod.pictures.autoscout24.net/listing-images/9eab692d-6d63-4408-965a-e792822182b7_5edd89d3-6e7d-438c-aee1-afe2d1826c80.jpg/250x188.webp https://prod.pictures.autoscout24.net/listing-images/9eab692d-6d63-4408-965a-e792822182b7_74608f76-32fc-4aa2-ba58-e84ca779da37.jpg/250x188.webp https://prod.pictures.autoscout24.net/listing-images/9eab692d-6d63-4408-965a-e792822182b7_03f3a284-1953-4744-8b95-e546343b1b76.jpg/250x188.webp https://prod.pictures.autoscout24.net/listing-images/9eab692d-6d63-4408-965a-e792822182b7_8a33a23a-e83b-4c30-b72c-a2f5ed894dbe.jpg/250x188.webp https://prod.pictures.autoscout24.net/listing-images/9eab692d-6d63-4408-965a-e792822182b7_fb686813-5b27-42bb-bf06-7be1d33e62dd.jpg/250x188.webp https://prod.pictures.autoscout24.net/listing-images/9eab692d-6d63-4408-965a-e792822182b7_82898c08-6fcc-493b-ae8d-0f5b7b8a02ad.jpg/250x188.webp https://prod.pictures.autoscout24.net/listing-images/9eab692d-6d63-4408-965a-e792822182b7_733b9a37-46d8-437d-9ca8-7346d2eaf31c.jpg/250x188.webp https://prod.pictures.autoscout24.net/listing-images/9eab692d-6d63-4408-965a-e792822182b7_a50d640d-c567-446f-8b4b-b580ed4c9f7d.jpg/250x188.webp https://prod.pictures.autoscout24.net/listing-images/9eab692d-6d63-4408-965a-e792822182b7_c791f80b-e1aa-42c1-b535-5b41ad7bb3c2.jpg/250x188.webp https://prod.pictures.autoscout24.net/listing-images/9eab692d-6d63-4408-965a-e792822182b7_d93e347d-3c40-42b6-aa35-a9f6707f0bd3.jpg/250x188.webp https://prod.pictures.autoscout24.net/listing-images/9eab692d-6d63-4408-965a-e792822182b7_27200a19-f12c-4adf-b828-4977416c6a80.jpg/250x188.webp https://prod.pictures.autoscout24.net/listing-images/9eab692d-6d63-4408-965a-e792822182b7_356dcf8a-46d9-49b3-8920-7e2160920528.jpg/250x188.webp https://prod.pictures.autoscout24.net/listing-images/9eab692d-6d63-4408-965a-e792822182b7_e468f8ed-c198-4da9-bef1-95f056145419.jpg/250x188.webp https://prod.pictures.autoscout24.net/listing-images/9eab692d-6d63-4408-965a-e792822182b7_34777c09-92a7-480b-a58f-d454673a207f.jpg/250x188.webp https://prod.pictures.autoscout24.net/listing-images/9eab692d-6d63-4408-965a-e792822182b7_0aec8900-2a97-4c37-99c9-bd893a478fa3.jpg/250x188.webp https://prod.pictures.autoscout24.net/listing-images/9eab692d-6d63-4408-965a-e792822182b7_46c44ace-01f4-47e6-9329-d7906618f0e1.jpg/250x188.webp https://prod.pictures.autoscout24.net/listing-images/9eab692d-6d63-4408-965a-e792822182b7_9a0c3f7f-02ac-446b-95e4-0dda5539947b.jpg/250x188.webp https://prod.pictures.autoscout24.net/listing-images/9eab692d-6d63-4408-965a-e792822182b7_a324cffe-c186-4efe-b104-2480fe6f8746.jpg/250x188.webp https://prod.pictures.autoscout24.net/listing-images/9eab692d-6d63-4408-965a-e792822182b7_07440420-1171-4021-a40d-cd38d6b856eb.jpg/250x188.webp,63.47611690682108,2063
a029c7a8-1a72-4093-b01a-e6c333f6bbab,Volvo,XC40,XC40 T4 Recharge DKG Inscription,PrivateSeller,23900,2,82500,11-2020,2980,https://prod.pictures.autoscout24.net/listing-images/a029c7a8-1a72-4093-b01a-e6c333f6bbab_bf473e8f-4121-420d-977f-0119e34d2dd9.jpg/250x188.webp https://prod.pictures.autoscout24.net/listing-images/a029c7a8-1a72-4093-b01a-e6c333f6bbab_ba8f8258-263e-45b3-81ba-133774cce82b.jpg/250x188.webp https://prod.pictures.autoscout24.net/listing-images/a029c7a8-1a72-4093-b01a-e6c333f6bbab_c63b701c-1e76-4a25-b5f3-0d369fcb6b7c.jpg/250x188.webp https://prod.pictures.autoscout24.net/listing-images/a029c7a8-1a72-4093-b01a-e6c333f6bbab_b5dc7c32-ad48-406a-9c3d-0e6ef1262367.jpg/250x188.webp https://prod.pictures.autoscout24.net/listing-images/a029c7a8-1a72-4093-b01a-e6c333f6bbab_63044ffc-b30a-42e6-965d-d1ec0bce7346.jpg/250x188.webp https://prod.pictures.autoscout24.net/listing-images/a029c7a8-1a72-4093-b01a-e6c333f6bbab_810ad50c-39b0-4ef6-a004-35522f73ffff.jpg/250x188.webp https://prod.pictures.autoscout24.net/listing-images/a029c7a8-1a72-4093-b01a-e6c333f6bbab_3d8fd2e4-82d1-443e-821a-57eefbb76edf.jpg/250x188.webp https://prod.pictures.autoscout24.net/listing-images/a029c7a8-1a72-4093-b01a-e6c333f6bbab_2bf0a4ad-7563-4fad-85e7-fa54035d10ac.jpg/250x188.webp,27.81978118101473,1940
a9e7f35c-f461-4fdb-b4e0-ac5fe3d3024d,Volvo,XC40,XC40 1.5 T2 Momentum Pro Geartronic,PrivateSeller,23950,b,55000,01-2021,2890,https://prod.pictures.autoscout24.net/listing-images/a9e7f35c-f461-4fdb-b4e0-ac5fe3d3024d_0069245a-5302-417f-b424-dce3fa619a7d.jpg/250x188.webp https://prod.pictures.autoscout24.net/listing-images/a9e7f35c-f461-4fdb-b4e0-ac5fe3d3024d_40c5a720-26ad-48c5-a320-948c40b982d0.jpg/250x188.webp https://prod.pictures.autoscout24.net/listing-images/a9e7f35c-f461-4fdb-b4e0-ac5fe3d3024d_3389258a-6acb-4b91-8cdb-0db01d05beaa.jpg/250x188.webp https://prod.pictures.autoscout24.net/listing-images/a9e7f35c-f461-4fdb-b4e0-ac5fe3d3024d_7ea40732-a662-469b-a708-0ff14d49e758.jpg/250x188.webp https://prod.pictures.autoscout24.net/listing-images/a9e7f35c-f461-4fdb-b4e0-ac5fe3d3024d_2d895738-7cc0-4a2f-911f-6d2161663914.jpg/250x188.webp https://prod.pictures.autoscout24.net/listing-images/a9e7f35c-f461-4fdb-b4e0-ac5fe3d3024d_4880a5ff-a433-49eb-906e-667f5233fa3f.jpg/250x188.webp https://prod.pictures.autoscout24.net/listing-images/a9e7f35c-f461-4fdb-b4e0-ac5fe3d3024d_b02be66c-4d15-4b67-86e7-497f20c3d23a.jpg/250x188.webp,48.65875154033675,1879
a9774981-b2e1-4c17-90cd-9b32e5829b2f,Volvo,XC40,1.5 T5 PHEV Inscription - Elektrisch/Benzine,Dealer,23980,2,106173,12-2020,3510,https://prod.pictures.autoscout24.net/listing-images/a9774981-b2e1-4c17-90cd-9b32e5829b2f_c51bd73a-8b51-4510-90e9-2f149a1de792.jpg/250x188.webp https://prod.pictures.autoscout24.net/listing-images/a9774981-b2e1-4c17-90cd-9b32e5829b2f_7de2ec87-6fc5-487d-bd07-60553d4e9fa7.jpg/250x188.webp https://prod.pictures.autoscout24.net/listing-images/a9774981-b2e1-4c17-90cd-9b32e5829b2f_7ef7e950-bab4-4c71-b2c8-1a050aff1da6.jpg/250x188.webp https://prod.pictures.autoscout24.net/listing-images/a9774981-b2e1-4c17-90cd-9b32e5829b2f_4680b619-ef41-4176-bdcf-cea802df7162.jpg/250x188.webp https://prod.pictures.autoscout24.net/listing-images/a9774981-b2e1-4c17-90cd-9b32e5829b2f_c6f887ae-5646-4f96-b603-7df8140e8021.jpg/250x188.webp https://prod.pictures.autoscout24.net/listing-images/a9774981-b2e1-4c17-90cd-9b32e5829b2f_3db776f6-8bcf-48c3-8b78-849eb5f41aa6.jpg/250x188.webp https://prod.pictures.autoscout24.net/listing-images/a9774981-b2e1-4c17-90cd-9b32e5829b2f_eb1b1145-5fab-4cae-be52-cb6d3a15a3bb.jpg/250x188.webp https://prod.pictures.autoscout24.net/listing-images/a9774981-b2e1-4c17-90cd-9b32e5829b2f_00aa300e-66cb-4311-afc0-6cb5d28ea919.jpg/250x188.webp https://prod.pictures.autoscout24.net/listing-images/a9774981-b2e1-4c17-90cd-9b32e5829b2f_6ad30021-ad5b-4b73-b67b-076d58a5af8e.jpg/250x188.webp https://prod.pictures.autoscout24.net/listing-images/a9774981-b2e1-4c17-90cd-9b32e5829b2f_6a5dfc26-6e34-44f4-93af-47be72ab2bd1.jpg/250x188.webp https://prod.pictures.autoscout24.net/listing-images/a9774981-b2e1-4c17-90cd-9b32e5829b2f_9189f0b5-3dcd-454b-8091-ef9c55da0b50.jpg/250x188.webp https://prod.pictures.autoscout24.net/listing-images/a9774981-b2e1-4c17-90cd-9b32e5829b2f_0b592383-080d-4633-a20c-be19a163f36a.jpg/250x188.webp https://prod.pictures.autoscout24.net/listing-images/a9774981-b2e1-4c17-90cd-9b32e5829b2f_8829bef6-9ae9-4650-bec8-fefd2d55d2bf.jpg/250x188.webp https://prod.pictures.autoscout24.net/listing-images/a9774981-b2e1-4c17-90cd-9b32e5829b2f_b3d5f758-1bfa-4933-bc88-656453c91176.jpg/250x188.webp https://prod.pictures.autoscout24.net/listing-images/a9774981-b2e1-4c17-90cd-9b32e5829b2f_802c29a9-4093-43a0-9247-21ff3e0166c0.jpg/250x188.webp https://prod.pictures.autoscout24.net/listing-images/a9774981-b2e1-4c17-90cd-9b32e5829b2f_ec2f4690-71fc-46f1-80d8-7618d83a2b5e.jpg/250x188.webp https://prod.pictures.autoscout24.net/listing-images/a9774981-b2e1-4c17-90cd-9b32e5829b2f_699e899c-3e66-452d-b71b-813825e8697c.jpg/250x188.webp https://prod.pictures.autoscout24.net/listing-images/a9774981-b2e1-4c17-90cd-9b32e5829b2f_9333e609-aa3f-4e2c-ab17-c7cbe90cfb10.jpg/250x188.webp https://prod.pictures.autoscout24.net/listing-images/a9774981-b2e1-4c17-90cd-9b32e5829b2f_dd5fd427-9549-4380-a81c-6811054b6311.jpg/250x188.webp https://prod.pictures.autoscout24.net/listing-images/a9774981-b2e1-4c17-90cd-9b32e5829b2f_03c51fd9-21bc-4f22-a2b5-8c7b96c18fc2.jpg/250x188.webp https://prod.pictures.autoscout24.net/listing-images/a9774981-b2e1-4c17-90cd-9b32e5829b2f_1bd52843-5c3d-41d7-bf2d-de569583293f.jpg/250x188.webp https://prod.pictures.autoscout24.net/listing-images/a9774981-b2e1-4c17-90cd-9b32e5829b2f_31c5b4c9-4996-43f4-b8bd-90cfe86af2fa.jpg/250x188.webp https://prod.pictures.autoscout24.net/listing-images/a9774981-b2e1-4c17-90cd-9b32e5829b2f_5d9500ae-c5e7-4ef3-9f82-d5683269d682.jpg/250x188.webp https://prod.pictures.autoscout24.net/listing-images/a9774981-b2e1-4c17-90cd-9b32e5829b2f_2279e26f-5637-4791-ba97-7019d287b966.jpg/250x188.webp https://prod.pictures.autoscout24.net/listing-images/a9774981-b2e1-4c17-90cd-9b32e5829b2f_7b146340-7665-42cc-a20b-0945207d6ee5.jpg/250x188.webp https://prod.pictures.autoscout24.net/listing-images/a9774981-b2e1-4c17-90cd-9b32e5829b2f_03d20245-861c-4481-b6d1-9a59ec52d45d.jpg/250x188.webp https://prod.pictures.autoscout24.net/listing-images/a9774981-b2e1-4c17-90cd-9b32e5829b2f_059c9a95-1422-428f-aeaa-7707366f834a.jpg/250x188.webp https://prod.pictures.autoscout24.net/listing-images/a9774981-b2e1-4c17-90cd-9b32e5829b2f_a501d2e2-c137-470e-8b00-9bccf40f005d.jpg/250x188.webp https://prod.pictures.autoscout24.net/listing-images/a9774981-b2e1-4c17-90cd-9b32e5829b2f_df542a09-7ed9-4c17-91c6-a3809b0b9f9f.jpg/250x188.webp https://prod.pictures.autoscout24.net/listing-images/a9774981-b2e1-4c17-90cd-9b32e5829b2f_97c4edc1-2622-4c82-8d10-7e59ef7c1319.jpg/250x188.webp,78.69195200125851,1910
51b1bb16-2975-46b3-8fc3-d0873c4cccbb,Volvo,XC40,LEZ 2035*HARMAN KARDON*1ER PROP*CARNET FULL VOLVO,Dealer,23990,b,65000,02-2021,1420,https://prod.pictures.autoscout24.net/listing-images/51b1bb16-2975-46b3-8fc3-d0873c4cccbb_0d87ac93-4710-4359-80e8-84512933f2eb.jpg/250x188.webp https://prod.pictures.autoscout24.net/listing-images/51b1bb16-2975-46b3-8fc3-d0873c4cccbb_f73c0d8d-97aa-4b28-958f-199918b425e5.jpg/250x188.webp https://prod.pictures.autoscout24.net/listing-images/51b1bb16-2975-46b3-8fc3-d0873c4cccbb_57b1938c-6533-47e4-a501-8b5dbc8c2ea6.jpg/250x188.webp https://prod.pictures.autoscout24.net/listing-images/51b1bb16-2975-46b3-8fc3-d0873c4cccbb_ec1c908b-022e-4d24-baec-34ec2b25e2f9.jpg/250x188.webp https://prod.pictures.autoscout24.net/listing-images/51b1bb16-2975-46b3-8fc3-d0873c4cccbb_591253fb-9b78-4396-866b-52c992fe6074.jpg/250x188.webp https://prod.pictures.autoscout24.net/listing-images/51b1bb16-2975-46b3-8fc3-d0873c4cccbb_cc6b1dcc-b76a-4496-8629-dde6675d5478.jpg/250x188.webp https://prod.pictures.autoscout24.net/listing-images/51b1bb16-2975-46b3-8fc3-d0873c4cccbb_18aad7ae-b5b3-4a81-b78f-b0a810295c50.jpg/250x188.webp https://prod.pictures.autoscout24.net/listing-images/51b1bb16-2975-46b3-8fc3-d0873c4cccbb_1a90d193-6c14-47c5-a476-9728372c46a3.jpg/250x188.webp https://prod.pictures.autoscout24.net/listing-images/51b1bb16-2975-46b3-8fc3-d0873c4cccbb_13c99804-3075-41ef-9fa5-3f0c818009f3.jpg/250x188.webp https://prod.pictures.autoscout24.net/listing-images/51b1bb16-2975-46b3-8fc3-d0873c4cccbb_0cc445c8-93d0-4bc3-865c-8ef5e67e7a54.jpg/250x188.webp https://prod.pictures.autoscout24.net/listing-images/51b1bb16-2975-46b3-8fc3-d0873c4cccbb_7d8c4a2d-96fd-4f35-971b-421dc499ed30.jpg/250x188.webp https://prod.pictures.autoscout24.net/listing-images/51b1bb16-2975-46b3-8fc3-d0873c4cccbb_4003b5f2-4d7d-4e3c-8322-536edce20b57.jpg/250x188.webp https://prod.pictures.autoscout24.net/listing-images/51b1bb16-2975-46b3-8fc3-d0873c4cccbb_a356fbeb-9ba8-44c4-9a95-ce94e0300967.jpg/250x188.webp https://prod.pictures.autoscout24.net/listing-images/51b1bb16-2975-46b3-8fc3-d0873c4cccbb_3a997770-0761-4749-a386-e8e76650ac16.jpg/250x188.webp https://prod.pictures.autoscout24.net/listing-images/51b1bb16-2975-46b3-8fc3-d0873c4cccbb_fd492ebd-0966-4637-b016-9943cb0a0e32.jpg/250x188.webp https://prod.pictures.autoscout24.net/listing-images/51b1bb16-2975-46b3-8fc3-d0873c4cccbb_2eec6ea9-e07d-4cfd-a24f-67a953e3890f.jpg/250x188.webp https://prod.pictures.autoscout24.net/listing-images/51b1bb16-2975-46b3-8fc3-d0873c4cccbb_7c33526c-8a07-4c37-8b78-a9e3fd2fd624.jpg/250x188.webp https://prod.pictures.autoscout24.net/listing-images/51b1bb16-2975-46b3-8fc3-d0873c4cccbb_5c6ceabf-bee8-4ffb-b6fe-b7b0e598595d.jpg/250x188.webp https://prod.pictures.autoscout24.net/listing-images/51b1bb16-2975-46b3-8fc3-d0873c4cccbb_bb4ee606-f030-4518-945e-9ebb59624991.jpg/250x188.webp https://prod.pictures.autoscout24.net/listing-images/51b1bb16-2975-46b3-8fc3-d0873c4cccbb_18d44606-91aa-49da-bb08-fab9371dbdcd.jpg/250x188.webp https://prod.pictures.autoscout24.net/listing-images/51b1bb16-2975-46b3-8fc3-d0873c4cccbb_18ac39ce-3240-4250-9f01-bdd678244e97.jpg/250x188.webp https://prod.pictures.autoscout24.net/listing-images/51b1bb16-2975-46b3-8fc3-d0873c4cccbb_7d666eeb-fe25-4ab8-a16f-1e197af33647.jpg/250x188.webp https://prod.pictures.autoscout24.net/listing-images/51b1bb16-2975-46b3-8fc3-d0873c4cccbb_14227637-0e3f-4e7d-87e0-22916b5a050f.jpg/250x188.webp https://prod.pictures.autoscout24.net/listing-images/51b1bb16-2975-46b3-8fc3-d0873c4cccbb_9f94942b-1cd9-4ca2-a08b-3bd948bc47ff.jpg/250x188.webp https://prod.pictures.autoscout24.net/listing-images/51b1bb16-2975-46b3-8fc3-d0873c4cccbb_264ba456-d609-422f-9f9c-854c2c2a2a1a.jpg/250x188.webp https://prod.pictures.autoscout24.net/listing-images/51b1bb16-2975-46b3-8fc3-d0873c4cccbb_756c74a6-b3f8-4f54-91a7-da8999ab8803.jpg/250x188.webp https://prod.pictures.autoscout24.net/listing-images/51b1bb16-2975-46b3-8fc3-d0873c4cccbb_9aec494f-e751-4301-8f92-97a3b25ceda0.jpg/250x188.webp https://prod.pictures.autoscout24.net/listing-images/51b1bb16-2975-46b3-8fc3-d0873c4cccbb_555c42d5-8dcb-4e51-a08e-41a5ed8ceb4c.jpg/250x188.webp https://prod.pictures.autoscout24.net/listing-images/51b1bb16-2975-46b3-8fc3-d0873c4cccbb_7e00382a-5635-4f0b-a166-0ed37ce746e9.jpg/250x188.webp https://prod.pictures.autoscout24.net/listing-images/51b1bb16-2975-46b3-8fc3-d0873c4cccbb_69880c69-a7ee-4eb2-a419-a4dbd0a675e2.jpg/250x188.webp https://prod.pictures.autoscout24.net/listing-images/51b1bb16-2975-46b3-8fc3-d0873c4cccbb_426f75f1-be4a-4c74-9ced-6e7d279d08e3.jpg/250x188.webp,87.49639779077864,1848
77ba3b73-ed25-49c9-9657-795c93cc1b0b,Volvo,XC40,XC40 T5 Recharge Momentum,Dealer,23990,2,98000,10-2020,3300,https://prod.pictures.autoscout24.net/listing-images/77ba3b73-ed25-49c9-9657-795c93cc1b0b_54107da3-8044-4cc5-acb2-171a4eea8771.jpg/250x188.webp https://prod.pictures.autoscout24.net/listing-images/77ba3b73-ed25-49c9-9657-795c93cc1b0b_4ebcac92-12f8-4bba-9016-7ee5cf60aa6f.jpg/250x188.webp https://prod.pictures.autoscout24.net/listing-images/77ba3b73-ed25-49c9-9657-795c93cc1b0b_1866e2b3-98fd-4bfc-99c6-ac482e32e385.jpg/250x188.webp https://prod.pictures.autoscout24.net/listing-images/77ba3b73-ed25-49c9-9657-795c93cc1b0b_ab28b3ec-ace0-4292-ac24-75bb0635e786.jpg/250x188.webp https://prod.pictures.autoscout24.net/listing-images/77ba3b73-ed25-49c9-9657-795c93cc1b0b_31014e1c-681c-443c-8eca-9e0a62d42a80.jpg/250x188.webp https://prod.pictures.autoscout24.net/listing-images/77ba3b73-ed25-49c9-9657-795c93cc1b0b_1f56dc3e-40f3-4701-ad1a-c10491a7291b.jpg/250x188.webp https://prod.pictures.autoscout24.net/listing-images/77ba3b73-ed25-49c9-9657-795c93cc1b0b_0b115a0b-03df-412c-ba6c-81f58df43edb.jpg/250x188.webp https://prod.pictures.autoscout24.net/listing-images/77ba3b73-ed25-49c9-9657-795c93cc1b0b_041068da-9000-4afe-95a1-29e4c02bfb58.jpg/250x188.webp https://prod.pictures.autoscout24.net/listing-images/77ba3b73-ed25-49c9-9657-795c93cc1b0b_91313c07-8a5c-4071-b16c-cb52f4bf5a93.jpg/250x188.webp https://prod.pictures.autoscout24.net/listing-images/77ba3b73-ed25-49c9-9657-795c93cc1b0b_c2270039-6378-44b8-8c1e-1f05247c0f70.jpg/250x188.webp https://prod.pictures.autoscout24.net/listing-images/77ba3b73-ed25-49c9-9657-795c93cc1b0b_05b1cc43-9fb4-4926-a844-1e8189165594.jpg/250x188.webp https://prod.pictures.autoscout24.net/listing-images/77ba3b73-ed25-49c9-9657-795c93cc1b0b_2ba450ed-76f1-4e00-b004-cd8a01fabf28.jpg/250x188.webp https://prod.pictures.autoscout24.net/listing-images/77ba3b73-ed25-49c9-9657-795c93cc1b0b_2f715ac4-976a-4b9e-bdb3-edca4e96667f.jpg/250x188.webp https://prod.pictures.autoscout24.net/listing-images/77ba3b73-ed25-49c9-9657-795c93cc1b0b_0bb74e0b-e127-43c5-a5a6-5a63918a97d3.jpg/250x188.webp https://prod.pictures.autoscout24.net/listing-images/77ba3b73-ed25-49c9-9657-795c93cc1b0b_7b83d375-6af1-4231-94f7-c6168e544124.jpg/250x188.webp https://prod.pictures.autoscout24.net/listing-images/77ba3b73-ed25-49c9-9657-795c93cc1b0b_f7b26ad1-e18e-4099-96a0-486886017efe.jpg/250x188.webp https://prod.pictures.autoscout24.net/listing-images/77ba3b73-ed25-49c9-9657-795c93cc1b0b_0a0161ed-7c39-484d-a903-e50637c73a4f.jpg/250x188.webp https://prod.pictures.autoscout24.net/listing-images/77ba3b73-ed25-49c9-9657-795c93cc1b0b_9d823e29-5833-4b58-9fba-5ac9943e3575.jpg/250x188.webp https://prod.pictures.autoscout24.net/listing-images/77ba3b73-ed25-49c9-9657-795c93cc1b0b_88f90929-8bbe-4ec1-96a0-32418b4f4a85.jpg/250x188.webp https://prod.pictures.autoscout24.net/listing-images/77ba3b73-ed25-49c9-9657-795c93cc1b0b_cb007ec7-7d10-4667-85d6-9f1be5363340.jpg/250x188.webp https://prod.pictures.autoscout24.net/listing-images/77ba3b73-ed25-49c9-9657-795c93cc1b0b_db26d96b-fd86-4cd1-b20c-7501ca0eca9f.jpg/250x188.webp,79.24320979488705,1971
b5b3c1ae-9cc8-44f1-a7f7-3b9e9b9b6e3d,Volvo,XC40,Garantie 12 mois,Dealer,23990,b,55000,07-2021,1654,https://prod.pictures.autoscout24.net/listing-images/b5b3c1ae-9cc8-44f1-a7f7-3b9e9b9b6e3d_e86df67e-ee7b-4a4d-997f-85ca1fb473d8.jpg/250x188.webp https://prod.pictures.autoscout24.net/listing-images/b5b3c1ae-9cc8-44f1-a7f7-3b9e9b9b6e3d_9acd5588-c5d6-4d7f-8b9c-ba98efeb85c3.jpg/250x188.webp https://prod.pictures.autoscout24.net/listing-images/b5b3c1ae-9cc8-44f1-a7f7-3b9e9b9b6e3d_fdc5e80c-1931-4d9c-bbef-b47e1cb90d82.jpg/250x188.webp https://prod.pictures.autoscout24.net/listing-images/b5b3c1ae-9cc8-44f1-a7f7-3b9e9b9b6e3d_e982b7e4-fea8-4553-aca5-bf76c1c5834e.jpg/250x188.webp https://prod.pictures.autoscout24.net/listing-images/b5b3c1ae-9cc8-44f1-a7f7-3b9e9b9b6e3d_855ca89c-a07a-4f7a-8e6d-285fb58573ed.jpg/250x188.webp https://prod.pictures.autoscout24.net/listing-images/b5b3c1ae-9cc8-44f1-a7f7-3b9e9b9b6e3d_2e3d5bb4-6bb9-4873-bda6-2bfba2c208e3.jpg/250x188.webp https://prod.pictures.autoscout24.net/listing-images/b5b3c1ae-9cc8-44f1-a7f7-3b9e9b9b6e3d_ee7bc76e-0d1f-437b-8242-cfeab0804bc3.jpg/250x188.webp https://prod.pictures.autoscout24.net/listing-images/b5b3c1ae-9cc8-44f1-a7f7-3b9e9b9b6e3d_ac632b9a-ed56-4953-b075-5f24e03e2487.jpg/250x188.webp https://prod.pictures.autoscout24.net/listing-images/b5b3c1ae-9cc8-44f1-a7f7-3b9e9b9b6e3d_86cf3b18-f52a-4806-8235-d45a4fef6f92.jpg/250x188.webp https://prod.pictures.autoscout24.net/listing-images/b5b3c1ae-9cc8-44f1-a7f7-3b9e9b9b6e3d_6cd1eacd-bbfa-4a00-9f1d-4ecd453187a7.jpg/250x188.webp https://prod.pictures.autoscout24.net/listing-images/b5b3c1ae-9cc8-44f1-a7f7-3b9e9b9b6e3d_4c0b7074-a96f-4b72-a823-8fd8e1859846.jpg/250x188.webp https://prod.pictures.autoscout24.net/listing-images/b5b3c1ae-9cc8-44f1-a7f7-3b9e9b9b6e3d_0f11bb75-9021-4b36-bf3c-76cfaad7769c.jpg/250x188.webp https://prod.pictures.autoscout24.net/listing-images/b5b3c1ae-9cc8-44f1-a7f7-3b9e9b9b6e3d_66c164ac-ce41-4092-ac3d-9c7cad7aed54.jpg/250x188.webp https://prod.pictures.autoscout24.net/listing-images/b5b3c1ae-9cc8-44f1-a7f7-3b9e9b9b6e3d_f3f841fc-7f6d-4611-8b62-c5ad405d27c6.jpg/250x188.webp https://prod.pictures.autoscout24.net/listing-images/b5b3c1ae-9cc8-44f1-a7f7-3b9e9b9b6e3d_3827c901-8ae1-47da-ac69-7b6af78a6dd3.jpg/250x188.webp https://prod.pictures.autoscout24.net/listing-images/b5b3c1ae-9cc8-44f1-a7f7-3b9e9b9b6e3d_e897d533-9a6f-4b57-951c-8c52c200f28a.jpg/250x188.webp https://prod.pictures.autoscout24.net/listing-images/b5b3c1ae-9cc8-44f1-a7f7-3b9e9b9b6e3d_66870a04-52f2-4077-bd11-6507c08d8859.jpg/250x188.webp,81.3654492612839,1698
8d8d1e28-7308-4e13-b842-3e02a98207a4,Volvo,XC40,XC40 Momentum Pro Geartronic/1eignr/Camera/73800km,Dealer,23995,b,73796,11-2021,8610,https://prod.pictures.autoscout24.net/listing-images/8d8d1e28-7308-4e13-b842-3e02a98207a4_9f1b0cb9-2a75-49b9-abba-bcab9b2643a4.jpg/250x188.webp https://prod.pictures.autoscout24.net/listing-images/8d8d1e28-7308-4e13-b842-3e02a98207a4_02da7421-7fab-49c7-9b65-da367890d0ac.jpg/250x188.webp https://prod.pictures.autoscout24.net/listing-images/8d8d1e28-7308-4e13-b842-3e02a98207a4_285e1313-33d1-40e0-ae57-a4192419cf39.jpg/250x188.webp https://prod.pictures.autoscout24.net/listing-images/8d8d1e28-7308-4e13-b842-3e02a98207a4_a3935157-4e40-471c-9523-93b76c6e73c3.jpg/250x188.webp https://prod.pictures.autoscout24.net/listing-images/8d8d1e28-7308-4e13-b842-3e02a98207a4_84cd5209-72ac-40cb-aa25-3ccb62fdcfb6.jpg/250x188.webp https://prod.pictures.autoscout24.net/listing-images/8d8d1e28-7308-4e13-b842-3e02a98207a4_9259d596-e448-47b9-8c9f-04d516557778.jpg/250x188.webp https://prod.pictures.autoscout24.net/listing-images/8d8d1e28-7308-4e13-b842-3e02a98207a4_fc78ac3d-8da9-4423-85fb-e4de758a9d50.jpg/250x188.webp https://prod.pictures.autoscout24.net/listing-images/8d8d1e28-7308-4e13-b842-3e02a98207a4_d27e5f27-1cd4-425e-8204-c6b12c715732.jpg/250x188.webp https://prod.pictures.autoscout24.net/listing-images/8d8d1e28-7308-4e13-b842-3e02a98207a4_b4251f3d-5c7d-4f62-8f06-3e4e632d9006.jpg/250x188.webp https://prod.pictures.autoscout24.net/listing-images/8d8d1e28-7308-4e13-b842-3e02a98207a4_d734cc91-6297-4fca-bc6c-efb269a30947.jpg/250x188.webp https://prod.pictures.autoscout24.net/listing-images/8d8d1e28-7308-4e13-b842-3e02a98207a4_c214406a-e9ee-4704-bd6a-930821b738ea.jpg/250x188.webp https://prod.pictures.autoscout24.net/listing-images/8d8d1e28-7308-4e13-b842-3e02a98207a4_256164a3-fbcb-43d3-9d2b-2890783d22b1.jpg/250x188.webp https://prod.pictures.autoscout24.net/listing-images/8d8d1e28-7308-4e13-b842-3e02a98207a4_888dd035-ffd3-48b3-a041-55aa53567286.jpg/250x188.webp https://prod.pictures.autoscout24.net/listing-images/8d8d1e28-7308-4e13-b842-3e02a98207a4_b40de8f3-b9ef-403f-b042-5fc2ab7ea81b.jpg/250x188.webp https://prod.pictures.autoscout24.net/listing-images/8d8d1e28-7308-4e13-b842-3e02a98207a4_d58f7932-8f8a-4acc-b397-b8d640640f3f.jpg/250x188.webp https://prod.pictures.autoscout24.net/listing-images/8d8d1e28-7308-4e13-b842-3e02a98207a4_964271ac-2039-4ec3-a2de-a69d5fb769e4.jpg/250x188.webp https://prod.pictures.autoscout24.net/listing-images/8d8d1e28-7308-4e13-b842-3e02a98207a4_9fd8cc2c-21c2-4ca2-b22e-12ea89728180.jpg/250x188.webp https://prod.pictures.autoscout24.net/listing-images/8d8d1e28-7308-4e13-b842-3e02a98207a4_44142010-98f0-4fdd-95bb-c6871fe4fdf8.jpg/250x188.webp https://prod.pictures.autoscout24.net/listing-images/8d8d1e28-7308-4e13-b842-3e02a98207a4_9076ca67-4747-4e7d-8e70-2e89d3397544.jpg/250x188.webp https://prod.pictures.autoscout24.net/listing-images/8d8d1e28-7308-4e13-b842-3e02a98207a4_04892c74-b897-4bf2-baf5-345e5fa00d9c.jpg/250x188.webp,113.97510923289902,1575
777acbaa-2d48-4576-a21f-3a1f633f052a,Volvo,XC40,HYBRID - CAMERA - APPLE CARPLAY - LED,Dealer,23995,2,114350,10-2021,8000,https://prod.pictures.autoscout24.net/listing-images/777acbaa-2d48-4576-a21f-3a1f633f052a_eadccf19-34bd-4bd0-8030-b6ee2b41c5de.jpg/250x188.webp https://prod.pictures.autoscout24.net/listing-images/777acbaa-2d48-4576-a21f-3a1f633f052a_0e5974b6-90f6-4663-8e69-5c047af90b18.jpg/250x188.webp https://prod.pictures.autoscout24.net/listing-images/777acbaa-2d48-4576-a21f-3a1f633f052a_23b30a2e-da23-41a2-833d-cac4ff4536f1.jpg/250x188.webp https://prod.pictures.autoscout24.net/listing-images/777acbaa-2d48-4576-a21f-3a1f633f052a_042eb589-0bf8-4657-b59f-98ed6c966413.jpg/250x188.webp https://prod.pictures.autoscout24.net/listing-images/777acbaa-2d48-4576-a21f-3a1f633f052a_20ebd3a8-cd1d-484a-9431-e174dbbd6a9a.jpg/250x188.webp https://prod.pictures.autoscout24.net/listing-images/777acbaa-2d48-4576-a21f-3a1f633f052a_19bbe712-2524-4572-a050-9c0c1b30f288.jpg/250x188.webp https://prod.pictures.autoscout24.net/listing-images/777acbaa-2d48-4576-a21f-3a1f633f052a_8913dd0d-e832-48cf-8db7-78eae585e36f.jpg/250x188.webp https://prod.pictures.autoscout24.net/listing-images/777acbaa-2d48-4576-a21f-3a1f633f052a_239a8497-a096-4997-91aa-f31dc09d9ba5.jpg/250x188.webp https://prod.pictures.autoscout24.net/listing-images/777acbaa-2d48-4576-a21f-3a1f633f052a_d33a5a04-f1e5-4718-96f7-b9b04a294209.jpg/250x188.webp https://prod.pictures.autoscout24.net/listing-images/777acbaa-2d48-4576-a21f-3a1f633f052a_39e2545d-d193-4609-85cc-53d7e23404e0.jpg/250x188.webp https://prod.pictures.autoscout24.net/listing-images/777acbaa-2d48-4576-a21f-3a1f633f052a_c84eb894-97c3-4f31-a4c7-2888c187737e.jpg/250x188.webp https://prod.pictures.autoscout24.net/listing-images/777acbaa-2d48-4576-a21f-3a1f633f052a_e860b78b-c596-4e1d-9668-5a7a4da053cc.jpg/250x188.webp https://prod.pictures.autoscout24.net/listing-images/777acbaa-2d48-4576-a21f-3a1f633f052a_dc5c7961-bf8f-4ee2-96e6-598a2f2cc3ce.jpg/250x188.webp https://prod.pictures.autoscout24.net/listing-images/777acbaa-2d48-4576-a21f-3a1f633f052a_01d47160-0f62-480f-abcb-188379d5ad92.jpg/250x188.webp https://prod.pictures.autoscout24.net/listing-images/777acbaa-2d48-4576-a21f-3a1f633f052a_1cb8bb0a-e20b-4c08-b444-357dc1c8a4c4.jpg/250x188.webp https://prod.pictures.autoscout24.net/listing-images/777acbaa-2d48-4576-a21f-3a1f633f052a_3fdf2052-794f-44ec-90ab-f05369aa194a.jpg/250x188.webp https://prod.pictures.autoscout24.net/listing-images/777acbaa-2d48-4576-a21f-3a1f633f052a_501c132f-d2b3-47c2-ac93-47a44c72f706.jpg/250x188.webp https://prod.pictures.autoscout24.net/listing-images/777acbaa-2d48-4576-a21f-3a1f633f052a_260a4372-4a51-4c72-a9af-2b59997a04c2.jpg/250x188.webp https://prod.pictures.autoscout24.net/listing-images/777acbaa-2d48-4576-a21f-3a1f633f052a_3a49759c-9014-43b1-9887-0dbe87335855.jpg/250x188.webp https://prod.pictures.autoscout24.net/listing-images/777acbaa-2d48-4576-a21f-3a1f633f052a_dfbc4d10-e756-4217-bf2a-685a5ddb7aa2.jpg/250x188.webp https://prod.pictures.autoscout24.net/listing-images/777acbaa-2d48-4576-a21f-3a1f633f052a_26a95598-f6b1-40c6-aa4b-0d0750ba6049.jpg/250x188.webp https://prod.pictures.autoscout24.net/listing-images/777acbaa-2d48-4576-a21f-3a1f633f052a_d249922b-4318-45ac-b409-1f0aa0cab4c1.jpg/250x188.webp https://prod.pictures.autoscout24.net/listing-images/777acbaa-2d48-4576-a21f-3a1f633f052a_626b5aa8-aa91-438a-9e6e-79b68f78410b.jpg/250x188.webp https://prod.pictures.autoscout24.net/listing-images/777acbaa-2d48-4576-a21f-3a1f633f052a_5279cbf1-f4c1-4714-a1b3-dbf57dea8ff4.jpg/250x188.webp https://prod.pictures.autoscout24.net/listing-images/777acbaa-2d48-4576-a21f-3a1f633f052a_ce25e190-d084-4942-a85b-a04c82e7015a.jpg/250x188.webp https://prod.pictures.autoscout24.net/listing-images/777acbaa-2d48-4576-a21f-3a1f633f052a_ae777fab-531f-4f0a-a1bd-f55464ffc4f6.jpg/250x188.webp https://prod.pictures.autoscout24.net/listing-images/777acbaa-2d48-4576-a21f-3a1f633f052a_d0ee143c-b42f-4df6-8b84-e0d790e36444.jpg/250x188.webp https://prod.pictures.autoscout24.net/listing-images/777acbaa-2d48-4576-a21f-3a1f633f052a_f1d3bb2e-0f63-4dc4-bf0c-beed82ade48d.jpg/250x188.webp https://prod.pictures.autoscout24.net/listing-images/777acbaa-2d48-4576-a21f-3a1f633f052a_ace42186-51f5-497f-a1d3-907a27c77a2a.jpg/250x188.webp https://prod.pictures.autoscout24.net/listing-images/777acbaa-2d48-4576-a21f-3a1f633f052a_d4566162-997d-41bd-9e6c-e9f1aaea0b27.jpg/250x188.webp https://prod.pictures.autoscout24.net/listing-images/777acbaa-2d48-4576-a21f-3a1f633f052a_57770b13-62c8-4e58-b5d2-541036377aeb.jpg/250x188.webp https://prod.pictures.autoscout24.net/listing-images/777acbaa-2d48-4576-a21f-3a1f633f052a_cb2e9f47-d674-4bad-8804-4e7c86120d55.jpg/250x188.webp https://prod.pictures.autoscout24.net/listing-images/777acbaa-2d48-4576-a21f-3a1f633f052a_a5385a69-14aa-4bcc-97ba-286270069f4e.jpg/250x188.webp https://prod.pictures.autoscout24.net/listing-images/777acbaa-2d48-4576-a21f-3a1f633f052a_450a23a0-abf8-4912-8712-042f26aba2c1.jpg/250x188.webp https://prod.pictures.autoscout24.net/listing-images/777acbaa-2d48-4576-a21f-3a1f633f052a_657cc813-4948-4035-a3ac-21c74b92c77c.jpg/250x188.webp,89.83412633408918,1606
c69cde7a-3f08-4dcb-8696-db011ece18d7,Volvo,V60,T6 Hybrid/1steEig/118000km/Halfleder/Cruise/LED,Dealer,23995,2,118661,02-2020,8610,https://prod.pictures.autoscout24.net/listing-images/c69cde7a-3f08-4dcb-8696-db011ece18d7_af87d81e-260c-437d-8845-265dc08cc039.jpg/250x188.webp https://prod.pictures.autoscout24.net/listing-images/c69cde7a-3f08-4dcb-8696-db011ece18d7_01669f22-e2a3-456a-8835-4ff502f7195d.jpg/250x188.webp https://prod.pictures.autoscout24.net/listing-images/c69cde7a-3f08-4dcb-8696-db011ece18d7_242a48c9-2a6c-49c1-ae58-af00a7c36a41.jpg/250x188.webp https://prod.pictures.autoscout24.net/listing-images/c69cde7a-3f08-4dcb-8696-db011ece18d7_d51e9fca-736d-4a25-bbf0-42d042bb2cda.jpg/250x188.webp https://prod.pictures.autoscout24.net/listing-images/c69cde7a-3f08-4dcb-8696-db011ece18d7_0ef8d70d-fd7b-4512-ada8-aceffbd85b95.jpg/250x188.webp https://prod.pictures.autoscout24.net/listing-images/c69cde7a-3f08-4dcb-8696-db011ece18d7_b26f620c-e65b-47ba-ae47-b9a282554f2d.jpg/250x188.webp https://prod.pictures.autoscout24.net/listing-images/c69cde7a-3f08-4dcb-8696-db011ece18d7_b839534a-0d42-47af-8d98-ef6dab2260dd.jpg/250x188.webp https://prod.pictures.autoscout24.net/listing-images/c69cde7a-3f08-4dcb-8696-db011ece18d7_221c8af0-4d05-4d9e-8f95-283b80216e1d.jpg/250x188.webp https://prod.pictures.autoscout24.net/listing-images/c69cde7a-3f08-4dcb-8696-db011ece18d7_50aea116-a653-4d66-99e9-97acddabe9db.jpg/250x188.webp https://prod.pictures.autoscout24.net/listing-images/c69cde7a-3f08-4dcb-8696-db011ece18d7_3051be23-4f3d-44fd-90ee-6edccbf09b8a.jpg/250x188.webp https://prod.pictures.autoscout24.net/listing-images/c69cde7a-3f08-4dcb-8696-db011ece18d7_7ec8a7ad-266b-40d2-a945-c43a083cf6f0.jpg/250x188.webp https://prod.pictures.autoscout24.net/listing-images/c69cde7a-3f08-4dcb-8696-db011ece18d7_43723ab8-2b0f-4cd7-8b0c-fb93f3dd1b10.jpg/250x188.webp https://prod.pictures.autoscout24.net/listing-images/c69cde7a-3f08-4dcb-8696-db011ece18d7_234f4148-389b-4c15-bd0f-a582678b797f.jpg/250x188.webp https://prod.pictures.autoscout24.net/listing-images/c69cde7a-3f08-4dcb-8696-db011ece18d7_8f5123fb-6140-49d0-93da-cf1c981e6dad.jpg/250x188.webp https://prod.pictures.autoscout24.net/listing-images/c69cde7a-3f08-4dcb-8696-db011ece18d7_ced257ef-cb66-4978-bda5-3fba24e63a22.jpg/250x188.webp https://prod.pictures.autoscout24.net/listing-images/c69cde7a-3f08-4dcb-8696-db011ece18d7_6dc50ae3-ba7b-4e06-ac33-4b67129b929e.jpg/250x188.webp,113.97510923289902,2214
bc1f712f-bba5-4a95-9d2e-a53a0b9c72d2,Volvo,XC40,XC40 1.5 T2 Essential Geartronic - Garantie 12M,Dealer,24000,b,64000,03-2022,3080,https://prod.pictures.autoscout24.net/listing-images/bc1f712f-bba5-4a95-9d2e-a53a0b9c72d2_bc7c0640-5e7a-4b94-9a28-7455bc4f5887.jpg/250x188.webp https://prod.pictures.autoscout24.net/listing-images/bc1f712f-bba5-4a95-9d2e-a53a0b9c72d2_893076b2-7134-492e-9a7a-a41fcb143d51.jpg/250x188.webp https://prod.pictures.autoscout24.net/listing-images/bc1f712f-bba5-4a95-9d2e-a53a0b9c72d2_a36991a6-9732-4301-a333-fe242068f87f.jpg/250x188.webp https://prod.pictures.autoscout24.net/listing-images/bc1f712f-bba5-4a95-9d2e-a53a0b9c72d2_4259c7bb-69fd-4565-a92c-ae39401e08b1.jpg/250x188.webp https://prod.pictures.autoscout24.net/listing-images/bc1f712f-bba5-4a95-9d2e-a53a0b9c72d2_8d9fd682-6c43-4657-b13c-23bd7dab7296.jpg/250x188.webp https://prod.pictures.autoscout24.net/listing-images/bc1f712f-bba5-4a95-9d2e-a53a0b9c72d2_047476b0-7880-4c97-b34b-000e8c2efb6d.jpg/250x188.webp https://prod.pictures.autoscout24.net/listing-images/bc1f712f-bba5-4a95-9d2e-a53a0b9c72d2_506bac90-7c0d-4ee9-a06e-a4ef5e4cf0e7.jpg/250x188.webp https://prod.pictures.autoscout24.net/listing-images/bc1f712f-bba5-4a95-9d2e-a53a0b9c72d2_3f1ffeae-3381-42ad-aee4-adea37c06a67.jpg/250x188.webp https://prod.pictures.autoscout24.net/listing-images/bc1f712f-bba5-4a95-9d2e-a53a0b9c72d2_ae23f1b7-cf4a-464d-bb29-b63daf25babd.jpg/250x188.webp https://prod.pictures.autoscout24.net/listing-images/bc1f712f-bba5-4a95-9d2e-a53a0b9c72d2_19f63986-9b18-43ca-b516-d4dc717d9744.jpg/250x188.webp https://prod.pictures.autoscout24.net/listing-images/bc1f712f-bba5-4a95-9d2e-a53a0b9c72d2_c4d0c8b4-8223-4588-b4dc-f741aea2308d.jpg/250x188.webp https://prod.pictures.autoscout24.net/listing-images/bc1f712f-bba5-4a95-9d2e-a53a0b9c72d2_7da0992b-c47d-4bf4-9a68-a3d9b5818c7e.jpg/250x188.webp https://prod.pictures.autoscout24.net/listing-images/bc1f712f-bba5-4a95-9d2e-a53a0b9c72d2_88ce08e7-17af-4d5b-ab3d-fcafc5f55c2f.jpg/250x188.webp https://prod.pictures.autoscout24.net/listing-images/bc1f712f-bba5-4a95-9d2e-a53a0b9c72d2_023f6c61-d7a8-47aa-a5c4-e8f66762889b.jpg/250x188.webp https://prod.pictures.autoscout24.net/listing-images/bc1f712f-bba5-4a95-9d2e-a53a0b9c72d2_c8e97f51-5a15-4bb2-a760-809e0c9577c2.jpg/250x188.webp https://prod.pictures.autoscout24.net/listing-images/bc1f712f-bba5-4a95-9d2e-a53a0b9c72d2_6f0874e0-3725-4b46-8f79-ce73da5e1e35.jpg/250x188.webp https://prod.pictures.autoscout24.net/listing-images/bc1f712f-bba5-4a95-9d2e-a53a0b9c72d2_663d06a4-dd2d-4ffb-a8a7-8345cfd6222a.jpg/250x188.webp https://prod.pictures.autoscout24.net/listing-images/bc1f712f-bba5-4a95-9d2e-a53a0b9c72d2_4408a9e2-5866-40cf-a683-6f7fcc448516.jpg/250x188.webp https://prod.pictures.autoscout24.net/listing-images/bc1f712f-bba5-4a95-9d2e-a53a0b9c72d2_844e2dc0-53f0-4970-b2de-1a5f8cf6689e.jpg/250x188.webp,71.64536830324896,1455
22f88b44-2bcf-4905-ad6d-b23a9adda34c,Volvo,XC40,1.5 T4 PHEV Plus Dark Design DCT,PrivateSeller,24000,2,101000,01-2023,8470,https://prod.pictures.autoscout24.net/listing-images/22f88b44-2bcf-4905-ad6d-b23a9adda34c_a8dcb1e7-f502-4bd5-8697-a9ef4ec156a3.jpg/250x188.webp https://prod.pictures.autoscout24.net/listing-images/22f88b44-2bcf-4905-ad6d-b23a9adda34c_cc60de34-246d-477b-a0bf-3600f097bfc0.jpg/250x188.webp https://prod.pictures.autoscout24.net/listing-images/22f88b44-2bcf-4905-ad6d-b23a9adda34c_1f41def3-474b-4530-bca6-f803a133e1a2.jpg/250x188.webp https://prod.pictures.autoscout24.net/listing-images/22f88b44-2bcf-4905-ad6d-b23a9adda34c_0133ae67-2ed8-43c1-8589-5f3fe707c0df.jpg/250x188.webp https://prod.pictures.autoscout24.net/listing-images/22f88b44-2bcf-4905-ad6d-b23a9adda34c_49bdb559-b8c7-43be-bc8e-8532d593eb5c.jpg/250x188.webp https://prod.pictures.autoscout24.net/listing-images/22f88b44-2bcf-4905-ad6d-b23a9adda34c_30f0c3ea-8f55-4357-872b-212ced94479e.jpg/250x188.webp https://prod.pictures.autoscout24.net/listing-images/22f88b44-2bcf-4905-ad6d-b23a9adda34c_c5601947-4464-4059-9e1e-a70b60b1c085.jpg/250x188.webp https://prod.pictures.autoscout24.net/listing-images/22f88b44-2bcf-4905-ad6d-b23a9adda34c_c8ddee9a-e56c-4bdb-b878-d6514e3f3a5c.jpg/250x188.webp https://prod.pictures.autoscout24.net/listing-images/22f88b44-2bcf-4905-ad6d-b23a9adda34c_f199c507-5e07-4e0f-b3ae-94f9fa4d6eb7.jpg/250x188.webp,111.74128192023305,1149
f2549363-094c-41bf-ad13-68c1ca50fd9a,Volvo,XC40,XC40 2.0 B4 MHEV Momentum Pro DCT,PrivateSeller,24000,b,90000,11-2022,7000,https://prod.pictures.autoscout24.net/listing-images/f2549363-094c-41bf-ad13-68c1ca50fd9a_c5ce40a9-f83a-4712-b2cb-05f65cbb9d78.jpg/250x188.webp https://prod.pictures.autoscout24.net/listing-images/f2549363-094c-41bf-ad13-68c1ca50fd9a_e75be20d-84a8-4ea8-84bb-d5d81f64339c.jpg/250x188.webp https://prod.pictures.autoscout24.net/listing-images/f2549363-094c-41bf-ad13-68c1ca50fd9a_13cf056c-958a-47a8-bf9b-3c564dd92af3.jpg/250x188.webp https://prod.pictures.autoscout24.net/listing-images/f2549363-094c-41bf-ad13-68c1ca50fd9a_e78c82f8-0170-4243-877a-98c7379d280a.jpg/250x188.webp https://prod.pictures.autoscout24.net/listing-images/f2549363-094c-41bf-ad13-68c1ca50fd9a_79a4e63c-1587-4af1-a91b-d87db4a1d50e.jpg/250x188.webp https://prod.pictures.autoscout24.net/listing-images/f2549363-094c-41bf-ad13-68c1ca50fd9a_ecb60188-db8c-4aae-b73d-242774fb3f5f.jpg/250x188.webp,118.39471915054493,1210
a9283f6b-09ed-4fc1-8161-2604d280e034,Volvo,XC40,AUTOMAAT / Camera / Navigatie / Harman-Kardon a...,Dealer,24249,2,97109,02-2021,8520,https://prod.pictures.autoscout24.net/listing-images/a9283f6b-09ed-4fc1-8161-2604d280e034_07206e48-1222-4fd2-8c3f-067f37b4d2d9.jpg/250x188.webp https://prod.pictures.autoscout24.net/listing-images/a9283f6b-09ed-4fc1-8161-2604d280e034_695836ac-a7bf-4008-b6e8-9ce8684d28d8.jpg/250x188.webp https://prod.pictures.autoscout24.net/listing-images/a9283f6b-09ed-4fc1-8161-2604d280e034_38dda2a2-d163-47e6-b618-4501bf0109cb.jpg/250x188.webp https://prod.pictures.autoscout24.net/listing-images/a9283f6b-09ed-4fc1-8161-2604d280e034_1f0c2a96-b70f-479d-8612-e1b504a7fa18.jpg/250x188.webp https://prod.pictures.autoscout24.net/listing-images/a9283f6b-09ed-4fc1-8161-2604d280e034_764b2929-119f-4c87-b61b-dc15a92c5364.jpg/250x188.webp https://prod.pictures.autoscout24.net/listing-images/a9283f6b-09ed-4fc1-8161-2604d280e034_18bcdeaa-3e07-4271-8eb0-13621c466a1d.jpg/250x188.webp https://prod.pictures.autoscout24.net/listing-images/a9283f6b-09ed-4fc1-8161-2604d280e034_c3f315d7-065c-495d-8a37-7da348892cf6.jpg/250x188.webp https://prod.pictures.autoscout24.net/listing-images/a9283f6b-09ed-4fc1-8161-2604d280e034_06ccda84-6b8a-4d37-b0b5-0db9f879c209.jpg/250x188.webp https://prod.pictures.autoscout24.net/listing-images/a9283f6b-09ed-4fc1-8161-2604d280e034_da285be0-bf9c-42fc-ace4-354bf60099cf.jpg/250x188.webp https://prod.pictures.autoscout24.net/listing-images/a9283f6b-09ed-4fc1-8161-2604d280e034_c01b98db-06fc-4f6f-b547-5d92ac3cbf72.jpg/250x188.webp https://prod.pictures.autoscout24.net/listing-images/a9283f6b-09ed-4fc1-8161-2604d280e034_af3462e1-07ff-4044-8933-b36704e477e3.jpg/250x188.webp https://prod.pictures.autoscout24.net/listing-images/a9283f6b-09ed-4fc1-8161-2604d280e034_d65069f4-eeec-4d46-959a-d77554bd996a.jpg/250x188.webp https://prod.pictures.autoscout24.net/listing-images/a9283f6b-09ed-4fc1-8161-2604d280e034_65e1ca3b-f4fe-46b4-acf4-d654945fa643.jpg/250x188.webp https://prod.pictures.autoscout24.net/listing-images/a9283f6b-09ed-4fc1-8161-2604d280e034_9e8ac0f4-0da4-457a-a2fa-487db9372ce7.jpg/250x188.webp https://prod.pictures.autoscout24.net/listing-images/a9283f6b-09ed-4fc1-8161-2604d280e034_b594bb31-714c-47ca-9c21-e30ede06a9fb.jpg/250x188.webp,107.45339579517565,1848
a548b1e4-9963-4ee0-a614-4ec36d9e3eb2,Volvo,XC40,XC40 1.5 T2 Essential Geartronic/ garantie 12 mois,Dealer,24490,b,64000,03-2022,1020,https://prod.pictures.autoscout24.net/listing-images/a548b1e4-9963-4ee0-a614-4ec36d9e3eb2_d3b39a85-80f9-4d7a-89c5-97205231d5e4.jpg/250x188.webp https://prod.pictures.autoscout24.net/listing-images/a548b1e4-9963-4ee0-a614-4ec36d9e3eb2_d535b48b-2b76-49c1-a784-3e5f3aa01c78.jpg/250x188.webp https://prod.pictures.autoscout24.net/listing-images/a548b1e4-9963-4ee0-a614-4ec36d9e3eb2_cab52e52-f06e-4688-9210-6836a88617a3.jpg/250x188.webp https://prod.pictures.autoscout24.net/listing-images/a548b1e4-9963-4ee0-a614-4ec36d9e3eb2_f0c890a6-324a-4079-973b-f11dde5f6b1e.jpg/250x188.webp https://prod.pictures.autoscout24.net/listing-images/a548b1e4-9963-4ee0-a614-4ec36d9e3eb2_c6d9d72b-2170-4f58-94ec-c75049cfc9d0.jpg/250x188.webp https://prod.pictures.autoscout24.net/listing-images/a548b1e4-9963-4ee0-a614-4ec36d9e3eb2_7b863ef6-cc3d-4a80-a70d-46da20ad2317.jpg/250x188.webp https://prod.pictures.autoscout24.net/listing-images/a548b1e4-9963-4ee0-a614-4ec36d9e3eb2_42c82c0a-39b3-4de2-91aa-4b4c6299e471.jpg/250x188.webp https://prod.pictures.autoscout24.net/listing-images/a548b1e4-9963-4ee0-a614-4ec36d9e3eb2_06196279-47fa-40ab-9e4f-1f629e6c5afd.jpg/250x188.webp https://prod.pictures.autoscout24.net/listing-images/a548b1e4-9963-4ee0-a614-4ec36d9e3eb2_8d2e12dc-4fb8-4c89-96ef-9877ac8bca7c.jpg/250x188.webp https://prod.pictures.autoscout24.net/listing-images/a548b1e4-9963-4ee0-a614-4ec36d9e3eb2_fc22edf7-7f1d-4f25-9c83-f8433fdc6c20.jpg/250x188.webp https://prod.pictures.autoscout24.net/listing-images/a548b1e4-9963-4ee0-a614-4ec36d9e3eb2_f59712df-8d01-4ac0-984c-8d2c57ea0cab.jpg/250x188.webp https://prod.pictures.autoscout24.net/listing-images/a548b1e4-9963-4ee0-a614-4ec36d9e3eb2_56298919-93b6-40d8-84e4-a6c8a2147146.jpg/250x188.webp https://prod.pictures.autoscout24.net/listing-images/a548b1e4-9963-4ee0-a614-4ec36d9e3eb2_116e462c-b094-4c5d-8f08-3b7d33ff5031.jpg/250x188.webp https://prod.pictures.autoscout24.net/listing-images/a548b1e4-9963-4ee0-a614-4ec36d9e3eb2_49a9367a-2421-4493-b869-467b8e964d87.jpg/250x188.webp https://prod.pictures.autoscout24.net/listing-images/a548b1e4-9963-4ee0-a614-4ec36d9e3eb2_5bfcdab3-d645-4941-b54e-e3f9b9b22648.jpg/250x188.webp https://prod.pictures.autoscout24.net/listing-images/a548b1e4-9963-4ee0-a614-4ec36d9e3eb2_9e8f0685-cb57-4e92-a6eb-8f72d7c8096c.jpg/250x188.webp https://prod.pictures.autoscout24.net/listing-images/a548b1e4-9963-4ee0-a614-4ec36d9e3eb2_8a25a5a2-0c76-43fa-8ff2-4e08860ca2de.jpg/250x188.webp https://prod.pictures.autoscout24.net/listing-images/a548b1e4-9963-4ee0-a614-4ec36d9e3eb2_bb0f7e7f-db4c-42f0-9912-8edd72252767.jpg/250x188.webp https://prod.pictures.autoscout24.net/listing-images/a548b1e4-9963-4ee0-a614-4ec36d9e3eb2_64b89658-0973-49a8-90bc-94bba2f3303a.jpg/250x188.webp https://prod.pictures.autoscout24.net/listing-images/a548b1e4-9963-4ee0-a614-4ec36d9e3eb2_742ae0bc-3bc7-495a-8979-e8ec0f054402.jpg/250x188.webp https://prod.pictures.autoscout24.net/listing-images/a548b1e4-9963-4ee0-a614-4ec36d9e3eb2_cb412503-2742-4530-a479-6abef41a16be.jpg/250x188.webp https://prod.pictures.autoscout24.net/listing-images/a548b1e4-9963-4ee0-a614-4ec36d9e3eb2_68a4aa44-4564-461f-a13d-285b6d9f0475.jpg/250x188.webp https://prod.pictures.autoscout24.net/listing-images/a548b1e4-9963-4ee0-a614-4ec36d9e3eb2_8f3a0d3f-99bd-4fc8-b64c-50a731947f83.jpg/250x188.webp https://prod.pictures.autoscout24.net/listing-images/a548b1e4-9963-4ee0-a614-4ec36d9e3eb2_158fc154-39ee-4050-befb-044aeabb4250.jpg/250x188.webp https://prod.pictures.autoscout24.net/listing-images/a548b1e4-9963-4ee0-a614-4ec36d9e3eb2_d7575410-71f6-4fee-a91a-235b4edb9fa1.jpg/250x188.webp https://prod.pictures.autoscout24.net/listing-images/a548b1e4-9963-4ee0-a614-4ec36d9e3eb2_f476fd95-687d-4e8e-bc91-62638b600240.jpg/250x188.webp https://prod.pictures.autoscout24.net/listing-images/a548b1e4-9963-4ee0-a614-4ec36d9e3eb2_45b11850-c5d9-444f-8921-ad18efa77815.jpg/250x188.webp https://prod.pictures.autoscout24.net/listing-images/a548b1e4-9963-4ee0-a614-4ec36d9e3eb2_e34b8e2d-a803-41f2-a89e-6851498dec44.jpg/250x188.webp https://prod.pictures.autoscout24.net/listing-images/a548b1e4-9963-4ee0-a614-4ec36d9e3eb2_520603b1-7283-4c30-941a-79d45c1e9bfb.jpg/250x188.webp https://prod.pictures.autoscout24.net/listing-images/a548b1e4-9963-4ee0-a614-4ec36d9e3eb2_0dd3363a-e19e-4086-9da5-22304563bff6.jpg/250x188.webp,66.36225311284039,1455
9e112606-f5be-4745-a8b9-d2d0738f36ec,Volvo,XC40,XC40 T2 Momentum Core Geartronic,Dealer,24490,b,55899,11-2021,5100,https://prod.pictures.autoscout24.net/listing-images/9e112606-f5be-4745-a8b9-d2d0738f36ec_5ce95850-06dd-4b61-bcb4-9d7e6bf5c58e.jpg/250x188.webp https://prod.pictures.autoscout24.net/listing-images/9e112606-f5be-4745-a8b9-d2d0738f36ec_df3a7935-716a-4e4e-8457-13bbea39172d.jpg/250x188.webp https://prod.pictures.autoscout24.net/listing-images/9e112606-f5be-4745-a8b9-d2d0738f36ec_1513afc1-04b4-4fb9-b78d-6523388d6f5d.jpg/250x188.webp https://prod.pictures.autoscout24.net/listing-images/9e112606-f5be-4745-a8b9-d2d0738f36ec_ae878fae-72ab-4cb3-9aa1-78251117b6d4.jpg/250x188.webp https://prod.pictures.autoscout24.net/listing-images/9e112606-f5be-4745-a8b9-d2d0738f36ec_07f4e11a-b77e-41e9-bf8c-d1db352afb58.jpg/250x188.webp https://prod.pictures.autoscout24.net/listing-images/9e112606-f5be-4745-a8b9-d2d0738f36ec_4e8091cf-3cb8-4821-afaf-108a719e5bfc.jpg/250x188.webp https://prod.pictures.autoscout24.net/listing-images/9e112606-f5be-4745-a8b9-d2d0738f36ec_1bb68fd3-b59e-48e8-b9f2-cddf05a53081.jpg/250x188.webp https://prod.pictures.autoscout24.net/listing-images/9e112606-f5be-4745-a8b9-d2d0738f36ec_34750c60-9bc4-48bf-b63d-11abeb6d3a32.jpg/250x188.webp https://prod.pictures.autoscout24.net/listing-images/9e112606-f5be-4745-a8b9-d2d0738f36ec_86aa29e2-504b-4f0d-ad97-21ee8bddd20f.jpg/250x188.webp https://prod.pictures.autoscout24.net/listing-images/9e112606-f5be-4745-a8b9-d2d0738f36ec_c9d81677-19e6-44da-9e48-88df3e3af616.jpg/250x188.webp https://prod.pictures.autoscout24.net/listing-images/9e112606-f5be-4745-a8b9-d2d0738f36ec_f1a7a58a-8eb1-48f3-82a9-a9b5913cdb5c.jpg/250x188.webp https://prod.pictures.autoscout24.net/listing-images/9e112606-f5be-4745-a8b9-d2d0738f36ec_8e7fa792-fff6-4509-ab23-d49be985ad12.jpg/250x188.webp https://prod.pictures.autoscout24.net/listing-images/9e112606-f5be-4745-a8b9-d2d0738f36ec_d6101aa6-275f-449c-afaf-a7bf301b2730.jpg/250x188.webp https://prod.pictures.autoscout24.net/listing-images/9e112606-f5be-4745-a8b9-d2d0738f36ec_83641440-6d44-489a-b74b-45d833180aec.jpg/250x188.webp https://prod.pictures.autoscout24.net/listing-images/9e112606-f5be-4745-a8b9-d2d0738f36ec_8507bdc7-4c5e-41b5-a79a-508c7640ba04.jpg/250x188.webp https://prod.pictures.autoscout24.net/listing-images/9e112606-f5be-4745-a8b9-d2d0738f36ec_dfd9b582-1a8e-48c2-bf39-b90414405303.jpg/250x188.webp https://prod.pictures.autoscout24.net/listing-images/9e112606-f5be-4745-a8b9-d2d0738f36ec_f57229e8-3190-49b0-a37d-5c362de507a0.jpg/250x188.webp https://prod.pictures.autoscout24.net/listing-images/9e112606-f5be-4745-a8b9-d2d0738f36ec_2ab84632-7455-4a55-9dc3-a54b85a9e697.jpg/250x188.webp https://prod.pictures.autoscout24.net/listing-images/9e112606-f5be-4745-a8b9-d2d0738f36ec_9ff60adf-cbf4-42a3-98e7-23b246c39ad5.jpg/250x188.webp https://prod.pictures.autoscout24.net/listing-images/9e112606-f5be-4745-a8b9-d2d0738f36ec_49eee5c5-05ab-48a9-869d-2512fc2f14bb.jpg/250x188.webp https://prod.pictures.autoscout24.net/listing-images/9e112606-f5be-4745-a8b9-d2d0738f36ec_04bb3a4c-50b0-45a1-8d23-22d2246b0911.jpg/250x188.webp https://prod.pictures.autoscout24.net/listing-images/9e112606-f5be-4745-a8b9-d2d0738f36ec_040eb7f4-ab1f-47a7-bc65-b07c12122618.jpg/250x188.webp https://prod.pictures.autoscout24.net/listing-images/9e112606-f5be-4745-a8b9-d2d0738f36ec_c3e9acef-f8fb-433c-be66-11293e3b0213.jpg/250x188.webp https://prod.pictures.autoscout24.net/listing-images/9e112606-f5be-4745-a8b9-d2d0738f36ec_c2eac218-5462-4f14-9238-43574d00404c.jpg/250x188.webp https://prod.pictures.autoscout24.net/listing-images/9e112606-f5be-4745-a8b9-d2d0738f36ec_623f78be-fedc-428c-98bf-7c00528fa332.jpg/250x188.webp,119.56321289111871,1575
d269bf8e-31eb-47dc-b2f6-4097ba64c406,Volvo,XC40,XC40 1.5 T3 R-Design Geartronic,Dealer,24500,b,63525,07-2020,8610,https://prod.pictures.autoscout24.net/listing-images/d269bf8e-31eb-47dc-b2f6-4097ba64c406_ffb8af7f-b059-4940-af99-48c5ee81de05.jpg/250x188.webp https://prod.pictures.autoscout24.net/listing-images/d269bf8e-31eb-47dc-b2f6-4097ba64c406_64c6335e-09ed-4910-be6d-31e88eee69ad.jpg/250x188.webp https://prod.pictures.autoscout24.net/listing-images/d269bf8e-31eb-47dc-b2f6-4097ba64c406_c7a3d6da-c4e8-4c28-895e-bc53de22fa41.jpg/250x188.webp https://prod.pictures.autoscout24.net/listing-images/d269bf8e-31eb-47dc-b2f6-4097ba64c406_4bd72612-5291-4dc7-8cd8-73f01d0f35f0.jpg/250x188.webp https://prod.pictures.autoscout24.net/listing-images/d269bf8e-31eb-47dc-b2f6-4097ba64c406_c79e0905-26ee-470a-9fd3-9ba36557d9be.jpg/250x188.webp https://prod.pictures.autoscout24.net/listing-images/d269bf8e-31eb-47dc-b2f6-4097ba64c406_a8d0dcf4-f170-47ed-a953-fed2994b10ad.jpg/250x188.webp https://prod.pictures.autoscout24.net/listing-images/d269bf8e-31eb-47dc-b2f6-4097ba64c406_a7678098-ac09-49b5-9f80-f01b77533f45.jpg/250x188.webp https://prod.pictures.autoscout24.net/listing-images/d269bf8e-31eb-47dc-b2f6-4097ba64c406_a776db68-b0dd-4d49-a0c4-d8c1f5ec20bb.jpg/250x188.webp https://prod.pictures.autoscout24.net/listing-images/d269bf8e-31eb-47dc-b2f6-4097ba64c406_c36a3124-0cac-40cd-abf7-252bbbf444ea.jpg/250x188.webp https://prod.pictures.autoscout24.net/listing-images/d269bf8e-31eb-47dc-b2f6-4097ba64c406_6a343675-f7e4-4262-bfa6-3e6d434a6054.jpg/250x188.webp https://prod.pictures.autoscout24.net/listing-images/d269bf8e-31eb-47dc-b2f6-4097ba64c406_daf97c46-8d0a-4649-af49-7444b19f9a21.jpg/250x188.webp https://prod.pictures.autoscout24.net/listing-images/d269bf8e-31eb-47dc-b2f6-4097ba64c406_345ccfdb-0b51-41f2-bfa7-029cc0314851.jpg/250x188.webp https://prod.pictures.autoscout24.net/listing-images/d269bf8e-31eb-47dc-b2f6-4097ba64c406_fbd5b91f-4eb6-40a6-8f52-e29f0ce2eb70.jpg/250x188.webp https://prod.pictures.autoscout24.net/listing-images/d269bf8e-31eb-47dc-b2f6-4097ba64c406_751efe97-1d6d-4814-97cd-798723e4b658.jpg/250x188.webp https://prod.pictures.autoscout24.net/listing-images/d269bf8e-31eb-47dc-b2f6-4097ba64c406_398ddf40-1592-4a03-b700-7a6a0df22753.jpg/250x188.webp https://prod.pictures.autoscout24.net/listing-images/d269bf8e-31eb-47dc-b2f6-4097ba64c406_6a804634-b898-489b-b807-8735fce3d589.jpg/250x188.webp https://prod.pictures.autoscout24.net/listing-images/d269bf8e-31eb-47dc-b2f6-4097ba64c406_a6a6b8c9-73ab-4fee-96cb-5c70e29c2844.jpg/250x188.webp https://prod.pictures.autoscout24.net/listing-images/d269bf8e-31eb-47dc-b2f6-4097ba64c406_0d6fddcd-d631-4086-b2f7-9c67d699b209.jpg/250x188.webp https://prod.pictures.autoscout24.net/listing-images/d269bf8e-31eb-47dc-b2f6-4097ba64c406_d85d1cf7-9b2a-45d2-9c79-7bf9dd4b16f6.jpg/250x188.webp https://prod.pictures.autoscout24.net/listing-images/d269bf8e-31eb-47dc-b2f6-4097ba64c406_c81b0a0e-835a-411e-a073-2172c1328e5f.jpg/250x188.webp https://prod.pictures.autoscout24.net/listing-images/d269bf8e-31eb-47dc-b2f6-4097ba64c406_9de29562-936e-4a55-a721-18c2e13cd63a.jpg/250x188.webp https://prod.pictures.autoscout24.net/listing-images/d269bf8e-31eb-47dc-b2f6-4097ba64c406_cc505857-cf72-4019-b84c-855b6fb875c5.jpg/250x188.webp,113.97510923289902,2063
424cd01f-a7b5-475e-81ea-effc9e9c0122,Volvo,V60,2.0 B3 MHEV R-Design DCT Nappa LEDER/CUIR LED GPS,Dealer,26890,b,44136,01-2022,2630,https://prod.pictures.autoscout24.net/listing-images/424cd01f-a7b5-475e-81ea-effc9e9c0122_21894af4-95d3-48fe-bf14-1d671786faa3.jpg/250x188.webp https://prod.pictures.autoscout24.net/listing-images/424cd01f-a7b5-475e-81ea-effc9e9c0122_0a2bbd93-e135-46ee-a90e-7cdf9e245af8.jpg/250x188.webp https://prod.pictures.autoscout24.net/listing-images/424cd01f-a7b5-475e-81ea-effc9e9c0122_238d5aed-0b9b-4f94-9681-569c80adfb13.jpg/250x188.webp https://prod.pictures.autoscout24.net/listing-images/424cd01f-a7b5-475e-81ea-effc9e9c0122_b0934a40-f633-4361-98f7-0648d5e12036.jpg/250x188.webp https://prod.pictures.autoscout24.net/listing-images/424cd01f-a7b5-475e-81ea-effc9e9c0122_4930dbf5-ab5b-452a-9adb-ad9b0257495f.jpg/250x188.webp https://prod.pictures.autoscout24.net/listing-images/424cd01f-a7b5-475e-81ea-effc9e9c0122_db403408-523b-40f1-9c49-001355b48e08.jpg/250x188.webp https://prod.pictures.autoscout24.net/listing-images/424cd01f-a7b5-475e-81ea-effc9e9c0122_36148c9c-6456-4062-952f-a97ea827a11b.jpg/250x188.webp https://prod.pictures.autoscout24.net/listing-images/424cd01f-a7b5-475e-81ea-effc9e9c0122_d9209705-c2b5-4c2e-9058-3079b6b40f50.jpg/250x188.webp https://prod.pictures.autoscout24.net/listing-images/424cd01f-a7b5-475e-81ea-effc9e9c0122_87d14af2-f1b6-40a2-bf78-f34c76c82104.jpg/250x188.webp https://prod.pictures.autoscout24.net/listing-images/424cd01f-a7b5-475e-81ea-effc9e9c0122_11241d1b-e2b3-4ff6-9b24-64a7730a510a.jpg/250x188.webp https://prod.pictures.autoscout24.net/listing-images/424cd01f-a7b5-475e-81ea-effc9e9c0122_3aa46bd8-69b0-4c04-9fdf-f151524eeb27.jpg/250x188.webp https://prod.pictures.autoscout24.net/listing-images/424cd01f-a7b5-475e-81ea-effc9e9c0122_50071990-bd8c-4a0f-a507-c4254e04a45b.jpg/250x188.webp https://prod.pictures.autoscout24.net/listing-images/424cd01f-a7b5-475e-81ea-effc9e9c0122_4302318d-522e-43fd-b513-76df3156118b.jpg/250x188.webp https://prod.pictures.autoscout24.net/listing-images/424cd01f-a7b5-475e-81ea-effc9e9c0122_38bbfdac-c719-4af5-b203-7596d80ad505.jpg/250x188.webp https://prod.pictures.autoscout24.net/listing-images/424cd01f-a7b5-475e-81ea-effc9e9c0122_9dedfbe3-0bcb-4bd1-b3d1-32c830780028.jpg/250x188.webp https://prod.pictures.autoscout24.net/listing-images/424cd01f-a7b5-475e-81ea-effc9e9c0122_c467dc88-d68e-4e8e-bac3-6d438601997f.jpg/250x188.webp https://prod.pictures.autoscout24.net/listing-images/424cd01f-a7b5-475e-81ea-effc9e9c0122_9d4efbd4-c23c-4418-bd18-f4f36478b2a8.jpg/250x188.webp https://prod.pictures.autoscout24.net/listing-images/424cd01f-a7b5-475e-81ea-effc9e9c0122_f3c98d01-7708-4267-8e3d-8d18ea8530d3.jpg/250x188.webp https://prod.pictures.autoscout24.net/listing-images/424cd01f-a7b5-475e-81ea-effc9e9c0122_0e2c3c76-dab6-4f58-96d7-7b203c42368c.jpg/250x188.webp https://prod.pictures.autoscout24.net/listing-images/424cd01f-a7b5-475e-81ea-effc9e9c0122_728831bd-b2f7-419b-9a2d-4e204eda910e.jpg/250x188.webp https://prod.pictures.autoscout24.net/listing-images/424cd01f-a7b5-475e-81ea-effc9e9c0122_8ac43255-4741-4605-b687-91ad5655bf7a.jpg/250x188.webp https://prod.pictures.autoscout24.net/listing-images/424cd01f-a7b5-475e-81ea-effc9e9c0122_13f70edb-d794-420f-9d5f-a4ebc39a14f3.jpg/250x188.webp https://prod.pictures.autoscout24.net/listing-images/424cd01f-a7b5-475e-81ea-effc9e9c0122_b7336fd7-62b0-4a7e-ba4e-b0e30d0a929b.jpg/250x188.webp https://prod.pictures.autoscout24.net/listing-images/424cd01f-a7b5-475e-81ea-effc9e9c0122_c1b0d85b-7416-4807-81e5-5ca6240af62b.jpg/250x188.webp https://prod.pictures.autoscout24.net/listing-images/424cd01f-a7b5-475e-81ea-effc9e9c0122_fa6760aa-9aa6-4b6c-bdc2-f8fe383eff54.jpg/250x188.webp https://prod.pictures.autoscout24.net/listing-images/424cd01f-a7b5-475e-81ea-effc9e9c0122_e85ac144-40ba-48d8-8d04-fa21f7f1e338.jpg/250x188.webp https://prod.pictures.autoscout24.net/listing-images/424cd01f-a7b5-475e-81ea-effc9e9c0122_0899d932-de60-4ab5-b08f-c58a922637f6.jpg/250x188.webp https://prod.pictures.autoscout24.net/listing-images/424cd01f-a7b5-475e-81ea-effc9e9c0122_50065e05-a7eb-44b3-90f6-3bec76ebaeae.jpg/250x188.webp https://prod.pictures.autoscout24.net/listing-images/424cd01f-a7b5-475e-81ea-effc9e9c0122_321174ce-e1ab-458f-b5c1-eea4c47ce3f9.jpg/250x188.webp https://prod.pictures.autoscout24.net/listing-images/424cd01f-a7b5-475e-81ea-effc9e9c0122_be9b9823-7cdc-4d11-b879-d1b7c31482c5.jpg/250x188.webp https://prod.pictures.autoscout24.net/listing-images/424cd01f-a7b5-475e-81ea-effc9e9c0122_9c05d357-d8fb-4bd8-b235-49fedf1b0dfd.jpg/250x188.webp https://prod.pictures.autoscout24.net/listing-images/424cd01f-a7b5-475e-81ea-effc9e9c0122_fee85fff-f14f-4966-bbcd-0bdbc93ec3bc.jpg/250x188.webp https://prod.pictures.autoscout24.net/listing-images/424cd01f-a7b5-475e-81ea-effc9e9c0122_84c1bc22-e39f-4814-b19f-83d4be6cdc29.jpg/250x188.webp https://prod.pictures.autoscout24.net/listing-images/424cd01f-a7b5-475e-81ea-effc9e9c0122_1028f140-be7e-49a0-86eb-8f752f44670a.jpg/250x188.webp https://prod.pictures.autoscout24.net/listing-images/424cd01f-a7b5-475e-81ea-effc9e9c0122_76edbf44-5b55-4e95-8b1b-ef9f6077d95d.jpg/250x188.webp https://prod.pictures.autoscout24.net/listing-images/424cd01f-a7b5-475e-81ea-effc9e9c0122_617b2fae-3122-4fa0-97dc-12e030f0c956.jpg/250x188.webp,37.55427282853161,1514
510585da-75bb-4136-9752-dd73a761bd04,Volvo,XC40,T2 AUT Essential,Dealer,26900,b,77248,10-2023,2200,https://prod.pictures.autoscout24.net/listing-images/510585da-75bb-4136-9752-dd73a761bd04_a3a02b63-469d-4c21-9ff0-e91782c33a8e.jpg/250x188.webp https://prod.pictures.autoscout24.net/listing-images/510585da-75bb-4136-9752-dd73a761bd04_b2277feb-9dd8-4a45-b55c-8739f4fcb56d.jpg/250x188.webp https://prod.pictures.autoscout24.net/listing-images/510585da-75bb-4136-9752-dd73a761bd04_2e72082d-858a-437b-8ee8-c691345da6b4.jpg/250x188.webp https://prod.pictures.autoscout24.net/listing-images/510585da-75bb-4136-9752-dd73a761bd04_1ac50522-8b66-4ebe-aa2a-556b42b7f783.jpg/250x188.webp https://prod.pictures.autoscout24.net/listing-images/510585da-75bb-4136-9752-dd73a761bd04_93a13aef-46b2-43d5-bd2a-3e5a4d43d22c.jpg/250x188.webp https://prod.pictures.autoscout24.net/listing-images/510585da-75bb-4136-9752-dd73a761bd04_608881a7-f1a4-4aab-bdd8-57a4a0eb8499.jpg/250x188.webp https://prod.pictures.autoscout24.net/listing-images/510585da-75bb-4136-9752-dd73a761bd04_d2d35163-e364-42c2-9be0-133bf2bcfe73.jpg/250x188.webp https://prod.pictures.autoscout24.net/listing-images/510585da-75bb-4136-9752-dd73a761bd04_956de5e3-37be-4066-8985-dadda91dd2b5.jpg/250x188.webp https://prod.pictures.autoscout24.net/listing-images/510585da-75bb-4136-9752-dd73a761bd04_a4b84138-0b64-4112-a6f2-28ed28633eb3.jpg/250x188.webp https://prod.pictures.autoscout24.net/listing-images/510585da-75bb-4136-9752-dd73a761bd04_b0be90b8-c6f8-493f-9f35-63b5bfdd2931.jpg/250x188.webp https://prod.pictures.autoscout24.net/listing-images/510585da-75bb-4136-9752-dd73a761bd04_a87d8890-0677-48fd-9dd0-5617e03bc73d.jpg/250x188.webp https://prod.pictures.autoscout24.net/listing-images/510585da-75bb-4136-9752-dd73a761bd04_7746201e-6400-47a9-be4e-cbda77230b7d.jpg/250x188.webp https://prod.pictures.autoscout24.net/listing-images/510585da-75bb-4136-9752-dd73a761bd04_001a60bd-b6f7-43ba-8237-5307c43b64d3.jpg/250x188.webp https://prod.pictures.autoscout24.net/listing-images/510585da-75bb-4136-9752-dd73a761bd04_777289bc-c8db-41b7-95d9-8e5d57bc3ca6.jpg/250x188.webp https://prod.pictures.autoscout24.net/listing-images/510585da-75bb-4136-9752-dd73a761bd04_018cc9e3-8022-4c55-acf0-924a88c3d478.jpg/250x188.webp https://prod.pictures.autoscout24.net/listing-images/510585da-75bb-4136-9752-dd73a761bd04_8988745a-0169-4c49-bf99-a069151e2020.jpg/250x188.webp https://prod.pictures.autoscout24.net/listing-images/510585da-75bb-4136-9752-dd73a761bd04_0432c8c7-afe8-49f8-9b06-be38277ec936.jpg/250x188.webp https://prod.pictures.autoscout24.net/listing-images/510585da-75bb-4136-9752-dd73a761bd04_59a5dd8e-fa8e-448b-9b4e-0134a15dfb7c.jpg/250x188.webp https://prod.pictures.autoscout24.net/listing-images/510585da-75bb-4136-9752-dd73a761bd04_deb9773e-0829-4d9b-8e98-64876a0055cf.jpg/250x188.webp https://prod.pictures.autoscout24.net/listing-images/510585da-75bb-4136-9752-dd73a761bd04_3123edb6-1262-4378-ae0f-edbab0ea8d6b.jpg/250x188.webp,43.77867845711375,876
46f53be7-d47a-4e24-88ae-509480d0514f,Volvo,XC40,XC40 T2 Essential Aut. Salonactie nu 18m garantie,Dealer,26990,b,57400,04-2022,3550,https://prod.pictures.autoscout24.net/listing-images/46f53be7-d47a-4e24-88ae-509480d0514f_498c2a17-5266-48ba-95b5-8ac14241f5b4.jpg/250x188.webp https://prod.pictures.autoscout24.net/listing-images/46f53be7-d47a-4e24-88ae-509480d0514f_c280e159-87b0-4763-8ab6-438199d55c20.jpg/250x188.webp https://prod.pictures.autoscout24.net/listing-images/46f53be7-d47a-4e24-88ae-509480d0514f_eb4023fa-b5ab-422f-a0eb-b06e9eb13454.jpg/250x188.webp https://prod.pictures.autoscout24.net/listing-images/46f53be7-d47a-4e24-88ae-509480d0514f_e5e38392-2296-4954-9a7d-880996d0afba.jpg/250x188.webp https://prod.pictures.autoscout24.net/listing-images/46f53be7-d47a-4e24-88ae-509480d0514f_4f0a5eff-1535-4537-8818-56e00e1552f3.jpg/250x188.webp https://prod.pictures.autoscout24.net/listing-images/46f53be7-d47a-4e24-88ae-509480d0514f_c9b27ef3-8ca2-4a1e-9058-7f411a2dc957.jpg/250x188.webp https://prod.pictures.autoscout24.net/listing-images/46f53be7-d47a-4e24-88ae-509480d0514f_9a5120f3-2dbc-42da-ab23-8ad0e535ae59.jpg/250x188.webp https://prod.pictures.autoscout24.net/listing-images/46f53be7-d47a-4e24-88ae-509480d0514f_4536e766-ad8c-4c61-a2fe-42425022834d.jpg/250x188.webp https://prod.pictures.autoscout24.net/listing-images/46f53be7-d47a-4e24-88ae-509480d0514f_5e1af630-bd5c-4438-ad7a-7b9c255b62e4.jpg/250x188.webp https://prod.pictures.autoscout24.net/listing-images/46f53be7-d47a-4e24-88ae-509480d0514f_220061e9-cbc5-4b53-a544-f3e11aef994b.jpg/250x188.webp https://prod.pictures.autoscout24.net/listing-images/46f53be7-d47a-4e24-88ae-509480d0514f_c7c45a3e-42f3-4def-b0af-b8b6e11ac8b3.jpg/250x188.webp https://prod.pictures.autoscout24.net/listing-images/46f53be7-d47a-4e24-88ae-509480d0514f_38a74f79-74b5-4831-b024-33bba5539954.jpg/250x188.webp https://prod.pictures.autoscout24.net/listing-images/46f53be7-d47a-4e24-88ae-509480d0514f_e6a0b715-d07c-43b3-94a9-09873347d031.jpg/250x188.webp https://prod.pictures.autoscout24.net/listing-images/46f53be7-d47a-4e24-88ae-509480d0514f_2e509312-0b9c-4bda-a113-7f7af4120a9d.jpg/250x188.webp https://prod.pictures.autoscout24.net/listing-images/46f53be7-d47a-4e24-88ae-509480d0514f_277b214a-9519-4780-a268-87ad06481fc4.jpg/250x188.webp https://prod.pictures.autoscout24.net/listing-images/46f53be7-d47a-4e24-88ae-509480d0514f_e5b3260b-c27e-47f2-b478-764875d471a2.jpg/250x188.webp https://prod.pictures.autoscout24.net/listing-images/46f53be7-d47a-4e24-88ae-509480d0514f_9a36a247-f187-4360-98b2-f35e823c97d5.jpg/250x188.webp https://prod.pictures.autoscout24.net/listing-images/46f53be7-d47a-4e24-88ae-509480d0514f_47942217-89e2-44e9-88a4-870dcd27b944.jpg/250x188.webp https://prod.pictures.autoscout24.net/listing-images/46f53be7-d47a-4e24-88ae-509480d0514f_bdd3e006-c8bb-4ad7-86df-f225feed2427.jpg/250x188.webp https://prod.pictures.autoscout24.net/listing-images/46f53be7-d47a-4e24-88ae-509480d0514f_2f520bed-d746-4db9-ad5f-cb1d720478a5.jpg/250x188.webp https://prod.pictures.autoscout24.net/listing-images/46f53be7-d47a-4e24-88ae-509480d0514f_d402650a-5af9-4a62-a3c4-a38a0d62b019.jpg/250x188.webp https://prod.pictures.autoscout24.net/listing-images/46f53be7-d47a-4e24-88ae-509480d0514f_02cb5918-1162-4ead-bb18-6c4731285f6a.jpg/250x188.webp https://prod.pictures.autoscout24.net/listing-images/46f53be7-d47a-4e24-88ae-509480d0514f_3911300f-6f74-4848-abaf-b6a270f12da3.jpg/250x188.webp https://prod.pictures.autoscout24.net/listing-images/46f53be7-d47a-4e24-88ae-509480d0514f_37945adf-06ee-4566-af96-4c5de7492172.jpg/250x188.webp https://prod.pictures.autoscout24.net/listing-images/46f53be7-d47a-4e24-88ae-509480d0514f_ee7f5b93-61de-4c90-921c-e90c8adc3ff2.jpg/250x188.webp,75.15940367254241,1424
4c1bf8ad-b4d1-4e85-bbcf-6295f7414a31,Volvo,XC40,1.5 T3 MOMENTUM PRO|LED|CARPLAY|LEDER|TREKHAAK|,Dealer,24500,b,90541,01-2021,8900,https://prod.pictures.autoscout24.net/listing-images/4c1bf8ad-b4d1-4e85-bbcf-6295f7414a31_73b4a721-7cd4-4304-b96b-e6dafa27eeac.jpg/250x188.webp https://prod.pictures.autoscout24.net/listing-images/4c1bf8ad-b4d1-4e85-bbcf-6295f7414a31_e0ba0579-aeb2-4b14-8b49-243e8e330656.jpg/250x188.webp https://prod.pictures.autoscout24.net/listing-images/4c1bf8ad-b4d1-4e85-bbcf-6295f7414a31_76d49637-caa9-44ed-92aa-b145330c2e75.jpg/250x188.webp https://prod.pictures.autoscout24.net/listing-images/4c1bf8ad-b4d1-4e85-bbcf-6295f7414a31_c4d0eeed-ef63-4d20-8bfc-dfb40ce2007c.jpg/250x188.webp https://prod.pictures.autoscout24.net/listing-images/4c1bf8ad-b4d1-4e85-bbcf-6295f7414a31_422096ec-b0ef-4ec0-af4a-8b75dbeccf0b.jpg/250x188.webp https://prod.pictures.autoscout24.net/listing-images/4c1bf8ad-b4d1-4e85-bbcf-6295f7414a31_6bdb77f3-82c1-4e27-957b-6dddb3e07958.jpg/250x188.webp https://prod.pictures.autoscout24.net/listing-images/4c1bf8ad-b4d1-4e85-bbcf-6295f7414a31_6a5ca220-4c97-45ba-93c3-c9e0102a058e.jpg/250x188.webp https://prod.pictures.autoscout24.net/listing-images/4c1bf8ad-b4d1-4e85-bbcf-6295f7414a31_78225fe1-c731-4422-af76-2d4b3219ee0e.jpg/250x188.webp https://prod.pictures.autoscout24.net/listing-images/4c1bf8ad-b4d1-4e85-bbcf-6295f7414a31_990f511c-fc3e-464d-b12e-db81c0eb3374.jpg/250x188.webp https://prod.pictures.autoscout24.net/listing-images/4c1bf8ad-b4d1-4e85-bbcf-6295f7414a31_e4fa8b59-c333-4ff3-b836-aef8a3d0f5c3.jpg/250x188.webp https://prod.pictures.autoscout24.net/listing-images/4c1bf8ad-b4d1-4e85-bbcf-6295f7414a31_d41cd585-57ed-4eb1-9a75-293d03871c58.jpg/250x188.webp https://prod.pictures.autoscout24.net/listing-images/4c1bf8ad-b4d1-4e85-bbcf-6295f7414a31_5cf580b3-6fe2-4434-854d-a6a5003c820c.jpg/250x188.webp https://prod.pictures.autoscout24.net/listing-images/4c1bf8ad-b4d1-4e85-bbcf-6295f7414a31_cbffa4cd-a25b-42d7-9022-f64ff30949bb.jpg/250x188.webp https://prod.pictures.autoscout24.net/listing-images/4c1bf8ad-b4d1-4e85-bbcf-6295f7414a31_1edbc665-183f-4702-a95e-063c96381e51.jpg/250x188.webp https://prod.pictures.autoscout24.net/listing-images/4c1bf8ad-b4d1-4e85-bbcf-6295f7414a31_4123ec6c-e903-494e-bb59-ef5c3e7926ca.jpg/250x188.webp https://prod.pictures.autoscout24.net/listing-images/4c1bf8ad-b4d1-4e85-bbcf-6295f7414a31_4956602f-3114-4a24-8ada-9c3feadd0855.jpg/250x188.webp https://prod.pictures.autoscout24.net/listing-images/4c1bf8ad-b4d1-4e85-bbcf-6295f7414a31_026e14a2-c658-478f-9f42-d7f4fabed389.jpg/250x188.webp https://prod.pictures.autoscout24.net/listing-images/4c1bf8ad-b4d1-4e85-bbcf-6295f7414a31_234f5a3a-4f0b-49ca-84f7-398d94b897f2.jpg/250x188.webp https://prod.pictures.autoscout24.net/listing-images/4c1bf8ad-b4d1-4e85-bbcf-6295f7414a31_c23ab5da-0fdb-4bb9-8956-6791a72d5146.jpg/250x188.webp https://prod.pictures.autoscout24.net/listing-images/4c1bf8ad-b4d1-4e85-bbcf-6295f7414a31_8736c80d-eef1-4b42-8ab5-3dcaf3f0a3b8.jpg/250x188.webp,131.0863994347723,1879
e3495ec9-062b-457f-84ac-6b8ab4b134ea,Volvo,XC40,1.5 T3 Geartronic+GPS+PANO+TVA+CAMERA+GARANTIE,Dealer,24500,b,107000,02-2022,1620,https://prod.pictures.autoscout24.net/listing-images/e3495ec9-062b-457f-84ac-6b8ab4b134ea_6c1b4335-7e06-4b7d-9cc9-9c5d3e16bb73.jpg/250x188.webp https://prod.pictures.autoscout24.net/listing-images/e3495ec9-062b-457f-84ac-6b8ab4b134ea_09d58f42-309e-43a2-be33-78444537c295.jpg/250x188.webp https://prod.pictures.autoscout24.net/listing-images/e3495ec9-062b-457f-84ac-6b8ab4b134ea_34ac621b-e102-449f-afd7-e62357970f8d.jpg/250x188.webp https://prod.pictures.autoscout24.net/listing-images/e3495ec9-062b-457f-84ac-6b8ab4b134ea_14b47ced-2b1b-49bb-923e-79aa9dff1692.jpg/250x188.webp https://prod.pictures.autoscout24.net/listing-images/e3495ec9-062b-457f-84ac-6b8ab4b134ea_874d4a81-b47d-483a-afb0-326a12320b75.jpg/250x188.webp https://prod.pictures.autoscout24.net/listing-images/e3495ec9-062b-457f-84ac-6b8ab4b134ea_c9d01209-9713-48a7-88bc-c53f42b87115.jpg/250x188.webp https://prod.pictures.autoscout24.net/listing-images/e3495ec9-062b-457f-84ac-6b8ab4b134ea_ac5b236f-22cf-4837-9537-710a333994c5.jpg/250x188.webp https://prod.pictures.autoscout24.net/listing-images/e3495ec9-062b-457f-84ac-6b8ab4b134ea_7834fb8e-44d2-4b75-b1e8-e940f4990f94.jpg/250x188.webp https://prod.pictures.autoscout24.net/listing-images/e3495ec9-062b-457f-84ac-6b8ab4b134ea_74bec6a3-d119-4afa-aa2e-3d707154a3fc.jpg/250x188.webp https://prod.pictures.autoscout24.net/listing-images/e3495ec9-062b-457f-84ac-6b8ab4b134ea_59bfc4e4-066e-4b49-be8d-2e3f27da5ebd.jpg/250x188.webp https://prod.pictures.autoscout24.net/listing-images/e3495ec9-062b-457f-84ac-6b8ab4b134ea_78230e08-f9e0-4525-a869-f24c6ba049e1.jpg/250x188.webp https://prod.pictures.autoscout24.net/listing-images/e3495ec9-062b-457f-84ac-6b8ab4b134ea_908fcf4b-87f4-4c46-bf7d-d810c772d12c.jpg/250x188.webp https://prod.pictures.autoscout24.net/listing-images/e3495ec9-062b-457f-84ac-6b8ab4b134ea_870a6581-5104-41e9-a13c-1e7db666d740.jpg/250x188.webp https://prod.pictures.autoscout24.net/listing-images/e3495ec9-062b-457f-84ac-6b8ab4b134ea_b0cd5ec6-62d3-42fc-918d-3aacde84c38f.jpg/250x188.webp https://prod.pictures.autoscout24.net/listing-images/e3495ec9-062b-457f-84ac-6b8ab4b134ea_6d823347-0668-4bc2-bab7-22a7cc88c694.jpg/250x188.webp https://prod.pictures.autoscout24.net/listing-images/e3495ec9-062b-457f-84ac-6b8ab4b134ea_891d2abc-4c40-4112-a3fd-bcda8c6d09f7.jpg/250x188.webp https://prod.pictures.autoscout24.net/listing-images/e3495ec9-062b-457f-84ac-6b8ab4b134ea_a8f4242e-9b09-419e-9beb-da3ef3c09e8d.jpg/250x188.webp https://prod.pictures.autoscout24.net/listing-images/e3495ec9-062b-457f-84ac-6b8ab4b134ea_da77b7fe-fb3a-43b1-877d-aeb0bbaefb40.jpg/250x188.webp https://prod.pictures.autoscout24.net/listing-images/e3495ec9-062b-457f-84ac-6b8ab4b134ea_c9db0792-ece1-4844-8b4d-bd2f5cb503fe.jpg/250x188.webp https://prod.pictures.autoscout24.net/listing-images/e3495ec9-062b-457f-84ac-6b8ab4b134ea_959c18cb-23a1-4051-8623-e589931434a8.jpg/250x188.webp https://prod.pictures.autoscout24.net/listing-images/e3495ec9-062b-457f-84ac-6b8ab4b134ea_15da1a4a-0982-4816-bd67-9360085bb804.jpg/250x188.webp https://prod.pictures.autoscout24.net/listing-images/e3495ec9-062b-457f-84ac-6b8ab4b134ea_75332132-a62b-42bc-8c20-db60b431021e.jpg/250x188.webp https://prod.pictures.autoscout24.net/listing-images/e3495ec9-062b-457f-84ac-6b8ab4b134ea_565d2075-8daf-4fcb-8b05-6e9952b67f94.jpg/250x188.webp https://prod.pictures.autoscout24.net/listing-images/e3495ec9-062b-457f-84ac-6b8ab4b134ea_f5f3db95-7b58-4910-b46d-31d6265f6426.jpg/250x188.webp https://prod.pictures.autoscout24.net/listing-images/e3495ec9-062b-457f-84ac-6b8ab4b134ea_692a48d1-78e0-40da-8d46-98cf5eae6054.jpg/250x188.webp,76.4415139283917,1483
440b3566-aec0-4502-9bac-7b389cfbf697,Volvo,XC60,XC60 T8 Twin Engine AWD Geartronic Inscription,Dealer,24500,2,188684,01-2020,3840,https://prod.pictures.autoscout24.net/listing-images/440b3566-aec0-4502-9bac-7b389cfbf697_eee85b95-ae8a-4a16-b0e5-b97ca1fc931b.jpg/250x188.webp https://prod.pictures.autoscout24.net/listing-images/440b3566-aec0-4502-9bac-7b389cfbf697_e1241e86-f9cf-455f-b0ca-0da9fcebf3fa.jpg/250x188.webp https://prod.pictures.autoscout24.net/listing-images/440b3566-aec0-4502-9bac-7b389cfbf697_be61f554-a75f-4a4b-a687-b60e90537b8f.jpg/250x188.webp https://prod.pictures.autoscout24.net/listing-images/440b3566-aec0-4502-9bac-7b389cfbf697_ea296bb3-b27e-4f51-aa7e-7165287bca5b.jpg/250x188.webp https://prod.pictures.autoscout24.net/listing-images/440b3566-aec0-4502-9bac-7b389cfbf697_09a31d15-d2f1-45b1-89e1-f9b23ab05ed7.jpg/250x188.webp https://prod.pictures.autoscout24.net/listing-images/440b3566-aec0-4502-9bac-7b389cfbf697_50033c74-d4e1-44ae-9fe3-9fd1fa92bd61.jpg/250x188.webp https://prod.pictures.autoscout24.net/listing-images/440b3566-aec0-4502-9bac-7b389cfbf697_fd34cbe8-06bd-40ff-9de4-c3cbc4d56ad8.jpg/250x188.webp https://prod.pictures.autoscout24.net/listing-images/440b3566-aec0-4502-9bac-7b389cfbf697_ee02506b-5187-46bb-9211-94d4a1e07ce4.jpg/250x188.webp https://prod.pictures.autoscout24.net/listing-images/440b3566-aec0-4502-9bac-7b389cfbf697_cd338803-0d06-4850-8943-9d69ff584a14.jpg/250x188.webp https://prod.pictures.autoscout24.net/listing-images/440b3566-aec0-4502-9bac-7b389cfbf697_3ee1e3cf-78c9-4da7-8f96-392fca3c08e7.jpg/250x188.webp https://prod.pictures.autoscout24.net/listing-images/440b3566-aec0-4502-9bac-7b389cfbf697_adb5034f-a639-48ed-822d-753df40e91ee.jpg/250x188.webp https://prod.pictures.autoscout24.net/listing-images/440b3566-aec0-4502-9bac-7b389cfbf697_96080325-89b4-4a7f-973b-6d9d2308ba2c.jpg/250x188.webp https://prod.pictures.autoscout24.net/listing-images/440b3566-aec0-4502-9bac-7b389cfbf697_f139a07a-11b6-47f3-9169-edc73b0e9624.jpg/250x188.webp https://prod.pictures.autoscout24.net/listing-images/440b3566-aec0-4502-9bac-7b389cfbf697_3ecb4a92-9c86-4471-836e-0f37be96346c.jpg/250x188.webp https://prod.pictures.autoscout24.net/listing-images/440b3566-aec0-4502-9bac-7b389cfbf697_43f64047-312e-4758-8899-71a4ee516f52.jpg/250x188.webp https://prod.pictures.autoscout24.net/listing-images/440b3566-aec0-4502-9bac-7b389cfbf697_93f54908-aa83-44d4-af3d-d8da585ca9c5.jpg/250x188.webp https://prod.pictures.autoscout24.net/listing-images/440b3566-aec0-4502-9bac-7b389cfbf697_a0146df5-cff9-4eef-96fc-22b1a6de42ef.jpg/250x188.webp https://prod.pictures.autoscout24.net/listing-images/440b3566-aec0-4502-9bac-7b389cfbf697_bb0595a1-3d2e-4864-9961-3086553d63be.jpg/250x188.webp https://prod.pictures.autoscout24.net/listing-images/440b3566-aec0-4502-9bac-7b389cfbf697_6415c37b-784d-4022-a324-d820e5a9d50a.jpg/250x188.webp https://prod.pictures.autoscout24.net/listing-images/440b3566-aec0-4502-9bac-7b389cfbf697_662927f5-151e-4034-b77e-8d4811c29804.jpg/250x188.webp https://prod.pictures.autoscout24.net/listing-images/440b3566-aec0-4502-9bac-7b389cfbf697_b541f1bc-e25f-4487-9eb3-cfdc0ccfac39.jpg/250x188.webp https://prod.pictures.autoscout24.net/listing-images/440b3566-aec0-4502-9bac-7b389cfbf697_4ee7bbed-b428-4ff5-9e61-9e05780c5b81.jpg/250x188.webp https://prod.pictures.autoscout24.net/listing-images/440b3566-aec0-4502-9bac-7b389cfbf697_8100cbb6-eadb-46d4-a760-80cf104c5be9.jpg/250x188.webp https://prod.pictures.autoscout24.net/listing-images/440b3566-aec0-4502-9bac-7b389cfbf697_d9924f52-f1ef-48f2-a034-d18dec42d6f1.jpg/250x188.webp https://prod.pictures.autoscout24.net/listing-images/440b3566-aec0-4502-9bac-7b389cfbf697_fd0fcfdf-46d9-4700-aa70-7a825f161569.jpg/250x188.webp https://prod.pictures.autoscout24.net/listing-images/440b3566-aec0-4502-9bac-7b389cfbf697_5662a9dc-88d4-4a57-b240-0054784dcdd2.jpg/250x188.webp https://prod.pictures.autoscout24.net/listing-images/440b3566-aec0-4502-9bac-7b389cfbf697_cc629084-d1bc-4882-9db7-31a4a8166be4.jpg/250x188.webp https://prod.pictures.autoscout24.net/listing-images/440b3566-aec0-4502-9bac-7b389cfbf697_fae546ff-4b23-4828-b27d-02dc4132d658.jpg/250x188.webp https://prod.pictures.autoscout24.net/listing-images/440b3566-aec0-4502-9bac-7b389cfbf697_be2a13bc-1492-48ef-abfe-8f4fc90bdbf2.jpg/250x188.webp,96.07293751748698,2245
5dac2dd2-598a-4c0b-98e9-e5f28d8153b0,Volvo,XC40,T5 Recharge DKG Inscription,PrivateSeller,24500,2,87000,03-2021,9250,https://prod.pictures.autoscout24.net/listing-images/5dac2dd2-598a-4c0b-98e9-e5f28d8153b0_623d6225-81cc-449d-9566-e15ea3bfd1c5.jpg/250x188.webp https://prod.pictures.autoscout24.net/listing-images/5dac2dd2-598a-4c0b-98e9-e5f28d8153b0_edc01ae3-cfe9-4818-aa35-d65778aab3be.jpg/250x188.webp https://prod.pictures.autoscout24.net/listing-images/5dac2dd2-598a-4c0b-98e9-e5f28d8153b0_ef64e58e-df6a-4cb0-9a7e-2560639adb1f.jpg/250x188.webp https://prod.pictures.autoscout24.net/listing-images/5dac2dd2-598a-4c0b-98e9-e5f28d8153b0_fede82c8-006c-43fd-b136-8f145cc05e46.jpg/250x188.webp https://prod.pictures.autoscout24.net/listing-images/5dac2dd2-598a-4c0b-98e9-e5f28d8153b0_d7208e8d-ba88-4cf5-9f8b-da0ae78ae114.jpg/250x188.webp https://prod.pictures.autoscout24.net/listing-images/5dac2dd2-598a-4c0b-98e9-e5f28d8153b0_eff578ad-cc4b-45b7-b1f7-19c1709779a3.jpg/250x188.webp,48.29700857036449,1820
87a7b240-e7eb-4bc2-b6e6-e67c1595eb9c,Volvo,XC40,XC40 1.5 T3 R-Design Geartronic,PrivateSeller,24850,b,93000,06-2021,9190,https://prod.pictures.autoscout24.net/listing-images/87a7b240-e7eb-4bc2-b6e6-e67c1595eb9c_32175398-a26d-49f6-8893-f1e594e5ea34.jpg/250x188.webp https://prod.pictures.autoscout24.net/listing-images/87a7b240-e7eb-4bc2-b6e6-e67c1595eb9c_ee779a4f-903a-46dc-9716-9e942fd1a1cf.jpg/250x188.webp https://prod.pictures.autoscout24.net/listing-images/87a7b240-e7eb-4bc2-b6e6-e67c1595eb9c_a2811df5-c66b-462c-90e2-55fe354bdea7.jpg/250x188.webp https://prod.pictures.autoscout24.net/listing-images/87a7b240-e7eb-4bc2-b6e6-e67c1595eb9c_cb21a0ea-4bdd-4d35-867d-4a4b68a9a897.jpg/250x188.webp https://prod.pictures.autoscout24.net/listing-images/87a7b240-e7eb-4bc2-b6e6-e67c1595eb9c_6c54e012-cd62-446e-9e6d-5357993fec1f.jpg/250x188.webp https://prod.pictures.autoscout24.net/listing-images/87a7b240-e7eb-4bc2-b6e6-e67c1595eb9c_88f606f4-2e04-4a88-a57e-66a70d4af503.jpg/250x188.webp https://prod.pictures.autoscout24.net/listing-images/87a7b240-e7eb-4bc2-b6e6-e67c1595eb9c_9230b2e5-2e1d-4575-9b78-1bb7e7c1b1b3.jpg/250x188.webp https://prod.pictures.autoscout24.net/listing-images/87a7b240-e7eb-4bc2-b6e6-e67c1595eb9c_26b0ff7d-0404-4aa9-ba15-0411f47455b9.jpg/250x188.webp https://prod.pictures.autoscout24.net/listing-images/87a7b240-e7eb-4bc2-b6e6-e67c1595eb9c_ad71aadf-38be-4061-b241-232ee666daa7.jpg/250x188.webp https://prod.pictures.autoscout24.net/listing-images/87a7b240-e7eb-4bc2-b6e6-e67c1595eb9c_8d9c7c01-f55a-497d-aaef-cb5ff8bdf37e.jpg/250x188.webp,40.60522261941301,1728
eaf803de-66aa-4e39-89c5-875bcde08399,Volvo,XC40,Momentum  T2 automatique,Dealer,24890,b,115375,07-2021,7033,https://prod.pictures.autoscout24.net/listing-images/eaf803de-66aa-4e39-89c5-875bcde08399_fac0a5d6-8505-4a39-88d2-a58bb643e2e5.jpg/250x188.webp https://prod.pictures.autoscout24.net/listing-images/eaf803de-66aa-4e39-89c5-875bcde08399_aae4db2d-bd13-4dd8-b42b-f4be67a7dbef.jpg/250x188.webp https://prod.pictures.autoscout24.net/listing-images/eaf803de-66aa-4e39-89c5-875bcde08399_772c6e46-afd1-40d8-872b-4ed75a73fab3.jpg/250x188.webp https://prod.pictures.autoscout24.net/listing-images/eaf803de-66aa-4e39-89c5-875bcde08399_acac81d9-c728-45b1-a88a-2d2d841e47c6.jpg/250x188.webp https://prod.pictures.autoscout24.net/listing-images/eaf803de-66aa-4e39-89c5-875bcde08399_67c8e79e-e852-4946-b9c4-c271df5ef275.jpg/250x188.webp https://prod.pictures.autoscout24.net/listing-images/eaf803de-66aa-4e39-89c5-875bcde08399_3280e35e-511d-407d-8ee5-35bde7132c3c.jpg/250x188.webp https://prod.pictures.autoscout24.net/listing-images/eaf803de-66aa-4e39-89c5-875bcde08399_410274eb-12ed-4c2d-a0d9-1171fa9f86f9.jpg/250x188.webp https://prod.pictures.autoscout24.net/listing-images/eaf803de-66aa-4e39-89c5-875bcde08399_b384a15d-aec4-4db1-ad53-263964d1f4a0.jpg/250x188.webp https://prod.pictures.autoscout24.net/listing-images/eaf803de-66aa-4e39-89c5-875bcde08399_15b474d0-378c-4af1-a211-15a35b9c47f6.jpg/250x188.webp https://prod.pictures.autoscout24.net/listing-images/eaf803de-66aa-4e39-89c5-875bcde08399_5c311934-9e11-45c3-82ae-bd88fa35c664.jpg/250x188.webp https://prod.pictures.autoscout24.net/listing-images/eaf803de-66aa-4e39-89c5-875bcde08399_a848aa95-257b-410a-9d99-c5216c95ac66.jpg/250x188.webp,120.92234590410432,1698
7ed6b532-64a8-4193-8c89-a7aaa1a5ed82,Volvo,XC40,1.5 T3 Momentum Geartronic+CARPLAY+CAMERA+GARANTIE,Dealer,24900,b,75000,12-2020,1620,https://prod.pictures.autoscout24.net/listing-images/7ed6b532-64a8-4193-8c89-a7aaa1a5ed82_28f27058-0a0c-4852-8d2e-8de4ac864617.jpg/250x188.webp https://prod.pictures.autoscout24.net/listing-images/7ed6b532-64a8-4193-8c89-a7aaa1a5ed82_67b26041-e609-467f-aa3a-b94e39bf8cd1.jpg/250x188.webp https://prod.pictures.autoscout24.net/listing-images/7ed6b532-64a8-4193-8c89-a7aaa1a5ed82_7903e06e-b8cb-4e57-b06d-938286b006b4.jpg/250x188.webp https://prod.pictures.autoscout24.net/listing-images/7ed6b532-64a8-4193-8c89-a7aaa1a5ed82_149e68fb-9f2a-4c66-8812-a8cc5743b0e8.jpg/250x188.webp https://prod.pictures.autoscout24.net/listing-images/7ed6b532-64a8-4193-8c89-a7aaa1a5ed82_dc7bc416-f7b1-4bbe-9284-ab3f72e22531.jpg/250x188.webp https://prod.pictures.autoscout24.net/listing-images/7ed6b532-64a8-4193-8c89-a7aaa1a5ed82_bc1a0284-8943-4814-b281-c8bc66196a8e.jpg/250x188.webp https://prod.pictures.autoscout24.net/listing-images/7ed6b532-64a8-4193-8c89-a7aaa1a5ed82_f07b6e2f-d845-4228-86f1-6b500481c118.jpg/250x188.webp https://prod.pictures.autoscout24.net/listing-images/7ed6b532-64a8-4193-8c89-a7aaa1a5ed82_c919448a-e0d3-438d-a3f1-011918dee7a9.jpg/250x188.webp https://prod.pictures.autoscout24.net/listing-images/7ed6b532-64a8-4193-8c89-a7aaa1a5ed82_0ef8ceb6-6536-4e62-8946-d0a8d446508e.jpg/250x188.webp https://prod.pictures.autoscout24.net/listing-images/7ed6b532-64a8-4193-8c89-a7aaa1a5ed82_38caccbb-24f0-49e9-888b-614ab54dcab2.jpg/250x188.webp https://prod.pictures.autoscout24.net/listing-images/7ed6b532-64a8-4193-8c89-a7aaa1a5ed82_824a6207-034e-4f05-8be5-040d39bc76aa.jpg/250x188.webp https://prod.pictures.autoscout24.net/listing-images/7ed6b532-64a8-4193-8c89-a7aaa1a5ed82_6cd6cc1c-d100-4649-9e35-8d3185afc70e.jpg/250x188.webp https://prod.pictures.autoscout24.net/listing-images/7ed6b532-64a8-4193-8c89-a7aaa1a5ed82_caef0b69-900f-4ab9-b28b-e1fde6d34631.jpg/250x188.webp https://prod.pictures.autoscout24.net/listing-images/7ed6b532-64a8-4193-8c89-a7aaa1a5ed82_1963a271-ba16-4ad1-8f15-61b93b753204.jpg/250x188.webp https://prod.pictures.autoscout24.net/listing-images/7ed6b532-64a8-4193-8c89-a7aaa1a5ed82_4618ba0b-eb96-4c07-b67c-a3d5e8ecc6af.jpg/250x188.webp https://prod.pictures.autoscout24.net/listing-images/7ed6b532-64a8-4193-8c89-a7aaa1a5ed82_26f9f3b2-8520-4dde-8c6f-335f08c2510c.jpg/250x188.webp https://prod.pictures.autoscout24.net/listing-images/7ed6b532-64a8-4193-8c89-a7aaa1a5ed82_e617604b-592d-4720-9841-06ffdd970311.jpg/250x188.webp https://prod.pictures.autoscout24.net/listing-images/7ed6b532-64a8-4193-8c89-a7aaa1a5ed82_a22c65f9-e00e-47ef-bd43-a6db23233aaa.jpg/250x188.webp https://prod.pictures.autoscout24.net/listing-images/7ed6b532-64a8-4193-8c89-a7aaa1a5ed82_1220770c-6e18-4eef-a483-a3159c4f6a92.jpg/250x188.webp https://prod.pictures.autoscout24.net/listing-images/7ed6b532-64a8-4193-8c89-a7aaa1a5ed82_5b27660b-86c0-40c8-8dd1-17f8206d59a3.jpg/250x188.webp https://prod.pictures.autoscout24.net/listing-images/7ed6b532-64a8-4193-8c89-a7aaa1a5ed82_cbf11f15-3aa7-4dae-9565-815652689ea5.jpg/250x188.webp https://prod.pictures.autoscout24.net/listing-images/7ed6b532-64a8-4193-8c89-a7aaa1a5ed82_785c1918-4d03-4b69-b41e-3f905f0b4ae9.jpg/250x188.webp https://prod.pictures.autoscout24.net/listing-images/7ed6b532-64a8-4193-8c89-a7aaa1a5ed82_f2c87be6-3074-443a-b8fe-9fc1cf14fb52.jpg/250x188.webp https://prod.pictures.autoscout24.net/listing-images/7ed6b532-64a8-4193-8c89-a7aaa1a5ed82_50661fd6-7cbb-44a8-8790-2def63a56201.jpg/250x188.webp,76.4415139283917,1910
09b82f7a-b88e-4bd1-9be3-ffdeb9dece89,Volvo,XC40,"Momentum Pro, T2 (automatic)",Dealer,24900,b,86416,03-2021,7700,https://prod.pictures.autoscout24.net/listing-images/09b82f7a-b88e-4bd1-9be3-ffdeb9dece89_db874f04-7d2e-432f-ba95-eb0942b924df.jpg/250x188.webp https://prod.pictures.autoscout24.net/listing-images/09b82f7a-b88e-4bd1-9be3-ffdeb9dece89_4958b686-aece-43ca-b5b1-ed219b35443e.jpg/250x188.webp https://prod.pictures.autoscout24.net/listing-images/09b82f7a-b88e-4bd1-9be3-ffdeb9dece89_604358ef-19a8-413d-a6e5-94f5fd1383ed.jpg/250x188.webp https://prod.pictures.autoscout24.net/listing-images/09b82f7a-b88e-4bd1-9be3-ffdeb9dece89_ad5c746e-89c6-4fbd-a949-b6ef20702fd6.jpg/250x188.webp https://prod.pictures.autoscout24.net/listing-images/09b82f7a-b88e-4bd1-9be3-ffdeb9dece89_4a17cac4-4ab1-452e-9421-4738919aef97.jpg/250x188.webp https://prod.pictures.autoscout24.net/listing-images/09b82f7a-b88e-4bd1-9be3-ffdeb9dece89_87cbaab5-0cca-4fce-9133-71e316f56155.jpg/250x188.webp https://prod.pictures.autoscout24.net/listing-images/09b82f7a-b88e-4bd1-9be3-ffdeb9dece89_d55b1646-e96c-4500-929c-683eefbf808c.jpg/250x188.webp https://prod.pictures.autoscout24.net/listing-images/09b82f7a-b88e-4bd1-9be3-ffdeb9dece89_22c09408-b194-45df-ad61-be1694e89066.jpg/250x188.webp https://prod.pictures.autoscout24.net/listing-images/09b82f7a-b88e-4bd1-9be3-ffdeb9dece89_93d66052-05f5-4b5c-b5e7-88f6b7551770.jpg/250x188.webp https://prod.pictures.autoscout24.net/listing-images/09b82f7a-b88e-4bd1-9be3-ffdeb9dece89_4fcac733-dec9-4d27-bf82-c75e173730cd.jpg/250x188.webp https://prod.pictures.autoscout24.net/listing-images/09b82f7a-b88e-4bd1-9be3-ffdeb9dece89_4bd1600e-7a2a-41a6-b495-da9e069e3e45.jpg/250x188.webp https://prod.pictures.autoscout24.net/listing-images/09b82f7a-b88e-4bd1-9be3-ffdeb9dece89_d176fc6e-3d86-42ae-86dc-2b9c73e930c3.jpg/250x188.webp https://prod.pictures.autoscout24.net/listing-images/09b82f7a-b88e-4bd1-9be3-ffdeb9dece89_f17b2908-e1ca-4ad4-8ea5-68f835dcef09.jpg/250x188.webp https://prod.pictures.autoscout24.net/listing-images/09b82f7a-b88e-4bd1-9be3-ffdeb9dece89_c8b27ff5-cdfb-4a15-9847-65445c15eebe.jpg/250x188.webp https://prod.pictures.autoscout24.net/listing-images/09b82f7a-b88e-4bd1-9be3-ffdeb9dece89_4afbab4c-c860-4f2e-aa64-1e5319e455d3.jpg/250x188.webp,118.74249914123088,1820
6dbb8763-4e41-42cf-bc5d-0e3c8ca426f0,Volvo,XC60,XC60 2.0 T4 R-Design Geartronic,PrivateSeller,24900,b,107000,05-2020,1310,https://prod.pictures.autoscout24.net/listing-images/6dbb8763-4e41-42cf-bc5d-0e3c8ca426f0_f9a60845-5452-4f7a-986d-d06a974c3ed3.jpg/250x188.webp https://prod.pictures.autoscout24.net/listing-images/6dbb8763-4e41-42cf-bc5d-0e3c8ca426f0_469cbf98-1bd9-45de-9509-ecec221b74ed.jpg/250x188.webp https://prod.pictures.autoscout24.net/listing-images/6dbb8763-4e41-42cf-bc5d-0e3c8ca426f0_2da90efe-b129-4e59-b9d0-78ccac2510eb.jpg/250x188.webp https://prod.pictures.autoscout24.net/listing-images/6dbb8763-4e41-42cf-bc5d-0e3c8ca426f0_99a0c2f4-2b4d-48d8-8be7-c70fd7135812.jpg/250x188.webp https://prod.pictures.autoscout24.net/listing-images/6dbb8763-4e41-42cf-bc5d-0e3c8ca426f0_2f29ae5d-28ce-46bd-b0fa-0eb86870a770.jpg/250x188.webp https://prod.pictures.autoscout24.net/listing-images/6dbb8763-4e41-42cf-bc5d-0e3c8ca426f0_95952434-e10b-42a4-a359-646fc311efd0.jpg/250x188.webp,81.95917189034911,2124
1ffbca59-dbb0-4c14-8e63-614979895382,Volvo,XC40,1.5 T4 PHEV Inscription+CARPLAY+CAMERA+GARANTIE,Dealer,24900,2,103300,11-2021,1620,https://prod.pictures.autoscout24.net/listing-images/1ffbca59-dbb0-4c14-8e63-614979895382_bdecb36b-20af-4179-a540-4ea340418134.jpg/250x188.webp https://prod.pictures.autoscout24.net/listing-images/1ffbca59-dbb0-4c14-8e63-614979895382_808692cd-05a5-4943-a26f-881f51b9787f.jpg/250x188.webp https://prod.pictures.autoscout24.net/listing-images/1ffbca59-dbb0-4c14-8e63-614979895382_22d11f7c-fa04-478b-85fd-7690d7954ca0.jpg/250x188.webp https://prod.pictures.autoscout24.net/listing-images/1ffbca59-dbb0-4c14-8e63-614979895382_bbae1cdd-ed00-464e-bee6-ddf779f38a93.jpg/250x188.webp https://prod.pictures.autoscout24.net/listing-images/1ffbca59-dbb0-4c14-8e63-614979895382_b0c3f8de-f952-4878-a59e-8358eeebbf6d.jpg/250x188.webp https://prod.pictures.autoscout24.net/listing-images/1ffbca59-dbb0-4c14-8e63-614979895382_516dc097-9df4-44db-b356-58445829b5d9.jpg/250x188.webp https://prod.pictures.autoscout24.net/listing-images/1ffbca59-dbb0-4c14-8e63-614979895382_9acbb3be-b3fc-4607-994c-eb3512a4e522.jpg/250x188.webp https://prod.pictures.autoscout24.net/listing-images/1ffbca59-dbb0-4c14-8e63-614979895382_411fb66a-4da9-49ce-a64e-8cb6e0105066.jpg/250x188.webp https://prod.pictures.autoscout24.net/listing-images/1ffbca59-dbb0-4c14-8e63-614979895382_3fe4b523-2f34-44f4-bdc7-e104ddc9e287.jpg/250x188.webp https://prod.pictures.autoscout24.net/listing-images/1ffbca59-dbb0-4c14-8e63-614979895382_8f921bde-8217-4bef-a5e1-26828185b3f5.jpg/250x188.webp https://prod.pictures.autoscout24.net/listing-images/1ffbca59-dbb0-4c14-8e63-614979895382_b0a5db0e-232c-4809-8258-7b990f4e88fe.jpg/250x188.webp https://prod.pictures.autoscout24.net/listing-images/1ffbca59-dbb0-4c14-8e63-614979895382_fbb62d81-8986-40d6-8f67-a64e5ab66876.jpg/250x188.webp https://prod.pictures.autoscout24.net/listing-images/1ffbca59-dbb0-4c14-8e63-614979895382_5387a07a-682e-42b4-91e3-b6ea24f2342d.jpg/250x188.webp https://prod.pictures.autoscout24.net/listing-images/1ffbca59-dbb0-4c14-8e63-614979895382_759ccdb2-f88b-418a-bd6b-74f3555c60f1.jpg/250x188.webp https://prod.pictures.autoscout24.net/listing-images/1ffbca59-dbb0-4c14-8e63-614979895382_20fe789b-5d85-4ad0-9167-f3bd22b4b43c.jpg/250x188.webp https://prod.pictures.autoscout24.net/listing-images/1ffbca59-dbb0-4c14-8e63-614979895382_f3a16657-be64-4a3a-b65a-bd7e0d6b3612.jpg/250x188.webp https://prod.pictures.autoscout24.net/listing-images/1ffbca59-dbb0-4c14-8e63-614979895382_441255da-ec93-4015-b844-90c1942e936f.jpg/250x188.webp https://prod.pictures.autoscout24.net/listing-images/1ffbca59-dbb0-4c14-8e63-614979895382_fd2be7b0-ed9d-4ae6-8130-ed03ef292fdd.jpg/250x188.webp https://prod.pictures.autoscout24.net/listing-images/1ffbca59-dbb0-4c14-8e63-614979895382_f2404b99-46d4-4fcd-baa1-85bc1628af55.jpg/250x188.webp https://prod.pictures.autoscout24.net/listing-images/1ffbca59-dbb0-4c14-8e63-614979895382_8a7c6ec2-5f7d-4d62-9e52-97b478aa35fc.jpg/250x188.webp https://prod.pictures.autoscout24.net/listing-images/1ffbca59-dbb0-4c14-8e63-614979895382_d0759ebf-71e0-47e4-8cce-816cf8f2f9ea.jpg/250x188.webp https://prod.pictures.autoscout24.net/listing-images/1ffbca59-dbb0-4c14-8e63-614979895382_12508669-9a93-4ef7-8660-e1f410878c8d.jpg/250x188.webp https://prod.pictures.autoscout24.net/listing-images/1ffbca59-dbb0-4c14-8e63-614979895382_7db213ac-dfae-4db6-9041-22dd1b84128f.jpg/250x188.webp https://prod.pictures.autoscout24.net/listing-images/1ffbca59-dbb0-4c14-8e63-614979895382_d8bf6460-f0b8-40a6-a455-92c23d72b07e.jpg/250x188.webp,76.4415139283917,1575
be25f4aa-a70a-4699-ae1c-c61ede740810,Volvo,XC40,1.5 T3 Momentum Pro Geartronic,PrivateSeller,24900,b,78000,01-2020,1410,https://prod.pictures.autoscout24.net/listing-images/be25f4aa-a70a-4699-ae1c-c61ede740810_4d8bc665-6ff9-4301-9081-57a991987801.jpg/250x188.webp https://prod.pictures.autoscout24.net/listing-images/be25f4aa-a70a-4699-ae1c-c61ede740810_a778ee6a-e105-4792-8657-728dc3d4f59b.jpg/250x188.webp https://prod.pictures.autoscout24.net/listing-images/be25f4aa-a70a-4699-ae1c-c61ede740810_386783cd-4387-4d11-b539-25992bc765d0.jpg/250x188.webp https://prod.pictures.autoscout24.net/listing-images/be25f4aa-a70a-4699-ae1c-c61ede740810_e425dae8-8db0-419e-8f6d-9d5f1b8ee418.jpg/250x188.webp https://prod.pictures.autoscout24.net/listing-images/be25f4aa-a70a-4699-ae1c-c61ede740810_bdb6fc33-a34d-4a8d-9579-3b9851cfb3f1.jpg/250x188.webp https://prod.pictures.autoscout24.net/listing-images/be25f4aa-a70a-4699-ae1c-c61ede740810_7b376574-ac7b-40ff-906b-ee1bd9b98e1c.jpg/250x188.webp https://prod.pictures.autoscout24.net/listing-images/be25f4aa-a70a-4699-ae1c-c61ede740810_af668b85-af2e-4cb8-ae6b-47d9ef5bb9b6.jpg/250x188.webp https://prod.pictures.autoscout24.net/listing-images/be25f4aa-a70a-4699-ae1c-c61ede740810_db596f00-02c2-4241-b26d-a501c0b30275.jpg/250x188.webp https://prod.pictures.autoscout24.net/listing-images/be25f4aa-a70a-4699-ae1c-c61ede740810_a9e3a07e-a86e-4af3-8057-115e44c04d76.jpg/250x188.webp https://prod.pictures.autoscout24.net/listing-images/be25f4aa-a70a-4699-ae1c-c61ede740810_5a7ead17-c7d2-48cf-afe9-9c4898f59242.jpg/250x188.webp https://prod.pictures.autoscout24.net/listing-images/be25f4aa-a70a-4699-ae1c-c61ede740810_d7bb7a60-8718-4494-87cc-3663b7a341fc.jpg/250x188.webp https://prod.pictures.autoscout24.net/listing-images/be25f4aa-a70a-4699-ae1c-c61ede740810_9b83e4fc-7c9f-40b1-a422-ad42a69d8a98.jpg/250x188.webp,83.89428081314767,2245
85520ebf-51db-45f2-b89e-c69a539a0e29,Volvo,XC40,T2 Momentum Pro Aut. NAVI | CARPLAY | LED,Dealer,24945,b,94359,01-2022,2060,https://prod.pictures.autoscout24.net/listing-images/85520ebf-51db-45f2-b89e-c69a539a0e29_e65b0c3e-8408-40aa-9292-e0f545d4d652.jpg/250x188.webp https://prod.pictures.autoscout24.net/listing-images/85520ebf-51db-45f2-b89e-c69a539a0e29_5dbe9c1b-c4f1-42d9-bafd-6a14cd35d147.jpg/250x188.webp https://prod.pictures.autoscout24.net/listing-images/85520ebf-51db-45f2-b89e-c69a539a0e29_734e8592-e43f-49cc-92bf-54882c884490.jpg/250x188.webp https://prod.pictures.autoscout24.net/listing-images/85520ebf-51db-45f2-b89e-c69a539a0e29_62fe5dff-0800-44f8-9bcf-d6a67bd7a372.jpg/250x188.webp https://prod.pictures.autoscout24.net/listing-images/85520ebf-51db-45f2-b89e-c69a539a0e29_437729c4-9449-4d86-8c44-31b4977ac485.jpg/250x188.webp https://prod.pictures.autoscout24.net/listing-images/85520ebf-51db-45f2-b89e-c69a539a0e29_03e2c3f5-197d-4d7b-ba6a-391a1dfaa099.jpg/250x188.webp https://prod.pictures.autoscout24.net/listing-images/85520ebf-51db-45f2-b89e-c69a539a0e29_7c76eae9-a111-483b-a85a-a3da0f5c2e6c.jpg/250x188.webp https://prod.pictures.autoscout24.net/listing-images/85520ebf-51db-45f2-b89e-c69a539a0e29_1d138fb4-5eff-4675-8a36-aeb4c60b7087.jpg/250x188.webp https://prod.pictures.autoscout24.net/listing-images/85520ebf-51db-45f2-b89e-c69a539a0e29_2b09dd06-6418-4be6-b543-281d17ad50b0.jpg/250x188.webp https://prod.pictures.autoscout24.net/listing-images/85520ebf-51db-45f2-b89e-c69a539a0e29_bbfe786b-9f4d-4a1a-9255-6e598ff19c8a.jpg/250x188.webp https://prod.pictures.autoscout24.net/listing-images/85520ebf-51db-45f2-b89e-c69a539a0e29_c42781e7-80ff-4f51-b27d-494aa89364c9.jpg/250x188.webp https://prod.pictures.autoscout24.net/listing-images/85520ebf-51db-45f2-b89e-c69a539a0e29_09d5e00a-9bce-49b2-9d4a-e2e5938c8a91.jpg/250x188.webp https://prod.pictures.autoscout24.net/listing-images/85520ebf-51db-45f2-b89e-c69a539a0e29_f88c9de3-df1c-403a-a983-cd7e31e78741.jpg/250x188.webp https://prod.pictures.autoscout24.net/listing-images/85520ebf-51db-45f2-b89e-c69a539a0e29_d7a8bc13-7783-4ca8-8322-e635fe15481c.jpg/250x188.webp https://prod.pictures.autoscout24.net/listing-images/85520ebf-51db-45f2-b89e-c69a539a0e29_caf1bb39-6b13-4323-bfe5-d0100bca02e2.jpg/250x188.webp https://prod.pictures.autoscout24.net/listing-images/85520ebf-51db-45f2-b89e-c69a539a0e29_a9dc5708-5cdf-45ec-9fdb-12e92d9c224b.jpg/250x188.webp https://prod.pictures.autoscout24.net/listing-images/85520ebf-51db-45f2-b89e-c69a539a0e29_25054d93-a168-4371-a2bd-327dbe4d1359.jpg/250x188.webp https://prod.pictures.autoscout24.net/listing-images/85520ebf-51db-45f2-b89e-c69a539a0e29_8320bb42-2c8e-47b5-a020-7abdac6c203f.jpg/250x188.webp https://prod.pictures.autoscout24.net/listing-images/85520ebf-51db-45f2-b89e-c69a539a0e29_59679f79-06ef-475e-a0ec-700e4b11ac97.jpg/250x188.webp https://prod.pictures.autoscout24.net/listing-images/85520ebf-51db-45f2-b89e-c69a539a0e29_46250f07-8e5d-4a7f-86ef-6889a869a5ae.jpg/250x188.webp https://prod.pictures.autoscout24.net/listing-images/85520ebf-51db-45f2-b89e-c69a539a0e29_b86f8657-d729-4765-8404-f37855176893.jpg/250x188.webp https://prod.pictures.autoscout24.net/listing-images/85520ebf-51db-45f2-b89e-c69a539a0e29_95a5cf03-5897-4bc8-a196-ff18734921b4.jpg/250x188.webp https://prod.pictures.autoscout24.net/listing-images/85520ebf-51db-45f2-b89e-c69a539a0e29_83622229-79f8-45f8-b646-f6ef6d10477d.jpg/250x188.webp https://prod.pictures.autoscout24.net/listing-images/85520ebf-51db-45f2-b89e-c69a539a0e29_b9acd71c-e32c-4e70-89ec-acab78d1406e.jpg/250x188.webp https://prod.pictures.autoscout24.net/listing-images/85520ebf-51db-45f2-b89e-c69a539a0e29_37496896-2516-4af0-be99-a4ef3ea79d8f.jpg/250x188.webp https://prod.pictures.autoscout24.net/listing-images/85520ebf-51db-45f2-b89e-c69a539a0e29_c700d698-b1f4-4fbc-b652-695e5cb87cf3.jpg/250x188.webp https://prod.pictures.autoscout24.net/listing-images/85520ebf-51db-45f2-b89e-c69a539a0e29_165ffd23-df97-4278-8e93-6ed2e417d1a3.jpg/250x188.webp https://prod.pictures.autoscout24.net/listing-images/85520ebf-51db-45f2-b89e-c69a539a0e29_431a4474-c904-49c6-94f4-f1aa1ab67bda.jpg/250x188.webp https://prod.pictures.autoscout24.net/listing-images/85520ebf-51db-45f2-b89e-c69a539a0e29_b9270d5c-4d12-4fc9-9a43-c11fd6a86ee7.jpg/250x188.webp https://prod.pictures.autoscout24.net/listing-images/85520ebf-51db-45f2-b89e-c69a539a0e29_af0ef8b0-9f29-4809-ae72-8865bfe335fc.jpg/250x188.webp,27.94913546724415,1514
25c6a32d-7f1e-47ff-b4d8-233a56392636,Volvo,XC40,T5 HYBRIDE COCKPIT CAMERA LEDER APPLE CARPLAY,Dealer,24950,2,90000,09-2020,8755,https://prod.pictures.autoscout24.net/listing-images/25c6a32d-7f1e-47ff-b4d8-233a56392636_f3b17d2e-0b5c-4896-bff7-ea5b7618aad9.jpg/250x188.webp https://prod.pictures.autoscout24.net/listing-images/25c6a32d-7f1e-47ff-b4d8-233a56392636_79b79844-85f2-4765-bfa9-d3ca7d930e0b.jpg/250x188.webp https://prod.pictures.autoscout24.net/listing-images/25c6a32d-7f1e-47ff-b4d8-233a56392636_51ae9212-31f4-40ca-a82b-b4a903a90d9e.jpg/250x188.webp https://prod.pictures.autoscout24.net/listing-images/25c6a32d-7f1e-47ff-b4d8-233a56392636_d9ca430a-7363-49f1-b044-1226d1ef06af.jpg/250x188.webp https://prod.pictures.autoscout24.net/listing-images/25c6a32d-7f1e-47ff-b4d8-233a56392636_dc44d839-4243-4e12-aa1b-a107d931b4e7.jpg/250x188.webp https://prod.pictures.autoscout24.net/listing-images/25c6a32d-7f1e-47ff-b4d8-233a56392636_4bc99557-e08a-43bf-8492-430b71be855f.jpg/250x188.webp https://prod.pictures.autoscout24.net/listing-images/25c6a32d-7f1e-47ff-b4d8-233a56392636_4b89b9c6-e05e-4e7e-a3fd-e44046f7aa3f.jpg/250x188.webp https://prod.pictures.autoscout24.net/listing-images/25c6a32d-7f1e-47ff-b4d8-233a56392636_aba53b9d-f4ae-4c8d-816b-20ffd45c11db.jpg/250x188.webp https://prod.pictures.autoscout24.net/listing-images/25c6a32d-7f1e-47ff-b4d8-233a56392636_d68ff092-a299-486b-9c88-dc3385401355.jpg/250x188.webp https://prod.pictures.autoscout24.net/listing-images/25c6a32d-7f1e-47ff-b4d8-233a56392636_74b82d73-91b1-4d2c-9346-614178f5755b.jpg/250x188.webp https://prod.pictures.autoscout24.net/listing-images/25c6a32d-7f1e-47ff-b4d8-233a56392636_d0fdb649-3a30-4b5e-8f7f-c56d84b5be83.jpg/250x188.webp https://prod.pictures.autoscout24.net/listing-images/25c6a32d-7f1e-47ff-b4d8-233a56392636_6836fdce-9259-4d8e-bf76-68d8be628df9.jpg/250x188.webp https://prod.pictures.autoscout24.net/listing-images/25c6a32d-7f1e-47ff-b4d8-233a56392636_dc7227ce-82c1-4623-a72d-f5e372a952cf.jpg/250x188.webp https://prod.pictures.autoscout24.net/listing-images/25c6a32d-7f1e-47ff-b4d8-233a56392636_6f482b6a-f72a-4391-a7e5-492d1975a3dc.jpg/250x188.webp https://prod.pictures.autoscout24.net/listing-images/25c6a32d-7f1e-47ff-b4d8-233a56392636_f2f7a17f-b97c-4f7c-99b6-1df55e0f1ced.jpg/250x188.webp https://prod.pictures.autoscout24.net/listing-images/25c6a32d-7f1e-47ff-b4d8-233a56392636_3d93ef80-21ba-41a3-82bd-29067c4c25e4.jpg/250x188.webp https://prod.pictures.autoscout24.net/listing-images/25c6a32d-7f1e-47ff-b4d8-233a56392636_074095b2-0566-446a-9796-9c874969afe2.jpg/250x188.webp https://prod.pictures.autoscout24.net/listing-images/25c6a32d-7f1e-47ff-b4d8-233a56392636_0d1b6308-d273-443e-a70b-99c59818b08b.jpg/250x188.webp https://prod.pictures.autoscout24.net/listing-images/25c6a32d-7f1e-47ff-b4d8-233a56392636_89c7d1f3-1ad5-4694-955d-de65e03936b9.jpg/250x188.webp https://prod.pictures.autoscout24.net/listing-images/25c6a32d-7f1e-47ff-b4d8-233a56392636_36730db7-0fe3-4fa8-a28b-a6da3ba1f024.jpg/250x188.webp https://prod.pictures.autoscout24.net/listing-images/25c6a32d-7f1e-47ff-b4d8-233a56392636_89fd4ffc-9053-4bf0-b2b7-a8ce47f2a0aa.jpg/250x188.webp https://prod.pictures.autoscout24.net/listing-images/25c6a32d-7f1e-47ff-b4d8-233a56392636_deb0c693-a91f-42aa-8390-c98fbfdcd6f6.jpg/250x188.webp https://prod.pictures.autoscout24.net/listing-images/25c6a32d-7f1e-47ff-b4d8-233a56392636_63f77887-8684-436d-83c7-486c709c363f.jpg/250x188.webp https://prod.pictures.autoscout24.net/listing-images/25c6a32d-7f1e-47ff-b4d8-233a56392636_64f86a9b-04aa-41df-b7c2-f60b7aaef292.jpg/250x188.webp https://prod.pictures.autoscout24.net/listing-images/25c6a32d-7f1e-47ff-b4d8-233a56392636_282174fc-af8d-4e15-80f7-9f6608084f85.jpg/250x188.webp https://prod.pictures.autoscout24.net/listing-images/25c6a32d-7f1e-47ff-b4d8-233a56392636_019820c8-cd04-4c12-9b14-ba6618730eaa.jpg/250x188.webp,88.62444524027188,2001
1844b307-3e9b-401f-8d5c-cb8fc092cf8d,Volvo,XC40,Momentum/CruisC/Blue/DAB/Camera/Leder/Pano schuifd,Dealer,24950,b,91420,05-2022,3670,https://prod.pictures.autoscout24.net/listing-images/1844b307-3e9b-401f-8d5c-cb8fc092cf8d_cd75576c-8cf8-4c76-91c3-59f4c175f26a.jpg/250x188.webp https://prod.pictures.autoscout24.net/listing-images/1844b307-3e9b-401f-8d5c-cb8fc092cf8d_c02c57f4-7e1c-4e9c-8083-d886e39f4a99.jpg/250x188.webp https://prod.pictures.autoscout24.net/listing-images/1844b307-3e9b-401f-8d5c-cb8fc092cf8d_ae8a361f-fd9b-4644-9c24-a1b11825f518.jpg/250x188.webp https://prod.pictures.autoscout24.net/listing-images/1844b307-3e9b-401f-8d5c-cb8fc092cf8d_9f02ed14-6480-4809-8dff-a0f80d976b4a.jpg/250x188.webp https://prod.pictures.autoscout24.net/listing-images/1844b307-3e9b-401f-8d5c-cb8fc092cf8d_4a360bf7-ca4f-43ec-a104-ebce2eab4310.jpg/250x188.webp https://prod.pictures.autoscout24.net/listing-images/1844b307-3e9b-401f-8d5c-cb8fc092cf8d_6ac4a8cb-cccd-4f33-bc97-f18429beac75.jpg/250x188.webp https://prod.pictures.autoscout24.net/listing-images/1844b307-3e9b-401f-8d5c-cb8fc092cf8d_6430ce36-fc42-435e-9288-e949e5d3af5d.jpg/250x188.webp https://prod.pictures.autoscout24.net/listing-images/1844b307-3e9b-401f-8d5c-cb8fc092cf8d_931853f4-5744-4b04-83c1-f90bac65e0a1.jpg/250x188.webp https://prod.pictures.autoscout24.net/listing-images/1844b307-3e9b-401f-8d5c-cb8fc092cf8d_f300ead9-0865-4d6d-9e40-bdb8b5ca4357.jpg/250x188.webp https://prod.pictures.autoscout24.net/listing-images/1844b307-3e9b-401f-8d5c-cb8fc092cf8d_94556c47-15ab-455d-80e9-9db20893d3a7.jpg/250x188.webp https://prod.pictures.autoscout24.net/listing-images/1844b307-3e9b-401f-8d5c-cb8fc092cf8d_91ac1691-8de7-4055-8a66-f47b5af8bc5c.jpg/250x188.webp https://prod.pictures.autoscout24.net/listing-images/1844b307-3e9b-401f-8d5c-cb8fc092cf8d_27c9f1fb-e214-43c7-8861-9d8d850973b0.jpg/250x188.webp https://prod.pictures.autoscout24.net/listing-images/1844b307-3e9b-401f-8d5c-cb8fc092cf8d_1706f7f1-f192-4009-b310-1da311e1e66a.jpg/250x188.webp https://prod.pictures.autoscout24.net/listing-images/1844b307-3e9b-401f-8d5c-cb8fc092cf8d_1f1cccf6-4c0e-4c23-b0a0-7154068af2dc.jpg/250x188.webp https://prod.pictures.autoscout24.net/listing-images/1844b307-3e9b-401f-8d5c-cb8fc092cf8d_5dc1b734-8af5-4d07-9d21-432f727d6da7.jpg/250x188.webp https://prod.pictures.autoscout24.net/listing-images/1844b307-3e9b-401f-8d5c-cb8fc092cf8d_a2c06144-71e3-4a72-8920-3a361d3f255f.jpg/250x188.webp https://prod.pictures.autoscout24.net/listing-images/1844b307-3e9b-401f-8d5c-cb8fc092cf8d_da0a8204-475e-4d66-be1f-ff3e1f04ce85.jpg/250x188.webp https://prod.pictures.autoscout24.net/listing-images/1844b307-3e9b-401f-8d5c-cb8fc092cf8d_19e726b4-5dfd-464a-8643-b3a3688dbf11.jpg/250x188.webp https://prod.pictures.autoscout24.net/listing-images/1844b307-3e9b-401f-8d5c-cb8fc092cf8d_b24a4261-4461-4e39-8376-e0571d8417b6.jpg/250x188.webp https://prod.pictures.autoscout24.net/listing-images/1844b307-3e9b-401f-8d5c-cb8fc092cf8d_5ecf4cb1-06c0-420c-85f1-52781baee726.jpg/250x188.webp https://prod.pictures.autoscout24.net/listing-images/1844b307-3e9b-401f-8d5c-cb8fc092cf8d_8755b89f-931d-4490-a8a2-b7c8eaf11e2e.jpg/250x188.webp https://prod.pictures.autoscout24.net/listing-images/1844b307-3e9b-401f-8d5c-cb8fc092cf8d_05b163ea-2801-4b0a-815f-35281d600860.jpg/250x188.webp https://prod.pictures.autoscout24.net/listing-images/1844b307-3e9b-401f-8d5c-cb8fc092cf8d_4e53cfcd-a585-4247-bc34-91095df240f5.jpg/250x188.webp https://prod.pictures.autoscout24.net/listing-images/1844b307-3e9b-401f-8d5c-cb8fc092cf8d_1012213d-3d81-4cab-a12f-0d70bbb56610.jpg/250x188.webp https://prod.pictures.autoscout24.net/listing-images/1844b307-3e9b-401f-8d5c-cb8fc092cf8d_8d577d5f-ed87-4b28-87e6-38c063c700c9.jpg/250x188.webp https://prod.pictures.autoscout24.net/listing-images/1844b307-3e9b-401f-8d5c-cb8fc092cf8d_c247f285-3de8-49d6-bb31-4ac40bdd7a54.jpg/250x188.webp https://prod.pictures.autoscout24.net/listing-images/1844b307-3e9b-401f-8d5c-cb8fc092cf8d_dc8451d0-63f5-4df8-a246-44dcbdea82f4.jpg/250x188.webp,86.18045728235809,1394
541159be-a8ef-4b96-9e8e-289ab6c0b845,Volvo,V60,V60 B3 B Momentum Pro/TREKHAAK/KEYLESS/CAMERA,Dealer,24950,b,101000,01-2022,3945,https://prod.pictures.autoscout24.net/listing-images/541159be-a8ef-4b96-9e8e-289ab6c0b845_0242a2b3-ed6f-47db-8612-8a832af48f05.jpg/250x188.webp https://prod.pictures.autoscout24.net/listing-images/541159be-a8ef-4b96-9e8e-289ab6c0b845_4cdfdc72-d6e2-4e64-9957-c8e16d4cf221.jpg/250x188.webp https://prod.pictures.autoscout24.net/listing-images/541159be-a8ef-4b96-9e8e-289ab6c0b845_397c8da0-8f89-4e78-82f7-879a6f287042.jpg/250x188.webp https://prod.pictures.autoscout24.net/listing-images/541159be-a8ef-4b96-9e8e-289ab6c0b845_5da4845e-9d3f-4a24-9ad8-2d3cfa9802f1.jpg/250x188.webp https://prod.pictures.autoscout24.net/listing-images/541159be-a8ef-4b96-9e8e-289ab6c0b845_cbf8f668-bb28-4499-975b-fc2cab1004ed.jpg/250x188.webp https://prod.pictures.autoscout24.net/listing-images/541159be-a8ef-4b96-9e8e-289ab6c0b845_72f8a362-888e-4ef2-b22d-6e7f0d463641.jpg/250x188.webp https://prod.pictures.autoscout24.net/listing-images/541159be-a8ef-4b96-9e8e-289ab6c0b845_ecc57b36-896a-4523-9b65-19c6985013ad.jpg/250x188.webp https://prod.pictures.autoscout24.net/listing-images/541159be-a8ef-4b96-9e8e-289ab6c0b845_89bbe507-a8cc-4fb6-8931-7b267f3e4c7f.jpg/250x188.webp https://prod.pictures.autoscout24.net/listing-images/541159be-a8ef-4b96-9e8e-289ab6c0b845_d5867f14-8024-49a1-a849-47adac6ce119.jpg/250x188.webp https://prod.pictures.autoscout24.net/listing-images/541159be-a8ef-4b96-9e8e-289ab6c0b845_f67598c3-ebf5-4582-ba74-200ecf1948b4.jpg/250x188.webp https://prod.pictures.autoscout24.net/listing-images/541159be-a8ef-4b96-9e8e-289ab6c0b845_14d5eaa1-bd36-48eb-94b4-a3ff26b2fd1e.jpg/250x188.webp https://prod.pictures.autoscout24.net/listing-images/541159be-a8ef-4b96-9e8e-289ab6c0b845_b658531d-c1bf-42ab-a94b-1ea0b2fe63d6.jpg/250x188.webp https://prod.pictures.autoscout24.net/listing-images/541159be-a8ef-4b96-9e8e-289ab6c0b845_af42f10b-846e-4970-be00-20477604dd2d.jpg/250x188.webp https://prod.pictures.autoscout24.net/listing-images/541159be-a8ef-4b96-9e8e-289ab6c0b845_f080b2ef-3bee-4473-9f4b-9633db4e2e0e.jpg/250x188.webp https://prod.pictures.autoscout24.net/listing-images/541159be-a8ef-4b96-9e8e-289ab6c0b845_6e920bb9-9d79-4333-b6ed-0ccb4fab6a07.jpg/250x188.webp https://prod.pictures.autoscout24.net/listing-images/541159be-a8ef-4b96-9e8e-289ab6c0b845_6754e071-76f5-4286-b8d5-c6378a4bde20.jpg/250x188.webp https://prod.pictures.autoscout24.net/listing-images/541159be-a8ef-4b96-9e8e-289ab6c0b845_ab6f90bd-51bb-4e8d-a840-d1956bba0cec.jpg/250x188.webp https://prod.pictures.autoscout24.net/listing-images/541159be-a8ef-4b96-9e8e-289ab6c0b845_bc866cc7-419f-4b7f-a008-eb47035e699b.jpg/250x188.webp https://prod.pictures.autoscout24.net/listing-images/541159be-a8ef-4b96-9e8e-289ab6c0b845_e4b75725-3dfc-4317-a89a-305273c5a927.jpg/250x188.webp https://prod.pictures.autoscout24.net/listing-images/541159be-a8ef-4b96-9e8e-289ab6c0b845_7a1d5ddd-5f60-460c-ae24-e7d5c0c34ff7.jpg/250x188.webp,63.027967354697,1514
3aa315b1-c138-4330-b555-9b762b7e2759,Volvo,XC40,1.5 T2*R-DESIGN*EURO 6D 2035*1ER PROP*CAMERA*CUIR*,Dealer,24990,b,76000,01-2021,1420,https://prod.pictures.autoscout24.net/listing-images/3aa315b1-c138-4330-b555-9b762b7e2759_da0c85e8-ae41-48ef-8b64-118cfbd8bc91.jpg/250x188.webp https://prod.pictures.autoscout24.net/listing-images/3aa315b1-c138-4330-b555-9b762b7e2759_2eaca505-5035-420f-81f5-bd31361c5db7.jpg/250x188.webp https://prod.pictures.autoscout24.net/listing-images/3aa315b1-c138-4330-b555-9b762b7e2759_52b39aac-1f89-4592-9fff-a83f245f80ff.jpg/250x188.webp https://prod.pictures.autoscout24.net/listing-images/3aa315b1-c138-4330-b555-9b762b7e2759_6cf33fa7-c758-4e3f-b762-d61c34fd17c5.jpg/250x188.webp https://prod.pictures.autoscout24.net/listing-images/3aa315b1-c138-4330-b555-9b762b7e2759_e354227d-f938-4861-8921-57f9f5544a04.jpg/250x188.webp https://prod.pictures.autoscout24.net/listing-images/3aa315b1-c138-4330-b555-9b762b7e2759_aaa1247d-ba35-43e6-a4fa-e9da255b9459.jpg/250x188.webp https://prod.pictures.autoscout24.net/listing-images/3aa315b1-c138-4330-b555-9b762b7e2759_47a4d2b9-7b97-48a5-bef5-3aa0f7426b11.jpg/250x188.webp https://prod.pictures.autoscout24.net/listing-images/3aa315b1-c138-4330-b555-9b762b7e2759_47572f6e-3d0b-4e1d-ada9-b35c39fb7e4c.jpg/250x188.webp https://prod.pictures.autoscout24.net/listing-images/3aa315b1-c138-4330-b555-9b762b7e2759_2a72dff1-6cf7-487e-947f-65b1c0da32b6.jpg/250x188.webp https://prod.pictures.autoscout24.net/listing-images/3aa315b1-c138-4330-b555-9b762b7e2759_bdcb3a84-cffb-4d59-a596-16789f84800e.jpg/250x188.webp https://prod.pictures.autoscout24.net/listing-images/3aa315b1-c138-4330-b555-9b762b7e2759_3c85e620-4bc1-4564-8665-03d5dac4dc6f.jpg/250x188.webp https://prod.pictures.autoscout24.net/listing-images/3aa315b1-c138-4330-b555-9b762b7e2759_4e251290-bff7-452f-a6cb-04128dfe5d8b.jpg/250x188.webp https://prod.pictures.autoscout24.net/listing-images/3aa315b1-c138-4330-b555-9b762b7e2759_7b65583e-efb1-429a-b17b-013fe765a618.jpg/250x188.webp https://prod.pictures.autoscout24.net/listing-images/3aa315b1-c138-4330-b555-9b762b7e2759_9c0c0974-5852-462d-8c85-50235ae47c21.jpg/250x188.webp https://prod.pictures.autoscout24.net/listing-images/3aa315b1-c138-4330-b555-9b762b7e2759_3bdb0d8d-4977-4bcb-bb17-24051208e876.jpg/250x188.webp https://prod.pictures.autoscout24.net/listing-images/3aa315b1-c138-4330-b555-9b762b7e2759_0de5f3e2-eedd-4fdd-8597-f60be550bf2d.jpg/250x188.webp https://prod.pictures.autoscout24.net/listing-images/3aa315b1-c138-4330-b555-9b762b7e2759_a5ae8fc8-6a45-4cdb-aa1e-e83137e2812b.jpg/250x188.webp https://prod.pictures.autoscout24.net/listing-images/3aa315b1-c138-4330-b555-9b762b7e2759_d6bf8043-d074-4d2b-afc6-9d749fd4e1cb.jpg/250x188.webp https://prod.pictures.autoscout24.net/listing-images/3aa315b1-c138-4330-b555-9b762b7e2759_facf2a82-c185-473c-b7f3-703a6d195e95.jpg/250x188.webp https://prod.pictures.autoscout24.net/listing-images/3aa315b1-c138-4330-b555-9b762b7e2759_b89aadea-da8f-4df3-b8e2-194e1b9f8ff1.jpg/250x188.webp https://prod.pictures.autoscout24.net/listing-images/3aa315b1-c138-4330-b555-9b762b7e2759_bd032843-24bf-443b-a28e-116222c0068c.jpg/250x188.webp https://prod.pictures.autoscout24.net/listing-images/3aa315b1-c138-4330-b555-9b762b7e2759_f5109c02-4aeb-4d4e-8b7e-12006035f52b.jpg/250x188.webp https://prod.pictures.autoscout24.net/listing-images/3aa315b1-c138-4330-b555-9b762b7e2759_a7f57dfd-752a-4d6a-8a51-5dc4dc7b751e.jpg/250x188.webp https://prod.pictures.autoscout24.net/listing-images/3aa315b1-c138-4330-b555-9b762b7e2759_530849be-2c11-4f9d-a705-6ff7375b530a.jpg/250x188.webp https://prod.pictures.autoscout24.net/listing-images/3aa315b1-c138-4330-b555-9b762b7e2759_c995d7a5-506d-4f90-9265-506f8cf4641a.jpg/250x188.webp https://prod.pictures.autoscout24.net/listing-images/3aa315b1-c138-4330-b555-9b762b7e2759_c689ffa0-d477-4a2e-a21e-6b1383d6e062.jpg/250x188.webp https://prod.pictures.autoscout24.net/listing-images/3aa315b1-c138-4330-b555-9b762b7e2759_cfc798c8-28fa-41b2-9845-9cd094c0c9d5.jpg/250x188.webp,87.49639779077864,1879
fe1e87a3-d88b-4257-aef2-314c3dffeed1,Volvo,V60,2.0 T6 AWD PHEV - GARANTIE 12 MOIS - PARFAIT ETAT,Dealer,24990,2,94000,06-2021,6200,https://prod.pictures.autoscout24.net/listing-images/fe1e87a3-d88b-4257-aef2-314c3dffeed1_874750ba-b139-4ad7-bb72-cd900e9df533.jpg/250x188.webp https://prod.pictures.autoscout24.net/listing-images/fe1e87a3-d88b-4257-aef2-314c3dffeed1_221308b0-fa55-4a55-b488-420c29bf91f4.jpg/250x188.webp https://prod.pictures.autoscout24.net/listing-images/fe1e87a3-d88b-4257-aef2-314c3dffeed1_fdb8959c-d72b-4454-9297-dc6acdd5b7ca.jpg/250x188.webp https://prod.pictures.autoscout24.net/listing-images/fe1e87a3-d88b-4257-aef2-314c3dffeed1_9f0f98b7-07a7-46ad-a26c-032f36fede5d.jpg/250x188.webp https://prod.pictures.autoscout24.net/listing-images/fe1e87a3-d88b-4257-aef2-314c3dffeed1_7404bb6e-3add-4f68-8eed-09dd67cf26b2.jpg/250x188.webp https://prod.pictures.autoscout24.net/listing-images/fe1e87a3-d88b-4257-aef2-314c3dffeed1_273981a8-ea53-460d-b5f0-838e7f32d426.jpg/250x188.webp https://prod.pictures.autoscout24.net/listing-images/fe1e87a3-d88b-4257-aef2-314c3dffeed1_e83e9488-f6de-46f5-9fa5-c3b9cbefda15.jpg/250x188.webp https://prod.pictures.autoscout24.net/listing-images/fe1e87a3-d88b-4257-aef2-314c3dffeed1_5367004c-e14e-4515-85a7-25f6f2c49a6f.jpg/250x188.webp https://prod.pictures.autoscout24.net/listing-images/fe1e87a3-d88b-4257-aef2-314c3dffeed1_ae40d58b-e084-4cc2-b942-787e9cdc7694.jpg/250x188.webp https://prod.pictures.autoscout24.net/listing-images/fe1e87a3-d88b-4257-aef2-314c3dffeed1_dfc93755-f6d1-4b1a-947b-329855563c67.jpg/250x188.webp https://prod.pictures.autoscout24.net/listing-images/fe1e87a3-d88b-4257-aef2-314c3dffeed1_1885d673-564c-49d9-b806-4b8d010049a1.jpg/250x188.webp https://prod.pictures.autoscout24.net/listing-images/fe1e87a3-d88b-4257-aef2-314c3dffeed1_42d9d471-764d-4975-9cdd-8653e82f7b7e.jpg/250x188.webp https://prod.pictures.autoscout24.net/listing-images/fe1e87a3-d88b-4257-aef2-314c3dffeed1_ac7f4149-7f5a-4a01-84a8-3d63f81cdb65.jpg/250x188.webp https://prod.pictures.autoscout24.net/listing-images/fe1e87a3-d88b-4257-aef2-314c3dffeed1_56818404-4c1f-4ba2-90e9-52183754ed34.jpg/250x188.webp https://prod.pictures.autoscout24.net/listing-images/fe1e87a3-d88b-4257-aef2-314c3dffeed1_d6a39eda-9571-4383-b5f8-802f23db1539.jpg/250x188.webp https://prod.pictures.autoscout24.net/listing-images/fe1e87a3-d88b-4257-aef2-314c3dffeed1_2177d2de-6bf2-4414-8ac3-5a6e1a73513d.jpg/250x188.webp https://prod.pictures.autoscout24.net/listing-images/fe1e87a3-d88b-4257-aef2-314c3dffeed1_d849af42-fb13-402f-9d87-be696e918aec.jpg/250x188.webp,118.44618105987009,1728
2538584d-fb57-4447-b11e-1cd45116ee6f,Volvo,XC40,1.5 T4 PHEV INSCRIPTION EXPR. DCT,Dealer,27490,2,102347,03-2022,8800,https://prod.pictures.autoscout24.net/listing-images/2538584d-fb57-4447-b11e-1cd45116ee6f_9c5a30f0-722c-4f6c-8fa9-368b41f1072c.png/250x188.webp https://prod.pictures.autoscout24.net/listing-images/2538584d-fb57-4447-b11e-1cd45116ee6f_747d59d6-6319-4b27-b247-1f2c4ae8c8a4.jpg/250x188.webp https://prod.pictures.autoscout24.net/listing-images/2538584d-fb57-4447-b11e-1cd45116ee6f_7ff24849-d23d-4630-8ed6-2ac91f61e71a.jpg/250x188.webp https://prod.pictures.autoscout24.net/listing-images/2538584d-fb57-4447-b11e-1cd45116ee6f_bf2ce4be-c015-45cc-862f-884423e23714.jpg/250x188.webp https://prod.pictures.autoscout24.net/listing-images/2538584d-fb57-4447-b11e-1cd45116ee6f_9debd3cf-5b32-4767-823f-a5bf977bc4e2.jpg/250x188.webp https://prod.pictures.autoscout24.net/listing-images/2538584d-fb57-4447-b11e-1cd45116ee6f_a16dad0f-2833-495c-99cd-eef16075c0e7.jpg/250x188.webp https://prod.pictures.autoscout24.net/listing-images/2538584d-fb57-4447-b11e-1cd45116ee6f_70b9474b-b68b-44bc-8508-6d86996d277b.jpg/250x188.webp https://prod.pictures.autoscout24.net/listing-images/2538584d-fb57-4447-b11e-1cd45116ee6f_6f203598-8d15-4fc6-87ad-9a83b9ccbb0c.jpg/250x188.webp https://prod.pictures.autoscout24.net/listing-images/2538584d-fb57-4447-b11e-1cd45116ee6f_310ac321-0844-4950-8453-3337abc87553.jpg/250x188.webp https://prod.pictures.autoscout24.net/listing-images/2538584d-fb57-4447-b11e-1cd45116ee6f_3a8e9c87-e87b-41d9-9154-f41d47b74ea0.jpg/250x188.webp https://prod.pictures.autoscout24.net/listing-images/2538584d-fb57-4447-b11e-1cd45116ee6f_8ddd5a50-1d3a-4ffb-beaa-7a04669d9216.jpg/250x188.webp https://prod.pictures.autoscout24.net/listing-images/2538584d-fb57-4447-b11e-1cd45116ee6f_2de85c96-6748-42a0-b5a8-a13a5f66ae74.jpg/250x188.webp https://prod.pictures.autoscout24.net/listing-images/2538584d-fb57-4447-b11e-1cd45116ee6f_21b02587-ac85-48e0-82dc-1dd6b8544430.jpg/250x188.webp https://prod.pictures.autoscout24.net/listing-images/2538584d-fb57-4447-b11e-1cd45116ee6f_4fbbc1ae-929a-41f9-99c0-9a4f5385177c.jpg/250x188.webp https://prod.pictures.autoscout24.net/listing-images/2538584d-fb57-4447-b11e-1cd45116ee6f_e6d52cbb-80db-46ef-9c01-76860a554f0d.jpg/250x188.webp https://prod.pictures.autoscout24.net/listing-images/2538584d-fb57-4447-b11e-1cd45116ee6f_f7be4a9a-81d2-4d79-80e2-324401cd9832.jpg/250x188.webp https://prod.pictures.autoscout24.net/listing-images/2538584d-fb57-4447-b11e-1cd45116ee6f_d9a578f3-6fe4-4b1d-928a-2db1b26770d8.jpg/250x188.webp https://prod.pictures.autoscout24.net/listing-images/2538584d-fb57-4447-b11e-1cd45116ee6f_d3313e9f-3fa6-4ad8-9fa2-e0a52e536296.jpg/250x188.webp https://prod.pictures.autoscout24.net/listing-images/2538584d-fb57-4447-b11e-1cd45116ee6f_4ea3e8c1-421a-47ef-8939-38e96a8c9549.jpg/250x188.webp https://prod.pictures.autoscout24.net/listing-images/2538584d-fb57-4447-b11e-1cd45116ee6f_6d270d8d-0b01-4ad2-b973-9f43459e8873.jpg/250x188.webp https://prod.pictures.autoscout24.net/listing-images/2538584d-fb57-4447-b11e-1cd45116ee6f_68324ec0-f0f2-4edf-b1bc-e9f5b469a431.jpg/250x188.webp https://prod.pictures.autoscout24.net/listing-images/2538584d-fb57-4447-b11e-1cd45116ee6f_eb14fa4f-6dc3-4b9b-b6cc-13985869037b.jpg/250x188.webp,109.03360945246584,1455
c17aa6f3-2c4d-4a14-b252-3a22da05a9d7,Volvo,XC40,T2 Automaat Micro hybrid,Dealer,27900,b,52540,12-2023,2100,https://prod.pictures.autoscout24.net/listing-images/c17aa6f3-2c4d-4a14-b252-3a22da05a9d7_34a524ac-7a4c-429e-a2dd-59bb8e997370.jpg/250x188.webp https://prod.pictures.autoscout24.net/listing-images/c17aa6f3-2c4d-4a14-b252-3a22da05a9d7_4fef2fa1-9004-449b-95bb-dbfcab22f343.jpg/250x188.webp https://prod.pictures.autoscout24.net/listing-images/c17aa6f3-2c4d-4a14-b252-3a22da05a9d7_6b2c27ee-d0cd-4ee0-9e71-76b7eb2ee1a9.jpg/250x188.webp https://prod.pictures.autoscout24.net/listing-images/c17aa6f3-2c4d-4a14-b252-3a22da05a9d7_d90bb7b9-2b5d-42b5-9f3a-183a7dfc0532.jpg/250x188.webp https://prod.pictures.autoscout24.net/listing-images/c17aa6f3-2c4d-4a14-b252-3a22da05a9d7_e06f1733-b525-4ca4-aed4-eba0ac1ef0e5.jpg/250x188.webp https://prod.pictures.autoscout24.net/listing-images/c17aa6f3-2c4d-4a14-b252-3a22da05a9d7_972e64c5-0d04-4e0b-9b22-d19a913913c2.jpg/250x188.webp https://prod.pictures.autoscout24.net/listing-images/c17aa6f3-2c4d-4a14-b252-3a22da05a9d7_429f13d4-fdb7-4584-813d-17700263a010.jpg/250x188.webp https://prod.pictures.autoscout24.net/listing-images/c17aa6f3-2c4d-4a14-b252-3a22da05a9d7_36d0a62e-8fa2-4dc7-b3c9-70fc7355531c.jpg/250x188.webp,27.421552979694752,815
f8cc4d1a-f5f5-4ce6-a636-0e265c938566,Volvo,XC40,Essential T2 Aut | Smartphone integratie | Getinte,Dealer,28250,b,58618,11-2023,8200,https://prod.pictures.autoscout24.net/listing-images/f8cc4d1a-f5f5-4ce6-a636-0e265c938566_d334335d-4104-43d0-966e-efa4e2028593.jpg/250x188.webp https://prod.pictures.autoscout24.net/listing-images/f8cc4d1a-f5f5-4ce6-a636-0e265c938566_e8956fdc-7f4d-4fb9-93da-5e4802d07250.jpg/250x188.webp https://prod.pictures.autoscout24.net/listing-images/f8cc4d1a-f5f5-4ce6-a636-0e265c938566_83907d76-1778-4033-a41e-87b4e9092eb5.jpg/250x188.webp https://prod.pictures.autoscout24.net/listing-images/f8cc4d1a-f5f5-4ce6-a636-0e265c938566_be21106e-2e47-4f6a-b992-f009cb2653c1.jpg/250x188.webp https://prod.pictures.autoscout24.net/listing-images/f8cc4d1a-f5f5-4ce6-a636-0e265c938566_53741ece-855c-42bb-894e-a469454ac573.jpg/250x188.webp https://prod.pictures.autoscout24.net/listing-images/f8cc4d1a-f5f5-4ce6-a636-0e265c938566_b95d355b-3d4f-4942-b6a5-03ad45c453d8.jpg/250x188.webp https://prod.pictures.autoscout24.net/listing-images/f8cc4d1a-f5f5-4ce6-a636-0e265c938566_3fe247ca-5fb3-45ca-977d-aacca13be632.jpg/250x188.webp https://prod.pictures.autoscout24.net/listing-images/f8cc4d1a-f5f5-4ce6-a636-0e265c938566_7688be95-9adf-4bfd-9a6e-8d19619f0c81.jpg/250x188.webp https://prod.pictures.autoscout24.net/listing-images/f8cc4d1a-f5f5-4ce6-a636-0e265c938566_41bf0d62-84cf-4e00-8b82-054653ea8bfe.jpg/250x188.webp https://prod.pictures.autoscout24.net/listing-images/f8cc4d1a-f5f5-4ce6-a636-0e265c938566_9651cdc5-0d8d-4347-a031-7c849b99fb65.jpg/250x188.webp https://prod.pictures.autoscout24.net/listing-images/f8cc4d1a-f5f5-4ce6-a636-0e265c938566_7f3fd1ee-b41e-4650-8595-d2c5b0233830.jpg/250x188.webp https://prod.pictures.autoscout24.net/listing-images/f8cc4d1a-f5f5-4ce6-a636-0e265c938566_a16a8bbc-ed5f-4ba8-9b70-66e095d15d98.jpg/250x188.webp https://prod.pictures.autoscout24.net/listing-images/f8cc4d1a-f5f5-4ce6-a636-0e265c938566_7ace421f-1292-410c-aa6a-c0634636b978.jpg/250x188.webp https://prod.pictures.autoscout24.net/listing-images/f8cc4d1a-f5f5-4ce6-a636-0e265c938566_7e79f5f7-9c84-4947-a828-34800c404c9c.jpg/250x188.webp https://prod.pictures.autoscout24.net/listing-images/f8cc4d1a-f5f5-4ce6-a636-0e265c938566_681b33ba-edfc-4739-8b1c-a394ec46e16f.jpg/250x188.webp https://prod.pictures.autoscout24.net/listing-images/f8cc4d1a-f5f5-4ce6-a636-0e265c938566_b8d84d98-b5fe-4db7-b26c-4895503028f9.jpg/250x188.webp https://prod.pictures.autoscout24.net/listing-images/f8cc4d1a-f5f5-4ce6-a636-0e265c938566_959aabd5-d78a-4cec-ab9b-64f7eed02951.jpg/250x188.webp,93.64953670807917,845
f77d77ef-5732-4c4f-9cd0-4543d37b0370,Volvo,XC40,XC40 1.5 T2 Momentum Pro Geartronic,PrivateSeller,24990,b,69500,09-2020,6990,https://prod.pictures.autoscout24.net/listing-images/f77d77ef-5732-4c4f-9cd0-4543d37b0370_589a9789-2470-426b-83d1-b780e9c23559.jpg/250x188.webp https://prod.pictures.autoscout24.net/listing-images/f77d77ef-5732-4c4f-9cd0-4543d37b0370_347a6e9d-3759-4374-a5d5-0fa9329e4e8c.jpg/250x188.webp https://prod.pictures.autoscout24.net/listing-images/f77d77ef-5732-4c4f-9cd0-4543d37b0370_8554c5db-f183-4860-821e-8563fb5f028c.jpg/250x188.webp https://prod.pictures.autoscout24.net/listing-images/f77d77ef-5732-4c4f-9cd0-4543d37b0370_8566984c-f1a4-47d9-ad29-7edb7504bb7a.jpg/250x188.webp https://prod.pictures.autoscout24.net/listing-images/f77d77ef-5732-4c4f-9cd0-4543d37b0370_ca8d9dc8-0c94-4f4e-a5ad-3eab3af7aba8.jpg/250x188.webp https://prod.pictures.autoscout24.net/listing-images/f77d77ef-5732-4c4f-9cd0-4543d37b0370_f9e727d3-a8c6-4802-9d92-8b28c04b27c0.jpg/250x188.webp https://prod.pictures.autoscout24.net/listing-images/f77d77ef-5732-4c4f-9cd0-4543d37b0370_aa93937d-22f6-4bc8-a563-3ddc64c1812b.jpg/250x188.webp https://prod.pictures.autoscout24.net/listing-images/f77d77ef-5732-4c4f-9cd0-4543d37b0370_9d993867-7517-4ccb-8653-9e786b951b74.jpg/250x188.webp https://prod.pictures.autoscout24.net/listing-images/f77d77ef-5732-4c4f-9cd0-4543d37b0370_b033c29e-5eb6-4808-9ae7-beb039e40df3.jpg/250x188.webp https://prod.pictures.autoscout24.net/listing-images/f77d77ef-5732-4c4f-9cd0-4543d37b0370_26c9122e-55ac-4807-97a7-f95767a8c8a3.jpg/250x188.webp https://prod.pictures.autoscout24.net/listing-images/f77d77ef-5732-4c4f-9cd0-4543d37b0370_3e8eb8dd-f6e3-4b6d-839c-35256153e865.jpg/250x188.webp https://prod.pictures.autoscout24.net/listing-images/f77d77ef-5732-4c4f-9cd0-4543d37b0370_527e9985-1b71-4597-bb3f-ff8ea1c395f0.jpg/250x188.webp,150.04302839581973,2001
65c9d884-4eed-49a0-ad25-f3ddeb60da4b,Volvo,XC40,XC40 1.5 T3 Momentum Pro Geartronic  * Full cuir,Dealer,24999,b,65990,07-2021,6220,https://prod.pictures.autoscout24.net/listing-images/65c9d884-4eed-49a0-ad25-f3ddeb60da4b_f74d83e2-cfcb-4d2c-8c2b-801d0565f89a.jpg/250x188.webp https://prod.pictures.autoscout24.net/listing-images/65c9d884-4eed-49a0-ad25-f3ddeb60da4b_ebd0c87d-4dd9-4c76-b2da-0fce72cea071.jpg/250x188.webp https://prod.pictures.autoscout24.net/listing-images/65c9d884-4eed-49a0-ad25-f3ddeb60da4b_9caf881a-44d9-4163-ba7a-95aad4be7ea9.jpg/250x188.webp https://prod.pictures.autoscout24.net/listing-images/65c9d884-4eed-49a0-ad25-f3ddeb60da4b_43b41d8a-46cd-402f-9d2d-a5a73451ce32.jpg/250x188.webp https://prod.pictures.autoscout24.net/listing-images/65c9d884-4eed-49a0-ad25-f3ddeb60da4b_a5c44240-eb0c-4061-a4ff-d37254bf346e.jpg/250x188.webp https://prod.pictures.autoscout24.net/listing-images/65c9d884-4eed-49a0-ad25-f3ddeb60da4b_fefe7304-ac4b-4505-a07a-fcc27fe99c90.jpg/250x188.webp https://prod.pictures.autoscout24.net/listing-images/65c9d884-4eed-49a0-ad25-f3ddeb60da4b_9abf1004-387c-49bb-b9b4-e01250ddfbfb.jpg/250x188.webp https://prod.pictures.autoscout24.net/listing-images/65c9d884-4eed-49a0-ad25-f3ddeb60da4b_2eb11b97-a21e-4e5f-981f-3809519749a0.jpg/250x188.webp https://prod.pictures.autoscout24.net/listing-images/65c9d884-4eed-49a0-ad25-f3ddeb60da4b_a4bc5da4-0e9f-4dc7-8dde-cc5fbbe9167c.jpg/250x188.webp https://prod.pictures.autoscout24.net/listing-images/65c9d884-4eed-49a0-ad25-f3ddeb60da4b_13ea1eb4-b8fb-47e9-8f20-3c69f3622f89.jpg/250x188.webp https://prod.pictures.autoscout24.net/listing-images/65c9d884-4eed-49a0-ad25-f3ddeb60da4b_5d0ef822-8f3b-4223-a28c-8980ac6cee30.jpg/250x188.webp https://prod.pictures.autoscout24.net/listing-images/65c9d884-4eed-49a0-ad25-f3ddeb60da4b_8ccebab5-eb49-436e-a081-ed71aaa5355c.jpg/250x188.webp https://prod.pictures.autoscout24.net/listing-images/65c9d884-4eed-49a0-ad25-f3ddeb60da4b_160aea5c-bcf7-4bad-9b7c-a16dfbd79462.jpg/250x188.webp https://prod.pictures.autoscout24.net/listing-images/65c9d884-4eed-49a0-ad25-f3ddeb60da4b_2951d8ee-a037-4fa1-a235-5dec6eb3304a.jpg/250x188.webp https://prod.pictures.autoscout24.net/listing-images/65c9d884-4eed-49a0-ad25-f3ddeb60da4b_fe59306f-5757-4572-a489-c984dc8752c0.jpg/250x188.webp https://prod.pictures.autoscout24.net/listing-images/65c9d884-4eed-49a0-ad25-f3ddeb60da4b_35ac0f3b-783b-4b09-9f08-39a33d0aa617.jpg/250x188.webp https://prod.pictures.autoscout24.net/listing-images/65c9d884-4eed-49a0-ad25-f3ddeb60da4b_fbc3f110-80d0-4411-95a9-043c91944d9d.jpg/250x188.webp https://prod.pictures.autoscout24.net/listing-images/65c9d884-4eed-49a0-ad25-f3ddeb60da4b_858bcf09-912d-41e0-adff-4aaf684cd56e.jpg/250x188.webp https://prod.pictures.autoscout24.net/listing-images/65c9d884-4eed-49a0-ad25-f3ddeb60da4b_cf11a790-674a-4e49-b1d5-d9f6cd575771.jpg/250x188.webp,110.414738594297,1698
7f566bce-f129-4a57-9e3c-d91e925c3a8b,Volvo,XC40,T3 Geartronic Inscription,PrivateSeller,24999,b,53000,01-2021,2018,,27.94913546724415,1879
75dedae9-80d1-4889-8e51-f0b5d8014c6f,Volvo,V60,2.0 T6 AWD PHEV Inscription Expression,PrivateSeller,25000,2,79000,07-2020,7860,https://prod.pictures.autoscout24.net/listing-images/75dedae9-80d1-4889-8e51-f0b5d8014c6f_c30536d8-0583-4968-b595-0a8783f5f8ec.jpg/250x188.webp https://prod.pictures.autoscout24.net/listing-images/75dedae9-80d1-4889-8e51-f0b5d8014c6f_54ec511f-7bb2-40a9-90a7-4610e168d08d.jpg/250x188.webp https://prod.pictures.autoscout24.net/listing-images/75dedae9-80d1-4889-8e51-f0b5d8014c6f_9af0dbd4-6351-4d2b-93d6-a609e0ba52fc.jpg/250x188.webp https://prod.pictures.autoscout24.net/listing-images/75dedae9-80d1-4889-8e51-f0b5d8014c6f_c1d582f3-f76f-46e4-953e-80351fd66ff3.jpg/250x188.webp https://prod.pictures.autoscout24.net/listing-images/75dedae9-80d1-4889-8e51-f0b5d8014c6f_43556711-fd37-455b-8d28-dc22924f2d28.jpg/250x188.webp https://prod.pictures.autoscout24.net/listing-images/75dedae9-80d1-4889-8e51-f0b5d8014c6f_d71a401d-ea91-42bc-8513-11cfeb8dd589.jpg/250x188.webp https://prod.pictures.autoscout24.net/listing-images/75dedae9-80d1-4889-8e51-f0b5d8014c6f_e3b80e87-5db4-49d0-9b96-97b99451de6e.jpg/250x188.webp https://prod.pictures.autoscout24.net/listing-images/75dedae9-80d1-4889-8e51-f0b5d8014c6f_6802fa0f-76f1-4064-839a-4777536d5aae.jpg/250x188.webp https://prod.pictures.autoscout24.net/listing-images/75dedae9-80d1-4889-8e51-f0b5d8014c6f_a2b2f89c-4a34-4142-8f12-af6fc8eae5ff.jpg/250x188.webp https://prod.pictures.autoscout24.net/listing-images/75dedae9-80d1-4889-8e51-f0b5d8014c6f_4d47d79d-079b-41d4-97f2-ceea2cd0c0c9.jpg/250x188.webp https://prod.pictures.autoscout24.net/listing-images/75dedae9-80d1-4889-8e51-f0b5d8014c6f_69a187cd-02b5-4e64-a8a2-47806e2a86d1.jpg/250x188.webp https://prod.pictures.autoscout24.net/listing-images/75dedae9-80d1-4889-8e51-f0b5d8014c6f_5b4da311-928e-4f05-9928-49ad65dac16a.jpg/250x188.webp,95.07423547129062,2063
b5dd31b6-cdcf-417a-b0dd-c5767b895dd8,Volvo,XC40,XC40 1.5 T2 Momentum Core Geartronic,Dealer,25290,b,42930,04-2021,5100,https://prod.pictures.autoscout24.net/listing-images/b5dd31b6-cdcf-417a-b0dd-c5767b895dd8_797d9827-14b1-46e1-b4b7-7948264ca2ec.jpg/250x188.webp https://prod.pictures.autoscout24.net/listing-images/b5dd31b6-cdcf-417a-b0dd-c5767b895dd8_fe73e7ba-09f8-4756-8301-d4f28107fbcc.jpg/250x188.webp https://prod.pictures.autoscout24.net/listing-images/b5dd31b6-cdcf-417a-b0dd-c5767b895dd8_947e2a46-2e10-45d5-bf08-fb831fe90f26.jpg/250x188.webp https://prod.pictures.autoscout24.net/listing-images/b5dd31b6-cdcf-417a-b0dd-c5767b895dd8_2b71ad1c-e369-452d-a62c-5e65a7a7906c.jpg/250x188.webp https://prod.pictures.autoscout24.net/listing-images/b5dd31b6-cdcf-417a-b0dd-c5767b895dd8_903d7b9e-43ca-40fc-8e30-cffaee82ab17.jpg/250x188.webp https://prod.pictures.autoscout24.net/listing-images/b5dd31b6-cdcf-417a-b0dd-c5767b895dd8_f54aabee-e5e3-46e2-9a63-48b3cc023c15.jpg/250x188.webp https://prod.pictures.autoscout24.net/listing-images/b5dd31b6-cdcf-417a-b0dd-c5767b895dd8_fee8163f-b8a6-4bff-9154-3976678ab47f.jpg/250x188.webp https://prod.pictures.autoscout24.net/listing-images/b5dd31b6-cdcf-417a-b0dd-c5767b895dd8_084d5d50-21f4-4fd4-be57-011f38d7df32.jpg/250x188.webp https://prod.pictures.autoscout24.net/listing-images/b5dd31b6-cdcf-417a-b0dd-c5767b895dd8_614c7e93-e696-4e2b-aca6-a892093bba9f.jpg/250x188.webp https://prod.pictures.autoscout24.net/listing-images/b5dd31b6-cdcf-417a-b0dd-c5767b895dd8_28f5642c-3eac-4583-8b54-164102afa9c8.jpg/250x188.webp https://prod.pictures.autoscout24.net/listing-images/b5dd31b6-cdcf-417a-b0dd-c5767b895dd8_58ed0a07-3afa-48b0-98ad-252f162f1eab.jpg/250x188.webp https://prod.pictures.autoscout24.net/listing-images/b5dd31b6-cdcf-417a-b0dd-c5767b895dd8_e7d6507a-ba0f-4201-a1e0-013613d1941d.jpg/250x188.webp https://prod.pictures.autoscout24.net/listing-images/b5dd31b6-cdcf-417a-b0dd-c5767b895dd8_357129cc-8f88-4490-b653-cc1d52538c37.jpg/250x188.webp https://prod.pictures.autoscout24.net/listing-images/b5dd31b6-cdcf-417a-b0dd-c5767b895dd8_e2da850f-19d4-4ea7-8a35-b3d6aad3d4ef.jpg/250x188.webp https://prod.pictures.autoscout24.net/listing-images/b5dd31b6-cdcf-417a-b0dd-c5767b895dd8_4aca99db-869e-4132-8f9f-6542993452fb.jpg/250x188.webp https://prod.pictures.autoscout24.net/listing-images/b5dd31b6-cdcf-417a-b0dd-c5767b895dd8_75e8d7c3-c819-438f-af37-5d5beec5d05a.jpg/250x188.webp https://prod.pictures.autoscout24.net/listing-images/b5dd31b6-cdcf-417a-b0dd-c5767b895dd8_5d1223ae-3a95-4f04-9aac-b22dae885e78.jpg/250x188.webp https://prod.pictures.autoscout24.net/listing-images/b5dd31b6-cdcf-417a-b0dd-c5767b895dd8_b5cd76ee-5289-49d7-a565-21c7c0de629b.jpg/250x188.webp https://prod.pictures.autoscout24.net/listing-images/b5dd31b6-cdcf-417a-b0dd-c5767b895dd8_d9e36412-0686-4a9c-80bd-4fb8efea8979.jpg/250x188.webp https://prod.pictures.autoscout24.net/listing-images/b5dd31b6-cdcf-417a-b0dd-c5767b895dd8_37528cef-1eaa-459b-8556-2b2544617344.jpg/250x188.webp https://prod.pictures.autoscout24.net/listing-images/b5dd31b6-cdcf-417a-b0dd-c5767b895dd8_cfcc5386-2268-4e5c-ba05-c8f48532f4d8.jpg/250x188.webp https://prod.pictures.autoscout24.net/listing-images/b5dd31b6-cdcf-417a-b0dd-c5767b895dd8_9f9f2f07-8372-4a64-8ec1-5e46c8504721.jpg/250x188.webp https://prod.pictures.autoscout24.net/listing-images/b5dd31b6-cdcf-417a-b0dd-c5767b895dd8_d6fbf230-bf01-4d0d-9c13-67fdfb0f855f.jpg/250x188.webp https://prod.pictures.autoscout24.net/listing-images/b5dd31b6-cdcf-417a-b0dd-c5767b895dd8_03eb6d73-7915-4ad5-85f3-326129de581a.jpg/250x188.webp https://prod.pictures.autoscout24.net/listing-images/b5dd31b6-cdcf-417a-b0dd-c5767b895dd8_a7fd3f0e-8627-4b78-bd18-55238e8f973f.jpg/250x188.webp https://prod.pictures.autoscout24.net/listing-images/b5dd31b6-cdcf-417a-b0dd-c5767b895dd8_39b60346-79f7-4423-a0c4-6b0a779739b2.jpg/250x188.webp,119.56321289111871,1789
8bf58a33-3180-4ad3-bcd2-811bcbe38277,Volvo,XC40,T5 Recharge Inscription/Plug-in Hybrid/PILOT ASSIS,PrivateSeller,25300,2,114000,04-2020,1040,https://prod.pictures.autoscout24.net/listing-images/8bf58a33-3180-4ad3-bcd2-811bcbe38277_cbe04106-126d-4fdc-b60e-4fb7ac11f4e7.jpg/250x188.webp https://prod.pictures.autoscout24.net/listing-images/8bf58a33-3180-4ad3-bcd2-811bcbe38277_bd271930-63ae-4092-aae2-18b29f1ab1f5.jpg/250x188.webp https://prod.pictures.autoscout24.net/listing-images/8bf58a33-3180-4ad3-bcd2-811bcbe38277_3c079f98-13ff-4117-a54e-af2d77ad4782.jpg/250x188.webp https://prod.pictures.autoscout24.net/listing-images/8bf58a33-3180-4ad3-bcd2-811bcbe38277_7276ac07-5914-4f96-ae9a-44dade38f8b0.jpg/250x188.webp https://prod.pictures.autoscout24.net/listing-images/8bf58a33-3180-4ad3-bcd2-811bcbe38277_22bd8f32-0fc4-4bf8-86f0-9db757691597.jpg/250x188.webp https://prod.pictures.autoscout24.net/listing-images/8bf58a33-3180-4ad3-bcd2-811bcbe38277_29a7d3c7-ec44-4bfd-9dce-9ef57ccc005f.jpg/250x188.webp https://prod.pictures.autoscout24.net/listing-images/8bf58a33-3180-4ad3-bcd2-811bcbe38277_4a193672-793e-48c6-96f1-3662799c2ac4.jpg/250x188.webp https://prod.pictures.autoscout24.net/listing-images/8bf58a33-3180-4ad3-bcd2-811bcbe38277_20528397-20a4-460a-a1c7-4dfeac7e8afd.jpg/250x188.webp https://prod.pictures.autoscout24.net/listing-images/8bf58a33-3180-4ad3-bcd2-811bcbe38277_ec8b9eb2-d20f-4b01-93fd-ba8cfe27376a.jpg/250x188.webp https://prod.pictures.autoscout24.net/listing-images/8bf58a33-3180-4ad3-bcd2-811bcbe38277_c1364314-5c88-4315-81d2-1c1736c8a113.jpg/250x188.webp https://prod.pictures.autoscout24.net/listing-images/8bf58a33-3180-4ad3-bcd2-811bcbe38277_b4ca2dc3-d46c-466c-8155-4dfe72648729.jpg/250x188.webp https://prod.pictures.autoscout24.net/listing-images/8bf58a33-3180-4ad3-bcd2-811bcbe38277_efbe6a74-b294-46a9-85ba-441f764bc8c4.jpg/250x188.webp https://prod.pictures.autoscout24.net/listing-images/8bf58a33-3180-4ad3-bcd2-811bcbe38277_378dd0c9-bedf-477b-88c9-768a186cbb46.jpg/250x188.webp https://prod.pictures.autoscout24.net/listing-images/8bf58a33-3180-4ad3-bcd2-811bcbe38277_c619907d-e51d-45cd-b3c5-256ca1ce61d2.jpg/250x188.webp https://prod.pictures.autoscout24.net/listing-images/8bf58a33-3180-4ad3-bcd2-811bcbe38277_7aa09357-ba95-4325-8d94-6ba5318c471b.jpg/250x188.webp https://prod.pictures.autoscout24.net/listing-images/8bf58a33-3180-4ad3-bcd2-811bcbe38277_1456048a-7b96-4b06-9a41-0f1d5779ef8d.jpg/250x188.webp https://prod.pictures.autoscout24.net/listing-images/8bf58a33-3180-4ad3-bcd2-811bcbe38277_1af35591-3e83-48dc-ae00-71db3b51ce41.jpg/250x188.webp https://prod.pictures.autoscout24.net/listing-images/8bf58a33-3180-4ad3-bcd2-811bcbe38277_25a9e1ef-e1e6-49ce-9765-55f39f1a92ad.jpg/250x188.webp,70.85448790939559,2154
852a1400-1252-4feb-9ae3-f853a5c927e2,Volvo,XC40,1.5 T4 PHEV INSCRIPTION MOMENTUM,Dealer,25490,2,72720,11-2021,8800,https://prod.pictures.autoscout24.net/listing-images/852a1400-1252-4feb-9ae3-f853a5c927e2_825a16a6-4ca4-4fc1-bdf1-a38b292d03ec.png/250x188.webp https://prod.pictures.autoscout24.net/listing-images/852a1400-1252-4feb-9ae3-f853a5c927e2_2105a851-9d80-4876-bc04-3792897c07c0.jpg/250x188.webp https://prod.pictures.autoscout24.net/listing-images/852a1400-1252-4feb-9ae3-f853a5c927e2_2a063516-10ba-4e77-a769-fdabeddee365.jpg/250x188.webp https://prod.pictures.autoscout24.net/listing-images/852a1400-1252-4feb-9ae3-f853a5c927e2_2564313a-67cf-42b5-9958-2eef22e25fc8.jpg/250x188.webp https://prod.pictures.autoscout24.net/listing-images/852a1400-1252-4feb-9ae3-f853a5c927e2_e5ad27f4-f495-41eb-b425-f84ba79b076a.jpg/250x188.webp https://prod.pictures.autoscout24.net/listing-images/852a1400-1252-4feb-9ae3-f853a5c927e2_28403f21-d5fd-497a-835c-9d61b83d8f9c.jpg/250x188.webp https://prod.pictures.autoscout24.net/listing-images/852a1400-1252-4feb-9ae3-f853a5c927e2_528a6de2-111d-424c-a342-365362380309.jpg/250x188.webp https://prod.pictures.autoscout24.net/listing-images/852a1400-1252-4feb-9ae3-f853a5c927e2_0470fa2a-53b5-4915-b23b-20d001f08215.jpg/250x188.webp https://prod.pictures.autoscout24.net/listing-images/852a1400-1252-4feb-9ae3-f853a5c927e2_d6d8e794-1e99-48cc-893d-7f3df11c8643.jpg/250x188.webp https://prod.pictures.autoscout24.net/listing-images/852a1400-1252-4feb-9ae3-f853a5c927e2_75a0fd32-bfcd-4697-a844-0c5adc261cd8.jpg/250x188.webp https://prod.pictures.autoscout24.net/listing-images/852a1400-1252-4feb-9ae3-f853a5c927e2_fc198ee3-f18c-439a-a7bb-7b92c99cfc4e.jpg/250x188.webp https://prod.pictures.autoscout24.net/listing-images/852a1400-1252-4feb-9ae3-f853a5c927e2_095eae4a-6cbc-49b7-ab26-6b2d2aaba3da.jpg/250x188.webp https://prod.pictures.autoscout24.net/listing-images/852a1400-1252-4feb-9ae3-f853a5c927e2_cb890a84-f3d6-42e8-abd1-467969058b1d.jpg/250x188.webp https://prod.pictures.autoscout24.net/listing-images/852a1400-1252-4feb-9ae3-f853a5c927e2_9d9bc6c3-533d-4d0d-9875-c45a7f7cde77.jpg/250x188.webp https://prod.pictures.autoscout24.net/listing-images/852a1400-1252-4feb-9ae3-f853a5c927e2_e81fd5df-1009-4e8a-92ba-08b4fb18d8bd.jpg/250x188.webp https://prod.pictures.autoscout24.net/listing-images/852a1400-1252-4feb-9ae3-f853a5c927e2_d2945b10-6a8b-4f51-8905-71583b142fce.jpg/250x188.webp https://prod.pictures.autoscout24.net/listing-images/852a1400-1252-4feb-9ae3-f853a5c927e2_6f47a447-51d5-459f-90ab-66a2586fee43.jpg/250x188.webp https://prod.pictures.autoscout24.net/listing-images/852a1400-1252-4feb-9ae3-f853a5c927e2_cac32a10-016a-4d8f-ace2-0e237294fbec.jpg/250x188.webp https://prod.pictures.autoscout24.net/listing-images/852a1400-1252-4feb-9ae3-f853a5c927e2_4a025ba8-3850-4169-ad57-c45cb89ec43a.jpg/250x188.webp https://prod.pictures.autoscout24.net/listing-images/852a1400-1252-4feb-9ae3-f853a5c927e2_721be3b4-50f9-4f44-83c2-8d8b52d60cac.jpg/250x188.webp https://prod.pictures.autoscout24.net/listing-images/852a1400-1252-4feb-9ae3-f853a5c927e2_a5bbc6e6-a1c4-409d-a3d0-e1d44a36c351.jpg/250x188.webp,109.03360945246584,1575
c8e8e42f-9586-4122-9fa3-37dedfcc2052,Volvo,XC40,1.5 T3 Geartronic Momentum Core GPS Camera Dig.Air,Dealer,25490,b,68277,01-2022,3390,https://prod.pictures.autoscout24.net/listing-images/c8e8e42f-9586-4122-9fa3-37dedfcc2052_2f868d05-8d93-439a-83e2-1c93536b643c.jpg/250x188.webp https://prod.pictures.autoscout24.net/listing-images/c8e8e42f-9586-4122-9fa3-37dedfcc2052_d3109bc7-bff7-4942-9353-46904b9ae05a.jpg/250x188.webp https://prod.pictures.autoscout24.net/listing-images/c8e8e42f-9586-4122-9fa3-37dedfcc2052_c46277d4-0517-41f8-bd6a-861e012741a1.jpg/250x188.webp https://prod.pictures.autoscout24.net/listing-images/c8e8e42f-9586-4122-9fa3-37dedfcc2052_134973eb-d33d-42cd-9b82-07e7835df9d2.jpg/250x188.webp https://prod.pictures.autoscout24.net/listing-images/c8e8e42f-9586-4122-9fa3-37dedfcc2052_2303eeca-30af-4580-981b-f05bd3a10928.jpg/250x188.webp https://prod.pictures.autoscout24.net/listing-images/c8e8e42f-9586-4122-9fa3-37dedfcc2052_5ebbe553-535f-4284-8c44-b7049963384c.jpg/250x188.webp https://prod.pictures.autoscout24.net/listing-images/c8e8e42f-9586-4122-9fa3-37dedfcc2052_012c086d-a3b9-49a6-ae09-ff174ba9e408.jpg/250x188.webp https://prod.pictures.autoscout24.net/listing-images/c8e8e42f-9586-4122-9fa3-37dedfcc2052_a8b1874e-3d5b-4568-98ca-caaac1e58b0c.jpg/250x188.webp https://prod.pictures.autoscout24.net/listing-images/c8e8e42f-9586-4122-9fa3-37dedfcc2052_1d4ab22c-d269-4ff4-94d3-bf06ce10d939.jpg/250x188.webp https://prod.pictures.autoscout24.net/listing-images/c8e8e42f-9586-4122-9fa3-37dedfcc2052_0c75b029-f709-4b36-9e3e-d5e2a941102c.jpg/250x188.webp https://prod.pictures.autoscout24.net/listing-images/c8e8e42f-9586-4122-9fa3-37dedfcc2052_6f79dd03-5254-4e3f-9230-a171367879a5.jpg/250x188.webp https://prod.pictures.autoscout24.net/listing-images/c8e8e42f-9586-4122-9fa3-37dedfcc2052_ecfa9fab-50f5-4963-b749-acbbe2c9879a.jpg/250x188.webp https://prod.pictures.autoscout24.net/listing-images/c8e8e42f-9586-4122-9fa3-37dedfcc2052_bd9a884e-cf01-4f8b-adf3-5671ddcc398f.jpg/250x188.webp https://prod.pictures.autoscout24.net/listing-images/c8e8e42f-9586-4122-9fa3-37dedfcc2052_718add27-f539-43ba-803f-ccfca8175710.jpg/250x188.webp,66.90099289806504,1514
ad26f3bd-2623-4cc2-b527-9b5c51f04653,Volvo,XC60,XC60 T6 AWD Recharge Geartronic Inscription,PrivateSeller,25500,2,68450,01-2021,1651,https://prod.pictures.autoscout24.net/listing-images/ad26f3bd-2623-4cc2-b527-9b5c51f04653_bbbb00b1-5520-48ce-9fd1-5629c3420cef.jpg/250x188.webp https://prod.pictures.autoscout24.net/listing-images/ad26f3bd-2623-4cc2-b527-9b5c51f04653_e8838929-6de6-4ab8-b93f-a280cb4f7fc5.jpg/250x188.webp https://prod.pictures.autoscout24.net/listing-images/ad26f3bd-2623-4cc2-b527-9b5c51f04653_ae074c34-bbce-44e8-b370-438fd02bf6a6.jpg/250x188.webp https://prod.pictures.autoscout24.net/listing-images/ad26f3bd-2623-4cc2-b527-9b5c51f04653_6c2c29e5-8686-484d-8d1b-e54e6b00eaec.jpg/250x188.webp https://prod.pictures.autoscout24.net/listing-images/ad26f3bd-2623-4cc2-b527-9b5c51f04653_fee01b84-42ff-4199-bfb6-7fbc0b5b8155.jpg/250x188.webp https://prod.pictures.autoscout24.net/listing-images/ad26f3bd-2623-4cc2-b527-9b5c51f04653_318ad3e5-983e-4b33-9976-84097322e0ad.jpg/250x188.webp https://prod.pictures.autoscout24.net/listing-images/ad26f3bd-2623-4cc2-b527-9b5c51f04653_f349a772-655b-4140-9ef6-a7aaa2bf4c8f.jpg/250x188.webp,78.98056604317188,1879
f757fd9f-1264-4432-bc71-1385d701d15c,Volvo,V90,2.0 T4 Inscription,Dealer,25599,b,97744,02-2021,1000,https://prod.pictures.autoscout24.net/listing-images/f757fd9f-1264-4432-bc71-1385d701d15c_f601a73a-b5c7-49f6-b567-e38bec733c04.jpg/250x188.webp https://prod.pictures.autoscout24.net/listing-images/f757fd9f-1264-4432-bc71-1385d701d15c_7e35b588-fc2d-478f-9a20-9f00162ab16d.png/250x188.webp https://prod.pictures.autoscout24.net/listing-images/f757fd9f-1264-4432-bc71-1385d701d15c_d5cd8b59-98f3-4d22-acb2-24d5d06268e8.jpg/250x188.webp https://prod.pictures.autoscout24.net/listing-images/f757fd9f-1264-4432-bc71-1385d701d15c_bede7cf7-5d34-427b-91df-455ef9a57787.jpg/250x188.webp https://prod.pictures.autoscout24.net/listing-images/f757fd9f-1264-4432-bc71-1385d701d15c_a3867747-ddd2-4188-9349-37a7c8f1d02a.jpg/250x188.webp https://prod.pictures.autoscout24.net/listing-images/f757fd9f-1264-4432-bc71-1385d701d15c_85eb90d2-7816-4400-9bca-c81327702f5c.jpg/250x188.webp https://prod.pictures.autoscout24.net/listing-images/f757fd9f-1264-4432-bc71-1385d701d15c_262bb6c1-00d7-4fe5-b038-f66bdd16637b.jpg/250x188.webp https://prod.pictures.autoscout24.net/listing-images/f757fd9f-1264-4432-bc71-1385d701d15c_cd169309-fe20-43e3-8011-b3bc7944bc67.jpg/250x188.webp https://prod.pictures.autoscout24.net/listing-images/f757fd9f-1264-4432-bc71-1385d701d15c_14c4c177-d0e4-46cb-afb9-47117b42ed9f.jpg/250x188.webp https://prod.pictures.autoscout24.net/listing-images/f757fd9f-1264-4432-bc71-1385d701d15c_a65c6083-8785-4ad7-a18b-e587a6d0f797.jpg/250x188.webp https://prod.pictures.autoscout24.net/listing-images/f757fd9f-1264-4432-bc71-1385d701d15c_1cf6de99-f80d-4d34-b39e-ed19d20f4d5a.jpg/250x188.webp https://prod.pictures.autoscout24.net/listing-images/f757fd9f-1264-4432-bc71-1385d701d15c_327b8166-3761-4eef-9434-6c4171b857e2.jpg/250x188.webp https://prod.pictures.autoscout24.net/listing-images/f757fd9f-1264-4432-bc71-1385d701d15c_3053882b-aacb-401e-b846-a0c951992bc5.jpg/250x188.webp https://prod.pictures.autoscout24.net/listing-images/f757fd9f-1264-4432-bc71-1385d701d15c_9804d577-4165-49a3-ad84-02b912ee39d9.jpg/250x188.webp https://prod.pictures.autoscout24.net/listing-images/f757fd9f-1264-4432-bc71-1385d701d15c_c0d9ba8c-a281-447b-8aac-2db2c9673a9c.jpg/250x188.webp https://prod.pictures.autoscout24.net/listing-images/f757fd9f-1264-4432-bc71-1385d701d15c_d3639c50-083a-4e66-9be9-155d52d73544.jpg/250x188.webp https://prod.pictures.autoscout24.net/listing-images/f757fd9f-1264-4432-bc71-1385d701d15c_10a32701-aff8-48c6-b4b0-8f51dbd7eb74.jpg/250x188.webp https://prod.pictures.autoscout24.net/listing-images/f757fd9f-1264-4432-bc71-1385d701d15c_d6292a82-d18e-40fd-be6e-32546e10f974.png/250x188.webp https://prod.pictures.autoscout24.net/listing-images/f757fd9f-1264-4432-bc71-1385d701d15c_e5aa5e64-5b17-4e20-81ef-a6dc7f645d2b.jpg/250x188.webp https://prod.pictures.autoscout24.net/listing-images/f757fd9f-1264-4432-bc71-1385d701d15c_fe086fe1-7f20-4abb-bae5-fbbb25e021fd.jpg/250x188.webp https://prod.pictures.autoscout24.net/listing-images/f757fd9f-1264-4432-bc71-1385d701d15c_ad4333c6-661b-42a1-a97f-87aafdf11937.jpg/250x188.webp https://prod.pictures.autoscout24.net/listing-images/f757fd9f-1264-4432-bc71-1385d701d15c_a55ff815-73ec-4ea8-8d38-bce622ca3f8a.jpg/250x188.webp https://prod.pictures.autoscout24.net/listing-images/f757fd9f-1264-4432-bc71-1385d701d15c_76db7731-5a7e-4d46-b27b-5338a08efb0d.jpg/250x188.webp https://prod.pictures.autoscout24.net/listing-images/f757fd9f-1264-4432-bc71-1385d701d15c_139a521e-6dc0-470f-a86e-2d86eed757ea.jpg/250x188.webp https://prod.pictures.autoscout24.net/listing-images/f757fd9f-1264-4432-bc71-1385d701d15c_18c9407c-039e-41a3-915a-74f2d8a93ee6.jpg/250x188.webp https://prod.pictures.autoscout24.net/listing-images/f757fd9f-1264-4432-bc71-1385d701d15c_621cb59f-58aa-45cc-bd7e-6722b9802897.jpg/250x188.webp https://prod.pictures.autoscout24.net/listing-images/f757fd9f-1264-4432-bc71-1385d701d15c_095f66ff-4f8b-474b-9c00-5a875e8343f1.jpg/250x188.webp https://prod.pictures.autoscout24.net/listing-images/f757fd9f-1264-4432-bc71-1385d701d15c_d532d5f3-0ac6-4c1c-9423-cbbddf464388.jpg/250x188.webp https://prod.pictures.autoscout24.net/listing-images/f757fd9f-1264-4432-bc71-1385d701d15c_af34106b-5482-4370-83c8-a46f4caecdeb.jpg/250x188.webp https://prod.pictures.autoscout24.net/listing-images/f757fd9f-1264-4432-bc71-1385d701d15c_c8344da7-e9a6-4326-9e18-2745b8307b93.jpg/250x188.webp,69.17270624549755,1848
f3d7d927-1fc9-4030-a14b-57fda7e70fab,Volvo,XC40,XC40 1.5 T2 Core Geartronic,Dealer,25800,b,66611,08-2022,8890,https://prod.pictures.autoscout24.net/listing-images/f3d7d927-1fc9-4030-a14b-57fda7e70fab_e18f76fe-fdb5-455f-b207-b2aa46f45aa5.jpg/250x188.webp https://prod.pictures.autoscout24.net/listing-images/f3d7d927-1fc9-4030-a14b-57fda7e70fab_406a6a4a-13a3-4607-9f81-53bf761ac98e.jpg/250x188.webp https://prod.pictures.autoscout24.net/listing-images/f3d7d927-1fc9-4030-a14b-57fda7e70fab_4f0ac5d5-b1c4-4306-9525-633394e4b463.jpg/250x188.webp https://prod.pictures.autoscout24.net/listing-images/f3d7d927-1fc9-4030-a14b-57fda7e70fab_9375fa1d-b8bc-47ea-a77e-346f3ab05fba.jpg/250x188.webp https://prod.pictures.autoscout24.net/listing-images/f3d7d927-1fc9-4030-a14b-57fda7e70fab_f2f2b4ac-d31c-484c-9a0e-5e4d1fc6a967.jpg/250x188.webp https://prod.pictures.autoscout24.net/listing-images/f3d7d927-1fc9-4030-a14b-57fda7e70fab_9772b04a-d286-4cdc-95ff-07cc2ad990a9.jpg/250x188.webp https://prod.pictures.autoscout24.net/listing-images/f3d7d927-1fc9-4030-a14b-57fda7e70fab_a374f96d-b539-4c0a-ad49-38b2ef46aaa4.jpg/250x188.webp https://prod.pictures.autoscout24.net/listing-images/f3d7d927-1fc9-4030-a14b-57fda7e70fab_3a4779f8-7298-4daa-a5c2-8ffb91a99171.jpg/250x188.webp https://prod.pictures.autoscout24.net/listing-images/f3d7d927-1fc9-4030-a14b-57fda7e70fab_b2f3199e-5711-492d-8f76-c5e4f2a1b9c7.jpg/250x188.webp https://prod.pictures.autoscout24.net/listing-images/f3d7d927-1fc9-4030-a14b-57fda7e70fab_2d206f75-cc21-4282-9899-bb2baa8ac8f2.jpg/250x188.webp https://prod.pictures.autoscout24.net/listing-images/f3d7d927-1fc9-4030-a14b-57fda7e70fab_e676e0c0-0dbf-47e9-9ca8-bbe7fccd6f90.jpg/250x188.webp,117.47808051371571,1302
e0fdb66b-c711-4dad-83e1-65b9c7644406,Volvo,XC40,T2 AUT Momentum Pro,Dealer,25900,b,84566,05-2021,2200,https://prod.pictures.autoscout24.net/listing-images/e0fdb66b-c711-4dad-83e1-65b9c7644406_e9f22e17-ff5f-4d84-bd5f-35e3e468c39e.jpg/250x188.webp https://prod.pictures.autoscout24.net/listing-images/e0fdb66b-c711-4dad-83e1-65b9c7644406_cfbba127-b52a-459a-9080-1917cd970a98.jpg/250x188.webp https://prod.pictures.autoscout24.net/listing-images/e0fdb66b-c711-4dad-83e1-65b9c7644406_046ca97f-0323-4478-9a18-2005e3948f86.jpg/250x188.webp https://prod.pictures.autoscout24.net/listing-images/e0fdb66b-c711-4dad-83e1-65b9c7644406_0de2ac55-25b3-46ab-880d-a88b83d43e0e.jpg/250x188.webp https://prod.pictures.autoscout24.net/listing-images/e0fdb66b-c711-4dad-83e1-65b9c7644406_32dc5231-02ed-4ce1-98c0-40096267de0d.jpg/250x188.webp https://prod.pictures.autoscout24.net/listing-images/e0fdb66b-c711-4dad-83e1-65b9c7644406_147cfae4-17a1-49b0-87bf-44cd805677f6.jpg/250x188.webp https://prod.pictures.autoscout24.net/listing-images/e0fdb66b-c711-4dad-83e1-65b9c7644406_0b707fe0-241c-4346-aa95-0d02c3d27d64.jpg/250x188.webp https://prod.pictures.autoscout24.net/listing-images/e0fdb66b-c711-4dad-83e1-65b9c7644406_fc5f8256-af73-4e53-a541-6b0604aa056e.jpg/250x188.webp https://prod.pictures.autoscout24.net/listing-images/e0fdb66b-c711-4dad-83e1-65b9c7644406_711d4624-9c63-4902-99f0-ca0ea27ffac8.jpg/250x188.webp https://prod.pictures.autoscout24.net/listing-images/e0fdb66b-c711-4dad-83e1-65b9c7644406_7285de28-ef18-4187-8229-d7c6184ba853.jpg/250x188.webp https://prod.pictures.autoscout24.net/listing-images/e0fdb66b-c711-4dad-83e1-65b9c7644406_882c69e2-f541-4dea-aaab-6848c29d40c3.jpg/250x188.webp https://prod.pictures.autoscout24.net/listing-images/e0fdb66b-c711-4dad-83e1-65b9c7644406_9db98380-3cdc-42ca-bd3f-356e1548b551.jpg/250x188.webp https://prod.pictures.autoscout24.net/listing-images/e0fdb66b-c711-4dad-83e1-65b9c7644406_a1aa8069-7d3c-4f98-be6f-394e9a27386a.jpg/250x188.webp https://prod.pictures.autoscout24.net/listing-images/e0fdb66b-c711-4dad-83e1-65b9c7644406_769a58e6-d431-4b40-aa75-4f84adb84f88.jpg/250x188.webp https://prod.pictures.autoscout24.net/listing-images/e0fdb66b-c711-4dad-83e1-65b9c7644406_a7cae7b2-10b5-476c-8779-de8ac3eb193f.jpg/250x188.webp https://prod.pictures.autoscout24.net/listing-images/e0fdb66b-c711-4dad-83e1-65b9c7644406_2fdab857-eeca-4901-b26b-f019561b0615.jpg/250x188.webp https://prod.pictures.autoscout24.net/listing-images/e0fdb66b-c711-4dad-83e1-65b9c7644406_6d764e3d-9ae6-4a92-9f33-701618b77943.jpg/250x188.webp https://prod.pictures.autoscout24.net/listing-images/e0fdb66b-c711-4dad-83e1-65b9c7644406_b8f7ded5-a2f6-4a98-93de-9fa78ba6d903.jpg/250x188.webp https://prod.pictures.autoscout24.net/listing-images/e0fdb66b-c711-4dad-83e1-65b9c7644406_e58c2dad-4048-4fef-936c-dde745a42f69.jpg/250x188.webp https://prod.pictures.autoscout24.net/listing-images/e0fdb66b-c711-4dad-83e1-65b9c7644406_10d5ff9c-f858-4a48-8243-4253d2614d75.jpg/250x188.webp https://prod.pictures.autoscout24.net/listing-images/e0fdb66b-c711-4dad-83e1-65b9c7644406_f502f39b-a78e-4e49-8848-ee8225ebd159.jpg/250x188.webp,43.77867845711375,1759
6df193fd-cb39-46ca-a331-2690855ad1ad,Volvo,XC40,T2 automatic,Dealer,25900,b,107697,01-2023,8500,https://prod.pictures.autoscout24.net/listing-images/6df193fd-cb39-46ca-a331-2690855ad1ad_46c19e93-f43c-4097-af9c-355b8a038e20.jpg/250x188.webp https://prod.pictures.autoscout24.net/listing-images/6df193fd-cb39-46ca-a331-2690855ad1ad_3da9583c-6061-4886-ab1a-7e7d4596d549.jpg/250x188.webp https://prod.pictures.autoscout24.net/listing-images/6df193fd-cb39-46ca-a331-2690855ad1ad_9d80d8c3-00dc-4281-8e9c-bf0a5ac8fe70.jpg/250x188.webp https://prod.pictures.autoscout24.net/listing-images/6df193fd-cb39-46ca-a331-2690855ad1ad_3723fa45-924b-4f9e-b8c4-1f41098fd5d5.jpg/250x188.webp https://prod.pictures.autoscout24.net/listing-images/6df193fd-cb39-46ca-a331-2690855ad1ad_17b927f0-7958-4718-b202-40be685726fe.jpg/250x188.webp https://prod.pictures.autoscout24.net/listing-images/6df193fd-cb39-46ca-a331-2690855ad1ad_8fa87352-a5cf-44c9-9a82-639828a51649.jpg/250x188.webp https://prod.pictures.autoscout24.net/listing-images/6df193fd-cb39-46ca-a331-2690855ad1ad_2886fbab-b9df-4e12-b98d-51c27b8e6eae.jpg/250x188.webp https://prod.pictures.autoscout24.net/listing-images/6df193fd-cb39-46ca-a331-2690855ad1ad_41a2f19e-8bff-44e1-b31b-bf8a6d002826.jpg/250x188.webp https://prod.pictures.autoscout24.net/listing-images/6df193fd-cb39-46ca-a331-2690855ad1ad_4c1fcda2-227f-4c9d-835d-f9e37ebdc05f.jpg/250x188.webp https://prod.pictures.autoscout24.net/listing-images/6df193fd-cb39-46ca-a331-2690855ad1ad_0b90d2cb-fdf0-4fbc-bc42-920dc32996b1.jpg/250x188.webp https://prod.pictures.autoscout24.net/listing-images/6df193fd-cb39-46ca-a331-2690855ad1ad_7af6a0af-da7c-4fc7-9a35-2b615d2be8f6.jpg/250x188.webp https://prod.pictures.autoscout24.net/listing-images/6df193fd-cb39-46ca-a331-2690855ad1ad_152d05e2-5219-4ea9-a50a-b4e04150dc8a.jpg/250x188.webp https://prod.pictures.autoscout24.net/listing-images/6df193fd-cb39-46ca-a331-2690855ad1ad_f499eed6-2a16-4568-95da-7d3a13ab36a6.jpg/250x188.webp https://prod.pictures.autoscout24.net/listing-images/6df193fd-cb39-46ca-a331-2690855ad1ad_95c07a14-744d-4a4d-b6d3-1c465ff0cf8b.jpg/250x188.webp https://prod.pictures.autoscout24.net/listing-images/6df193fd-cb39-46ca-a331-2690855ad1ad_b6a8939b-662a-4418-aa5a-501d065dee92.jpg/250x188.webp,110.07601369654981,1149
287fb675-e419-47b6-ac64-f6fa95aba459,Volvo,XC40,XC40 1.5 T3 Momentum Pro met panoramisch open dak,Dealer,25950,b,66000,10-2021,8530,https://prod.pictures.autoscout24.net/listing-images/287fb675-e419-47b6-ac64-f6fa95aba459_67fab087-290e-4f23-9126-07a2dccd9de4.png/250x188.webp https://prod.pictures.autoscout24.net/listing-images/287fb675-e419-47b6-ac64-f6fa95aba459_5929a687-89b3-4ad7-94c8-06bfcacfad71.png/250x188.webp https://prod.pictures.autoscout24.net/listing-images/287fb675-e419-47b6-ac64-f6fa95aba459_840712f2-309a-4975-9e49-efe18506863e.png/250x188.webp https://prod.pictures.autoscout24.net/listing-images/287fb675-e419-47b6-ac64-f6fa95aba459_5364a209-8350-400d-bf0a-25f424e3fcac.png/250x188.webp,105.8653486907627,1606
ec11a53d-4801-4c47-bf17-57008b3f07a6,Volvo,V60,2.0 T6 RECHARGE AWD Momentum Pro CARPLAY / CAMERA,Dealer,25950,2,95891,04-2021,9300,https://prod.pictures.autoscout24.net/listing-images/ec11a53d-4801-4c47-bf17-57008b3f07a6_fc6f7a8e-1b40-4d73-a00a-b241d5d94afe.jpg/250x188.webp https://prod.pictures.autoscout24.net/listing-images/ec11a53d-4801-4c47-bf17-57008b3f07a6_50b13523-fa8a-4b78-842a-2f6292208646.jpg/250x188.webp https://prod.pictures.autoscout24.net/listing-images/ec11a53d-4801-4c47-bf17-57008b3f07a6_9ad6c7af-2aa6-4269-b924-963d2ba14756.jpg/250x188.webp https://prod.pictures.autoscout24.net/listing-images/ec11a53d-4801-4c47-bf17-57008b3f07a6_d733cac7-5990-47c4-82d9-becac1cc3aa0.jpg/250x188.webp https://prod.pictures.autoscout24.net/listing-images/ec11a53d-4801-4c47-bf17-57008b3f07a6_7140ef65-387a-4f54-914c-564ffea6de26.jpg/250x188.webp https://prod.pictures.autoscout24.net/listing-images/ec11a53d-4801-4c47-bf17-57008b3f07a6_5a985613-3e8f-483d-bff0-fd5c6dc488d1.jpg/250x188.webp https://prod.pictures.autoscout24.net/listing-images/ec11a53d-4801-4c47-bf17-57008b3f07a6_3f8c73dd-ffcc-4757-886e-030bce1a3d35.jpg/250x188.webp https://prod.pictures.autoscout24.net/listing-images/ec11a53d-4801-4c47-bf17-57008b3f07a6_134326b1-7616-453e-b031-81c88806e2a4.jpg/250x188.webp https://prod.pictures.autoscout24.net/listing-images/ec11a53d-4801-4c47-bf17-57008b3f07a6_9f58a426-fcf3-40b2-bbec-b990527b9ec2.jpg/250x188.webp https://prod.pictures.autoscout24.net/listing-images/ec11a53d-4801-4c47-bf17-57008b3f07a6_af3b542b-a0d5-446a-8f5f-7ece8d5a1a26.jpg/250x188.webp https://prod.pictures.autoscout24.net/listing-images/ec11a53d-4801-4c47-bf17-57008b3f07a6_fe292e31-59b3-4741-b1c7-d6076782b578.jpg/250x188.webp https://prod.pictures.autoscout24.net/listing-images/ec11a53d-4801-4c47-bf17-57008b3f07a6_17cfbcca-3c29-4d77-8bca-6af2a791ee9a.jpg/250x188.webp https://prod.pictures.autoscout24.net/listing-images/ec11a53d-4801-4c47-bf17-57008b3f07a6_af715b0f-c16f-42b5-85d4-659e7b0c4afc.jpg/250x188.webp https://prod.pictures.autoscout24.net/listing-images/ec11a53d-4801-4c47-bf17-57008b3f07a6_93f71574-82a0-46cf-b688-d72a858d6a43.jpg/250x188.webp https://prod.pictures.autoscout24.net/listing-images/ec11a53d-4801-4c47-bf17-57008b3f07a6_81f471a7-3675-44af-8d40-40b03930eeee.jpg/250x188.webp https://prod.pictures.autoscout24.net/listing-images/ec11a53d-4801-4c47-bf17-57008b3f07a6_12ebed8e-2e77-47b9-9b8b-4aa2e4b77af4.jpg/250x188.webp https://prod.pictures.autoscout24.net/listing-images/ec11a53d-4801-4c47-bf17-57008b3f07a6_6c0825ae-8861-4b6d-b443-984d2ca43bad.jpg/250x188.webp https://prod.pictures.autoscout24.net/listing-images/ec11a53d-4801-4c47-bf17-57008b3f07a6_b7523a37-37f0-4d2a-85a2-fa7c863dc655.jpg/250x188.webp https://prod.pictures.autoscout24.net/listing-images/ec11a53d-4801-4c47-bf17-57008b3f07a6_f8f7d251-f372-4e57-b74c-4215a0adf4f0.jpg/250x188.webp https://prod.pictures.autoscout24.net/listing-images/ec11a53d-4801-4c47-bf17-57008b3f07a6_96f54b2e-cfa8-4e1d-bf47-1f8f0fe3af98.jpg/250x188.webp https://prod.pictures.autoscout24.net/listing-images/ec11a53d-4801-4c47-bf17-57008b3f07a6_9b952db7-e6f9-4c83-ad5b-8bb035f93f1e.jpg/250x188.webp https://prod.pictures.autoscout24.net/listing-images/ec11a53d-4801-4c47-bf17-57008b3f07a6_2b33d055-b404-407e-8627-af2907b8c6f3.jpg/250x188.webp https://prod.pictures.autoscout24.net/listing-images/ec11a53d-4801-4c47-bf17-57008b3f07a6_ca5f609f-f5ee-46c2-ad02-c18ce3b5e404.jpg/250x188.webp https://prod.pictures.autoscout24.net/listing-images/ec11a53d-4801-4c47-bf17-57008b3f07a6_d285ee5c-75db-4119-9aa7-9551ac0887b8.jpg/250x188.webp https://prod.pictures.autoscout24.net/listing-images/ec11a53d-4801-4c47-bf17-57008b3f07a6_64ec282f-8793-4b07-be00-5bf0445e038d.jpg/250x188.webp https://prod.pictures.autoscout24.net/listing-images/ec11a53d-4801-4c47-bf17-57008b3f07a6_f3f6991f-97f7-4f8a-a78e-da92ea16acf9.jpg/250x188.webp https://prod.pictures.autoscout24.net/listing-images/ec11a53d-4801-4c47-bf17-57008b3f07a6_45e74fac-a2b1-40e2-8ea1-8123906d2bc6.jpg/250x188.webp https://prod.pictures.autoscout24.net/listing-images/ec11a53d-4801-4c47-bf17-57008b3f07a6_277f6935-6372-41f5-ba8e-869550d1c77a.jpg/250x188.webp https://prod.pictures.autoscout24.net/listing-images/ec11a53d-4801-4c47-bf17-57008b3f07a6_8f67a2f9-a25c-4327-b0c5-4395ebe635b4.jpg/250x188.webp,66.4098627619792,1789
5d8197ee-7d57-4ec2-b84f-0ebf6f2411cb,Volvo,XC40,Plug In hybride 1.5 T4- R-Design-2021-BTW Incl,Dealer,25950,2,102000,11-2021,9150,https://prod.pictures.autoscout24.net/listing-images/5d8197ee-7d57-4ec2-b84f-0ebf6f2411cb_046e78bd-c7c5-42f2-a0e6-455aea483e74.jpg/250x188.webp https://prod.pictures.autoscout24.net/listing-images/5d8197ee-7d57-4ec2-b84f-0ebf6f2411cb_ccb65af6-ebfc-4160-abd8-0a47ffa78983.jpg/250x188.webp https://prod.pictures.autoscout24.net/listing-images/5d8197ee-7d57-4ec2-b84f-0ebf6f2411cb_1872010f-3fa6-437d-b62c-18d1546774ad.jpg/250x188.webp https://prod.pictures.autoscout24.net/listing-images/5d8197ee-7d57-4ec2-b84f-0ebf6f2411cb_ae34b552-3dae-42b5-ab9f-8343dee1b67c.jpg/250x188.webp https://prod.pictures.autoscout24.net/listing-images/5d8197ee-7d57-4ec2-b84f-0ebf6f2411cb_0a87c65b-4aad-493e-b78b-078435f24125.jpg/250x188.webp https://prod.pictures.autoscout24.net/listing-images/5d8197ee-7d57-4ec2-b84f-0ebf6f2411cb_f27dac3e-ddd4-4365-8811-4a1e995f7820.jpg/250x188.webp https://prod.pictures.autoscout24.net/listing-images/5d8197ee-7d57-4ec2-b84f-0ebf6f2411cb_da5c82b1-fe2d-42ba-a5b0-f166a76ad8cf.jpg/250x188.webp https://prod.pictures.autoscout24.net/listing-images/5d8197ee-7d57-4ec2-b84f-0ebf6f2411cb_46560580-35aa-4373-9229-fd406410c8d2.jpg/250x188.webp https://prod.pictures.autoscout24.net/listing-images/5d8197ee-7d57-4ec2-b84f-0ebf6f2411cb_e4eb233c-02a3-45d2-9f39-37e10dc32552.jpg/250x188.webp https://prod.pictures.autoscout24.net/listing-images/5d8197ee-7d57-4ec2-b84f-0ebf6f2411cb_84845fb9-775d-41a1-9c8c-8a7eb0a60375.jpg/250x188.webp https://prod.pictures.autoscout24.net/listing-images/5d8197ee-7d57-4ec2-b84f-0ebf6f2411cb_afac33aa-f774-4801-841c-8c797ee6dca6.jpg/250x188.webp https://prod.pictures.autoscout24.net/listing-images/5d8197ee-7d57-4ec2-b84f-0ebf6f2411cb_ce562cd7-cbcf-4628-a558-bc4404d63851.jpg/250x188.webp https://prod.pictures.autoscout24.net/listing-images/5d8197ee-7d57-4ec2-b84f-0ebf6f2411cb_da1593f2-9014-458b-be1f-8465408f01c9.jpg/250x188.webp https://prod.pictures.autoscout24.net/listing-images/5d8197ee-7d57-4ec2-b84f-0ebf6f2411cb_7bddb58f-e334-4f53-8d3d-d1abe872d1fa.jpg/250x188.webp https://prod.pictures.autoscout24.net/listing-images/5d8197ee-7d57-4ec2-b84f-0ebf6f2411cb_f630e0b4-7942-4666-90cf-df19e36d4284.jpg/250x188.webp https://prod.pictures.autoscout24.net/listing-images/5d8197ee-7d57-4ec2-b84f-0ebf6f2411cb_035077b1-01ce-476a-bb13-18ddbbb122fd.jpg/250x188.webp https://prod.pictures.autoscout24.net/listing-images/5d8197ee-7d57-4ec2-b84f-0ebf6f2411cb_691a87fe-b46f-4e0a-8822-da8c194445d4.jpg/250x188.webp https://prod.pictures.autoscout24.net/listing-images/5d8197ee-7d57-4ec2-b84f-0ebf6f2411cb_c6e07c9d-fee9-484a-aebf-66bfa8cacb1d.jpg/250x188.webp https://prod.pictures.autoscout24.net/listing-images/5d8197ee-7d57-4ec2-b84f-0ebf6f2411cb_1edd4544-16b8-4744-831f-e0f0b8453042.jpg/250x188.webp https://prod.pictures.autoscout24.net/listing-images/5d8197ee-7d57-4ec2-b84f-0ebf6f2411cb_346e27e7-904c-485b-8786-7121429c3415.jpg/250x188.webp https://prod.pictures.autoscout24.net/listing-images/5d8197ee-7d57-4ec2-b84f-0ebf6f2411cb_4e9dd236-9dbe-4193-b3de-80720dd5d755.jpg/250x188.webp,37.27603030514022,1575
6db2bfa0-6437-4fd2-b8b7-b9a38728496c,Volvo,V60,T8 AWD Geartronic Polestar Engineered,PrivateSeller,25950,2,119000,03-2020,3680,https://prod.pictures.autoscout24.net/listing-images/6db2bfa0-6437-4fd2-b8b7-b9a38728496c_5e446291-262a-4ee7-a1c9-768085c73301.jpg/250x188.webp https://prod.pictures.autoscout24.net/listing-images/6db2bfa0-6437-4fd2-b8b7-b9a38728496c_d333bc25-66ee-43f5-83eb-c07b66107a9b.jpg/250x188.webp https://prod.pictures.autoscout24.net/listing-images/6db2bfa0-6437-4fd2-b8b7-b9a38728496c_6a97071d-0a37-4f19-83cd-03aa0a52f393.jpg/250x188.webp https://prod.pictures.autoscout24.net/listing-images/6db2bfa0-6437-4fd2-b8b7-b9a38728496c_e2ba0d45-eee1-4a42-9c70-0136fee498d5.jpg/250x188.webp https://prod.pictures.autoscout24.net/listing-images/6db2bfa0-6437-4fd2-b8b7-b9a38728496c_29efd50e-2ca8-4ffe-9d48-ff00f9e16575.jpg/250x188.webp https://prod.pictures.autoscout24.net/listing-images/6db2bfa0-6437-4fd2-b8b7-b9a38728496c_601e95bc-3e61-49dc-947f-60cbac6762fa.jpg/250x188.webp https://prod.pictures.autoscout24.net/listing-images/6db2bfa0-6437-4fd2-b8b7-b9a38728496c_ceb4b4bf-f701-4c56-a825-ab84f48420e1.jpg/250x188.webp https://prod.pictures.autoscout24.net/listing-images/6db2bfa0-6437-4fd2-b8b7-b9a38728496c_44072023-eb14-4db7-9f8b-14d1483d625a.jpg/250x188.webp https://prod.pictures.autoscout24.net/listing-images/6db2bfa0-6437-4fd2-b8b7-b9a38728496c_2df15926-9fc3-4aef-b2c6-8e638c484687.jpg/250x188.webp https://prod.pictures.autoscout24.net/listing-images/6db2bfa0-6437-4fd2-b8b7-b9a38728496c_d605b963-08b5-4577-88c2-d7b1f455a861.jpg/250x188.webp https://prod.pictures.autoscout24.net/listing-images/6db2bfa0-6437-4fd2-b8b7-b9a38728496c_93474fb5-fd6e-40d0-a07b-6b4d4bc65abf.jpg/250x188.webp https://prod.pictures.autoscout24.net/listing-images/6db2bfa0-6437-4fd2-b8b7-b9a38728496c_fbe4cc48-0243-4e4a-9e29-484cdcc8ac13.jpg/250x188.webp https://prod.pictures.autoscout24.net/listing-images/6db2bfa0-6437-4fd2-b8b7-b9a38728496c_d5dda01f-8e04-4f00-8466-34e7c00bc250.jpg/250x188.webp,96.36831757641986,2185
9d975d73-841a-4254-931b-4c69b7a5b1d0,Volvo,V90,2.0 T6 Recharge Geartr. Inscription LEDER/CUIR LED,Dealer,28490,2,99059,08-2021,2630,https://prod.pictures.autoscout24.net/listing-images/9d975d73-841a-4254-931b-4c69b7a5b1d0_987e2a61-bc1d-4624-9ea3-c4bcfd31b7b6.jpg/250x188.webp https://prod.pictures.autoscout24.net/listing-images/9d975d73-841a-4254-931b-4c69b7a5b1d0_90717146-682b-40d0-9854-575543d82ae9.jpg/250x188.webp https://prod.pictures.autoscout24.net/listing-images/9d975d73-841a-4254-931b-4c69b7a5b1d0_2264c908-0d32-4a76-aa54-a7f7bb168f6d.jpg/250x188.webp https://prod.pictures.autoscout24.net/listing-images/9d975d73-841a-4254-931b-4c69b7a5b1d0_24c3e395-bf42-4912-a3ff-cf74f94acae6.jpg/250x188.webp https://prod.pictures.autoscout24.net/listing-images/9d975d73-841a-4254-931b-4c69b7a5b1d0_be28f500-9384-42f3-8492-7fd346580033.jpg/250x188.webp https://prod.pictures.autoscout24.net/listing-images/9d975d73-841a-4254-931b-4c69b7a5b1d0_eb1e4902-3c08-4966-ab4f-b82093d7a67d.jpg/250x188.webp https://prod.pictures.autoscout24.net/listing-images/9d975d73-841a-4254-931b-4c69b7a5b1d0_a5f69dcb-13a6-4d4f-a813-2aecd872bd7d.jpg/250x188.webp https://prod.pictures.autoscout24.net/listing-images/9d975d73-841a-4254-931b-4c69b7a5b1d0_1304a396-aa1b-4e17-93e3-de01ef8f794d.jpg/250x188.webp https://prod.pictures.autoscout24.net/listing-images/9d975d73-841a-4254-931b-4c69b7a5b1d0_8987c042-cb47-4c54-9336-1ebe2f648db9.jpg/250x188.webp https://prod.pictures.autoscout24.net/listing-images/9d975d73-841a-4254-931b-4c69b7a5b1d0_aa9d38f9-4440-4b1c-965b-d5596fa9d5ef.jpg/250x188.webp https://prod.pictures.autoscout24.net/listing-images/9d975d73-841a-4254-931b-4c69b7a5b1d0_db4f810b-5d33-4ce6-85e3-7fbe29ddad45.jpg/250x188.webp https://prod.pictures.autoscout24.net/listing-images/9d975d73-841a-4254-931b-4c69b7a5b1d0_ddf1c011-c90e-42ca-9938-407799d75e83.jpg/250x188.webp https://prod.pictures.autoscout24.net/listing-images/9d975d73-841a-4254-931b-4c69b7a5b1d0_3862c8c5-29da-4d4d-83ee-8eef9781f824.jpg/250x188.webp https://prod.pictures.autoscout24.net/listing-images/9d975d73-841a-4254-931b-4c69b7a5b1d0_530a0e14-9582-4397-b0b8-cd267fcec291.jpg/250x188.webp https://prod.pictures.autoscout24.net/listing-images/9d975d73-841a-4254-931b-4c69b7a5b1d0_3c6dc24e-b57d-4452-b988-c06ffc96fbfa.jpg/250x188.webp https://prod.pictures.autoscout24.net/listing-images/9d975d73-841a-4254-931b-4c69b7a5b1d0_0ec103fc-8f31-42c2-83c9-db0886411cb3.jpg/250x188.webp https://prod.pictures.autoscout24.net/listing-images/9d975d73-841a-4254-931b-4c69b7a5b1d0_48e66226-2af9-4730-a4ab-a97cd1dee748.jpg/250x188.webp https://prod.pictures.autoscout24.net/listing-images/9d975d73-841a-4254-931b-4c69b7a5b1d0_70c3c26d-1187-4ed0-b2bb-da79b513bafc.jpg/250x188.webp https://prod.pictures.autoscout24.net/listing-images/9d975d73-841a-4254-931b-4c69b7a5b1d0_fdfc6227-7bae-48a8-b43f-8c18bc4ac7ed.jpg/250x188.webp https://prod.pictures.autoscout24.net/listing-images/9d975d73-841a-4254-931b-4c69b7a5b1d0_ef16e7c3-ba6c-4941-ba52-d7eae45883b4.jpg/250x188.webp https://prod.pictures.autoscout24.net/listing-images/9d975d73-841a-4254-931b-4c69b7a5b1d0_53ccd936-c7dc-4206-b839-1e8265ed9f27.jpg/250x188.webp https://prod.pictures.autoscout24.net/listing-images/9d975d73-841a-4254-931b-4c69b7a5b1d0_7975fa96-41c5-4ada-934f-7b154dc316d6.jpg/250x188.webp https://prod.pictures.autoscout24.net/listing-images/9d975d73-841a-4254-931b-4c69b7a5b1d0_c2fc9997-92fb-4676-ae0b-e2df5b28d6b6.jpg/250x188.webp https://prod.pictures.autoscout24.net/listing-images/9d975d73-841a-4254-931b-4c69b7a5b1d0_bdebe8a6-5b06-49fb-a2b3-a4420a2486aa.jpg/250x188.webp https://prod.pictures.autoscout24.net/listing-images/9d975d73-841a-4254-931b-4c69b7a5b1d0_3f035c11-84c4-4e85-af08-593c3da83fb3.jpg/250x188.webp https://prod.pictures.autoscout24.net/listing-images/9d975d73-841a-4254-931b-4c69b7a5b1d0_5b6773ba-153e-426a-bcd2-573542e44395.jpg/250x188.webp https://prod.pictures.autoscout24.net/listing-images/9d975d73-841a-4254-931b-4c69b7a5b1d0_33f77a05-e9f1-4621-b4af-ae412e566c2e.jpg/250x188.webp https://prod.pictures.autoscout24.net/listing-images/9d975d73-841a-4254-931b-4c69b7a5b1d0_37f69366-f939-4f19-a38b-4a0c724c7764.jpg/250x188.webp https://prod.pictures.autoscout24.net/listing-images/9d975d73-841a-4254-931b-4c69b7a5b1d0_d2608d8c-86eb-482c-8aca-7c8a89ebbae0.jpg/250x188.webp https://prod.pictures.autoscout24.net/listing-images/9d975d73-841a-4254-931b-4c69b7a5b1d0_beddda7c-ba1e-447a-8ce8-55d74e574881.jpg/250x188.webp https://prod.pictures.autoscout24.net/listing-images/9d975d73-841a-4254-931b-4c69b7a5b1d0_8b1cf65f-11d6-4cc3-8735-eef815279aee.jpg/250x188.webp https://prod.pictures.autoscout24.net/listing-images/9d975d73-841a-4254-931b-4c69b7a5b1d0_42067c53-bd84-475d-a0fd-ad857851237e.jpg/250x188.webp https://prod.pictures.autoscout24.net/listing-images/9d975d73-841a-4254-931b-4c69b7a5b1d0_8e42e088-a673-4052-bbfd-072be0bf0d6f.jpg/250x188.webp https://prod.pictures.autoscout24.net/listing-images/9d975d73-841a-4254-931b-4c69b7a5b1d0_acb7b03e-b56a-41f5-baf7-8267740b769b.jpg/250x188.webp https://prod.pictures.autoscout24.net/listing-images/9d975d73-841a-4254-931b-4c69b7a5b1d0_45e71d7c-8266-472b-b747-b272580df707.jpg/250x188.webp,37.55427282853161,1667
ba02e5d3-106d-44fc-92ae-1aa91f6a1c25,Volvo,XC40,1.5 T2 Plus Dark Design Geartronic & Harman-K,Dealer,28750,b,52321,11-2022,4621,https://prod.pictures.autoscout24.net/listing-images/ba02e5d3-106d-44fc-92ae-1aa91f6a1c25_e752d9fd-5459-4ed7-98ba-62cd2ce3fd2f.jpg/250x188.webp https://prod.pictures.autoscout24.net/listing-images/ba02e5d3-106d-44fc-92ae-1aa91f6a1c25_3c3c5729-44d1-4c48-bcf7-3b12806079da.jpg/250x188.webp https://prod.pictures.autoscout24.net/listing-images/ba02e5d3-106d-44fc-92ae-1aa91f6a1c25_219d17df-47fb-4e52-8a55-53b6e243841f.jpg/250x188.webp https://prod.pictures.autoscout24.net/listing-images/ba02e5d3-106d-44fc-92ae-1aa91f6a1c25_4b5ca4fd-3687-4727-a59d-bc7cea4b46c5.jpg/250x188.webp https://prod.pictures.autoscout24.net/listing-images/ba02e5d3-106d-44fc-92ae-1aa91f6a1c25_a1bd8df9-f64a-41ca-a279-c23aca9bbeb2.jpg/250x188.webp https://prod.pictures.autoscout24.net/listing-images/ba02e5d3-106d-44fc-92ae-1aa91f6a1c25_a3bbf09b-2041-43fb-b3b1-50576ccb5f33.jpg/250x188.webp https://prod.pictures.autoscout24.net/listing-images/ba02e5d3-106d-44fc-92ae-1aa91f6a1c25_ad89813a-dc4d-414f-9bb6-230e6641c945.jpg/250x188.webp https://prod.pictures.autoscout24.net/listing-images/ba02e5d3-106d-44fc-92ae-1aa91f6a1c25_22dc26ab-a0a4-49c9-8d1c-abc85f7ec089.jpg/250x188.webp https://prod.pictures.autoscout24.net/listing-images/ba02e5d3-106d-44fc-92ae-1aa91f6a1c25_73f2d4b0-1fd7-4d7b-bc12-740c299e1e4c.jpg/250x188.webp https://prod.pictures.autoscout24.net/listing-images/ba02e5d3-106d-44fc-92ae-1aa91f6a1c25_8119aea7-816f-4de4-9925-712cea51d678.jpg/250x188.webp https://prod.pictures.autoscout24.net/listing-images/ba02e5d3-106d-44fc-92ae-1aa91f6a1c25_67344e73-a96c-4a81-aa9c-6ecd240feb91.jpg/250x188.webp https://prod.pictures.autoscout24.net/listing-images/ba02e5d3-106d-44fc-92ae-1aa91f6a1c25_b4ee04ed-66ef-44d4-8fad-c15c0e1498ec.jpg/250x188.webp https://prod.pictures.autoscout24.net/listing-images/ba02e5d3-106d-44fc-92ae-1aa91f6a1c25_030e71a8-20c3-409a-b3f9-959d5c634b2b.jpg/250x188.webp https://prod.pictures.autoscout24.net/listing-images/ba02e5d3-106d-44fc-92ae-1aa91f6a1c25_4fded0e4-efb5-4b21-80b1-d69e4657d094.jpg/250x188.webp https://prod.pictures.autoscout24.net/listing-images/ba02e5d3-106d-44fc-92ae-1aa91f6a1c25_e3e804c6-566f-4d2e-b3cd-5e2ab412e881.jpg/250x188.webp https://prod.pictures.autoscout24.net/listing-images/ba02e5d3-106d-44fc-92ae-1aa91f6a1c25_7bc03b64-2187-4fda-8cbc-b65fbc79c239.jpg/250x188.webp https://prod.pictures.autoscout24.net/listing-images/ba02e5d3-106d-44fc-92ae-1aa91f6a1c25_7d0adaff-0bad-4a22-a95c-32a2ebe33c5e.jpg/250x188.webp https://prod.pictures.autoscout24.net/listing-images/ba02e5d3-106d-44fc-92ae-1aa91f6a1c25_c95a1a13-fcf7-4b4c-8a20-153067477407.jpg/250x188.webp https://prod.pictures.autoscout24.net/listing-images/ba02e5d3-106d-44fc-92ae-1aa91f6a1c25_3c25fcbe-ece2-4001-ba67-f4d5c71368fa.jpg/250x188.webp https://prod.pictures.autoscout24.net/listing-images/ba02e5d3-106d-44fc-92ae-1aa91f6a1c25_f5ca3c66-9095-4e2c-9b9d-a90e932a98e9.jpg/250x188.webp https://prod.pictures.autoscout24.net/listing-images/ba02e5d3-106d-44fc-92ae-1aa91f6a1c25_28f61a71-de69-43d4-9e0b-3311cba789d5.jpg/250x188.webp https://prod.pictures.autoscout24.net/listing-images/ba02e5d3-106d-44fc-92ae-1aa91f6a1c25_ffdee6e3-db0b-417c-8416-b10be2adbba7.jpg/250x188.webp https://prod.pictures.autoscout24.net/listing-images/ba02e5d3-106d-44fc-92ae-1aa91f6a1c25_bae72695-580f-44eb-9784-3a1a74156d63.jpg/250x188.webp https://prod.pictures.autoscout24.net/listing-images/ba02e5d3-106d-44fc-92ae-1aa91f6a1c25_dd0399e0-1181-46c4-813e-b960cd1deb1d.jpg/250x188.webp https://prod.pictures.autoscout24.net/listing-images/ba02e5d3-106d-44fc-92ae-1aa91f6a1c25_bd7c68ee-5b68-4546-b55c-c870056c94f6.jpg/250x188.webp https://prod.pictures.autoscout24.net/listing-images/ba02e5d3-106d-44fc-92ae-1aa91f6a1c25_210b6ee0-bcda-4e2a-a5b6-e09cf7e8e06e.jpg/250x188.webp https://prod.pictures.autoscout24.net/listing-images/ba02e5d3-106d-44fc-92ae-1aa91f6a1c25_784e32d0-9dc5-4061-b53f-afafab6bddd4.jpg/250x188.webp https://prod.pictures.autoscout24.net/listing-images/ba02e5d3-106d-44fc-92ae-1aa91f6a1c25_65689d51-93f3-4801-8b98-77cca6f771b0.jpg/250x188.webp https://prod.pictures.autoscout24.net/listing-images/ba02e5d3-106d-44fc-92ae-1aa91f6a1c25_74c06c99-1e7b-4bcb-b45b-bd3d986cabd1.jpg/250x188.webp https://prod.pictures.autoscout24.net/listing-images/ba02e5d3-106d-44fc-92ae-1aa91f6a1c25_614c9775-c8c7-46e2-82f5-47d3d51c0d51.jpg/250x188.webp https://prod.pictures.autoscout24.net/listing-images/ba02e5d3-106d-44fc-92ae-1aa91f6a1c25_9733b15a-19a9-4cbe-b6d0-d5312b5a104b.jpg/250x188.webp https://prod.pictures.autoscout24.net/listing-images/ba02e5d3-106d-44fc-92ae-1aa91f6a1c25_92ca636f-499f-4e2e-a1d4-ca3361231c43.jpg/250x188.webp https://prod.pictures.autoscout24.net/listing-images/ba02e5d3-106d-44fc-92ae-1aa91f6a1c25_b7c194ba-f242-4d4f-a30a-a49166580e53.jpg/250x188.webp https://prod.pictures.autoscout24.net/listing-images/ba02e5d3-106d-44fc-92ae-1aa91f6a1c25_bdac5073-ceaf-4ad9-bdf8-deef14ac2c73.jpg/250x188.webp https://prod.pictures.autoscout24.net/listing-images/ba02e5d3-106d-44fc-92ae-1aa91f6a1c25_ebcb9eba-e1fe-4fca-89c6-b65884159013.jpg/250x188.webp https://prod.pictures.autoscout24.net/listing-images/ba02e5d3-106d-44fc-92ae-1aa91f6a1c25_5f944fa9-8880-4bf4-b732-4b7b03221d05.jpg/250x188.webp https://prod.pictures.autoscout24.net/listing-images/ba02e5d3-106d-44fc-92ae-1aa91f6a1c25_db61dc67-e293-48fb-b4cc-3f5c6af3afe8.jpg/250x188.webp https://prod.pictures.autoscout24.net/listing-images/ba02e5d3-106d-44fc-92ae-1aa91f6a1c25_27ffd871-5ee9-429e-87d8-dcc79aabe651.jpg/250x188.webp https://prod.pictures.autoscout24.net/listing-images/ba02e5d3-106d-44fc-92ae-1aa91f6a1c25_8a333cf1-c3f0-49de-a059-5f24f5060f8c.jpg/250x188.webp https://prod.pictures.autoscout24.net/listing-images/ba02e5d3-106d-44fc-92ae-1aa91f6a1c25_5b7e5745-3a0a-4c80-a8a1-8725c3eeb701.jpg/250x188.webp,126.67391998952026,1210
e1a1ef55-5876-4b7a-bc1d-5e5c95276396,Volvo,XC40,T5 Recharge R Design + PANO DAK/TREKHAAK,Dealer,28900,2,52906,07-2020,2800,https://prod.pictures.autoscout24.net/listing-images/e1a1ef55-5876-4b7a-bc1d-5e5c95276396_5aaba56a-e1b2-44fe-abdc-b6779729cf17.jpg/250x188.webp https://prod.pictures.autoscout24.net/listing-images/e1a1ef55-5876-4b7a-bc1d-5e5c95276396_0de1daf3-3e81-456e-8c45-5b93805484cb.jpg/250x188.webp https://prod.pictures.autoscout24.net/listing-images/e1a1ef55-5876-4b7a-bc1d-5e5c95276396_5da59c7a-80ea-4342-8a59-df8137799ff8.jpg/250x188.webp https://prod.pictures.autoscout24.net/listing-images/e1a1ef55-5876-4b7a-bc1d-5e5c95276396_3053feea-4e90-4e12-b6f6-c17b0f8a6fec.jpg/250x188.webp https://prod.pictures.autoscout24.net/listing-images/e1a1ef55-5876-4b7a-bc1d-5e5c95276396_f2237bb6-a9fa-4c8c-8189-9e2a8d7c8de5.jpg/250x188.webp https://prod.pictures.autoscout24.net/listing-images/e1a1ef55-5876-4b7a-bc1d-5e5c95276396_d756995a-5f29-4d0a-bae1-a3ec61d59299.jpg/250x188.webp https://prod.pictures.autoscout24.net/listing-images/e1a1ef55-5876-4b7a-bc1d-5e5c95276396_6f1db554-444a-4654-a09f-0544483da022.jpg/250x188.webp https://prod.pictures.autoscout24.net/listing-images/e1a1ef55-5876-4b7a-bc1d-5e5c95276396_8906b395-a3c2-461c-8025-cfac7b2eb1d6.jpg/250x188.webp https://prod.pictures.autoscout24.net/listing-images/e1a1ef55-5876-4b7a-bc1d-5e5c95276396_e54c9ddf-69be-4ca2-bd86-4e957e91f090.jpg/250x188.webp https://prod.pictures.autoscout24.net/listing-images/e1a1ef55-5876-4b7a-bc1d-5e5c95276396_46ccbd42-cef5-416e-864d-37ece53585c1.jpg/250x188.webp https://prod.pictures.autoscout24.net/listing-images/e1a1ef55-5876-4b7a-bc1d-5e5c95276396_ecafdbd4-667c-4f38-838c-b83825fa4a9a.jpg/250x188.webp https://prod.pictures.autoscout24.net/listing-images/e1a1ef55-5876-4b7a-bc1d-5e5c95276396_9459023b-fd2f-4f6c-b0a9-63eb674759ef.jpg/250x188.webp https://prod.pictures.autoscout24.net/listing-images/e1a1ef55-5876-4b7a-bc1d-5e5c95276396_099848b5-6a70-4564-b1eb-83f815cc6048.jpg/250x188.webp https://prod.pictures.autoscout24.net/listing-images/e1a1ef55-5876-4b7a-bc1d-5e5c95276396_30c656bc-bdc1-487a-8588-0425eda116c7.jpg/250x188.webp,46.86877944970925,2063
38b1a196-6d7e-4a3c-88fe-55c914d5628e,Volvo,XC40,T5 Recharge Inscription plug-in hybride,Dealer,25950,2,42400,10-2020,2880,https://prod.pictures.autoscout24.net/listing-images/38b1a196-6d7e-4a3c-88fe-55c914d5628e_ad0aef6d-fe78-4eaa-a805-02f1326ff5c0.jpg/250x188.webp https://prod.pictures.autoscout24.net/listing-images/38b1a196-6d7e-4a3c-88fe-55c914d5628e_66e98518-4aaa-466d-b519-960fd2a6ec3f.jpg/250x188.webp https://prod.pictures.autoscout24.net/listing-images/38b1a196-6d7e-4a3c-88fe-55c914d5628e_0444a162-6c73-40f3-a384-07769388bf39.jpg/250x188.webp https://prod.pictures.autoscout24.net/listing-images/38b1a196-6d7e-4a3c-88fe-55c914d5628e_bd5a9d91-7b38-44eb-a515-7a505a75afd3.jpg/250x188.webp https://prod.pictures.autoscout24.net/listing-images/38b1a196-6d7e-4a3c-88fe-55c914d5628e_38d50253-e1b1-4c0d-8c86-67cdb3066da3.jpg/250x188.webp https://prod.pictures.autoscout24.net/listing-images/38b1a196-6d7e-4a3c-88fe-55c914d5628e_1ba85da2-1567-47d3-9fb1-ae8d875db33e.jpg/250x188.webp https://prod.pictures.autoscout24.net/listing-images/38b1a196-6d7e-4a3c-88fe-55c914d5628e_f06105cd-0f62-40c0-b923-b820bae0c75a.jpg/250x188.webp https://prod.pictures.autoscout24.net/listing-images/38b1a196-6d7e-4a3c-88fe-55c914d5628e_d343edf6-1709-43a0-b40d-4d4e9a3bc340.jpg/250x188.webp https://prod.pictures.autoscout24.net/listing-images/38b1a196-6d7e-4a3c-88fe-55c914d5628e_f4b987c0-6b82-407f-800e-95b99ab31b1a.jpg/250x188.webp https://prod.pictures.autoscout24.net/listing-images/38b1a196-6d7e-4a3c-88fe-55c914d5628e_27728c70-ff40-4fcb-bd7d-f2243146fe1d.jpg/250x188.webp https://prod.pictures.autoscout24.net/listing-images/38b1a196-6d7e-4a3c-88fe-55c914d5628e_18eb3797-945c-4082-a4f1-3144eb7bc02b.jpg/250x188.webp https://prod.pictures.autoscout24.net/listing-images/38b1a196-6d7e-4a3c-88fe-55c914d5628e_68ab50e0-a1b7-458d-9bba-1d2b64591718.jpg/250x188.webp https://prod.pictures.autoscout24.net/listing-images/38b1a196-6d7e-4a3c-88fe-55c914d5628e_f64ed3ff-77bf-41e3-b77e-44eb325a78cb.jpg/250x188.webp https://prod.pictures.autoscout24.net/listing-images/38b1a196-6d7e-4a3c-88fe-55c914d5628e_d0166e03-6ed6-4176-851c-7416913f75d4.jpg/250x188.webp https://prod.pictures.autoscout24.net/listing-images/38b1a196-6d7e-4a3c-88fe-55c914d5628e_b2accee9-6c01-45bd-ab3e-25cdb2802734.jpg/250x188.webp https://prod.pictures.autoscout24.net/listing-images/38b1a196-6d7e-4a3c-88fe-55c914d5628e_e821d771-de29-46e8-9c5f-16cab7c5f242.jpg/250x188.webp https://prod.pictures.autoscout24.net/listing-images/38b1a196-6d7e-4a3c-88fe-55c914d5628e_6a5a6c15-11d1-4612-b1eb-a90e5ed5b3a1.jpg/250x188.webp https://prod.pictures.autoscout24.net/listing-images/38b1a196-6d7e-4a3c-88fe-55c914d5628e_86844fe1-4773-47c9-814d-38a755ae01f1.jpg/250x188.webp https://prod.pictures.autoscout24.net/listing-images/38b1a196-6d7e-4a3c-88fe-55c914d5628e_246282a5-de8b-4996-8975-5b535161d4de.jpg/250x188.webp https://prod.pictures.autoscout24.net/listing-images/38b1a196-6d7e-4a3c-88fe-55c914d5628e_db71c486-0e01-4003-bdc4-677f66bac54c.jpg/250x188.webp,45.11587043920601,1971
02272e24-3b98-4f88-862c-561dd2d2e490,Volvo,XC40,T5 plugIn Hybride - GPS - Leder - Topstaat! 1St...,Dealer,25990,2,88701,02-2020,9810,https://prod.pictures.autoscout24.net/listing-images/02272e24-3b98-4f88-862c-561dd2d2e490_379ffa4b-bf1b-44d3-b017-886615a688f3.jpg/250x188.webp https://prod.pictures.autoscout24.net/listing-images/02272e24-3b98-4f88-862c-561dd2d2e490_ef934f93-32cd-4f40-b3fc-f61e39300bb0.jpg/250x188.webp https://prod.pictures.autoscout24.net/listing-images/02272e24-3b98-4f88-862c-561dd2d2e490_906f4b6a-e11b-46d4-ae45-fb927b153dab.jpg/250x188.webp https://prod.pictures.autoscout24.net/listing-images/02272e24-3b98-4f88-862c-561dd2d2e490_c4dc2917-98f1-49be-81e1-880ba0ae0cd1.jpg/250x188.webp https://prod.pictures.autoscout24.net/listing-images/02272e24-3b98-4f88-862c-561dd2d2e490_06209489-7e78-4622-bc4b-87a7ee3e90e6.jpg/250x188.webp https://prod.pictures.autoscout24.net/listing-images/02272e24-3b98-4f88-862c-561dd2d2e490_a9bb5958-ab34-4d11-86eb-07b0805ac46c.jpg/250x188.webp https://prod.pictures.autoscout24.net/listing-images/02272e24-3b98-4f88-862c-561dd2d2e490_85aaa6e2-b631-4d6b-afd9-d44914136ea7.jpg/250x188.webp https://prod.pictures.autoscout24.net/listing-images/02272e24-3b98-4f88-862c-561dd2d2e490_4a4eb9f9-7e89-4d1b-bd4d-5e36769196f4.jpg/250x188.webp https://prod.pictures.autoscout24.net/listing-images/02272e24-3b98-4f88-862c-561dd2d2e490_f40f23aa-b7d1-45c6-9cd2-0e756dae8b58.jpg/250x188.webp https://prod.pictures.autoscout24.net/listing-images/02272e24-3b98-4f88-862c-561dd2d2e490_f65394d4-189d-4910-829b-ab2a27b2fd44.jpg/250x188.webp https://prod.pictures.autoscout24.net/listing-images/02272e24-3b98-4f88-862c-561dd2d2e490_e2c1dc73-363c-4bb4-98fa-c308f7022fdf.jpg/250x188.webp https://prod.pictures.autoscout24.net/listing-images/02272e24-3b98-4f88-862c-561dd2d2e490_44285f2a-c9a3-4473-bc88-2cc6336c01ce.jpg/250x188.webp https://prod.pictures.autoscout24.net/listing-images/02272e24-3b98-4f88-862c-561dd2d2e490_be56bd45-0262-4af7-9497-fdbefb444553.jpg/250x188.webp https://prod.pictures.autoscout24.net/listing-images/02272e24-3b98-4f88-862c-561dd2d2e490_5b2d1713-d861-4206-91b2-effb611dbf1e.jpg/250x188.webp https://prod.pictures.autoscout24.net/listing-images/02272e24-3b98-4f88-862c-561dd2d2e490_0c2f116e-4faa-4596-ab3a-5f4f4d69c17a.jpg/250x188.webp https://prod.pictures.autoscout24.net/listing-images/02272e24-3b98-4f88-862c-561dd2d2e490_2dda3679-40ac-413b-820d-19b47e776353.jpg/250x188.webp https://prod.pictures.autoscout24.net/listing-images/02272e24-3b98-4f88-862c-561dd2d2e490_a913c272-cfeb-493d-adba-7f6d47aad67b.jpg/250x188.webp https://prod.pictures.autoscout24.net/listing-images/02272e24-3b98-4f88-862c-561dd2d2e490_95e6abdf-4ed2-4ff9-9297-18ca5e44ec9b.jpg/250x188.webp https://prod.pictures.autoscout24.net/listing-images/02272e24-3b98-4f88-862c-561dd2d2e490_65c81c4d-ad87-4a50-9a5d-71ca22a44c69.jpg/250x188.webp https://prod.pictures.autoscout24.net/listing-images/02272e24-3b98-4f88-862c-561dd2d2e490_0dde5389-d1a8-455a-be8d-770bf3b6b2a5.jpg/250x188.webp https://prod.pictures.autoscout24.net/listing-images/02272e24-3b98-4f88-862c-561dd2d2e490_f721dc90-a5db-4f2f-9edc-f870c880bc00.jpg/250x188.webp https://prod.pictures.autoscout24.net/listing-images/02272e24-3b98-4f88-862c-561dd2d2e490_f7f16339-f9ed-4311-bf50-ff69c361accf.jpg/250x188.webp https://prod.pictures.autoscout24.net/listing-images/02272e24-3b98-4f88-862c-561dd2d2e490_64a01538-9049-446e-9a2a-1a8d930390ba.jpg/250x188.webp https://prod.pictures.autoscout24.net/listing-images/02272e24-3b98-4f88-862c-561dd2d2e490_79e66ddf-91cd-4f62-b006-6989b341dde4.jpg/250x188.webp https://prod.pictures.autoscout24.net/listing-images/02272e24-3b98-4f88-862c-561dd2d2e490_2828d6cb-0210-4718-a9e0-3111f54a2b12.jpg/250x188.webp https://prod.pictures.autoscout24.net/listing-images/02272e24-3b98-4f88-862c-561dd2d2e490_0516fb09-7fe6-4bca-be31-1017d2a8cec7.jpg/250x188.webp https://prod.pictures.autoscout24.net/listing-images/02272e24-3b98-4f88-862c-561dd2d2e490_0e45d704-eb2e-432c-aa45-f3f2a4a2a719.jpg/250x188.webp https://prod.pictures.autoscout24.net/listing-images/02272e24-3b98-4f88-862c-561dd2d2e490_bc0719ec-1ffe-48d2-b3ea-feac7701eb1f.jpg/250x188.webp,79.00473256506463,2214
31e7deab-af57-4891-a828-9e903fc40e7a,Volvo,V60,V60 2.0 T6 AWD PHEV Inscription-Nav-PDC-Garantie,Dealer,25999,2,64782,08-2021,3600,https://prod.pictures.autoscout24.net/listing-images/31e7deab-af57-4891-a828-9e903fc40e7a_9b6b7820-4cb2-4517-8653-4b1fd1b44cf7.jpg/250x188.webp https://prod.pictures.autoscout24.net/listing-images/31e7deab-af57-4891-a828-9e903fc40e7a_8490eb6a-e41c-4ac7-9a84-cf12440eca44.jpg/250x188.webp https://prod.pictures.autoscout24.net/listing-images/31e7deab-af57-4891-a828-9e903fc40e7a_c8ef1118-b1d5-4e4e-aca0-7e874a60cfca.jpg/250x188.webp https://prod.pictures.autoscout24.net/listing-images/31e7deab-af57-4891-a828-9e903fc40e7a_66a542bd-c416-4c3c-a3b5-8ca6f61f0acb.jpg/250x188.webp https://prod.pictures.autoscout24.net/listing-images/31e7deab-af57-4891-a828-9e903fc40e7a_5c458e47-855a-4460-8bcd-54ca91b118d8.jpg/250x188.webp https://prod.pictures.autoscout24.net/listing-images/31e7deab-af57-4891-a828-9e903fc40e7a_378d34ed-ea5e-45fc-83a7-15473b6cb199.jpg/250x188.webp https://prod.pictures.autoscout24.net/listing-images/31e7deab-af57-4891-a828-9e903fc40e7a_98e05f30-d053-4d3b-a148-e91abc7a7149.jpg/250x188.webp https://prod.pictures.autoscout24.net/listing-images/31e7deab-af57-4891-a828-9e903fc40e7a_063a5f9a-af9e-4a63-bbca-41e817e6aed9.jpg/250x188.webp https://prod.pictures.autoscout24.net/listing-images/31e7deab-af57-4891-a828-9e903fc40e7a_ada2f092-bf15-4379-9c37-54f528df2861.jpg/250x188.webp https://prod.pictures.autoscout24.net/listing-images/31e7deab-af57-4891-a828-9e903fc40e7a_dd699f53-4222-4a25-aed5-cedd38f9c431.jpg/250x188.webp https://prod.pictures.autoscout24.net/listing-images/31e7deab-af57-4891-a828-9e903fc40e7a_64936a88-0c77-4311-b7ed-a03b4413529e.jpg/250x188.webp https://prod.pictures.autoscout24.net/listing-images/31e7deab-af57-4891-a828-9e903fc40e7a_c0f3073f-e9f2-4d9f-9af8-2c5118ed3a79.jpg/250x188.webp https://prod.pictures.autoscout24.net/listing-images/31e7deab-af57-4891-a828-9e903fc40e7a_6bffbdac-c162-4cb5-86f8-633093a63a81.jpg/250x188.webp,91.05707630102727,1667
a8146d56-1254-45ec-ac5a-1caad20771f1,Volvo,XC40,XC40 1.5 T2 R-Design Geartronic,Dealer,25999,b,53000,07-2021,6990,https://prod.pictures.autoscout24.net/listing-images/a8146d56-1254-45ec-ac5a-1caad20771f1_11ce07d6-c92d-4147-a7df-7ec4ba2a15f5.jpg/250x188.webp https://prod.pictures.autoscout24.net/listing-images/a8146d56-1254-45ec-ac5a-1caad20771f1_f52cd940-1431-47c2-820b-c4af10a481b1.jpg/250x188.webp https://prod.pictures.autoscout24.net/listing-images/a8146d56-1254-45ec-ac5a-1caad20771f1_79557ce3-59ed-4ffb-926f-4d78e749558b.jpg/250x188.webp https://prod.pictures.autoscout24.net/listing-images/a8146d56-1254-45ec-ac5a-1caad20771f1_b16c7ee9-eb9b-4c2d-a117-2eae786003b6.jpg/250x188.webp https://prod.pictures.autoscout24.net/listing-images/a8146d56-1254-45ec-ac5a-1caad20771f1_57b1d5bb-bdeb-4079-8675-b133cd48fff5.jpg/250x188.webp https://prod.pictures.autoscout24.net/listing-images/a8146d56-1254-45ec-ac5a-1caad20771f1_84fe8d01-6c23-4a68-8e23-60cd8e272851.jpg/250x188.webp https://prod.pictures.autoscout24.net/listing-images/a8146d56-1254-45ec-ac5a-1caad20771f1_00e599a7-6386-4440-ba20-91d5cfc911e9.jpg/250x188.webp https://prod.pictures.autoscout24.net/listing-images/a8146d56-1254-45ec-ac5a-1caad20771f1_38857570-7e91-4fde-9988-6ef06c0f8da8.jpg/250x188.webp https://prod.pictures.autoscout24.net/listing-images/a8146d56-1254-45ec-ac5a-1caad20771f1_403a5db6-c2a0-4417-8ef5-e7d1da184d57.jpg/250x188.webp https://prod.pictures.autoscout24.net/listing-images/a8146d56-1254-45ec-ac5a-1caad20771f1_8c63083f-128c-4c47-b988-814e806cc2c7.jpg/250x188.webp https://prod.pictures.autoscout24.net/listing-images/a8146d56-1254-45ec-ac5a-1caad20771f1_ffc0dc2f-cada-496b-84f6-1048736b42f7.jpg/250x188.webp https://prod.pictures.autoscout24.net/listing-images/a8146d56-1254-45ec-ac5a-1caad20771f1_e38eb9ec-b3d4-4390-9abe-f562c3dc2070.jpg/250x188.webp https://prod.pictures.autoscout24.net/listing-images/a8146d56-1254-45ec-ac5a-1caad20771f1_563cdad4-7cdf-4789-9a99-260c02373e67.jpg/250x188.webp https://prod.pictures.autoscout24.net/listing-images/a8146d56-1254-45ec-ac5a-1caad20771f1_8002b341-8bc8-4de1-992e-5337987f6230.jpg/250x188.webp https://prod.pictures.autoscout24.net/listing-images/a8146d56-1254-45ec-ac5a-1caad20771f1_7554af20-0b1a-4560-bcbc-e61b541293dd.jpg/250x188.webp https://prod.pictures.autoscout24.net/listing-images/a8146d56-1254-45ec-ac5a-1caad20771f1_6202c554-e1e9-4f4e-9f2e-6f2ce6a8ffe4.jpg/250x188.webp https://prod.pictures.autoscout24.net/listing-images/a8146d56-1254-45ec-ac5a-1caad20771f1_af999dba-c20f-4dae-8a3e-8b736c792fec.jpg/250x188.webp https://prod.pictures.autoscout24.net/listing-images/a8146d56-1254-45ec-ac5a-1caad20771f1_8bbe1494-8cc4-4ca1-9535-14742be83c9e.jpg/250x188.webp https://prod.pictures.autoscout24.net/listing-images/a8146d56-1254-45ec-ac5a-1caad20771f1_8488122c-4288-47a8-aaed-3edbc5584a9e.jpg/250x188.webp,150.04302839581973,1698
b6a8ab81-1758-44d4-b803-731ef7b58d87,Volvo,XC40,XC40 1.5 T4 PHEV Inscription,PrivateSeller,26000,2,69000,06-2021,8530,https://prod.pictures.autoscout24.net/listing-images/b6a8ab81-1758-44d4-b803-731ef7b58d87_7830602a-d299-4449-8c96-243c76a0531c.jpg/250x188.webp https://prod.pictures.autoscout24.net/listing-images/b6a8ab81-1758-44d4-b803-731ef7b58d87_3a50c776-6e63-48d4-a5b5-b67a243213a8.jpg/250x188.webp https://prod.pictures.autoscout24.net/listing-images/b6a8ab81-1758-44d4-b803-731ef7b58d87_93b1b863-5cd2-4ad4-9f8d-5a8274d32959.jpg/250x188.webp https://prod.pictures.autoscout24.net/listing-images/b6a8ab81-1758-44d4-b803-731ef7b58d87_ef441045-c739-4212-b973-c5e6034fb54b.jpg/250x188.webp https://prod.pictures.autoscout24.net/listing-images/b6a8ab81-1758-44d4-b803-731ef7b58d87_b46f2db4-a290-4e84-b665-4fbb5f8c657d.jpg/250x188.webp https://prod.pictures.autoscout24.net/listing-images/b6a8ab81-1758-44d4-b803-731ef7b58d87_5f0d56b3-fb4e-4fe3-a374-5225c96a26ec.jpg/250x188.webp https://prod.pictures.autoscout24.net/listing-images/b6a8ab81-1758-44d4-b803-731ef7b58d87_e0e98e3f-9118-4e74-aa08-e0bdd508e906.jpg/250x188.webp https://prod.pictures.autoscout24.net/listing-images/b6a8ab81-1758-44d4-b803-731ef7b58d87_a96544fc-8081-46ac-aaae-9b3ba9d157ab.jpg/250x188.webp https://prod.pictures.autoscout24.net/listing-images/b6a8ab81-1758-44d4-b803-731ef7b58d87_316dfd48-f193-4ec8-8407-c3339809bb5e.jpg/250x188.webp https://prod.pictures.autoscout24.net/listing-images/b6a8ab81-1758-44d4-b803-731ef7b58d87_5435be7a-c6ef-4bf8-b96f-662a5f459fc7.jpg/250x188.webp https://prod.pictures.autoscout24.net/listing-images/b6a8ab81-1758-44d4-b803-731ef7b58d87_e7f98b86-de28-4744-a8f7-077c88db02b3.jpg/250x188.webp https://prod.pictures.autoscout24.net/listing-images/b6a8ab81-1758-44d4-b803-731ef7b58d87_f8993e3a-64f9-43a7-b887-1c5e136d9cbd.jpg/250x188.webp https://prod.pictures.autoscout24.net/listing-images/b6a8ab81-1758-44d4-b803-731ef7b58d87_bfbfa617-ba47-4bb7-8c0a-41e3a44be1b0.jpg/250x188.webp https://prod.pictures.autoscout24.net/listing-images/b6a8ab81-1758-44d4-b803-731ef7b58d87_20ce660b-475f-42df-8c40-fd0235cf60cb.jpg/250x188.webp https://prod.pictures.autoscout24.net/listing-images/b6a8ab81-1758-44d4-b803-731ef7b58d87_3e59f86d-71cc-4959-ba99-1a4e00c8e816.jpg/250x188.webp https://prod.pictures.autoscout24.net/listing-images/b6a8ab81-1758-44d4-b803-731ef7b58d87_ae0628b7-d829-4977-8ec1-b97ec332b75b.jpg/250x188.webp https://prod.pictures.autoscout24.net/listing-images/b6a8ab81-1758-44d4-b803-731ef7b58d87_c9e5f577-3f68-48b5-820a-548da39b1370.jpg/250x188.webp https://prod.pictures.autoscout24.net/listing-images/b6a8ab81-1758-44d4-b803-731ef7b58d87_bcd64128-0348-4bef-98e7-822d86fa6cc0.jpg/250x188.webp https://prod.pictures.autoscout24.net/listing-images/b6a8ab81-1758-44d4-b803-731ef7b58d87_fa037429-8097-4c75-9d58-0ad77b866ef2.jpg/250x188.webp https://prod.pictures.autoscout24.net/listing-images/b6a8ab81-1758-44d4-b803-731ef7b58d87_bcfeb256-9d67-44f9-9c04-71d04ad08689.jpg/250x188.webp,105.8653486907627,1728
cacdf239-e137-4881-9f15-88e0c9606d02,Volvo,XC40,T5 Recharge DKG RDesign,PrivateSeller,26000,2,84732,08-2020,5060,https://prod.pictures.autoscout24.net/listing-images/cacdf239-e137-4881-9f15-88e0c9606d02_c5a5d9f3-4576-4972-b0b5-df57c9bbbefa.jpg/250x188.webp https://prod.pictures.autoscout24.net/listing-images/cacdf239-e137-4881-9f15-88e0c9606d02_e9a23901-d677-4bc8-96db-2dc81fc9429a.jpg/250x188.webp https://prod.pictures.autoscout24.net/listing-images/cacdf239-e137-4881-9f15-88e0c9606d02_84ee31c5-f459-471e-8f38-ed812eaaf53f.jpg/250x188.webp https://prod.pictures.autoscout24.net/listing-images/cacdf239-e137-4881-9f15-88e0c9606d02_328acbee-876e-4389-b86e-cfe4d39067a0.jpg/250x188.webp https://prod.pictures.autoscout24.net/listing-images/cacdf239-e137-4881-9f15-88e0c9606d02_580f6406-6835-4018-be61-4a59dc655fe3.jpg/250x188.webp https://prod.pictures.autoscout24.net/listing-images/cacdf239-e137-4881-9f15-88e0c9606d02_43baf673-d62b-4eb1-919b-e4bf7e9a6ba5.jpg/250x188.webp https://prod.pictures.autoscout24.net/listing-images/cacdf239-e137-4881-9f15-88e0c9606d02_e800382a-b829-4a0f-8c5c-e08bbd172611.jpg/250x188.webp https://prod.pictures.autoscout24.net/listing-images/cacdf239-e137-4881-9f15-88e0c9606d02_ef6359d1-c7aa-4bbc-8af0-0b62caa9e8a4.jpg/250x188.webp https://prod.pictures.autoscout24.net/listing-images/cacdf239-e137-4881-9f15-88e0c9606d02_846d5b3e-49c8-4a91-bb2b-c99c98e37b40.jpg/250x188.webp https://prod.pictures.autoscout24.net/listing-images/cacdf239-e137-4881-9f15-88e0c9606d02_1ebdb6c5-288a-4696-962e-9d876fb21f21.jpg/250x188.webp https://prod.pictures.autoscout24.net/listing-images/cacdf239-e137-4881-9f15-88e0c9606d02_64569ce1-6e5e-48ad-8512-da7c475b34b4.jpg/250x188.webp https://prod.pictures.autoscout24.net/listing-images/cacdf239-e137-4881-9f15-88e0c9606d02_010f3c8f-1308-4bb8-bcba-fec64d697bbd.jpg/250x188.webp https://prod.pictures.autoscout24.net/listing-images/cacdf239-e137-4881-9f15-88e0c9606d02_cad2fe14-34db-46ae-9f46-85910b6dd72e.jpg/250x188.webp https://prod.pictures.autoscout24.net/listing-images/cacdf239-e137-4881-9f15-88e0c9606d02_2dd418af-ed68-41c1-bbbc-f9645255dad5.jpg/250x188.webp https://prod.pictures.autoscout24.net/listing-images/cacdf239-e137-4881-9f15-88e0c9606d02_a85f1461-b48c-46d7-9443-8355521f4946.jpg/250x188.webp https://prod.pictures.autoscout24.net/listing-images/cacdf239-e137-4881-9f15-88e0c9606d02_681e6991-01ea-48e9-b1d7-dcfe1e4dd73a.jpg/250x188.webp https://prod.pictures.autoscout24.net/listing-images/cacdf239-e137-4881-9f15-88e0c9606d02_f3f03d90-4c35-4626-b27d-0771e2789064.jpg/250x188.webp,114.31680982968588,2032
4fcc1623-50f6-4a83-92d5-cb9c367d3d83,Volvo,XC40,XC40 T4 Recharge  Expression T4 plug in hybride,PrivateSeller,26000,2,82597,08-2022,1780,https://prod.pictures.autoscout24.net/listing-images/4fcc1623-50f6-4a83-92d5-cb9c367d3d83_60dacb99-acea-4862-8ea7-ede0885e54e2.jpg/250x188.webp https://prod.pictures.autoscout24.net/listing-images/4fcc1623-50f6-4a83-92d5-cb9c367d3d83_007e65a3-0c0c-481e-8a57-1443cc3b9b37.jpg/250x188.webp https://prod.pictures.autoscout24.net/listing-images/4fcc1623-50f6-4a83-92d5-cb9c367d3d83_ded8b598-d8d4-4264-a3e1-50ae26589c9e.jpg/250x188.webp https://prod.pictures.autoscout24.net/listing-images/4fcc1623-50f6-4a83-92d5-cb9c367d3d83_825fb6a1-79e9-4200-84f2-f88e0b80b2ac.jpg/250x188.webp https://prod.pictures.autoscout24.net/listing-images/4fcc1623-50f6-4a83-92d5-cb9c367d3d83_92ea7ea6-ff24-4108-a861-019c619237c5.jpg/250x188.webp https://prod.pictures.autoscout24.net/listing-images/4fcc1623-50f6-4a83-92d5-cb9c367d3d83_e0a85d9b-cf34-469b-95e6-f560f342b5c7.jpg/250x188.webp https://prod.pictures.autoscout24.net/listing-images/4fcc1623-50f6-4a83-92d5-cb9c367d3d83_c7296eba-d195-43fb-925d-7b9e04e566c8.jpg/250x188.webp https://prod.pictures.autoscout24.net/listing-images/4fcc1623-50f6-4a83-92d5-cb9c367d3d83_a943bba7-1f82-41b7-8392-8ab7c1301889.jpg/250x188.webp https://prod.pictures.autoscout24.net/listing-images/4fcc1623-50f6-4a83-92d5-cb9c367d3d83_639f42eb-9c50-4544-be38-649e26b562e3.jpg/250x188.webp https://prod.pictures.autoscout24.net/listing-images/4fcc1623-50f6-4a83-92d5-cb9c367d3d83_36a20bd7-c78c-4f47-9521-994418b750af.jpg/250x188.webp,63.273818071645216,1302
0d14ea92-0704-4d29-93dd-ec47802a9091,Volvo,XC40,XC40 1.5 T5 PHEV Inscription Expression Polestar,PrivateSeller,26000,2,66500,09-2020,8000,https://prod.pictures.autoscout24.net/listing-images/0d14ea92-0704-4d29-93dd-ec47802a9091_9819e843-18b8-4797-a5df-c05aeba2af6c.jpg/250x188.webp https://prod.pictures.autoscout24.net/listing-images/0d14ea92-0704-4d29-93dd-ec47802a9091_99694f11-7679-4504-97dc-d08807c641e0.jpg/250x188.webp https://prod.pictures.autoscout24.net/listing-images/0d14ea92-0704-4d29-93dd-ec47802a9091_4c9142fa-789a-4c42-9937-e963b93f335d.jpg/250x188.webp https://prod.pictures.autoscout24.net/listing-images/0d14ea92-0704-4d29-93dd-ec47802a9091_fb98440b-c896-4669-8108-c7a561b963ed.jpg/250x188.webp https://prod.pictures.autoscout24.net/listing-images/0d14ea92-0704-4d29-93dd-ec47802a9091_40e116d4-9b8d-429f-945b-c589808766d4.jpg/250x188.webp https://prod.pictures.autoscout24.net/listing-images/0d14ea92-0704-4d29-93dd-ec47802a9091_cfe871f9-499b-465a-9e18-cc990ac7dd70.jpg/250x188.webp https://prod.pictures.autoscout24.net/listing-images/0d14ea92-0704-4d29-93dd-ec47802a9091_c4fdbfe9-067c-464e-9556-5f2325a163c9.jpg/250x188.webp https://prod.pictures.autoscout24.net/listing-images/0d14ea92-0704-4d29-93dd-ec47802a9091_7e5ff710-1f89-41f2-9f12-1f18a96c796d.jpg/250x188.webp https://prod.pictures.autoscout24.net/listing-images/0d14ea92-0704-4d29-93dd-ec47802a9091_f1fa156f-89d2-492b-b432-bb9195dbb15d.jpg/250x188.webp https://prod.pictures.autoscout24.net/listing-images/0d14ea92-0704-4d29-93dd-ec47802a9091_41d2bb2a-a06a-4bf3-8587-6bfb9f5efa99.jpg/250x188.webp,89.83412633408918,2001
98f4e250-7ee3-46b3-969e-04d8cfb4568b,Volvo,XC40,T5 PHEV Inscription Expression Pano Dak/Leder/Cam,Dealer,26400,2,84000,11-2020,9120,https://prod.pictures.autoscout24.net/listing-images/98f4e250-7ee3-46b3-969e-04d8cfb4568b_1ac2e8c6-cdcd-49e6-8f77-4cb318bcbcfa.jpg/250x188.webp https://prod.pictures.autoscout24.net/listing-images/98f4e250-7ee3-46b3-969e-04d8cfb4568b_318833a0-5d0e-49fc-8ddb-ce10dbd69c35.jpg/250x188.webp https://prod.pictures.autoscout24.net/listing-images/98f4e250-7ee3-46b3-969e-04d8cfb4568b_b5404467-f660-4ebd-8472-7e2640a95a0c.jpg/250x188.webp https://prod.pictures.autoscout24.net/listing-images/98f4e250-7ee3-46b3-969e-04d8cfb4568b_c9f47740-2a9b-4d0b-a959-83b7b6c58062.jpg/250x188.webp https://prod.pictures.autoscout24.net/listing-images/98f4e250-7ee3-46b3-969e-04d8cfb4568b_9fcf0d4f-c7ac-4cf6-8738-f73519ea2517.jpg/250x188.webp https://prod.pictures.autoscout24.net/listing-images/98f4e250-7ee3-46b3-969e-04d8cfb4568b_1f4e5b2a-ae22-4a66-a2a3-ffb0e76fc5c4.jpg/250x188.webp https://prod.pictures.autoscout24.net/listing-images/98f4e250-7ee3-46b3-969e-04d8cfb4568b_3c07431f-389b-4e75-b6b3-6ced5fbde48c.jpg/250x188.webp https://prod.pictures.autoscout24.net/listing-images/98f4e250-7ee3-46b3-969e-04d8cfb4568b_2adcfa42-1d4a-470e-b8c7-1f52e7ec00f2.jpg/250x188.webp https://prod.pictures.autoscout24.net/listing-images/98f4e250-7ee3-46b3-969e-04d8cfb4568b_a445fc30-2dc6-4446-bfac-568f7466863c.jpg/250x188.webp https://prod.pictures.autoscout24.net/listing-images/98f4e250-7ee3-46b3-969e-04d8cfb4568b_2cb1ef48-b0e7-4818-ad7e-870d8fcddbdd.jpg/250x188.webp https://prod.pictures.autoscout24.net/listing-images/98f4e250-7ee3-46b3-969e-04d8cfb4568b_82cb1999-9c48-4dab-bf11-a1ae27f7c037.jpg/250x188.webp https://prod.pictures.autoscout24.net/listing-images/98f4e250-7ee3-46b3-969e-04d8cfb4568b_81ea06c0-adc7-4e72-a045-9f9d3d6cfed2.jpg/250x188.webp https://prod.pictures.autoscout24.net/listing-images/98f4e250-7ee3-46b3-969e-04d8cfb4568b_b24368ad-64b0-46ac-8a8b-c986a6d0657c.jpg/250x188.webp https://prod.pictures.autoscout24.net/listing-images/98f4e250-7ee3-46b3-969e-04d8cfb4568b_faeb9d88-cd55-484c-bbf8-231060d7cae2.jpg/250x188.webp https://prod.pictures.autoscout24.net/listing-images/98f4e250-7ee3-46b3-969e-04d8cfb4568b_2128f121-132a-4594-b036-dabb2b34203f.jpg/250x188.webp https://prod.pictures.autoscout24.net/listing-images/98f4e250-7ee3-46b3-969e-04d8cfb4568b_c16fb607-114c-425d-8941-c981dc2339cc.jpg/250x188.webp,31.708661059174762,1940
7d8fd5d4-d72a-4cfe-ac23-79f4c0ce7746,Volvo,XC40,1.5 T2 DCT Core LED GPS PDC Carplay Cruise Ctrl,Dealer,26490,b,53791,01-2023,2630,https://prod.pictures.autoscout24.net/listing-images/7d8fd5d4-d72a-4cfe-ac23-79f4c0ce7746_198d4883-5dae-4102-bca8-011789a02df7.jpg/250x188.webp https://prod.pictures.autoscout24.net/listing-images/7d8fd5d4-d72a-4cfe-ac23-79f4c0ce7746_0a15ecc5-2326-480b-bd52-e6990a43b0dc.jpg/250x188.webp https://prod.pictures.autoscout24.net/listing-images/7d8fd5d4-d72a-4cfe-ac23-79f4c0ce7746_592e0a36-1461-4a4b-8a8c-9c07713cfaf1.jpg/250x188.webp https://prod.pictures.autoscout24.net/listing-images/7d8fd5d4-d72a-4cfe-ac23-79f4c0ce7746_ba2eabc7-68d4-479e-8b15-42caf131fa43.jpg/250x188.webp https://prod.pictures.autoscout24.net/listing-images/7d8fd5d4-d72a-4cfe-ac23-79f4c0ce7746_1625ffa8-0b4d-4220-81fd-40d9961a7ca8.jpg/250x188.webp https://prod.pictures.autoscout24.net/listing-images/7d8fd5d4-d72a-4cfe-ac23-79f4c0ce7746_36fda92f-890f-41d2-a08b-6c9ef1bae0ed.jpg/250x188.webp https://prod.pictures.autoscout24.net/listing-images/7d8fd5d4-d72a-4cfe-ac23-79f4c0ce7746_15aebba4-12ea-488d-aab1-c29d0a4cbfac.jpg/250x188.webp https://prod.pictures.autoscout24.net/listing-images/7d8fd5d4-d72a-4cfe-ac23-79f4c0ce7746_2c589400-5f3d-4fe6-a836-8a92af2badf9.jpg/250x188.webp https://prod.pictures.autoscout24.net/listing-images/7d8fd5d4-d72a-4cfe-ac23-79f4c0ce7746_c091d542-aeee-4db9-a682-8ce9bc7f6d40.jpg/250x188.webp https://prod.pictures.autoscout24.net/listing-images/7d8fd5d4-d72a-4cfe-ac23-79f4c0ce7746_b56c9d68-59e6-4210-b3c5-3ceae82c7dc6.jpg/250x188.webp https://prod.pictures.autoscout24.net/listing-images/7d8fd5d4-d72a-4cfe-ac23-79f4c0ce7746_915ae944-f5c6-49b4-8bcb-edb8693b1f9d.jpg/250x188.webp https://prod.pictures.autoscout24.net/listing-images/7d8fd5d4-d72a-4cfe-ac23-79f4c0ce7746_f491a099-122b-4657-84f3-67a592bcba39.jpg/250x188.webp https://prod.pictures.autoscout24.net/listing-images/7d8fd5d4-d72a-4cfe-ac23-79f4c0ce7746_65207ce7-55ee-4bdd-97df-9b70b8547b1c.jpg/250x188.webp https://prod.pictures.autoscout24.net/listing-images/7d8fd5d4-d72a-4cfe-ac23-79f4c0ce7746_1636dfba-970e-4503-925a-7f246bf80312.jpg/250x188.webp https://prod.pictures.autoscout24.net/listing-images/7d8fd5d4-d72a-4cfe-ac23-79f4c0ce7746_d08d8f32-cc2c-4fcf-90ee-d826e08d10d1.jpg/250x188.webp https://prod.pictures.autoscout24.net/listing-images/7d8fd5d4-d72a-4cfe-ac23-79f4c0ce7746_4ce7e80f-59c3-49cb-bbd2-db0e916fd17f.jpg/250x188.webp https://prod.pictures.autoscout24.net/listing-images/7d8fd5d4-d72a-4cfe-ac23-79f4c0ce7746_d4593777-4cd2-406e-be89-404b41aa04bc.jpg/250x188.webp https://prod.pictures.autoscout24.net/listing-images/7d8fd5d4-d72a-4cfe-ac23-79f4c0ce7746_b44eb2c6-9283-4953-a6b5-817212b512ae.jpg/250x188.webp https://prod.pictures.autoscout24.net/listing-images/7d8fd5d4-d72a-4cfe-ac23-79f4c0ce7746_6eb12e37-f052-42d4-9900-c4c363be6ef4.jpg/250x188.webp https://prod.pictures.autoscout24.net/listing-images/7d8fd5d4-d72a-4cfe-ac23-79f4c0ce7746_c5122bed-93aa-4bc9-bd3b-f1f4b2519b10.jpg/250x188.webp https://prod.pictures.autoscout24.net/listing-images/7d8fd5d4-d72a-4cfe-ac23-79f4c0ce7746_f968d0e7-95af-4062-9457-d5f8985238db.jpg/250x188.webp https://prod.pictures.autoscout24.net/listing-images/7d8fd5d4-d72a-4cfe-ac23-79f4c0ce7746_ba73bb21-045a-4b95-bd97-d0714dbe8c74.jpg/250x188.webp https://prod.pictures.autoscout24.net/listing-images/7d8fd5d4-d72a-4cfe-ac23-79f4c0ce7746_307bfbf2-9c8d-49f7-94e0-b83956ea2e57.jpg/250x188.webp https://prod.pictures.autoscout24.net/listing-images/7d8fd5d4-d72a-4cfe-ac23-79f4c0ce7746_d52ff9b9-3501-45f4-8a5a-054e0d622136.jpg/250x188.webp https://prod.pictures.autoscout24.net/listing-images/7d8fd5d4-d72a-4cfe-ac23-79f4c0ce7746_02c7a90e-2533-4ce3-b238-6cee57cfc396.jpg/250x188.webp https://prod.pictures.autoscout24.net/listing-images/7d8fd5d4-d72a-4cfe-ac23-79f4c0ce7746_d2386fb4-c8ed-4f4d-be16-e6628f29e7a4.jpg/250x188.webp,37.55427282853161,1149
02f992b2-bf97-4751-bbe3-53c52832e9de,Volvo,XC40,T4 Recharge Geartr. R-Design ALCANTARA LED H/K CAM,Dealer,26490,2,92195,05-2021,2630,https://prod.pictures.autoscout24.net/listing-images/02f992b2-bf97-4751-bbe3-53c52832e9de_d77589be-0b0c-416a-b733-dacbb48ae7be.jpg/250x188.webp https://prod.pictures.autoscout24.net/listing-images/02f992b2-bf97-4751-bbe3-53c52832e9de_e243f7e1-a76b-47e5-8cf7-407b9c1d2ce2.jpg/250x188.webp https://prod.pictures.autoscout24.net/listing-images/02f992b2-bf97-4751-bbe3-53c52832e9de_2dcaf576-6e45-4dd3-94ea-d09b6c0ea1fd.jpg/250x188.webp https://prod.pictures.autoscout24.net/listing-images/02f992b2-bf97-4751-bbe3-53c52832e9de_2f8b325d-3a7b-423e-99f5-408b4776568b.jpg/250x188.webp https://prod.pictures.autoscout24.net/listing-images/02f992b2-bf97-4751-bbe3-53c52832e9de_4cbe3aef-5e36-4ac8-941e-40743a61dd19.jpg/250x188.webp https://prod.pictures.autoscout24.net/listing-images/02f992b2-bf97-4751-bbe3-53c52832e9de_6014e92e-632a-4bde-8bce-e5d65e835cc8.jpg/250x188.webp https://prod.pictures.autoscout24.net/listing-images/02f992b2-bf97-4751-bbe3-53c52832e9de_f2743a32-6824-4833-aa99-fceca1f90859.jpg/250x188.webp https://prod.pictures.autoscout24.net/listing-images/02f992b2-bf97-4751-bbe3-53c52832e9de_594589a7-6cf3-4730-ba37-d65650f010b0.jpg/250x188.webp https://prod.pictures.autoscout24.net/listing-images/02f992b2-bf97-4751-bbe3-53c52832e9de_9caca5bc-cec2-479c-a13e-cf5eb292cafb.jpg/250x188.webp https://prod.pictures.autoscout24.net/listing-images/02f992b2-bf97-4751-bbe3-53c52832e9de_f47843e0-0836-43e5-9071-0292ac48ec6d.jpg/250x188.webp https://prod.pictures.autoscout24.net/listing-images/02f992b2-bf97-4751-bbe3-53c52832e9de_10876664-729d-4501-8b17-73d653605725.jpg/250x188.webp https://prod.pictures.autoscout24.net/listing-images/02f992b2-bf97-4751-bbe3-53c52832e9de_5c718092-4b94-4f85-88f3-790eeca293d9.jpg/250x188.webp https://prod.pictures.autoscout24.net/listing-images/02f992b2-bf97-4751-bbe3-53c52832e9de_a92a20ff-ee31-473d-a774-5b1034f8f722.jpg/250x188.webp https://prod.pictures.autoscout24.net/listing-images/02f992b2-bf97-4751-bbe3-53c52832e9de_82d87b49-9c74-4119-b44c-977c09348f9f.jpg/250x188.webp https://prod.pictures.autoscout24.net/listing-images/02f992b2-bf97-4751-bbe3-53c52832e9de_792930c0-bb31-4d7b-b26d-8aecc3380384.jpg/250x188.webp https://prod.pictures.autoscout24.net/listing-images/02f992b2-bf97-4751-bbe3-53c52832e9de_f525fe1c-520b-4f9d-95d2-1819ac73c814.jpg/250x188.webp https://prod.pictures.autoscout24.net/listing-images/02f992b2-bf97-4751-bbe3-53c52832e9de_74814d1d-18e6-4e53-8fac-3ae2ea13f230.jpg/250x188.webp https://prod.pictures.autoscout24.net/listing-images/02f992b2-bf97-4751-bbe3-53c52832e9de_7c4fe74d-c3e7-4f17-bed6-808fc32a574a.jpg/250x188.webp https://prod.pictures.autoscout24.net/listing-images/02f992b2-bf97-4751-bbe3-53c52832e9de_9e5949f5-f607-44aa-8be4-fb764f254b21.jpg/250x188.webp https://prod.pictures.autoscout24.net/listing-images/02f992b2-bf97-4751-bbe3-53c52832e9de_1c0f5e4a-f252-4853-b05b-8421dec17631.jpg/250x188.webp https://prod.pictures.autoscout24.net/listing-images/02f992b2-bf97-4751-bbe3-53c52832e9de_2abb29a4-d950-4efc-9a7a-ee0a1a27ca3a.jpg/250x188.webp https://prod.pictures.autoscout24.net/listing-images/02f992b2-bf97-4751-bbe3-53c52832e9de_ac67153f-80cc-474b-b305-3dc3cd513d43.jpg/250x188.webp https://prod.pictures.autoscout24.net/listing-images/02f992b2-bf97-4751-bbe3-53c52832e9de_bb44d266-5ce4-43bd-8b4f-7f83728c65f2.jpg/250x188.webp https://prod.pictures.autoscout24.net/listing-images/02f992b2-bf97-4751-bbe3-53c52832e9de_14afeb33-8347-4e5f-99dc-feffa8faeeeb.jpg/250x188.webp https://prod.pictures.autoscout24.net/listing-images/02f992b2-bf97-4751-bbe3-53c52832e9de_ccaf5bbf-91c3-4084-b5f0-0e5618edb28f.jpg/250x188.webp,37.55427282853161,1759
a435b8aa-cc0a-429c-98d6-0c9d74b30949,Volvo,XC40,XC40 T2 Momentum Core Geartronic Incl. Camera,Dealer,26490,b,43675,04-2022,5100,https://prod.pictures.autoscout24.net/listing-images/a435b8aa-cc0a-429c-98d6-0c9d74b30949_374d07d3-e8cb-4fbe-92e4-26a115c9f9f0.jpg/250x188.webp https://prod.pictures.autoscout24.net/listing-images/a435b8aa-cc0a-429c-98d6-0c9d74b30949_a2647c68-1b86-4ec8-ba82-178aa74908a7.jpg/250x188.webp https://prod.pictures.autoscout24.net/listing-images/a435b8aa-cc0a-429c-98d6-0c9d74b30949_4221033f-90ba-4ead-9814-fcdacf7c3858.jpg/250x188.webp https://prod.pictures.autoscout24.net/listing-images/a435b8aa-cc0a-429c-98d6-0c9d74b30949_4baedcc4-c436-4460-b73f-17c8add610a3.jpg/250x188.webp https://prod.pictures.autoscout24.net/listing-images/a435b8aa-cc0a-429c-98d6-0c9d74b30949_8fe6773d-67c6-46a5-a3d3-4979a5f143c4.jpg/250x188.webp https://prod.pictures.autoscout24.net/listing-images/a435b8aa-cc0a-429c-98d6-0c9d74b30949_623bcb02-961e-4900-ba55-439f996284bb.jpg/250x188.webp https://prod.pictures.autoscout24.net/listing-images/a435b8aa-cc0a-429c-98d6-0c9d74b30949_9e356191-3f61-4c92-9050-46e800e8e6e9.jpg/250x188.webp https://prod.pictures.autoscout24.net/listing-images/a435b8aa-cc0a-429c-98d6-0c9d74b30949_27ee3ce2-a3c1-4a41-bdaf-fc36232e73eb.jpg/250x188.webp https://prod.pictures.autoscout24.net/listing-images/a435b8aa-cc0a-429c-98d6-0c9d74b30949_d0dfee40-f47d-4e22-a8c7-e22c601365ed.jpg/250x188.webp https://prod.pictures.autoscout24.net/listing-images/a435b8aa-cc0a-429c-98d6-0c9d74b30949_2cad09a7-18f5-4807-96b8-c33bb9214c26.jpg/250x188.webp https://prod.pictures.autoscout24.net/listing-images/a435b8aa-cc0a-429c-98d6-0c9d74b30949_8747dae0-6768-497c-8684-6be515ec8453.jpg/250x188.webp https://prod.pictures.autoscout24.net/listing-images/a435b8aa-cc0a-429c-98d6-0c9d74b30949_f4eaecf9-703d-4f78-a9ea-52fedf9bb893.jpg/250x188.webp https://prod.pictures.autoscout24.net/listing-images/a435b8aa-cc0a-429c-98d6-0c9d74b30949_7b652379-6650-4d98-85ed-7bbf223baed2.jpg/250x188.webp https://prod.pictures.autoscout24.net/listing-images/a435b8aa-cc0a-429c-98d6-0c9d74b30949_cfd2d976-ce09-4eb9-b6e6-9871158cd0ef.jpg/250x188.webp https://prod.pictures.autoscout24.net/listing-images/a435b8aa-cc0a-429c-98d6-0c9d74b30949_aa3b2f63-f2c4-4e12-bb76-d20499f826f5.jpg/250x188.webp https://prod.pictures.autoscout24.net/listing-images/a435b8aa-cc0a-429c-98d6-0c9d74b30949_085e0cdc-35da-439b-8383-6d279ea8ee99.jpg/250x188.webp https://prod.pictures.autoscout24.net/listing-images/a435b8aa-cc0a-429c-98d6-0c9d74b30949_6031621b-9560-46ed-8ede-ea9eea54ce47.jpg/250x188.webp https://prod.pictures.autoscout24.net/listing-images/a435b8aa-cc0a-429c-98d6-0c9d74b30949_6020b8be-58a0-4d80-aba8-97f2e48fba6d.jpg/250x188.webp https://prod.pictures.autoscout24.net/listing-images/a435b8aa-cc0a-429c-98d6-0c9d74b30949_23cdec34-f338-4b5b-af8c-2512e37e126c.jpg/250x188.webp https://prod.pictures.autoscout24.net/listing-images/a435b8aa-cc0a-429c-98d6-0c9d74b30949_8d5aafbc-f7e2-4f0d-8e79-1c47d6068437.jpg/250x188.webp https://prod.pictures.autoscout24.net/listing-images/a435b8aa-cc0a-429c-98d6-0c9d74b30949_5e5e86c3-bbe0-4aa0-b2a9-75539db27f48.jpg/250x188.webp https://prod.pictures.autoscout24.net/listing-images/a435b8aa-cc0a-429c-98d6-0c9d74b30949_114403ac-156e-44c5-85fa-eb68ad7fdd57.jpg/250x188.webp https://prod.pictures.autoscout24.net/listing-images/a435b8aa-cc0a-429c-98d6-0c9d74b30949_bef68676-50d0-44b2-9674-f2134d58ece9.jpg/250x188.webp https://prod.pictures.autoscout24.net/listing-images/a435b8aa-cc0a-429c-98d6-0c9d74b30949_a543bb86-1e8f-4017-9581-3edccad8076f.jpg/250x188.webp https://prod.pictures.autoscout24.net/listing-images/a435b8aa-cc0a-429c-98d6-0c9d74b30949_ceb96ce8-9e52-4c2b-9d45-fc62540807d2.jpg/250x188.webp,119.56321289111871,1424
c93946cf-700c-4178-ab6a-3e6f88b5a7e9,Volvo,XC40,1.5 T2 Momentum Pro Geartr. Verwarmd Leder/Stuur..,Dealer,26495,b,70945,03-2022,9420,https://prod.pictures.autoscout24.net/listing-images/c93946cf-700c-4178-ab6a-3e6f88b5a7e9_6b79b02a-2118-42d9-8baf-60aa1882eacc.jpg/250x188.webp https://prod.pictures.autoscout24.net/listing-images/c93946cf-700c-4178-ab6a-3e6f88b5a7e9_054be61c-38a2-4e52-95f7-ca7d006931d0.jpg/250x188.webp https://prod.pictures.autoscout24.net/listing-images/c93946cf-700c-4178-ab6a-3e6f88b5a7e9_2c26e4fe-dfe1-4e57-8294-d631004e085d.jpg/250x188.webp https://prod.pictures.autoscout24.net/listing-images/c93946cf-700c-4178-ab6a-3e6f88b5a7e9_d1c10fc5-b76d-4da4-b6f7-3ed8c56d46c2.jpg/250x188.webp https://prod.pictures.autoscout24.net/listing-images/c93946cf-700c-4178-ab6a-3e6f88b5a7e9_97e163b1-d34e-4f36-a71d-8922d9bc4ce4.jpg/250x188.webp https://prod.pictures.autoscout24.net/listing-images/c93946cf-700c-4178-ab6a-3e6f88b5a7e9_84137494-6c3c-4905-8e09-b648d99bf86e.jpg/250x188.webp https://prod.pictures.autoscout24.net/listing-images/c93946cf-700c-4178-ab6a-3e6f88b5a7e9_bb178751-da30-455f-960e-dcb180839331.jpg/250x188.webp https://prod.pictures.autoscout24.net/listing-images/c93946cf-700c-4178-ab6a-3e6f88b5a7e9_1b4cd094-957f-4fff-89be-43df97589eef.jpg/250x188.webp https://prod.pictures.autoscout24.net/listing-images/c93946cf-700c-4178-ab6a-3e6f88b5a7e9_9fa41760-51eb-4a9b-9d45-b0be2f218a18.jpg/250x188.webp https://prod.pictures.autoscout24.net/listing-images/c93946cf-700c-4178-ab6a-3e6f88b5a7e9_d9358589-743e-457a-b621-aea2a931caa5.jpg/250x188.webp https://prod.pictures.autoscout24.net/listing-images/c93946cf-700c-4178-ab6a-3e6f88b5a7e9_0e838904-a133-4dcb-a5c5-6dadd29f2bcf.jpg/250x188.webp https://prod.pictures.autoscout24.net/listing-images/c93946cf-700c-4178-ab6a-3e6f88b5a7e9_9db626d4-3213-469a-8585-e7f52b998c5d.jpg/250x188.webp https://prod.pictures.autoscout24.net/listing-images/c93946cf-700c-4178-ab6a-3e6f88b5a7e9_58b20567-6a08-49ff-bc25-93230d09eb44.jpg/250x188.webp https://prod.pictures.autoscout24.net/listing-images/c93946cf-700c-4178-ab6a-3e6f88b5a7e9_0fb24e77-1bdb-4467-9607-4c0df42dd3f1.jpg/250x188.webp https://prod.pictures.autoscout24.net/listing-images/c93946cf-700c-4178-ab6a-3e6f88b5a7e9_8b496422-b036-4479-a540-e66189af96e2.jpg/250x188.webp https://prod.pictures.autoscout24.net/listing-images/c93946cf-700c-4178-ab6a-3e6f88b5a7e9_77ebb40d-0f33-4e94-96df-33fe4dea7f50.jpg/250x188.webp https://prod.pictures.autoscout24.net/listing-images/c93946cf-700c-4178-ab6a-3e6f88b5a7e9_623b8f63-43fa-421b-aa10-129b7d4daf6d.jpg/250x188.webp,71.35242598919278,1455
090118bb-9783-4511-b19f-153aab92d7d0,Volvo,XC40,XC40 T5 Twin Engine R-Design DKG (261 HP),PrivateSeller,26495,2,65000,03-2020,3600,https://prod.pictures.autoscout24.net/listing-images/090118bb-9783-4511-b19f-153aab92d7d0_5c1e3e4e-e542-4c84-b24f-40fb894a1bbd.jpg/250x188.webp https://prod.pictures.autoscout24.net/listing-images/090118bb-9783-4511-b19f-153aab92d7d0_6ed14057-aba3-4cae-b6c6-21af520ba5b1.jpg/250x188.webp https://prod.pictures.autoscout24.net/listing-images/090118bb-9783-4511-b19f-153aab92d7d0_c1c6e843-86c9-4f94-b7ea-fc0c2d956f61.jpg/250x188.webp https://prod.pictures.autoscout24.net/listing-images/090118bb-9783-4511-b19f-153aab92d7d0_bc857693-e5d7-49d8-a7df-51369eaf224d.jpg/250x188.webp https://prod.pictures.autoscout24.net/listing-images/090118bb-9783-4511-b19f-153aab92d7d0_1cee384b-587b-40b4-b748-d3abdd5a69c7.jpg/250x188.webp https://prod.pictures.autoscout24.net/listing-images/090118bb-9783-4511-b19f-153aab92d7d0_57e47427-24e7-4bba-8dbe-b8b4506ea0b4.jpg/250x188.webp https://prod.pictures.autoscout24.net/listing-images/090118bb-9783-4511-b19f-153aab92d7d0_c13f8892-7269-4061-b19c-915394b8beca.jpg/250x188.webp,91.05707630102727,2185
ca3e01fc-c64c-4240-837f-ad44ef7b8a5d,Volvo,V60,2.0 T6 Plug-in Hybrid Inscription AWD,Dealer,26499,2,78142,10-2020,1000,https://prod.pictures.autoscout24.net/listing-images/ca3e01fc-c64c-4240-837f-ad44ef7b8a5d_5576c167-a22d-479f-a296-b6351c30afb0.jpg/250x188.webp https://prod.pictures.autoscout24.net/listing-images/ca3e01fc-c64c-4240-837f-ad44ef7b8a5d_e269ca3f-3014-4471-b216-5cd955d7e387.png/250x188.webp https://prod.pictures.autoscout24.net/listing-images/ca3e01fc-c64c-4240-837f-ad44ef7b8a5d_3a341b4f-16d6-434b-87af-e046ab8fdda5.jpg/250x188.webp https://prod.pictures.autoscout24.net/listing-images/ca3e01fc-c64c-4240-837f-ad44ef7b8a5d_415d8813-8ff1-4a97-ad69-2ee1f0e51934.jpg/250x188.webp https://prod.pictures.autoscout24.net/listing-images/ca3e01fc-c64c-4240-837f-ad44ef7b8a5d_bd0e8d41-09fd-4129-9a8e-aa0c2b6fd9e3.jpg/250x188.webp https://prod.pictures.autoscout24.net/listing-images/ca3e01fc-c64c-4240-837f-ad44ef7b8a5d_de522b9c-3f2c-4394-b355-2d3271c860c6.jpg/250x188.webp https://prod.pictures.autoscout24.net/listing-images/ca3e01fc-c64c-4240-837f-ad44ef7b8a5d_1fd4351b-6eea-400b-bcea-ff1a1d935c96.jpg/250x188.webp https://prod.pictures.autoscout24.net/listing-images/ca3e01fc-c64c-4240-837f-ad44ef7b8a5d_b60a7124-d1e0-4fd1-8af0-e3c909492fe6.jpg/250x188.webp https://prod.pictures.autoscout24.net/listing-images/ca3e01fc-c64c-4240-837f-ad44ef7b8a5d_befc1bc7-ac56-4ac9-b8b9-65b8702522bc.jpg/250x188.webp https://prod.pictures.autoscout24.net/listing-images/ca3e01fc-c64c-4240-837f-ad44ef7b8a5d_9d4e820c-b818-4c05-ae70-cdf699ce87bb.jpg/250x188.webp https://prod.pictures.autoscout24.net/listing-images/ca3e01fc-c64c-4240-837f-ad44ef7b8a5d_733958be-89d9-4084-b693-06b4e3cc6851.jpg/250x188.webp https://prod.pictures.autoscout24.net/listing-images/ca3e01fc-c64c-4240-837f-ad44ef7b8a5d_02bc55fa-a637-485b-bab9-eaccc6799ef4.jpg/250x188.webp https://prod.pictures.autoscout24.net/listing-images/ca3e01fc-c64c-4240-837f-ad44ef7b8a5d_9ef96f6d-7dbb-47dd-a442-0cce3abe5ecf.jpg/250x188.webp https://prod.pictures.autoscout24.net/listing-images/ca3e01fc-c64c-4240-837f-ad44ef7b8a5d_a127599e-6fa8-4a7b-9a45-61a1437c60e6.jpg/250x188.webp https://prod.pictures.autoscout24.net/listing-images/ca3e01fc-c64c-4240-837f-ad44ef7b8a5d_d8ab0bc6-c637-4997-bfca-b6290c6aac23.jpg/250x188.webp https://prod.pictures.autoscout24.net/listing-images/ca3e01fc-c64c-4240-837f-ad44ef7b8a5d_8a45b874-afaa-4420-bf96-2b5e41d5ad93.jpg/250x188.webp https://prod.pictures.autoscout24.net/listing-images/ca3e01fc-c64c-4240-837f-ad44ef7b8a5d_f3fb7b5a-aa50-41ff-aeab-94da4b215652.jpg/250x188.webp https://prod.pictures.autoscout24.net/listing-images/ca3e01fc-c64c-4240-837f-ad44ef7b8a5d_270a52e1-d03f-4d33-9283-d9e5e4a386fd.png/250x188.webp https://prod.pictures.autoscout24.net/listing-images/ca3e01fc-c64c-4240-837f-ad44ef7b8a5d_53372b6c-2089-4883-896b-5977ad747d0e.jpg/250x188.webp https://prod.pictures.autoscout24.net/listing-images/ca3e01fc-c64c-4240-837f-ad44ef7b8a5d_762176a8-9bb7-49bb-bfe3-8255b0745501.jpg/250x188.webp https://prod.pictures.autoscout24.net/listing-images/ca3e01fc-c64c-4240-837f-ad44ef7b8a5d_606c7413-c94f-4a93-b604-431bc2c664ee.jpg/250x188.webp https://prod.pictures.autoscout24.net/listing-images/ca3e01fc-c64c-4240-837f-ad44ef7b8a5d_771a9a30-2527-4d01-9741-e94a6ebb1e87.jpg/250x188.webp https://prod.pictures.autoscout24.net/listing-images/ca3e01fc-c64c-4240-837f-ad44ef7b8a5d_28871813-62fc-45de-afa0-338ed5a92895.jpg/250x188.webp https://prod.pictures.autoscout24.net/listing-images/ca3e01fc-c64c-4240-837f-ad44ef7b8a5d_abd6fc32-6b04-47c7-b1b9-febc4d570700.jpg/250x188.webp https://prod.pictures.autoscout24.net/listing-images/ca3e01fc-c64c-4240-837f-ad44ef7b8a5d_c4de5091-3af6-41fa-aa0b-395114f4d020.jpg/250x188.webp https://prod.pictures.autoscout24.net/listing-images/ca3e01fc-c64c-4240-837f-ad44ef7b8a5d_be03bf4d-7e46-4517-aca4-193df7be9b84.jpg/250x188.webp https://prod.pictures.autoscout24.net/listing-images/ca3e01fc-c64c-4240-837f-ad44ef7b8a5d_29a99a7f-8b33-4a7d-84b3-9d8f150445d8.jpg/250x188.webp https://prod.pictures.autoscout24.net/listing-images/ca3e01fc-c64c-4240-837f-ad44ef7b8a5d_9525a657-5afc-45c9-8da7-30d555897354.jpg/250x188.webp https://prod.pictures.autoscout24.net/listing-images/ca3e01fc-c64c-4240-837f-ad44ef7b8a5d_dafeadc6-0b21-47a6-9f20-166989e52e68.jpg/250x188.webp https://prod.pictures.autoscout24.net/listing-images/ca3e01fc-c64c-4240-837f-ad44ef7b8a5d_324909b2-e974-46f4-9084-bf7903df3057.jpg/250x188.webp,69.17270624549755,1971
7d825924-07c9-4e5a-ad64-07af4d589554,Volvo,XC40,XC40 1.5 T3 R-Design,Dealer,26499,b,68000,03-2022,4100,https://prod.pictures.autoscout24.net/listing-images/7d825924-07c9-4e5a-ad64-07af4d589554_a3a8b888-0538-4829-a91c-439d91f88352.jpg/250x188.webp https://prod.pictures.autoscout24.net/listing-images/7d825924-07c9-4e5a-ad64-07af4d589554_1f327705-8305-423c-81db-4596cd5741af.jpg/250x188.webp https://prod.pictures.autoscout24.net/listing-images/7d825924-07c9-4e5a-ad64-07af4d589554_6d58ab55-fa83-4ea3-8a4b-b82287d2bfb0.jpg/250x188.webp https://prod.pictures.autoscout24.net/listing-images/7d825924-07c9-4e5a-ad64-07af4d589554_0bdf6fe8-7257-4b4b-9627-241cf15e81a2.jpg/250x188.webp https://prod.pictures.autoscout24.net/listing-images/7d825924-07c9-4e5a-ad64-07af4d589554_048ed228-1f17-4a22-b1b3-b924a411d588.jpg/250x188.webp https://prod.pictures.autoscout24.net/listing-images/7d825924-07c9-4e5a-ad64-07af4d589554_9f47e0bf-d854-43c8-8427-53f3b45eea36.jpg/250x188.webp https://prod.pictures.autoscout24.net/listing-images/7d825924-07c9-4e5a-ad64-07af4d589554_a825ed30-8867-4f2d-9ae9-b9af62addc6e.jpg/250x188.webp https://prod.pictures.autoscout24.net/listing-images/7d825924-07c9-4e5a-ad64-07af4d589554_533d0c86-61f3-4b63-8798-8ae93881dd0a.jpg/250x188.webp https://prod.pictures.autoscout24.net/listing-images/7d825924-07c9-4e5a-ad64-07af4d589554_092a9c68-aa6c-499b-89f2-bb1e18de519b.jpg/250x188.webp https://prod.pictures.autoscout24.net/listing-images/7d825924-07c9-4e5a-ad64-07af4d589554_dddffaf9-8598-48b9-81c5-eecb76fca496.jpg/250x188.webp https://prod.pictures.autoscout24.net/listing-images/7d825924-07c9-4e5a-ad64-07af4d589554_9c18b724-cd56-41ae-84b9-06bb6e491451.jpg/250x188.webp https://prod.pictures.autoscout24.net/listing-images/7d825924-07c9-4e5a-ad64-07af4d589554_83f58235-e86a-465b-a00e-49e530568e91.jpg/250x188.webp https://prod.pictures.autoscout24.net/listing-images/7d825924-07c9-4e5a-ad64-07af4d589554_fbfcb9c6-2abb-4d46-9c0d-27d0db1334c8.jpg/250x188.webp https://prod.pictures.autoscout24.net/listing-images/7d825924-07c9-4e5a-ad64-07af4d589554_deb96e09-f737-47a4-a18b-4b181b3324e7.jpg/250x188.webp https://prod.pictures.autoscout24.net/listing-images/7d825924-07c9-4e5a-ad64-07af4d589554_a150291b-fbf1-4d28-8b26-8150834f8c3c.jpg/250x188.webp https://prod.pictures.autoscout24.net/listing-images/7d825924-07c9-4e5a-ad64-07af4d589554_4214f220-9fba-46f1-a96c-2152d9434194.jpg/250x188.webp https://prod.pictures.autoscout24.net/listing-images/7d825924-07c9-4e5a-ad64-07af4d589554_5e68bb75-e4b6-4390-9620-5e449b64c2bd.jpg/250x188.webp https://prod.pictures.autoscout24.net/listing-images/7d825924-07c9-4e5a-ad64-07af4d589554_fb523fd9-3dd3-4250-86c3-9cfd1913ede3.jpg/250x188.webp https://prod.pictures.autoscout24.net/listing-images/7d825924-07c9-4e5a-ad64-07af4d589554_c00de3c7-8415-4165-abf0-65fedb35ce07.jpg/250x188.webp https://prod.pictures.autoscout24.net/listing-images/7d825924-07c9-4e5a-ad64-07af4d589554_bc2a8791-f86b-48dd-9c35-80d58ac71729.jpg/250x188.webp,123.27049980663475,1455
daac960d-1fc2-41aa-a2de-4b3732c72c42,Volvo,XC40,XC40 1.5 T2 Plus Dark Design Geartronic,PrivateSeller,26500,b,58000,09-2023,4920,https://prod.pictures.autoscout24.net/listing-images/daac960d-1fc2-41aa-a2de-4b3732c72c42_524cf76b-4d5d-4d80-9fbb-adeaa76fe7a8.jpg/250x188.webp https://prod.pictures.autoscout24.net/listing-images/daac960d-1fc2-41aa-a2de-4b3732c72c42_5a46f1a9-193b-42e1-91ff-0b7e859785bb.jpg/250x188.webp https://prod.pictures.autoscout24.net/listing-images/daac960d-1fc2-41aa-a2de-4b3732c72c42_a3e397f6-9008-4041-a8ca-db03b98ff922.jpg/250x188.webp https://prod.pictures.autoscout24.net/listing-images/daac960d-1fc2-41aa-a2de-4b3732c72c42_51a3c346-8869-458a-a592-107b34a6511e.jpg/250x188.webp https://prod.pictures.autoscout24.net/listing-images/daac960d-1fc2-41aa-a2de-4b3732c72c42_288a2edb-3fb6-4969-a3e9-8e58c8aa12e0.jpg/250x188.webp https://prod.pictures.autoscout24.net/listing-images/daac960d-1fc2-41aa-a2de-4b3732c72c42_cb66611f-7988-4e33-b2df-3b5c9939f7fe.jpg/250x188.webp https://prod.pictures.autoscout24.net/listing-images/daac960d-1fc2-41aa-a2de-4b3732c72c42_7fc5706d-f261-46ac-8710-a0cb20161ff6.jpg/250x188.webp https://prod.pictures.autoscout24.net/listing-images/daac960d-1fc2-41aa-a2de-4b3732c72c42_ca7e9b3a-63b9-45a7-a6c1-7f11fffa5073.jpg/250x188.webp https://prod.pictures.autoscout24.net/listing-images/daac960d-1fc2-41aa-a2de-4b3732c72c42_05a0897a-1bf6-4557-9214-9b113e979a2c.jpg/250x188.webp https://prod.pictures.autoscout24.net/listing-images/daac960d-1fc2-41aa-a2de-4b3732c72c42_3a1c18db-b0b8-43b9-bc21-e0a7922f6391.jpg/250x188.webp,140.17328103526393,906
c3aec0ee-00ff-4865-9b26-4d7d6833430d,Volvo,XC40,T2 Automaat Micro hybrid,Dealer,28990,b,53512,12-2023,2100,https://prod.pictures.autoscout24.net/listing-images/c3aec0ee-00ff-4865-9b26-4d7d6833430d_0514bbb0-85ad-4f9a-aae1-0e439275f8bc.jpg/250x188.webp https://prod.pictures.autoscout24.net/listing-images/c3aec0ee-00ff-4865-9b26-4d7d6833430d_ce3f7699-897f-4500-90e9-8d1a11065a9a.jpg/250x188.webp https://prod.pictures.autoscout24.net/listing-images/c3aec0ee-00ff-4865-9b26-4d7d6833430d_3a30e9ec-3cd7-4cf2-bb37-4a6bd83da502.jpg/250x188.webp https://prod.pictures.autoscout24.net/listing-images/c3aec0ee-00ff-4865-9b26-4d7d6833430d_902e44a9-5003-4f3e-9cff-48e9c43d3710.jpg/250x188.webp https://prod.pictures.autoscout24.net/listing-images/c3aec0ee-00ff-4865-9b26-4d7d6833430d_43deb9be-77a0-46a0-81b0-3cbeb7bf9816.jpg/250x188.webp https://prod.pictures.autoscout24.net/listing-images/c3aec0ee-00ff-4865-9b26-4d7d6833430d_f0790fb0-9d26-43b2-a31a-c04836d7661e.jpg/250x188.webp https://prod.pictures.autoscout24.net/listing-images/c3aec0ee-00ff-4865-9b26-4d7d6833430d_b3a93bdd-f2de-401d-92cb-5f0294252d72.jpg/250x188.webp,27.421552979694752,815
66966221-5035-4eb5-b38c-2310c45e730a,Volvo,XC40,T2 Automaat Micro hybrid,Dealer,28990,b,25571,11-2023,2100,https://prod.pictures.autoscout24.net/listing-images/66966221-5035-4eb5-b38c-2310c45e730a_cd1f5f86-2ea8-4b66-a3d2-6f33c4f511f8.jpg/250x188.webp https://prod.pictures.autoscout24.net/listing-images/66966221-5035-4eb5-b38c-2310c45e730a_5a3564f7-5ccc-4201-b9c3-7148fbc44707.jpg/250x188.webp https://prod.pictures.autoscout24.net/listing-images/66966221-5035-4eb5-b38c-2310c45e730a_5edb368e-1987-416f-872b-bf66dcaa9a36.jpg/250x188.webp https://prod.pictures.autoscout24.net/listing-images/66966221-5035-4eb5-b38c-2310c45e730a_a100e9c0-6b4c-46bb-8fb5-5259842497d6.jpg/250x188.webp https://prod.pictures.autoscout24.net/listing-images/66966221-5035-4eb5-b38c-2310c45e730a_1c389527-b13c-4928-9242-f13b60f0dc60.jpg/250x188.webp https://prod.pictures.autoscout24.net/listing-images/66966221-5035-4eb5-b38c-2310c45e730a_01a25737-4c6b-400e-b286-54ee8447cc0c.jpg/250x188.webp https://prod.pictures.autoscout24.net/listing-images/66966221-5035-4eb5-b38c-2310c45e730a_e144cee8-06c8-4b05-83b4-2aa5e8f718eb.jpg/250x188.webp https://prod.pictures.autoscout24.net/listing-images/66966221-5035-4eb5-b38c-2310c45e730a_35c2af00-f248-44e2-99f4-79388b9a2434.jpg/250x188.webp https://prod.pictures.autoscout24.net/listing-images/66966221-5035-4eb5-b38c-2310c45e730a_9facc0fc-8d0a-4a31-9e1f-91cbc9af4da5.jpg/250x188.webp https://prod.pictures.autoscout24.net/listing-images/66966221-5035-4eb5-b38c-2310c45e730a_7296969d-12f1-4b8c-b23a-dda4e5896c48.jpg/250x188.webp,27.421552979694752,845
9bfc7fd7-943d-4320-bf47-9d0eff53a05b,Volvo,XC40,XC40 1.5 T2 Core Geartronic,Dealer,28990,b,22519,08-2024,1360,https://prod.pictures.autoscout24.net/listing-images/9bfc7fd7-943d-4320-bf47-9d0eff53a05b_99fb8087-e0c6-4d9a-967d-6e396851cb22.jpg/250x188.webp https://prod.pictures.autoscout24.net/listing-images/9bfc7fd7-943d-4320-bf47-9d0eff53a05b_00bc5cac-892d-4acf-bcb4-eb8a01682c4f.jpg/250x188.webp https://prod.pictures.autoscout24.net/listing-images/9bfc7fd7-943d-4320-bf47-9d0eff53a05b_39c32ba7-71c4-427f-b104-a04b69d54d16.jpg/250x188.webp https://prod.pictures.autoscout24.net/listing-images/9bfc7fd7-943d-4320-bf47-9d0eff53a05b_4de16901-bcb6-4cec-a262-225a500d4893.jpg/250x188.webp https://prod.pictures.autoscout24.net/listing-images/9bfc7fd7-943d-4320-bf47-9d0eff53a05b_baf5f8cd-af3b-4e73-b65b-810cbf85c3a7.jpg/250x188.webp https://prod.pictures.autoscout24.net/listing-images/9bfc7fd7-943d-4320-bf47-9d0eff53a05b_d776b343-f6b5-463d-bad5-3b1e496849d5.jpg/250x188.webp https://prod.pictures.autoscout24.net/listing-images/9bfc7fd7-943d-4320-bf47-9d0eff53a05b_6e2f959c-4e38-4434-b046-61102c0dd254.jpg/250x188.webp https://prod.pictures.autoscout24.net/listing-images/9bfc7fd7-943d-4320-bf47-9d0eff53a05b_de3728e9-1c79-4881-8546-3ce56f8e80c2.jpg/250x188.webp https://prod.pictures.autoscout24.net/listing-images/9bfc7fd7-943d-4320-bf47-9d0eff53a05b_b38556f5-38a5-4f4e-a24a-d8baee6a57bf.jpg/250x188.webp https://prod.pictures.autoscout24.net/listing-images/9bfc7fd7-943d-4320-bf47-9d0eff53a05b_def9ab53-e057-40c8-9bed-17a5bcf3745e.jpg/250x188.webp https://prod.pictures.autoscout24.net/listing-images/9bfc7fd7-943d-4320-bf47-9d0eff53a05b_e050d1d9-103a-4de3-bbd1-dd43370a4991.jpg/250x188.webp https://prod.pictures.autoscout24.net/listing-images/9bfc7fd7-943d-4320-bf47-9d0eff53a05b_6d571614-fea2-4120-bd2a-a3ac78473e81.jpg/250x188.webp https://prod.pictures.autoscout24.net/listing-images/9bfc7fd7-943d-4320-bf47-9d0eff53a05b_96b2b261-7107-41aa-af01-ee97e6b09dc5.jpg/250x188.webp https://prod.pictures.autoscout24.net/listing-images/9bfc7fd7-943d-4320-bf47-9d0eff53a05b_87b59d08-8683-4010-af70-ad3dfc86d7c5.jpg/250x188.webp https://prod.pictures.autoscout24.net/listing-images/9bfc7fd7-943d-4320-bf47-9d0eff53a05b_17bc6e8e-f46c-427f-a33c-3e567f7c5277.jpg/250x188.webp https://prod.pictures.autoscout24.net/listing-images/9bfc7fd7-943d-4320-bf47-9d0eff53a05b_64849235-b796-4f1f-bdfb-5e5c77f520d5.jpg/250x188.webp https://prod.pictures.autoscout24.net/listing-images/9bfc7fd7-943d-4320-bf47-9d0eff53a05b_f29fe2ae-a160-405d-b8e8-1f3663e98e13.jpg/250x188.webp https://prod.pictures.autoscout24.net/listing-images/9bfc7fd7-943d-4320-bf47-9d0eff53a05b_e769e14d-9497-420e-a6e5-a059fc82a639.jpg/250x188.webp https://prod.pictures.autoscout24.net/listing-images/9bfc7fd7-943d-4320-bf47-9d0eff53a05b_e83b4271-2e80-4a76-ac7d-fad76e36dbaf.jpg/250x188.webp https://prod.pictures.autoscout24.net/listing-images/9bfc7fd7-943d-4320-bf47-9d0eff53a05b_20799ba4-4e03-4886-b31a-153130033377.jpg/250x188.webp https://prod.pictures.autoscout24.net/listing-images/9bfc7fd7-943d-4320-bf47-9d0eff53a05b_ef3042b6-654b-4555-bf34-b6ea9627b292.jpg/250x188.webp https://prod.pictures.autoscout24.net/listing-images/9bfc7fd7-943d-4320-bf47-9d0eff53a05b_df6d5ac7-fee8-4fc8-adf3-606cc207e507.jpg/250x188.webp https://prod.pictures.autoscout24.net/listing-images/9bfc7fd7-943d-4320-bf47-9d0eff53a05b_e8787dbc-662f-4e73-a434-3afbb6979619.jpg/250x188.webp,94.95578091076999,571
d61d7116-89f5-4c0a-a014-0b74eaf0da93,Volvo,XC40,1.5 T2 ESSENTIAL AUTO,Dealer,26500,b,76824,01-2023,8800,https://prod.pictures.autoscout24.net/listing-images/d61d7116-89f5-4c0a-a014-0b74eaf0da93_10f7a245-2091-4551-ac81-a28c283ec7e2.png/250x188.webp https://prod.pictures.autoscout24.net/listing-images/d61d7116-89f5-4c0a-a014-0b74eaf0da93_99e7ffdd-a71c-477b-82df-6039a5e9b4e6.jpg/250x188.webp https://prod.pictures.autoscout24.net/listing-images/d61d7116-89f5-4c0a-a014-0b74eaf0da93_7e08eb94-0b2e-4be5-a541-776c41ab6718.jpg/250x188.webp https://prod.pictures.autoscout24.net/listing-images/d61d7116-89f5-4c0a-a014-0b74eaf0da93_6e0fe63f-2e1a-4a27-99c4-81c7b60d8d7c.jpg/250x188.webp https://prod.pictures.autoscout24.net/listing-images/d61d7116-89f5-4c0a-a014-0b74eaf0da93_cbb49328-0d87-4dc6-9787-5ada43073645.jpg/250x188.webp https://prod.pictures.autoscout24.net/listing-images/d61d7116-89f5-4c0a-a014-0b74eaf0da93_e738f6ef-f71d-4409-ba7a-460a64ab120a.jpg/250x188.webp https://prod.pictures.autoscout24.net/listing-images/d61d7116-89f5-4c0a-a014-0b74eaf0da93_3aea1994-34d1-49db-9c1a-1f53635c5447.jpg/250x188.webp https://prod.pictures.autoscout24.net/listing-images/d61d7116-89f5-4c0a-a014-0b74eaf0da93_e8ec04dd-ed74-4c40-a2d6-599b4a941040.jpg/250x188.webp https://prod.pictures.autoscout24.net/listing-images/d61d7116-89f5-4c0a-a014-0b74eaf0da93_6a5e467e-a4c3-49d9-a4f5-5f24d4334254.jpg/250x188.webp https://prod.pictures.autoscout24.net/listing-images/d61d7116-89f5-4c0a-a014-0b74eaf0da93_79c281a7-c0db-482b-b72d-38cdf60fd6ca.jpg/250x188.webp https://prod.pictures.autoscout24.net/listing-images/d61d7116-89f5-4c0a-a014-0b74eaf0da93_739d1afd-51f7-4ddf-bf46-2132bcd91aa4.jpg/250x188.webp https://prod.pictures.autoscout24.net/listing-images/d61d7116-89f5-4c0a-a014-0b74eaf0da93_dbaad2c9-56da-4303-b0a3-2dd74386f08f.jpg/250x188.webp https://prod.pictures.autoscout24.net/listing-images/d61d7116-89f5-4c0a-a014-0b74eaf0da93_124511a8-ba6c-4f25-9ad7-20d775f646e2.jpg/250x188.webp https://prod.pictures.autoscout24.net/listing-images/d61d7116-89f5-4c0a-a014-0b74eaf0da93_0db53b29-9f3f-4322-9f2a-a8b3ce1f835d.jpg/250x188.webp https://prod.pictures.autoscout24.net/listing-images/d61d7116-89f5-4c0a-a014-0b74eaf0da93_589fdef0-44a0-45bb-a641-83867792406f.jpg/250x188.webp https://prod.pictures.autoscout24.net/listing-images/d61d7116-89f5-4c0a-a014-0b74eaf0da93_8817b07b-d872-435a-a6b7-31ee9387c4d5.jpg/250x188.webp https://prod.pictures.autoscout24.net/listing-images/d61d7116-89f5-4c0a-a014-0b74eaf0da93_0b79811a-dc2f-41ba-b582-87a1a5ffe7ac.jpg/250x188.webp https://prod.pictures.autoscout24.net/listing-images/d61d7116-89f5-4c0a-a014-0b74eaf0da93_62093bf2-e663-477c-9768-de8cec1e1b85.jpg/250x188.webp,109.03360945246584,1149
cd9ceb8a-1445-40da-a750-4a10926112c3,Volvo,XC40,XC40 T5 Recharge DKG Inscription Expression,Dealer,26500,2,61133,11-2020,8560,https://prod.pictures.autoscout24.net/listing-images/cd9ceb8a-1445-40da-a750-4a10926112c3_478596b3-9d74-496e-98bf-f15e63282cbb.jpg/250x188.webp https://prod.pictures.autoscout24.net/listing-images/cd9ceb8a-1445-40da-a750-4a10926112c3_39b331e9-d88c-4cd0-a845-574456befcf5.jpg/250x188.webp https://prod.pictures.autoscout24.net/listing-images/cd9ceb8a-1445-40da-a750-4a10926112c3_a4326184-ca1b-4575-8828-2d6a6e2907e3.jpg/250x188.webp https://prod.pictures.autoscout24.net/listing-images/cd9ceb8a-1445-40da-a750-4a10926112c3_30163fc9-54a2-40b7-9e8b-ae31c5501a36.jpg/250x188.webp https://prod.pictures.autoscout24.net/listing-images/cd9ceb8a-1445-40da-a750-4a10926112c3_8269d42d-09a3-496a-a4d4-582afce8c748.jpg/250x188.webp https://prod.pictures.autoscout24.net/listing-images/cd9ceb8a-1445-40da-a750-4a10926112c3_184f52a3-cdb5-4d22-b305-5f754dea985a.jpg/250x188.webp https://prod.pictures.autoscout24.net/listing-images/cd9ceb8a-1445-40da-a750-4a10926112c3_c866b031-1e70-451c-908c-ad2af3153094.jpg/250x188.webp https://prod.pictures.autoscout24.net/listing-images/cd9ceb8a-1445-40da-a750-4a10926112c3_f6e02f6f-eba8-469e-a3d1-8f439325388f.jpg/250x188.webp https://prod.pictures.autoscout24.net/listing-images/cd9ceb8a-1445-40da-a750-4a10926112c3_352cf0c8-5b47-4696-a823-efb024b8ef86.jpg/250x188.webp https://prod.pictures.autoscout24.net/listing-images/cd9ceb8a-1445-40da-a750-4a10926112c3_3a22e3d8-3225-4e10-8e86-1c7467cb47e0.jpg/250x188.webp https://prod.pictures.autoscout24.net/listing-images/cd9ceb8a-1445-40da-a750-4a10926112c3_dfd9de6e-6cb2-48c9-9f0c-99f10ac01311.jpg/250x188.webp https://prod.pictures.autoscout24.net/listing-images/cd9ceb8a-1445-40da-a750-4a10926112c3_4ff26e94-695b-41ad-9a91-4b61d031abae.jpg/250x188.webp https://prod.pictures.autoscout24.net/listing-images/cd9ceb8a-1445-40da-a750-4a10926112c3_697ab7b6-353c-454d-a40a-31515a469f05.jpg/250x188.webp https://prod.pictures.autoscout24.net/listing-images/cd9ceb8a-1445-40da-a750-4a10926112c3_4af4a7b9-b95b-4678-90fe-edbb2533fed0.jpg/250x188.webp https://prod.pictures.autoscout24.net/listing-images/cd9ceb8a-1445-40da-a750-4a10926112c3_17195bd9-d4d1-410c-8885-203956750a3e.jpg/250x188.webp https://prod.pictures.autoscout24.net/listing-images/cd9ceb8a-1445-40da-a750-4a10926112c3_d20e75d4-d80f-4749-a6a8-17901fe71a7b.jpg/250x188.webp https://prod.pictures.autoscout24.net/listing-images/cd9ceb8a-1445-40da-a750-4a10926112c3_b845dc52-6ed3-45a6-843a-70a26f330b06.jpg/250x188.webp https://prod.pictures.autoscout24.net/listing-images/cd9ceb8a-1445-40da-a750-4a10926112c3_477733bd-fc6e-4e8b-9cc0-2034ccf06271.jpg/250x188.webp,114.82282110836424,1940
a39cfb03-6d14-41d8-81d5-22b39c3a7509,Volvo,XC40,XC40 1.5 T4 PHEV Plus Dark Design DCT,PrivateSeller,26500,2,95300,11-2021,7134,https://prod.pictures.autoscout24.net/listing-images/a39cfb03-6d14-41d8-81d5-22b39c3a7509_f062124a-2231-4c6e-b672-cf877a4be647.jpg/250x188.webp https://prod.pictures.autoscout24.net/listing-images/a39cfb03-6d14-41d8-81d5-22b39c3a7509_34cacb61-a729-4574-a8cc-505324e4cbd4.jpg/250x188.webp https://prod.pictures.autoscout24.net/listing-images/a39cfb03-6d14-41d8-81d5-22b39c3a7509_f23b3933-05b6-4854-8985-3d8fd78393ed.jpg/250x188.webp https://prod.pictures.autoscout24.net/listing-images/a39cfb03-6d14-41d8-81d5-22b39c3a7509_068c84c9-133f-41ce-85c3-52b3d18b57d5.jpg/250x188.webp https://prod.pictures.autoscout24.net/listing-images/a39cfb03-6d14-41d8-81d5-22b39c3a7509_edae2647-2a75-469c-9b98-043a291f1c01.jpg/250x188.webp https://prod.pictures.autoscout24.net/listing-images/a39cfb03-6d14-41d8-81d5-22b39c3a7509_f8bcfbf3-5813-4ff8-b297-beb5fca739a8.jpg/250x188.webp https://prod.pictures.autoscout24.net/listing-images/a39cfb03-6d14-41d8-81d5-22b39c3a7509_dc4df34d-2589-487f-a61f-bba33301df05.jpg/250x188.webp,118.25728243738361,1575
ba668b4c-f864-471f-ac58-3239485997ec,Volvo,XC40,1.5 T2 Inscription Geartronic,Dealer,26500,b,15432,02-2021,3600,https://prod.pictures.autoscout24.net/listing-images/ba668b4c-f864-471f-ac58-3239485997ec_1cab9011-6d6a-46e5-b64a-3abd87d36bfa.jpg/250x188.webp https://prod.pictures.autoscout24.net/listing-images/ba668b4c-f864-471f-ac58-3239485997ec_b758bc49-ff0c-4a35-bce6-8f2f230115e1.jpg/250x188.webp https://prod.pictures.autoscout24.net/listing-images/ba668b4c-f864-471f-ac58-3239485997ec_af486cf8-afff-47e1-a67d-bb4839f3b08b.jpg/250x188.webp https://prod.pictures.autoscout24.net/listing-images/ba668b4c-f864-471f-ac58-3239485997ec_98e8b63e-25d8-48e5-ae04-c20a9004946d.jpg/250x188.webp https://prod.pictures.autoscout24.net/listing-images/ba668b4c-f864-471f-ac58-3239485997ec_9e7bdcff-3e3e-4749-95f9-5a64da599e2b.jpg/250x188.webp https://prod.pictures.autoscout24.net/listing-images/ba668b4c-f864-471f-ac58-3239485997ec_32a69357-bc97-49c6-a785-ac106ba70f5b.jpg/250x188.webp https://prod.pictures.autoscout24.net/listing-images/ba668b4c-f864-471f-ac58-3239485997ec_e9a7ef44-23e2-46fd-902b-47d941a64089.jpg/250x188.webp https://prod.pictures.autoscout24.net/listing-images/ba668b4c-f864-471f-ac58-3239485997ec_4522ba67-c106-4b29-ab29-d1652320d6a2.jpg/250x188.webp https://prod.pictures.autoscout24.net/listing-images/ba668b4c-f864-471f-ac58-3239485997ec_2ae07247-9042-4a4f-a69e-63d9fbc0f936.jpg/250x188.webp https://prod.pictures.autoscout24.net/listing-images/ba668b4c-f864-471f-ac58-3239485997ec_e7255601-050a-4cc3-8de7-ad818be04d26.jpg/250x188.webp https://prod.pictures.autoscout24.net/listing-images/ba668b4c-f864-471f-ac58-3239485997ec_9a2c606c-f0fb-4a71-bb23-d041682bd174.jpg/250x188.webp https://prod.pictures.autoscout24.net/listing-images/ba668b4c-f864-471f-ac58-3239485997ec_4ed905d6-dbfd-4f2b-af24-27eb69622746.jpg/250x188.webp https://prod.pictures.autoscout24.net/listing-images/ba668b4c-f864-471f-ac58-3239485997ec_cf62160a-13e3-40c8-8d58-7f0de4a3aba3.jpg/250x188.webp https://prod.pictures.autoscout24.net/listing-images/ba668b4c-f864-471f-ac58-3239485997ec_6319d68a-1e31-40e8-b041-aec0825c92ea.jpg/250x188.webp https://prod.pictures.autoscout24.net/listing-images/ba668b4c-f864-471f-ac58-3239485997ec_0ea6200c-d67c-4027-9293-97d0c02704b0.jpg/250x188.webp https://prod.pictures.autoscout24.net/listing-images/ba668b4c-f864-471f-ac58-3239485997ec_e5bb08be-ccca-4a70-9949-dd718b82a41b.jpg/250x188.webp https://prod.pictures.autoscout24.net/listing-images/ba668b4c-f864-471f-ac58-3239485997ec_4cbda35b-4c63-4096-81d1-3e02d483f6e3.jpg/250x188.webp https://prod.pictures.autoscout24.net/listing-images/ba668b4c-f864-471f-ac58-3239485997ec_2f0c0ecb-b356-4f22-a27f-07c1c8db5ee4.jpg/250x188.webp https://prod.pictures.autoscout24.net/listing-images/ba668b4c-f864-471f-ac58-3239485997ec_72b3e168-ea65-4ad8-a033-936d5ed65e79.jpg/250x188.webp https://prod.pictures.autoscout24.net/listing-images/ba668b4c-f864-471f-ac58-3239485997ec_08c495de-74b6-421f-8f10-a1755faac31b.jpg/250x188.webp https://prod.pictures.autoscout24.net/listing-images/ba668b4c-f864-471f-ac58-3239485997ec_b4e4a972-c0db-47c1-a679-498181c7dfe3.jpg/250x188.webp https://prod.pictures.autoscout24.net/listing-images/ba668b4c-f864-471f-ac58-3239485997ec_aeebda94-6320-4df4-80fa-5ef3aa724a00.jpg/250x188.webp,91.05707630102727,1848
ee5a473c-ee9f-4c3f-b634-18ef84ddd0e9,Volvo,XC40,T2 Geartronic Momentum Core,Dealer,26695,b,48954,01-2022,8830,https://prod.pictures.autoscout24.net/listing-images/ee5a473c-ee9f-4c3f-b634-18ef84ddd0e9_4cb68a11-00b5-4bc0-9e12-b61d292c0e7a.jpg/250x188.webp https://prod.pictures.autoscout24.net/listing-images/ee5a473c-ee9f-4c3f-b634-18ef84ddd0e9_00142e5a-e7c7-49e2-b0ca-6bd9d48130c0.jpg/250x188.webp https://prod.pictures.autoscout24.net/listing-images/ee5a473c-ee9f-4c3f-b634-18ef84ddd0e9_c361237c-b371-415a-9ac1-d726c3189a33.jpg/250x188.webp https://prod.pictures.autoscout24.net/listing-images/ee5a473c-ee9f-4c3f-b634-18ef84ddd0e9_2340cd70-7c4b-4f8e-8c81-3d319a1c899e.jpg/250x188.webp https://prod.pictures.autoscout24.net/listing-images/ee5a473c-ee9f-4c3f-b634-18ef84ddd0e9_e0155081-f691-45bb-a759-d5298fbe8184.jpg/250x188.webp https://prod.pictures.autoscout24.net/listing-images/ee5a473c-ee9f-4c3f-b634-18ef84ddd0e9_ed32e24a-a140-4827-b4a1-0a070104341f.jpg/250x188.webp https://prod.pictures.autoscout24.net/listing-images/ee5a473c-ee9f-4c3f-b634-18ef84ddd0e9_725bc0b0-1301-45f6-8a06-a5eaa4c750a2.jpg/250x188.webp https://prod.pictures.autoscout24.net/listing-images/ee5a473c-ee9f-4c3f-b634-18ef84ddd0e9_85d7dfa0-fe53-4458-ac9a-a193f5df31c5.jpg/250x188.webp https://prod.pictures.autoscout24.net/listing-images/ee5a473c-ee9f-4c3f-b634-18ef84ddd0e9_ee170026-e0c7-4201-8df8-f4aa2a2f3e99.jpg/250x188.webp https://prod.pictures.autoscout24.net/listing-images/ee5a473c-ee9f-4c3f-b634-18ef84ddd0e9_9670c4c9-721d-4867-80ca-22655db53986.jpg/250x188.webp https://prod.pictures.autoscout24.net/listing-images/ee5a473c-ee9f-4c3f-b634-18ef84ddd0e9_7579badb-28c8-4ebe-a034-dc79e77301cf.jpg/250x188.webp https://prod.pictures.autoscout24.net/listing-images/ee5a473c-ee9f-4c3f-b634-18ef84ddd0e9_8b63a04a-04a8-4018-8404-42b13c1bcef1.jpg/250x188.webp https://prod.pictures.autoscout24.net/listing-images/ee5a473c-ee9f-4c3f-b634-18ef84ddd0e9_01cbc953-f4f7-4f7a-bd69-6377027fe5f3.jpg/250x188.webp https://prod.pictures.autoscout24.net/listing-images/ee5a473c-ee9f-4c3f-b634-18ef84ddd0e9_dd0c7f16-5c34-449e-8481-bdcc778408c4.jpg/250x188.webp https://prod.pictures.autoscout24.net/listing-images/ee5a473c-ee9f-4c3f-b634-18ef84ddd0e9_1faf121b-9978-4a2c-ac38-1bb9bf7f64d0.jpg/250x188.webp https://prod.pictures.autoscout24.net/listing-images/ee5a473c-ee9f-4c3f-b634-18ef84ddd0e9_6166c971-9de0-4131-8dea-1d0d8a9addf7.jpg/250x188.webp https://prod.pictures.autoscout24.net/listing-images/ee5a473c-ee9f-4c3f-b634-18ef84ddd0e9_cc4f3857-f3e7-474e-a78e-c4da35812b91.jpg/250x188.webp https://prod.pictures.autoscout24.net/listing-images/ee5a473c-ee9f-4c3f-b634-18ef84ddd0e9_0d224143-a6f8-4dd0-9c92-feeffd64a797.jpg/250x188.webp https://prod.pictures.autoscout24.net/listing-images/ee5a473c-ee9f-4c3f-b634-18ef84ddd0e9_b5c694af-b088-4574-bba8-b16ef39fb6c1.jpg/250x188.webp https://prod.pictures.autoscout24.net/listing-images/ee5a473c-ee9f-4c3f-b634-18ef84ddd0e9_9d1c1cc7-231e-45e5-b3ee-db6f35fc465e.jpg/250x188.webp https://prod.pictures.autoscout24.net/listing-images/ee5a473c-ee9f-4c3f-b634-18ef84ddd0e9_d3ae4f16-2de8-46fb-8e98-8b45e6a82217.jpg/250x188.webp https://prod.pictures.autoscout24.net/listing-images/ee5a473c-ee9f-4c3f-b634-18ef84ddd0e9_bd084bc6-6a0d-44a2-be01-2811102639c2.jpg/250x188.webp https://prod.pictures.autoscout24.net/listing-images/ee5a473c-ee9f-4c3f-b634-18ef84ddd0e9_9a9dcdcd-6c11-48d7-885e-8b2bb5c4d140.jpg/250x188.webp https://prod.pictures.autoscout24.net/listing-images/ee5a473c-ee9f-4c3f-b634-18ef84ddd0e9_ec5b262b-12c4-45cb-9b2c-4276924361a1.jpg/250x188.webp,109.7708516918902,1514
20991d16-5377-44be-acb4-80e1669cb675,Volvo,XC40,1.5 T5 Recharge Geartr. R-Design Intellisafe PANO,Dealer,26790,2,81426,10-2020,2630,https://prod.pictures.autoscout24.net/listing-images/20991d16-5377-44be-acb4-80e1669cb675_b1433987-43e6-4291-adc9-51789991561b.jpg/250x188.webp https://prod.pictures.autoscout24.net/listing-images/20991d16-5377-44be-acb4-80e1669cb675_f36ee4d7-a7b8-479e-8492-b9f13e51dde9.jpg/250x188.webp https://prod.pictures.autoscout24.net/listing-images/20991d16-5377-44be-acb4-80e1669cb675_9632d3f8-d759-4dc9-8ecf-31168055f43e.jpg/250x188.webp https://prod.pictures.autoscout24.net/listing-images/20991d16-5377-44be-acb4-80e1669cb675_ab1a905e-8ffd-4d94-a6dc-39c86b38397f.jpg/250x188.webp https://prod.pictures.autoscout24.net/listing-images/20991d16-5377-44be-acb4-80e1669cb675_e3dca529-705a-47f6-86bf-efa75cdd44dd.jpg/250x188.webp https://prod.pictures.autoscout24.net/listing-images/20991d16-5377-44be-acb4-80e1669cb675_ca349400-6743-4c36-9269-2b0909960cd1.jpg/250x188.webp https://prod.pictures.autoscout24.net/listing-images/20991d16-5377-44be-acb4-80e1669cb675_13b1e974-61ca-47b7-9811-e0c4e0744738.jpg/250x188.webp https://prod.pictures.autoscout24.net/listing-images/20991d16-5377-44be-acb4-80e1669cb675_28a915b8-e865-4b02-a1bc-9f49cf689dd3.jpg/250x188.webp https://prod.pictures.autoscout24.net/listing-images/20991d16-5377-44be-acb4-80e1669cb675_7fce3e9f-5f7c-499f-a25f-17aee636a69f.jpg/250x188.webp https://prod.pictures.autoscout24.net/listing-images/20991d16-5377-44be-acb4-80e1669cb675_f8dceea0-d9f7-4f90-b5bc-0cf3adb14663.jpg/250x188.webp https://prod.pictures.autoscout24.net/listing-images/20991d16-5377-44be-acb4-80e1669cb675_39877970-1bd1-423c-b7dc-d200becce2be.jpg/250x188.webp https://prod.pictures.autoscout24.net/listing-images/20991d16-5377-44be-acb4-80e1669cb675_666fb74e-a8e1-4d3a-803d-9fecab3b91cb.jpg/250x188.webp https://prod.pictures.autoscout24.net/listing-images/20991d16-5377-44be-acb4-80e1669cb675_7cc667af-47de-45a4-a018-762a058076c1.jpg/250x188.webp https://prod.pictures.autoscout24.net/listing-images/20991d16-5377-44be-acb4-80e1669cb675_8acf9afe-75e9-4898-a5a3-1512d3ad6505.jpg/250x188.webp https://prod.pictures.autoscout24.net/listing-images/20991d16-5377-44be-acb4-80e1669cb675_c739b32c-082a-4c6c-ba4b-5e42fedfcebd.jpg/250x188.webp https://prod.pictures.autoscout24.net/listing-images/20991d16-5377-44be-acb4-80e1669cb675_e6d51992-ddda-4d22-a7ad-5214c236c50f.jpg/250x188.webp https://prod.pictures.autoscout24.net/listing-images/20991d16-5377-44be-acb4-80e1669cb675_c7ebe5f8-2a81-4801-8aee-5893ce2a6122.jpg/250x188.webp https://prod.pictures.autoscout24.net/listing-images/20991d16-5377-44be-acb4-80e1669cb675_50adc420-15aa-4ee5-bc18-bf7ab16f30b8.jpg/250x188.webp https://prod.pictures.autoscout24.net/listing-images/20991d16-5377-44be-acb4-80e1669cb675_13d50270-2574-4a45-8c85-36815cc80fd1.jpg/250x188.webp https://prod.pictures.autoscout24.net/listing-images/20991d16-5377-44be-acb4-80e1669cb675_77279a09-5b22-4722-92e9-4c61a8be9209.jpg/250x188.webp,37.55427282853161,1971
133ec3b9-2f9a-4cea-b40b-74bda3c957cc,Volvo,XC40,XC40 2.0 B4 MHEV Momentum Pro DCT OPEN DAK,Dealer,26800,b,72357,11-2021,9990,https://prod.pictures.autoscout24.net/listing-images/133ec3b9-2f9a-4cea-b40b-74bda3c957cc_ebdfe689-a6f0-461c-ab80-0d556fcf13fd.jpg/250x188.webp https://prod.pictures.autoscout24.net/listing-images/133ec3b9-2f9a-4cea-b40b-74bda3c957cc_59f920d1-29ed-4225-8363-15264efc09ce.jpg/250x188.webp https://prod.pictures.autoscout24.net/listing-images/133ec3b9-2f9a-4cea-b40b-74bda3c957cc_d8a31527-6401-4a80-a447-e9ab5c2a1d97.jpg/250x188.webp https://prod.pictures.autoscout24.net/listing-images/133ec3b9-2f9a-4cea-b40b-74bda3c957cc_a3a9892a-edb1-4ad1-abd3-89b0c69c6a9a.jpg/250x188.webp https://prod.pictures.autoscout24.net/listing-images/133ec3b9-2f9a-4cea-b40b-74bda3c957cc_d1229dbf-eb92-4881-89b7-2d893d9b1bdc.jpg/250x188.webp https://prod.pictures.autoscout24.net/listing-images/133ec3b9-2f9a-4cea-b40b-74bda3c957cc_a0b638ea-f039-403e-8d86-3c53e14462bd.jpg/250x188.webp https://prod.pictures.autoscout24.net/listing-images/133ec3b9-2f9a-4cea-b40b-74bda3c957cc_d2333ae9-c2ec-4293-a7fa-68f9777a4061.jpg/250x188.webp,76.7983356711753,1575
9cb9ab2d-d5c8-49eb-a9b0-2eb5e9cc79e7,Volvo,V60,V60 T6 AWD Recharge Geartronic RDesign,Dealer,26800,2,82781,07-2020,8730,https://prod.pictures.autoscout24.net/listing-images/9cb9ab2d-d5c8-49eb-a9b0-2eb5e9cc79e7_8361e8df-51fc-4ff2-aca4-d9c048bceafe.jpg/250x188.webp https://prod.pictures.autoscout24.net/listing-images/9cb9ab2d-d5c8-49eb-a9b0-2eb5e9cc79e7_73f8c386-944e-4946-a626-0c69ca8fcf61.jpg/250x188.webp https://prod.pictures.autoscout24.net/listing-images/9cb9ab2d-d5c8-49eb-a9b0-2eb5e9cc79e7_45346a79-20ed-4bdd-82dd-aff0eecafc87.jpg/250x188.webp https://prod.pictures.autoscout24.net/listing-images/9cb9ab2d-d5c8-49eb-a9b0-2eb5e9cc79e7_b1355b6e-da84-4233-873c-8b9abba397eb.jpg/250x188.webp https://prod.pictures.autoscout24.net/listing-images/9cb9ab2d-d5c8-49eb-a9b0-2eb5e9cc79e7_65e07350-ad9a-4f30-8e90-d7c7471e6370.jpg/250x188.webp https://prod.pictures.autoscout24.net/listing-images/9cb9ab2d-d5c8-49eb-a9b0-2eb5e9cc79e7_a3f39cf0-0723-401d-af59-2cef5efabb8c.jpg/250x188.webp https://prod.pictures.autoscout24.net/listing-images/9cb9ab2d-d5c8-49eb-a9b0-2eb5e9cc79e7_885a5c72-b04f-49c3-a457-0ecdae848adf.jpg/250x188.webp https://prod.pictures.autoscout24.net/listing-images/9cb9ab2d-d5c8-49eb-a9b0-2eb5e9cc79e7_5959496b-358b-485f-9a08-09505a527556.jpg/250x188.webp https://prod.pictures.autoscout24.net/listing-images/9cb9ab2d-d5c8-49eb-a9b0-2eb5e9cc79e7_99b51596-780c-45d3-89c2-642a7bc39262.jpg/250x188.webp https://prod.pictures.autoscout24.net/listing-images/9cb9ab2d-d5c8-49eb-a9b0-2eb5e9cc79e7_1cf91a82-5afb-4270-b41c-4a248a728b98.jpg/250x188.webp https://prod.pictures.autoscout24.net/listing-images/9cb9ab2d-d5c8-49eb-a9b0-2eb5e9cc79e7_5c3daa2d-95ee-4fee-a051-b213e4fb674e.jpg/250x188.webp https://prod.pictures.autoscout24.net/listing-images/9cb9ab2d-d5c8-49eb-a9b0-2eb5e9cc79e7_748d5af2-f24e-4476-a621-7c6819e89e90.jpg/250x188.webp https://prod.pictures.autoscout24.net/listing-images/9cb9ab2d-d5c8-49eb-a9b0-2eb5e9cc79e7_f76333a9-4735-42a1-86ac-97b5385a2692.jpg/250x188.webp https://prod.pictures.autoscout24.net/listing-images/9cb9ab2d-d5c8-49eb-a9b0-2eb5e9cc79e7_f33c0cd2-ed0b-41c8-abdf-86b617e5fd4a.jpg/250x188.webp https://prod.pictures.autoscout24.net/listing-images/9cb9ab2d-d5c8-49eb-a9b0-2eb5e9cc79e7_8e605226-7e23-4ed6-b7c8-b216a93b5cd4.jpg/250x188.webp https://prod.pictures.autoscout24.net/listing-images/9cb9ab2d-d5c8-49eb-a9b0-2eb5e9cc79e7_e3471fdd-a651-4415-b610-6aa559ff77f5.jpg/250x188.webp https://prod.pictures.autoscout24.net/listing-images/9cb9ab2d-d5c8-49eb-a9b0-2eb5e9cc79e7_f5e485b3-9d51-47ba-ae84-8607840d6a06.jpg/250x188.webp https://prod.pictures.autoscout24.net/listing-images/9cb9ab2d-d5c8-49eb-a9b0-2eb5e9cc79e7_fb187f6a-1f63-44a5-8ed7-7f167ab4e8dc.jpg/250x188.webp https://prod.pictures.autoscout24.net/listing-images/9cb9ab2d-d5c8-49eb-a9b0-2eb5e9cc79e7_b9c944fc-4310-429c-96d6-30f44dc96ed2.jpg/250x188.webp https://prod.pictures.autoscout24.net/listing-images/9cb9ab2d-d5c8-49eb-a9b0-2eb5e9cc79e7_37e4bd92-d41f-4516-8b31-ac4af887c707.jpg/250x188.webp https://prod.pictures.autoscout24.net/listing-images/9cb9ab2d-d5c8-49eb-a9b0-2eb5e9cc79e7_201d7574-bba5-4bab-995c-4e3a3f18a221.jpg/250x188.webp https://prod.pictures.autoscout24.net/listing-images/9cb9ab2d-d5c8-49eb-a9b0-2eb5e9cc79e7_88405742-6bb3-4de7-9ab0-d505733f0635.jpg/250x188.webp https://prod.pictures.autoscout24.net/listing-images/9cb9ab2d-d5c8-49eb-a9b0-2eb5e9cc79e7_a3a83868-e409-458f-b81d-5052dcf81923.jpg/250x188.webp https://prod.pictures.autoscout24.net/listing-images/9cb9ab2d-d5c8-49eb-a9b0-2eb5e9cc79e7_a565d5bb-1ba3-4436-9690-4e456c080eba.jpg/250x188.webp https://prod.pictures.autoscout24.net/listing-images/9cb9ab2d-d5c8-49eb-a9b0-2eb5e9cc79e7_b145d23b-e6a4-4020-aeef-869f2209afc9.jpg/250x188.webp https://prod.pictures.autoscout24.net/listing-images/9cb9ab2d-d5c8-49eb-a9b0-2eb5e9cc79e7_fd4a38bc-0a24-4dd2-bd17-4b77ee6268ee.jpg/250x188.webp https://prod.pictures.autoscout24.net/listing-images/9cb9ab2d-d5c8-49eb-a9b0-2eb5e9cc79e7_1c5faf81-d9d6-43d1-ba5e-a1a5727c43ef.jpg/250x188.webp https://prod.pictures.autoscout24.net/listing-images/9cb9ab2d-d5c8-49eb-a9b0-2eb5e9cc79e7_30bacac1-e92a-41bf-9909-bcd5d907f0a4.jpg/250x188.webp,85.81761940458205,2063
424cd01f-a7b5-475e-81ea-effc9e9c0122,Volvo,V60,2.0 B3 MHEV R-Design DCT Nappa LEDER/CUIR LED GPS,Dealer,26890,b,44136,01-2022,2630,https://prod.pictures.autoscout24.net/listing-images/424cd01f-a7b5-475e-81ea-effc9e9c0122_21894af4-95d3-48fe-bf14-1d671786faa3.jpg/250x188.webp https://prod.pictures.autoscout24.net/listing-images/424cd01f-a7b5-475e-81ea-effc9e9c0122_0a2bbd93-e135-46ee-a90e-7cdf9e245af8.jpg/250x188.webp https://prod.pictures.autoscout24.net/listing-images/424cd01f-a7b5-475e-81ea-effc9e9c0122_238d5aed-0b9b-4f94-9681-569c80adfb13.jpg/250x188.webp https://prod.pictures.autoscout24.net/listing-images/424cd01f-a7b5-475e-81ea-effc9e9c0122_b0934a40-f633-4361-98f7-0648d5e12036.jpg/250x188.webp https://prod.pictures.autoscout24.net/listing-images/424cd01f-a7b5-475e-81ea-effc9e9c0122_4930dbf5-ab5b-452a-9adb-ad9b0257495f.jpg/250x188.webp https://prod.pictures.autoscout24.net/listing-images/424cd01f-a7b5-475e-81ea-effc9e9c0122_db403408-523b-40f1-9c49-001355b48e08.jpg/250x188.webp https://prod.pictures.autoscout24.net/listing-images/424cd01f-a7b5-475e-81ea-effc9e9c0122_36148c9c-6456-4062-952f-a97ea827a11b.jpg/250x188.webp https://prod.pictures.autoscout24.net/listing-images/424cd01f-a7b5-475e-81ea-effc9e9c0122_d9209705-c2b5-4c2e-9058-3079b6b40f50.jpg/250x188.webp https://prod.pictures.autoscout24.net/listing-images/424cd01f-a7b5-475e-81ea-effc9e9c0122_87d14af2-f1b6-40a2-bf78-f34c76c82104.jpg/250x188.webp https://prod.pictures.autoscout24.net/listing-images/424cd01f-a7b5-475e-81ea-effc9e9c0122_11241d1b-e2b3-4ff6-9b24-64a7730a510a.jpg/250x188.webp https://prod.pictures.autoscout24.net/listing-images/424cd01f-a7b5-475e-81ea-effc9e9c0122_3aa46bd8-69b0-4c04-9fdf-f151524eeb27.jpg/250x188.webp https://prod.pictures.autoscout24.net/listing-images/424cd01f-a7b5-475e-81ea-effc9e9c0122_50071990-bd8c-4a0f-a507-c4254e04a45b.jpg/250x188.webp https://prod.pictures.autoscout24.net/listing-images/424cd01f-a7b5-475e-81ea-effc9e9c0122_4302318d-522e-43fd-b513-76df3156118b.jpg/250x188.webp https://prod.pictures.autoscout24.net/listing-images/424cd01f-a7b5-475e-81ea-effc9e9c0122_38bbfdac-c719-4af5-b203-7596d80ad505.jpg/250x188.webp https://prod.pictures.autoscout24.net/listing-images/424cd01f-a7b5-475e-81ea-effc9e9c0122_9dedfbe3-0bcb-4bd1-b3d1-32c830780028.jpg/250x188.webp https://prod.pictures.autoscout24.net/listing-images/424cd01f-a7b5-475e-81ea-effc9e9c0122_c467dc88-d68e-4e8e-bac3-6d438601997f.jpg/250x188.webp https://prod.pictures.autoscout24.net/listing-images/424cd01f-a7b5-475e-81ea-effc9e9c0122_9d4efbd4-c23c-4418-bd18-f4f36478b2a8.jpg/250x188.webp https://prod.pictures.autoscout24.net/listing-images/424cd01f-a7b5-475e-81ea-effc9e9c0122_f3c98d01-7708-4267-8e3d-8d18ea8530d3.jpg/250x188.webp https://prod.pictures.autoscout24.net/listing-images/424cd01f-a7b5-475e-81ea-effc9e9c0122_0e2c3c76-dab6-4f58-96d7-7b203c42368c.jpg/250x188.webp https://prod.pictures.autoscout24.net/listing-images/424cd01f-a7b5-475e-81ea-effc9e9c0122_728831bd-b2f7-419b-9a2d-4e204eda910e.jpg/250x188.webp https://prod.pictures.autoscout24.net/listing-images/424cd01f-a7b5-475e-81ea-effc9e9c0122_8ac43255-4741-4605-b687-91ad5655bf7a.jpg/250x188.webp https://prod.pictures.autoscout24.net/listing-images/424cd01f-a7b5-475e-81ea-effc9e9c0122_13f70edb-d794-420f-9d5f-a4ebc39a14f3.jpg/250x188.webp https://prod.pictures.autoscout24.net/listing-images/424cd01f-a7b5-475e-81ea-effc9e9c0122_b7336fd7-62b0-4a7e-ba4e-b0e30d0a929b.jpg/250x188.webp https://prod.pictures.autoscout24.net/listing-images/424cd01f-a7b5-475e-81ea-effc9e9c0122_c1b0d85b-7416-4807-81e5-5ca6240af62b.jpg/250x188.webp https://prod.pictures.autoscout24.net/listing-images/424cd01f-a7b5-475e-81ea-effc9e9c0122_fa6760aa-9aa6-4b6c-bdc2-f8fe383eff54.jpg/250x188.webp https://prod.pictures.autoscout24.net/listing-images/424cd01f-a7b5-475e-81ea-effc9e9c0122_e85ac144-40ba-48d8-8d04-fa21f7f1e338.jpg/250x188.webp https://prod.pictures.autoscout24.net/listing-images/424cd01f-a7b5-475e-81ea-effc9e9c0122_0899d932-de60-4ab5-b08f-c58a922637f6.jpg/250x188.webp https://prod.pictures.autoscout24.net/listing-images/424cd01f-a7b5-475e-81ea-effc9e9c0122_50065e05-a7eb-44b3-90f6-3bec76ebaeae.jpg/250x188.webp https://prod.pictures.autoscout24.net/listing-images/424cd01f-a7b5-475e-81ea-effc9e9c0122_321174ce-e1ab-458f-b5c1-eea4c47ce3f9.jpg/250x188.webp https://prod.pictures.autoscout24.net/listing-images/424cd01f-a7b5-475e-81ea-effc9e9c0122_be9b9823-7cdc-4d11-b879-d1b7c31482c5.jpg/250x188.webp https://prod.pictures.autoscout24.net/listing-images/424cd01f-a7b5-475e-81ea-effc9e9c0122_9c05d357-d8fb-4bd8-b235-49fedf1b0dfd.jpg/250x188.webp https://prod.pictures.autoscout24.net/listing-images/424cd01f-a7b5-475e-81ea-effc9e9c0122_fee85fff-f14f-4966-bbcd-0bdbc93ec3bc.jpg/250x188.webp https://prod.pictures.autoscout24.net/listing-images/424cd01f-a7b5-475e-81ea-effc9e9c0122_84c1bc22-e39f-4814-b19f-83d4be6cdc29.jpg/250x188.webp https://prod.pictures.autoscout24.net/listing-images/424cd01f-a7b5-475e-81ea-effc9e9c0122_1028f140-be7e-49a0-86eb-8f752f44670a.jpg/250x188.webp https://prod.pictures.autoscout24.net/listing-images/424cd01f-a7b5-475e-81ea-effc9e9c0122_76edbf44-5b55-4e95-8b1b-ef9f6077d95d.jpg/250x188.webp https://prod.pictures.autoscout24.net/listing-images/424cd01f-a7b5-475e-81ea-effc9e9c0122_617b2fae-3122-4fa0-97dc-12e030f0c956.jpg/250x188.webp,37.55427282853161,1514
e540a8ab-137b-404e-b242-1f3b07faf8da,Volvo,V60,T6 AWD Camera/ Carplay/ Keyless/ Perf. Audio/ ACC,Dealer,26890,2,89334,11-2020,3900,https://prod.pictures.autoscout24.net/listing-images/e540a8ab-137b-404e-b242-1f3b07faf8da_95fa16f6-60bc-4b0c-9a05-610cd7279b8d.jpg/250x188.webp https://prod.pictures.autoscout24.net/listing-images/e540a8ab-137b-404e-b242-1f3b07faf8da_f800a6f0-b0c5-476c-afc8-b6b95a1ad40a.jpg/250x188.webp https://prod.pictures.autoscout24.net/listing-images/e540a8ab-137b-404e-b242-1f3b07faf8da_4fa10dd5-8399-457a-8afb-7b416f5deb62.jpg/250x188.webp https://prod.pictures.autoscout24.net/listing-images/e540a8ab-137b-404e-b242-1f3b07faf8da_79ab2e2c-78cf-45ca-b7fe-87271e353ced.jpg/250x188.webp https://prod.pictures.autoscout24.net/listing-images/e540a8ab-137b-404e-b242-1f3b07faf8da_7fbb41f1-42b1-4dc3-aa8e-ad707aadff39.jpg/250x188.webp https://prod.pictures.autoscout24.net/listing-images/e540a8ab-137b-404e-b242-1f3b07faf8da_1b82a0a1-60e1-47cf-a632-2ad609dab2d3.jpg/250x188.webp https://prod.pictures.autoscout24.net/listing-images/e540a8ab-137b-404e-b242-1f3b07faf8da_7299950c-6e12-45fb-850a-ebd692940f55.jpg/250x188.webp https://prod.pictures.autoscout24.net/listing-images/e540a8ab-137b-404e-b242-1f3b07faf8da_4c126c80-db26-4622-8bdc-497fa2663420.jpg/250x188.webp https://prod.pictures.autoscout24.net/listing-images/e540a8ab-137b-404e-b242-1f3b07faf8da_f4a26cc5-3feb-4a09-abc3-b52dd3039c93.jpg/250x188.webp https://prod.pictures.autoscout24.net/listing-images/e540a8ab-137b-404e-b242-1f3b07faf8da_1a0aa985-16c1-4744-b6f5-d098421f60ec.jpg/250x188.webp https://prod.pictures.autoscout24.net/listing-images/e540a8ab-137b-404e-b242-1f3b07faf8da_a790b9d4-c354-4ae0-b696-b55f46a1739f.jpg/250x188.webp https://prod.pictures.autoscout24.net/listing-images/e540a8ab-137b-404e-b242-1f3b07faf8da_0d908de8-c30b-458c-8cfc-674c62307959.jpg/250x188.webp https://prod.pictures.autoscout24.net/listing-images/e540a8ab-137b-404e-b242-1f3b07faf8da_7ba8ce9a-76a9-4ce9-93c5-6ff58c96d697.jpg/250x188.webp https://prod.pictures.autoscout24.net/listing-images/e540a8ab-137b-404e-b242-1f3b07faf8da_c2ba9286-cc2b-41cf-9394-b3c5b2ce6d8c.jpg/250x188.webp https://prod.pictures.autoscout24.net/listing-images/e540a8ab-137b-404e-b242-1f3b07faf8da_5e9a2261-aed7-4af5-8134-3c9031b0b291.jpg/250x188.webp https://prod.pictures.autoscout24.net/listing-images/e540a8ab-137b-404e-b242-1f3b07faf8da_0d566772-e46d-4fcd-ba54-4d0f26395a55.jpg/250x188.webp https://prod.pictures.autoscout24.net/listing-images/e540a8ab-137b-404e-b242-1f3b07faf8da_cb74accf-060f-490d-9839-9aa6f3c613d2.jpg/250x188.webp https://prod.pictures.autoscout24.net/listing-images/e540a8ab-137b-404e-b242-1f3b07faf8da_03b3a8c7-15df-4788-a9a9-0366ade52d70.jpg/250x188.webp https://prod.pictures.autoscout24.net/listing-images/e540a8ab-137b-404e-b242-1f3b07faf8da_ea159acb-1346-4e31-bfdb-f6833f51a6ea.jpg/250x188.webp https://prod.pictures.autoscout24.net/listing-images/e540a8ab-137b-404e-b242-1f3b07faf8da_cdb66549-47db-498d-9f3e-dbc18e42563f.jpg/250x188.webp https://prod.pictures.autoscout24.net/listing-images/e540a8ab-137b-404e-b242-1f3b07faf8da_16c5b168-7af9-4b8e-9b94-e44aa3694da8.jpg/250x188.webp https://prod.pictures.autoscout24.net/listing-images/e540a8ab-137b-404e-b242-1f3b07faf8da_bd6b8d3e-c361-419f-971a-fe89dea6fadd.jpg/250x188.webp https://prod.pictures.autoscout24.net/listing-images/e540a8ab-137b-404e-b242-1f3b07faf8da_80be0f71-698c-467b-b686-c27d05a443ff.jpg/250x188.webp https://prod.pictures.autoscout24.net/listing-images/e540a8ab-137b-404e-b242-1f3b07faf8da_356e96a4-5e02-4c0a-ab84-408144e359d6.jpg/250x188.webp https://prod.pictures.autoscout24.net/listing-images/e540a8ab-137b-404e-b242-1f3b07faf8da_e39e19d3-ddb1-44df-92ac-d16a725bcc94.jpg/250x188.webp https://prod.pictures.autoscout24.net/listing-images/e540a8ab-137b-404e-b242-1f3b07faf8da_fc844164-6717-4624-ac07-3e9ac97e1d2c.jpg/250x188.webp https://prod.pictures.autoscout24.net/listing-images/e540a8ab-137b-404e-b242-1f3b07faf8da_5497dd7c-afaf-4ce8-b34f-071c769ba68c.jpg/250x188.webp,71.7180365522782,1940
c80d7a7e-d3e0-44c1-9934-1f443f608b17,Volvo,XC40,1.5T4 Recharge 211pk Inscription,Dealer,26899,2,66902,11-2021,1840,https://prod.pictures.autoscout24.net/listing-images/c80d7a7e-d3e0-44c1-9934-1f443f608b17_6b1ba1e0-a04d-464f-a7f2-cd4eb68774a5.jpg/250x188.webp https://prod.pictures.autoscout24.net/listing-images/c80d7a7e-d3e0-44c1-9934-1f443f608b17_78830cf0-a52d-4db8-bae8-29f39fc7ec0c.jpg/250x188.webp https://prod.pictures.autoscout24.net/listing-images/c80d7a7e-d3e0-44c1-9934-1f443f608b17_6857a403-97c7-41cb-aa8f-48ab48db9d74.jpg/250x188.webp https://prod.pictures.autoscout24.net/listing-images/c80d7a7e-d3e0-44c1-9934-1f443f608b17_9fbefce1-9306-49d2-bea0-345303804e4c.jpg/250x188.webp https://prod.pictures.autoscout24.net/listing-images/c80d7a7e-d3e0-44c1-9934-1f443f608b17_e846b193-f960-40d9-bae2-39dd749a1e4b.jpg/250x188.webp https://prod.pictures.autoscout24.net/listing-images/c80d7a7e-d3e0-44c1-9934-1f443f608b17_6c56a06d-c203-4d44-90d8-66e0ee2db02e.jpg/250x188.webp https://prod.pictures.autoscout24.net/listing-images/c80d7a7e-d3e0-44c1-9934-1f443f608b17_08f0fb57-3078-40e4-a5ea-231a1849b0c6.jpg/250x188.webp https://prod.pictures.autoscout24.net/listing-images/c80d7a7e-d3e0-44c1-9934-1f443f608b17_cfa21fb2-fe67-4b08-859c-5baa251f4052.jpg/250x188.webp https://prod.pictures.autoscout24.net/listing-images/c80d7a7e-d3e0-44c1-9934-1f443f608b17_025f1f80-58c6-4383-9d39-2cde9575a3a4.jpg/250x188.webp https://prod.pictures.autoscout24.net/listing-images/c80d7a7e-d3e0-44c1-9934-1f443f608b17_caf055b0-bca6-4261-9abd-41ef292b8ef9.jpg/250x188.webp https://prod.pictures.autoscout24.net/listing-images/c80d7a7e-d3e0-44c1-9934-1f443f608b17_13758a41-36f2-46ce-a9fe-5bb02655ceb6.jpg/250x188.webp https://prod.pictures.autoscout24.net/listing-images/c80d7a7e-d3e0-44c1-9934-1f443f608b17_0e553566-6c61-4bdd-b3f0-f5eeb3ce8397.jpg/250x188.webp https://prod.pictures.autoscout24.net/listing-images/c80d7a7e-d3e0-44c1-9934-1f443f608b17_faae59f4-622f-4f4c-a817-20a6cbbc5bc9.jpg/250x188.webp https://prod.pictures.autoscout24.net/listing-images/c80d7a7e-d3e0-44c1-9934-1f443f608b17_19036a50-5f6f-4346-a2ab-6b296217e08c.jpg/250x188.webp https://prod.pictures.autoscout24.net/listing-images/c80d7a7e-d3e0-44c1-9934-1f443f608b17_2e537250-f454-4c08-b0f6-3176f11086fd.jpg/250x188.webp https://prod.pictures.autoscout24.net/listing-images/c80d7a7e-d3e0-44c1-9934-1f443f608b17_9de81f14-46c0-4774-8f25-ad2fefe9896b.jpg/250x188.webp https://prod.pictures.autoscout24.net/listing-images/c80d7a7e-d3e0-44c1-9934-1f443f608b17_0264e10f-b9f7-49a8-a0be-f243db4d8a08.jpg/250x188.webp https://prod.pictures.autoscout24.net/listing-images/c80d7a7e-d3e0-44c1-9934-1f443f608b17_859739c4-3f97-4e7b-b4a5-fdf9682b3911.jpg/250x188.webp https://prod.pictures.autoscout24.net/listing-images/c80d7a7e-d3e0-44c1-9934-1f443f608b17_55e79994-1a76-4e5b-a502-9f7fd3d9a4e0.jpg/250x188.webp,53.0489267438508,1575
987d544f-f30e-47c4-be41-33a45c1b406c,Volvo,XC40,1.5T5 Recharge 261pk Inscription,Dealer,26899,2,77331,09-2021,1840,https://prod.pictures.autoscout24.net/listing-images/987d544f-f30e-47c4-be41-33a45c1b406c_47c4dfe2-bb2c-44a7-a969-9cd1952e2262.jpg/250x188.webp https://prod.pictures.autoscout24.net/listing-images/987d544f-f30e-47c4-be41-33a45c1b406c_229083ed-b09e-4235-a0f9-bdcb3dd88e1b.jpg/250x188.webp https://prod.pictures.autoscout24.net/listing-images/987d544f-f30e-47c4-be41-33a45c1b406c_bd977889-3055-4fb1-add6-90ebec50c5bd.jpg/250x188.webp https://prod.pictures.autoscout24.net/listing-images/987d544f-f30e-47c4-be41-33a45c1b406c_096f07cd-003e-4b38-a6c6-e6f5609207bc.jpg/250x188.webp https://prod.pictures.autoscout24.net/listing-images/987d544f-f30e-47c4-be41-33a45c1b406c_fa60b0eb-9ae2-4fcd-a759-9159fba3fdff.jpg/250x188.webp https://prod.pictures.autoscout24.net/listing-images/987d544f-f30e-47c4-be41-33a45c1b406c_2563290d-a02a-4814-ba73-057ba3fbe8b0.jpg/250x188.webp https://prod.pictures.autoscout24.net/listing-images/987d544f-f30e-47c4-be41-33a45c1b406c_04ec1ad3-60ee-4470-ac57-ba5a3420d618.jpg/250x188.webp https://prod.pictures.autoscout24.net/listing-images/987d544f-f30e-47c4-be41-33a45c1b406c_8a04f5f0-490f-4eb6-b64e-d7efb61b6928.jpg/250x188.webp https://prod.pictures.autoscout24.net/listing-images/987d544f-f30e-47c4-be41-33a45c1b406c_8b327f26-28b6-4aee-97cc-5406fd3dc580.jpg/250x188.webp https://prod.pictures.autoscout24.net/listing-images/987d544f-f30e-47c4-be41-33a45c1b406c_5f57a456-50fb-41f6-9587-fe90cd6fab51.jpg/250x188.webp https://prod.pictures.autoscout24.net/listing-images/987d544f-f30e-47c4-be41-33a45c1b406c_3128984e-e6c7-41f5-977e-e28454866411.jpg/250x188.webp https://prod.pictures.autoscout24.net/listing-images/987d544f-f30e-47c4-be41-33a45c1b406c_768f7232-f4e5-42aa-bcf6-265e0f2697eb.jpg/250x188.webp https://prod.pictures.autoscout24.net/listing-images/987d544f-f30e-47c4-be41-33a45c1b406c_1d4d3c30-83aa-4477-9ceb-561d1fe5ee7e.jpg/250x188.webp https://prod.pictures.autoscout24.net/listing-images/987d544f-f30e-47c4-be41-33a45c1b406c_e0f673eb-9bbd-4582-a15f-740bb03bb31a.jpg/250x188.webp https://prod.pictures.autoscout24.net/listing-images/987d544f-f30e-47c4-be41-33a45c1b406c_88e51ab7-c26b-409b-bd29-a7df13919858.jpg/250x188.webp https://prod.pictures.autoscout24.net/listing-images/987d544f-f30e-47c4-be41-33a45c1b406c_d84d3211-c6e2-46a7-8d1d-ad7c18615706.jpg/250x188.webp https://prod.pictures.autoscout24.net/listing-images/987d544f-f30e-47c4-be41-33a45c1b406c_793e4f95-00d8-416d-9852-f29c5318ab2c.jpg/250x188.webp https://prod.pictures.autoscout24.net/listing-images/987d544f-f30e-47c4-be41-33a45c1b406c_19bf6e88-05ae-4268-ab0c-69e272fb5e64.jpg/250x188.webp https://prod.pictures.autoscout24.net/listing-images/987d544f-f30e-47c4-be41-33a45c1b406c_4356428d-5542-407a-a91f-7d5806067da3.jpg/250x188.webp,53.0489267438508,1636
a5b282ec-9bda-48ee-a972-0957bc7c2d5c,Volvo,XC40,XC40 1.5 T3 Momentum Core Geartronic*CAM*GARANTIE*,Dealer,26900,b,41247,02-2022,7090,https://prod.pictures.autoscout24.net/listing-images/a5b282ec-9bda-48ee-a972-0957bc7c2d5c_f1c766e0-8c65-498d-b7e5-6544f9621f02.jpg/250x188.webp https://prod.pictures.autoscout24.net/listing-images/a5b282ec-9bda-48ee-a972-0957bc7c2d5c_cce58678-9360-431c-984d-c01acd716565.jpg/250x188.webp https://prod.pictures.autoscout24.net/listing-images/a5b282ec-9bda-48ee-a972-0957bc7c2d5c_3bd75d83-cb3f-45e5-9c2a-5ff02e09b203.jpg/250x188.webp https://prod.pictures.autoscout24.net/listing-images/a5b282ec-9bda-48ee-a972-0957bc7c2d5c_187f72b5-05b0-4b13-9858-ff01505ced6a.jpg/250x188.webp https://prod.pictures.autoscout24.net/listing-images/a5b282ec-9bda-48ee-a972-0957bc7c2d5c_54e752d2-0520-4e6f-8815-0ff5de851110.jpg/250x188.webp https://prod.pictures.autoscout24.net/listing-images/a5b282ec-9bda-48ee-a972-0957bc7c2d5c_4338cf06-8c9e-4522-8509-1d5708a85ff7.jpg/250x188.webp https://prod.pictures.autoscout24.net/listing-images/a5b282ec-9bda-48ee-a972-0957bc7c2d5c_3e9a0888-80ef-4664-a39e-177a032dc656.jpg/250x188.webp https://prod.pictures.autoscout24.net/listing-images/a5b282ec-9bda-48ee-a972-0957bc7c2d5c_e4e40f55-1100-41aa-b7a1-a6355f8fd6fa.jpg/250x188.webp https://prod.pictures.autoscout24.net/listing-images/a5b282ec-9bda-48ee-a972-0957bc7c2d5c_f756f337-d2fc-4395-983f-bd0578bb4ea5.jpg/250x188.webp https://prod.pictures.autoscout24.net/listing-images/a5b282ec-9bda-48ee-a972-0957bc7c2d5c_49ef2b75-e1d5-4caf-931c-e5f7f4173c60.jpg/250x188.webp https://prod.pictures.autoscout24.net/listing-images/a5b282ec-9bda-48ee-a972-0957bc7c2d5c_d51729c1-562e-45b5-b6d2-0ea1f90537dc.jpg/250x188.webp https://prod.pictures.autoscout24.net/listing-images/a5b282ec-9bda-48ee-a972-0957bc7c2d5c_5895d773-b6ea-4a2b-a012-6edfc68026ca.jpg/250x188.webp https://prod.pictures.autoscout24.net/listing-images/a5b282ec-9bda-48ee-a972-0957bc7c2d5c_0feffebb-4009-4435-b344-349c4ac2a02b.jpg/250x188.webp https://prod.pictures.autoscout24.net/listing-images/a5b282ec-9bda-48ee-a972-0957bc7c2d5c_ff783d0b-b983-4c39-8d08-406ad9c3d944.jpg/250x188.webp https://prod.pictures.autoscout24.net/listing-images/a5b282ec-9bda-48ee-a972-0957bc7c2d5c_28e8bd41-a778-4b0f-bf11-a3dbe7c37784.jpg/250x188.webp https://prod.pictures.autoscout24.net/listing-images/a5b282ec-9bda-48ee-a972-0957bc7c2d5c_5f24b7aa-e7a1-497f-b077-78ecd0a9b66e.jpg/250x188.webp https://prod.pictures.autoscout24.net/listing-images/a5b282ec-9bda-48ee-a972-0957bc7c2d5c_e5eb49cd-d71d-43c0-86fe-717a6222f14f.jpg/250x188.webp https://prod.pictures.autoscout24.net/listing-images/a5b282ec-9bda-48ee-a972-0957bc7c2d5c_7ce17784-46c8-4f08-bac7-b84dd810a765.jpg/250x188.webp https://prod.pictures.autoscout24.net/listing-images/a5b282ec-9bda-48ee-a972-0957bc7c2d5c_e2b2da2f-e9b5-4293-a52b-01793aecbd58.jpg/250x188.webp https://prod.pictures.autoscout24.net/listing-images/a5b282ec-9bda-48ee-a972-0957bc7c2d5c_f2022336-3f2e-4731-8960-a57d6c339296.jpg/250x188.webp https://prod.pictures.autoscout24.net/listing-images/a5b282ec-9bda-48ee-a972-0957bc7c2d5c_fed043ee-d8c7-4b1d-a67a-712a7780749a.jpg/250x188.webp https://prod.pictures.autoscout24.net/listing-images/a5b282ec-9bda-48ee-a972-0957bc7c2d5c_d8496e16-d8ad-4195-9811-7146a3057a41.jpg/250x188.webp https://prod.pictures.autoscout24.net/listing-images/a5b282ec-9bda-48ee-a972-0957bc7c2d5c_9c019bdb-827b-4443-a23b-36b307a40807.jpg/250x188.webp https://prod.pictures.autoscout24.net/listing-images/a5b282ec-9bda-48ee-a972-0957bc7c2d5c_66c86ef3-616e-4370-a98c-1766716dc776.jpg/250x188.webp https://prod.pictures.autoscout24.net/listing-images/a5b282ec-9bda-48ee-a972-0957bc7c2d5c_80252394-1620-4054-b0fc-2689244438f4.jpg/250x188.webp https://prod.pictures.autoscout24.net/listing-images/a5b282ec-9bda-48ee-a972-0957bc7c2d5c_f8edb6d3-968e-475e-b5c2-9d10bec4d9a8.jpg/250x188.webp https://prod.pictures.autoscout24.net/listing-images/a5b282ec-9bda-48ee-a972-0957bc7c2d5c_8ac33e0f-f563-4653-a45c-f4076a2dcdd7.jpg/250x188.webp https://prod.pictures.autoscout24.net/listing-images/a5b282ec-9bda-48ee-a972-0957bc7c2d5c_77122e17-1615-4fae-a6c5-2373ce5778d3.jpg/250x188.webp,96.8657084685412,1483
c8a17bbd-bfcb-45d9-b7fe-6b34fe524ab3,Volvo,XC40,T5 Recharge DKG Ultimate Dark 2 ANS GARANTIE,Dealer,26900,2,63000,04-2022,1390,https://prod.pictures.autoscout24.net/listing-images/c8a17bbd-bfcb-45d9-b7fe-6b34fe524ab3_3b946fae-7fc2-4c01-8512-058788952fbe.jpg/250x188.webp https://prod.pictures.autoscout24.net/listing-images/c8a17bbd-bfcb-45d9-b7fe-6b34fe524ab3_0b6e1992-9c3c-4334-96b2-ac3b80d0e206.jpg/250x188.webp https://prod.pictures.autoscout24.net/listing-images/c8a17bbd-bfcb-45d9-b7fe-6b34fe524ab3_69e5da1c-958f-43e2-a44d-fe99c014c2c4.jpg/250x188.webp https://prod.pictures.autoscout24.net/listing-images/c8a17bbd-bfcb-45d9-b7fe-6b34fe524ab3_087dbf18-8ef7-4883-a63f-9df3e6e60430.jpg/250x188.webp https://prod.pictures.autoscout24.net/listing-images/c8a17bbd-bfcb-45d9-b7fe-6b34fe524ab3_b34d694e-771b-474a-b3d1-f261b94d03a2.jpg/250x188.webp https://prod.pictures.autoscout24.net/listing-images/c8a17bbd-bfcb-45d9-b7fe-6b34fe524ab3_205c99da-89f2-4222-bb81-6f59c468fb09.jpg/250x188.webp https://prod.pictures.autoscout24.net/listing-images/c8a17bbd-bfcb-45d9-b7fe-6b34fe524ab3_d3311db9-070a-42ba-b51a-29afecd3bf46.jpg/250x188.webp https://prod.pictures.autoscout24.net/listing-images/c8a17bbd-bfcb-45d9-b7fe-6b34fe524ab3_7b1c6284-6030-47f4-b2fc-8c8d5451d492.jpg/250x188.webp https://prod.pictures.autoscout24.net/listing-images/c8a17bbd-bfcb-45d9-b7fe-6b34fe524ab3_55cc9cd6-8406-44da-8594-003f10275ab0.jpg/250x188.webp https://prod.pictures.autoscout24.net/listing-images/c8a17bbd-bfcb-45d9-b7fe-6b34fe524ab3_eebc0ab3-eebb-47e1-b395-0e4530b3932a.jpg/250x188.webp https://prod.pictures.autoscout24.net/listing-images/c8a17bbd-bfcb-45d9-b7fe-6b34fe524ab3_d9f6765c-9730-4569-a400-7ff7b2faec9c.jpg/250x188.webp https://prod.pictures.autoscout24.net/listing-images/c8a17bbd-bfcb-45d9-b7fe-6b34fe524ab3_d1fda4af-d540-49f6-84b0-049181e91201.jpg/250x188.webp https://prod.pictures.autoscout24.net/listing-images/c8a17bbd-bfcb-45d9-b7fe-6b34fe524ab3_413d594e-fc44-434c-b706-d532c68e14c5.jpg/250x188.webp https://prod.pictures.autoscout24.net/listing-images/c8a17bbd-bfcb-45d9-b7fe-6b34fe524ab3_8bee2651-8e5f-4ae9-ba79-b589eba08660.jpg/250x188.webp https://prod.pictures.autoscout24.net/listing-images/c8a17bbd-bfcb-45d9-b7fe-6b34fe524ab3_47259d5e-75fc-4423-8926-2fc246b54182.jpg/250x188.webp https://prod.pictures.autoscout24.net/listing-images/c8a17bbd-bfcb-45d9-b7fe-6b34fe524ab3_066be781-c949-416e-9882-c5fa446ec600.jpg/250x188.webp https://prod.pictures.autoscout24.net/listing-images/c8a17bbd-bfcb-45d9-b7fe-6b34fe524ab3_ff99d8e5-b1eb-4d99-b098-93d3f89b7993.jpg/250x188.webp https://prod.pictures.autoscout24.net/listing-images/c8a17bbd-bfcb-45d9-b7fe-6b34fe524ab3_bcf0d7f1-1466-4894-9b35-cf24ae794397.jpg/250x188.webp,81.1620850964629,1424
510585da-75bb-4136-9752-dd73a761bd04,Volvo,XC40,T2 AUT Essential,Dealer,26900,b,77248,10-2023,2200,https://prod.pictures.autoscout24.net/listing-images/510585da-75bb-4136-9752-dd73a761bd04_a3a02b63-469d-4c21-9ff0-e91782c33a8e.jpg/250x188.webp https://prod.pictures.autoscout24.net/listing-images/510585da-75bb-4136-9752-dd73a761bd04_b2277feb-9dd8-4a45-b55c-8739f4fcb56d.jpg/250x188.webp https://prod.pictures.autoscout24.net/listing-images/510585da-75bb-4136-9752-dd73a761bd04_2e72082d-858a-437b-8ee8-c691345da6b4.jpg/250x188.webp https://prod.pictures.autoscout24.net/listing-images/510585da-75bb-4136-9752-dd73a761bd04_1ac50522-8b66-4ebe-aa2a-556b42b7f783.jpg/250x188.webp https://prod.pictures.autoscout24.net/listing-images/510585da-75bb-4136-9752-dd73a761bd04_93a13aef-46b2-43d5-bd2a-3e5a4d43d22c.jpg/250x188.webp https://prod.pictures.autoscout24.net/listing-images/510585da-75bb-4136-9752-dd73a761bd04_608881a7-f1a4-4aab-bdd8-57a4a0eb8499.jpg/250x188.webp https://prod.pictures.autoscout24.net/listing-images/510585da-75bb-4136-9752-dd73a761bd04_d2d35163-e364-42c2-9be0-133bf2bcfe73.jpg/250x188.webp https://prod.pictures.autoscout24.net/listing-images/510585da-75bb-4136-9752-dd73a761bd04_956de5e3-37be-4066-8985-dadda91dd2b5.jpg/250x188.webp https://prod.pictures.autoscout24.net/listing-images/510585da-75bb-4136-9752-dd73a761bd04_a4b84138-0b64-4112-a6f2-28ed28633eb3.jpg/250x188.webp https://prod.pictures.autoscout24.net/listing-images/510585da-75bb-4136-9752-dd73a761bd04_b0be90b8-c6f8-493f-9f35-63b5bfdd2931.jpg/250x188.webp https://prod.pictures.autoscout24.net/listing-images/510585da-75bb-4136-9752-dd73a761bd04_a87d8890-0677-48fd-9dd0-5617e03bc73d.jpg/250x188.webp https://prod.pictures.autoscout24.net/listing-images/510585da-75bb-4136-9752-dd73a761bd04_7746201e-6400-47a9-be4e-cbda77230b7d.jpg/250x188.webp https://prod.pictures.autoscout24.net/listing-images/510585da-75bb-4136-9752-dd73a761bd04_001a60bd-b6f7-43ba-8237-5307c43b64d3.jpg/250x188.webp https://prod.pictures.autoscout24.net/listing-images/510585da-75bb-4136-9752-dd73a761bd04_777289bc-c8db-41b7-95d9-8e5d57bc3ca6.jpg/250x188.webp https://prod.pictures.autoscout24.net/listing-images/510585da-75bb-4136-9752-dd73a761bd04_018cc9e3-8022-4c55-acf0-924a88c3d478.jpg/250x188.webp https://prod.pictures.autoscout24.net/listing-images/510585da-75bb-4136-9752-dd73a761bd04_8988745a-0169-4c49-bf99-a069151e2020.jpg/250x188.webp https://prod.pictures.autoscout24.net/listing-images/510585da-75bb-4136-9752-dd73a761bd04_0432c8c7-afe8-49f8-9b06-be38277ec936.jpg/250x188.webp https://prod.pictures.autoscout24.net/listing-images/510585da-75bb-4136-9752-dd73a761bd04_59a5dd8e-fa8e-448b-9b4e-0134a15dfb7c.jpg/250x188.webp https://prod.pictures.autoscout24.net/listing-images/510585da-75bb-4136-9752-dd73a761bd04_deb9773e-0829-4d9b-8e98-64876a0055cf.jpg/250x188.webp https://prod.pictures.autoscout24.net/listing-images/510585da-75bb-4136-9752-dd73a761bd04_3123edb6-1262-4378-ae0f-edbab0ea8d6b.jpg/250x188.webp,43.77867845711375,876
70ee52b2-ec21-4411-9298-fb47a4f2436d,Volvo,XC40,"Momentum Pro, T3 automatic",Dealer,26900,b,53125,01-2022,9050,https://prod.pictures.autoscout24.net/listing-images/70ee52b2-ec21-4411-9298-fb47a4f2436d_d291f511-4db6-482e-bb81-74533260102f.jpg/250x188.webp https://prod.pictures.autoscout24.net/listing-images/70ee52b2-ec21-4411-9298-fb47a4f2436d_8ca8780e-9f7d-42f5-8691-1933153ee88e.jpg/250x188.webp https://prod.pictures.autoscout24.net/listing-images/70ee52b2-ec21-4411-9298-fb47a4f2436d_2b138bd6-75a0-49c1-8804-fccd929dd8b0.jpg/250x188.webp https://prod.pictures.autoscout24.net/listing-images/70ee52b2-ec21-4411-9298-fb47a4f2436d_1b455ad0-55fa-44e9-a1b8-cf82914b7912.jpg/250x188.webp https://prod.pictures.autoscout24.net/listing-images/70ee52b2-ec21-4411-9298-fb47a4f2436d_9d94f812-66fa-4890-982c-fa51df729afc.jpg/250x188.webp https://prod.pictures.autoscout24.net/listing-images/70ee52b2-ec21-4411-9298-fb47a4f2436d_0416a2ae-4f72-4d57-ad39-84da10ce1921.jpg/250x188.webp https://prod.pictures.autoscout24.net/listing-images/70ee52b2-ec21-4411-9298-fb47a4f2436d_d1dd736c-4bc7-4a6b-be1e-47872d245a4d.jpg/250x188.webp https://prod.pictures.autoscout24.net/listing-images/70ee52b2-ec21-4411-9298-fb47a4f2436d_aaf02f3c-2e7e-4e53-a75f-b1b2883ceddd.jpg/250x188.webp https://prod.pictures.autoscout24.net/listing-images/70ee52b2-ec21-4411-9298-fb47a4f2436d_498cb1cf-9e1c-46b7-b630-a34e085be9ab.jpg/250x188.webp https://prod.pictures.autoscout24.net/listing-images/70ee52b2-ec21-4411-9298-fb47a4f2436d_745e4ff6-ad28-49a2-add2-9e469ebdc6db.jpg/250x188.webp https://prod.pictures.autoscout24.net/listing-images/70ee52b2-ec21-4411-9298-fb47a4f2436d_ad975075-fa58-4018-80f8-a33fc1243e24.jpg/250x188.webp https://prod.pictures.autoscout24.net/listing-images/70ee52b2-ec21-4411-9298-fb47a4f2436d_e6c541a7-6143-443c-a037-b6befe29300c.jpg/250x188.webp https://prod.pictures.autoscout24.net/listing-images/70ee52b2-ec21-4411-9298-fb47a4f2436d_ddc8baef-6725-4d47-a3b7-d9b1d43b5d48.jpg/250x188.webp https://prod.pictures.autoscout24.net/listing-images/70ee52b2-ec21-4411-9298-fb47a4f2436d_a45c3607-7550-4767-83fe-3a6b6c892549.jpg/250x188.webp https://prod.pictures.autoscout24.net/listing-images/70ee52b2-ec21-4411-9298-fb47a4f2436d_f0124805-0730-4793-8023-4580136381db.jpg/250x188.webp https://prod.pictures.autoscout24.net/listing-images/70ee52b2-ec21-4411-9298-fb47a4f2436d_c111fa74-9d4f-4f7f-8f5a-285a9a8b214f.jpg/250x188.webp https://prod.pictures.autoscout24.net/listing-images/70ee52b2-ec21-4411-9298-fb47a4f2436d_fe4628b2-a9ab-41f1-aa67-152252503c97.jpg/250x188.webp https://prod.pictures.autoscout24.net/listing-images/70ee52b2-ec21-4411-9298-fb47a4f2436d_27c9a014-c1d4-44c7-a46a-51bdecb30205.jpg/250x188.webp https://prod.pictures.autoscout24.net/listing-images/70ee52b2-ec21-4411-9298-fb47a4f2436d_c167d907-e33e-49e9-9725-0f976beeddd7.jpg/250x188.webp,68.97766278100696,1514
628fd0c0-82d1-418b-9e3e-e39e53786a20,Volvo,V60,2.0 T6 AWD PHEV Inscription Expression,Dealer,26900,2,96000,11-2021,2910,https://prod.pictures.autoscout24.net/listing-images/628fd0c0-82d1-418b-9e3e-e39e53786a20_d33daad0-bb55-4f59-b92a-fe1b52362fc3.jpg/250x188.webp https://prod.pictures.autoscout24.net/listing-images/628fd0c0-82d1-418b-9e3e-e39e53786a20_73531a93-bcfe-4a98-8aee-b79af497b0ce.jpg/250x188.webp https://prod.pictures.autoscout24.net/listing-images/628fd0c0-82d1-418b-9e3e-e39e53786a20_d93da458-3b7e-467d-a179-f5e492fe81fa.jpg/250x188.webp https://prod.pictures.autoscout24.net/listing-images/628fd0c0-82d1-418b-9e3e-e39e53786a20_a7bdaa75-e3ae-4b3e-8359-27e517ec6fdb.jpg/250x188.webp https://prod.pictures.autoscout24.net/listing-images/628fd0c0-82d1-418b-9e3e-e39e53786a20_3022e519-7010-4d9d-ac18-e1134afb8d91.jpg/250x188.webp https://prod.pictures.autoscout24.net/listing-images/628fd0c0-82d1-418b-9e3e-e39e53786a20_fd5ca3fd-1e09-40b3-98d8-046abfd3d622.jpg/250x188.webp https://prod.pictures.autoscout24.net/listing-images/628fd0c0-82d1-418b-9e3e-e39e53786a20_6f812c62-ebb9-41a5-b6b9-69dd177e257f.jpg/250x188.webp https://prod.pictures.autoscout24.net/listing-images/628fd0c0-82d1-418b-9e3e-e39e53786a20_332debbd-bf40-4c21-a7b5-03e1c56c1ea6.jpg/250x188.webp https://prod.pictures.autoscout24.net/listing-images/628fd0c0-82d1-418b-9e3e-e39e53786a20_fd684205-3c57-42dd-aeba-c44e2579c27b.jpg/250x188.webp https://prod.pictures.autoscout24.net/listing-images/628fd0c0-82d1-418b-9e3e-e39e53786a20_b24733cc-ac9d-420f-8379-ee27fce09a32.jpg/250x188.webp https://prod.pictures.autoscout24.net/listing-images/628fd0c0-82d1-418b-9e3e-e39e53786a20_777371f1-5f9a-439f-ba54-6fe0b432a4f9.jpg/250x188.webp,0.0,1575
6a67c623-3079-4e92-a17e-95b8a1f90de7,Volvo,XC40,Core T2 Automaat | Alarm | Getinte ramen Core T2 A,Dealer,29450,b,39515,01-2024,8400,https://prod.pictures.autoscout24.net/listing-images/6a67c623-3079-4e92-a17e-95b8a1f90de7_3b355b9b-265b-4a1a-845c-9a371c0a05b9.jpg/250x188.webp https://prod.pictures.autoscout24.net/listing-images/6a67c623-3079-4e92-a17e-95b8a1f90de7_33473dbb-7c36-47de-997c-f641e7ff6285.jpg/250x188.webp https://prod.pictures.autoscout24.net/listing-images/6a67c623-3079-4e92-a17e-95b8a1f90de7_26bd95bf-b871-41af-a593-f71464a4dced.jpg/250x188.webp https://prod.pictures.autoscout24.net/listing-images/6a67c623-3079-4e92-a17e-95b8a1f90de7_bfb9bf37-de10-43f3-93d3-2d73c0fed849.jpg/250x188.webp https://prod.pictures.autoscout24.net/listing-images/6a67c623-3079-4e92-a17e-95b8a1f90de7_9fa68b06-8030-43a6-9f85-975e9bdb9b0b.jpg/250x188.webp https://prod.pictures.autoscout24.net/listing-images/6a67c623-3079-4e92-a17e-95b8a1f90de7_8b06e0e8-f867-4d44-8c9d-2984d28ac947.jpg/250x188.webp https://prod.pictures.autoscout24.net/listing-images/6a67c623-3079-4e92-a17e-95b8a1f90de7_565c1760-2726-4ca4-9ebe-37ecfc18a4bd.jpg/250x188.webp https://prod.pictures.autoscout24.net/listing-images/6a67c623-3079-4e92-a17e-95b8a1f90de7_1c9b14a7-efb1-4db4-983f-cf1972f622df.jpg/250x188.webp https://prod.pictures.autoscout24.net/listing-images/6a67c623-3079-4e92-a17e-95b8a1f90de7_f447c51e-05e4-4c95-a997-460c2f4c1e0d.jpg/250x188.webp https://prod.pictures.autoscout24.net/listing-images/6a67c623-3079-4e92-a17e-95b8a1f90de7_b96b924f-177a-4a19-890d-1d11c06710bf.jpg/250x188.webp https://prod.pictures.autoscout24.net/listing-images/6a67c623-3079-4e92-a17e-95b8a1f90de7_abdf1029-d9bc-4712-9d60-829792ca86fa.jpg/250x188.webp https://prod.pictures.autoscout24.net/listing-images/6a67c623-3079-4e92-a17e-95b8a1f90de7_b7037a16-396c-47b9-b296-06fb3f4b1523.jpg/250x188.webp https://prod.pictures.autoscout24.net/listing-images/6a67c623-3079-4e92-a17e-95b8a1f90de7_c5615eda-552a-4102-a1a8-263871072808.jpg/250x188.webp https://prod.pictures.autoscout24.net/listing-images/6a67c623-3079-4e92-a17e-95b8a1f90de7_89ec9b07-b3fb-4403-bf38-4fa76b8028ef.jpg/250x188.webp https://prod.pictures.autoscout24.net/listing-images/6a67c623-3079-4e92-a17e-95b8a1f90de7_2b237886-55e9-4574-9c91-14ac5517d225.jpg/250x188.webp https://prod.pictures.autoscout24.net/listing-images/6a67c623-3079-4e92-a17e-95b8a1f90de7_d76c772e-def0-4517-9df0-354f0bebabbd.jpg/250x188.webp https://prod.pictures.autoscout24.net/listing-images/6a67c623-3079-4e92-a17e-95b8a1f90de7_ef4d8ce3-aef0-4050-b7e5-a0b728ca2c86.jpg/250x188.webp https://prod.pictures.autoscout24.net/listing-images/6a67c623-3079-4e92-a17e-95b8a1f90de7_285036b9-1c61-4d4d-bb67-f1eb5e6e3d83.jpg/250x188.webp,110.30397394649913,784
bc21e106-aec5-4925-9fe5-d8427e3cc34a,Volvo,XC40,T2 CORE - 852 KM!! - FACELIFT - LED - CRUISE CO...,Dealer,29495,b,852,10-2023,8000,https://prod.pictures.autoscout24.net/listing-images/bc21e106-aec5-4925-9fe5-d8427e3cc34a_0fb6dc53-0ab2-4e4e-98c8-a01332b5c738.jpg/250x188.webp https://prod.pictures.autoscout24.net/listing-images/bc21e106-aec5-4925-9fe5-d8427e3cc34a_a0455920-230a-4526-a479-809e486b9c0e.jpg/250x188.webp https://prod.pictures.autoscout24.net/listing-images/bc21e106-aec5-4925-9fe5-d8427e3cc34a_8d4792b0-6b99-4b51-afe2-84394600e533.jpg/250x188.webp https://prod.pictures.autoscout24.net/listing-images/bc21e106-aec5-4925-9fe5-d8427e3cc34a_5c592916-b1a3-4e99-a68e-89c29a5d1616.jpg/250x188.webp https://prod.pictures.autoscout24.net/listing-images/bc21e106-aec5-4925-9fe5-d8427e3cc34a_4d4e854e-131a-440a-8d75-889ce251c571.jpg/250x188.webp https://prod.pictures.autoscout24.net/listing-images/bc21e106-aec5-4925-9fe5-d8427e3cc34a_c862a24f-420c-42cb-8efd-213d1030206c.jpg/250x188.webp https://prod.pictures.autoscout24.net/listing-images/bc21e106-aec5-4925-9fe5-d8427e3cc34a_e666d026-1df3-4f2e-9dd3-140425c8206e.jpg/250x188.webp https://prod.pictures.autoscout24.net/listing-images/bc21e106-aec5-4925-9fe5-d8427e3cc34a_9e95722f-aabb-489a-8b04-2b2171ded301.jpg/250x188.webp https://prod.pictures.autoscout24.net/listing-images/bc21e106-aec5-4925-9fe5-d8427e3cc34a_a34c9239-3e76-4b4e-b6a0-4e07884db085.jpg/250x188.webp https://prod.pictures.autoscout24.net/listing-images/bc21e106-aec5-4925-9fe5-d8427e3cc34a_5ef6719c-369a-41ba-bdcb-916696b7b979.jpg/250x188.webp https://prod.pictures.autoscout24.net/listing-images/bc21e106-aec5-4925-9fe5-d8427e3cc34a_05883a12-2cf5-4ea3-ab99-4570d8ca6b30.jpg/250x188.webp https://prod.pictures.autoscout24.net/listing-images/bc21e106-aec5-4925-9fe5-d8427e3cc34a_c278addd-05ee-4977-9bb8-aa9d9dc71a7d.jpg/250x188.webp https://prod.pictures.autoscout24.net/listing-images/bc21e106-aec5-4925-9fe5-d8427e3cc34a_b0336842-ea73-481c-a5a2-891a13c7116f.jpg/250x188.webp https://prod.pictures.autoscout24.net/listing-images/bc21e106-aec5-4925-9fe5-d8427e3cc34a_15c47eee-3c6c-45be-867d-e5f30c90c920.jpg/250x188.webp https://prod.pictures.autoscout24.net/listing-images/bc21e106-aec5-4925-9fe5-d8427e3cc34a_b7916657-bb3e-4435-ab3d-1f21a2fa4f01.jpg/250x188.webp https://prod.pictures.autoscout24.net/listing-images/bc21e106-aec5-4925-9fe5-d8427e3cc34a_04261556-b234-4631-986d-8ee20c5f4206.jpg/250x188.webp https://prod.pictures.autoscout24.net/listing-images/bc21e106-aec5-4925-9fe5-d8427e3cc34a_1f2d5db1-a40a-46d2-b939-36e4487db12f.jpg/250x188.webp https://prod.pictures.autoscout24.net/listing-images/bc21e106-aec5-4925-9fe5-d8427e3cc34a_f45a8684-4da6-4c01-a1b9-62e9f0770615.jpg/250x188.webp https://prod.pictures.autoscout24.net/listing-images/bc21e106-aec5-4925-9fe5-d8427e3cc34a_912e31cc-7dc2-416a-bc9f-b37b30d3253a.jpg/250x188.webp https://prod.pictures.autoscout24.net/listing-images/bc21e106-aec5-4925-9fe5-d8427e3cc34a_17132358-dcc5-4476-b75e-6f473e5c6534.jpg/250x188.webp https://prod.pictures.autoscout24.net/listing-images/bc21e106-aec5-4925-9fe5-d8427e3cc34a_7528cecc-88d5-4f37-a621-c3a55aef6496.jpg/250x188.webp https://prod.pictures.autoscout24.net/listing-images/bc21e106-aec5-4925-9fe5-d8427e3cc34a_e2fd252c-96d3-49ae-8a2f-b691cab4c1f3.jpg/250x188.webp https://prod.pictures.autoscout24.net/listing-images/bc21e106-aec5-4925-9fe5-d8427e3cc34a_5f2f2d03-6202-499c-bb93-2b2e3859a267.jpg/250x188.webp https://prod.pictures.autoscout24.net/listing-images/bc21e106-aec5-4925-9fe5-d8427e3cc34a_847ccff2-f8cd-4eb3-9760-3cb37f367b68.jpg/250x188.webp https://prod.pictures.autoscout24.net/listing-images/bc21e106-aec5-4925-9fe5-d8427e3cc34a_79653487-1d88-45cd-897a-67797d82ad03.jpg/250x188.webp https://prod.pictures.autoscout24.net/listing-images/bc21e106-aec5-4925-9fe5-d8427e3cc34a_42c773e0-0ed6-43a8-afb4-8e389feae55e.jpg/250x188.webp https://prod.pictures.autoscout24.net/listing-images/bc21e106-aec5-4925-9fe5-d8427e3cc34a_367c2058-5dec-46ca-ad30-f8b393337082.jpg/250x188.webp https://prod.pictures.autoscout24.net/listing-images/bc21e106-aec5-4925-9fe5-d8427e3cc34a_55af4d95-e492-417f-9d61-2498ab642811.jpg/250x188.webp https://prod.pictures.autoscout24.net/listing-images/bc21e106-aec5-4925-9fe5-d8427e3cc34a_453d9c9f-1037-4640-9e52-654eb1750377.jpg/250x188.webp https://prod.pictures.autoscout24.net/listing-images/bc21e106-aec5-4925-9fe5-d8427e3cc34a_daffecc2-c2f3-49a0-8b33-b216fa5f1559.jpg/250x188.webp https://prod.pictures.autoscout24.net/listing-images/bc21e106-aec5-4925-9fe5-d8427e3cc34a_6d9912a0-d96e-4436-9ff0-d1a6fd7ec625.jpg/250x188.webp https://prod.pictures.autoscout24.net/listing-images/bc21e106-aec5-4925-9fe5-d8427e3cc34a_645c94a9-1ac5-4282-a7be-be14738e137f.jpg/250x188.webp https://prod.pictures.autoscout24.net/listing-images/bc21e106-aec5-4925-9fe5-d8427e3cc34a_500b2125-9407-48a4-aabb-a4f37bdf14bc.jpg/250x188.webp https://prod.pictures.autoscout24.net/listing-images/bc21e106-aec5-4925-9fe5-d8427e3cc34a_b6524af7-6cce-499a-8c70-f0aaf01fb9e4.jpg/250x188.webp https://prod.pictures.autoscout24.net/listing-images/bc21e106-aec5-4925-9fe5-d8427e3cc34a_cec2692a-5c44-426c-bf6f-6723ffbfe3b6.jpg/250x188.webp https://prod.pictures.autoscout24.net/listing-images/bc21e106-aec5-4925-9fe5-d8427e3cc34a_38b78654-cd29-46d9-8229-c4f7fb9e48bb.jpg/250x188.webp https://prod.pictures.autoscout24.net/listing-images/bc21e106-aec5-4925-9fe5-d8427e3cc34a_1589225e-085b-450e-a539-fdc111f83466.jpg/250x188.webp https://prod.pictures.autoscout24.net/listing-images/bc21e106-aec5-4925-9fe5-d8427e3cc34a_f8aa60ad-2386-40e8-8f66-d482a2dc6121.jpg/250x188.webp https://prod.pictures.autoscout24.net/listing-images/bc21e106-aec5-4925-9fe5-d8427e3cc34a_a13e6546-3511-4cf1-80fa-6b02646efc1c.jpg/250x188.webp,89.83412633408918,876
da62f146-3ce8-4394-81a7-b7a5d4aff1a7,Volvo,V60,V60 B3 DCT-7*GPS*PHONELINK*LEDER*DAB*DIG.CP,Dealer,29500,b,58000,01-2023,8830,https://prod.pictures.autoscout24.net/listing-images/da62f146-3ce8-4394-81a7-b7a5d4aff1a7_0f3aeea8-1501-45b8-a820-0b1f6cdf9516.jpg/250x188.webp https://prod.pictures.autoscout24.net/listing-images/da62f146-3ce8-4394-81a7-b7a5d4aff1a7_c94e693f-c80a-47ea-8c0c-ba28488fcd96.jpg/250x188.webp https://prod.pictures.autoscout24.net/listing-images/da62f146-3ce8-4394-81a7-b7a5d4aff1a7_954e3e30-90b1-4473-81f4-61fe9db4404f.jpg/250x188.webp https://prod.pictures.autoscout24.net/listing-images/da62f146-3ce8-4394-81a7-b7a5d4aff1a7_43c00737-4f83-4b19-98a8-e0f58ab359fc.jpg/250x188.webp https://prod.pictures.autoscout24.net/listing-images/da62f146-3ce8-4394-81a7-b7a5d4aff1a7_0579cdec-3ca8-413f-8ab3-302006699a2d.jpg/250x188.webp https://prod.pictures.autoscout24.net/listing-images/da62f146-3ce8-4394-81a7-b7a5d4aff1a7_d3683d71-4df5-4e8a-b9d7-062e6f2eb16d.jpg/250x188.webp https://prod.pictures.autoscout24.net/listing-images/da62f146-3ce8-4394-81a7-b7a5d4aff1a7_a89361cb-376a-4f30-b6d3-c42ece72e6f0.jpg/250x188.webp https://prod.pictures.autoscout24.net/listing-images/da62f146-3ce8-4394-81a7-b7a5d4aff1a7_2e56d41c-c767-4882-af8a-3ff5aca8061d.jpg/250x188.webp https://prod.pictures.autoscout24.net/listing-images/da62f146-3ce8-4394-81a7-b7a5d4aff1a7_3ca28380-ce78-4bc7-afa5-a82a115c208e.jpg/250x188.webp https://prod.pictures.autoscout24.net/listing-images/da62f146-3ce8-4394-81a7-b7a5d4aff1a7_cc2ca5d3-8808-438a-ba58-eeaa021f35e4.jpg/250x188.webp https://prod.pictures.autoscout24.net/listing-images/da62f146-3ce8-4394-81a7-b7a5d4aff1a7_6d789094-fefe-4f56-a637-27adfd85beed.jpg/250x188.webp https://prod.pictures.autoscout24.net/listing-images/da62f146-3ce8-4394-81a7-b7a5d4aff1a7_3fd948b5-a86f-40f5-8ac5-af5dff50a9c0.jpg/250x188.webp https://prod.pictures.autoscout24.net/listing-images/da62f146-3ce8-4394-81a7-b7a5d4aff1a7_e8168837-316f-4e2c-b889-24c56d709938.jpg/250x188.webp https://prod.pictures.autoscout24.net/listing-images/da62f146-3ce8-4394-81a7-b7a5d4aff1a7_03d52026-812f-4e59-9d03-1684d6cd3a6f.jpg/250x188.webp https://prod.pictures.autoscout24.net/listing-images/da62f146-3ce8-4394-81a7-b7a5d4aff1a7_193ba26f-ce77-48e1-8ccb-c9e2242ab802.jpg/250x188.webp https://prod.pictures.autoscout24.net/listing-images/da62f146-3ce8-4394-81a7-b7a5d4aff1a7_e12a5220-e7ef-4316-9ca8-3ace45490e80.jpg/250x188.webp https://prod.pictures.autoscout24.net/listing-images/da62f146-3ce8-4394-81a7-b7a5d4aff1a7_61e4da0a-4e33-4393-affc-42772171b88a.jpg/250x188.webp https://prod.pictures.autoscout24.net/listing-images/da62f146-3ce8-4394-81a7-b7a5d4aff1a7_10cd11d3-cea7-4a5d-92ad-f1edea314c4e.jpg/250x188.webp,109.7708516918902,1149
b98054c6-a374-4271-b196-98fab216eb5c,Volvo,XC40,"Recharge Inscription, T5 plug-in hybrid + Navi + L",Dealer,26950,2,111626,07-2020,1700,https://prod.pictures.autoscout24.net/listing-images/b98054c6-a374-4271-b196-98fab216eb5c_a8287818-198d-4e16-b58a-910a81ba8580.jpg/250x188.webp https://prod.pictures.autoscout24.net/listing-images/b98054c6-a374-4271-b196-98fab216eb5c_8a738e41-77c8-4d09-8f8e-3eecfee7b166.jpg/250x188.webp https://prod.pictures.autoscout24.net/listing-images/b98054c6-a374-4271-b196-98fab216eb5c_26c40e0a-6da4-4f23-8128-bea0c89c078f.jpg/250x188.webp https://prod.pictures.autoscout24.net/listing-images/b98054c6-a374-4271-b196-98fab216eb5c_cef1e342-37f8-412b-a41c-7d0a5d8fcd46.jpg/250x188.webp https://prod.pictures.autoscout24.net/listing-images/b98054c6-a374-4271-b196-98fab216eb5c_0447a52d-6bbd-46b3-b41a-af33119365aa.jpg/250x188.webp https://prod.pictures.autoscout24.net/listing-images/b98054c6-a374-4271-b196-98fab216eb5c_b50e373e-99ce-4ec1-b61d-453d462b548a.jpg/250x188.webp https://prod.pictures.autoscout24.net/listing-images/b98054c6-a374-4271-b196-98fab216eb5c_566b3ebd-32ae-4ae5-b809-7f8f18a55f07.jpg/250x188.webp https://prod.pictures.autoscout24.net/listing-images/b98054c6-a374-4271-b196-98fab216eb5c_e8c14fbd-f409-4eee-8897-be1f2c81f2f2.jpg/250x188.webp https://prod.pictures.autoscout24.net/listing-images/b98054c6-a374-4271-b196-98fab216eb5c_f78251a7-6744-4724-8832-8df2b1e5b34b.jpg/250x188.webp https://prod.pictures.autoscout24.net/listing-images/b98054c6-a374-4271-b196-98fab216eb5c_2e85a428-7089-4f2a-b13a-b6d488d02605.jpg/250x188.webp https://prod.pictures.autoscout24.net/listing-images/b98054c6-a374-4271-b196-98fab216eb5c_841a9b3a-6bdc-42f6-8120-90686918949f.jpg/250x188.webp https://prod.pictures.autoscout24.net/listing-images/b98054c6-a374-4271-b196-98fab216eb5c_40d07f88-deab-4e83-8ae2-db63f0d341a9.jpg/250x188.webp https://prod.pictures.autoscout24.net/listing-images/b98054c6-a374-4271-b196-98fab216eb5c_d8d6b2ff-762d-4aff-a352-75f447fb1ea6.jpg/250x188.webp https://prod.pictures.autoscout24.net/listing-images/b98054c6-a374-4271-b196-98fab216eb5c_8a24d9c4-0c9b-49a8-bdd1-842f23651721.jpg/250x188.webp https://prod.pictures.autoscout24.net/listing-images/b98054c6-a374-4271-b196-98fab216eb5c_68c15c6a-51a5-49c7-9983-68e8b7b60208.jpg/250x188.webp https://prod.pictures.autoscout24.net/listing-images/b98054c6-a374-4271-b196-98fab216eb5c_2892c664-b0a5-4277-acc7-ed3c987d7132.jpg/250x188.webp https://prod.pictures.autoscout24.net/listing-images/b98054c6-a374-4271-b196-98fab216eb5c_4350322d-48fd-415c-b49e-f61b34d7ed1c.jpg/250x188.webp https://prod.pictures.autoscout24.net/listing-images/b98054c6-a374-4271-b196-98fab216eb5c_a4486ed5-ad9b-459d-9c17-1516648c2203.jpg/250x188.webp https://prod.pictures.autoscout24.net/listing-images/b98054c6-a374-4271-b196-98fab216eb5c_8a67f942-5502-4a00-a9d8-892281a8d93e.jpg/250x188.webp https://prod.pictures.autoscout24.net/listing-images/b98054c6-a374-4271-b196-98fab216eb5c_a1567019-73d7-4da7-a929-be167379a89b.jpg/250x188.webp https://prod.pictures.autoscout24.net/listing-images/b98054c6-a374-4271-b196-98fab216eb5c_19d1ecdd-58a1-44f0-816b-d1a32c489c8f.jpg/250x188.webp https://prod.pictures.autoscout24.net/listing-images/b98054c6-a374-4271-b196-98fab216eb5c_7961ac5f-8967-494c-952f-f4baeb1b8910.jpg/250x188.webp https://prod.pictures.autoscout24.net/listing-images/b98054c6-a374-4271-b196-98fab216eb5c_2fcee2c2-fb30-4c46-87a1-9e2d07e3ba04.jpg/250x188.webp https://prod.pictures.autoscout24.net/listing-images/b98054c6-a374-4271-b196-98fab216eb5c_83eb5c73-adb7-4439-9ca3-99b12854f37f.jpg/250x188.webp https://prod.pictures.autoscout24.net/listing-images/b98054c6-a374-4271-b196-98fab216eb5c_ae99084b-badb-4483-8d26-f4bea27ac92a.jpg/250x188.webp https://prod.pictures.autoscout24.net/listing-images/b98054c6-a374-4271-b196-98fab216eb5c_f7db3774-3b34-4a8e-b6cf-1eab5f33950b.jpg/250x188.webp https://prod.pictures.autoscout24.net/listing-images/b98054c6-a374-4271-b196-98fab216eb5c_2851c85d-ee45-4a2f-9503-4b1bb4c5a1d5.jpg/250x188.webp https://prod.pictures.autoscout24.net/listing-images/b98054c6-a374-4271-b196-98fab216eb5c_45dd4b8b-e184-455f-b468-6b9b76149d3a.jpg/250x188.webp https://prod.pictures.autoscout24.net/listing-images/b98054c6-a374-4271-b196-98fab216eb5c_9226c5df-ec35-4d43-9e20-e0db8e1f77ff.jpg/250x188.webp https://prod.pictures.autoscout24.net/listing-images/b98054c6-a374-4271-b196-98fab216eb5c_765f27a6-8b2b-4875-bda5-b6b0ca988751.jpg/250x188.webp,69.29321508796069,2063
c287de5c-c1f4-48ff-a3ff-01430cb5d600,Volvo,V60,V60 Polestar 2.0 T6 4WD Geartronic - Heico Getuned,PrivateSeller,26950,2,88800,09-2020,2547,https://prod.pictures.autoscout24.net/listing-images/c287de5c-c1f4-48ff-a3ff-01430cb5d600_1eb6144a-ec38-4d49-aad5-f1b843cdd1cf.jpg/250x188.webp https://prod.pictures.autoscout24.net/listing-images/c287de5c-c1f4-48ff-a3ff-01430cb5d600_41998651-1c4c-4acf-9cc7-4b54bc346cef.jpg/250x188.webp https://prod.pictures.autoscout24.net/listing-images/c287de5c-c1f4-48ff-a3ff-01430cb5d600_f7a0a66a-4dd8-4efe-bb9a-c63ae03de058.jpg/250x188.webp https://prod.pictures.autoscout24.net/listing-images/c287de5c-c1f4-48ff-a3ff-01430cb5d600_9438fd9c-53eb-4dc8-8138-4c69084f3870.jpg/250x188.webp https://prod.pictures.autoscout24.net/listing-images/c287de5c-c1f4-48ff-a3ff-01430cb5d600_744dc771-c7b3-4e83-b5a0-7d112bc58e58.jpg/250x188.webp https://prod.pictures.autoscout24.net/listing-images/c287de5c-c1f4-48ff-a3ff-01430cb5d600_3a58aeba-0664-4716-a18f-9e99546f9f42.jpg/250x188.webp https://prod.pictures.autoscout24.net/listing-images/c287de5c-c1f4-48ff-a3ff-01430cb5d600_8ce29df8-35fe-43dc-beec-4c2f295fb342.jpg/250x188.webp https://prod.pictures.autoscout24.net/listing-images/c287de5c-c1f4-48ff-a3ff-01430cb5d600_2a8b5bfb-f5c0-4d10-b202-2f757d17c97d.jpg/250x188.webp https://prod.pictures.autoscout24.net/listing-images/c287de5c-c1f4-48ff-a3ff-01430cb5d600_e3217101-f64d-41cf-836f-41b3e1897a5e.jpg/250x188.webp https://prod.pictures.autoscout24.net/listing-images/c287de5c-c1f4-48ff-a3ff-01430cb5d600_07ec1170-add8-413a-bb00-73f1bca36913.jpg/250x188.webp https://prod.pictures.autoscout24.net/listing-images/c287de5c-c1f4-48ff-a3ff-01430cb5d600_753346bf-be2f-4fc5-95b9-a7184d4bbb22.jpg/250x188.webp https://prod.pictures.autoscout24.net/listing-images/c287de5c-c1f4-48ff-a3ff-01430cb5d600_6edb68f3-251b-4724-ac5c-830eb0952805.jpg/250x188.webp,37.9441917128707,2001
838e2c8e-8931-4138-a20c-f3ffccce9570,Volvo,XC40,XC40 1.5 T3 Momentum Core Panoramisch open dak,Dealer,26950,b,69000,10-2020,8530,https://prod.pictures.autoscout24.net/listing-images/838e2c8e-8931-4138-a20c-f3ffccce9570_72da5b24-bb05-4f85-8f4f-f149275b7a1d.png/250x188.webp https://prod.pictures.autoscout24.net/listing-images/838e2c8e-8931-4138-a20c-f3ffccce9570_c2debb98-c7de-4c0e-84c4-b94f4beb955e.png/250x188.webp https://prod.pictures.autoscout24.net/listing-images/838e2c8e-8931-4138-a20c-f3ffccce9570_ecf411b5-34ce-4177-bcc2-8b8d21ea445d.png/250x188.webp https://prod.pictures.autoscout24.net/listing-images/838e2c8e-8931-4138-a20c-f3ffccce9570_d597ea37-3374-43e4-a865-e12026eab7e0.png/250x188.webp https://prod.pictures.autoscout24.net/listing-images/838e2c8e-8931-4138-a20c-f3ffccce9570_f613c38c-8dbf-4e02-80ca-c09482e654bd.png/250x188.webp https://prod.pictures.autoscout24.net/listing-images/838e2c8e-8931-4138-a20c-f3ffccce9570_42beefc0-708a-4c69-9f7f-ecefda2ad107.png/250x188.webp https://prod.pictures.autoscout24.net/listing-images/838e2c8e-8931-4138-a20c-f3ffccce9570_703e45f5-75e5-44ca-b03d-0440066a943b.png/250x188.webp https://prod.pictures.autoscout24.net/listing-images/838e2c8e-8931-4138-a20c-f3ffccce9570_e2c9ee06-024e-4a24-a620-78576f9e4359.png/250x188.webp https://prod.pictures.autoscout24.net/listing-images/838e2c8e-8931-4138-a20c-f3ffccce9570_92731468-9a67-45e9-9408-165d9be024e6.png/250x188.webp https://prod.pictures.autoscout24.net/listing-images/838e2c8e-8931-4138-a20c-f3ffccce9570_74988f9d-94e3-4b06-9c0d-f68f9d356673.png/250x188.webp https://prod.pictures.autoscout24.net/listing-images/838e2c8e-8931-4138-a20c-f3ffccce9570_62e7350b-2fb9-4af3-9cee-70792a0c0c85.png/250x188.webp https://prod.pictures.autoscout24.net/listing-images/838e2c8e-8931-4138-a20c-f3ffccce9570_1ba363b6-7aa8-421a-bcb2-62fef88f196d.png/250x188.webp https://prod.pictures.autoscout24.net/listing-images/838e2c8e-8931-4138-a20c-f3ffccce9570_65fc216e-96f5-41ff-8c9f-cb9aae9207ce.png/250x188.webp https://prod.pictures.autoscout24.net/listing-images/838e2c8e-8931-4138-a20c-f3ffccce9570_aa10aa54-b22a-4b07-a287-016bcc7ae5d6.png/250x188.webp,105.8653486907627,1971
d3d6e46e-24e6-43b0-9cdd-4e4a4c2ef043,Volvo,XC40,1.5 T4 PHEV-1ERPRO-GPS-CARPLAY-CAMERA-JANTES19-PDC,Dealer,26990,2,105039,10-2021,7033,https://prod.pictures.autoscout24.net/listing-images/d3d6e46e-24e6-43b0-9cdd-4e4a4c2ef043_43209501-d125-49ca-86a7-b2cf52e27b07.jpg/250x188.webp https://prod.pictures.autoscout24.net/listing-images/d3d6e46e-24e6-43b0-9cdd-4e4a4c2ef043_70f79b43-3f86-48d9-aa75-59a4c422f862.jpg/250x188.webp https://prod.pictures.autoscout24.net/listing-images/d3d6e46e-24e6-43b0-9cdd-4e4a4c2ef043_5cc34b05-20d6-428c-8b48-660f2805dad8.jpg/250x188.webp https://prod.pictures.autoscout24.net/listing-images/d3d6e46e-24e6-43b0-9cdd-4e4a4c2ef043_c71c71d9-796a-42fc-bb15-b3d68e493aeb.jpg/250x188.webp https://prod.pictures.autoscout24.net/listing-images/d3d6e46e-24e6-43b0-9cdd-4e4a4c2ef043_771d9ba8-79fa-4e68-b5b9-827160f3cb57.jpg/250x188.webp https://prod.pictures.autoscout24.net/listing-images/d3d6e46e-24e6-43b0-9cdd-4e4a4c2ef043_8a9193a4-be17-452d-932e-10d6b1199416.jpg/250x188.webp https://prod.pictures.autoscout24.net/listing-images/d3d6e46e-24e6-43b0-9cdd-4e4a4c2ef043_1dccd7eb-3130-4592-a689-6583564d68a4.jpg/250x188.webp https://prod.pictures.autoscout24.net/listing-images/d3d6e46e-24e6-43b0-9cdd-4e4a4c2ef043_ddf31340-e00d-42df-b298-b39e986fd6fa.jpg/250x188.webp https://prod.pictures.autoscout24.net/listing-images/d3d6e46e-24e6-43b0-9cdd-4e4a4c2ef043_98b02be1-3f18-4b5f-9c36-a54895c259f2.jpg/250x188.webp https://prod.pictures.autoscout24.net/listing-images/d3d6e46e-24e6-43b0-9cdd-4e4a4c2ef043_db70631f-42fc-449b-9713-78c80f954a70.jpg/250x188.webp https://prod.pictures.autoscout24.net/listing-images/d3d6e46e-24e6-43b0-9cdd-4e4a4c2ef043_835c2bf4-0ea4-4937-8f5d-ac37b870b37c.jpg/250x188.webp https://prod.pictures.autoscout24.net/listing-images/d3d6e46e-24e6-43b0-9cdd-4e4a4c2ef043_6b05b44d-e930-4f3f-896a-0035afca74a8.jpg/250x188.webp https://prod.pictures.autoscout24.net/listing-images/d3d6e46e-24e6-43b0-9cdd-4e4a4c2ef043_8b3c3bfb-0676-48c7-a9a9-c63c0b1657df.jpg/250x188.webp https://prod.pictures.autoscout24.net/listing-images/d3d6e46e-24e6-43b0-9cdd-4e4a4c2ef043_c9e097fd-cef2-4d38-8f5c-161febb6a361.jpg/250x188.webp https://prod.pictures.autoscout24.net/listing-images/d3d6e46e-24e6-43b0-9cdd-4e4a4c2ef043_d023077a-a6a9-43d0-b98a-eb21b6ab2b0b.jpg/250x188.webp https://prod.pictures.autoscout24.net/listing-images/d3d6e46e-24e6-43b0-9cdd-4e4a4c2ef043_5febaddc-d28c-4146-b2ed-46ef4e51f349.jpg/250x188.webp https://prod.pictures.autoscout24.net/listing-images/d3d6e46e-24e6-43b0-9cdd-4e4a4c2ef043_d27c8385-7ec3-48cb-927e-8908245bf3f4.jpg/250x188.webp https://prod.pictures.autoscout24.net/listing-images/d3d6e46e-24e6-43b0-9cdd-4e4a4c2ef043_47a47925-0b8d-4d92-932a-f89058df5815.jpg/250x188.webp https://prod.pictures.autoscout24.net/listing-images/d3d6e46e-24e6-43b0-9cdd-4e4a4c2ef043_7e26566f-277d-4a39-a027-4727d7cfa006.jpg/250x188.webp https://prod.pictures.autoscout24.net/listing-images/d3d6e46e-24e6-43b0-9cdd-4e4a4c2ef043_126d55d2-c11c-444c-a517-9fd136bf2999.jpg/250x188.webp https://prod.pictures.autoscout24.net/listing-images/d3d6e46e-24e6-43b0-9cdd-4e4a4c2ef043_825dc943-49fe-478e-a5af-7867479239f9.jpg/250x188.webp https://prod.pictures.autoscout24.net/listing-images/d3d6e46e-24e6-43b0-9cdd-4e4a4c2ef043_c5fe5b65-55a1-40ac-a6e9-32faf1f7a83a.jpg/250x188.webp https://prod.pictures.autoscout24.net/listing-images/d3d6e46e-24e6-43b0-9cdd-4e4a4c2ef043_e905a395-14d9-40df-9a52-62d4914e1491.jpg/250x188.webp https://prod.pictures.autoscout24.net/listing-images/d3d6e46e-24e6-43b0-9cdd-4e4a4c2ef043_4972d86a-bebe-40e6-8906-52a12b4fd212.jpg/250x188.webp https://prod.pictures.autoscout24.net/listing-images/d3d6e46e-24e6-43b0-9cdd-4e4a4c2ef043_1c97cd75-5f0a-45ba-9231-c77ca021a2be.jpg/250x188.webp https://prod.pictures.autoscout24.net/listing-images/d3d6e46e-24e6-43b0-9cdd-4e4a4c2ef043_795185a8-b7cc-420c-9741-57f2de6bc15f.jpg/250x188.webp https://prod.pictures.autoscout24.net/listing-images/d3d6e46e-24e6-43b0-9cdd-4e4a4c2ef043_438a5484-9219-4df3-963b-8488bef40041.jpg/250x188.webp https://prod.pictures.autoscout24.net/listing-images/d3d6e46e-24e6-43b0-9cdd-4e4a4c2ef043_86f1a43b-7a23-4a80-9a2c-7376090a5f29.jpg/250x188.webp,120.92234590410432,1606
46f53be7-d47a-4e24-88ae-509480d0514f,Volvo,XC40,XC40 T2 Essential Aut. Salonactie nu 18m garantie,Dealer,26990,b,57400,04-2022,3550,https://prod.pictures.autoscout24.net/listing-images/46f53be7-d47a-4e24-88ae-509480d0514f_498c2a17-5266-48ba-95b5-8ac14241f5b4.jpg/250x188.webp https://prod.pictures.autoscout24.net/listing-images/46f53be7-d47a-4e24-88ae-509480d0514f_c280e159-87b0-4763-8ab6-438199d55c20.jpg/250x188.webp https://prod.pictures.autoscout24.net/listing-images/46f53be7-d47a-4e24-88ae-509480d0514f_eb4023fa-b5ab-422f-a0eb-b06e9eb13454.jpg/250x188.webp https://prod.pictures.autoscout24.net/listing-images/46f53be7-d47a-4e24-88ae-509480d0514f_e5e38392-2296-4954-9a7d-880996d0afba.jpg/250x188.webp https://prod.pictures.autoscout24.net/listing-images/46f53be7-d47a-4e24-88ae-509480d0514f_4f0a5eff-1535-4537-8818-56e00e1552f3.jpg/250x188.webp https://prod.pictures.autoscout24.net/listing-images/46f53be7-d47a-4e24-88ae-509480d0514f_c9b27ef3-8ca2-4a1e-9058-7f411a2dc957.jpg/250x188.webp https://prod.pictures.autoscout24.net/listing-images/46f53be7-d47a-4e24-88ae-509480d0514f_9a5120f3-2dbc-42da-ab23-8ad0e535ae59.jpg/250x188.webp https://prod.pictures.autoscout24.net/listing-images/46f53be7-d47a-4e24-88ae-509480d0514f_4536e766-ad8c-4c61-a2fe-42425022834d.jpg/250x188.webp https://prod.pictures.autoscout24.net/listing-images/46f53be7-d47a-4e24-88ae-509480d0514f_5e1af630-bd5c-4438-ad7a-7b9c255b62e4.jpg/250x188.webp https://prod.pictures.autoscout24.net/listing-images/46f53be7-d47a-4e24-88ae-509480d0514f_220061e9-cbc5-4b53-a544-f3e11aef994b.jpg/250x188.webp https://prod.pictures.autoscout24.net/listing-images/46f53be7-d47a-4e24-88ae-509480d0514f_c7c45a3e-42f3-4def-b0af-b8b6e11ac8b3.jpg/250x188.webp https://prod.pictures.autoscout24.net/listing-images/46f53be7-d47a-4e24-88ae-509480d0514f_38a74f79-74b5-4831-b024-33bba5539954.jpg/250x188.webp https://prod.pictures.autoscout24.net/listing-images/46f53be7-d47a-4e24-88ae-509480d0514f_e6a0b715-d07c-43b3-94a9-09873347d031.jpg/250x188.webp https://prod.pictures.autoscout24.net/listing-images/46f53be7-d47a-4e24-88ae-509480d0514f_2e509312-0b9c-4bda-a113-7f7af4120a9d.jpg/250x188.webp https://prod.pictures.autoscout24.net/listing-images/46f53be7-d47a-4e24-88ae-509480d0514f_277b214a-9519-4780-a268-87ad06481fc4.jpg/250x188.webp https://prod.pictures.autoscout24.net/listing-images/46f53be7-d47a-4e24-88ae-509480d0514f_e5b3260b-c27e-47f2-b478-764875d471a2.jpg/250x188.webp https://prod.pictures.autoscout24.net/listing-images/46f53be7-d47a-4e24-88ae-509480d0514f_9a36a247-f187-4360-98b2-f35e823c97d5.jpg/250x188.webp https://prod.pictures.autoscout24.net/listing-images/46f53be7-d47a-4e24-88ae-509480d0514f_47942217-89e2-44e9-88a4-870dcd27b944.jpg/250x188.webp https://prod.pictures.autoscout24.net/listing-images/46f53be7-d47a-4e24-88ae-509480d0514f_bdd3e006-c8bb-4ad7-86df-f225feed2427.jpg/250x188.webp https://prod.pictures.autoscout24.net/listing-images/46f53be7-d47a-4e24-88ae-509480d0514f_2f520bed-d746-4db9-ad5f-cb1d720478a5.jpg/250x188.webp https://prod.pictures.autoscout24.net/listing-images/46f53be7-d47a-4e24-88ae-509480d0514f_d402650a-5af9-4a62-a3c4-a38a0d62b019.jpg/250x188.webp https://prod.pictures.autoscout24.net/listing-images/46f53be7-d47a-4e24-88ae-509480d0514f_02cb5918-1162-4ead-bb18-6c4731285f6a.jpg/250x188.webp https://prod.pictures.autoscout24.net/listing-images/46f53be7-d47a-4e24-88ae-509480d0514f_3911300f-6f74-4848-abaf-b6a270f12da3.jpg/250x188.webp https://prod.pictures.autoscout24.net/listing-images/46f53be7-d47a-4e24-88ae-509480d0514f_37945adf-06ee-4566-af96-4c5de7492172.jpg/250x188.webp https://prod.pictures.autoscout24.net/listing-images/46f53be7-d47a-4e24-88ae-509480d0514f_ee7f5b93-61de-4c90-921c-e90c8adc3ff2.jpg/250x188.webp,75.15940367254241,1424
d45d0c9c-826d-4338-9878-43f175b605b7,Volvo,XC40,"1.5 T4 PHEV Inscription Expression Pano Dak,Camera",Dealer,26995,2,73580,11-2021,9420,https://prod.pictures.autoscout24.net/listing-images/d45d0c9c-826d-4338-9878-43f175b605b7_78a258a7-e4b6-4a2d-b5eb-1f867632d0fc.jpg/250x188.webp https://prod.pictures.autoscout24.net/listing-images/d45d0c9c-826d-4338-9878-43f175b605b7_404fb575-329e-4804-800d-3e91ecdba444.jpg/250x188.webp https://prod.pictures.autoscout24.net/listing-images/d45d0c9c-826d-4338-9878-43f175b605b7_f462dc8b-0baa-4037-9f5c-e44472365d6a.jpg/250x188.webp https://prod.pictures.autoscout24.net/listing-images/d45d0c9c-826d-4338-9878-43f175b605b7_3e95dc0d-f0ff-4a35-89f3-5eb0ad42d9ee.jpg/250x188.webp https://prod.pictures.autoscout24.net/listing-images/d45d0c9c-826d-4338-9878-43f175b605b7_5c076599-5263-4d22-a8aa-add4c47c062e.jpg/250x188.webp https://prod.pictures.autoscout24.net/listing-images/d45d0c9c-826d-4338-9878-43f175b605b7_304679ef-d114-47bf-a465-58f91a8024e6.jpg/250x188.webp https://prod.pictures.autoscout24.net/listing-images/d45d0c9c-826d-4338-9878-43f175b605b7_2e0882cc-98b9-4301-a252-b24ccfaab1a5.jpg/250x188.webp https://prod.pictures.autoscout24.net/listing-images/d45d0c9c-826d-4338-9878-43f175b605b7_ee393564-fe99-40bb-90fa-658f18786f67.jpg/250x188.webp https://prod.pictures.autoscout24.net/listing-images/d45d0c9c-826d-4338-9878-43f175b605b7_abff857a-4ad1-40e7-a53f-60fbfea1d675.jpg/250x188.webp https://prod.pictures.autoscout24.net/listing-images/d45d0c9c-826d-4338-9878-43f175b605b7_bb1e8466-ba36-4937-9ebb-c73c64019752.jpg/250x188.webp https://prod.pictures.autoscout24.net/listing-images/d45d0c9c-826d-4338-9878-43f175b605b7_b6dd27b4-acef-4385-aaa9-3c5178893b60.jpg/250x188.webp https://prod.pictures.autoscout24.net/listing-images/d45d0c9c-826d-4338-9878-43f175b605b7_5711cf30-b722-4a13-9646-d23b8ee305e9.jpg/250x188.webp https://prod.pictures.autoscout24.net/listing-images/d45d0c9c-826d-4338-9878-43f175b605b7_c37d9f3f-0613-4e1f-84c8-e8189256dfa7.jpg/250x188.webp https://prod.pictures.autoscout24.net/listing-images/d45d0c9c-826d-4338-9878-43f175b605b7_a4ca3031-3d4e-4164-a36a-c961a21ba8f1.jpg/250x188.webp https://prod.pictures.autoscout24.net/listing-images/d45d0c9c-826d-4338-9878-43f175b605b7_1d145550-d7e6-4118-aad8-db9b05356c04.jpg/250x188.webp,71.35242598919278,1575
54c6d845-6072-4239-9a8b-a57dbdfce983,Volvo,XC40,XC40 T4 Recharge DKG RDesign,Dealer,26995,2,87000,04-2021,9100,https://prod.pictures.autoscout24.net/listing-images/54c6d845-6072-4239-9a8b-a57dbdfce983_d2c306e6-cbaa-4672-8d7a-3cc99f43d22f.jpg/250x188.webp https://prod.pictures.autoscout24.net/listing-images/54c6d845-6072-4239-9a8b-a57dbdfce983_6566da3e-5804-4c6a-8488-76657bcdca23.jpg/250x188.webp https://prod.pictures.autoscout24.net/listing-images/54c6d845-6072-4239-9a8b-a57dbdfce983_fddc9ba1-9d70-44eb-9ace-c4d1e8ba0bde.jpg/250x188.webp https://prod.pictures.autoscout24.net/listing-images/54c6d845-6072-4239-9a8b-a57dbdfce983_a909ef70-3de7-433f-aef4-539d3593e311.jpg/250x188.webp https://prod.pictures.autoscout24.net/listing-images/54c6d845-6072-4239-9a8b-a57dbdfce983_49879f99-65b8-4dab-9f66-fb2abf6cf3d2.jpg/250x188.webp https://prod.pictures.autoscout24.net/listing-images/54c6d845-6072-4239-9a8b-a57dbdfce983_bfcd3fa9-5e3a-4c78-a6f6-f1aa777eeb73.jpg/250x188.webp https://prod.pictures.autoscout24.net/listing-images/54c6d845-6072-4239-9a8b-a57dbdfce983_4ce5d692-a40c-447b-ab7b-fdc6aeae394d.jpg/250x188.webp https://prod.pictures.autoscout24.net/listing-images/54c6d845-6072-4239-9a8b-a57dbdfce983_c20e933c-df38-439d-b7a9-2312eed22db1.jpg/250x188.webp https://prod.pictures.autoscout24.net/listing-images/54c6d845-6072-4239-9a8b-a57dbdfce983_1288df0e-ac87-4798-83be-8d48668d181c.jpg/250x188.webp https://prod.pictures.autoscout24.net/listing-images/54c6d845-6072-4239-9a8b-a57dbdfce983_5712f5e4-c722-42df-9d19-bf8eb41feb3a.jpg/250x188.webp https://prod.pictures.autoscout24.net/listing-images/54c6d845-6072-4239-9a8b-a57dbdfce983_b53c4a93-0f1e-4675-b6b7-47435db3a230.jpg/250x188.webp https://prod.pictures.autoscout24.net/listing-images/54c6d845-6072-4239-9a8b-a57dbdfce983_b24e7437-ddac-4a6d-97a8-f45b1c8972e2.jpg/250x188.webp https://prod.pictures.autoscout24.net/listing-images/54c6d845-6072-4239-9a8b-a57dbdfce983_0f9e17f0-6021-4593-a247-0714c512cd9a.jpg/250x188.webp https://prod.pictures.autoscout24.net/listing-images/54c6d845-6072-4239-9a8b-a57dbdfce983_12a707ac-0d14-404b-96ce-b75e210c126d.jpg/250x188.webp,38.57806462340688,1789
9f5e4307-c10e-432d-a926-8f8898f76bb9,Volvo,XC40,1.5 T5 PHEV R-Design-Nav-HLeder-Cam-PDC-Garantie,Dealer,26999,2,62376,12-2020,3600,https://prod.pictures.autoscout24.net/listing-images/9f5e4307-c10e-432d-a926-8f8898f76bb9_e567f400-8cea-4a0f-98ec-3a5aba38ee73.jpg/250x188.webp https://prod.pictures.autoscout24.net/listing-images/9f5e4307-c10e-432d-a926-8f8898f76bb9_3c67bce6-c081-4eb9-9157-7e7e5544182c.jpg/250x188.webp https://prod.pictures.autoscout24.net/listing-images/9f5e4307-c10e-432d-a926-8f8898f76bb9_7cc2a382-9953-4cc2-973d-6f8abf2a7123.jpg/250x188.webp https://prod.pictures.autoscout24.net/listing-images/9f5e4307-c10e-432d-a926-8f8898f76bb9_1c96de75-ecf6-4340-bbb0-3d9034c5e078.jpg/250x188.webp https://prod.pictures.autoscout24.net/listing-images/9f5e4307-c10e-432d-a926-8f8898f76bb9_62490fa0-3553-4dec-ad76-369f775c3f78.jpg/250x188.webp https://prod.pictures.autoscout24.net/listing-images/9f5e4307-c10e-432d-a926-8f8898f76bb9_a6ee6b29-ba13-43fb-abdd-e15b4fd3ca27.jpg/250x188.webp https://prod.pictures.autoscout24.net/listing-images/9f5e4307-c10e-432d-a926-8f8898f76bb9_fde6207a-7e87-49f2-bb55-c2254c5824f3.jpg/250x188.webp https://prod.pictures.autoscout24.net/listing-images/9f5e4307-c10e-432d-a926-8f8898f76bb9_c1400a14-b55c-4fcb-b6dd-2975532736e8.jpg/250x188.webp https://prod.pictures.autoscout24.net/listing-images/9f5e4307-c10e-432d-a926-8f8898f76bb9_d3a69fcc-2f1d-4082-ae8c-ab68d123e3f7.jpg/250x188.webp https://prod.pictures.autoscout24.net/listing-images/9f5e4307-c10e-432d-a926-8f8898f76bb9_80ef285f-2c3c-4860-ada5-7fc2e561d05d.jpg/250x188.webp https://prod.pictures.autoscout24.net/listing-images/9f5e4307-c10e-432d-a926-8f8898f76bb9_cd9a12c8-995d-4a23-a42d-199531f346ef.jpg/250x188.webp https://prod.pictures.autoscout24.net/listing-images/9f5e4307-c10e-432d-a926-8f8898f76bb9_2384abb5-18f4-4316-9045-a1f5ee8d1255.jpg/250x188.webp https://prod.pictures.autoscout24.net/listing-images/9f5e4307-c10e-432d-a926-8f8898f76bb9_17fb7615-b759-4a56-bd37-fd9094814b59.jpg/250x188.webp https://prod.pictures.autoscout24.net/listing-images/9f5e4307-c10e-432d-a926-8f8898f76bb9_7685b43d-a565-41ef-8336-8c3e8c486a99.jpg/250x188.webp,91.05707630102727,1910
4d64a8a0-ceea-432d-af78-079006bf4ce6,Volvo,XC60,Momentum Pro,PrivateSeller,27000,2,163500,05-2020,8750,https://prod.pictures.autoscout24.net/listing-images/4d64a8a0-ceea-432d-af78-079006bf4ce6_40278e69-15c3-48fc-8fa0-5a0346f0d739.jpg/250x188.webp https://prod.pictures.autoscout24.net/listing-images/4d64a8a0-ceea-432d-af78-079006bf4ce6_78944731-3d12-4734-8094-d7bbf8d214e1.jpg/250x188.webp https://prod.pictures.autoscout24.net/listing-images/4d64a8a0-ceea-432d-af78-079006bf4ce6_e613f769-23f6-42ba-bcad-b342594c2bfc.jpg/250x188.webp https://prod.pictures.autoscout24.net/listing-images/4d64a8a0-ceea-432d-af78-079006bf4ce6_0d350f80-3533-4315-bc6a-3ad946548d1b.jpg/250x188.webp https://prod.pictures.autoscout24.net/listing-images/4d64a8a0-ceea-432d-af78-079006bf4ce6_330ea558-f73d-405a-a329-a250579ce4d3.jpg/250x188.webp https://prod.pictures.autoscout24.net/listing-images/4d64a8a0-ceea-432d-af78-079006bf4ce6_296b61bb-e876-4b3c-bb94-6696fe7001e8.jpg/250x188.webp https://prod.pictures.autoscout24.net/listing-images/4d64a8a0-ceea-432d-af78-079006bf4ce6_e0084057-e1a3-47f1-b05a-0f3e0e1cbd90.jpg/250x188.webp https://prod.pictures.autoscout24.net/listing-images/4d64a8a0-ceea-432d-af78-079006bf4ce6_47092d73-a198-451c-b10a-dd103e0300de.jpg/250x188.webp https://prod.pictures.autoscout24.net/listing-images/4d64a8a0-ceea-432d-af78-079006bf4ce6_ee6dc152-4001-4a78-9de9-5c83cd348fdf.jpg/250x188.webp https://prod.pictures.autoscout24.net/listing-images/4d64a8a0-ceea-432d-af78-079006bf4ce6_efae8f8a-be7b-4ab3-b2d4-9b588c87a13c.jpg/250x188.webp https://prod.pictures.autoscout24.net/listing-images/4d64a8a0-ceea-432d-af78-079006bf4ce6_6b5bea41-f307-45f1-bc2b-68d204745f4f.jpg/250x188.webp,97.30660010568353,2124
4235b048-a2c9-4d51-a7f5-e867f8dfa8d1,Volvo,XC40,1.5 T2 Core LED GPS PDC CAM Verw. Zetels & Stuur,Dealer,27290,b,44926,03-2023,2630,https://prod.pictures.autoscout24.net/listing-images/4235b048-a2c9-4d51-a7f5-e867f8dfa8d1_5ed7c693-2380-4277-a0f7-af7da4b8e283.jpg/250x188.webp https://prod.pictures.autoscout24.net/listing-images/4235b048-a2c9-4d51-a7f5-e867f8dfa8d1_7894de2a-4f99-4afe-a88a-9589d4d2a651.jpg/250x188.webp https://prod.pictures.autoscout24.net/listing-images/4235b048-a2c9-4d51-a7f5-e867f8dfa8d1_7d40e7e6-37e7-443e-a5b6-0be4764bb313.jpg/250x188.webp https://prod.pictures.autoscout24.net/listing-images/4235b048-a2c9-4d51-a7f5-e867f8dfa8d1_8ca1fcc5-da33-48a0-ae69-5906e4f994e3.jpg/250x188.webp https://prod.pictures.autoscout24.net/listing-images/4235b048-a2c9-4d51-a7f5-e867f8dfa8d1_648255ac-5286-45c8-9020-8b7e5b144ad5.jpg/250x188.webp https://prod.pictures.autoscout24.net/listing-images/4235b048-a2c9-4d51-a7f5-e867f8dfa8d1_8219ee68-9900-4b3e-a376-8b558306f13d.jpg/250x188.webp https://prod.pictures.autoscout24.net/listing-images/4235b048-a2c9-4d51-a7f5-e867f8dfa8d1_d3fd7aff-572a-42c4-bdee-61c0e97fe649.jpg/250x188.webp https://prod.pictures.autoscout24.net/listing-images/4235b048-a2c9-4d51-a7f5-e867f8dfa8d1_fa871518-cee3-4771-9a0d-de37cfe211a2.jpg/250x188.webp https://prod.pictures.autoscout24.net/listing-images/4235b048-a2c9-4d51-a7f5-e867f8dfa8d1_ff6371f1-0e86-4b98-9f6d-732a1cd6fa86.jpg/250x188.webp https://prod.pictures.autoscout24.net/listing-images/4235b048-a2c9-4d51-a7f5-e867f8dfa8d1_ca470352-a77b-4a0d-9ad0-864b567bc83d.jpg/250x188.webp https://prod.pictures.autoscout24.net/listing-images/4235b048-a2c9-4d51-a7f5-e867f8dfa8d1_154e5294-d066-459e-a6dd-dd4797d772b2.jpg/250x188.webp https://prod.pictures.autoscout24.net/listing-images/4235b048-a2c9-4d51-a7f5-e867f8dfa8d1_db5fe814-d61f-41da-a5b0-bac670acd90d.jpg/250x188.webp https://prod.pictures.autoscout24.net/listing-images/4235b048-a2c9-4d51-a7f5-e867f8dfa8d1_7bd8ed8b-cf50-4e67-a087-a79d53ba2c77.jpg/250x188.webp https://prod.pictures.autoscout24.net/listing-images/4235b048-a2c9-4d51-a7f5-e867f8dfa8d1_eaebc81e-1cdb-4f6e-9136-31f4b84cc3cf.jpg/250x188.webp https://prod.pictures.autoscout24.net/listing-images/4235b048-a2c9-4d51-a7f5-e867f8dfa8d1_c8681e95-4ee4-4972-9304-f0e66889054a.jpg/250x188.webp https://prod.pictures.autoscout24.net/listing-images/4235b048-a2c9-4d51-a7f5-e867f8dfa8d1_b8ef7346-8a14-4fbc-b198-eb526ff9fb37.jpg/250x188.webp https://prod.pictures.autoscout24.net/listing-images/4235b048-a2c9-4d51-a7f5-e867f8dfa8d1_1e0b7ff5-dd18-4131-88f3-cc9305e49c2d.jpg/250x188.webp https://prod.pictures.autoscout24.net/listing-images/4235b048-a2c9-4d51-a7f5-e867f8dfa8d1_3390147e-7dd2-4760-afae-c626d96c53c3.jpg/250x188.webp https://prod.pictures.autoscout24.net/listing-images/4235b048-a2c9-4d51-a7f5-e867f8dfa8d1_7baa108f-2f5f-449c-9d19-e7e5835d76a8.jpg/250x188.webp https://prod.pictures.autoscout24.net/listing-images/4235b048-a2c9-4d51-a7f5-e867f8dfa8d1_5b4f802e-1603-4bd2-bd88-c15f4afe838d.jpg/250x188.webp https://prod.pictures.autoscout24.net/listing-images/4235b048-a2c9-4d51-a7f5-e867f8dfa8d1_8d09fe47-811c-4c45-88e5-773d95e494cd.jpg/250x188.webp https://prod.pictures.autoscout24.net/listing-images/4235b048-a2c9-4d51-a7f5-e867f8dfa8d1_4c20e033-9a25-4a28-928f-efeaf5ceac54.jpg/250x188.webp https://prod.pictures.autoscout24.net/listing-images/4235b048-a2c9-4d51-a7f5-e867f8dfa8d1_d30123f9-c595-46ad-9a36-e0da434674ab.jpg/250x188.webp https://prod.pictures.autoscout24.net/listing-images/4235b048-a2c9-4d51-a7f5-e867f8dfa8d1_a488d0b3-be5e-4fe1-bf89-f6665bffaf0b.jpg/250x188.webp https://prod.pictures.autoscout24.net/listing-images/4235b048-a2c9-4d51-a7f5-e867f8dfa8d1_e02f219a-e21c-4dc1-8b4e-b012fca30dd5.jpg/250x188.webp https://prod.pictures.autoscout24.net/listing-images/4235b048-a2c9-4d51-a7f5-e867f8dfa8d1_419d578c-0172-4ee6-8051-9fe8bb1b9863.jpg/250x188.webp https://prod.pictures.autoscout24.net/listing-images/4235b048-a2c9-4d51-a7f5-e867f8dfa8d1_0617bef2-6293-4a62-9c01-ffd60e716731.jpg/250x188.webp https://prod.pictures.autoscout24.net/listing-images/4235b048-a2c9-4d51-a7f5-e867f8dfa8d1_25c8adc3-1ff3-4b42-8aa3-22fb94c1547d.jpg/250x188.webp https://prod.pictures.autoscout24.net/listing-images/4235b048-a2c9-4d51-a7f5-e867f8dfa8d1_d342f7a0-8e9e-4ea6-89b4-d92160273e89.jpg/250x188.webp https://prod.pictures.autoscout24.net/listing-images/4235b048-a2c9-4d51-a7f5-e867f8dfa8d1_1eba2bbd-fd85-4bca-a090-d8c51ee8bcee.jpg/250x188.webp https://prod.pictures.autoscout24.net/listing-images/4235b048-a2c9-4d51-a7f5-e867f8dfa8d1_00c45cf2-8677-4c3d-9c8d-ee29782d82c7.jpg/250x188.webp https://prod.pictures.autoscout24.net/listing-images/4235b048-a2c9-4d51-a7f5-e867f8dfa8d1_700d8fcb-7c77-4cbc-b5ee-271424a6a7ae.jpg/250x188.webp https://prod.pictures.autoscout24.net/listing-images/4235b048-a2c9-4d51-a7f5-e867f8dfa8d1_9885c514-1b81-4c50-ab19-05061bceb7f7.jpg/250x188.webp https://prod.pictures.autoscout24.net/listing-images/4235b048-a2c9-4d51-a7f5-e867f8dfa8d1_3c660a6e-5239-4d9f-842d-021aa16dee86.jpg/250x188.webp https://prod.pictures.autoscout24.net/listing-images/4235b048-a2c9-4d51-a7f5-e867f8dfa8d1_fc0b489f-a229-4f43-81c0-2357b564e8eb.jpg/250x188.webp,37.55427282853161,1090
33a40bce-27a7-4a6a-a4a8-46c637f4bb2e,Volvo,XC60,"Geartronic Momentum,Trekhaak,Lineassist,..",Dealer,27450,b,90462,05-2020,2910,https://prod.pictures.autoscout24.net/listing-images/33a40bce-27a7-4a6a-a4a8-46c637f4bb2e_10a8fff2-9011-4325-9e42-9e3395672d83.jpg/250x188.webp https://prod.pictures.autoscout24.net/listing-images/33a40bce-27a7-4a6a-a4a8-46c637f4bb2e_6f4b43dc-2968-46f1-85b0-93b16ee4e6e1.jpg/250x188.webp https://prod.pictures.autoscout24.net/listing-images/33a40bce-27a7-4a6a-a4a8-46c637f4bb2e_8c5a99bb-9fb0-4468-ae3a-66472805e1d3.jpg/250x188.webp https://prod.pictures.autoscout24.net/listing-images/33a40bce-27a7-4a6a-a4a8-46c637f4bb2e_8ce164da-0855-4810-ad12-614fdc7fdad9.jpg/250x188.webp https://prod.pictures.autoscout24.net/listing-images/33a40bce-27a7-4a6a-a4a8-46c637f4bb2e_942d4de6-c3b8-4267-b3b9-be72daee3de3.jpg/250x188.webp https://prod.pictures.autoscout24.net/listing-images/33a40bce-27a7-4a6a-a4a8-46c637f4bb2e_991eb027-d45c-4bdb-a02e-38a0c58ba79a.jpg/250x188.webp https://prod.pictures.autoscout24.net/listing-images/33a40bce-27a7-4a6a-a4a8-46c637f4bb2e_e7615c1d-f281-4ccd-88d8-3d865fbe2512.jpg/250x188.webp https://prod.pictures.autoscout24.net/listing-images/33a40bce-27a7-4a6a-a4a8-46c637f4bb2e_ba5e7ae2-c274-490e-832d-074f4f9ff439.jpg/250x188.webp https://prod.pictures.autoscout24.net/listing-images/33a40bce-27a7-4a6a-a4a8-46c637f4bb2e_31272235-7de8-4f4e-8f12-c232eef1b08b.jpg/250x188.webp https://prod.pictures.autoscout24.net/listing-images/33a40bce-27a7-4a6a-a4a8-46c637f4bb2e_bdce2a76-3450-45b3-a854-195fd8352eee.jpg/250x188.webp https://prod.pictures.autoscout24.net/listing-images/33a40bce-27a7-4a6a-a4a8-46c637f4bb2e_76b7b3a4-a12f-4dfd-9086-eb625d72aa19.jpg/250x188.webp https://prod.pictures.autoscout24.net/listing-images/33a40bce-27a7-4a6a-a4a8-46c637f4bb2e_b04e19e9-694f-4d07-b2a6-02d13c31a678.jpg/250x188.webp https://prod.pictures.autoscout24.net/listing-images/33a40bce-27a7-4a6a-a4a8-46c637f4bb2e_f8a00ab9-f4c4-4fad-9dcc-9b83df988c80.jpg/250x188.webp https://prod.pictures.autoscout24.net/listing-images/33a40bce-27a7-4a6a-a4a8-46c637f4bb2e_3bcbd8ca-c73c-4d23-8682-259f364b78e3.jpg/250x188.webp https://prod.pictures.autoscout24.net/listing-images/33a40bce-27a7-4a6a-a4a8-46c637f4bb2e_6ec7f7a4-0e1c-4ddd-bf56-94cd9b7febe6.jpg/250x188.webp,0.0,2124
2538584d-fb57-4447-b11e-1cd45116ee6f,Volvo,XC40,1.5 T4 PHEV INSCRIPTION EXPR. DCT,Dealer,27490,2,102347,03-2022,8800,https://prod.pictures.autoscout24.net/listing-images/2538584d-fb57-4447-b11e-1cd45116ee6f_9c5a30f0-722c-4f6c-8fa9-368b41f1072c.png/250x188.webp https://prod.pictures.autoscout24.net/listing-images/2538584d-fb57-4447-b11e-1cd45116ee6f_747d59d6-6319-4b27-b247-1f2c4ae8c8a4.jpg/250x188.webp https://prod.pictures.autoscout24.net/listing-images/2538584d-fb57-4447-b11e-1cd45116ee6f_7ff24849-d23d-4630-8ed6-2ac91f61e71a.jpg/250x188.webp https://prod.pictures.autoscout24.net/listing-images/2538584d-fb57-4447-b11e-1cd45116ee6f_bf2ce4be-c015-45cc-862f-884423e23714.jpg/250x188.webp https://prod.pictures.autoscout24.net/listing-images/2538584d-fb57-4447-b11e-1cd45116ee6f_9debd3cf-5b32-4767-823f-a5bf977bc4e2.jpg/250x188.webp https://prod.pictures.autoscout24.net/listing-images/2538584d-fb57-4447-b11e-1cd45116ee6f_a16dad0f-2833-495c-99cd-eef16075c0e7.jpg/250x188.webp https://prod.pictures.autoscout24.net/listing-images/2538584d-fb57-4447-b11e-1cd45116ee6f_70b9474b-b68b-44bc-8508-6d86996d277b.jpg/250x188.webp https://prod.pictures.autoscout24.net/listing-images/2538584d-fb57-4447-b11e-1cd45116ee6f_6f203598-8d15-4fc6-87ad-9a83b9ccbb0c.jpg/250x188.webp https://prod.pictures.autoscout24.net/listing-images/2538584d-fb57-4447-b11e-1cd45116ee6f_310ac321-0844-4950-8453-3337abc87553.jpg/250x188.webp https://prod.pictures.autoscout24.net/listing-images/2538584d-fb57-4447-b11e-1cd45116ee6f_3a8e9c87-e87b-41d9-9154-f41d47b74ea0.jpg/250x188.webp https://prod.pictures.autoscout24.net/listing-images/2538584d-fb57-4447-b11e-1cd45116ee6f_8ddd5a50-1d3a-4ffb-beaa-7a04669d9216.jpg/250x188.webp https://prod.pictures.autoscout24.net/listing-images/2538584d-fb57-4447-b11e-1cd45116ee6f_2de85c96-6748-42a0-b5a8-a13a5f66ae74.jpg/250x188.webp https://prod.pictures.autoscout24.net/listing-images/2538584d-fb57-4447-b11e-1cd45116ee6f_21b02587-ac85-48e0-82dc-1dd6b8544430.jpg/250x188.webp https://prod.pictures.autoscout24.net/listing-images/2538584d-fb57-4447-b11e-1cd45116ee6f_4fbbc1ae-929a-41f9-99c0-9a4f5385177c.jpg/250x188.webp https://prod.pictures.autoscout24.net/listing-images/2538584d-fb57-4447-b11e-1cd45116ee6f_e6d52cbb-80db-46ef-9c01-76860a554f0d.jpg/250x188.webp https://prod.pictures.autoscout24.net/listing-images/2538584d-fb57-4447-b11e-1cd45116ee6f_f7be4a9a-81d2-4d79-80e2-324401cd9832.jpg/250x188.webp https://prod.pictures.autoscout24.net/listing-images/2538584d-fb57-4447-b11e-1cd45116ee6f_d9a578f3-6fe4-4b1d-928a-2db1b26770d8.jpg/250x188.webp https://prod.pictures.autoscout24.net/listing-images/2538584d-fb57-4447-b11e-1cd45116ee6f_d3313e9f-3fa6-4ad8-9fa2-e0a52e536296.jpg/250x188.webp https://prod.pictures.autoscout24.net/listing-images/2538584d-fb57-4447-b11e-1cd45116ee6f_4ea3e8c1-421a-47ef-8939-38e96a8c9549.jpg/250x188.webp https://prod.pictures.autoscout24.net/listing-images/2538584d-fb57-4447-b11e-1cd45116ee6f_6d270d8d-0b01-4ad2-b973-9f43459e8873.jpg/250x188.webp https://prod.pictures.autoscout24.net/listing-images/2538584d-fb57-4447-b11e-1cd45116ee6f_68324ec0-f0f2-4edf-b1bc-e9f5b469a431.jpg/250x188.webp https://prod.pictures.autoscout24.net/listing-images/2538584d-fb57-4447-b11e-1cd45116ee6f_eb14fa4f-6dc3-4b9b-b6cc-13985869037b.jpg/250x188.webp,109.03360945246584,1455
117983ec-8980-459a-b41e-c57a7d0693e9,Volvo,XC40,1.5 T2 Geartronic Core + GPS + LED Lights,Dealer,27495,b,41512,09-2023,8830,https://prod.pictures.autoscout24.net/listing-images/117983ec-8980-459a-b41e-c57a7d0693e9_ee9eea93-d1e8-4fd1-8158-af68f2f33981.jpg/250x188.webp https://prod.pictures.autoscout24.net/listing-images/117983ec-8980-459a-b41e-c57a7d0693e9_75c0b6a4-37c0-4bcd-9725-fef2e692a354.jpg/250x188.webp https://prod.pictures.autoscout24.net/listing-images/117983ec-8980-459a-b41e-c57a7d0693e9_c25ddfaa-c655-4e7d-881d-78eff065e00f.jpg/250x188.webp https://prod.pictures.autoscout24.net/listing-images/117983ec-8980-459a-b41e-c57a7d0693e9_ebb2cbbc-e828-4f82-acd7-264db8f9a217.jpg/250x188.webp https://prod.pictures.autoscout24.net/listing-images/117983ec-8980-459a-b41e-c57a7d0693e9_e59d8c71-338a-4f4a-96d1-06659e162261.jpg/250x188.webp https://prod.pictures.autoscout24.net/listing-images/117983ec-8980-459a-b41e-c57a7d0693e9_cfff0c37-f386-41ca-869e-69c8516cd6a1.jpg/250x188.webp https://prod.pictures.autoscout24.net/listing-images/117983ec-8980-459a-b41e-c57a7d0693e9_a9347f95-ff5f-4769-9698-ee1ad0b39911.jpg/250x188.webp https://prod.pictures.autoscout24.net/listing-images/117983ec-8980-459a-b41e-c57a7d0693e9_9ff70eaf-3281-4760-8e13-b5a491533add.jpg/250x188.webp https://prod.pictures.autoscout24.net/listing-images/117983ec-8980-459a-b41e-c57a7d0693e9_18a87681-f804-45ab-a589-9a9bcebefecb.jpg/250x188.webp https://prod.pictures.autoscout24.net/listing-images/117983ec-8980-459a-b41e-c57a7d0693e9_b52304e3-04e9-4b2d-a2f3-8f0303002d24.jpg/250x188.webp https://prod.pictures.autoscout24.net/listing-images/117983ec-8980-459a-b41e-c57a7d0693e9_b9b353ec-174b-4bb2-9528-05cb733f90ab.jpg/250x188.webp https://prod.pictures.autoscout24.net/listing-images/117983ec-8980-459a-b41e-c57a7d0693e9_f18900ec-a324-490c-9bed-5623cec09979.jpg/250x188.webp https://prod.pictures.autoscout24.net/listing-images/117983ec-8980-459a-b41e-c57a7d0693e9_6cdeabd8-d0cf-41f2-b7e4-39eff17ce527.jpg/250x188.webp https://prod.pictures.autoscout24.net/listing-images/117983ec-8980-459a-b41e-c57a7d0693e9_7ffc7035-bc6e-4f85-bd2c-c6a74cc0bf2f.jpg/250x188.webp https://prod.pictures.autoscout24.net/listing-images/117983ec-8980-459a-b41e-c57a7d0693e9_2f404445-0547-4171-ac13-515335d6d720.jpg/250x188.webp https://prod.pictures.autoscout24.net/listing-images/117983ec-8980-459a-b41e-c57a7d0693e9_329f0611-78ce-400f-bfbf-730af30772ed.jpg/250x188.webp https://prod.pictures.autoscout24.net/listing-images/117983ec-8980-459a-b41e-c57a7d0693e9_c21b70d9-fc68-4e23-be19-8f14465e2820.jpg/250x188.webp https://prod.pictures.autoscout24.net/listing-images/117983ec-8980-459a-b41e-c57a7d0693e9_ac024e6b-79d6-4ece-9e09-e827f1bc62c1.jpg/250x188.webp https://prod.pictures.autoscout24.net/listing-images/117983ec-8980-459a-b41e-c57a7d0693e9_57047741-6721-4fdc-8ce0-6230308394e2.jpg/250x188.webp https://prod.pictures.autoscout24.net/listing-images/117983ec-8980-459a-b41e-c57a7d0693e9_4c962b1c-7ed8-4e50-8d0c-7e8d7bb039ce.jpg/250x188.webp https://prod.pictures.autoscout24.net/listing-images/117983ec-8980-459a-b41e-c57a7d0693e9_45c1c2e8-77bb-439f-947f-e826c51f1e5c.jpg/250x188.webp,109.7708516918902,906
f20d0ef6-4f72-403c-83cc-63d7efc9403d,Volvo,XC40,B5 B AWD Automaat Inscription Navi-Cam- Garantie!,Dealer,27499,b,50030,12-2020,3600,https://prod.pictures.autoscout24.net/listing-images/f20d0ef6-4f72-403c-83cc-63d7efc9403d_295db217-cd9b-4d07-adaf-24d0aee30085.jpg/250x188.webp https://prod.pictures.autoscout24.net/listing-images/f20d0ef6-4f72-403c-83cc-63d7efc9403d_cf12c0e6-c23d-41a4-9de1-41ba763850c7.jpg/250x188.webp https://prod.pictures.autoscout24.net/listing-images/f20d0ef6-4f72-403c-83cc-63d7efc9403d_629983df-6385-4cd7-b08e-08fec7dd1114.jpg/250x188.webp https://prod.pictures.autoscout24.net/listing-images/f20d0ef6-4f72-403c-83cc-63d7efc9403d_a90d7db9-8bc4-475b-aaa5-9f656f95eb08.jpg/250x188.webp https://prod.pictures.autoscout24.net/listing-images/f20d0ef6-4f72-403c-83cc-63d7efc9403d_f5a31520-4604-44b6-87b5-7ac1eee433af.jpg/250x188.webp https://prod.pictures.autoscout24.net/listing-images/f20d0ef6-4f72-403c-83cc-63d7efc9403d_9d7f0300-8d3e-4958-9f2e-605bdff1b7af.jpg/250x188.webp https://prod.pictures.autoscout24.net/listing-images/f20d0ef6-4f72-403c-83cc-63d7efc9403d_43a2ed1a-09be-4f4b-b843-8e8d5457f84f.jpg/250x188.webp https://prod.pictures.autoscout24.net/listing-images/f20d0ef6-4f72-403c-83cc-63d7efc9403d_7e391047-9371-4d24-96b4-071c2e6c358e.jpg/250x188.webp https://prod.pictures.autoscout24.net/listing-images/f20d0ef6-4f72-403c-83cc-63d7efc9403d_63ee4b3b-c3a7-4fdf-a17f-3fed7a43fe0f.jpg/250x188.webp https://prod.pictures.autoscout24.net/listing-images/f20d0ef6-4f72-403c-83cc-63d7efc9403d_b99b0a43-0c4a-4dbd-8f4d-9bf580542b64.jpg/250x188.webp https://prod.pictures.autoscout24.net/listing-images/f20d0ef6-4f72-403c-83cc-63d7efc9403d_9d574e88-335a-4668-81cb-40a6679ff142.jpg/250x188.webp https://prod.pictures.autoscout24.net/listing-images/f20d0ef6-4f72-403c-83cc-63d7efc9403d_a0e6f62a-e9cb-491b-a1e2-6c01ef9220ac.jpg/250x188.webp https://prod.pictures.autoscout24.net/listing-images/f20d0ef6-4f72-403c-83cc-63d7efc9403d_194e9f77-1fd8-42b6-9e01-351c2d3721b3.jpg/250x188.webp https://prod.pictures.autoscout24.net/listing-images/f20d0ef6-4f72-403c-83cc-63d7efc9403d_cd02f36f-d09a-4a2c-9831-0f53ec0fd9af.jpg/250x188.webp https://prod.pictures.autoscout24.net/listing-images/f20d0ef6-4f72-403c-83cc-63d7efc9403d_9ffbdac1-64e4-4643-8123-3c32afd1ea8a.jpg/250x188.webp https://prod.pictures.autoscout24.net/listing-images/f20d0ef6-4f72-403c-83cc-63d7efc9403d_f4550f25-afc0-45dd-bbf1-7055fc6001f4.jpg/250x188.webp,91.05707630102727,1910
cad89029-53b4-46d2-9c6a-4c2da8acf529,Volvo,XC40,XC40 T4 Plug In Hybride Gps/Cruise/PDC/Carplay/...,Dealer,27500,2,60159,11-2021,8550,https://prod.pictures.autoscout24.net/listing-images/cad89029-53b4-46d2-9c6a-4c2da8acf529_a51b09e3-49bb-4099-87ef-4cc5bef46d10.jpg/250x188.webp https://prod.pictures.autoscout24.net/listing-images/cad89029-53b4-46d2-9c6a-4c2da8acf529_39d4e3dc-e6cc-48a9-adb7-c69386c70ef3.jpg/250x188.webp https://prod.pictures.autoscout24.net/listing-images/cad89029-53b4-46d2-9c6a-4c2da8acf529_29fd04b1-db0d-411f-b2c5-4890842b3930.jpg/250x188.webp https://prod.pictures.autoscout24.net/listing-images/cad89029-53b4-46d2-9c6a-4c2da8acf529_6d0bbfee-211a-4fda-a592-681dc9fbb013.jpg/250x188.webp https://prod.pictures.autoscout24.net/listing-images/cad89029-53b4-46d2-9c6a-4c2da8acf529_fcb19530-b4fe-44ce-908c-6ba39fa05c77.jpg/250x188.webp https://prod.pictures.autoscout24.net/listing-images/cad89029-53b4-46d2-9c6a-4c2da8acf529_0693244c-d752-4612-8037-3bd58d49b5d6.jpg/250x188.webp https://prod.pictures.autoscout24.net/listing-images/cad89029-53b4-46d2-9c6a-4c2da8acf529_e9a72994-3623-40f6-a950-7ce5a63d5616.jpg/250x188.webp https://prod.pictures.autoscout24.net/listing-images/cad89029-53b4-46d2-9c6a-4c2da8acf529_4b99def6-a909-49ed-bd51-40116c5e4830.jpg/250x188.webp https://prod.pictures.autoscout24.net/listing-images/cad89029-53b4-46d2-9c6a-4c2da8acf529_78adea69-2954-42a0-9c9e-59d29550a6ed.jpg/250x188.webp https://prod.pictures.autoscout24.net/listing-images/cad89029-53b4-46d2-9c6a-4c2da8acf529_50e5a340-9d5d-42d5-a5f8-8d07aa207651.jpg/250x188.webp https://prod.pictures.autoscout24.net/listing-images/cad89029-53b4-46d2-9c6a-4c2da8acf529_36319641-c088-4e08-975b-f965ce03b211.jpg/250x188.webp https://prod.pictures.autoscout24.net/listing-images/cad89029-53b4-46d2-9c6a-4c2da8acf529_f66848b8-e133-4035-81bc-0b403a87fd19.jpg/250x188.webp https://prod.pictures.autoscout24.net/listing-images/cad89029-53b4-46d2-9c6a-4c2da8acf529_83426b76-b9b7-418a-b00c-57ecd98c2a78.jpg/250x188.webp https://prod.pictures.autoscout24.net/listing-images/cad89029-53b4-46d2-9c6a-4c2da8acf529_40e59b3e-1d93-40d9-85a1-ed204a9be488.jpg/250x188.webp https://prod.pictures.autoscout24.net/listing-images/cad89029-53b4-46d2-9c6a-4c2da8acf529_51d61f39-44a2-41e8-a812-2c1adafaedf5.jpg/250x188.webp https://prod.pictures.autoscout24.net/listing-images/cad89029-53b4-46d2-9c6a-4c2da8acf529_67192448-c760-4327-9e53-db48a3eb2f05.jpg/250x188.webp https://prod.pictures.autoscout24.net/listing-images/cad89029-53b4-46d2-9c6a-4c2da8acf529_18cbc923-8480-4e07-8a7f-6f87f8a20bde.jpg/250x188.webp https://prod.pictures.autoscout24.net/listing-images/cad89029-53b4-46d2-9c6a-4c2da8acf529_a391ce00-7824-4dfe-80a2-05105270b331.jpg/250x188.webp https://prod.pictures.autoscout24.net/listing-images/cad89029-53b4-46d2-9c6a-4c2da8acf529_fee43f48-0447-4523-9956-a48367a597ff.jpg/250x188.webp https://prod.pictures.autoscout24.net/listing-images/cad89029-53b4-46d2-9c6a-4c2da8acf529_c20ec308-14f2-42d6-a360-01480f38a6b8.jpg/250x188.webp https://prod.pictures.autoscout24.net/listing-images/cad89029-53b4-46d2-9c6a-4c2da8acf529_b7853940-450e-494b-b261-c08af1e16095.jpg/250x188.webp https://prod.pictures.autoscout24.net/listing-images/cad89029-53b4-46d2-9c6a-4c2da8acf529_acd035bf-c4fd-4b6f-af5d-7ee15463240a.jpg/250x188.webp https://prod.pictures.autoscout24.net/listing-images/cad89029-53b4-46d2-9c6a-4c2da8acf529_da2025d2-d4fc-43a2-acba-13ad9fdad9da.jpg/250x188.webp https://prod.pictures.autoscout24.net/listing-images/cad89029-53b4-46d2-9c6a-4c2da8acf529_295324c3-51bb-40fb-ab49-f6ea5609a4fd.jpg/250x188.webp https://prod.pictures.autoscout24.net/listing-images/cad89029-53b4-46d2-9c6a-4c2da8acf529_a3c6c2e1-219c-470d-aebb-cf0d575c8130.jpg/250x188.webp https://prod.pictures.autoscout24.net/listing-images/cad89029-53b4-46d2-9c6a-4c2da8acf529_159bd8ca-f508-47db-afc5-4c908a02097e.jpg/250x188.webp https://prod.pictures.autoscout24.net/listing-images/cad89029-53b4-46d2-9c6a-4c2da8acf529_f6ef2a21-b4a0-4f1d-8bb4-65e2d7dd91c9.jpg/250x188.webp,107.36766166002549,1575
901478d9-1740-4f7e-a9c2-f337660a9d2c,Volvo,XC40,XC40 B3 B DKG Plus Dark,PrivateSeller,27500,b,70032,11-2022,9890,https://prod.pictures.autoscout24.net/listing-images/901478d9-1740-4f7e-a9c2-f337660a9d2c_6d2d77a0-1ef0-42db-a912-65be002e45d4.jpg/250x188.webp https://prod.pictures.autoscout24.net/listing-images/901478d9-1740-4f7e-a9c2-f337660a9d2c_2f8e69ff-5864-4fec-b2db-b2da628dd4c5.jpg/250x188.webp https://prod.pictures.autoscout24.net/listing-images/901478d9-1740-4f7e-a9c2-f337660a9d2c_714bfc55-f059-4b06-9350-ab31ad4be4eb.jpg/250x188.webp https://prod.pictures.autoscout24.net/listing-images/901478d9-1740-4f7e-a9c2-f337660a9d2c_e3fdeecd-93fd-4a34-8a60-860b55a2b01b.jpg/250x188.webp https://prod.pictures.autoscout24.net/listing-images/901478d9-1740-4f7e-a9c2-f337660a9d2c_a030f5b3-5d99-406d-825d-10c1e1056275.jpg/250x188.webp https://prod.pictures.autoscout24.net/listing-images/901478d9-1740-4f7e-a9c2-f337660a9d2c_6d0bd473-e362-4181-b03e-2279ff779c6a.jpg/250x188.webp https://prod.pictures.autoscout24.net/listing-images/901478d9-1740-4f7e-a9c2-f337660a9d2c_ab67706c-daae-4331-9b3e-8a8afff71674.jpg/250x188.webp https://prod.pictures.autoscout24.net/listing-images/901478d9-1740-4f7e-a9c2-f337660a9d2c_1824fb2a-7936-4d56-854e-d1a6689729ec.jpg/250x188.webp https://prod.pictures.autoscout24.net/listing-images/901478d9-1740-4f7e-a9c2-f337660a9d2c_f0d98214-83ec-4395-badf-4f8eadda824b.jpg/250x188.webp https://prod.pictures.autoscout24.net/listing-images/901478d9-1740-4f7e-a9c2-f337660a9d2c_6ae95767-c18b-48fd-9e52-4e190f66aa99.jpg/250x188.webp https://prod.pictures.autoscout24.net/listing-images/901478d9-1740-4f7e-a9c2-f337660a9d2c_00b33190-1dde-4af6-8d24-60f78f763a14.jpg/250x188.webp https://prod.pictures.autoscout24.net/listing-images/901478d9-1740-4f7e-a9c2-f337660a9d2c_73d44e68-a384-4282-a59a-30df3d46a847.jpg/250x188.webp https://prod.pictures.autoscout24.net/listing-images/901478d9-1740-4f7e-a9c2-f337660a9d2c_219697fc-9bff-44a5-93dd-dbb4d49bef8d.jpg/250x188.webp https://prod.pictures.autoscout24.net/listing-images/901478d9-1740-4f7e-a9c2-f337660a9d2c_b8b4eb34-60a3-48ef-82bf-eb93ca66ec28.jpg/250x188.webp https://prod.pictures.autoscout24.net/listing-images/901478d9-1740-4f7e-a9c2-f337660a9d2c_921de31b-459a-455e-aecd-4e4b8c295247.jpg/250x188.webp https://prod.pictures.autoscout24.net/listing-images/901478d9-1740-4f7e-a9c2-f337660a9d2c_ae329f7e-77e1-4338-b197-ff64ad22cb89.jpg/250x188.webp,81.26345177444654,1210
c7982e4c-d89c-4e05-950d-3377b569f9b1,Volvo,V60,V60 T6 AWD Recharge Core,PrivateSeller,27500,2,79500,11-2022,8970,https://prod.pictures.autoscout24.net/listing-images/c7982e4c-d89c-4e05-950d-3377b569f9b1_24f00135-205a-4887-b951-f69c2a1c5a25.jpg/250x188.webp https://prod.pictures.autoscout24.net/listing-images/c7982e4c-d89c-4e05-950d-3377b569f9b1_51dd83de-28df-4ae6-ad9a-05782172a8ab.jpg/250x188.webp https://prod.pictures.autoscout24.net/listing-images/c7982e4c-d89c-4e05-950d-3377b569f9b1_5a67bbd6-3586-4133-a29c-5497c2aaf815.jpg/250x188.webp https://prod.pictures.autoscout24.net/listing-images/c7982e4c-d89c-4e05-950d-3377b569f9b1_c0db03c3-7893-4484-8a42-09c44f8fbffc.jpg/250x188.webp https://prod.pictures.autoscout24.net/listing-images/c7982e4c-d89c-4e05-950d-3377b569f9b1_b473e837-7051-4135-bbf7-4af80df5047a.jpg/250x188.webp https://prod.pictures.autoscout24.net/listing-images/c7982e4c-d89c-4e05-950d-3377b569f9b1_52033872-4a02-41e3-a67f-b9e94aff4b2d.jpg/250x188.webp https://prod.pictures.autoscout24.net/listing-images/c7982e4c-d89c-4e05-950d-3377b569f9b1_a3ec7f40-c38e-4b38-a7b0-1a82ebcca451.jpg/250x188.webp https://prod.pictures.autoscout24.net/listing-images/c7982e4c-d89c-4e05-950d-3377b569f9b1_299cc967-9aba-4228-a8d4-7df7498d495c.jpg/250x188.webp https://prod.pictures.autoscout24.net/listing-images/c7982e4c-d89c-4e05-950d-3377b569f9b1_5fbe3f57-c8dc-4e17-ae7a-2f9d96f4f80c.jpg/250x188.webp https://prod.pictures.autoscout24.net/listing-images/c7982e4c-d89c-4e05-950d-3377b569f9b1_2886739d-5a10-4d16-a3a2-a514e19322d7.jpg/250x188.webp https://prod.pictures.autoscout24.net/listing-images/c7982e4c-d89c-4e05-950d-3377b569f9b1_b1c1054d-af96-4756-badd-cb5662d1c6b8.jpg/250x188.webp https://prod.pictures.autoscout24.net/listing-images/c7982e4c-d89c-4e05-950d-3377b569f9b1_49fc8ee8-457e-49b7-b0d2-22202cdfcf51.jpg/250x188.webp https://prod.pictures.autoscout24.net/listing-images/c7982e4c-d89c-4e05-950d-3377b569f9b1_51ab68e3-d1af-45a3-b831-707a3f2ab704.jpg/250x188.webp https://prod.pictures.autoscout24.net/listing-images/c7982e4c-d89c-4e05-950d-3377b569f9b1_65adeced-cfcd-4620-8d19-83d9e943a454.jpg/250x188.webp https://prod.pictures.autoscout24.net/listing-images/c7982e4c-d89c-4e05-950d-3377b569f9b1_fb6559dc-a1f1-449d-b68a-4a24fbcc9af0.jpg/250x188.webp https://prod.pictures.autoscout24.net/listing-images/c7982e4c-d89c-4e05-950d-3377b569f9b1_6be5e6d9-5e5e-46e6-80c9-225c3182f83e.jpg/250x188.webp https://prod.pictures.autoscout24.net/listing-images/c7982e4c-d89c-4e05-950d-3377b569f9b1_6e02882a-9a53-417a-b86a-4fc916f93b9c.jpg/250x188.webp https://prod.pictures.autoscout24.net/listing-images/c7982e4c-d89c-4e05-950d-3377b569f9b1_4aff65dc-0eb1-4cb0-ad0c-c75cdc059b5e.jpg/250x188.webp https://prod.pictures.autoscout24.net/listing-images/c7982e4c-d89c-4e05-950d-3377b569f9b1_a0024ad1-95f2-4f8e-aa8a-a3772d3cf611.jpg/250x188.webp https://prod.pictures.autoscout24.net/listing-images/c7982e4c-d89c-4e05-950d-3377b569f9b1_505ccecd-db64-4ef4-8f5c-8a7abf850751.jpg/250x188.webp https://prod.pictures.autoscout24.net/listing-images/c7982e4c-d89c-4e05-950d-3377b569f9b1_87304fc7-34a6-4b37-9d1e-5f8f0dca93de.jpg/250x188.webp https://prod.pictures.autoscout24.net/listing-images/c7982e4c-d89c-4e05-950d-3377b569f9b1_d9f02e60-54da-4968-a5ed-83e975af41fc.jpg/250x188.webp https://prod.pictures.autoscout24.net/listing-images/c7982e4c-d89c-4e05-950d-3377b569f9b1_dbf8f112-cb72-468a-9bfe-d6821659dfa6.jpg/250x188.webp https://prod.pictures.autoscout24.net/listing-images/c7982e4c-d89c-4e05-950d-3377b569f9b1_a2226c35-857f-4fd2-be89-16dd1cf67c5d.jpg/250x188.webp https://prod.pictures.autoscout24.net/listing-images/c7982e4c-d89c-4e05-950d-3377b569f9b1_a4a55b43-749c-411a-8197-8e1d67bd062f.jpg/250x188.webp https://prod.pictures.autoscout24.net/listing-images/c7982e4c-d89c-4e05-950d-3377b569f9b1_7d3916fe-49ff-44f4-990c-eeedecbfe070.jpg/250x188.webp https://prod.pictures.autoscout24.net/listing-images/c7982e4c-d89c-4e05-950d-3377b569f9b1_dc3a4333-ade8-447f-9cfa-8fe13c119283.jpg/250x188.webp https://prod.pictures.autoscout24.net/listing-images/c7982e4c-d89c-4e05-950d-3377b569f9b1_e97fa5a9-60d3-4b77-959e-a9fa8f541ed4.jpg/250x188.webp https://prod.pictures.autoscout24.net/listing-images/c7982e4c-d89c-4e05-950d-3377b569f9b1_d7378054-b69d-42fb-85af-c70d53842206.jpg/250x188.webp,139.13053447154766,1210
87720869-f0f7-4b42-9452-a8f3a9533867,Volvo,XC40,T5 Recharge Inscription + PANO DAK/LEDER/TREKHAAK,Dealer,29800,2,21226,08-2020,2800,https://prod.pictures.autoscout24.net/listing-images/87720869-f0f7-4b42-9452-a8f3a9533867_e0d224a1-47f1-4dc4-b9a4-82d609c36548.jpg/250x188.webp https://prod.pictures.autoscout24.net/listing-images/87720869-f0f7-4b42-9452-a8f3a9533867_0671d090-bf40-4950-8e44-a7a274253c69.jpg/250x188.webp https://prod.pictures.autoscout24.net/listing-images/87720869-f0f7-4b42-9452-a8f3a9533867_d3a53a7e-7911-44e8-b304-1e046070d297.jpg/250x188.webp https://prod.pictures.autoscout24.net/listing-images/87720869-f0f7-4b42-9452-a8f3a9533867_cc744bd5-262e-4dce-8149-0769537c0769.jpg/250x188.webp https://prod.pictures.autoscout24.net/listing-images/87720869-f0f7-4b42-9452-a8f3a9533867_a5c5c81c-4ba0-4ddb-a6d9-ba0ab5914621.jpg/250x188.webp https://prod.pictures.autoscout24.net/listing-images/87720869-f0f7-4b42-9452-a8f3a9533867_d7c27e26-4e24-42c5-8d88-3e1fe1eb0174.jpg/250x188.webp https://prod.pictures.autoscout24.net/listing-images/87720869-f0f7-4b42-9452-a8f3a9533867_2f4ace72-0d33-42f1-85aa-0a84ca0fb55d.jpg/250x188.webp https://prod.pictures.autoscout24.net/listing-images/87720869-f0f7-4b42-9452-a8f3a9533867_6532f0d7-bee4-42f0-a589-6295f3cf46ab.jpg/250x188.webp https://prod.pictures.autoscout24.net/listing-images/87720869-f0f7-4b42-9452-a8f3a9533867_43e39e5a-e567-40e6-8815-845fcbc51a1a.jpg/250x188.webp https://prod.pictures.autoscout24.net/listing-images/87720869-f0f7-4b42-9452-a8f3a9533867_e6c91085-5e9b-4fd2-850c-3825a9631f5f.jpg/250x188.webp https://prod.pictures.autoscout24.net/listing-images/87720869-f0f7-4b42-9452-a8f3a9533867_1977f435-825b-4037-808c-2c3a1fd62f63.jpg/250x188.webp https://prod.pictures.autoscout24.net/listing-images/87720869-f0f7-4b42-9452-a8f3a9533867_d5c28e10-a325-484e-a173-06d19de7da41.jpg/250x188.webp,46.86877944970925,2032
edb1b088-86cd-4299-9932-2e8b27888b7c,Volvo,XC40,T2 Automaat Micro hybrid,Dealer,29900,b,27996,01-2024,2100,https://prod.pictures.autoscout24.net/listing-images/edb1b088-86cd-4299-9932-2e8b27888b7c_2b1c7adb-ab63-4823-9149-318e6bc1678b.jpg/250x188.webp https://prod.pictures.autoscout24.net/listing-images/edb1b088-86cd-4299-9932-2e8b27888b7c_836e002c-53a6-485e-9555-21bc1fe280d6.jpg/250x188.webp https://prod.pictures.autoscout24.net/listing-images/edb1b088-86cd-4299-9932-2e8b27888b7c_5d635abc-72fd-438e-986f-66110af61641.jpg/250x188.webp https://prod.pictures.autoscout24.net/listing-images/edb1b088-86cd-4299-9932-2e8b27888b7c_6cc8450c-f837-4194-9635-b869aef99159.jpg/250x188.webp https://prod.pictures.autoscout24.net/listing-images/edb1b088-86cd-4299-9932-2e8b27888b7c_81755547-c6f6-4d0c-a044-901927c0e343.jpg/250x188.webp https://prod.pictures.autoscout24.net/listing-images/edb1b088-86cd-4299-9932-2e8b27888b7c_56d0d7fe-11bb-4722-8f31-22eeb4dbe5f7.jpg/250x188.webp https://prod.pictures.autoscout24.net/listing-images/edb1b088-86cd-4299-9932-2e8b27888b7c_a6ca4836-32ab-4745-b4b5-4d1c9af7f2ea.jpg/250x188.webp https://prod.pictures.autoscout24.net/listing-images/edb1b088-86cd-4299-9932-2e8b27888b7c_8dac5e51-3247-4524-93ee-35720c7fc1fa.jpg/250x188.webp https://prod.pictures.autoscout24.net/listing-images/edb1b088-86cd-4299-9932-2e8b27888b7c_09eee45a-fa8f-4809-9637-b95a80ee591c.jpg/250x188.webp https://prod.pictures.autoscout24.net/listing-images/edb1b088-86cd-4299-9932-2e8b27888b7c_8e07c458-6c85-44ee-9190-1cc95def08fb.jpg/250x188.webp,27.421552979694752,784
b56f2f22-2848-4802-9aac-e586e5cfd0dc,Volvo,XC40,"XC40 Recharge Inscription Expression, T5 plug-in h",Dealer,27699,2,64620,04-2021,1300,https://prod.pictures.autoscout24.net/listing-images/b56f2f22-2848-4802-9aac-e586e5cfd0dc_8b141d7d-61de-4edc-b2ae-9692bb64765c.jpg/250x188.webp https://prod.pictures.autoscout24.net/listing-images/b56f2f22-2848-4802-9aac-e586e5cfd0dc_90ed4270-2dc3-46f4-9329-50a157c2b308.jpg/250x188.webp https://prod.pictures.autoscout24.net/listing-images/b56f2f22-2848-4802-9aac-e586e5cfd0dc_c12b29dd-9423-4a97-9fe8-e21bd8acbab7.jpg/250x188.webp https://prod.pictures.autoscout24.net/listing-images/b56f2f22-2848-4802-9aac-e586e5cfd0dc_d876f32b-2349-454f-b6da-0d374255361f.jpg/250x188.webp https://prod.pictures.autoscout24.net/listing-images/b56f2f22-2848-4802-9aac-e586e5cfd0dc_c502682d-8edf-4d68-a16b-b4b1f28af5c1.jpg/250x188.webp https://prod.pictures.autoscout24.net/listing-images/b56f2f22-2848-4802-9aac-e586e5cfd0dc_a5897b02-7005-4410-bf81-790735252a75.jpg/250x188.webp https://prod.pictures.autoscout24.net/listing-images/b56f2f22-2848-4802-9aac-e586e5cfd0dc_847da879-76cc-4560-8c4e-338b9c3ef701.jpg/250x188.webp https://prod.pictures.autoscout24.net/listing-images/b56f2f22-2848-4802-9aac-e586e5cfd0dc_d684b1d7-c00e-493b-9563-8a1058dc7521.jpg/250x188.webp https://prod.pictures.autoscout24.net/listing-images/b56f2f22-2848-4802-9aac-e586e5cfd0dc_934754e9-4f32-42bd-98e7-1ebb7a660650.jpg/250x188.webp https://prod.pictures.autoscout24.net/listing-images/b56f2f22-2848-4802-9aac-e586e5cfd0dc_42b0d9b1-4bf3-46ca-b4c9-8611b7f51e75.jpg/250x188.webp https://prod.pictures.autoscout24.net/listing-images/b56f2f22-2848-4802-9aac-e586e5cfd0dc_fed0b458-1038-4a0a-b2bb-18b74925baa0.jpg/250x188.webp https://prod.pictures.autoscout24.net/listing-images/b56f2f22-2848-4802-9aac-e586e5cfd0dc_83efc664-d0f0-4d14-9f95-54258c9f8fdf.jpg/250x188.webp https://prod.pictures.autoscout24.net/listing-images/b56f2f22-2848-4802-9aac-e586e5cfd0dc_cb999bc2-8445-432f-b723-9b32bb7ab51e.jpg/250x188.webp https://prod.pictures.autoscout24.net/listing-images/b56f2f22-2848-4802-9aac-e586e5cfd0dc_f52951de-5c50-4e68-9926-fb6107bf992e.jpg/250x188.webp https://prod.pictures.autoscout24.net/listing-images/b56f2f22-2848-4802-9aac-e586e5cfd0dc_5378f684-e82f-4e0d-a36c-e4422ea2d02c.jpg/250x188.webp https://prod.pictures.autoscout24.net/listing-images/b56f2f22-2848-4802-9aac-e586e5cfd0dc_da751e55-7412-4f73-8b34-2c40e13a21a3.jpg/250x188.webp https://prod.pictures.autoscout24.net/listing-images/b56f2f22-2848-4802-9aac-e586e5cfd0dc_1a8baa54-8087-4982-b497-fe9d1cdf526f.jpg/250x188.webp https://prod.pictures.autoscout24.net/listing-images/b56f2f22-2848-4802-9aac-e586e5cfd0dc_58dffd9c-a9e1-49a2-aabf-14b4dfd7d559.jpg/250x188.webp,85.12897915734546,1789
d697d9d8-cf8e-4850-a384-f63797d7d9a3,Volvo,V90,BENZINE AUTOMAAT MET SLECHTS 67000KM,Dealer,27780,b,67039,01-2020,3110,https://prod.pictures.autoscout24.net/listing-images/d697d9d8-cf8e-4850-a384-f63797d7d9a3_052855fd-a1b8-418d-abd7-9515fa703934.jpg/250x188.webp https://prod.pictures.autoscout24.net/listing-images/d697d9d8-cf8e-4850-a384-f63797d7d9a3_5204e795-a308-4804-9a65-9a1e4d547c3b.jpg/250x188.webp https://prod.pictures.autoscout24.net/listing-images/d697d9d8-cf8e-4850-a384-f63797d7d9a3_f8f0f8ba-902f-4da2-82e8-2c860d9cf9c5.jpg/250x188.webp https://prod.pictures.autoscout24.net/listing-images/d697d9d8-cf8e-4850-a384-f63797d7d9a3_fd1dbf21-57aa-44d3-8a78-8f84e0abf787.jpg/250x188.webp https://prod.pictures.autoscout24.net/listing-images/d697d9d8-cf8e-4850-a384-f63797d7d9a3_1dd5ac0c-fd34-4432-bfcb-34b9cc868a6a.jpg/250x188.webp https://prod.pictures.autoscout24.net/listing-images/d697d9d8-cf8e-4850-a384-f63797d7d9a3_52df8906-f681-4bc0-9eba-d31352b6a3c6.jpg/250x188.webp https://prod.pictures.autoscout24.net/listing-images/d697d9d8-cf8e-4850-a384-f63797d7d9a3_e598d5f3-1deb-4da7-8304-7641ff781d4c.jpg/250x188.webp https://prod.pictures.autoscout24.net/listing-images/d697d9d8-cf8e-4850-a384-f63797d7d9a3_5ee3ed7d-03f8-44e0-86ad-c4ba3d53507c.jpg/250x188.webp https://prod.pictures.autoscout24.net/listing-images/d697d9d8-cf8e-4850-a384-f63797d7d9a3_7974c8f1-5d50-4323-88f8-3b888a741776.jpg/250x188.webp https://prod.pictures.autoscout24.net/listing-images/d697d9d8-cf8e-4850-a384-f63797d7d9a3_06867521-10c6-4801-a32e-ee64edc023e6.jpg/250x188.webp https://prod.pictures.autoscout24.net/listing-images/d697d9d8-cf8e-4850-a384-f63797d7d9a3_ac471f9d-675d-4c5b-b276-c67b28f7cf5c.jpg/250x188.webp https://prod.pictures.autoscout24.net/listing-images/d697d9d8-cf8e-4850-a384-f63797d7d9a3_6407ed80-8c99-4312-8959-1b0bba8f2bbb.jpg/250x188.webp https://prod.pictures.autoscout24.net/listing-images/d697d9d8-cf8e-4850-a384-f63797d7d9a3_570f9b2d-934d-4b25-8164-b2cbeab2dbbe.jpg/250x188.webp https://prod.pictures.autoscout24.net/listing-images/d697d9d8-cf8e-4850-a384-f63797d7d9a3_cfb4ad8c-d4b2-4528-8e72-e606093f4356.jpg/250x188.webp https://prod.pictures.autoscout24.net/listing-images/d697d9d8-cf8e-4850-a384-f63797d7d9a3_3c50c752-9644-4934-970e-a1c057e6e4cd.jpg/250x188.webp,59.79775666035793,2245
21d0f61b-972c-4c0e-b6bb-237464f99ce6,Volvo,XC40,T4 PLUG-IN HYBRID AUTOMAAT 62000KM!!!!,Dealer,27818,2,62830,04-2021,3190,https://prod.pictures.autoscout24.net/listing-images/21d0f61b-972c-4c0e-b6bb-237464f99ce6_0f9f2434-9197-440d-a4d8-1370f2c3a867.jpg/250x188.webp https://prod.pictures.autoscout24.net/listing-images/21d0f61b-972c-4c0e-b6bb-237464f99ce6_d0a8f3c9-5880-47a1-bfe0-4a35e4edae28.jpg/250x188.webp https://prod.pictures.autoscout24.net/listing-images/21d0f61b-972c-4c0e-b6bb-237464f99ce6_e454f214-e680-4d95-bb9a-65e8cafaa206.jpg/250x188.webp https://prod.pictures.autoscout24.net/listing-images/21d0f61b-972c-4c0e-b6bb-237464f99ce6_7f6d47d2-eb41-4478-8882-0c9b4aa8087b.jpg/250x188.webp https://prod.pictures.autoscout24.net/listing-images/21d0f61b-972c-4c0e-b6bb-237464f99ce6_fcb2249b-f687-4dd7-aec5-29066396341c.jpg/250x188.webp https://prod.pictures.autoscout24.net/listing-images/21d0f61b-972c-4c0e-b6bb-237464f99ce6_4836973b-097e-4a4c-9e9d-78eb064f707d.jpg/250x188.webp https://prod.pictures.autoscout24.net/listing-images/21d0f61b-972c-4c0e-b6bb-237464f99ce6_5e0c4ae7-d320-4037-aeac-d7e0de345131.jpg/250x188.webp https://prod.pictures.autoscout24.net/listing-images/21d0f61b-972c-4c0e-b6bb-237464f99ce6_0891305d-a7c1-4c89-89f9-a99ff09a825c.jpg/250x188.webp https://prod.pictures.autoscout24.net/listing-images/21d0f61b-972c-4c0e-b6bb-237464f99ce6_7cd543b1-4c51-4c91-a571-188dbc57c068.jpg/250x188.webp https://prod.pictures.autoscout24.net/listing-images/21d0f61b-972c-4c0e-b6bb-237464f99ce6_ce851ecd-5f37-4019-bac5-e0831cf0ad1d.jpg/250x188.webp https://prod.pictures.autoscout24.net/listing-images/21d0f61b-972c-4c0e-b6bb-237464f99ce6_cc129961-82d3-4fb3-a1f8-9fbbdb8302f9.jpg/250x188.webp https://prod.pictures.autoscout24.net/listing-images/21d0f61b-972c-4c0e-b6bb-237464f99ce6_5b96efce-d4ce-4e31-9270-67e7259b470f.jpg/250x188.webp https://prod.pictures.autoscout24.net/listing-images/21d0f61b-972c-4c0e-b6bb-237464f99ce6_853f2b2f-1848-4d25-a473-87869dd64e83.jpg/250x188.webp https://prod.pictures.autoscout24.net/listing-images/21d0f61b-972c-4c0e-b6bb-237464f99ce6_6df1168a-e9f8-48e2-829f-1ec024766498.jpg/250x188.webp https://prod.pictures.autoscout24.net/listing-images/21d0f61b-972c-4c0e-b6bb-237464f99ce6_7772c05c-a45e-4b1d-84e8-742faa8ef487.jpg/250x188.webp https://prod.pictures.autoscout24.net/listing-images/21d0f61b-972c-4c0e-b6bb-237464f99ce6_8dff517c-57d7-4c0b-aac6-803ddce9a9d2.jpg/250x188.webp https://prod.pictures.autoscout24.net/listing-images/21d0f61b-972c-4c0e-b6bb-237464f99ce6_39e5824f-f088-4cf3-8012-2c2d6bd0d4ee.jpg/250x188.webp,54.823479205129566,1789
fb0f4d6c-f1de-4b48-8736-ddf3e42c26ec,Volvo,XC40,XC40 T4 Recharge DKG Inscription,Dealer,27850,2,64000,02-2021,2640,https://prod.pictures.autoscout24.net/listing-images/fb0f4d6c-f1de-4b48-8736-ddf3e42c26ec_8384be6e-b93c-4a6f-80f0-cb7bad58df37.jpg/250x188.webp https://prod.pictures.autoscout24.net/listing-images/fb0f4d6c-f1de-4b48-8736-ddf3e42c26ec_ce176a2d-7176-4b5f-aca7-772d3de92d57.jpg/250x188.webp https://prod.pictures.autoscout24.net/listing-images/fb0f4d6c-f1de-4b48-8736-ddf3e42c26ec_93ed4975-acef-4b8e-8798-3f852ecb8f8d.jpg/250x188.webp https://prod.pictures.autoscout24.net/listing-images/fb0f4d6c-f1de-4b48-8736-ddf3e42c26ec_f6791068-43fa-4fb1-9103-bb3ebdced886.jpg/250x188.webp https://prod.pictures.autoscout24.net/listing-images/fb0f4d6c-f1de-4b48-8736-ddf3e42c26ec_8afb1fd7-1771-4134-95d7-43b6d40260da.jpg/250x188.webp https://prod.pictures.autoscout24.net/listing-images/fb0f4d6c-f1de-4b48-8736-ddf3e42c26ec_a1ab4f01-ea73-4e8b-8173-ced1122ba15f.jpg/250x188.webp https://prod.pictures.autoscout24.net/listing-images/fb0f4d6c-f1de-4b48-8736-ddf3e42c26ec_f0a6659a-2fbc-4388-bfc6-ac06d386e1b7.jpg/250x188.webp https://prod.pictures.autoscout24.net/listing-images/fb0f4d6c-f1de-4b48-8736-ddf3e42c26ec_fa4e18f6-ea32-43c0-83a0-a5bdc7e1f78c.jpg/250x188.webp https://prod.pictures.autoscout24.net/listing-images/fb0f4d6c-f1de-4b48-8736-ddf3e42c26ec_bb68868a-1d0d-4e44-9fee-0220c6a2cad7.jpg/250x188.webp https://prod.pictures.autoscout24.net/listing-images/fb0f4d6c-f1de-4b48-8736-ddf3e42c26ec_beadf098-f9fb-429f-8583-d5563b4f060b.jpg/250x188.webp https://prod.pictures.autoscout24.net/listing-images/fb0f4d6c-f1de-4b48-8736-ddf3e42c26ec_000f52b2-b128-4a88-ba0d-538e68a9cb9e.jpg/250x188.webp https://prod.pictures.autoscout24.net/listing-images/fb0f4d6c-f1de-4b48-8736-ddf3e42c26ec_e98ffb0a-f83c-41e5-b6cd-408cea93162d.jpg/250x188.webp https://prod.pictures.autoscout24.net/listing-images/fb0f4d6c-f1de-4b48-8736-ddf3e42c26ec_e3c70736-cfd9-4327-bad3-5196d0d02a24.jpg/250x188.webp https://prod.pictures.autoscout24.net/listing-images/fb0f4d6c-f1de-4b48-8736-ddf3e42c26ec_0706d32d-fd4d-4d38-b9df-0c8eb8ba8bd7.jpg/250x188.webp https://prod.pictures.autoscout24.net/listing-images/fb0f4d6c-f1de-4b48-8736-ddf3e42c26ec_5d5db4c1-7cc7-4c5b-8c01-ec4d38fdbbfd.jpg/250x188.webp https://prod.pictures.autoscout24.net/listing-images/fb0f4d6c-f1de-4b48-8736-ddf3e42c26ec_f037b459-6ef8-4fa2-b901-27ae4ab3b816.jpg/250x188.webp https://prod.pictures.autoscout24.net/listing-images/fb0f4d6c-f1de-4b48-8736-ddf3e42c26ec_f88c8eae-db22-4fdc-8fab-674d26ca4df6.jpg/250x188.webp,33.48120517070446,1848
3ae3a93a-fe04-40c1-8577-5d0e3828abfd,Volvo,XC40,T2 Automatique,Dealer,27890,b,36045,01-2024,7033,https://prod.pictures.autoscout24.net/listing-images/3ae3a93a-fe04-40c1-8577-5d0e3828abfd_dd8c1565-4488-4419-9580-92475fbbdf0c.jpg/250x188.webp https://prod.pictures.autoscout24.net/listing-images/3ae3a93a-fe04-40c1-8577-5d0e3828abfd_44888a0e-1fd5-430d-b895-412c8d595bc2.jpg/250x188.webp https://prod.pictures.autoscout24.net/listing-images/3ae3a93a-fe04-40c1-8577-5d0e3828abfd_aed62759-c20e-48f9-9d58-d8462218a90c.jpg/250x188.webp https://prod.pictures.autoscout24.net/listing-images/3ae3a93a-fe04-40c1-8577-5d0e3828abfd_55e74c88-a07d-4a71-844b-6adc6b40e9a5.jpg/250x188.webp https://prod.pictures.autoscout24.net/listing-images/3ae3a93a-fe04-40c1-8577-5d0e3828abfd_cb73410c-03b7-49b6-8e9d-d0f202b120ee.jpg/250x188.webp https://prod.pictures.autoscout24.net/listing-images/3ae3a93a-fe04-40c1-8577-5d0e3828abfd_99eb514a-aed2-412d-899d-45d9ec52277b.jpg/250x188.webp https://prod.pictures.autoscout24.net/listing-images/3ae3a93a-fe04-40c1-8577-5d0e3828abfd_874c9080-5ffd-44c6-9742-082b50d7a9d7.jpg/250x188.webp https://prod.pictures.autoscout24.net/listing-images/3ae3a93a-fe04-40c1-8577-5d0e3828abfd_cf33732b-c23c-432e-97a9-a85f65b243e5.jpg/250x188.webp https://prod.pictures.autoscout24.net/listing-images/3ae3a93a-fe04-40c1-8577-5d0e3828abfd_e0db9f93-b06f-49a7-a0d1-490bd4fc121f.jpg/250x188.webp https://prod.pictures.autoscout24.net/listing-images/3ae3a93a-fe04-40c1-8577-5d0e3828abfd_c29cad02-d44d-45a1-aae5-888bf95af10f.jpg/250x188.webp https://prod.pictures.autoscout24.net/listing-images/3ae3a93a-fe04-40c1-8577-5d0e3828abfd_de3c3607-f0e5-49e6-bc77-5c0cf0dec639.jpg/250x188.webp https://prod.pictures.autoscout24.net/listing-images/3ae3a93a-fe04-40c1-8577-5d0e3828abfd_b5e00ee0-71aa-4eab-852c-68c8f0d524c1.jpg/250x188.webp https://prod.pictures.autoscout24.net/listing-images/3ae3a93a-fe04-40c1-8577-5d0e3828abfd_3e5f6ae1-cffa-4b4a-963a-8346eb00cc4c.jpg/250x188.webp,120.92234590410432,784
43d87f3c-c3d9-48eb-ae4c-71402c309849,Volvo,XC40,T4 Recharge Geartr. R-Design LEDER/ALCANTARA LED G,Dealer,27890,2,80002,10-2021,2630,https://prod.pictures.autoscout24.net/listing-images/43d87f3c-c3d9-48eb-ae4c-71402c309849_0a04aa81-d610-4b75-bd34-66869be2c23b.jpg/250x188.webp https://prod.pictures.autoscout24.net/listing-images/43d87f3c-c3d9-48eb-ae4c-71402c309849_adb7cea5-c50d-472f-859a-ee9749c0db87.jpg/250x188.webp https://prod.pictures.autoscout24.net/listing-images/43d87f3c-c3d9-48eb-ae4c-71402c309849_f7d482e0-36fb-4878-b66a-c710e35ce0b5.jpg/250x188.webp https://prod.pictures.autoscout24.net/listing-images/43d87f3c-c3d9-48eb-ae4c-71402c309849_ce4b811f-7039-462c-96df-25665d967562.jpg/250x188.webp https://prod.pictures.autoscout24.net/listing-images/43d87f3c-c3d9-48eb-ae4c-71402c309849_7a3bd89d-6dac-425c-8b06-91f9d0c2eddf.jpg/250x188.webp https://prod.pictures.autoscout24.net/listing-images/43d87f3c-c3d9-48eb-ae4c-71402c309849_27836b7e-4d23-4a1f-bcd7-b9b40cce71ec.jpg/250x188.webp https://prod.pictures.autoscout24.net/listing-images/43d87f3c-c3d9-48eb-ae4c-71402c309849_04371d07-dff7-4053-ad1e-db50ea94b01b.jpg/250x188.webp https://prod.pictures.autoscout24.net/listing-images/43d87f3c-c3d9-48eb-ae4c-71402c309849_27f8c159-e0f6-4611-9813-49bee22b150f.jpg/250x188.webp https://prod.pictures.autoscout24.net/listing-images/43d87f3c-c3d9-48eb-ae4c-71402c309849_3a37a528-fb43-4ace-8ac1-89150bec63de.jpg/250x188.webp https://prod.pictures.autoscout24.net/listing-images/43d87f3c-c3d9-48eb-ae4c-71402c309849_c80d5d6d-4cc5-42d7-a4ba-c5a578f6b802.jpg/250x188.webp https://prod.pictures.autoscout24.net/listing-images/43d87f3c-c3d9-48eb-ae4c-71402c309849_3269382f-7246-4e37-aae0-6fe8135ff895.jpg/250x188.webp https://prod.pictures.autoscout24.net/listing-images/43d87f3c-c3d9-48eb-ae4c-71402c309849_c2c9e0f3-1f28-4131-826b-56caf109b5b7.jpg/250x188.webp https://prod.pictures.autoscout24.net/listing-images/43d87f3c-c3d9-48eb-ae4c-71402c309849_c68a6d18-5b8c-436c-842d-9a378896002c.jpg/250x188.webp https://prod.pictures.autoscout24.net/listing-images/43d87f3c-c3d9-48eb-ae4c-71402c309849_178107a4-053e-4d72-8bba-224c7ecd3b1e.jpg/250x188.webp https://prod.pictures.autoscout24.net/listing-images/43d87f3c-c3d9-48eb-ae4c-71402c309849_4ed1933b-d2ca-4e9a-8af6-d5448203b8c5.jpg/250x188.webp https://prod.pictures.autoscout24.net/listing-images/43d87f3c-c3d9-48eb-ae4c-71402c309849_fb6b6a67-33a6-4c2a-a434-f97dadf82416.jpg/250x188.webp https://prod.pictures.autoscout24.net/listing-images/43d87f3c-c3d9-48eb-ae4c-71402c309849_f5ce1d25-55ff-4680-8e59-c502f5bba404.jpg/250x188.webp https://prod.pictures.autoscout24.net/listing-images/43d87f3c-c3d9-48eb-ae4c-71402c309849_f9124a04-29b6-47e1-8fb0-2bb306905fc6.jpg/250x188.webp https://prod.pictures.autoscout24.net/listing-images/43d87f3c-c3d9-48eb-ae4c-71402c309849_587771c5-34c3-42c1-ad6f-fc135e53114e.jpg/250x188.webp https://prod.pictures.autoscout24.net/listing-images/43d87f3c-c3d9-48eb-ae4c-71402c309849_0899d6de-51d1-4f88-9245-4ca25008216c.jpg/250x188.webp https://prod.pictures.autoscout24.net/listing-images/43d87f3c-c3d9-48eb-ae4c-71402c309849_5f7b6883-fc63-402c-aea9-347a1a624676.jpg/250x188.webp,37.55427282853161,1606
2e3c4285-9fe1-4977-97ba-301ec198a91c,Volvo,XC40,T2 automatique,Dealer,27890,b,28000,04-2022,7033,https://prod.pictures.autoscout24.net/listing-images/2e3c4285-9fe1-4977-97ba-301ec198a91c_aef74c49-dc9d-4ee2-8547-accb19d00f07.jpg/250x188.webp https://prod.pictures.autoscout24.net/listing-images/2e3c4285-9fe1-4977-97ba-301ec198a91c_de25472d-29a5-49f6-8fa7-ff65da8d2f86.jpg/250x188.webp https://prod.pictures.autoscout24.net/listing-images/2e3c4285-9fe1-4977-97ba-301ec198a91c_27d653b3-6a2a-40f9-9818-4b2f4f104ea5.jpg/250x188.webp https://prod.pictures.autoscout24.net/listing-images/2e3c4285-9fe1-4977-97ba-301ec198a91c_e0b6beb6-ebb0-4bc1-b589-1fc114fa02fc.jpg/250x188.webp https://prod.pictures.autoscout24.net/listing-images/2e3c4285-9fe1-4977-97ba-301ec198a91c_7aac87b8-5ce8-49ec-854c-a21293d48952.jpg/250x188.webp https://prod.pictures.autoscout24.net/listing-images/2e3c4285-9fe1-4977-97ba-301ec198a91c_2ad7dc07-74cc-4649-b7e1-39a0a41e9861.jpg/250x188.webp https://prod.pictures.autoscout24.net/listing-images/2e3c4285-9fe1-4977-97ba-301ec198a91c_1c66c65d-b3a9-4aa3-88a9-48f7711c6e20.jpg/250x188.webp https://prod.pictures.autoscout24.net/listing-images/2e3c4285-9fe1-4977-97ba-301ec198a91c_f9aa0a91-d6e1-47fd-811e-1e5c6543c030.jpg/250x188.webp https://prod.pictures.autoscout24.net/listing-images/2e3c4285-9fe1-4977-97ba-301ec198a91c_529de9af-70ac-428c-8134-b25a2c9c70ca.jpg/250x188.webp https://prod.pictures.autoscout24.net/listing-images/2e3c4285-9fe1-4977-97ba-301ec198a91c_a8c29aed-0a01-483b-840f-f14eef5c81ad.jpg/250x188.webp https://prod.pictures.autoscout24.net/listing-images/2e3c4285-9fe1-4977-97ba-301ec198a91c_e0afda64-6c19-4ca8-9fc0-f0715c122863.jpg/250x188.webp,120.92234590410432,1424
c17aa6f3-2c4d-4a14-b252-3a22da05a9d7,Volvo,XC40,T2 Automaat Micro hybrid,Dealer,27900,b,52540,12-2023,2100,https://prod.pictures.autoscout24.net/listing-images/c17aa6f3-2c4d-4a14-b252-3a22da05a9d7_34a524ac-7a4c-429e-a2dd-59bb8e997370.jpg/250x188.webp https://prod.pictures.autoscout24.net/listing-images/c17aa6f3-2c4d-4a14-b252-3a22da05a9d7_4fef2fa1-9004-449b-95bb-dbfcab22f343.jpg/250x188.webp https://prod.pictures.autoscout24.net/listing-images/c17aa6f3-2c4d-4a14-b252-3a22da05a9d7_6b2c27ee-d0cd-4ee0-9e71-76b7eb2ee1a9.jpg/250x188.webp https://prod.pictures.autoscout24.net/listing-images/c17aa6f3-2c4d-4a14-b252-3a22da05a9d7_d90bb7b9-2b5d-42b5-9f3a-183a7dfc0532.jpg/250x188.webp https://prod.pictures.autoscout24.net/listing-images/c17aa6f3-2c4d-4a14-b252-3a22da05a9d7_e06f1733-b525-4ca4-aed4-eba0ac1ef0e5.jpg/250x188.webp https://prod.pictures.autoscout24.net/listing-images/c17aa6f3-2c4d-4a14-b252-3a22da05a9d7_972e64c5-0d04-4e0b-9b22-d19a913913c2.jpg/250x188.webp https://prod.pictures.autoscout24.net/listing-images/c17aa6f3-2c4d-4a14-b252-3a22da05a9d7_429f13d4-fdb7-4584-813d-17700263a010.jpg/250x188.webp https://prod.pictures.autoscout24.net/listing-images/c17aa6f3-2c4d-4a14-b252-3a22da05a9d7_36d0a62e-8fa2-4dc7-b3c9-70fc7355531c.jpg/250x188.webp,27.421552979694752,815
b6064f62-8abc-4959-b786-8319d26aa0eb,Volvo,XC40,"Essential, T2 Automaat , Benzine",Dealer,27900,b,58818,01-2024,7700,https://prod.pictures.autoscout24.net/listing-images/b6064f62-8abc-4959-b786-8319d26aa0eb_233176f3-4d6e-4368-9f6d-44301d9374c5.jpg/250x188.webp https://prod.pictures.autoscout24.net/listing-images/b6064f62-8abc-4959-b786-8319d26aa0eb_f868d767-28c9-438b-aaa6-aa1197972c96.jpg/250x188.webp https://prod.pictures.autoscout24.net/listing-images/b6064f62-8abc-4959-b786-8319d26aa0eb_af51e0eb-5b7a-4edf-b1e1-56343cf66826.jpg/250x188.webp https://prod.pictures.autoscout24.net/listing-images/b6064f62-8abc-4959-b786-8319d26aa0eb_39944cfc-48ee-4212-9dcd-b072adedc6dc.jpg/250x188.webp https://prod.pictures.autoscout24.net/listing-images/b6064f62-8abc-4959-b786-8319d26aa0eb_379d01a0-b8cf-4d93-a428-a33e3f27fab5.jpg/250x188.webp https://prod.pictures.autoscout24.net/listing-images/b6064f62-8abc-4959-b786-8319d26aa0eb_9b1b2fb5-6e4f-4e56-b287-2169fcaa9668.jpg/250x188.webp https://prod.pictures.autoscout24.net/listing-images/b6064f62-8abc-4959-b786-8319d26aa0eb_aba7742e-cdf4-4d4b-9388-ad20306368a5.jpg/250x188.webp https://prod.pictures.autoscout24.net/listing-images/b6064f62-8abc-4959-b786-8319d26aa0eb_d94a22b1-bf29-4ba6-8e8d-3be67d7ab0eb.jpg/250x188.webp https://prod.pictures.autoscout24.net/listing-images/b6064f62-8abc-4959-b786-8319d26aa0eb_efceaa18-2f1d-4eab-9243-8a00dc8df9fe.jpg/250x188.webp https://prod.pictures.autoscout24.net/listing-images/b6064f62-8abc-4959-b786-8319d26aa0eb_2e1bbb35-cc79-4cf5-8246-796e2a5d9400.jpg/250x188.webp https://prod.pictures.autoscout24.net/listing-images/b6064f62-8abc-4959-b786-8319d26aa0eb_b9168399-cc3a-415d-a9c8-7ae1b565d442.jpg/250x188.webp https://prod.pictures.autoscout24.net/listing-images/b6064f62-8abc-4959-b786-8319d26aa0eb_55a478d0-b947-4d54-8c84-519498e4cd1e.jpg/250x188.webp https://prod.pictures.autoscout24.net/listing-images/b6064f62-8abc-4959-b786-8319d26aa0eb_640ddf6a-e767-420d-ad31-6401e578ddec.jpg/250x188.webp,118.74249914123088,784
44311d59-d2ab-4af2-871c-d5fc3aef9664,Volvo,XC40,T2 automatic,Dealer,27900,b,52970,03-2023,7700,https://prod.pictures.autoscout24.net/listing-images/44311d59-d2ab-4af2-871c-d5fc3aef9664_2bcd8811-d4b3-410e-a069-6748be0f4bba.jpg/250x188.webp https://prod.pictures.autoscout24.net/listing-images/44311d59-d2ab-4af2-871c-d5fc3aef9664_903f7c53-2304-489b-aaa7-322c3a6afa1d.jpg/250x188.webp https://prod.pictures.autoscout24.net/listing-images/44311d59-d2ab-4af2-871c-d5fc3aef9664_1d91b820-fe53-438b-86a0-528067701730.jpg/250x188.webp https://prod.pictures.autoscout24.net/listing-images/44311d59-d2ab-4af2-871c-d5fc3aef9664_692e4ac9-1170-4d95-8dd4-cd77bff60cbc.jpg/250x188.webp https://prod.pictures.autoscout24.net/listing-images/44311d59-d2ab-4af2-871c-d5fc3aef9664_a6b22cd3-f931-4ca1-b4ce-464590a1ec04.jpg/250x188.webp https://prod.pictures.autoscout24.net/listing-images/44311d59-d2ab-4af2-871c-d5fc3aef9664_d6cb615e-2753-42cf-93df-febd6706e1e0.jpg/250x188.webp https://prod.pictures.autoscout24.net/listing-images/44311d59-d2ab-4af2-871c-d5fc3aef9664_6deaa929-5b6c-460b-b276-8e172763c9d6.jpg/250x188.webp https://prod.pictures.autoscout24.net/listing-images/44311d59-d2ab-4af2-871c-d5fc3aef9664_1f73a122-88ef-48dc-a7bf-5579a565b3a4.jpg/250x188.webp https://prod.pictures.autoscout24.net/listing-images/44311d59-d2ab-4af2-871c-d5fc3aef9664_4bce2b78-bdf1-49e8-b4d0-d3f643e16e80.jpg/250x188.webp https://prod.pictures.autoscout24.net/listing-images/44311d59-d2ab-4af2-871c-d5fc3aef9664_bffeaa45-d0c0-4115-99c0-6484ff89f1f5.jpg/250x188.webp https://prod.pictures.autoscout24.net/listing-images/44311d59-d2ab-4af2-871c-d5fc3aef9664_5383e722-df42-4808-8f17-1a63fbb1295a.jpg/250x188.webp https://prod.pictures.autoscout24.net/listing-images/44311d59-d2ab-4af2-871c-d5fc3aef9664_fd41f637-7d39-4fe5-97a8-1b05efd06a67.jpg/250x188.webp,118.74249914123088,1090
e5bb18e1-9cd8-404a-9412-6a4959925b6b,Volvo,XC40,T2 automatic,Dealer,27900,b,59296,02-2023,7700,https://prod.pictures.autoscout24.net/listing-images/e5bb18e1-9cd8-404a-9412-6a4959925b6b_b18961d4-b3ac-430c-9dff-6415b2f1538f.jpg/250x188.webp https://prod.pictures.autoscout24.net/listing-images/e5bb18e1-9cd8-404a-9412-6a4959925b6b_ff0fd1c1-61a1-47f9-9d78-a6612665f0bf.jpg/250x188.webp https://prod.pictures.autoscout24.net/listing-images/e5bb18e1-9cd8-404a-9412-6a4959925b6b_7dcb7be0-b066-4ed7-960f-058d05b3cc1e.jpg/250x188.webp https://prod.pictures.autoscout24.net/listing-images/e5bb18e1-9cd8-404a-9412-6a4959925b6b_4d3094dd-d772-4291-aa9f-45d2710288ed.jpg/250x188.webp https://prod.pictures.autoscout24.net/listing-images/e5bb18e1-9cd8-404a-9412-6a4959925b6b_4072b83f-c3f7-4877-b6b8-cb70c3231d53.jpg/250x188.webp https://prod.pictures.autoscout24.net/listing-images/e5bb18e1-9cd8-404a-9412-6a4959925b6b_b1dd0a91-387f-4095-950d-750838eb348f.jpg/250x188.webp https://prod.pictures.autoscout24.net/listing-images/e5bb18e1-9cd8-404a-9412-6a4959925b6b_aff87cc1-c21b-430f-8413-bfc2f7c8ad98.jpg/250x188.webp https://prod.pictures.autoscout24.net/listing-images/e5bb18e1-9cd8-404a-9412-6a4959925b6b_e1652dda-7a3b-4cf0-83bf-2c6aa7bb4b45.jpg/250x188.webp https://prod.pictures.autoscout24.net/listing-images/e5bb18e1-9cd8-404a-9412-6a4959925b6b_0649597f-b078-440c-8c95-d255fe3d4c08.jpg/250x188.webp https://prod.pictures.autoscout24.net/listing-images/e5bb18e1-9cd8-404a-9412-6a4959925b6b_8dab8acd-c0f5-4926-947d-aab489542625.jpg/250x188.webp https://prod.pictures.autoscout24.net/listing-images/e5bb18e1-9cd8-404a-9412-6a4959925b6b_b5aac25f-d2c3-4421-914f-263882752353.jpg/250x188.webp https://prod.pictures.autoscout24.net/listing-images/e5bb18e1-9cd8-404a-9412-6a4959925b6b_93434a22-c404-4604-a64d-b8a5ad859655.jpg/250x188.webp,118.74249914123088,1118
6c2592c6-a9d3-4d0a-b256-d0cec86c6541,Volvo,XC40,T2 automatic,Dealer,27900,b,53836,03-2023,7700,https://prod.pictures.autoscout24.net/listing-images/6c2592c6-a9d3-4d0a-b256-d0cec86c6541_01d5ea11-3d51-4245-8f2f-309ba0cf956e.jpg/250x188.webp https://prod.pictures.autoscout24.net/listing-images/6c2592c6-a9d3-4d0a-b256-d0cec86c6541_ba3314fa-4cc5-4e57-b3a2-13fbd9eec372.jpg/250x188.webp https://prod.pictures.autoscout24.net/listing-images/6c2592c6-a9d3-4d0a-b256-d0cec86c6541_68fe5546-5583-46bb-9e2a-395703c548b9.jpg/250x188.webp https://prod.pictures.autoscout24.net/listing-images/6c2592c6-a9d3-4d0a-b256-d0cec86c6541_dcfbeee4-6cf1-40fe-ac9c-ed1d7e1c616e.jpg/250x188.webp https://prod.pictures.autoscout24.net/listing-images/6c2592c6-a9d3-4d0a-b256-d0cec86c6541_6fc14523-e6c0-4efa-b97a-ad73ca1975c5.jpg/250x188.webp https://prod.pictures.autoscout24.net/listing-images/6c2592c6-a9d3-4d0a-b256-d0cec86c6541_47f5a199-b97e-4a52-9e6a-d0725dd17fc6.jpg/250x188.webp https://prod.pictures.autoscout24.net/listing-images/6c2592c6-a9d3-4d0a-b256-d0cec86c6541_ee4f8966-d607-4d3b-a2e7-123529fa5476.jpg/250x188.webp https://prod.pictures.autoscout24.net/listing-images/6c2592c6-a9d3-4d0a-b256-d0cec86c6541_a5ec13d3-f636-47f9-bc3b-a963a8ffcf2c.jpg/250x188.webp https://prod.pictures.autoscout24.net/listing-images/6c2592c6-a9d3-4d0a-b256-d0cec86c6541_19f6b636-f5a3-4c14-bc97-50f5d27b8812.jpg/250x188.webp https://prod.pictures.autoscout24.net/listing-images/6c2592c6-a9d3-4d0a-b256-d0cec86c6541_9dffcc0e-c498-46ae-abd3-f7dad1b9b591.jpg/250x188.webp https://prod.pictures.autoscout24.net/listing-images/6c2592c6-a9d3-4d0a-b256-d0cec86c6541_7a752fc1-b621-49eb-b4b0-5cf1a0feb022.jpg/250x188.webp https://prod.pictures.autoscout24.net/listing-images/6c2592c6-a9d3-4d0a-b256-d0cec86c6541_6bdb4c61-53f4-447d-acc0-d79331ef636b.jpg/250x188.webp,118.74249914123088,1090
2fc531e4-d891-4aac-9b4b-dd4f6d11d92c,Volvo,XC40,1.5 T2 Dark Design Geartronic+TVA+CARNET+GARANTIE,Dealer,27900,b,73000,05-2023,1620,https://prod.pictures.autoscout24.net/listing-images/2fc531e4-d891-4aac-9b4b-dd4f6d11d92c_57caa60d-fe53-41dd-b748-6b0d6e41d097.jpg/250x188.webp https://prod.pictures.autoscout24.net/listing-images/2fc531e4-d891-4aac-9b4b-dd4f6d11d92c_d17d27be-066d-46f7-b968-34c97c46d916.jpg/250x188.webp https://prod.pictures.autoscout24.net/listing-images/2fc531e4-d891-4aac-9b4b-dd4f6d11d92c_ebc1be7b-3178-4dd5-a7f4-b176ba7badf8.jpg/250x188.webp https://prod.pictures.autoscout24.net/listing-images/2fc531e4-d891-4aac-9b4b-dd4f6d11d92c_5fe5c42e-8f33-4ef4-963f-06fbfdf28fe2.jpg/250x188.webp https://prod.pictures.autoscout24.net/listing-images/2fc531e4-d891-4aac-9b4b-dd4f6d11d92c_a8f77bec-975a-423f-a3c9-5c07b0f81831.jpg/250x188.webp https://prod.pictures.autoscout24.net/listing-images/2fc531e4-d891-4aac-9b4b-dd4f6d11d92c_fb3dacec-3721-4a14-bb5d-5d034e251f1f.jpg/250x188.webp https://prod.pictures.autoscout24.net/listing-images/2fc531e4-d891-4aac-9b4b-dd4f6d11d92c_615f73e6-9df0-418c-85f8-eda20a29467c.jpg/250x188.webp https://prod.pictures.autoscout24.net/listing-images/2fc531e4-d891-4aac-9b4b-dd4f6d11d92c_e098c5ca-d82f-45c5-80d0-d10333823a46.jpg/250x188.webp https://prod.pictures.autoscout24.net/listing-images/2fc531e4-d891-4aac-9b4b-dd4f6d11d92c_3d88ebd8-4ec4-4903-9376-f04a0498065b.jpg/250x188.webp https://prod.pictures.autoscout24.net/listing-images/2fc531e4-d891-4aac-9b4b-dd4f6d11d92c_166c1642-0a79-44cd-b9e1-bb03336280b0.jpg/250x188.webp https://prod.pictures.autoscout24.net/listing-images/2fc531e4-d891-4aac-9b4b-dd4f6d11d92c_7b464a97-53be-4cb4-8a89-1cc1c1bcc3a7.jpg/250x188.webp https://prod.pictures.autoscout24.net/listing-images/2fc531e4-d891-4aac-9b4b-dd4f6d11d92c_7adf2db5-5461-46d2-bb4d-13a7b828bba4.jpg/250x188.webp https://prod.pictures.autoscout24.net/listing-images/2fc531e4-d891-4aac-9b4b-dd4f6d11d92c_b0b9f6a8-ac91-48ee-baaa-4cb29c4230a8.jpg/250x188.webp https://prod.pictures.autoscout24.net/listing-images/2fc531e4-d891-4aac-9b4b-dd4f6d11d92c_99683e3b-b7cd-44c1-b8ba-3c8444993cc5.jpg/250x188.webp https://prod.pictures.autoscout24.net/listing-images/2fc531e4-d891-4aac-9b4b-dd4f6d11d92c_8403a7de-d498-42c6-a452-fc86e040c43c.jpg/250x188.webp https://prod.pictures.autoscout24.net/listing-images/2fc531e4-d891-4aac-9b4b-dd4f6d11d92c_cb19fdac-7b63-4de3-8d6c-82c55abcc896.jpg/250x188.webp https://prod.pictures.autoscout24.net/listing-images/2fc531e4-d891-4aac-9b4b-dd4f6d11d92c_75482163-bea0-40cf-8cb9-b4416a13de5d.jpg/250x188.webp https://prod.pictures.autoscout24.net/listing-images/2fc531e4-d891-4aac-9b4b-dd4f6d11d92c_663affb7-c5dc-4052-8ac0-fd2dbc0853ee.jpg/250x188.webp https://prod.pictures.autoscout24.net/listing-images/2fc531e4-d891-4aac-9b4b-dd4f6d11d92c_8f9fbeae-f99a-490e-aefe-a823707b7542.jpg/250x188.webp https://prod.pictures.autoscout24.net/listing-images/2fc531e4-d891-4aac-9b4b-dd4f6d11d92c_999901de-1f4d-43b9-9640-ee1903af951b.jpg/250x188.webp https://prod.pictures.autoscout24.net/listing-images/2fc531e4-d891-4aac-9b4b-dd4f6d11d92c_a386e66d-62bf-4d9f-957f-0706a15c353b.jpg/250x188.webp https://prod.pictures.autoscout24.net/listing-images/2fc531e4-d891-4aac-9b4b-dd4f6d11d92c_9fd0bfd8-06df-466e-bbf8-26a1ca78ab10.jpg/250x188.webp https://prod.pictures.autoscout24.net/listing-images/2fc531e4-d891-4aac-9b4b-dd4f6d11d92c_144d8648-ce28-432b-922a-fb02b10aa776.jpg/250x188.webp https://prod.pictures.autoscout24.net/listing-images/2fc531e4-d891-4aac-9b4b-dd4f6d11d92c_a1035d6f-f982-4e8c-930b-8ab4ead6ff68.jpg/250x188.webp https://prod.pictures.autoscout24.net/listing-images/2fc531e4-d891-4aac-9b4b-dd4f6d11d92c_966916dd-8458-4b54-b4aa-3afac1def4de.jpg/250x188.webp https://prod.pictures.autoscout24.net/listing-images/2fc531e4-d891-4aac-9b4b-dd4f6d11d92c_ccfbf405-75f3-4ad6-9c2a-5dad9ab14006.jpg/250x188.webp,76.4415139283917,1029
0de190bc-dd52-457d-91e7-00697de327d7,Volvo,XC40,"Essential, T2 Automaat",Dealer,27900,b,42200,12-2023,8500,https://prod.pictures.autoscout24.net/listing-images/0de190bc-dd52-457d-91e7-00697de327d7_fdfb168f-b67e-439b-a20e-b4f37aaaf836.jpg/250x188.webp https://prod.pictures.autoscout24.net/listing-images/0de190bc-dd52-457d-91e7-00697de327d7_641bf3ca-173b-4e0e-8e9f-36f442253add.jpg/250x188.webp https://prod.pictures.autoscout24.net/listing-images/0de190bc-dd52-457d-91e7-00697de327d7_aff1e555-bc8c-43f2-aa9b-9109dfd0cac1.jpg/250x188.webp https://prod.pictures.autoscout24.net/listing-images/0de190bc-dd52-457d-91e7-00697de327d7_c4a7e97d-51ac-464e-aef3-c18115ed9dc9.jpg/250x188.webp https://prod.pictures.autoscout24.net/listing-images/0de190bc-dd52-457d-91e7-00697de327d7_00dd605c-aac4-4ea8-bb0a-a27f36982794.jpg/250x188.webp https://prod.pictures.autoscout24.net/listing-images/0de190bc-dd52-457d-91e7-00697de327d7_0a1f6463-af61-42e4-b8b5-887254d080cb.jpg/250x188.webp https://prod.pictures.autoscout24.net/listing-images/0de190bc-dd52-457d-91e7-00697de327d7_e6483e28-0984-47ef-82bf-cffbdf1a5c3d.jpg/250x188.webp https://prod.pictures.autoscout24.net/listing-images/0de190bc-dd52-457d-91e7-00697de327d7_0fddeb05-3314-4058-a8f6-0bec05d75d85.jpg/250x188.webp https://prod.pictures.autoscout24.net/listing-images/0de190bc-dd52-457d-91e7-00697de327d7_1564b9b4-dda1-44d8-9969-24d1033ded70.jpg/250x188.webp https://prod.pictures.autoscout24.net/listing-images/0de190bc-dd52-457d-91e7-00697de327d7_50c413dc-85c2-460d-84d3-adc8bc8b8143.jpg/250x188.webp https://prod.pictures.autoscout24.net/listing-images/0de190bc-dd52-457d-91e7-00697de327d7_21b5fd18-a132-4819-adac-53d3912fdae5.jpg/250x188.webp https://prod.pictures.autoscout24.net/listing-images/0de190bc-dd52-457d-91e7-00697de327d7_4110447c-4ac1-466e-98fb-d962e34b2b39.jpg/250x188.webp https://prod.pictures.autoscout24.net/listing-images/0de190bc-dd52-457d-91e7-00697de327d7_14e2d856-cb73-4f9f-94fa-22e56d58867e.jpg/250x188.webp https://prod.pictures.autoscout24.net/listing-images/0de190bc-dd52-457d-91e7-00697de327d7_7746a34f-1bf3-43bd-bc04-923b1a31bd14.jpg/250x188.webp https://prod.pictures.autoscout24.net/listing-images/0de190bc-dd52-457d-91e7-00697de327d7_28824991-e21f-4d7c-bf7c-66e14f727e3a.jpg/250x188.webp,110.07601369654981,815
a0094a54-9913-44cb-9a72-a58d0749e359,Volvo,XC40,"Essential, T2 Automaat",Dealer,27900,b,86218,12-2023,8500,https://prod.pictures.autoscout24.net/listing-images/a0094a54-9913-44cb-9a72-a58d0749e359_717c896d-bce2-48d3-bf47-1ffb280bd72d.jpg/250x188.webp https://prod.pictures.autoscout24.net/listing-images/a0094a54-9913-44cb-9a72-a58d0749e359_c789e48d-cf34-4ee9-90c8-d55d3b6a6213.jpg/250x188.webp https://prod.pictures.autoscout24.net/listing-images/a0094a54-9913-44cb-9a72-a58d0749e359_1863508c-a825-49f3-a9e9-59d7aac9aefe.jpg/250x188.webp https://prod.pictures.autoscout24.net/listing-images/a0094a54-9913-44cb-9a72-a58d0749e359_9b77f0e4-ee10-4707-a30f-afe4f191d217.jpg/250x188.webp https://prod.pictures.autoscout24.net/listing-images/a0094a54-9913-44cb-9a72-a58d0749e359_b1efb374-a9f2-48d3-9271-a79126f1415f.jpg/250x188.webp https://prod.pictures.autoscout24.net/listing-images/a0094a54-9913-44cb-9a72-a58d0749e359_cbe97f15-7fbf-4063-a9f2-0ec358cb6580.jpg/250x188.webp https://prod.pictures.autoscout24.net/listing-images/a0094a54-9913-44cb-9a72-a58d0749e359_b9e71a04-babe-4aa7-8268-c0a43f760fba.jpg/250x188.webp https://prod.pictures.autoscout24.net/listing-images/a0094a54-9913-44cb-9a72-a58d0749e359_c7594d2c-b1a8-42c1-a759-31f817906c52.jpg/250x188.webp https://prod.pictures.autoscout24.net/listing-images/a0094a54-9913-44cb-9a72-a58d0749e359_1f0194e3-8305-4218-a96f-f796c035c5dd.jpg/250x188.webp https://prod.pictures.autoscout24.net/listing-images/a0094a54-9913-44cb-9a72-a58d0749e359_8ff14fc4-a94e-428b-bbf6-9f1808b9653c.jpg/250x188.webp https://prod.pictures.autoscout24.net/listing-images/a0094a54-9913-44cb-9a72-a58d0749e359_d6f67257-d80b-4d63-9b1f-893d98a27427.jpg/250x188.webp https://prod.pictures.autoscout24.net/listing-images/a0094a54-9913-44cb-9a72-a58d0749e359_3a49e869-9d5c-4f04-9252-f6a6f62e54f3.jpg/250x188.webp https://prod.pictures.autoscout24.net/listing-images/a0094a54-9913-44cb-9a72-a58d0749e359_27c2d74f-32dc-4793-b2cd-f032095e638c.jpg/250x188.webp https://prod.pictures.autoscout24.net/listing-images/a0094a54-9913-44cb-9a72-a58d0749e359_0f529c62-a5ba-43a0-a6c5-3bd11bec3499.jpg/250x188.webp https://prod.pictures.autoscout24.net/listing-images/a0094a54-9913-44cb-9a72-a58d0749e359_eb525d5b-b506-464c-9365-01655d5cb1eb.jpg/250x188.webp https://prod.pictures.autoscout24.net/listing-images/a0094a54-9913-44cb-9a72-a58d0749e359_ecbe694a-b986-4c3a-af3d-0e47173d4164.jpg/250x188.webp,110.07601369654981,815
860f80a5-2df9-4db9-8606-dc94af084349,Volvo,XC40,T2 automatic,Dealer,27900,b,40545,12-2022,8500,https://prod.pictures.autoscout24.net/listing-images/860f80a5-2df9-4db9-8606-dc94af084349_8e22a877-2e2c-4d0d-b863-763d33e0613d.jpg/250x188.webp https://prod.pictures.autoscout24.net/listing-images/860f80a5-2df9-4db9-8606-dc94af084349_5a9cedb2-ad9a-46cb-9a12-999d562f7be3.jpg/250x188.webp https://prod.pictures.autoscout24.net/listing-images/860f80a5-2df9-4db9-8606-dc94af084349_12b96d2c-0c79-4ec5-ad76-d9bc57a3056c.jpg/250x188.webp https://prod.pictures.autoscout24.net/listing-images/860f80a5-2df9-4db9-8606-dc94af084349_8293a2dd-bf9d-4da7-805d-8fd82899a00a.jpg/250x188.webp https://prod.pictures.autoscout24.net/listing-images/860f80a5-2df9-4db9-8606-dc94af084349_9b706b9c-9f00-4598-a7b3-c991171e6852.jpg/250x188.webp https://prod.pictures.autoscout24.net/listing-images/860f80a5-2df9-4db9-8606-dc94af084349_38c9b9a8-c9c5-4ad2-b955-f32f15eb835d.jpg/250x188.webp https://prod.pictures.autoscout24.net/listing-images/860f80a5-2df9-4db9-8606-dc94af084349_6a3d1aeb-9102-4c6b-9902-170f3bf8cdbd.jpg/250x188.webp https://prod.pictures.autoscout24.net/listing-images/860f80a5-2df9-4db9-8606-dc94af084349_41d704d6-7e77-4cc5-acc0-93cbfd1ca936.jpg/250x188.webp https://prod.pictures.autoscout24.net/listing-images/860f80a5-2df9-4db9-8606-dc94af084349_14789806-70e4-4586-b794-c7d22eef5da8.jpg/250x188.webp https://prod.pictures.autoscout24.net/listing-images/860f80a5-2df9-4db9-8606-dc94af084349_b54533e3-e353-42e0-8eae-09cc8d2524f9.jpg/250x188.webp https://prod.pictures.autoscout24.net/listing-images/860f80a5-2df9-4db9-8606-dc94af084349_c34da2f3-bbba-40cc-b56b-2d803eaead92.jpg/250x188.webp https://prod.pictures.autoscout24.net/listing-images/860f80a5-2df9-4db9-8606-dc94af084349_a9286b69-d7e4-43b8-903f-5109677a965a.jpg/250x188.webp https://prod.pictures.autoscout24.net/listing-images/860f80a5-2df9-4db9-8606-dc94af084349_e9fce065-28e2-41a0-a02b-123f4f7ef78b.jpg/250x188.webp https://prod.pictures.autoscout24.net/listing-images/860f80a5-2df9-4db9-8606-dc94af084349_b28d6879-9e55-4c3a-a296-d87ef9775582.jpg/250x188.webp https://prod.pictures.autoscout24.net/listing-images/860f80a5-2df9-4db9-8606-dc94af084349_11baaf8d-8d5f-4253-83a7-6a7c2bd85fdb.jpg/250x188.webp,110.07601369654981,1180
55b01588-d61b-4f25-8859-0b9e1e8d74d1,Volvo,XC40,T2 automatic,Dealer,27900,b,46050,12-2022,8500,https://prod.pictures.autoscout24.net/listing-images/55b01588-d61b-4f25-8859-0b9e1e8d74d1_d5508724-e1e8-43f4-adc7-fa3d52cca6b5.jpg/250x188.webp https://prod.pictures.autoscout24.net/listing-images/55b01588-d61b-4f25-8859-0b9e1e8d74d1_635c2df3-2705-46b8-9640-13528ddca66f.jpg/250x188.webp https://prod.pictures.autoscout24.net/listing-images/55b01588-d61b-4f25-8859-0b9e1e8d74d1_a5f067ef-e98f-45b3-9487-e93d83f1f280.jpg/250x188.webp https://prod.pictures.autoscout24.net/listing-images/55b01588-d61b-4f25-8859-0b9e1e8d74d1_43104068-4d52-4137-97ba-3ae69a842f76.jpg/250x188.webp https://prod.pictures.autoscout24.net/listing-images/55b01588-d61b-4f25-8859-0b9e1e8d74d1_70d932dd-33a2-43f6-b3e4-10a7552c30bc.jpg/250x188.webp https://prod.pictures.autoscout24.net/listing-images/55b01588-d61b-4f25-8859-0b9e1e8d74d1_6cf7f197-73ec-438d-8cc0-3d19da2eec4f.jpg/250x188.webp https://prod.pictures.autoscout24.net/listing-images/55b01588-d61b-4f25-8859-0b9e1e8d74d1_49921383-1fe0-479e-882b-526a9694bbf0.jpg/250x188.webp https://prod.pictures.autoscout24.net/listing-images/55b01588-d61b-4f25-8859-0b9e1e8d74d1_463945ca-5f88-4242-a2fa-8c922dc25ff7.jpg/250x188.webp https://prod.pictures.autoscout24.net/listing-images/55b01588-d61b-4f25-8859-0b9e1e8d74d1_e13b7313-6890-4ed9-b0ec-5cb58e8dc39c.jpg/250x188.webp https://prod.pictures.autoscout24.net/listing-images/55b01588-d61b-4f25-8859-0b9e1e8d74d1_e6965fcb-7871-42ff-a362-6db769a9ed94.jpg/250x188.webp https://prod.pictures.autoscout24.net/listing-images/55b01588-d61b-4f25-8859-0b9e1e8d74d1_6628a31c-ed23-49ac-8c42-d37a5da084c8.jpg/250x188.webp https://prod.pictures.autoscout24.net/listing-images/55b01588-d61b-4f25-8859-0b9e1e8d74d1_6e608e0f-bff6-4495-9f67-b0c185b5b4f3.jpg/250x188.webp https://prod.pictures.autoscout24.net/listing-images/55b01588-d61b-4f25-8859-0b9e1e8d74d1_beae7b87-3e68-49a4-9638-5d92eeb0b9bc.jpg/250x188.webp https://prod.pictures.autoscout24.net/listing-images/55b01588-d61b-4f25-8859-0b9e1e8d74d1_e5d514e1-a2a9-4ff7-bfd3-6695bba190cb.jpg/250x188.webp https://prod.pictures.autoscout24.net/listing-images/55b01588-d61b-4f25-8859-0b9e1e8d74d1_223508bc-5c89-475e-b1af-0877d028978e.jpg/250x188.webp,110.07601369654981,1180
e32206db-f5c1-426e-aa2c-e2983e289ee6,Volvo,XC40,T2 automatic,Dealer,27900,b,68020,12-2022,8500,https://prod.pictures.autoscout24.net/listing-images/e32206db-f5c1-426e-aa2c-e2983e289ee6_46268fee-512d-4259-ba50-13793afab1cb.jpg/250x188.webp https://prod.pictures.autoscout24.net/listing-images/e32206db-f5c1-426e-aa2c-e2983e289ee6_5713825c-6872-4e5e-ba48-1d6765ee8cf4.jpg/250x188.webp https://prod.pictures.autoscout24.net/listing-images/e32206db-f5c1-426e-aa2c-e2983e289ee6_6a59d780-7560-4c56-909b-97702b2fb122.jpg/250x188.webp https://prod.pictures.autoscout24.net/listing-images/e32206db-f5c1-426e-aa2c-e2983e289ee6_0affa85b-edbb-4824-b64a-8bc466e7cc81.jpg/250x188.webp https://prod.pictures.autoscout24.net/listing-images/e32206db-f5c1-426e-aa2c-e2983e289ee6_4b8c2d99-a235-4aa3-9c1c-955ad1289a73.jpg/250x188.webp https://prod.pictures.autoscout24.net/listing-images/e32206db-f5c1-426e-aa2c-e2983e289ee6_d0a348c3-7897-480b-8828-d293cae71021.jpg/250x188.webp https://prod.pictures.autoscout24.net/listing-images/e32206db-f5c1-426e-aa2c-e2983e289ee6_40f190f8-7ea1-4a1b-bb74-c7c4cf2c0a81.jpg/250x188.webp https://prod.pictures.autoscout24.net/listing-images/e32206db-f5c1-426e-aa2c-e2983e289ee6_12c0aa7c-3f10-41e8-8045-4ff6f38a9594.jpg/250x188.webp https://prod.pictures.autoscout24.net/listing-images/e32206db-f5c1-426e-aa2c-e2983e289ee6_0af6a35b-2e0e-47a3-aa8b-153e2bbdf790.jpg/250x188.webp https://prod.pictures.autoscout24.net/listing-images/e32206db-f5c1-426e-aa2c-e2983e289ee6_e387d26a-12b6-45f6-936f-4277cb40d6ca.jpg/250x188.webp https://prod.pictures.autoscout24.net/listing-images/e32206db-f5c1-426e-aa2c-e2983e289ee6_c775edc0-47cb-4cd9-a3a1-1b6dd1a525ee.jpg/250x188.webp https://prod.pictures.autoscout24.net/listing-images/e32206db-f5c1-426e-aa2c-e2983e289ee6_f642fea1-ced4-4d02-970f-846e7b81b539.jpg/250x188.webp https://prod.pictures.autoscout24.net/listing-images/e32206db-f5c1-426e-aa2c-e2983e289ee6_b3da3ada-2f89-43a8-9399-07a62909d902.jpg/250x188.webp https://prod.pictures.autoscout24.net/listing-images/e32206db-f5c1-426e-aa2c-e2983e289ee6_babd9c3b-310e-4e6b-8266-dafbd86e4566.jpg/250x188.webp https://prod.pictures.autoscout24.net/listing-images/e32206db-f5c1-426e-aa2c-e2983e289ee6_dbec036a-fdfd-41a5-b56c-290e2efc4f03.jpg/250x188.webp,110.07601369654981,1180
7a0f1ce2-7ed0-4da7-8e6e-5e62aa9f1208,Volvo,XC40,T2 Core,PrivateSeller,27950,b,60800,05-2022,2018,https://prod.pictures.autoscout24.net/listing-images/7a0f1ce2-7ed0-4da7-8e6e-5e62aa9f1208_40ef76da-84b4-4ccd-8e85-8d3f8ae52d18.jpg/250x188.webp https://prod.pictures.autoscout24.net/listing-images/7a0f1ce2-7ed0-4da7-8e6e-5e62aa9f1208_26e06797-eeaa-4e4a-a187-cc8a54e435b3.jpg/250x188.webp https://prod.pictures.autoscout24.net/listing-images/7a0f1ce2-7ed0-4da7-8e6e-5e62aa9f1208_c223cda2-81ff-49df-bbdd-bf105f17ca31.jpg/250x188.webp https://prod.pictures.autoscout24.net/listing-images/7a0f1ce2-7ed0-4da7-8e6e-5e62aa9f1208_299530f6-663a-4d87-b7fa-104fc7869262.jpg/250x188.webp https://prod.pictures.autoscout24.net/listing-images/7a0f1ce2-7ed0-4da7-8e6e-5e62aa9f1208_381c55cf-9a02-471a-a0fc-26f815ec1888.jpg/250x188.webp https://prod.pictures.autoscout24.net/listing-images/7a0f1ce2-7ed0-4da7-8e6e-5e62aa9f1208_c9e771cb-9857-4c9e-9b97-07103b271f27.jpg/250x188.webp https://prod.pictures.autoscout24.net/listing-images/7a0f1ce2-7ed0-4da7-8e6e-5e62aa9f1208_ff9ac177-f06e-4145-8ab1-66e2ac6a3322.jpg/250x188.webp https://prod.pictures.autoscout24.net/listing-images/7a0f1ce2-7ed0-4da7-8e6e-5e62aa9f1208_a8f82adb-e96e-4df0-8cef-cc506565784f.jpg/250x188.webp https://prod.pictures.autoscout24.net/listing-images/7a0f1ce2-7ed0-4da7-8e6e-5e62aa9f1208_f1405489-89c7-40c6-8d60-ea9ca6a5e45d.jpg/250x188.webp https://prod.pictures.autoscout24.net/listing-images/7a0f1ce2-7ed0-4da7-8e6e-5e62aa9f1208_7511ea33-2a95-48d5-b00c-3dbb61090264.jpg/250x188.webp https://prod.pictures.autoscout24.net/listing-images/7a0f1ce2-7ed0-4da7-8e6e-5e62aa9f1208_92cdaf16-83cf-4090-a0e3-b37816b7d07b.jpg/250x188.webp https://prod.pictures.autoscout24.net/listing-images/7a0f1ce2-7ed0-4da7-8e6e-5e62aa9f1208_9b4d8f21-324c-4821-aa20-dc8aa47cb601.jpg/250x188.webp https://prod.pictures.autoscout24.net/listing-images/7a0f1ce2-7ed0-4da7-8e6e-5e62aa9f1208_fffdfde4-dddb-4439-8e99-8954f447109a.jpg/250x188.webp,27.94913546724415,1394
9f8e9b65-69c7-4e45-b59a-5352959bff72,Volvo,XC40,1.5 T2 *CARPLAY*CAMERA*LED*1ER PROPRIO*GARANTIE*,Dealer,27950,b,38000,09-2023,4000,https://prod.pictures.autoscout24.net/listing-images/9f8e9b65-69c7-4e45-b59a-5352959bff72_92a364d7-a8cc-42b9-bdec-60fbfa3dc47f.jpg/250x188.webp https://prod.pictures.autoscout24.net/listing-images/9f8e9b65-69c7-4e45-b59a-5352959bff72_fa64387f-ddbb-4e73-91d0-c7c224558ebc.jpg/250x188.webp https://prod.pictures.autoscout24.net/listing-images/9f8e9b65-69c7-4e45-b59a-5352959bff72_b6800ae5-b3a4-479a-a26b-832ecfee4f4e.jpg/250x188.webp https://prod.pictures.autoscout24.net/listing-images/9f8e9b65-69c7-4e45-b59a-5352959bff72_37c86d58-15c3-4049-b9c7-f19eae4bfbb2.jpg/250x188.webp https://prod.pictures.autoscout24.net/listing-images/9f8e9b65-69c7-4e45-b59a-5352959bff72_07a82910-485b-4150-9192-49e6acb31735.jpg/250x188.webp https://prod.pictures.autoscout24.net/listing-images/9f8e9b65-69c7-4e45-b59a-5352959bff72_8f0ff753-48cf-4b3f-9023-5ad027456ed7.jpg/250x188.webp https://prod.pictures.autoscout24.net/listing-images/9f8e9b65-69c7-4e45-b59a-5352959bff72_857cfc8b-4652-47a4-8f79-150d4e0bbcaf.jpg/250x188.webp https://prod.pictures.autoscout24.net/listing-images/9f8e9b65-69c7-4e45-b59a-5352959bff72_9bf08ef8-17a4-49fc-959f-f0e51ed7dc04.jpg/250x188.webp https://prod.pictures.autoscout24.net/listing-images/9f8e9b65-69c7-4e45-b59a-5352959bff72_c185871e-0d2c-447e-bfc3-70e398c97197.jpg/250x188.webp https://prod.pictures.autoscout24.net/listing-images/9f8e9b65-69c7-4e45-b59a-5352959bff72_aec7c711-1408-46c2-b44e-3532e221ec64.jpg/250x188.webp https://prod.pictures.autoscout24.net/listing-images/9f8e9b65-69c7-4e45-b59a-5352959bff72_c401d8ac-ee2f-4273-abc1-eaffa266673a.jpg/250x188.webp https://prod.pictures.autoscout24.net/listing-images/9f8e9b65-69c7-4e45-b59a-5352959bff72_08da01dd-2e5b-4550-ac1a-8064103483ac.jpg/250x188.webp https://prod.pictures.autoscout24.net/listing-images/9f8e9b65-69c7-4e45-b59a-5352959bff72_6944c9c9-7c54-4afa-b254-34aac9d6f2d1.jpg/250x188.webp https://prod.pictures.autoscout24.net/listing-images/9f8e9b65-69c7-4e45-b59a-5352959bff72_e08c01dc-14a0-4844-931c-437f22a1daae.jpg/250x188.webp https://prod.pictures.autoscout24.net/listing-images/9f8e9b65-69c7-4e45-b59a-5352959bff72_06e5cea1-2b42-403e-98e9-45b0af838b89.jpg/250x188.webp https://prod.pictures.autoscout24.net/listing-images/9f8e9b65-69c7-4e45-b59a-5352959bff72_0f63da10-3257-4b18-a945-4bbf8468b319.jpg/250x188.webp https://prod.pictures.autoscout24.net/listing-images/9f8e9b65-69c7-4e45-b59a-5352959bff72_1ee2c740-2530-46fa-8059-b86bc31b544e.jpg/250x188.webp https://prod.pictures.autoscout24.net/listing-images/9f8e9b65-69c7-4e45-b59a-5352959bff72_acad42ca-9b41-4f9d-b82f-623fdb935e11.jpg/250x188.webp https://prod.pictures.autoscout24.net/listing-images/9f8e9b65-69c7-4e45-b59a-5352959bff72_3f25bc70-2063-4562-b3c1-1855ad008cbb.jpg/250x188.webp https://prod.pictures.autoscout24.net/listing-images/9f8e9b65-69c7-4e45-b59a-5352959bff72_a4e8976c-60d4-46fe-8eb1-7414e760f4d8.jpg/250x188.webp,118.13543228476182,906
01d8627b-ad12-4db1-a8ea-46ef77e9fd9f,Volvo,XC40,"Momentum Pro, T3 (automatic)",Dealer,27950,b,71300,08-2021,3600,https://prod.pictures.autoscout24.net/listing-images/01d8627b-ad12-4db1-a8ea-46ef77e9fd9f_834d8a94-30cf-452b-b7e4-6b829752735c.jpg/250x188.webp https://prod.pictures.autoscout24.net/listing-images/01d8627b-ad12-4db1-a8ea-46ef77e9fd9f_2e08014f-6e16-4984-b38b-3d1f9ba5a2b8.jpg/250x188.webp https://prod.pictures.autoscout24.net/listing-images/01d8627b-ad12-4db1-a8ea-46ef77e9fd9f_018f012a-40f4-4354-9a85-0d0e393ad7f4.jpg/250x188.webp https://prod.pictures.autoscout24.net/listing-images/01d8627b-ad12-4db1-a8ea-46ef77e9fd9f_e5b9c358-0a13-43a0-93f1-9fc39654cbd0.jpg/250x188.webp https://prod.pictures.autoscout24.net/listing-images/01d8627b-ad12-4db1-a8ea-46ef77e9fd9f_31430332-de02-483c-9378-5016651c2fdf.jpg/250x188.webp https://prod.pictures.autoscout24.net/listing-images/01d8627b-ad12-4db1-a8ea-46ef77e9fd9f_54a81a7e-4076-4aea-ae23-3a7217d27473.jpg/250x188.webp https://prod.pictures.autoscout24.net/listing-images/01d8627b-ad12-4db1-a8ea-46ef77e9fd9f_a4cfd284-5fc9-4bdb-b7dd-1a8bb88bb682.jpg/250x188.webp https://prod.pictures.autoscout24.net/listing-images/01d8627b-ad12-4db1-a8ea-46ef77e9fd9f_9b1a52ec-2fbb-463c-8ec0-605abc7b3459.jpg/250x188.webp https://prod.pictures.autoscout24.net/listing-images/01d8627b-ad12-4db1-a8ea-46ef77e9fd9f_5e2d3f42-901d-4979-a693-ecf293138af8.jpg/250x188.webp https://prod.pictures.autoscout24.net/listing-images/01d8627b-ad12-4db1-a8ea-46ef77e9fd9f_02783fc8-36a4-45a7-9f74-c9b471fe5e84.jpg/250x188.webp https://prod.pictures.autoscout24.net/listing-images/01d8627b-ad12-4db1-a8ea-46ef77e9fd9f_37840df6-bb91-44e4-9bc4-c3a5de788616.jpg/250x188.webp,91.05707630102727,1667
a65b0596-1a59-4fe7-b14f-914f080d6077,Volvo,XC40,1.5 T4 Recharge Geartr. Inscription Expression LED,Dealer,27990,2,52341,10-2021,2630,https://prod.pictures.autoscout24.net/listing-images/a65b0596-1a59-4fe7-b14f-914f080d6077_17303ed1-564a-4fdb-943d-87b1aa20170f.jpg/250x188.webp https://prod.pictures.autoscout24.net/listing-images/a65b0596-1a59-4fe7-b14f-914f080d6077_b9fef2e4-731d-454c-ae1d-c23b2c841d0d.jpg/250x188.webp https://prod.pictures.autoscout24.net/listing-images/a65b0596-1a59-4fe7-b14f-914f080d6077_e26edc68-8faa-4b11-aae9-95d33b3320f8.jpg/250x188.webp https://prod.pictures.autoscout24.net/listing-images/a65b0596-1a59-4fe7-b14f-914f080d6077_019169ae-8f1c-491a-aab8-6584d8a95209.jpg/250x188.webp https://prod.pictures.autoscout24.net/listing-images/a65b0596-1a59-4fe7-b14f-914f080d6077_e1aa0e56-c9ea-4bdb-bf3a-4b041aded54e.jpg/250x188.webp https://prod.pictures.autoscout24.net/listing-images/a65b0596-1a59-4fe7-b14f-914f080d6077_1a314d8c-118a-4229-b74b-6c5646c15f99.jpg/250x188.webp https://prod.pictures.autoscout24.net/listing-images/a65b0596-1a59-4fe7-b14f-914f080d6077_2d2bc327-24a2-440c-94f8-044d98612af5.jpg/250x188.webp https://prod.pictures.autoscout24.net/listing-images/a65b0596-1a59-4fe7-b14f-914f080d6077_708f084e-1e2f-4c8a-b2e4-c307357bbabd.jpg/250x188.webp https://prod.pictures.autoscout24.net/listing-images/a65b0596-1a59-4fe7-b14f-914f080d6077_64f96054-c7f8-4574-bebd-92c3da46b665.jpg/250x188.webp https://prod.pictures.autoscout24.net/listing-images/a65b0596-1a59-4fe7-b14f-914f080d6077_ef3acb43-4c1c-477c-8859-d3512ab2e98d.jpg/250x188.webp https://prod.pictures.autoscout24.net/listing-images/a65b0596-1a59-4fe7-b14f-914f080d6077_5fd6e5d1-8b01-4699-8974-3dfc65873b97.jpg/250x188.webp https://prod.pictures.autoscout24.net/listing-images/a65b0596-1a59-4fe7-b14f-914f080d6077_442c1136-5138-497e-a955-d1991da2b628.jpg/250x188.webp https://prod.pictures.autoscout24.net/listing-images/a65b0596-1a59-4fe7-b14f-914f080d6077_43925b3a-4f7b-4a46-b471-9265866fae12.jpg/250x188.webp https://prod.pictures.autoscout24.net/listing-images/a65b0596-1a59-4fe7-b14f-914f080d6077_992752ec-d110-47a5-ba46-f9cb32b71128.jpg/250x188.webp https://prod.pictures.autoscout24.net/listing-images/a65b0596-1a59-4fe7-b14f-914f080d6077_c147c345-dca7-4b49-8dfc-4bd40e10b834.jpg/250x188.webp https://prod.pictures.autoscout24.net/listing-images/a65b0596-1a59-4fe7-b14f-914f080d6077_795d13c2-3b6e-484f-92a7-e5113192eae8.jpg/250x188.webp https://prod.pictures.autoscout24.net/listing-images/a65b0596-1a59-4fe7-b14f-914f080d6077_7ef23a61-6f46-448f-afa9-d76e6cba4313.jpg/250x188.webp https://prod.pictures.autoscout24.net/listing-images/a65b0596-1a59-4fe7-b14f-914f080d6077_ced49f3f-4235-437a-839b-0cc1c4f9a4f7.jpg/250x188.webp https://prod.pictures.autoscout24.net/listing-images/a65b0596-1a59-4fe7-b14f-914f080d6077_92d0e6d4-a5b5-43b7-84fd-c5e62cf1f9aa.jpg/250x188.webp https://prod.pictures.autoscout24.net/listing-images/a65b0596-1a59-4fe7-b14f-914f080d6077_44c2206a-cbfc-432a-8434-cfe41537a3da.jpg/250x188.webp https://prod.pictures.autoscout24.net/listing-images/a65b0596-1a59-4fe7-b14f-914f080d6077_eb0e4651-e8f9-45f0-9014-072c40740647.jpg/250x188.webp https://prod.pictures.autoscout24.net/listing-images/a65b0596-1a59-4fe7-b14f-914f080d6077_2d09f879-3692-418e-b598-853b4d16655a.jpg/250x188.webp https://prod.pictures.autoscout24.net/listing-images/a65b0596-1a59-4fe7-b14f-914f080d6077_d34a08d5-47fc-4bf2-a87a-106b9e68c835.jpg/250x188.webp https://prod.pictures.autoscout24.net/listing-images/a65b0596-1a59-4fe7-b14f-914f080d6077_e80aed50-b447-457e-a490-b9dca4a8e2c4.jpg/250x188.webp https://prod.pictures.autoscout24.net/listing-images/a65b0596-1a59-4fe7-b14f-914f080d6077_8dcd83d5-b899-458e-8542-f39a8e0384a3.jpg/250x188.webp https://prod.pictures.autoscout24.net/listing-images/a65b0596-1a59-4fe7-b14f-914f080d6077_6054ce50-b66f-48c6-b439-8b64fffa9693.jpg/250x188.webp https://prod.pictures.autoscout24.net/listing-images/a65b0596-1a59-4fe7-b14f-914f080d6077_28a01e09-3fba-41c0-b55e-d202eccde002.jpg/250x188.webp https://prod.pictures.autoscout24.net/listing-images/a65b0596-1a59-4fe7-b14f-914f080d6077_f2340418-40c2-42a4-aafe-88622a06c3f9.jpg/250x188.webp https://prod.pictures.autoscout24.net/listing-images/a65b0596-1a59-4fe7-b14f-914f080d6077_347f1af8-4b2b-4dea-8bec-57070ae812f5.jpg/250x188.webp https://prod.pictures.autoscout24.net/listing-images/a65b0596-1a59-4fe7-b14f-914f080d6077_9ba134a0-24f8-46c6-85c0-2fbf7cebbe36.jpg/250x188.webp https://prod.pictures.autoscout24.net/listing-images/a65b0596-1a59-4fe7-b14f-914f080d6077_9b1c7a0a-b082-4509-8a2a-86d5de8d6628.jpg/250x188.webp https://prod.pictures.autoscout24.net/listing-images/a65b0596-1a59-4fe7-b14f-914f080d6077_83c516f7-f963-4837-a58a-5b95ce7b1506.jpg/250x188.webp https://prod.pictures.autoscout24.net/listing-images/a65b0596-1a59-4fe7-b14f-914f080d6077_d27da7d3-1810-4bae-b3e3-c520ca0a5bfb.jpg/250x188.webp https://prod.pictures.autoscout24.net/listing-images/a65b0596-1a59-4fe7-b14f-914f080d6077_cda092dc-3929-4b5b-be7d-fd3278af3118.jpg/250x188.webp https://prod.pictures.autoscout24.net/listing-images/a65b0596-1a59-4fe7-b14f-914f080d6077_ae59840f-a37d-4087-bc96-837d6e551bc2.jpg/250x188.webp,37.55427282853161,1606
36abb2b8-6145-4a92-9547-0c1ebe019043,Volvo,XC40,1.5 T4 PHEV Inscription LEDER/CUIR LED GPS PDC CAM,Dealer,27990,2,77992,01-2022,2630,https://prod.pictures.autoscout24.net/listing-images/36abb2b8-6145-4a92-9547-0c1ebe019043_3a5f8aff-1c28-4f0e-bc5c-19bdde52cbdd.jpg/250x188.webp https://prod.pictures.autoscout24.net/listing-images/36abb2b8-6145-4a92-9547-0c1ebe019043_e684c991-6fbe-41dc-bb1f-8cb906f9e195.jpg/250x188.webp https://prod.pictures.autoscout24.net/listing-images/36abb2b8-6145-4a92-9547-0c1ebe019043_91e35134-c7f4-437a-9fdb-e15e96c95dbf.jpg/250x188.webp https://prod.pictures.autoscout24.net/listing-images/36abb2b8-6145-4a92-9547-0c1ebe019043_a3b6e53b-2817-4b63-8b30-683162f56727.jpg/250x188.webp https://prod.pictures.autoscout24.net/listing-images/36abb2b8-6145-4a92-9547-0c1ebe019043_59e1c770-9c70-426c-a829-a28ea8c52dc7.jpg/250x188.webp https://prod.pictures.autoscout24.net/listing-images/36abb2b8-6145-4a92-9547-0c1ebe019043_0168de36-784d-4b36-85ac-f49d10e04fcf.jpg/250x188.webp https://prod.pictures.autoscout24.net/listing-images/36abb2b8-6145-4a92-9547-0c1ebe019043_8a3635c5-be58-4765-b574-b69cf1c23032.jpg/250x188.webp https://prod.pictures.autoscout24.net/listing-images/36abb2b8-6145-4a92-9547-0c1ebe019043_469e5419-664d-4791-afbd-e77a90e8e811.jpg/250x188.webp https://prod.pictures.autoscout24.net/listing-images/36abb2b8-6145-4a92-9547-0c1ebe019043_3a5e8282-7132-429a-b374-a16d2a606dc3.jpg/250x188.webp https://prod.pictures.autoscout24.net/listing-images/36abb2b8-6145-4a92-9547-0c1ebe019043_b5185daa-a77a-4a4b-a5d7-8f0f6056fe68.jpg/250x188.webp https://prod.pictures.autoscout24.net/listing-images/36abb2b8-6145-4a92-9547-0c1ebe019043_44a473b8-8bbe-4fac-af7e-6ebee0d7e5aa.jpg/250x188.webp https://prod.pictures.autoscout24.net/listing-images/36abb2b8-6145-4a92-9547-0c1ebe019043_3c5ce5f9-df50-4abf-88a9-479c2b004dea.jpg/250x188.webp https://prod.pictures.autoscout24.net/listing-images/36abb2b8-6145-4a92-9547-0c1ebe019043_93bfbe7e-ddab-4ab3-8b2a-bf05a8d9dea2.jpg/250x188.webp https://prod.pictures.autoscout24.net/listing-images/36abb2b8-6145-4a92-9547-0c1ebe019043_d5a243b7-831e-4221-987d-ca4a2d6a1a21.jpg/250x188.webp https://prod.pictures.autoscout24.net/listing-images/36abb2b8-6145-4a92-9547-0c1ebe019043_fe450642-a06b-41a5-b865-733d08d901e9.jpg/250x188.webp https://prod.pictures.autoscout24.net/listing-images/36abb2b8-6145-4a92-9547-0c1ebe019043_0d8bdcec-fbd9-4bba-933b-ce3e8b21d9f5.jpg/250x188.webp https://prod.pictures.autoscout24.net/listing-images/36abb2b8-6145-4a92-9547-0c1ebe019043_ad0a7b1d-7d66-4af4-9b58-86be19d08492.jpg/250x188.webp https://prod.pictures.autoscout24.net/listing-images/36abb2b8-6145-4a92-9547-0c1ebe019043_c925d034-e2dc-4ed1-a4c4-3ac7855e9432.jpg/250x188.webp https://prod.pictures.autoscout24.net/listing-images/36abb2b8-6145-4a92-9547-0c1ebe019043_8c92b0b2-3a63-44a2-bd35-1fc75000d9ce.jpg/250x188.webp https://prod.pictures.autoscout24.net/listing-images/36abb2b8-6145-4a92-9547-0c1ebe019043_2bde82b4-9dfa-46c5-8952-946896a53ff6.jpg/250x188.webp https://prod.pictures.autoscout24.net/listing-images/36abb2b8-6145-4a92-9547-0c1ebe019043_23b9e5b8-693d-482b-a530-d4be49c3cae9.jpg/250x188.webp https://prod.pictures.autoscout24.net/listing-images/36abb2b8-6145-4a92-9547-0c1ebe019043_538f1dab-869c-4978-a7cd-0877d2fa67f7.jpg/250x188.webp https://prod.pictures.autoscout24.net/listing-images/36abb2b8-6145-4a92-9547-0c1ebe019043_e0435db5-45ea-43f9-8971-3c5a8f4a0824.jpg/250x188.webp https://prod.pictures.autoscout24.net/listing-images/36abb2b8-6145-4a92-9547-0c1ebe019043_dc73336e-3211-422b-be9a-55051bd912cd.jpg/250x188.webp https://prod.pictures.autoscout24.net/listing-images/36abb2b8-6145-4a92-9547-0c1ebe019043_3f0e9a76-f083-4a39-94ea-a7737a548ff9.jpg/250x188.webp https://prod.pictures.autoscout24.net/listing-images/36abb2b8-6145-4a92-9547-0c1ebe019043_09b23792-5ed3-486b-9e51-39ed70d812eb.jpg/250x188.webp https://prod.pictures.autoscout24.net/listing-images/36abb2b8-6145-4a92-9547-0c1ebe019043_5a41a5f9-dd89-4b7c-a94f-39262046ae0d.jpg/250x188.webp https://prod.pictures.autoscout24.net/listing-images/36abb2b8-6145-4a92-9547-0c1ebe019043_79508989-5272-4c3e-bc35-0b23b5d11611.jpg/250x188.webp https://prod.pictures.autoscout24.net/listing-images/36abb2b8-6145-4a92-9547-0c1ebe019043_4dfe2e34-b1de-4c41-a25c-0d71eb55411c.jpg/250x188.webp https://prod.pictures.autoscout24.net/listing-images/36abb2b8-6145-4a92-9547-0c1ebe019043_4f714130-f350-4bfa-84f9-0d1bc1a4017e.jpg/250x188.webp https://prod.pictures.autoscout24.net/listing-images/36abb2b8-6145-4a92-9547-0c1ebe019043_5db9ed66-4bcb-4dd1-a257-67a24144f1af.jpg/250x188.webp https://prod.pictures.autoscout24.net/listing-images/36abb2b8-6145-4a92-9547-0c1ebe019043_12bb5706-1482-4dc1-bcd1-f9fd321c4620.jpg/250x188.webp https://prod.pictures.autoscout24.net/listing-images/36abb2b8-6145-4a92-9547-0c1ebe019043_e4f19194-abb0-4f19-b6ef-1206bd5dba1c.jpg/250x188.webp https://prod.pictures.autoscout24.net/listing-images/36abb2b8-6145-4a92-9547-0c1ebe019043_15126e1d-0e34-4e6a-b7e0-95370416d1eb.jpg/250x188.webp https://prod.pictures.autoscout24.net/listing-images/36abb2b8-6145-4a92-9547-0c1ebe019043_2193bd71-1931-4a53-bea3-a96409c76d8e.jpg/250x188.webp https://prod.pictures.autoscout24.net/listing-images/36abb2b8-6145-4a92-9547-0c1ebe019043_a1891341-d8f9-4221-af8c-e61b8963bf4d.jpg/250x188.webp https://prod.pictures.autoscout24.net/listing-images/36abb2b8-6145-4a92-9547-0c1ebe019043_7e5e1c97-851c-4a3b-b88c-f7831287b1ad.jpg/250x188.webp https://prod.pictures.autoscout24.net/listing-images/36abb2b8-6145-4a92-9547-0c1ebe019043_92f3a7f3-d1fa-4231-9eff-c24397b776a1.jpg/250x188.webp https://prod.pictures.autoscout24.net/listing-images/36abb2b8-6145-4a92-9547-0c1ebe019043_f17a62d1-dbd7-4a32-8fb0-fd2916f6f7a0.jpg/250x188.webp https://prod.pictures.autoscout24.net/listing-images/36abb2b8-6145-4a92-9547-0c1ebe019043_ab68c3ab-2931-4177-b4ea-30f6ed053778.jpg/250x188.webp,37.55427282853161,1514
04428efe-2afe-4846-a404-12b35978d215,Volvo,XC40,1.5 T4 PHEV Geartr. Inscription Intellisafe Pro LE,Dealer,27990,2,62289,01-2021,2630,https://prod.pictures.autoscout24.net/listing-images/04428efe-2afe-4846-a404-12b35978d215_8e9a15d8-d181-4d3d-a0d8-0adc271475c0.jpg/250x188.webp https://prod.pictures.autoscout24.net/listing-images/04428efe-2afe-4846-a404-12b35978d215_842c70b6-db67-48d8-9e1e-882eb193816e.jpg/250x188.webp https://prod.pictures.autoscout24.net/listing-images/04428efe-2afe-4846-a404-12b35978d215_b38d1d39-981a-4b88-b307-31fa4388ff2b.jpg/250x188.webp https://prod.pictures.autoscout24.net/listing-images/04428efe-2afe-4846-a404-12b35978d215_f1738ccd-700f-4d01-8d2b-e521f2c8bc13.jpg/250x188.webp https://prod.pictures.autoscout24.net/listing-images/04428efe-2afe-4846-a404-12b35978d215_9e87e4cf-8ed3-4327-a132-8f23c24ff9a2.jpg/250x188.webp https://prod.pictures.autoscout24.net/listing-images/04428efe-2afe-4846-a404-12b35978d215_41050aea-d95a-48ec-b3c3-cf2f900358fb.jpg/250x188.webp https://prod.pictures.autoscout24.net/listing-images/04428efe-2afe-4846-a404-12b35978d215_7dd58806-c0d9-480e-976e-e4eb8a686c82.jpg/250x188.webp https://prod.pictures.autoscout24.net/listing-images/04428efe-2afe-4846-a404-12b35978d215_8bd6ec57-8880-4b11-9222-8cb4ccfa694f.jpg/250x188.webp https://prod.pictures.autoscout24.net/listing-images/04428efe-2afe-4846-a404-12b35978d215_7154a801-5b25-4c25-ac1b-9903a828cc59.jpg/250x188.webp https://prod.pictures.autoscout24.net/listing-images/04428efe-2afe-4846-a404-12b35978d215_45a4af23-e880-43d1-ba83-c0533a1d712b.jpg/250x188.webp https://prod.pictures.autoscout24.net/listing-images/04428efe-2afe-4846-a404-12b35978d215_4684af05-b413-4c2c-8a52-4341922a9695.jpg/250x188.webp https://prod.pictures.autoscout24.net/listing-images/04428efe-2afe-4846-a404-12b35978d215_73f26c2f-bd46-46c9-8aaa-9b5ae6e82888.jpg/250x188.webp https://prod.pictures.autoscout24.net/listing-images/04428efe-2afe-4846-a404-12b35978d215_6ee3e3f5-dcd9-47a0-9dc1-dd51f5e3a70e.jpg/250x188.webp https://prod.pictures.autoscout24.net/listing-images/04428efe-2afe-4846-a404-12b35978d215_8bd1ef82-9000-41a3-84b0-5ca0afb20931.jpg/250x188.webp https://prod.pictures.autoscout24.net/listing-images/04428efe-2afe-4846-a404-12b35978d215_65892134-f804-4345-b369-3a918101fecb.jpg/250x188.webp https://prod.pictures.autoscout24.net/listing-images/04428efe-2afe-4846-a404-12b35978d215_f7961b78-2d22-47e5-b7a9-f829d58abc2d.jpg/250x188.webp https://prod.pictures.autoscout24.net/listing-images/04428efe-2afe-4846-a404-12b35978d215_d3eb0df2-04ec-4b70-902d-dad1daef179c.jpg/250x188.webp https://prod.pictures.autoscout24.net/listing-images/04428efe-2afe-4846-a404-12b35978d215_2c6b9323-83e1-474a-acf4-71a8cdb27188.jpg/250x188.webp https://prod.pictures.autoscout24.net/listing-images/04428efe-2afe-4846-a404-12b35978d215_784c4b3e-a219-4925-a701-fde9a77f92cc.jpg/250x188.webp https://prod.pictures.autoscout24.net/listing-images/04428efe-2afe-4846-a404-12b35978d215_3cc4017c-36fb-4265-8fde-ea48308f7c8e.jpg/250x188.webp https://prod.pictures.autoscout24.net/listing-images/04428efe-2afe-4846-a404-12b35978d215_c98f5e44-2e23-4503-b963-862cd0f0a0d5.jpg/250x188.webp https://prod.pictures.autoscout24.net/listing-images/04428efe-2afe-4846-a404-12b35978d215_15ac8500-2aaf-42e7-badd-66fe51217b13.jpg/250x188.webp https://prod.pictures.autoscout24.net/listing-images/04428efe-2afe-4846-a404-12b35978d215_c449129e-a8c0-4930-8eb1-f30c64ca5253.jpg/250x188.webp https://prod.pictures.autoscout24.net/listing-images/04428efe-2afe-4846-a404-12b35978d215_a47bf884-2b0e-44cd-8dab-4cd261720ea1.jpg/250x188.webp https://prod.pictures.autoscout24.net/listing-images/04428efe-2afe-4846-a404-12b35978d215_2c9d77c5-9bec-4b0c-9b64-575687892361.jpg/250x188.webp https://prod.pictures.autoscout24.net/listing-images/04428efe-2afe-4846-a404-12b35978d215_098f3945-fe8d-4e1a-bae4-88a0aea1609a.jpg/250x188.webp https://prod.pictures.autoscout24.net/listing-images/04428efe-2afe-4846-a404-12b35978d215_d23ac449-d3ad-4d5f-a746-49f85970adf3.jpg/250x188.webp https://prod.pictures.autoscout24.net/listing-images/04428efe-2afe-4846-a404-12b35978d215_80470ed9-c22e-4a85-a1b3-c7f53f478a5b.jpg/250x188.webp https://prod.pictures.autoscout24.net/listing-images/04428efe-2afe-4846-a404-12b35978d215_6f75be7e-5409-4231-b286-a40d4719fef6.jpg/250x188.webp https://prod.pictures.autoscout24.net/listing-images/04428efe-2afe-4846-a404-12b35978d215_3c7572f6-d49d-4f67-9656-ceb740933b74.jpg/250x188.webp https://prod.pictures.autoscout24.net/listing-images/04428efe-2afe-4846-a404-12b35978d215_e8d75471-e1d1-42c9-8d44-f85b66eb34d9.jpg/250x188.webp https://prod.pictures.autoscout24.net/listing-images/04428efe-2afe-4846-a404-12b35978d215_eee43ec8-6426-4a67-bf0e-f97ff583f44f.jpg/250x188.webp https://prod.pictures.autoscout24.net/listing-images/04428efe-2afe-4846-a404-12b35978d215_18962edb-5fa7-47ae-85c5-c2f451261c27.jpg/250x188.webp https://prod.pictures.autoscout24.net/listing-images/04428efe-2afe-4846-a404-12b35978d215_202ddc46-cf3e-45d7-80c4-e536854bd33c.jpg/250x188.webp https://prod.pictures.autoscout24.net/listing-images/04428efe-2afe-4846-a404-12b35978d215_443d3ef6-ae63-4fa7-92d8-3e13d955e4de.jpg/250x188.webp https://prod.pictures.autoscout24.net/listing-images/04428efe-2afe-4846-a404-12b35978d215_8932ebd9-1ed7-44e8-b921-3f8f6d5063e7.jpg/250x188.webp https://prod.pictures.autoscout24.net/listing-images/04428efe-2afe-4846-a404-12b35978d215_78f5a649-8eac-4214-ae6b-5c67e3037c99.jpg/250x188.webp https://prod.pictures.autoscout24.net/listing-images/04428efe-2afe-4846-a404-12b35978d215_a3947e35-821d-43d0-9ef2-559e4de949d1.jpg/250x188.webp https://prod.pictures.autoscout24.net/listing-images/04428efe-2afe-4846-a404-12b35978d215_2fc4f780-e7ac-47e1-b2e5-569b856952f3.jpg/250x188.webp https://prod.pictures.autoscout24.net/listing-images/04428efe-2afe-4846-a404-12b35978d215_1d6da123-da49-4d20-839a-2ea9c2fd68e4.jpg/250x188.webp https://prod.pictures.autoscout24.net/listing-images/04428efe-2afe-4846-a404-12b35978d215_825f028d-2600-4468-8329-3fa714c506c5.jpg/250x188.webp,37.55427282853161,1879
a47d3d7f-7cfc-4cad-a527-c5a137968b14,Volvo,XC40,1.5 T4 Recharge Geartr. R-Design LEDER/ALCANTARA L,Dealer,27990,2,81537,01-2022,4000,https://prod.pictures.autoscout24.net/listing-images/a47d3d7f-7cfc-4cad-a527-c5a137968b14_cb49e582-e1bb-4913-b375-4be592eb841c.jpg/250x188.webp https://prod.pictures.autoscout24.net/listing-images/a47d3d7f-7cfc-4cad-a527-c5a137968b14_85de531d-7b02-4006-ad5b-8a14fb0221cb.jpg/250x188.webp https://prod.pictures.autoscout24.net/listing-images/a47d3d7f-7cfc-4cad-a527-c5a137968b14_1487a0c5-3097-4293-aee0-b67b07f94776.jpg/250x188.webp https://prod.pictures.autoscout24.net/listing-images/a47d3d7f-7cfc-4cad-a527-c5a137968b14_435324dd-d090-495a-9afe-984318ad39cf.jpg/250x188.webp https://prod.pictures.autoscout24.net/listing-images/a47d3d7f-7cfc-4cad-a527-c5a137968b14_6b6cf103-3591-45be-a7a5-8c9843626cb2.jpg/250x188.webp https://prod.pictures.autoscout24.net/listing-images/a47d3d7f-7cfc-4cad-a527-c5a137968b14_99433bb9-065c-4f20-9187-211749e7c00a.jpg/250x188.webp https://prod.pictures.autoscout24.net/listing-images/a47d3d7f-7cfc-4cad-a527-c5a137968b14_c858cf65-a538-4d8e-99b1-9420750f5724.jpg/250x188.webp https://prod.pictures.autoscout24.net/listing-images/a47d3d7f-7cfc-4cad-a527-c5a137968b14_5e155ae9-b762-4614-8270-5e2647dc9a00.jpg/250x188.webp https://prod.pictures.autoscout24.net/listing-images/a47d3d7f-7cfc-4cad-a527-c5a137968b14_2fee1855-e4f9-4ced-be18-c77d83cf5b07.jpg/250x188.webp https://prod.pictures.autoscout24.net/listing-images/a47d3d7f-7cfc-4cad-a527-c5a137968b14_9e67c99a-3965-4b4f-bab4-04c71eef3dae.jpg/250x188.webp https://prod.pictures.autoscout24.net/listing-images/a47d3d7f-7cfc-4cad-a527-c5a137968b14_b6092da2-1fa5-463e-ade2-9cbd884b262f.jpg/250x188.webp https://prod.pictures.autoscout24.net/listing-images/a47d3d7f-7cfc-4cad-a527-c5a137968b14_053f5d71-276f-497e-8514-43a64f37578c.jpg/250x188.webp https://prod.pictures.autoscout24.net/listing-images/a47d3d7f-7cfc-4cad-a527-c5a137968b14_8f983d89-e845-489b-a6c5-f35a95ddcfa5.jpg/250x188.webp https://prod.pictures.autoscout24.net/listing-images/a47d3d7f-7cfc-4cad-a527-c5a137968b14_cf3bf597-45e5-413d-893b-32ee3bad9a72.jpg/250x188.webp https://prod.pictures.autoscout24.net/listing-images/a47d3d7f-7cfc-4cad-a527-c5a137968b14_992f6b3a-8324-4ddb-897f-90f709bd1065.jpg/250x188.webp https://prod.pictures.autoscout24.net/listing-images/a47d3d7f-7cfc-4cad-a527-c5a137968b14_db769a0e-ccec-464e-b327-7eb7be6dc083.jpg/250x188.webp https://prod.pictures.autoscout24.net/listing-images/a47d3d7f-7cfc-4cad-a527-c5a137968b14_2e5a6e6c-85e4-427a-9e1d-ae572db7dd1b.jpg/250x188.webp https://prod.pictures.autoscout24.net/listing-images/a47d3d7f-7cfc-4cad-a527-c5a137968b14_1e81d916-b547-49a5-869f-21619f439a7b.jpg/250x188.webp https://prod.pictures.autoscout24.net/listing-images/a47d3d7f-7cfc-4cad-a527-c5a137968b14_c53bb670-fa62-4822-9fe7-376f2f1852b1.jpg/250x188.webp https://prod.pictures.autoscout24.net/listing-images/a47d3d7f-7cfc-4cad-a527-c5a137968b14_45161e35-f244-49c7-a6e2-68ad190525c7.jpg/250x188.webp https://prod.pictures.autoscout24.net/listing-images/a47d3d7f-7cfc-4cad-a527-c5a137968b14_8ab348a7-cc3c-4e47-9429-c530eae41426.jpg/250x188.webp https://prod.pictures.autoscout24.net/listing-images/a47d3d7f-7cfc-4cad-a527-c5a137968b14_c2e16292-814e-47b5-beb8-674986b8b37c.jpg/250x188.webp https://prod.pictures.autoscout24.net/listing-images/a47d3d7f-7cfc-4cad-a527-c5a137968b14_eec54bdb-dac7-475a-a2f5-78b0a0e232bf.jpg/250x188.webp https://prod.pictures.autoscout24.net/listing-images/a47d3d7f-7cfc-4cad-a527-c5a137968b14_1978c2ee-0c07-4933-9495-35623b81f430.jpg/250x188.webp https://prod.pictures.autoscout24.net/listing-images/a47d3d7f-7cfc-4cad-a527-c5a137968b14_874f7ab7-8594-43ba-9bc6-db41da99475a.jpg/250x188.webp https://prod.pictures.autoscout24.net/listing-images/a47d3d7f-7cfc-4cad-a527-c5a137968b14_d4109a55-e9f5-4567-bbbf-e762ecbe71bf.jpg/250x188.webp https://prod.pictures.autoscout24.net/listing-images/a47d3d7f-7cfc-4cad-a527-c5a137968b14_7e5e405d-084b-4aec-b03d-f322664d327b.jpg/250x188.webp https://prod.pictures.autoscout24.net/listing-images/a47d3d7f-7cfc-4cad-a527-c5a137968b14_a066ca4d-8a69-4e8b-a5eb-fdeac44b262b.jpg/250x188.webp https://prod.pictures.autoscout24.net/listing-images/a47d3d7f-7cfc-4cad-a527-c5a137968b14_de300d73-abeb-40c1-a013-eb454ce0e07a.jpg/250x188.webp https://prod.pictures.autoscout24.net/listing-images/a47d3d7f-7cfc-4cad-a527-c5a137968b14_78b7a308-62c6-4544-8562-34de960271e2.jpg/250x188.webp https://prod.pictures.autoscout24.net/listing-images/a47d3d7f-7cfc-4cad-a527-c5a137968b14_794b2221-8404-4c10-a387-42af705e252f.jpg/250x188.webp https://prod.pictures.autoscout24.net/listing-images/a47d3d7f-7cfc-4cad-a527-c5a137968b14_17d01d7f-3167-471b-815c-3ee8652dda28.jpg/250x188.webp https://prod.pictures.autoscout24.net/listing-images/a47d3d7f-7cfc-4cad-a527-c5a137968b14_b95b0c4f-2c43-4da0-a35c-8fb364ed0a5c.jpg/250x188.webp https://prod.pictures.autoscout24.net/listing-images/a47d3d7f-7cfc-4cad-a527-c5a137968b14_a5b1a089-3eab-4dab-b16a-0f278dcce294.jpg/250x188.webp https://prod.pictures.autoscout24.net/listing-images/a47d3d7f-7cfc-4cad-a527-c5a137968b14_e9fdab4b-260e-42bf-b0c9-212a444671e5.jpg/250x188.webp https://prod.pictures.autoscout24.net/listing-images/a47d3d7f-7cfc-4cad-a527-c5a137968b14_7181ea22-ccf8-42ee-be7d-93748659d74e.jpg/250x188.webp,118.13543228476182,1514
6cd77f64-0932-474f-aefb-4f64f5420051,Volvo,V60,"Recharge Inscription, T6 AWD plug-in hybrid",Dealer,27990,2,102939,07-2021,7033,https://prod.pictures.autoscout24.net/listing-images/6cd77f64-0932-474f-aefb-4f64f5420051_783b4ba6-0456-4034-8955-35174e8f2b3b.jpg/250x188.webp https://prod.pictures.autoscout24.net/listing-images/6cd77f64-0932-474f-aefb-4f64f5420051_b5360c90-ec0e-4805-8308-4aae7087dafa.jpg/250x188.webp https://prod.pictures.autoscout24.net/listing-images/6cd77f64-0932-474f-aefb-4f64f5420051_f6d11f48-f91f-4799-ab99-18411da81515.jpg/250x188.webp https://prod.pictures.autoscout24.net/listing-images/6cd77f64-0932-474f-aefb-4f64f5420051_87ff7977-d850-4395-a05a-e1afc1d9e45d.jpg/250x188.webp https://prod.pictures.autoscout24.net/listing-images/6cd77f64-0932-474f-aefb-4f64f5420051_b465b443-0288-44d0-ad7e-0ead38415d87.jpg/250x188.webp https://prod.pictures.autoscout24.net/listing-images/6cd77f64-0932-474f-aefb-4f64f5420051_f008bdbe-2ee3-4bc0-b81c-ab81f028dd17.jpg/250x188.webp https://prod.pictures.autoscout24.net/listing-images/6cd77f64-0932-474f-aefb-4f64f5420051_4b46aec0-26e9-4fe5-b1f8-9852dd965e6b.jpg/250x188.webp https://prod.pictures.autoscout24.net/listing-images/6cd77f64-0932-474f-aefb-4f64f5420051_0842a334-7b1b-40da-a144-95fe27d59f43.jpg/250x188.webp https://prod.pictures.autoscout24.net/listing-images/6cd77f64-0932-474f-aefb-4f64f5420051_e8c4bc5d-4b4d-484d-b50b-8b39531a1871.jpg/250x188.webp https://prod.pictures.autoscout24.net/listing-images/6cd77f64-0932-474f-aefb-4f64f5420051_afd8663a-ad44-4624-952b-55ff66fd5039.jpg/250x188.webp https://prod.pictures.autoscout24.net/listing-images/6cd77f64-0932-474f-aefb-4f64f5420051_50fe93b6-8343-4adc-ae6f-77e09acb665e.jpg/250x188.webp https://prod.pictures.autoscout24.net/listing-images/6cd77f64-0932-474f-aefb-4f64f5420051_873e8f1e-31d1-4aa1-aeea-3def9a71e216.jpg/250x188.webp https://prod.pictures.autoscout24.net/listing-images/6cd77f64-0932-474f-aefb-4f64f5420051_47dfeb7e-53ab-417c-9e9a-02b52dde60c7.jpg/250x188.webp https://prod.pictures.autoscout24.net/listing-images/6cd77f64-0932-474f-aefb-4f64f5420051_e969d556-d1e0-4ff8-b997-ecf23223aa96.jpg/250x188.webp https://prod.pictures.autoscout24.net/listing-images/6cd77f64-0932-474f-aefb-4f64f5420051_ef54053f-7dee-473f-a8b3-d3399b3bfbfd.jpg/250x188.webp https://prod.pictures.autoscout24.net/listing-images/6cd77f64-0932-474f-aefb-4f64f5420051_eebb2938-da9d-4fc0-869c-3d05431579d7.jpg/250x188.webp https://prod.pictures.autoscout24.net/listing-images/6cd77f64-0932-474f-aefb-4f64f5420051_0211a9e4-a2f4-4180-b67e-c28849956fdd.jpg/250x188.webp,120.92234590410432,1698
8ae54e87-43d3-4420-a671-c2cbdccef84c,Volvo,XC40,Recharge Inscription T4 plug-in hybrid,Dealer,27990,2,69987,11-2021,7033,https://prod.pictures.autoscout24.net/listing-images/8ae54e87-43d3-4420-a671-c2cbdccef84c_7d36aebd-972a-4871-ac74-dff1d3da0aa2.jpg/250x188.webp https://prod.pictures.autoscout24.net/listing-images/8ae54e87-43d3-4420-a671-c2cbdccef84c_2b70cb44-7801-4b70-9540-0c4e170db2af.jpg/250x188.webp https://prod.pictures.autoscout24.net/listing-images/8ae54e87-43d3-4420-a671-c2cbdccef84c_3ac48d54-d2fb-490b-9396-a4e3dace9747.jpg/250x188.webp https://prod.pictures.autoscout24.net/listing-images/8ae54e87-43d3-4420-a671-c2cbdccef84c_ceeafe58-7766-4bf4-9aea-bca221d2fb15.jpg/250x188.webp https://prod.pictures.autoscout24.net/listing-images/8ae54e87-43d3-4420-a671-c2cbdccef84c_14e25d7a-6828-4648-8a49-0e8a1d152a80.jpg/250x188.webp https://prod.pictures.autoscout24.net/listing-images/8ae54e87-43d3-4420-a671-c2cbdccef84c_1ad0ee58-c951-4519-9e82-9efc0e860cd0.jpg/250x188.webp https://prod.pictures.autoscout24.net/listing-images/8ae54e87-43d3-4420-a671-c2cbdccef84c_a7c9fd8d-2126-466e-88c3-6f43dc01a4c0.jpg/250x188.webp https://prod.pictures.autoscout24.net/listing-images/8ae54e87-43d3-4420-a671-c2cbdccef84c_5f07671d-0fa4-4f67-b414-2a6bfc5988e3.jpg/250x188.webp https://prod.pictures.autoscout24.net/listing-images/8ae54e87-43d3-4420-a671-c2cbdccef84c_fc1c8398-0a6b-4a86-a71d-387cf659b300.jpg/250x188.webp https://prod.pictures.autoscout24.net/listing-images/8ae54e87-43d3-4420-a671-c2cbdccef84c_190f0202-3604-43b9-8167-dca1dad7267f.jpg/250x188.webp https://prod.pictures.autoscout24.net/listing-images/8ae54e87-43d3-4420-a671-c2cbdccef84c_54e900e7-20bc-4839-8cba-ba63f34b47bb.jpg/250x188.webp https://prod.pictures.autoscout24.net/listing-images/8ae54e87-43d3-4420-a671-c2cbdccef84c_b5a5e718-62f0-41f4-ac25-6698f647a152.jpg/250x188.webp https://prod.pictures.autoscout24.net/listing-images/8ae54e87-43d3-4420-a671-c2cbdccef84c_a6b4b8e5-5d03-46a7-a243-e59cde38788d.jpg/250x188.webp,120.92234590410432,1575
aeac5478-691c-4e00-a252-36f4d3bff249,Volvo,XC40,T5 Twin Engine hybride rechargeable,Dealer,27990,2,77236,06-2020,7033,https://prod.pictures.autoscout24.net/listing-images/aeac5478-691c-4e00-a252-36f4d3bff249_87717426-5672-4d74-9705-cea7dca4d2cb.jpg/250x188.webp https://prod.pictures.autoscout24.net/listing-images/aeac5478-691c-4e00-a252-36f4d3bff249_db7e0422-0250-45da-ad18-596ccca13214.jpg/250x188.webp https://prod.pictures.autoscout24.net/listing-images/aeac5478-691c-4e00-a252-36f4d3bff249_2b775e38-e637-4bb1-946d-95dca32a0087.jpg/250x188.webp https://prod.pictures.autoscout24.net/listing-images/aeac5478-691c-4e00-a252-36f4d3bff249_5105b116-e85d-47f4-a3d4-3cdbf9f7d864.jpg/250x188.webp https://prod.pictures.autoscout24.net/listing-images/aeac5478-691c-4e00-a252-36f4d3bff249_4b9b27c2-adcc-48d3-8c30-999d3058c16a.jpg/250x188.webp https://prod.pictures.autoscout24.net/listing-images/aeac5478-691c-4e00-a252-36f4d3bff249_4b261210-a7aa-4a06-aab3-86d9c28526a5.jpg/250x188.webp https://prod.pictures.autoscout24.net/listing-images/aeac5478-691c-4e00-a252-36f4d3bff249_533a19b5-6cfe-486d-82e6-82fac59ee19f.jpg/250x188.webp https://prod.pictures.autoscout24.net/listing-images/aeac5478-691c-4e00-a252-36f4d3bff249_4d7839c8-08af-48c7-a9f6-c91a25fb3eae.jpg/250x188.webp https://prod.pictures.autoscout24.net/listing-images/aeac5478-691c-4e00-a252-36f4d3bff249_38dfc9b6-37a4-4d19-9e7b-0b74eef6ca3f.jpg/250x188.webp https://prod.pictures.autoscout24.net/listing-images/aeac5478-691c-4e00-a252-36f4d3bff249_3f83051e-7ab7-4f81-aa67-dbdb91b1ed63.jpg/250x188.webp https://prod.pictures.autoscout24.net/listing-images/aeac5478-691c-4e00-a252-36f4d3bff249_012efb80-b8ae-498a-b6b1-c1e3b7f6482c.jpg/250x188.webp https://prod.pictures.autoscout24.net/listing-images/aeac5478-691c-4e00-a252-36f4d3bff249_6a05468d-50e8-4c82-89fa-2086b04340cc.jpg/250x188.webp https://prod.pictures.autoscout24.net/listing-images/aeac5478-691c-4e00-a252-36f4d3bff249_564199e2-7745-43c4-8511-746c9d40fbfe.jpg/250x188.webp https://prod.pictures.autoscout24.net/listing-images/aeac5478-691c-4e00-a252-36f4d3bff249_a96e2816-b7bf-4d87-8e74-73cb7b6393de.jpg/250x188.webp https://prod.pictures.autoscout24.net/listing-images/aeac5478-691c-4e00-a252-36f4d3bff249_d071f7c8-2a19-4b96-9048-64ab23bf38d7.jpg/250x188.webp https://prod.pictures.autoscout24.net/listing-images/aeac5478-691c-4e00-a252-36f4d3bff249_036e96ce-c524-4bfd-b8ff-d765e3b79381.jpg/250x188.webp,120.92234590410432,2093
259bacab-78c9-4afa-bbd4-1bf9bf8af390,Volvo,XC40,1.5 T2 129cv R-DESIGN - Geartronic - FULL OPTIONS,Dealer,27990,b,24919,01-2021,6060,https://prod.pictures.autoscout24.net/listing-images/259bacab-78c9-4afa-bbd4-1bf9bf8af390_3f39228c-133f-4606-bc51-efcb83d20cbb.jpg/250x188.webp https://prod.pictures.autoscout24.net/listing-images/259bacab-78c9-4afa-bbd4-1bf9bf8af390_cc97e9e0-3985-492d-a912-fc1ec1404720.jpg/250x188.webp https://prod.pictures.autoscout24.net/listing-images/259bacab-78c9-4afa-bbd4-1bf9bf8af390_916ce14b-a693-42a1-b501-be3c26110fcb.jpg/250x188.webp https://prod.pictures.autoscout24.net/listing-images/259bacab-78c9-4afa-bbd4-1bf9bf8af390_14907f99-7076-4ba4-901b-913a41c23772.jpg/250x188.webp https://prod.pictures.autoscout24.net/listing-images/259bacab-78c9-4afa-bbd4-1bf9bf8af390_b717b3d3-9ebb-43c4-8abe-1138068c030b.jpg/250x188.webp https://prod.pictures.autoscout24.net/listing-images/259bacab-78c9-4afa-bbd4-1bf9bf8af390_c959c591-ad3a-4e47-889a-a0f9354820bd.jpg/250x188.webp https://prod.pictures.autoscout24.net/listing-images/259bacab-78c9-4afa-bbd4-1bf9bf8af390_7d199cdf-7068-4c21-85a7-f715f817111d.jpg/250x188.webp https://prod.pictures.autoscout24.net/listing-images/259bacab-78c9-4afa-bbd4-1bf9bf8af390_075b1a4a-5d04-413b-866b-9c19d1c529b1.jpg/250x188.webp https://prod.pictures.autoscout24.net/listing-images/259bacab-78c9-4afa-bbd4-1bf9bf8af390_a007d087-06f5-4ba8-b315-3e1cc3fcc5ca.jpg/250x188.webp https://prod.pictures.autoscout24.net/listing-images/259bacab-78c9-4afa-bbd4-1bf9bf8af390_b5a290d3-2ac6-4dd0-ac28-86c50e48dde3.jpg/250x188.webp https://prod.pictures.autoscout24.net/listing-images/259bacab-78c9-4afa-bbd4-1bf9bf8af390_c6036583-b377-4a2a-b942-cb3eefb7ca6f.jpg/250x188.webp https://prod.pictures.autoscout24.net/listing-images/259bacab-78c9-4afa-bbd4-1bf9bf8af390_133ffd7f-92d8-43c0-b311-1b2fdb9df345.jpg/250x188.webp https://prod.pictures.autoscout24.net/listing-images/259bacab-78c9-4afa-bbd4-1bf9bf8af390_ca1143b8-64ff-46c7-b101-fd50472ee4bf.jpg/250x188.webp https://prod.pictures.autoscout24.net/listing-images/259bacab-78c9-4afa-bbd4-1bf9bf8af390_1e3ff2c8-5560-4064-a728-b6ab8d0b3eaa.jpg/250x188.webp https://prod.pictures.autoscout24.net/listing-images/259bacab-78c9-4afa-bbd4-1bf9bf8af390_0a7502c7-d6ae-4b72-b293-56bc93155737.jpg/250x188.webp https://prod.pictures.autoscout24.net/listing-images/259bacab-78c9-4afa-bbd4-1bf9bf8af390_948afb02-5058-4470-a2e6-596895fcd76e.jpg/250x188.webp https://prod.pictures.autoscout24.net/listing-images/259bacab-78c9-4afa-bbd4-1bf9bf8af390_f59d0143-53e7-4238-8918-94173f145222.jpg/250x188.webp https://prod.pictures.autoscout24.net/listing-images/259bacab-78c9-4afa-bbd4-1bf9bf8af390_01783290-c222-4d63-873a-d6ecc148a6d3.jpg/250x188.webp https://prod.pictures.autoscout24.net/listing-images/259bacab-78c9-4afa-bbd4-1bf9bf8af390_588245fc-b6a0-4938-8cac-f263392a387b.jpg/250x188.webp https://prod.pictures.autoscout24.net/listing-images/259bacab-78c9-4afa-bbd4-1bf9bf8af390_cd897078-de43-4942-b497-4cff0e4a3128.jpg/250x188.webp https://prod.pictures.autoscout24.net/listing-images/259bacab-78c9-4afa-bbd4-1bf9bf8af390_00f011d3-5ac7-4499-9bac-76105e8322b9.jpg/250x188.webp https://prod.pictures.autoscout24.net/listing-images/259bacab-78c9-4afa-bbd4-1bf9bf8af390_507d9d8b-4857-42c9-b63a-3a0024df01fc.jpg/250x188.webp https://prod.pictures.autoscout24.net/listing-images/259bacab-78c9-4afa-bbd4-1bf9bf8af390_d97424dc-15d8-48db-8222-1e9b54d83e45.jpg/250x188.webp https://prod.pictures.autoscout24.net/listing-images/259bacab-78c9-4afa-bbd4-1bf9bf8af390_f2b2cda7-5559-495f-9642-27b480b3c7b7.jpg/250x188.webp https://prod.pictures.autoscout24.net/listing-images/259bacab-78c9-4afa-bbd4-1bf9bf8af390_e190d65c-f3bc-4410-b37d-486dccfdfac9.jpg/250x188.webp https://prod.pictures.autoscout24.net/listing-images/259bacab-78c9-4afa-bbd4-1bf9bf8af390_e58cccc7-a5e6-4b16-babc-c0458b930d94.jpg/250x188.webp https://prod.pictures.autoscout24.net/listing-images/259bacab-78c9-4afa-bbd4-1bf9bf8af390_57d7f7d2-ea18-45a5-ac33-d8abc7030a62.jpg/250x188.webp https://prod.pictures.autoscout24.net/listing-images/259bacab-78c9-4afa-bbd4-1bf9bf8af390_28969ebf-5482-42fd-9e56-11f981a63f86.jpg/250x188.webp https://prod.pictures.autoscout24.net/listing-images/259bacab-78c9-4afa-bbd4-1bf9bf8af390_ab2b7f06-9680-4c50-bb95-4dcf433081d4.jpg/250x188.webp,116.023023143389,1879
55ae58d7-6413-4d28-ad70-ccc92f765f63,Volvo,V60,Momentum Core Automaat,Dealer,27995,b,34900,07-2021,2500,https://prod.pictures.autoscout24.net/listing-images/55ae58d7-6413-4d28-ad70-ccc92f765f63_38fa57ff-fd62-4a8d-ab1a-08ad2fcd2dc9.jpg/250x188.webp https://prod.pictures.autoscout24.net/listing-images/55ae58d7-6413-4d28-ad70-ccc92f765f63_0696ab0f-d2d3-4d1f-8d18-e51563e8c26b.jpg/250x188.webp https://prod.pictures.autoscout24.net/listing-images/55ae58d7-6413-4d28-ad70-ccc92f765f63_9c41885f-f235-40a5-91dd-2fbf7441aade.jpg/250x188.webp https://prod.pictures.autoscout24.net/listing-images/55ae58d7-6413-4d28-ad70-ccc92f765f63_74d2bab5-4de8-4f66-9298-b4a8e3b6e3fd.jpg/250x188.webp https://prod.pictures.autoscout24.net/listing-images/55ae58d7-6413-4d28-ad70-ccc92f765f63_989302d0-c713-42d8-903c-367f3f101c42.jpg/250x188.webp https://prod.pictures.autoscout24.net/listing-images/55ae58d7-6413-4d28-ad70-ccc92f765f63_74bee972-52b8-48c6-832b-1aa6ae4cdff7.jpg/250x188.webp https://prod.pictures.autoscout24.net/listing-images/55ae58d7-6413-4d28-ad70-ccc92f765f63_89eee62b-a9dd-4f1c-b016-fb6df483cbb5.jpg/250x188.webp https://prod.pictures.autoscout24.net/listing-images/55ae58d7-6413-4d28-ad70-ccc92f765f63_34a47cfc-b599-44fa-9a5c-284a8a5f7625.jpg/250x188.webp https://prod.pictures.autoscout24.net/listing-images/55ae58d7-6413-4d28-ad70-ccc92f765f63_27a1e97e-83dc-46c4-8788-e7e4f1456df5.jpg/250x188.webp https://prod.pictures.autoscout24.net/listing-images/55ae58d7-6413-4d28-ad70-ccc92f765f63_4cabc539-9587-41b4-bb47-1b4ef805753e.jpg/250x188.webp https://prod.pictures.autoscout24.net/listing-images/55ae58d7-6413-4d28-ad70-ccc92f765f63_072470e6-e34e-4ec5-b414-48a799df46ce.jpg/250x188.webp https://prod.pictures.autoscout24.net/listing-images/55ae58d7-6413-4d28-ad70-ccc92f765f63_6c82c530-0f22-4a57-b413-fbbcdf3d0cec.jpg/250x188.webp https://prod.pictures.autoscout24.net/listing-images/55ae58d7-6413-4d28-ad70-ccc92f765f63_2782502c-395a-4fe3-a854-5aa857e9084e.jpg/250x188.webp https://prod.pictures.autoscout24.net/listing-images/55ae58d7-6413-4d28-ad70-ccc92f765f63_6e60aaf8-5fb2-4c69-b916-0833a12fa4de.jpg/250x188.webp https://prod.pictures.autoscout24.net/listing-images/55ae58d7-6413-4d28-ad70-ccc92f765f63_efe62e01-3057-46f3-921f-6c99c4689918.jpg/250x188.webp https://prod.pictures.autoscout24.net/listing-images/55ae58d7-6413-4d28-ad70-ccc92f765f63_85714264-ce2d-482f-8942-a4bbc1671bc6.jpg/250x188.webp https://prod.pictures.autoscout24.net/listing-images/55ae58d7-6413-4d28-ad70-ccc92f765f63_c8dc1ed7-a5c7-4163-9b07-6ec25dda336e.jpg/250x188.webp,40.27620656698467,1698
2e3bc1cb-9169-44b3-8fae-719e6161d071,Volvo,V60,V60 2.0 T6 AWD / PLUG-IN HYBRIDE / KEY-LESS /,Dealer,27999,2,62786,09-2021,9320,https://prod.pictures.autoscout24.net/listing-images/2e3bc1cb-9169-44b3-8fae-719e6161d071_dbcaefb4-49be-45b9-b5da-8196a7663edf.jpg/250x188.webp https://prod.pictures.autoscout24.net/listing-images/2e3bc1cb-9169-44b3-8fae-719e6161d071_c143ab17-3c05-434f-848c-7a847b0f7c19.jpg/250x188.webp https://prod.pictures.autoscout24.net/listing-images/2e3bc1cb-9169-44b3-8fae-719e6161d071_608584c4-5fbe-4b4b-a855-42bc22152e70.jpg/250x188.webp https://prod.pictures.autoscout24.net/listing-images/2e3bc1cb-9169-44b3-8fae-719e6161d071_547a0a22-1b81-43d5-96a3-694693166141.jpg/250x188.webp https://prod.pictures.autoscout24.net/listing-images/2e3bc1cb-9169-44b3-8fae-719e6161d071_cd5bfd70-cdbf-49aa-b11f-5632a404320f.jpg/250x188.webp https://prod.pictures.autoscout24.net/listing-images/2e3bc1cb-9169-44b3-8fae-719e6161d071_9f5e49b7-7263-4677-abe7-cfc24a7f1097.jpg/250x188.webp https://prod.pictures.autoscout24.net/listing-images/2e3bc1cb-9169-44b3-8fae-719e6161d071_3c2b5e7c-d0a7-42f3-92e4-bbd41ea3d96e.jpg/250x188.webp https://prod.pictures.autoscout24.net/listing-images/2e3bc1cb-9169-44b3-8fae-719e6161d071_39496d31-b701-469e-a8d1-a8f2fc7361b4.jpg/250x188.webp https://prod.pictures.autoscout24.net/listing-images/2e3bc1cb-9169-44b3-8fae-719e6161d071_7f446b41-26fa-42a3-8bcb-e4601a36a170.jpg/250x188.webp https://prod.pictures.autoscout24.net/listing-images/2e3bc1cb-9169-44b3-8fae-719e6161d071_125f7b33-dc16-4981-b0a2-5bb02ced7d83.jpg/250x188.webp https://prod.pictures.autoscout24.net/listing-images/2e3bc1cb-9169-44b3-8fae-719e6161d071_a97b4081-8139-409f-a3e9-b478051fbb4b.jpg/250x188.webp https://prod.pictures.autoscout24.net/listing-images/2e3bc1cb-9169-44b3-8fae-719e6161d071_92588056-8809-4fef-bb07-db7eaa10ce66.jpg/250x188.webp https://prod.pictures.autoscout24.net/listing-images/2e3bc1cb-9169-44b3-8fae-719e6161d071_ac6033b2-068a-42c5-8a98-a0d97550d09c.jpg/250x188.webp https://prod.pictures.autoscout24.net/listing-images/2e3bc1cb-9169-44b3-8fae-719e6161d071_b5feb786-911e-4c3e-8dd9-cd39f9962bdd.jpg/250x188.webp https://prod.pictures.autoscout24.net/listing-images/2e3bc1cb-9169-44b3-8fae-719e6161d071_d28e4a24-bea1-4a36-ba31-32f2eee55550.jpg/250x188.webp https://prod.pictures.autoscout24.net/listing-images/2e3bc1cb-9169-44b3-8fae-719e6161d071_b27f83ca-3f4d-425c-ab6d-9ecb18c49019.jpg/250x188.webp https://prod.pictures.autoscout24.net/listing-images/2e3bc1cb-9169-44b3-8fae-719e6161d071_c472e0a3-ac5f-400c-90fc-da4990ed22b4.jpg/250x188.webp https://prod.pictures.autoscout24.net/listing-images/2e3bc1cb-9169-44b3-8fae-719e6161d071_4995a988-5dcc-450a-8254-3fc16183f484.jpg/250x188.webp https://prod.pictures.autoscout24.net/listing-images/2e3bc1cb-9169-44b3-8fae-719e6161d071_01861a28-f7d7-48e5-955f-96bd423604e6.jpg/250x188.webp https://prod.pictures.autoscout24.net/listing-images/2e3bc1cb-9169-44b3-8fae-719e6161d071_09385307-7a93-4ed4-8a15-9456b675259c.jpg/250x188.webp https://prod.pictures.autoscout24.net/listing-images/2e3bc1cb-9169-44b3-8fae-719e6161d071_ca62bfdb-9fed-412c-98ef-b5ee25ec87ce.jpg/250x188.webp https://prod.pictures.autoscout24.net/listing-images/2e3bc1cb-9169-44b3-8fae-719e6161d071_a4589d2e-0b6e-4cf1-8fdd-4c332f69af6b.jpg/250x188.webp https://prod.pictures.autoscout24.net/listing-images/2e3bc1cb-9169-44b3-8fae-719e6161d071_389477c1-2a6e-478a-ad7c-16fac983bb60.jpg/250x188.webp https://prod.pictures.autoscout24.net/listing-images/2e3bc1cb-9169-44b3-8fae-719e6161d071_28f3c441-4035-49d0-8b01-d965d070d0b2.jpg/250x188.webp https://prod.pictures.autoscout24.net/listing-images/2e3bc1cb-9169-44b3-8fae-719e6161d071_5e4891af-e8b4-4551-9132-caae3bc83750.jpg/250x188.webp https://prod.pictures.autoscout24.net/listing-images/2e3bc1cb-9169-44b3-8fae-719e6161d071_cfa52f02-3cde-4095-9ade-95171adbff15.jpg/250x188.webp https://prod.pictures.autoscout24.net/listing-images/2e3bc1cb-9169-44b3-8fae-719e6161d071_91fea3d9-39bd-4e56-84c3-304014139484.jpg/250x188.webp https://prod.pictures.autoscout24.net/listing-images/2e3bc1cb-9169-44b3-8fae-719e6161d071_7f3e0a2d-88bf-40d7-9860-1d07beab9060.jpg/250x188.webp https://prod.pictures.autoscout24.net/listing-images/2e3bc1cb-9169-44b3-8fae-719e6161d071_b13cd675-ef6f-4f26-a714-00dafd84ca0c.jpg/250x188.webp https://prod.pictures.autoscout24.net/listing-images/2e3bc1cb-9169-44b3-8fae-719e6161d071_a6cbe08f-2e5c-4fb2-a7e2-8264353aae50.jpg/250x188.webp https://prod.pictures.autoscout24.net/listing-images/2e3bc1cb-9169-44b3-8fae-719e6161d071_e29075d2-d286-4f4e-9a93-722393080d8c.jpg/250x188.webp,68.11155851011848,1636
b6275bf2-9437-439e-8d6d-c55c3cd12384,Volvo,XC40,1.5 T2 AUTOMAAT Carplay/Parkeerhulp/Navi/...,Dealer,27999,b,32921,06-2024,2880,https://prod.pictures.autoscout24.net/listing-images/b6275bf2-9437-439e-8d6d-c55c3cd12384_c2f88597-2e50-4647-a699-3659f99ba745.jpg/250x188.webp https://prod.pictures.autoscout24.net/listing-images/b6275bf2-9437-439e-8d6d-c55c3cd12384_0c715fdf-fd8d-4b5d-aba3-ab1b52fe7b86.jpg/250x188.webp https://prod.pictures.autoscout24.net/listing-images/b6275bf2-9437-439e-8d6d-c55c3cd12384_e790aa86-e3fe-4e8f-82bd-400c36c27f4a.jpg/250x188.webp https://prod.pictures.autoscout24.net/listing-images/b6275bf2-9437-439e-8d6d-c55c3cd12384_092b4470-5990-4137-b8f0-58b9fad7550c.jpg/250x188.webp https://prod.pictures.autoscout24.net/listing-images/b6275bf2-9437-439e-8d6d-c55c3cd12384_f9a53dbc-a5b0-4ee9-bf77-6fd38a0b7af0.jpg/250x188.webp https://prod.pictures.autoscout24.net/listing-images/b6275bf2-9437-439e-8d6d-c55c3cd12384_561db058-306f-4bb2-8302-046b84765569.jpg/250x188.webp https://prod.pictures.autoscout24.net/listing-images/b6275bf2-9437-439e-8d6d-c55c3cd12384_90b00112-e3e9-482b-a4bf-926df15cb7d7.jpg/250x188.webp https://prod.pictures.autoscout24.net/listing-images/b6275bf2-9437-439e-8d6d-c55c3cd12384_6ff6037d-2cf2-460a-9c6f-6d643f9fa1fa.jpg/250x188.webp https://prod.pictures.autoscout24.net/listing-images/b6275bf2-9437-439e-8d6d-c55c3cd12384_43ce6d1a-bf11-4510-8ec1-8f31df3aaebe.jpg/250x188.webp https://prod.pictures.autoscout24.net/listing-images/b6275bf2-9437-439e-8d6d-c55c3cd12384_19880a0c-67b2-483d-a302-b2e2e6eecae0.jpg/250x188.webp https://prod.pictures.autoscout24.net/listing-images/b6275bf2-9437-439e-8d6d-c55c3cd12384_ba04c2b0-1e53-4d3f-9edb-47ec5adf9358.jpg/250x188.webp https://prod.pictures.autoscout24.net/listing-images/b6275bf2-9437-439e-8d6d-c55c3cd12384_cbc67b74-8e99-4df0-a137-f486c5401553.jpg/250x188.webp https://prod.pictures.autoscout24.net/listing-images/b6275bf2-9437-439e-8d6d-c55c3cd12384_666b2dd3-ff66-43f4-9d32-b3386503eabb.jpg/250x188.webp https://prod.pictures.autoscout24.net/listing-images/b6275bf2-9437-439e-8d6d-c55c3cd12384_d1f8ba80-8e59-4f2e-88f4-52a559d12ed7.jpg/250x188.webp https://prod.pictures.autoscout24.net/listing-images/b6275bf2-9437-439e-8d6d-c55c3cd12384_9b1bdf7e-e5f6-4092-9ff5-d3a1ae7049a7.jpg/250x188.webp https://prod.pictures.autoscout24.net/listing-images/b6275bf2-9437-439e-8d6d-c55c3cd12384_5e532331-b7c4-4100-937b-2675e46aa15c.jpg/250x188.webp https://prod.pictures.autoscout24.net/listing-images/b6275bf2-9437-439e-8d6d-c55c3cd12384_e35bdad6-abfb-44f7-a79b-e26d968cca96.jpg/250x188.webp https://prod.pictures.autoscout24.net/listing-images/b6275bf2-9437-439e-8d6d-c55c3cd12384_7ffb69b7-b0cb-405c-a6b5-3317d96bd284.jpg/250x188.webp https://prod.pictures.autoscout24.net/listing-images/b6275bf2-9437-439e-8d6d-c55c3cd12384_9295ed83-c0ef-43ac-a167-ad78993de508.jpg/250x188.webp https://prod.pictures.autoscout24.net/listing-images/b6275bf2-9437-439e-8d6d-c55c3cd12384_2b55b54d-d3cd-499f-b2a7-9ee976ba620c.jpg/250x188.webp https://prod.pictures.autoscout24.net/listing-images/b6275bf2-9437-439e-8d6d-c55c3cd12384_a2b6295c-f2dc-4232-b3e7-f0bbd81d6607.jpg/250x188.webp https://prod.pictures.autoscout24.net/listing-images/b6275bf2-9437-439e-8d6d-c55c3cd12384_8d0dc3c9-457e-4001-8f5b-9700fc689456.jpg/250x188.webp https://prod.pictures.autoscout24.net/listing-images/b6275bf2-9437-439e-8d6d-c55c3cd12384_2385233c-7fdb-4cf5-8388-04d9c6605b18.jpg/250x188.webp https://prod.pictures.autoscout24.net/listing-images/b6275bf2-9437-439e-8d6d-c55c3cd12384_fe03ec0d-baa9-4299-bdff-2f30151948ad.jpg/250x188.webp https://prod.pictures.autoscout24.net/listing-images/b6275bf2-9437-439e-8d6d-c55c3cd12384_fc0aa395-13e8-413b-bc7c-cc137a36dc04.jpg/250x188.webp https://prod.pictures.autoscout24.net/listing-images/b6275bf2-9437-439e-8d6d-c55c3cd12384_9343a411-a0b5-4f1a-a33e-2ddee5580508.jpg/250x188.webp https://prod.pictures.autoscout24.net/listing-images/b6275bf2-9437-439e-8d6d-c55c3cd12384_aa44cdda-37e2-43e3-ba43-9143c4bbfacb.jpg/250x188.webp https://prod.pictures.autoscout24.net/listing-images/b6275bf2-9437-439e-8d6d-c55c3cd12384_52acc9bc-7a0a-43a6-8b88-66179827bd12.jpg/250x188.webp https://prod.pictures.autoscout24.net/listing-images/b6275bf2-9437-439e-8d6d-c55c3cd12384_c7957d04-7c8e-4c9d-8f5b-ec70ac062b03.jpg/250x188.webp https://prod.pictures.autoscout24.net/listing-images/b6275bf2-9437-439e-8d6d-c55c3cd12384_702fb041-85cf-452a-89aa-a2a58843080a.jpg/250x188.webp,45.11587043920601,632
a85f81ac-f4c3-40b4-920f-1689661bfce2,Volvo,V60,"T6 AWD Plug-in Recharge Dark R-Design - 2,5 JAAR G",PrivateSeller,28000,2,88368,11-2021,9968,https://prod.pictures.autoscout24.net/listing-images/a85f81ac-f4c3-40b4-920f-1689661bfce2_96ee166c-2bd2-405f-9a38-2ab1bab61c98.jpg/250x188.webp https://prod.pictures.autoscout24.net/listing-images/a85f81ac-f4c3-40b4-920f-1689661bfce2_c5523524-54d7-4705-9bce-b3c66eefefc0.jpg/250x188.webp https://prod.pictures.autoscout24.net/listing-images/a85f81ac-f4c3-40b4-920f-1689661bfce2_ed08acb6-3e61-4757-9b12-b4efa34656d2.jpg/250x188.webp https://prod.pictures.autoscout24.net/listing-images/a85f81ac-f4c3-40b4-920f-1689661bfce2_49d109f7-a009-4094-8ea5-f942f1bf201e.jpg/250x188.webp https://prod.pictures.autoscout24.net/listing-images/a85f81ac-f4c3-40b4-920f-1689661bfce2_76187677-f2e3-44da-83dc-e62453399d4e.jpg/250x188.webp https://prod.pictures.autoscout24.net/listing-images/a85f81ac-f4c3-40b4-920f-1689661bfce2_69e40041-5be7-4353-9a06-d5216e264511.jpg/250x188.webp https://prod.pictures.autoscout24.net/listing-images/a85f81ac-f4c3-40b4-920f-1689661bfce2_0d2b8a3b-9a6a-4db9-b320-4fca8a8e9a0c.jpg/250x188.webp https://prod.pictures.autoscout24.net/listing-images/a85f81ac-f4c3-40b4-920f-1689661bfce2_9349d4c0-195d-4c25-8156-61979c35a831.jpg/250x188.webp https://prod.pictures.autoscout24.net/listing-images/a85f81ac-f4c3-40b4-920f-1689661bfce2_4a379391-6e50-4b07-86ce-237530e63e77.jpg/250x188.webp https://prod.pictures.autoscout24.net/listing-images/a85f81ac-f4c3-40b4-920f-1689661bfce2_7d1de44c-470a-4530-8a07-bc4b22d3821b.jpg/250x188.webp https://prod.pictures.autoscout24.net/listing-images/a85f81ac-f4c3-40b4-920f-1689661bfce2_5b871abd-abd0-490e-b136-8b540639e6ce.jpg/250x188.webp https://prod.pictures.autoscout24.net/listing-images/a85f81ac-f4c3-40b4-920f-1689661bfce2_75822a34-3df1-4b3a-9572-d93eb32afd98.jpg/250x188.webp https://prod.pictures.autoscout24.net/listing-images/a85f81ac-f4c3-40b4-920f-1689661bfce2_6c9907fc-221d-42fe-8d93-06365b516490.jpg/250x188.webp https://prod.pictures.autoscout24.net/listing-images/a85f81ac-f4c3-40b4-920f-1689661bfce2_26ae9261-8232-4bb6-bcf0-17c5c61a8eca.jpg/250x188.webp https://prod.pictures.autoscout24.net/listing-images/a85f81ac-f4c3-40b4-920f-1689661bfce2_0e470b42-c356-42cd-82fb-e76410f5b972.jpg/250x188.webp https://prod.pictures.autoscout24.net/listing-images/a85f81ac-f4c3-40b4-920f-1689661bfce2_6fca30e2-e849-40af-9edc-8a3ca6ad48db.jpg/250x188.webp https://prod.pictures.autoscout24.net/listing-images/a85f81ac-f4c3-40b4-920f-1689661bfce2_be67a074-940e-444c-890c-14e654a9a413.jpg/250x188.webp https://prod.pictures.autoscout24.net/listing-images/a85f81ac-f4c3-40b4-920f-1689661bfce2_38632d80-d32b-44e8-b067-49e8e9b12154.jpg/250x188.webp https://prod.pictures.autoscout24.net/listing-images/a85f81ac-f4c3-40b4-920f-1689661bfce2_df88ba7d-9cbb-420a-9633-102b9aadf530.jpg/250x188.webp https://prod.pictures.autoscout24.net/listing-images/a85f81ac-f4c3-40b4-920f-1689661bfce2_9b040d6e-e8f7-4547-a882-759492dafd42.jpg/250x188.webp https://prod.pictures.autoscout24.net/listing-images/a85f81ac-f4c3-40b4-920f-1689661bfce2_15ead6a0-2da2-4991-a012-a161fbf1001a.jpg/250x188.webp https://prod.pictures.autoscout24.net/listing-images/a85f81ac-f4c3-40b4-920f-1689661bfce2_9b3efe59-0d7b-4f83-9d28-fe138846ae4a.jpg/250x188.webp,61.52769847393419,1575
40bef463-28d0-4ab2-971d-8d0f941adc69,Volvo,XC60,T6 AWD Recharge Geartronic Inscription,PrivateSeller,28000,2,139000,11-2021,9190,https://prod.pictures.autoscout24.net/listing-images/40bef463-28d0-4ab2-971d-8d0f941adc69_1aa55ef8-dbab-4205-8620-4295aa063a81.jpg/250x188.webp https://prod.pictures.autoscout24.net/listing-images/40bef463-28d0-4ab2-971d-8d0f941adc69_8321783a-ae1b-4155-acf5-0e37468a5ebd.jpg/250x188.webp https://prod.pictures.autoscout24.net/listing-images/40bef463-28d0-4ab2-971d-8d0f941adc69_3f2772d7-5e39-45d8-9f13-38ef2974345a.jpg/250x188.webp https://prod.pictures.autoscout24.net/listing-images/40bef463-28d0-4ab2-971d-8d0f941adc69_790000f7-7c0a-436d-988d-f6cabf5e8a32.jpg/250x188.webp https://prod.pictures.autoscout24.net/listing-images/40bef463-28d0-4ab2-971d-8d0f941adc69_2f291688-960b-473d-b70a-649c28216f6c.jpg/250x188.webp https://prod.pictures.autoscout24.net/listing-images/40bef463-28d0-4ab2-971d-8d0f941adc69_d5e459cc-36ab-41a4-8459-96535ee97320.jpg/250x188.webp https://prod.pictures.autoscout24.net/listing-images/40bef463-28d0-4ab2-971d-8d0f941adc69_4e9dc530-9bf3-49c3-928d-09abf13a95aa.jpg/250x188.webp https://prod.pictures.autoscout24.net/listing-images/40bef463-28d0-4ab2-971d-8d0f941adc69_ce0af5e1-6ff2-449b-bce0-5ff316cee3d5.jpg/250x188.webp https://prod.pictures.autoscout24.net/listing-images/40bef463-28d0-4ab2-971d-8d0f941adc69_2a73b26a-eae4-48f7-af2c-aa4d7426b5f2.jpg/250x188.webp https://prod.pictures.autoscout24.net/listing-images/40bef463-28d0-4ab2-971d-8d0f941adc69_3d96f2cc-f5ee-45a9-8e06-e19a53039ddd.jpg/250x188.webp https://prod.pictures.autoscout24.net/listing-images/40bef463-28d0-4ab2-971d-8d0f941adc69_ebedb8ac-1d5d-4376-a524-4ca26d13c8e5.jpg/250x188.webp https://prod.pictures.autoscout24.net/listing-images/40bef463-28d0-4ab2-971d-8d0f941adc69_ee7ce335-d19c-454d-83ee-6d7a41de47d2.jpg/250x188.webp https://prod.pictures.autoscout24.net/listing-images/40bef463-28d0-4ab2-971d-8d0f941adc69_ba0c9fa0-22c8-4fc1-87c1-fe6f5d14f95a.jpg/250x188.webp https://prod.pictures.autoscout24.net/listing-images/40bef463-28d0-4ab2-971d-8d0f941adc69_2cec5956-ac58-49d9-9eca-5b88b795c8a7.jpg/250x188.webp https://prod.pictures.autoscout24.net/listing-images/40bef463-28d0-4ab2-971d-8d0f941adc69_08eb1ad0-c885-4818-ad83-6f3e038f4a6c.jpg/250x188.webp https://prod.pictures.autoscout24.net/listing-images/40bef463-28d0-4ab2-971d-8d0f941adc69_3d5bdc3e-1b09-4e5c-9541-75dfb0b128d3.jpg/250x188.webp https://prod.pictures.autoscout24.net/listing-images/40bef463-28d0-4ab2-971d-8d0f941adc69_3c7fe9e9-3326-4222-9c34-5f1711ea857b.jpg/250x188.webp,40.60522261941301,1575
5fd0fb99-fb5e-4abe-9a67-42a519ceabad,Volvo,V90,2.0 T6 Plug-in Hybrid Inscription Expression AWD,Dealer,28199,2,89332,09-2021,1000,https://prod.pictures.autoscout24.net/listing-images/5fd0fb99-fb5e-4abe-9a67-42a519ceabad_7dde1c8f-c456-4d4b-81d4-ed463026f036.jpg/250x188.webp https://prod.pictures.autoscout24.net/listing-images/5fd0fb99-fb5e-4abe-9a67-42a519ceabad_7fccaf1f-6c68-4a40-8b6c-d3e34a5f19b5.png/250x188.webp https://prod.pictures.autoscout24.net/listing-images/5fd0fb99-fb5e-4abe-9a67-42a519ceabad_8a60a666-8910-4aee-9bdd-992e636a4687.jpg/250x188.webp https://prod.pictures.autoscout24.net/listing-images/5fd0fb99-fb5e-4abe-9a67-42a519ceabad_9f7811f5-091c-431a-900e-518f1f18d9be.jpg/250x188.webp https://prod.pictures.autoscout24.net/listing-images/5fd0fb99-fb5e-4abe-9a67-42a519ceabad_40e7beb1-aeb2-4e5a-8ef0-c50e2ace4d6d.jpg/250x188.webp https://prod.pictures.autoscout24.net/listing-images/5fd0fb99-fb5e-4abe-9a67-42a519ceabad_85aab8ae-a9fe-4cfe-a078-225d168f2bbe.jpg/250x188.webp https://prod.pictures.autoscout24.net/listing-images/5fd0fb99-fb5e-4abe-9a67-42a519ceabad_2abed510-3933-47f6-9699-f7db0b75079a.jpg/250x188.webp https://prod.pictures.autoscout24.net/listing-images/5fd0fb99-fb5e-4abe-9a67-42a519ceabad_e3178065-a706-4cda-9feb-7829cb90028d.jpg/250x188.webp https://prod.pictures.autoscout24.net/listing-images/5fd0fb99-fb5e-4abe-9a67-42a519ceabad_85844679-63fd-4bc7-87a9-d5e9dea42d7a.jpg/250x188.webp https://prod.pictures.autoscout24.net/listing-images/5fd0fb99-fb5e-4abe-9a67-42a519ceabad_9cb60330-d397-4bc8-9bbe-d0bd2bfe526b.png/250x188.webp https://prod.pictures.autoscout24.net/listing-images/5fd0fb99-fb5e-4abe-9a67-42a519ceabad_6716e27e-5eca-44a9-8c0e-8ccf723e1169.jpg/250x188.webp https://prod.pictures.autoscout24.net/listing-images/5fd0fb99-fb5e-4abe-9a67-42a519ceabad_5836158b-4fe2-4776-bbd7-9e943d603898.jpg/250x188.webp https://prod.pictures.autoscout24.net/listing-images/5fd0fb99-fb5e-4abe-9a67-42a519ceabad_f478aeb4-df0e-46d4-ac5c-ccb84525e10c.jpg/250x188.webp https://prod.pictures.autoscout24.net/listing-images/5fd0fb99-fb5e-4abe-9a67-42a519ceabad_de63682e-d24a-40c7-83eb-89d220f917c7.jpg/250x188.webp https://prod.pictures.autoscout24.net/listing-images/5fd0fb99-fb5e-4abe-9a67-42a519ceabad_0a7aa5bd-dd07-41a7-a959-7e868cda8cc9.jpg/250x188.webp https://prod.pictures.autoscout24.net/listing-images/5fd0fb99-fb5e-4abe-9a67-42a519ceabad_8c44cb0d-ad46-4adf-bcfb-8ad64ca39305.jpg/250x188.webp https://prod.pictures.autoscout24.net/listing-images/5fd0fb99-fb5e-4abe-9a67-42a519ceabad_44ba8b72-6d80-4386-a677-0b2c91ee77d8.jpg/250x188.webp https://prod.pictures.autoscout24.net/listing-images/5fd0fb99-fb5e-4abe-9a67-42a519ceabad_c3dc79b8-6c9f-4d93-9d26-8473466462fb.jpg/250x188.webp https://prod.pictures.autoscout24.net/listing-images/5fd0fb99-fb5e-4abe-9a67-42a519ceabad_8d6e879b-a906-43d9-9e11-0d1266f15526.jpg/250x188.webp https://prod.pictures.autoscout24.net/listing-images/5fd0fb99-fb5e-4abe-9a67-42a519ceabad_d9efdce6-0fcc-4dbf-bb88-54cfa9fedf12.jpg/250x188.webp https://prod.pictures.autoscout24.net/listing-images/5fd0fb99-fb5e-4abe-9a67-42a519ceabad_4ccff679-4373-4772-9277-2e3a808ac2dc.jpg/250x188.webp https://prod.pictures.autoscout24.net/listing-images/5fd0fb99-fb5e-4abe-9a67-42a519ceabad_736e367e-5727-4627-90c4-1e01c457f818.jpg/250x188.webp https://prod.pictures.autoscout24.net/listing-images/5fd0fb99-fb5e-4abe-9a67-42a519ceabad_5fbe2130-9729-46ce-8d01-0d3f56818c13.jpg/250x188.webp https://prod.pictures.autoscout24.net/listing-images/5fd0fb99-fb5e-4abe-9a67-42a519ceabad_81990a87-023b-49b5-b7f8-230d99bcadf0.jpg/250x188.webp https://prod.pictures.autoscout24.net/listing-images/5fd0fb99-fb5e-4abe-9a67-42a519ceabad_15eb542c-c389-4cbf-a369-eab45d84255b.jpg/250x188.webp https://prod.pictures.autoscout24.net/listing-images/5fd0fb99-fb5e-4abe-9a67-42a519ceabad_32e55a97-0743-40d9-b817-5d93a28c6a0e.jpg/250x188.webp https://prod.pictures.autoscout24.net/listing-images/5fd0fb99-fb5e-4abe-9a67-42a519ceabad_6c2139c6-8c77-456f-980c-c806b94e6776.jpg/250x188.webp https://prod.pictures.autoscout24.net/listing-images/5fd0fb99-fb5e-4abe-9a67-42a519ceabad_e6a0b53c-a17b-4a3b-81c1-43142a1d2444.jpg/250x188.webp https://prod.pictures.autoscout24.net/listing-images/5fd0fb99-fb5e-4abe-9a67-42a519ceabad_ae524092-02f4-4993-bdc7-d5af1c6f6172.jpg/250x188.webp https://prod.pictures.autoscout24.net/listing-images/5fd0fb99-fb5e-4abe-9a67-42a519ceabad_d4006eb0-7734-4188-abbe-df06776127ec.jpg/250x188.webp https://prod.pictures.autoscout24.net/listing-images/5fd0fb99-fb5e-4abe-9a67-42a519ceabad_a0c355af-ae5f-4858-9352-3933260f0c98.jpg/250x188.webp https://prod.pictures.autoscout24.net/listing-images/5fd0fb99-fb5e-4abe-9a67-42a519ceabad_82aba911-3e5f-4016-af1a-b95a6dfce03b.jpg/250x188.webp https://prod.pictures.autoscout24.net/listing-images/5fd0fb99-fb5e-4abe-9a67-42a519ceabad_017d26f9-fb61-45e2-8ded-52ce5c26fa31.jpg/250x188.webp https://prod.pictures.autoscout24.net/listing-images/5fd0fb99-fb5e-4abe-9a67-42a519ceabad_d9d08741-e3dc-47b3-a639-f08237e0f592.jpg/250x188.webp https://prod.pictures.autoscout24.net/listing-images/5fd0fb99-fb5e-4abe-9a67-42a519ceabad_a681086c-b203-48c8-ab94-ad561c48ec14.jpg/250x188.webp https://prod.pictures.autoscout24.net/listing-images/5fd0fb99-fb5e-4abe-9a67-42a519ceabad_91bb6826-166e-409f-90e4-b748992f9caf.jpg/250x188.webp,69.17270624549755,1636
8b14f786-988f-49fc-bc34-e7ddaa00f036,Volvo,XC60,2.0 B4 MHEV R-Design *Black Pack*,PrivateSeller,28250,b,115000,05-2021,4800,https://prod.pictures.autoscout24.net/listing-images/8b14f786-988f-49fc-bc34-e7ddaa00f036_8f7c94ad-96f6-4dd6-8b0e-8e875201a936.jpg/250x188.webp https://prod.pictures.autoscout24.net/listing-images/8b14f786-988f-49fc-bc34-e7ddaa00f036_87212cff-24bf-4f05-b23e-727076c4f6fe.jpg/250x188.webp https://prod.pictures.autoscout24.net/listing-images/8b14f786-988f-49fc-bc34-e7ddaa00f036_e9db5136-f0f5-439e-8073-b261dc64daef.jpg/250x188.webp https://prod.pictures.autoscout24.net/listing-images/8b14f786-988f-49fc-bc34-e7ddaa00f036_0baf0a95-ea57-4e14-a4db-f3910bd2240b.jpg/250x188.webp https://prod.pictures.autoscout24.net/listing-images/8b14f786-988f-49fc-bc34-e7ddaa00f036_54e06332-5001-444b-a86d-03e4a745da5f.jpg/250x188.webp https://prod.pictures.autoscout24.net/listing-images/8b14f786-988f-49fc-bc34-e7ddaa00f036_c4e69924-238b-4198-96fd-a1e1b017643a.jpg/250x188.webp https://prod.pictures.autoscout24.net/listing-images/8b14f786-988f-49fc-bc34-e7ddaa00f036_e152e17b-c7e7-49fa-9fbe-8213e826778e.jpg/250x188.webp https://prod.pictures.autoscout24.net/listing-images/8b14f786-988f-49fc-bc34-e7ddaa00f036_e75a73d7-73f2-4b56-a9e6-4183e43aa213.jpg/250x188.webp https://prod.pictures.autoscout24.net/listing-images/8b14f786-988f-49fc-bc34-e7ddaa00f036_adfb1bdc-3bc8-42ac-9e75-d5abba28f715.jpg/250x188.webp https://prod.pictures.autoscout24.net/listing-images/8b14f786-988f-49fc-bc34-e7ddaa00f036_035aa00b-08b5-439a-bc86-cb81f6f66f9b.jpg/250x188.webp https://prod.pictures.autoscout24.net/listing-images/8b14f786-988f-49fc-bc34-e7ddaa00f036_a1bb4138-a282-4e7c-9648-2b1eca312ae4.jpg/250x188.webp https://prod.pictures.autoscout24.net/listing-images/8b14f786-988f-49fc-bc34-e7ddaa00f036_c51ec4f8-6937-408c-9cc8-65b24615d034.jpg/250x188.webp https://prod.pictures.autoscout24.net/listing-images/8b14f786-988f-49fc-bc34-e7ddaa00f036_1e41b7a5-25c0-4eb6-9ce8-0b515b3a9ac2.jpg/250x188.webp https://prod.pictures.autoscout24.net/listing-images/8b14f786-988f-49fc-bc34-e7ddaa00f036_6c93fa30-f0de-406c-afe7-1d1f3662f783.jpg/250x188.webp https://prod.pictures.autoscout24.net/listing-images/8b14f786-988f-49fc-bc34-e7ddaa00f036_9b9ba07d-bd9c-4bb5-9121-13a5b29b988b.jpg/250x188.webp https://prod.pictures.autoscout24.net/listing-images/8b14f786-988f-49fc-bc34-e7ddaa00f036_084ee282-8739-42a7-98d0-dfa2ad67d4ff.jpg/250x188.webp https://prod.pictures.autoscout24.net/listing-images/8b14f786-988f-49fc-bc34-e7ddaa00f036_4157a9da-4efb-4711-9d4d-84ad316675f4.jpg/250x188.webp https://prod.pictures.autoscout24.net/listing-images/8b14f786-988f-49fc-bc34-e7ddaa00f036_72d76cc9-b303-41af-acc0-2aaba8765042.jpg/250x188.webp https://prod.pictures.autoscout24.net/listing-images/8b14f786-988f-49fc-bc34-e7ddaa00f036_e3bf83ec-c949-4ad8-b76f-40435f2f1e5d.jpg/250x188.webp https://prod.pictures.autoscout24.net/listing-images/8b14f786-988f-49fc-bc34-e7ddaa00f036_0ca422fa-f102-410c-9d7f-8738158f3466.jpg/250x188.webp,137.9758132326922,1759
f8cc4d1a-f5f5-4ce6-a636-0e265c938566,Volvo,XC40,Essential T2 Aut | Smartphone integratie | Getinte,Dealer,28250,b,58618,11-2023,8200,https://prod.pictures.autoscout24.net/listing-images/f8cc4d1a-f5f5-4ce6-a636-0e265c938566_d334335d-4104-43d0-966e-efa4e2028593.jpg/250x188.webp https://prod.pictures.autoscout24.net/listing-images/f8cc4d1a-f5f5-4ce6-a636-0e265c938566_e8956fdc-7f4d-4fb9-93da-5e4802d07250.jpg/250x188.webp https://prod.pictures.autoscout24.net/listing-images/f8cc4d1a-f5f5-4ce6-a636-0e265c938566_83907d76-1778-4033-a41e-87b4e9092eb5.jpg/250x188.webp https://prod.pictures.autoscout24.net/listing-images/f8cc4d1a-f5f5-4ce6-a636-0e265c938566_be21106e-2e47-4f6a-b992-f009cb2653c1.jpg/250x188.webp https://prod.pictures.autoscout24.net/listing-images/f8cc4d1a-f5f5-4ce6-a636-0e265c938566_53741ece-855c-42bb-894e-a469454ac573.jpg/250x188.webp https://prod.pictures.autoscout24.net/listing-images/f8cc4d1a-f5f5-4ce6-a636-0e265c938566_b95d355b-3d4f-4942-b6a5-03ad45c453d8.jpg/250x188.webp https://prod.pictures.autoscout24.net/listing-images/f8cc4d1a-f5f5-4ce6-a636-0e265c938566_3fe247ca-5fb3-45ca-977d-aacca13be632.jpg/250x188.webp https://prod.pictures.autoscout24.net/listing-images/f8cc4d1a-f5f5-4ce6-a636-0e265c938566_7688be95-9adf-4bfd-9a6e-8d19619f0c81.jpg/250x188.webp https://prod.pictures.autoscout24.net/listing-images/f8cc4d1a-f5f5-4ce6-a636-0e265c938566_41bf0d62-84cf-4e00-8b82-054653ea8bfe.jpg/250x188.webp https://prod.pictures.autoscout24.net/listing-images/f8cc4d1a-f5f5-4ce6-a636-0e265c938566_9651cdc5-0d8d-4347-a031-7c849b99fb65.jpg/250x188.webp https://prod.pictures.autoscout24.net/listing-images/f8cc4d1a-f5f5-4ce6-a636-0e265c938566_7f3fd1ee-b41e-4650-8595-d2c5b0233830.jpg/250x188.webp https://prod.pictures.autoscout24.net/listing-images/f8cc4d1a-f5f5-4ce6-a636-0e265c938566_a16a8bbc-ed5f-4ba8-9b70-66e095d15d98.jpg/250x188.webp https://prod.pictures.autoscout24.net/listing-images/f8cc4d1a-f5f5-4ce6-a636-0e265c938566_7ace421f-1292-410c-aa6a-c0634636b978.jpg/250x188.webp https://prod.pictures.autoscout24.net/listing-images/f8cc4d1a-f5f5-4ce6-a636-0e265c938566_7e79f5f7-9c84-4947-a828-34800c404c9c.jpg/250x188.webp https://prod.pictures.autoscout24.net/listing-images/f8cc4d1a-f5f5-4ce6-a636-0e265c938566_681b33ba-edfc-4739-8b1c-a394ec46e16f.jpg/250x188.webp https://prod.pictures.autoscout24.net/listing-images/f8cc4d1a-f5f5-4ce6-a636-0e265c938566_b8d84d98-b5fe-4db7-b26c-4895503028f9.jpg/250x188.webp https://prod.pictures.autoscout24.net/listing-images/f8cc4d1a-f5f5-4ce6-a636-0e265c938566_959aabd5-d78a-4cec-ab9b-64f7eed02951.jpg/250x188.webp,93.64953670807917,845
702fa033-ebcf-41db-b77f-0e5adc57a43d,Volvo,XC40,"XC40 Core, T2 Automaat Micro hybrid, Benzine",Dealer,28399,b,36722,12-2023,1300,https://prod.pictures.autoscout24.net/listing-images/702fa033-ebcf-41db-b77f-0e5adc57a43d_69be9c86-01ee-4851-be65-6dd3d761777a.jpg/250x188.webp https://prod.pictures.autoscout24.net/listing-images/702fa033-ebcf-41db-b77f-0e5adc57a43d_4f52cadf-aca4-43e5-9933-b6bb5921901d.jpg/250x188.webp https://prod.pictures.autoscout24.net/listing-images/702fa033-ebcf-41db-b77f-0e5adc57a43d_9ef97c03-6751-4db8-96ed-4f3cfe2f9297.jpg/250x188.webp https://prod.pictures.autoscout24.net/listing-images/702fa033-ebcf-41db-b77f-0e5adc57a43d_5c794e57-f4bf-4338-bf40-2d159696a96f.jpg/250x188.webp https://prod.pictures.autoscout24.net/listing-images/702fa033-ebcf-41db-b77f-0e5adc57a43d_1bb0f5e4-7ff1-48f0-b5cd-774765095108.jpg/250x188.webp https://prod.pictures.autoscout24.net/listing-images/702fa033-ebcf-41db-b77f-0e5adc57a43d_006116d4-dbc0-4b07-83e5-6080b734fb75.jpg/250x188.webp https://prod.pictures.autoscout24.net/listing-images/702fa033-ebcf-41db-b77f-0e5adc57a43d_ba0e7f90-1963-4623-98b5-704835a8b51a.jpg/250x188.webp https://prod.pictures.autoscout24.net/listing-images/702fa033-ebcf-41db-b77f-0e5adc57a43d_72d72856-873c-480f-b7d6-ebd5fca118c4.jpg/250x188.webp https://prod.pictures.autoscout24.net/listing-images/702fa033-ebcf-41db-b77f-0e5adc57a43d_fc518a16-a060-43a5-9ab3-8398e5cb2e7e.jpg/250x188.webp https://prod.pictures.autoscout24.net/listing-images/702fa033-ebcf-41db-b77f-0e5adc57a43d_583b0b9a-cd32-4e7c-aba2-8b50ed006070.jpg/250x188.webp https://prod.pictures.autoscout24.net/listing-images/702fa033-ebcf-41db-b77f-0e5adc57a43d_dfa44bcb-33ec-4a40-a2a9-092ed32c9e14.jpg/250x188.webp https://prod.pictures.autoscout24.net/listing-images/702fa033-ebcf-41db-b77f-0e5adc57a43d_e5e5532d-0d61-4090-9d6c-09a8d0b044b9.jpg/250x188.webp https://prod.pictures.autoscout24.net/listing-images/702fa033-ebcf-41db-b77f-0e5adc57a43d_3e052250-f473-4c4b-92d4-eccbe837c0e9.jpg/250x188.webp https://prod.pictures.autoscout24.net/listing-images/702fa033-ebcf-41db-b77f-0e5adc57a43d_0ccd7e47-dfb5-4c2f-9573-241e2d7306b2.jpg/250x188.webp https://prod.pictures.autoscout24.net/listing-images/702fa033-ebcf-41db-b77f-0e5adc57a43d_d770c8dc-ce87-4d77-8fd0-4527e2cf9d92.jpg/250x188.webp https://prod.pictures.autoscout24.net/listing-images/702fa033-ebcf-41db-b77f-0e5adc57a43d_571aa5f2-d3aa-4f39-a356-431fd7366da0.jpg/250x188.webp https://prod.pictures.autoscout24.net/listing-images/702fa033-ebcf-41db-b77f-0e5adc57a43d_164150ab-8c86-4379-88a9-4408af7bccb0.jpg/250x188.webp https://prod.pictures.autoscout24.net/listing-images/702fa033-ebcf-41db-b77f-0e5adc57a43d_385ad0e7-29d2-4b1c-b4f7-449a43893641.jpg/250x188.webp https://prod.pictures.autoscout24.net/listing-images/702fa033-ebcf-41db-b77f-0e5adc57a43d_ac6271ba-8e2a-4754-9e03-d88d0309f534.jpg/250x188.webp https://prod.pictures.autoscout24.net/listing-images/702fa033-ebcf-41db-b77f-0e5adc57a43d_6e49d101-ec75-4260-98ad-ce87729a83c6.jpg/250x188.webp https://prod.pictures.autoscout24.net/listing-images/702fa033-ebcf-41db-b77f-0e5adc57a43d_daaf602c-63be-46c1-a37d-ac24dd64bcf7.jpg/250x188.webp https://prod.pictures.autoscout24.net/listing-images/702fa033-ebcf-41db-b77f-0e5adc57a43d_703ba75b-a4ce-405a-8bdf-f1498b23e512.jpg/250x188.webp,85.12897915734546,815
932df409-46af-4890-b01d-3023f4339687,Volvo,XC40,1.5 T4 Recharge Plug-in Hybrid Core 2WD,Dealer,28399,2,67777,01-2023,1000,https://prod.pictures.autoscout24.net/listing-images/932df409-46af-4890-b01d-3023f4339687_fa122cf4-8924-445f-b071-1863f2d473bb.jpg/250x188.webp https://prod.pictures.autoscout24.net/listing-images/932df409-46af-4890-b01d-3023f4339687_ccb1ba9d-2b03-4dde-8529-4f14f49e87d2.png/250x188.webp https://prod.pictures.autoscout24.net/listing-images/932df409-46af-4890-b01d-3023f4339687_8c04e07b-1778-4080-93ec-8cc400c3be7d.jpg/250x188.webp https://prod.pictures.autoscout24.net/listing-images/932df409-46af-4890-b01d-3023f4339687_8ba495aa-d8f3-4348-b441-53aa9c981fa7.jpg/250x188.webp https://prod.pictures.autoscout24.net/listing-images/932df409-46af-4890-b01d-3023f4339687_e2af1a31-4458-4d74-9db7-366ff8237e04.jpg/250x188.webp https://prod.pictures.autoscout24.net/listing-images/932df409-46af-4890-b01d-3023f4339687_00ff2ae0-6ad6-4079-934b-d68765ead827.jpg/250x188.webp https://prod.pictures.autoscout24.net/listing-images/932df409-46af-4890-b01d-3023f4339687_b7e069a0-a0dd-4d67-b758-adee2ad71fa9.jpg/250x188.webp https://prod.pictures.autoscout24.net/listing-images/932df409-46af-4890-b01d-3023f4339687_d98cefa2-8017-4bae-b58c-a23d78b93827.jpg/250x188.webp https://prod.pictures.autoscout24.net/listing-images/932df409-46af-4890-b01d-3023f4339687_8c65fa70-c54e-4abc-bb39-0ab19156e272.jpg/250x188.webp https://prod.pictures.autoscout24.net/listing-images/932df409-46af-4890-b01d-3023f4339687_fe1a3532-d26b-46c5-88a2-dde42d1398ea.jpg/250x188.webp https://prod.pictures.autoscout24.net/listing-images/932df409-46af-4890-b01d-3023f4339687_84d37f0a-fdc8-4f27-afa4-29fe51767ab2.jpg/250x188.webp https://prod.pictures.autoscout24.net/listing-images/932df409-46af-4890-b01d-3023f4339687_26ce83cf-23ec-4aa2-9b46-a7c67f912011.jpg/250x188.webp https://prod.pictures.autoscout24.net/listing-images/932df409-46af-4890-b01d-3023f4339687_121a6e6c-bd0a-4bab-a297-7e332a65e566.jpg/250x188.webp https://prod.pictures.autoscout24.net/listing-images/932df409-46af-4890-b01d-3023f4339687_e5712ebb-aabe-4aa0-9e49-9e7766892471.jpg/250x188.webp https://prod.pictures.autoscout24.net/listing-images/932df409-46af-4890-b01d-3023f4339687_acdb87f5-5a2f-4add-a045-096d2a6e3b59.jpg/250x188.webp https://prod.pictures.autoscout24.net/listing-images/932df409-46af-4890-b01d-3023f4339687_4949e768-82f3-40c2-989f-9464970dcef4.jpg/250x188.webp https://prod.pictures.autoscout24.net/listing-images/932df409-46af-4890-b01d-3023f4339687_9bc4a7dd-e45c-48d9-9ff8-ede067ccd7c2.jpg/250x188.webp https://prod.pictures.autoscout24.net/listing-images/932df409-46af-4890-b01d-3023f4339687_acb4ebb2-a2af-4aa5-bea6-da375b21d77f.png/250x188.webp https://prod.pictures.autoscout24.net/listing-images/932df409-46af-4890-b01d-3023f4339687_a0b0a758-5b17-4aab-9c3e-b5843a767b3c.jpg/250x188.webp https://prod.pictures.autoscout24.net/listing-images/932df409-46af-4890-b01d-3023f4339687_7008e699-80aa-44a0-93ab-907dce126cf4.jpg/250x188.webp https://prod.pictures.autoscout24.net/listing-images/932df409-46af-4890-b01d-3023f4339687_5bc1a803-e8b0-4c6f-9267-cf49c09e35b5.jpg/250x188.webp https://prod.pictures.autoscout24.net/listing-images/932df409-46af-4890-b01d-3023f4339687_b036f72e-4745-4d17-a060-e6906bada113.jpg/250x188.webp https://prod.pictures.autoscout24.net/listing-images/932df409-46af-4890-b01d-3023f4339687_e6467fae-be77-465f-b3c8-2edaaac7afea.jpg/250x188.webp https://prod.pictures.autoscout24.net/listing-images/932df409-46af-4890-b01d-3023f4339687_94e635b5-2f4e-4898-8633-97da83fa1b28.jpg/250x188.webp https://prod.pictures.autoscout24.net/listing-images/932df409-46af-4890-b01d-3023f4339687_b7e6e504-d010-41a3-9e91-d4e1c16086ac.jpg/250x188.webp https://prod.pictures.autoscout24.net/listing-images/932df409-46af-4890-b01d-3023f4339687_bb66f482-c5c1-4601-b973-ec8a68ea7480.jpg/250x188.webp https://prod.pictures.autoscout24.net/listing-images/932df409-46af-4890-b01d-3023f4339687_156d3418-50e1-4b8f-b971-4df3b8727081.jpg/250x188.webp https://prod.pictures.autoscout24.net/listing-images/932df409-46af-4890-b01d-3023f4339687_c2f34aa9-abbe-45d7-8815-8f16e2f53414.jpg/250x188.webp https://prod.pictures.autoscout24.net/listing-images/932df409-46af-4890-b01d-3023f4339687_d18f1714-42c7-4425-b108-b82e62eacb42.jpg/250x188.webp https://prod.pictures.autoscout24.net/listing-images/932df409-46af-4890-b01d-3023f4339687_b60e75ab-a29b-4d32-81c3-2747d9f3609b.jpg/250x188.webp,69.17270624549755,1149
e012d4b8-d610-40c2-8e24-de70d86dcb15,Volvo,XC40,R-Design T5 Hybride | Pano dak | 360° Camera | Har,Dealer,28450,2,97441,04-2021,8630,https://prod.pictures.autoscout24.net/listing-images/e012d4b8-d610-40c2-8e24-de70d86dcb15_2945e2ac-8e35-40cf-9bb8-ad1208a21eab.jpg/250x188.webp,132.99037552849632,1789
0bf296ae-726c-4970-a518-3735274ae48b,Volvo,XC40,1.5 T4 Recharge Geartr. Inscription LEDER/CUIR LED,Dealer,28490,2,84158,10-2021,2630,https://prod.pictures.autoscout24.net/listing-images/0bf296ae-726c-4970-a518-3735274ae48b_591a4de9-8dc7-444c-a450-788a5e03d633.jpg/250x188.webp https://prod.pictures.autoscout24.net/listing-images/0bf296ae-726c-4970-a518-3735274ae48b_5501a40b-586d-41dc-9b6b-f4bd389ebf29.jpg/250x188.webp https://prod.pictures.autoscout24.net/listing-images/0bf296ae-726c-4970-a518-3735274ae48b_01b5ec57-7027-4016-b435-1d1e831a6eb0.jpg/250x188.webp https://prod.pictures.autoscout24.net/listing-images/0bf296ae-726c-4970-a518-3735274ae48b_36decfec-cf21-4f57-8b82-ab1da40aa8b5.jpg/250x188.webp https://prod.pictures.autoscout24.net/listing-images/0bf296ae-726c-4970-a518-3735274ae48b_be846de5-5a41-431c-8d5c-a2931f4ac409.jpg/250x188.webp https://prod.pictures.autoscout24.net/listing-images/0bf296ae-726c-4970-a518-3735274ae48b_d8232405-4290-4e62-b8e2-785675907c04.jpg/250x188.webp https://prod.pictures.autoscout24.net/listing-images/0bf296ae-726c-4970-a518-3735274ae48b_4fbf9f5f-0007-432e-a38b-0a0a5eb6028a.jpg/250x188.webp https://prod.pictures.autoscout24.net/listing-images/0bf296ae-726c-4970-a518-3735274ae48b_a0925917-8bee-458f-a396-9d83b7715808.jpg/250x188.webp https://prod.pictures.autoscout24.net/listing-images/0bf296ae-726c-4970-a518-3735274ae48b_f585d24e-cdf1-4821-a958-7466486e0e2b.jpg/250x188.webp https://prod.pictures.autoscout24.net/listing-images/0bf296ae-726c-4970-a518-3735274ae48b_7c059eb5-9989-4b58-9036-77569b6bee20.jpg/250x188.webp https://prod.pictures.autoscout24.net/listing-images/0bf296ae-726c-4970-a518-3735274ae48b_6433ba27-92d5-4914-9d5a-d37109c6b691.jpg/250x188.webp https://prod.pictures.autoscout24.net/listing-images/0bf296ae-726c-4970-a518-3735274ae48b_f98d8719-8aa1-488d-b44c-2a07576529ab.jpg/250x188.webp https://prod.pictures.autoscout24.net/listing-images/0bf296ae-726c-4970-a518-3735274ae48b_5f542aee-28e4-4638-94e4-986d68fafae9.jpg/250x188.webp https://prod.pictures.autoscout24.net/listing-images/0bf296ae-726c-4970-a518-3735274ae48b_dc14e63b-0d51-4b8a-bd2e-174b0e51a801.jpg/250x188.webp https://prod.pictures.autoscout24.net/listing-images/0bf296ae-726c-4970-a518-3735274ae48b_f8699239-8aba-400e-9ebc-3b5688cde1a3.jpg/250x188.webp https://prod.pictures.autoscout24.net/listing-images/0bf296ae-726c-4970-a518-3735274ae48b_9fc75a41-8b5f-4ad2-8d40-cc5a7703d586.jpg/250x188.webp https://prod.pictures.autoscout24.net/listing-images/0bf296ae-726c-4970-a518-3735274ae48b_ba454972-8e7f-43e4-81f9-aed4000ddf80.jpg/250x188.webp https://prod.pictures.autoscout24.net/listing-images/0bf296ae-726c-4970-a518-3735274ae48b_2704308f-0f82-431f-8ba3-e5cfd52e6b9c.jpg/250x188.webp https://prod.pictures.autoscout24.net/listing-images/0bf296ae-726c-4970-a518-3735274ae48b_e7a6f4df-6bba-4661-8c9e-582f6d87438d.jpg/250x188.webp https://prod.pictures.autoscout24.net/listing-images/0bf296ae-726c-4970-a518-3735274ae48b_82349651-452a-4f5f-8be3-603a2ea63a66.jpg/250x188.webp https://prod.pictures.autoscout24.net/listing-images/0bf296ae-726c-4970-a518-3735274ae48b_3ff2e540-4bc8-4630-8bcf-a77d41f95ba1.jpg/250x188.webp https://prod.pictures.autoscout24.net/listing-images/0bf296ae-726c-4970-a518-3735274ae48b_898f9085-8119-4279-a495-e5b2cfbb6512.jpg/250x188.webp https://prod.pictures.autoscout24.net/listing-images/0bf296ae-726c-4970-a518-3735274ae48b_5b6a23ec-4648-4985-aacd-77904cdb7290.jpg/250x188.webp https://prod.pictures.autoscout24.net/listing-images/0bf296ae-726c-4970-a518-3735274ae48b_467ba0e7-9880-4cc7-91fd-beefed66f2f2.jpg/250x188.webp https://prod.pictures.autoscout24.net/listing-images/0bf296ae-726c-4970-a518-3735274ae48b_e30226a3-991c-4a71-bbb8-db4f551eef24.jpg/250x188.webp https://prod.pictures.autoscout24.net/listing-images/0bf296ae-726c-4970-a518-3735274ae48b_f0a09ffe-67bb-4401-ae94-6f52a98e9fab.jpg/250x188.webp https://prod.pictures.autoscout24.net/listing-images/0bf296ae-726c-4970-a518-3735274ae48b_826f1eaa-090f-406f-9851-c952642efe7f.jpg/250x188.webp https://prod.pictures.autoscout24.net/listing-images/0bf296ae-726c-4970-a518-3735274ae48b_014e5795-d91f-442a-aa2f-3ef0e50f4edb.jpg/250x188.webp,37.55427282853161,1606
7d8bd25d-5f10-4235-9301-a442411f76ca,Volvo,XC40,1.5 T2 Plus Dark Design /HARMAN KARDON/ GAR 12MOIS,Dealer,28490,b,27283,03-2024,1160,https://prod.pictures.autoscout24.net/listing-images/7d8bd25d-5f10-4235-9301-a442411f76ca_f79ba8d8-e3c9-4f21-88b4-ebecfa19af4b.jpg/250x188.webp https://prod.pictures.autoscout24.net/listing-images/7d8bd25d-5f10-4235-9301-a442411f76ca_aed72a25-0d1d-4bef-85c6-ee54bcdfc220.jpg/250x188.webp https://prod.pictures.autoscout24.net/listing-images/7d8bd25d-5f10-4235-9301-a442411f76ca_4e9a2bc3-42f1-4883-9ace-5f78cc009be5.jpg/250x188.webp https://prod.pictures.autoscout24.net/listing-images/7d8bd25d-5f10-4235-9301-a442411f76ca_9bf24e8e-aa8c-4af9-ad64-2386fb2cd401.jpg/250x188.webp https://prod.pictures.autoscout24.net/listing-images/7d8bd25d-5f10-4235-9301-a442411f76ca_fab88e1c-3377-4acc-bc58-e50f558e8ee3.jpg/250x188.webp https://prod.pictures.autoscout24.net/listing-images/7d8bd25d-5f10-4235-9301-a442411f76ca_84584621-2d6b-4fa7-91ab-6d7d42eeb666.jpg/250x188.webp https://prod.pictures.autoscout24.net/listing-images/7d8bd25d-5f10-4235-9301-a442411f76ca_917a3644-27f1-4706-8c28-55d9c4bbf824.jpg/250x188.webp https://prod.pictures.autoscout24.net/listing-images/7d8bd25d-5f10-4235-9301-a442411f76ca_50fa2e0f-6a41-4c42-aeac-de8b9448922b.jpg/250x188.webp https://prod.pictures.autoscout24.net/listing-images/7d8bd25d-5f10-4235-9301-a442411f76ca_89fba4cf-0e99-4587-91bc-0d5917b83868.jpg/250x188.webp https://prod.pictures.autoscout24.net/listing-images/7d8bd25d-5f10-4235-9301-a442411f76ca_aa774848-27a1-4c06-9c1a-fa42596c408b.jpg/250x188.webp https://prod.pictures.autoscout24.net/listing-images/7d8bd25d-5f10-4235-9301-a442411f76ca_983644d0-06a8-4044-8695-4f4a2a978ade.jpg/250x188.webp https://prod.pictures.autoscout24.net/listing-images/7d8bd25d-5f10-4235-9301-a442411f76ca_f99ddaaa-4541-45be-a337-843dca8ddc04.jpg/250x188.webp https://prod.pictures.autoscout24.net/listing-images/7d8bd25d-5f10-4235-9301-a442411f76ca_ca442c68-cfd5-44e4-9bbf-e77e92589eee.jpg/250x188.webp https://prod.pictures.autoscout24.net/listing-images/7d8bd25d-5f10-4235-9301-a442411f76ca_ed2baabd-5c15-4e02-abee-cbffc94dfe0c.jpg/250x188.webp https://prod.pictures.autoscout24.net/listing-images/7d8bd25d-5f10-4235-9301-a442411f76ca_5ba89ff0-5624-4015-8c9c-361bbaeade52.jpg/250x188.webp https://prod.pictures.autoscout24.net/listing-images/7d8bd25d-5f10-4235-9301-a442411f76ca_dd85d129-1010-4932-b972-41d527af500b.jpg/250x188.webp https://prod.pictures.autoscout24.net/listing-images/7d8bd25d-5f10-4235-9301-a442411f76ca_e6620b31-399e-4719-8b61-6ce9d2b94c0e.jpg/250x188.webp https://prod.pictures.autoscout24.net/listing-images/7d8bd25d-5f10-4235-9301-a442411f76ca_d694472e-2712-4a8f-b54e-6d48fc52f02a.jpg/250x188.webp https://prod.pictures.autoscout24.net/listing-images/7d8bd25d-5f10-4235-9301-a442411f76ca_68305066-c597-41db-8e1a-a82633654fe3.jpg/250x188.webp https://prod.pictures.autoscout24.net/listing-images/7d8bd25d-5f10-4235-9301-a442411f76ca_f3a0b6be-6d99-495e-8ffe-9ff1641faa78.jpg/250x188.webp https://prod.pictures.autoscout24.net/listing-images/7d8bd25d-5f10-4235-9301-a442411f76ca_a618bea7-5533-4820-bb64-6332be436c52.jpg/250x188.webp https://prod.pictures.autoscout24.net/listing-images/7d8bd25d-5f10-4235-9301-a442411f76ca_1299aa93-e9b7-47ed-8ba7-da61568bac42.jpg/250x188.webp https://prod.pictures.autoscout24.net/listing-images/7d8bd25d-5f10-4235-9301-a442411f76ca_b9fbd51f-bc38-45ac-9717-aeb7ff88035e.jpg/250x188.webp https://prod.pictures.autoscout24.net/listing-images/7d8bd25d-5f10-4235-9301-a442411f76ca_f4f96bad-490f-4321-8094-27342678196c.jpg/250x188.webp https://prod.pictures.autoscout24.net/listing-images/7d8bd25d-5f10-4235-9301-a442411f76ca_ed1f3a93-1b2b-4dd2-88b2-b72fbc3f721e.jpg/250x188.webp https://prod.pictures.autoscout24.net/listing-images/7d8bd25d-5f10-4235-9301-a442411f76ca_637096cd-2ab5-4e2c-9a68-b789ec20f6db.jpg/250x188.webp https://prod.pictures.autoscout24.net/listing-images/7d8bd25d-5f10-4235-9301-a442411f76ca_2cd8d628-7684-4541-9052-6eba9bca7614.jpg/250x188.webp https://prod.pictures.autoscout24.net/listing-images/7d8bd25d-5f10-4235-9301-a442411f76ca_1c189311-61a8-47f0-a831-282887dfc548.jpg/250x188.webp https://prod.pictures.autoscout24.net/listing-images/7d8bd25d-5f10-4235-9301-a442411f76ca_24216875-b58d-471b-9139-596c0ee15389.jpg/250x188.webp https://prod.pictures.autoscout24.net/listing-images/7d8bd25d-5f10-4235-9301-a442411f76ca_8ba478ac-b469-40bf-878f-f4d8a7594f83.jpg/250x188.webp,72.45305351002509,724
9d975d73-841a-4254-931b-4c69b7a5b1d0,Volvo,V90,2.0 T6 Recharge Geartr. Inscription LEDER/CUIR LED,Dealer,28490,2,99059,08-2021,2630,https://prod.pictures.autoscout24.net/listing-images/9d975d73-841a-4254-931b-4c69b7a5b1d0_987e2a61-bc1d-4624-9ea3-c4bcfd31b7b6.jpg/250x188.webp https://prod.pictures.autoscout24.net/listing-images/9d975d73-841a-4254-931b-4c69b7a5b1d0_90717146-682b-40d0-9854-575543d82ae9.jpg/250x188.webp https://prod.pictures.autoscout24.net/listing-images/9d975d73-841a-4254-931b-4c69b7a5b1d0_2264c908-0d32-4a76-aa54-a7f7bb168f6d.jpg/250x188.webp https://prod.pictures.autoscout24.net/listing-images/9d975d73-841a-4254-931b-4c69b7a5b1d0_24c3e395-bf42-4912-a3ff-cf74f94acae6.jpg/250x188.webp https://prod.pictures.autoscout24.net/listing-images/9d975d73-841a-4254-931b-4c69b7a5b1d0_be28f500-9384-42f3-8492-7fd346580033.jpg/250x188.webp https://prod.pictures.autoscout24.net/listing-images/9d975d73-841a-4254-931b-4c69b7a5b1d0_eb1e4902-3c08-4966-ab4f-b82093d7a67d.jpg/250x188.webp https://prod.pictures.autoscout24.net/listing-images/9d975d73-841a-4254-931b-4c69b7a5b1d0_a5f69dcb-13a6-4d4f-a813-2aecd872bd7d.jpg/250x188.webp https://prod.pictures.autoscout24.net/listing-images/9d975d73-841a-4254-931b-4c69b7a5b1d0_1304a396-aa1b-4e17-93e3-de01ef8f794d.jpg/250x188.webp https://prod.pictures.autoscout24.net/listing-images/9d975d73-841a-4254-931b-4c69b7a5b1d0_8987c042-cb47-4c54-9336-1ebe2f648db9.jpg/250x188.webp https://prod.pictures.autoscout24.net/listing-images/9d975d73-841a-4254-931b-4c69b7a5b1d0_aa9d38f9-4440-4b1c-965b-d5596fa9d5ef.jpg/250x188.webp https://prod.pictures.autoscout24.net/listing-images/9d975d73-841a-4254-931b-4c69b7a5b1d0_db4f810b-5d33-4ce6-85e3-7fbe29ddad45.jpg/250x188.webp https://prod.pictures.autoscout24.net/listing-images/9d975d73-841a-4254-931b-4c69b7a5b1d0_ddf1c011-c90e-42ca-9938-407799d75e83.jpg/250x188.webp https://prod.pictures.autoscout24.net/listing-images/9d975d73-841a-4254-931b-4c69b7a5b1d0_3862c8c5-29da-4d4d-83ee-8eef9781f824.jpg/250x188.webp https://prod.pictures.autoscout24.net/listing-images/9d975d73-841a-4254-931b-4c69b7a5b1d0_530a0e14-9582-4397-b0b8-cd267fcec291.jpg/250x188.webp https://prod.pictures.autoscout24.net/listing-images/9d975d73-841a-4254-931b-4c69b7a5b1d0_3c6dc24e-b57d-4452-b988-c06ffc96fbfa.jpg/250x188.webp https://prod.pictures.autoscout24.net/listing-images/9d975d73-841a-4254-931b-4c69b7a5b1d0_0ec103fc-8f31-42c2-83c9-db0886411cb3.jpg/250x188.webp https://prod.pictures.autoscout24.net/listing-images/9d975d73-841a-4254-931b-4c69b7a5b1d0_48e66226-2af9-4730-a4ab-a97cd1dee748.jpg/250x188.webp https://prod.pictures.autoscout24.net/listing-images/9d975d73-841a-4254-931b-4c69b7a5b1d0_70c3c26d-1187-4ed0-b2bb-da79b513bafc.jpg/250x188.webp https://prod.pictures.autoscout24.net/listing-images/9d975d73-841a-4254-931b-4c69b7a5b1d0_fdfc6227-7bae-48a8-b43f-8c18bc4ac7ed.jpg/250x188.webp https://prod.pictures.autoscout24.net/listing-images/9d975d73-841a-4254-931b-4c69b7a5b1d0_ef16e7c3-ba6c-4941-ba52-d7eae45883b4.jpg/250x188.webp https://prod.pictures.autoscout24.net/listing-images/9d975d73-841a-4254-931b-4c69b7a5b1d0_53ccd936-c7dc-4206-b839-1e8265ed9f27.jpg/250x188.webp https://prod.pictures.autoscout24.net/listing-images/9d975d73-841a-4254-931b-4c69b7a5b1d0_7975fa96-41c5-4ada-934f-7b154dc316d6.jpg/250x188.webp https://prod.pictures.autoscout24.net/listing-images/9d975d73-841a-4254-931b-4c69b7a5b1d0_c2fc9997-92fb-4676-ae0b-e2df5b28d6b6.jpg/250x188.webp https://prod.pictures.autoscout24.net/listing-images/9d975d73-841a-4254-931b-4c69b7a5b1d0_bdebe8a6-5b06-49fb-a2b3-a4420a2486aa.jpg/250x188.webp https://prod.pictures.autoscout24.net/listing-images/9d975d73-841a-4254-931b-4c69b7a5b1d0_3f035c11-84c4-4e85-af08-593c3da83fb3.jpg/250x188.webp https://prod.pictures.autoscout24.net/listing-images/9d975d73-841a-4254-931b-4c69b7a5b1d0_5b6773ba-153e-426a-bcd2-573542e44395.jpg/250x188.webp https://prod.pictures.autoscout24.net/listing-images/9d975d73-841a-4254-931b-4c69b7a5b1d0_33f77a05-e9f1-4621-b4af-ae412e566c2e.jpg/250x188.webp https://prod.pictures.autoscout24.net/listing-images/9d975d73-841a-4254-931b-4c69b7a5b1d0_37f69366-f939-4f19-a38b-4a0c724c7764.jpg/250x188.webp https://prod.pictures.autoscout24.net/listing-images/9d975d73-841a-4254-931b-4c69b7a5b1d0_d2608d8c-86eb-482c-8aca-7c8a89ebbae0.jpg/250x188.webp https://prod.pictures.autoscout24.net/listing-images/9d975d73-841a-4254-931b-4c69b7a5b1d0_beddda7c-ba1e-447a-8ce8-55d74e574881.jpg/250x188.webp https://prod.pictures.autoscout24.net/listing-images/9d975d73-841a-4254-931b-4c69b7a5b1d0_8b1cf65f-11d6-4cc3-8735-eef815279aee.jpg/250x188.webp https://prod.pictures.autoscout24.net/listing-images/9d975d73-841a-4254-931b-4c69b7a5b1d0_42067c53-bd84-475d-a0fd-ad857851237e.jpg/250x188.webp https://prod.pictures.autoscout24.net/listing-images/9d975d73-841a-4254-931b-4c69b7a5b1d0_8e42e088-a673-4052-bbfd-072be0bf0d6f.jpg/250x188.webp https://prod.pictures.autoscout24.net/listing-images/9d975d73-841a-4254-931b-4c69b7a5b1d0_acb7b03e-b56a-41f5-baf7-8267740b769b.jpg/250x188.webp https://prod.pictures.autoscout24.net/listing-images/9d975d73-841a-4254-931b-4c69b7a5b1d0_45e71d7c-8266-472b-b747-b272580df707.jpg/250x188.webp,37.55427282853161,1667
2c713cb7-9160-41e6-86eb-f36955d858ca,Volvo,XC40,1.5 T4 Phev Inscription GPS Camera Dig.Airco Alu,Dealer,28490,2,73432,08-2022,3390,https://prod.pictures.autoscout24.net/listing-images/2c713cb7-9160-41e6-86eb-f36955d858ca_36c9693a-e029-44c7-a4e9-fc09e49efcdd.jpg/250x188.webp https://prod.pictures.autoscout24.net/listing-images/2c713cb7-9160-41e6-86eb-f36955d858ca_768118b1-dade-4717-bbe9-35d3d93c37d8.jpg/250x188.webp https://prod.pictures.autoscout24.net/listing-images/2c713cb7-9160-41e6-86eb-f36955d858ca_0799b83c-5551-415c-a719-43cc332b3196.jpg/250x188.webp https://prod.pictures.autoscout24.net/listing-images/2c713cb7-9160-41e6-86eb-f36955d858ca_b196c5d8-a9ce-47f7-884f-33566e1df1e7.jpg/250x188.webp https://prod.pictures.autoscout24.net/listing-images/2c713cb7-9160-41e6-86eb-f36955d858ca_acd009c0-4936-46d5-9446-8f8c26340834.jpg/250x188.webp https://prod.pictures.autoscout24.net/listing-images/2c713cb7-9160-41e6-86eb-f36955d858ca_bd1c2131-592d-4fb6-874d-1ccd3c95d0b6.jpg/250x188.webp https://prod.pictures.autoscout24.net/listing-images/2c713cb7-9160-41e6-86eb-f36955d858ca_f82a913c-3ae1-474d-a147-84b9edde08cf.jpg/250x188.webp https://prod.pictures.autoscout24.net/listing-images/2c713cb7-9160-41e6-86eb-f36955d858ca_fcf7877a-300b-4359-bcbb-aea26b692769.jpg/250x188.webp https://prod.pictures.autoscout24.net/listing-images/2c713cb7-9160-41e6-86eb-f36955d858ca_fa75ab3b-eae8-46fd-ab3d-a747d1db2d1f.jpg/250x188.webp https://prod.pictures.autoscout24.net/listing-images/2c713cb7-9160-41e6-86eb-f36955d858ca_6ef95105-8044-4331-88f1-21f05168a00d.jpg/250x188.webp https://prod.pictures.autoscout24.net/listing-images/2c713cb7-9160-41e6-86eb-f36955d858ca_4ab11799-d696-4f1d-93e4-47a4da7791ee.jpg/250x188.webp https://prod.pictures.autoscout24.net/listing-images/2c713cb7-9160-41e6-86eb-f36955d858ca_b4e8e392-9957-4d05-8bbb-32b48d5fc0fb.jpg/250x188.webp https://prod.pictures.autoscout24.net/listing-images/2c713cb7-9160-41e6-86eb-f36955d858ca_ffd4edff-e599-40b5-acdf-a6c1955d4243.jpg/250x188.webp https://prod.pictures.autoscout24.net/listing-images/2c713cb7-9160-41e6-86eb-f36955d858ca_f4ebb923-5472-4947-b04d-14137cf376a5.jpg/250x188.webp https://prod.pictures.autoscout24.net/listing-images/2c713cb7-9160-41e6-86eb-f36955d858ca_2e17f14d-dcb3-4618-9a8e-5d113369cb30.jpg/250x188.webp https://prod.pictures.autoscout24.net/listing-images/2c713cb7-9160-41e6-86eb-f36955d858ca_de26d21b-9444-4ea1-b6cf-e30fe5f6ec97.jpg/250x188.webp https://prod.pictures.autoscout24.net/listing-images/2c713cb7-9160-41e6-86eb-f36955d858ca_b8933e31-9fc6-4829-b1d8-d53e8dfe2ecf.jpg/250x188.webp https://prod.pictures.autoscout24.net/listing-images/2c713cb7-9160-41e6-86eb-f36955d858ca_dab9d9ef-c5cb-417d-a94d-4b473f95f220.jpg/250x188.webp,66.90099289806504,1302
218da013-c50f-463c-b4d8-1d9c93a191d8,Volvo,V60,R-Design//PLUG IN HYBRID//CUIR AUTOMATIQUE FULL T6,Dealer,28490,2,78131,10-2020,6200,https://prod.pictures.autoscout24.net/listing-images/218da013-c50f-463c-b4d8-1d9c93a191d8_356d6af6-3c65-4f0e-8b55-bfdfaf08ca00.jpg/250x188.webp https://prod.pictures.autoscout24.net/listing-images/218da013-c50f-463c-b4d8-1d9c93a191d8_e0434b64-2d2d-42ab-91ff-8585b46a426b.jpg/250x188.webp https://prod.pictures.autoscout24.net/listing-images/218da013-c50f-463c-b4d8-1d9c93a191d8_e707df59-5ca5-47fd-ac81-0b8d149125e6.jpg/250x188.webp https://prod.pictures.autoscout24.net/listing-images/218da013-c50f-463c-b4d8-1d9c93a191d8_985203c7-1d3b-4d0f-a55f-17048bd230fb.jpg/250x188.webp https://prod.pictures.autoscout24.net/listing-images/218da013-c50f-463c-b4d8-1d9c93a191d8_c1c8c542-7608-4b51-b286-f9aeb34ada8f.jpg/250x188.webp https://prod.pictures.autoscout24.net/listing-images/218da013-c50f-463c-b4d8-1d9c93a191d8_ec8bff26-d04d-4846-811f-029b39cbfd5d.jpg/250x188.webp https://prod.pictures.autoscout24.net/listing-images/218da013-c50f-463c-b4d8-1d9c93a191d8_5ae0f015-533f-46a1-bc81-65f994e0737f.jpg/250x188.webp https://prod.pictures.autoscout24.net/listing-images/218da013-c50f-463c-b4d8-1d9c93a191d8_cc1aaae0-f993-472e-9bbb-54da9b8e4ce8.jpg/250x188.webp https://prod.pictures.autoscout24.net/listing-images/218da013-c50f-463c-b4d8-1d9c93a191d8_2b4903fc-4df1-4f06-bd12-e23c392d69ea.jpg/250x188.webp https://prod.pictures.autoscout24.net/listing-images/218da013-c50f-463c-b4d8-1d9c93a191d8_afe94574-2ffd-4546-836d-3ca43cf89c6b.jpg/250x188.webp https://prod.pictures.autoscout24.net/listing-images/218da013-c50f-463c-b4d8-1d9c93a191d8_c7a6cf01-76ed-45e7-96db-bf5228bccdc9.jpg/250x188.webp https://prod.pictures.autoscout24.net/listing-images/218da013-c50f-463c-b4d8-1d9c93a191d8_e52d1e4d-ad1d-4262-8d89-9d68012253ea.jpg/250x188.webp https://prod.pictures.autoscout24.net/listing-images/218da013-c50f-463c-b4d8-1d9c93a191d8_329dbb7e-ef78-4045-a987-7962bbd19f47.jpg/250x188.webp https://prod.pictures.autoscout24.net/listing-images/218da013-c50f-463c-b4d8-1d9c93a191d8_d5953818-9073-4a24-a2f3-1b0aeb226ba1.jpg/250x188.webp https://prod.pictures.autoscout24.net/listing-images/218da013-c50f-463c-b4d8-1d9c93a191d8_b5f68e78-c6d3-476d-8e79-3865dc79ed63.jpg/250x188.webp https://prod.pictures.autoscout24.net/listing-images/218da013-c50f-463c-b4d8-1d9c93a191d8_bd5e5a0c-56b2-4f14-8f5b-b3df0c871b2a.jpg/250x188.webp,118.44618105987009,1971
563030cb-49a8-4357-b0db-21ed1cc3de1d,Volvo,XC40,T2 Geartronic *Camera*App Connect*Navigatie,Dealer,28495,b,43815,06-2023,8870,https://prod.pictures.autoscout24.net/listing-images/563030cb-49a8-4357-b0db-21ed1cc3de1d_428c2a29-9af2-41fd-b5d0-4b89bab300b7.jpg/250x188.webp https://prod.pictures.autoscout24.net/listing-images/563030cb-49a8-4357-b0db-21ed1cc3de1d_cca8e65b-95a8-40c0-9f4a-98a71055985f.jpg/250x188.webp https://prod.pictures.autoscout24.net/listing-images/563030cb-49a8-4357-b0db-21ed1cc3de1d_b1b319ff-4fc1-4341-9693-a80b25c8e64b.jpg/250x188.webp https://prod.pictures.autoscout24.net/listing-images/563030cb-49a8-4357-b0db-21ed1cc3de1d_868ba1f5-7057-4143-baf5-ec66b4d0a4d4.jpg/250x188.webp https://prod.pictures.autoscout24.net/listing-images/563030cb-49a8-4357-b0db-21ed1cc3de1d_4e215bce-f745-4ce3-aad6-e96352f37284.jpg/250x188.webp https://prod.pictures.autoscout24.net/listing-images/563030cb-49a8-4357-b0db-21ed1cc3de1d_77f391ba-838a-41f4-8599-045c7c10175d.jpg/250x188.webp https://prod.pictures.autoscout24.net/listing-images/563030cb-49a8-4357-b0db-21ed1cc3de1d_875ce0ed-6ccc-4834-8d9f-d6a929d31fdc.jpg/250x188.webp https://prod.pictures.autoscout24.net/listing-images/563030cb-49a8-4357-b0db-21ed1cc3de1d_34ea34a1-9628-4f8a-80ef-cc09d8f7b290.jpg/250x188.webp https://prod.pictures.autoscout24.net/listing-images/563030cb-49a8-4357-b0db-21ed1cc3de1d_89a97cd7-52ce-49ef-9ffc-108c82ba7a83.jpg/250x188.webp https://prod.pictures.autoscout24.net/listing-images/563030cb-49a8-4357-b0db-21ed1cc3de1d_80898e0f-019b-4fdd-a28d-46c68a7a562c.jpg/250x188.webp https://prod.pictures.autoscout24.net/listing-images/563030cb-49a8-4357-b0db-21ed1cc3de1d_19fc32ce-5965-4857-bf38-049f95dbc318.jpg/250x188.webp https://prod.pictures.autoscout24.net/listing-images/563030cb-49a8-4357-b0db-21ed1cc3de1d_d7a19907-d11b-45ea-85b9-1de1831cc11d.jpg/250x188.webp https://prod.pictures.autoscout24.net/listing-images/563030cb-49a8-4357-b0db-21ed1cc3de1d_2315badd-6512-4259-8f8d-226f70d4e39b.jpg/250x188.webp https://prod.pictures.autoscout24.net/listing-images/563030cb-49a8-4357-b0db-21ed1cc3de1d_4c8954f4-f823-4b45-af50-9cf44ed4103c.jpg/250x188.webp https://prod.pictures.autoscout24.net/listing-images/563030cb-49a8-4357-b0db-21ed1cc3de1d_959f76c1-b341-4072-b4d0-88df5be05f5a.jpg/250x188.webp https://prod.pictures.autoscout24.net/listing-images/563030cb-49a8-4357-b0db-21ed1cc3de1d_700ffac4-cba0-4ae9-ae9d-6efbb03a7d98.jpg/250x188.webp https://prod.pictures.autoscout24.net/listing-images/563030cb-49a8-4357-b0db-21ed1cc3de1d_03f8f0dd-fe28-49c7-ac76-faf6aa5be568.jpg/250x188.webp https://prod.pictures.autoscout24.net/listing-images/563030cb-49a8-4357-b0db-21ed1cc3de1d_9ace534c-5dc8-418b-94fd-16f6b9364d8f.jpg/250x188.webp https://prod.pictures.autoscout24.net/listing-images/563030cb-49a8-4357-b0db-21ed1cc3de1d_9274bc86-97a1-4af8-a2db-97cd5e2d75f6.jpg/250x188.webp https://prod.pictures.autoscout24.net/listing-images/563030cb-49a8-4357-b0db-21ed1cc3de1d_1e8c2f1b-d72e-4446-87c7-8cde00aabd02.jpg/250x188.webp https://prod.pictures.autoscout24.net/listing-images/563030cb-49a8-4357-b0db-21ed1cc3de1d_f519a609-3db8-44aa-9beb-31ed6de3f63d.jpg/250x188.webp https://prod.pictures.autoscout24.net/listing-images/563030cb-49a8-4357-b0db-21ed1cc3de1d_f1e0573f-e73e-454a-9c26-b1a566494629.jpg/250x188.webp https://prod.pictures.autoscout24.net/listing-images/563030cb-49a8-4357-b0db-21ed1cc3de1d_2fcb2bb7-4376-4e7e-8aa8-82c744235af6.jpg/250x188.webp https://prod.pictures.autoscout24.net/listing-images/563030cb-49a8-4357-b0db-21ed1cc3de1d_56e65c20-b2f2-408a-a9d0-5eb2c83c0061.jpg/250x188.webp https://prod.pictures.autoscout24.net/listing-images/563030cb-49a8-4357-b0db-21ed1cc3de1d_ee4aa81e-b21b-4e08-b415-5bec5f1450d5.jpg/250x188.webp https://prod.pictures.autoscout24.net/listing-images/563030cb-49a8-4357-b0db-21ed1cc3de1d_0d896a0c-c837-4a62-b703-63cbad62318a.jpg/250x188.webp https://prod.pictures.autoscout24.net/listing-images/563030cb-49a8-4357-b0db-21ed1cc3de1d_1168f468-3c25-4d80-9003-ffdba2bd1e0b.jpg/250x188.webp https://prod.pictures.autoscout24.net/listing-images/563030cb-49a8-4357-b0db-21ed1cc3de1d_8b362eba-306f-449a-9f82-fd05a998f990.jpg/250x188.webp https://prod.pictures.autoscout24.net/listing-images/563030cb-49a8-4357-b0db-21ed1cc3de1d_eae7bb18-bf8f-44a7-ab17-5384225e95e3.jpg/250x188.webp https://prod.pictures.autoscout24.net/listing-images/563030cb-49a8-4357-b0db-21ed1cc3de1d_d44e14e4-7be1-4ccd-bf5a-b6cf74cd5738.jpg/250x188.webp,106.41144982965614,998
24210bf7-e467-44d6-b7dc-6f48ad668502,Volvo,XC40,T5 Recharge R Design Plug-in BTW Pano LED Garantie,Dealer,28499,2,66044,07-2020,3940,https://prod.pictures.autoscout24.net/listing-images/24210bf7-e467-44d6-b7dc-6f48ad668502_625111ee-a254-4c4f-aa06-9140d101d285.jpg/250x188.webp https://prod.pictures.autoscout24.net/listing-images/24210bf7-e467-44d6-b7dc-6f48ad668502_f5abd760-80d2-4b7c-9f6c-14c0bd166e12.jpg/250x188.webp https://prod.pictures.autoscout24.net/listing-images/24210bf7-e467-44d6-b7dc-6f48ad668502_f745ba2e-191a-4998-accb-b3449fe7bf8e.jpg/250x188.webp https://prod.pictures.autoscout24.net/listing-images/24210bf7-e467-44d6-b7dc-6f48ad668502_cb1ef845-ef02-41fa-a755-7098e0ceacda.jpg/250x188.webp https://prod.pictures.autoscout24.net/listing-images/24210bf7-e467-44d6-b7dc-6f48ad668502_e5fd0815-4942-4634-81e3-9709a8dac8f0.jpg/250x188.webp https://prod.pictures.autoscout24.net/listing-images/24210bf7-e467-44d6-b7dc-6f48ad668502_4ccf208d-210a-4da5-8c6d-a9fad57e04f9.jpg/250x188.webp https://prod.pictures.autoscout24.net/listing-images/24210bf7-e467-44d6-b7dc-6f48ad668502_7f52c712-1419-445a-bcf9-ceb76e5b7ad1.jpg/250x188.webp https://prod.pictures.autoscout24.net/listing-images/24210bf7-e467-44d6-b7dc-6f48ad668502_693e7f9b-07fc-45b0-a55d-63bcf9be7702.jpg/250x188.webp https://prod.pictures.autoscout24.net/listing-images/24210bf7-e467-44d6-b7dc-6f48ad668502_508ddfd9-1c60-4a47-a019-ae3e94381541.jpg/250x188.webp https://prod.pictures.autoscout24.net/listing-images/24210bf7-e467-44d6-b7dc-6f48ad668502_8a9c39ed-6bc2-4f3e-8485-b9f9d53e2a93.jpg/250x188.webp https://prod.pictures.autoscout24.net/listing-images/24210bf7-e467-44d6-b7dc-6f48ad668502_0b7bc9e1-1add-4f68-8d6b-cc130def4c75.jpg/250x188.webp https://prod.pictures.autoscout24.net/listing-images/24210bf7-e467-44d6-b7dc-6f48ad668502_97c6a5ab-9614-4a6e-b32b-3bf9d803c5ec.jpg/250x188.webp https://prod.pictures.autoscout24.net/listing-images/24210bf7-e467-44d6-b7dc-6f48ad668502_e962b856-0be3-4ae2-947d-b721d9a4f6cc.jpg/250x188.webp https://prod.pictures.autoscout24.net/listing-images/24210bf7-e467-44d6-b7dc-6f48ad668502_2aef2c15-9706-4f80-8547-dc1647f22168.jpg/250x188.webp https://prod.pictures.autoscout24.net/listing-images/24210bf7-e467-44d6-b7dc-6f48ad668502_5c501d7e-76cd-4de6-b85a-08fe672927be.jpg/250x188.webp,72.96077083489499,2063
28838ab7-90ee-4467-b461-1b061301555b,Volvo,V60,T8 AWD Recharge Geartronic RDesign Expression,PrivateSeller,28500,2,136375,12-2020,3600,https://prod.pictures.autoscout24.net/listing-images/28838ab7-90ee-4467-b461-1b061301555b_eb6c9491-6575-4520-9e32-a14e8297d42e.jpg/250x188.webp https://prod.pictures.autoscout24.net/listing-images/28838ab7-90ee-4467-b461-1b061301555b_16c00696-75fe-4150-bf3a-6f2f52f94cef.jpg/250x188.webp https://prod.pictures.autoscout24.net/listing-images/28838ab7-90ee-4467-b461-1b061301555b_000ba63a-47b6-4e52-b8bf-88523136c505.jpg/250x188.webp https://prod.pictures.autoscout24.net/listing-images/28838ab7-90ee-4467-b461-1b061301555b_0d7edb29-1e00-4944-867f-4b6eecb3ab43.jpg/250x188.webp https://prod.pictures.autoscout24.net/listing-images/28838ab7-90ee-4467-b461-1b061301555b_78ebb9bf-11b5-4442-b8da-8191067d382b.jpg/250x188.webp https://prod.pictures.autoscout24.net/listing-images/28838ab7-90ee-4467-b461-1b061301555b_2d4ed282-4f66-4087-a7c2-65c2be974c51.jpg/250x188.webp https://prod.pictures.autoscout24.net/listing-images/28838ab7-90ee-4467-b461-1b061301555b_204f8b83-c95d-4245-bf00-dca775e99c33.jpg/250x188.webp https://prod.pictures.autoscout24.net/listing-images/28838ab7-90ee-4467-b461-1b061301555b_de555707-c888-4abe-bfb0-0e89a5cf28e1.jpg/250x188.webp https://prod.pictures.autoscout24.net/listing-images/28838ab7-90ee-4467-b461-1b061301555b_9091681a-0a96-4c6a-acb7-944c7bfd5e56.jpg/250x188.webp https://prod.pictures.autoscout24.net/listing-images/28838ab7-90ee-4467-b461-1b061301555b_ec1521d7-a1cc-460c-a79c-73766b8095a2.jpg/250x188.webp https://prod.pictures.autoscout24.net/listing-images/28838ab7-90ee-4467-b461-1b061301555b_3c04e0fd-ef09-4a24-91f8-cc5c9744d583.jpg/250x188.webp https://prod.pictures.autoscout24.net/listing-images/28838ab7-90ee-4467-b461-1b061301555b_b0e9baf8-e200-4f75-b3da-0ee3a52e4601.jpg/250x188.webp,91.05707630102727,1910
ba02e5d3-106d-44fc-92ae-1aa91f6a1c25,Volvo,XC40,1.5 T2 Plus Dark Design Geartronic & Harman-K,Dealer,28750,b,52321,11-2022,4621,https://prod.pictures.autoscout24.net/listing-images/ba02e5d3-106d-44fc-92ae-1aa91f6a1c25_e752d9fd-5459-4ed7-98ba-62cd2ce3fd2f.jpg/250x188.webp https://prod.pictures.autoscout24.net/listing-images/ba02e5d3-106d-44fc-92ae-1aa91f6a1c25_3c3c5729-44d1-4c48-bcf7-3b12806079da.jpg/250x188.webp https://prod.pictures.autoscout24.net/listing-images/ba02e5d3-106d-44fc-92ae-1aa91f6a1c25_219d17df-47fb-4e52-8a55-53b6e243841f.jpg/250x188.webp https://prod.pictures.autoscout24.net/listing-images/ba02e5d3-106d-44fc-92ae-1aa91f6a1c25_4b5ca4fd-3687-4727-a59d-bc7cea4b46c5.jpg/250x188.webp https://prod.pictures.autoscout24.net/listing-images/ba02e5d3-106d-44fc-92ae-1aa91f6a1c25_a1bd8df9-f64a-41ca-a279-c23aca9bbeb2.jpg/250x188.webp https://prod.pictures.autoscout24.net/listing-images/ba02e5d3-106d-44fc-92ae-1aa91f6a1c25_a3bbf09b-2041-43fb-b3b1-50576ccb5f33.jpg/250x188.webp https://prod.pictures.autoscout24.net/listing-images/ba02e5d3-106d-44fc-92ae-1aa91f6a1c25_ad89813a-dc4d-414f-9bb6-230e6641c945.jpg/250x188.webp https://prod.pictures.autoscout24.net/listing-images/ba02e5d3-106d-44fc-92ae-1aa91f6a1c25_22dc26ab-a0a4-49c9-8d1c-abc85f7ec089.jpg/250x188.webp https://prod.pictures.autoscout24.net/listing-images/ba02e5d3-106d-44fc-92ae-1aa91f6a1c25_73f2d4b0-1fd7-4d7b-bc12-740c299e1e4c.jpg/250x188.webp https://prod.pictures.autoscout24.net/listing-images/ba02e5d3-106d-44fc-92ae-1aa91f6a1c25_8119aea7-816f-4de4-9925-712cea51d678.jpg/250x188.webp https://prod.pictures.autoscout24.net/listing-images/ba02e5d3-106d-44fc-92ae-1aa91f6a1c25_67344e73-a96c-4a81-aa9c-6ecd240feb91.jpg/250x188.webp https://prod.pictures.autoscout24.net/listing-images/ba02e5d3-106d-44fc-92ae-1aa91f6a1c25_b4ee04ed-66ef-44d4-8fad-c15c0e1498ec.jpg/250x188.webp https://prod.pictures.autoscout24.net/listing-images/ba02e5d3-106d-44fc-92ae-1aa91f6a1c25_030e71a8-20c3-409a-b3f9-959d5c634b2b.jpg/250x188.webp https://prod.pictures.autoscout24.net/listing-images/ba02e5d3-106d-44fc-92ae-1aa91f6a1c25_4fded0e4-efb5-4b21-80b1-d69e4657d094.jpg/250x188.webp https://prod.pictures.autoscout24.net/listing-images/ba02e5d3-106d-44fc-92ae-1aa91f6a1c25_e3e804c6-566f-4d2e-b3cd-5e2ab412e881.jpg/250x188.webp https://prod.pictures.autoscout24.net/listing-images/ba02e5d3-106d-44fc-92ae-1aa91f6a1c25_7bc03b64-2187-4fda-8cbc-b65fbc79c239.jpg/250x188.webp https://prod.pictures.autoscout24.net/listing-images/ba02e5d3-106d-44fc-92ae-1aa91f6a1c25_7d0adaff-0bad-4a22-a95c-32a2ebe33c5e.jpg/250x188.webp https://prod.pictures.autoscout24.net/listing-images/ba02e5d3-106d-44fc-92ae-1aa91f6a1c25_c95a1a13-fcf7-4b4c-8a20-153067477407.jpg/250x188.webp https://prod.pictures.autoscout24.net/listing-images/ba02e5d3-106d-44fc-92ae-1aa91f6a1c25_3c25fcbe-ece2-4001-ba67-f4d5c71368fa.jpg/250x188.webp https://prod.pictures.autoscout24.net/listing-images/ba02e5d3-106d-44fc-92ae-1aa91f6a1c25_f5ca3c66-9095-4e2c-9b9d-a90e932a98e9.jpg/250x188.webp https://prod.pictures.autoscout24.net/listing-images/ba02e5d3-106d-44fc-92ae-1aa91f6a1c25_28f61a71-de69-43d4-9e0b-3311cba789d5.jpg/250x188.webp https://prod.pictures.autoscout24.net/listing-images/ba02e5d3-106d-44fc-92ae-1aa91f6a1c25_ffdee6e3-db0b-417c-8416-b10be2adbba7.jpg/250x188.webp https://prod.pictures.autoscout24.net/listing-images/ba02e5d3-106d-44fc-92ae-1aa91f6a1c25_bae72695-580f-44eb-9784-3a1a74156d63.jpg/250x188.webp https://prod.pictures.autoscout24.net/listing-images/ba02e5d3-106d-44fc-92ae-1aa91f6a1c25_dd0399e0-1181-46c4-813e-b960cd1deb1d.jpg/250x188.webp https://prod.pictures.autoscout24.net/listing-images/ba02e5d3-106d-44fc-92ae-1aa91f6a1c25_bd7c68ee-5b68-4546-b55c-c870056c94f6.jpg/250x188.webp https://prod.pictures.autoscout24.net/listing-images/ba02e5d3-106d-44fc-92ae-1aa91f6a1c25_210b6ee0-bcda-4e2a-a5b6-e09cf7e8e06e.jpg/250x188.webp https://prod.pictures.autoscout24.net/listing-images/ba02e5d3-106d-44fc-92ae-1aa91f6a1c25_784e32d0-9dc5-4061-b53f-afafab6bddd4.jpg/250x188.webp https://prod.pictures.autoscout24.net/listing-images/ba02e5d3-106d-44fc-92ae-1aa91f6a1c25_65689d51-93f3-4801-8b98-77cca6f771b0.jpg/250x188.webp https://prod.pictures.autoscout24.net/listing-images/ba02e5d3-106d-44fc-92ae-1aa91f6a1c25_74c06c99-1e7b-4bcb-b45b-bd3d986cabd1.jpg/250x188.webp https://prod.pictures.autoscout24.net/listing-images/ba02e5d3-106d-44fc-92ae-1aa91f6a1c25_614c9775-c8c7-46e2-82f5-47d3d51c0d51.jpg/250x188.webp https://prod.pictures.autoscout24.net/listing-images/ba02e5d3-106d-44fc-92ae-1aa91f6a1c25_9733b15a-19a9-4cbe-b6d0-d5312b5a104b.jpg/250x188.webp https://prod.pictures.autoscout24.net/listing-images/ba02e5d3-106d-44fc-92ae-1aa91f6a1c25_92ca636f-499f-4e2e-a1d4-ca3361231c43.jpg/250x188.webp https://prod.pictures.autoscout24.net/listing-images/ba02e5d3-106d-44fc-92ae-1aa91f6a1c25_b7c194ba-f242-4d4f-a30a-a49166580e53.jpg/250x188.webp https://prod.pictures.autoscout24.net/listing-images/ba02e5d3-106d-44fc-92ae-1aa91f6a1c25_bdac5073-ceaf-4ad9-bdf8-deef14ac2c73.jpg/250x188.webp https://prod.pictures.autoscout24.net/listing-images/ba02e5d3-106d-44fc-92ae-1aa91f6a1c25_ebcb9eba-e1fe-4fca-89c6-b65884159013.jpg/250x188.webp https://prod.pictures.autoscout24.net/listing-images/ba02e5d3-106d-44fc-92ae-1aa91f6a1c25_5f944fa9-8880-4bf4-b732-4b7b03221d05.jpg/250x188.webp https://prod.pictures.autoscout24.net/listing-images/ba02e5d3-106d-44fc-92ae-1aa91f6a1c25_db61dc67-e293-48fb-b4cc-3f5c6af3afe8.jpg/250x188.webp https://prod.pictures.autoscout24.net/listing-images/ba02e5d3-106d-44fc-92ae-1aa91f6a1c25_27ffd871-5ee9-429e-87d8-dcc79aabe651.jpg/250x188.webp https://prod.pictures.autoscout24.net/listing-images/ba02e5d3-106d-44fc-92ae-1aa91f6a1c25_8a333cf1-c3f0-49de-a059-5f24f5060f8c.jpg/250x188.webp https://prod.pictures.autoscout24.net/listing-images/ba02e5d3-106d-44fc-92ae-1aa91f6a1c25_5b7e5745-3a0a-4c80-a8a1-8725c3eeb701.jpg/250x188.webp,126.67391998952026,1210
b95c18cc-3f26-4848-b91a-3308c54989a6,Volvo,XC40,1.5 T2 Core Geartronic,PrivateSeller,28750,b,68000,08-2023,7110,https://prod.pictures.autoscout24.net/listing-images/b95c18cc-3f26-4848-b91a-3308c54989a6_48dd9b0c-d677-4c61-8b07-eb9727674fb0.jpg/250x188.webp https://prod.pictures.autoscout24.net/listing-images/b95c18cc-3f26-4848-b91a-3308c54989a6_e7c0338d-95b2-4558-a29d-1042aa669899.jpg/250x188.webp https://prod.pictures.autoscout24.net/listing-images/b95c18cc-3f26-4848-b91a-3308c54989a6_c9a1be18-1576-492d-9ce9-d0b9f9dc7322.jpg/250x188.webp https://prod.pictures.autoscout24.net/listing-images/b95c18cc-3f26-4848-b91a-3308c54989a6_9186c3a6-eee5-4e92-91e7-21b9ffc5bfaf.jpg/250x188.webp https://prod.pictures.autoscout24.net/listing-images/b95c18cc-3f26-4848-b91a-3308c54989a6_7300c701-7d9e-4066-8490-88684124ee9e.jpg/250x188.webp https://prod.pictures.autoscout24.net/listing-images/b95c18cc-3f26-4848-b91a-3308c54989a6_bdc819f6-ea26-4b0c-b435-63055766d027.jpg/250x188.webp https://prod.pictures.autoscout24.net/listing-images/b95c18cc-3f26-4848-b91a-3308c54989a6_754e25b8-4edb-43dc-8146-15c285375fb7.jpg/250x188.webp https://prod.pictures.autoscout24.net/listing-images/b95c18cc-3f26-4848-b91a-3308c54989a6_3ee8430c-23aa-43fa-b35f-4e4e074e8437.jpg/250x188.webp https://prod.pictures.autoscout24.net/listing-images/b95c18cc-3f26-4848-b91a-3308c54989a6_1ab1c591-be7d-412b-99d2-f526c7c3eadc.jpg/250x188.webp https://prod.pictures.autoscout24.net/listing-images/b95c18cc-3f26-4848-b91a-3308c54989a6_25df6a20-a886-4815-acdd-79132765ab0f.jpg/250x188.webp https://prod.pictures.autoscout24.net/listing-images/b95c18cc-3f26-4848-b91a-3308c54989a6_ec47fbf1-5fb2-45e6-923d-9e7e8f445c1a.jpg/250x188.webp https://prod.pictures.autoscout24.net/listing-images/b95c18cc-3f26-4848-b91a-3308c54989a6_1733aa24-6a7f-4673-8c52-28db3142aa87.jpg/250x188.webp https://prod.pictures.autoscout24.net/listing-images/b95c18cc-3f26-4848-b91a-3308c54989a6_aaa42e41-85f8-4854-a9ee-90f6eddea049.jpg/250x188.webp https://prod.pictures.autoscout24.net/listing-images/b95c18cc-3f26-4848-b91a-3308c54989a6_cf3edecd-e934-45cf-8462-72647b8b3717.jpg/250x188.webp https://prod.pictures.autoscout24.net/listing-images/b95c18cc-3f26-4848-b91a-3308c54989a6_decc93a9-a81b-4755-b49f-32df850e5fe8.jpg/250x188.webp https://prod.pictures.autoscout24.net/listing-images/b95c18cc-3f26-4848-b91a-3308c54989a6_13b4fade-3478-46db-90ab-2211953adaae.jpg/250x188.webp https://prod.pictures.autoscout24.net/listing-images/b95c18cc-3f26-4848-b91a-3308c54989a6_513ef42d-01c1-47d2-bf52-409fa7dbc7bc.jpg/250x188.webp,113.33362207543792,937
4f070a47-d82a-4aa7-908e-be653b66cbff,Volvo,XC40,"Essential, T2 Automaat , Benzine",Dealer,28899,b,42811,11-2023,1930,https://prod.pictures.autoscout24.net/listing-images/4f070a47-d82a-4aa7-908e-be653b66cbff_bf3dd273-de80-4395-b6c7-e776e95a7877.jpg/250x188.webp https://prod.pictures.autoscout24.net/listing-images/4f070a47-d82a-4aa7-908e-be653b66cbff_b5ad5fb8-8cff-43c5-9a35-74967ab8d8c8.jpg/250x188.webp https://prod.pictures.autoscout24.net/listing-images/4f070a47-d82a-4aa7-908e-be653b66cbff_fdb1d256-047b-44f8-af40-003669ea2078.jpg/250x188.webp https://prod.pictures.autoscout24.net/listing-images/4f070a47-d82a-4aa7-908e-be653b66cbff_e68900a9-c25f-4821-838c-9460d51fb382.jpg/250x188.webp https://prod.pictures.autoscout24.net/listing-images/4f070a47-d82a-4aa7-908e-be653b66cbff_7189d85c-8039-4a27-a514-f95daeef2acd.jpg/250x188.webp https://prod.pictures.autoscout24.net/listing-images/4f070a47-d82a-4aa7-908e-be653b66cbff_cb881e88-cb25-4eef-95fd-1eec33684afc.jpg/250x188.webp https://prod.pictures.autoscout24.net/listing-images/4f070a47-d82a-4aa7-908e-be653b66cbff_7a7b3413-ea09-493d-a41c-d529a49c266d.jpg/250x188.webp https://prod.pictures.autoscout24.net/listing-images/4f070a47-d82a-4aa7-908e-be653b66cbff_8b7dba55-cb83-4aaf-a26f-8e887bd59567.jpg/250x188.webp https://prod.pictures.autoscout24.net/listing-images/4f070a47-d82a-4aa7-908e-be653b66cbff_42c6a4d9-17c9-4254-86f3-cb1939f648a3.jpg/250x188.webp https://prod.pictures.autoscout24.net/listing-images/4f070a47-d82a-4aa7-908e-be653b66cbff_e10512d4-01f4-43ee-b0ff-ebcbe00023f1.jpg/250x188.webp https://prod.pictures.autoscout24.net/listing-images/4f070a47-d82a-4aa7-908e-be653b66cbff_1ad8070f-9085-4647-a421-715e0a54508b.jpg/250x188.webp https://prod.pictures.autoscout24.net/listing-images/4f070a47-d82a-4aa7-908e-be653b66cbff_7566f3d4-5746-4690-935d-738ade588a41.jpg/250x188.webp https://prod.pictures.autoscout24.net/listing-images/4f070a47-d82a-4aa7-908e-be653b66cbff_50d51e54-bfe5-408c-a6b4-10d9de493f9b.jpg/250x188.webp https://prod.pictures.autoscout24.net/listing-images/4f070a47-d82a-4aa7-908e-be653b66cbff_ff26f2e6-029a-433b-819c-4846d453efbc.jpg/250x188.webp https://prod.pictures.autoscout24.net/listing-images/4f070a47-d82a-4aa7-908e-be653b66cbff_623560af-cafd-481e-bf6a-518a352905c7.jpg/250x188.webp https://prod.pictures.autoscout24.net/listing-images/4f070a47-d82a-4aa7-908e-be653b66cbff_3854e3d8-b7fb-4a9d-948d-518b0eeaf7cd.jpg/250x188.webp https://prod.pictures.autoscout24.net/listing-images/4f070a47-d82a-4aa7-908e-be653b66cbff_39100d3c-856c-4587-866e-f9ea475f2ce5.jpg/250x188.webp https://prod.pictures.autoscout24.net/listing-images/4f070a47-d82a-4aa7-908e-be653b66cbff_d7ab55ea-d8d9-4499-8b8d-0cd2b40dac01.jpg/250x188.webp,65.08322402083252,845
a567df99-f3d6-41cb-ae1a-d11b21b6d982,Volvo,XC40,"XC40 Core, T2 Automaat Micro hybrid, Benzine",Dealer,28899,b,35006,10-2023,1300,https://prod.pictures.autoscout24.net/listing-images/a567df99-f3d6-41cb-ae1a-d11b21b6d982_c067f2cf-4934-4201-a744-c50ff44c1561.jpg/250x188.webp https://prod.pictures.autoscout24.net/listing-images/a567df99-f3d6-41cb-ae1a-d11b21b6d982_2ebfb24d-197f-43af-8612-8a877a24fa87.jpg/250x188.webp https://prod.pictures.autoscout24.net/listing-images/a567df99-f3d6-41cb-ae1a-d11b21b6d982_e378bf21-4444-4109-92f7-1776a11346f6.jpg/250x188.webp https://prod.pictures.autoscout24.net/listing-images/a567df99-f3d6-41cb-ae1a-d11b21b6d982_5bf5bfb7-cebd-4cff-b5d9-e57910436599.jpg/250x188.webp https://prod.pictures.autoscout24.net/listing-images/a567df99-f3d6-41cb-ae1a-d11b21b6d982_295e6962-e9e6-4cb3-958c-5bf414cccaf1.jpg/250x188.webp https://prod.pictures.autoscout24.net/listing-images/a567df99-f3d6-41cb-ae1a-d11b21b6d982_a067f302-a856-42a6-9718-9e8092d54cf9.jpg/250x188.webp https://prod.pictures.autoscout24.net/listing-images/a567df99-f3d6-41cb-ae1a-d11b21b6d982_c5a9fd1a-5edc-45d1-a21d-8a5ed9d1ffe7.jpg/250x188.webp https://prod.pictures.autoscout24.net/listing-images/a567df99-f3d6-41cb-ae1a-d11b21b6d982_a155b20b-43d6-4ca9-b30d-2ae69f153eb7.jpg/250x188.webp https://prod.pictures.autoscout24.net/listing-images/a567df99-f3d6-41cb-ae1a-d11b21b6d982_7417e65d-791a-4fc8-b664-2ff7ccbb9f16.jpg/250x188.webp https://prod.pictures.autoscout24.net/listing-images/a567df99-f3d6-41cb-ae1a-d11b21b6d982_cf581baf-4bce-4dcf-b8a0-5f53191577fc.jpg/250x188.webp https://prod.pictures.autoscout24.net/listing-images/a567df99-f3d6-41cb-ae1a-d11b21b6d982_1ad306e6-8a8f-4588-b03a-018dfcc72de2.jpg/250x188.webp https://prod.pictures.autoscout24.net/listing-images/a567df99-f3d6-41cb-ae1a-d11b21b6d982_c975d415-485b-4a0b-b224-78354e2742c3.jpg/250x188.webp https://prod.pictures.autoscout24.net/listing-images/a567df99-f3d6-41cb-ae1a-d11b21b6d982_36506c33-344a-4c2a-a56d-5007f7e23e09.jpg/250x188.webp https://prod.pictures.autoscout24.net/listing-images/a567df99-f3d6-41cb-ae1a-d11b21b6d982_d899b32f-e0f9-42fa-b6bf-4694db2112eb.jpg/250x188.webp https://prod.pictures.autoscout24.net/listing-images/a567df99-f3d6-41cb-ae1a-d11b21b6d982_32aab9a6-93d6-441d-a9d0-0bfba8241b7f.jpg/250x188.webp https://prod.pictures.autoscout24.net/listing-images/a567df99-f3d6-41cb-ae1a-d11b21b6d982_fa70ec73-910a-41d2-a69f-36c343000dd3.jpg/250x188.webp https://prod.pictures.autoscout24.net/listing-images/a567df99-f3d6-41cb-ae1a-d11b21b6d982_f706ca20-1db3-4e53-ad23-13b92c9c44a2.jpg/250x188.webp https://prod.pictures.autoscout24.net/listing-images/a567df99-f3d6-41cb-ae1a-d11b21b6d982_ce6e797f-cd2b-4d08-b570-ab3afa66cfeb.jpg/250x188.webp https://prod.pictures.autoscout24.net/listing-images/a567df99-f3d6-41cb-ae1a-d11b21b6d982_478a5b46-a32f-4d1c-a987-936b4f7a6544.jpg/250x188.webp https://prod.pictures.autoscout24.net/listing-images/a567df99-f3d6-41cb-ae1a-d11b21b6d982_3a269556-e3e0-4b16-9a83-787a6e96c3fb.jpg/250x188.webp https://prod.pictures.autoscout24.net/listing-images/a567df99-f3d6-41cb-ae1a-d11b21b6d982_d8755ab6-a460-498b-9732-e902507d5e81.jpg/250x188.webp https://prod.pictures.autoscout24.net/listing-images/a567df99-f3d6-41cb-ae1a-d11b21b6d982_2be9d9de-deb6-42d2-8ac4-ebb0a7b573a7.jpg/250x188.webp https://prod.pictures.autoscout24.net/listing-images/a567df99-f3d6-41cb-ae1a-d11b21b6d982_5d8c0cef-7ab0-4756-9b8c-1242ae42723d.jpg/250x188.webp https://prod.pictures.autoscout24.net/listing-images/a567df99-f3d6-41cb-ae1a-d11b21b6d982_e95b0433-3c04-49f2-84d0-d75352313963.jpg/250x188.webp,85.12897915734546,876
8bbf1fa6-afd0-4fbd-93db-76a21bf9ba1f,Volvo,XC40,"T2 Automaat, Benzine",Dealer,28899,b,32062,11-2023,3001,https://prod.pictures.autoscout24.net/listing-images/8bbf1fa6-afd0-4fbd-93db-76a21bf9ba1f_27bdd690-a2b1-4fc1-9ddb-4c8c9b29de25.jpg/250x188.webp https://prod.pictures.autoscout24.net/listing-images/8bbf1fa6-afd0-4fbd-93db-76a21bf9ba1f_694f4e23-2403-4031-95f8-d2fcf1210dbc.jpg/250x188.webp https://prod.pictures.autoscout24.net/listing-images/8bbf1fa6-afd0-4fbd-93db-76a21bf9ba1f_6af90597-5599-4e8e-b290-6fd2c5bea9c3.jpg/250x188.webp https://prod.pictures.autoscout24.net/listing-images/8bbf1fa6-afd0-4fbd-93db-76a21bf9ba1f_df77b7a7-f42c-4029-aee9-08d28fd3ba9c.jpg/250x188.webp https://prod.pictures.autoscout24.net/listing-images/8bbf1fa6-afd0-4fbd-93db-76a21bf9ba1f_324bdb48-81f5-48ea-9464-7f4d37a1fbf1.jpg/250x188.webp https://prod.pictures.autoscout24.net/listing-images/8bbf1fa6-afd0-4fbd-93db-76a21bf9ba1f_346f6b38-7d47-4c15-b797-8064d557a4ed.jpg/250x188.webp https://prod.pictures.autoscout24.net/listing-images/8bbf1fa6-afd0-4fbd-93db-76a21bf9ba1f_6428c846-55ff-4ba7-ac76-876c04eaa282.jpg/250x188.webp https://prod.pictures.autoscout24.net/listing-images/8bbf1fa6-afd0-4fbd-93db-76a21bf9ba1f_d462ddd8-1fb0-4857-85e9-3ac4f38858ce.jpg/250x188.webp https://prod.pictures.autoscout24.net/listing-images/8bbf1fa6-afd0-4fbd-93db-76a21bf9ba1f_82d67cf2-30a0-4ddf-aae6-5114706e32a8.jpg/250x188.webp https://prod.pictures.autoscout24.net/listing-images/8bbf1fa6-afd0-4fbd-93db-76a21bf9ba1f_ec582d12-241a-4856-b978-25b8a21ecfdf.jpg/250x188.webp https://prod.pictures.autoscout24.net/listing-images/8bbf1fa6-afd0-4fbd-93db-76a21bf9ba1f_e290dd35-2acf-4298-84c3-3a58b7b3eae9.jpg/250x188.webp https://prod.pictures.autoscout24.net/listing-images/8bbf1fa6-afd0-4fbd-93db-76a21bf9ba1f_6fdc0436-fedd-421f-acb2-66475b441486.jpg/250x188.webp https://prod.pictures.autoscout24.net/listing-images/8bbf1fa6-afd0-4fbd-93db-76a21bf9ba1f_9dfea2b7-7aa2-417d-94a4-1a4cb7967184.jpg/250x188.webp https://prod.pictures.autoscout24.net/listing-images/8bbf1fa6-afd0-4fbd-93db-76a21bf9ba1f_e1e58e48-a402-4624-8561-508f2604efe2.jpg/250x188.webp https://prod.pictures.autoscout24.net/listing-images/8bbf1fa6-afd0-4fbd-93db-76a21bf9ba1f_0ac77ad4-1f82-4415-b6bc-9f73bc0739ed.jpg/250x188.webp https://prod.pictures.autoscout24.net/listing-images/8bbf1fa6-afd0-4fbd-93db-76a21bf9ba1f_0ab1edd5-0615-4a9e-b999-3ab1518857d0.jpg/250x188.webp https://prod.pictures.autoscout24.net/listing-images/8bbf1fa6-afd0-4fbd-93db-76a21bf9ba1f_bdb35b7d-b47e-41ac-ac0c-55535dbb4df9.jpg/250x188.webp https://prod.pictures.autoscout24.net/listing-images/8bbf1fa6-afd0-4fbd-93db-76a21bf9ba1f_b825bc3c-2cf4-4a30-a3f9-76423e0966d0.jpg/250x188.webp https://prod.pictures.autoscout24.net/listing-images/8bbf1fa6-afd0-4fbd-93db-76a21bf9ba1f_9b3a99da-231f-4f91-a9f3-06e2286e5639.jpg/250x188.webp https://prod.pictures.autoscout24.net/listing-images/8bbf1fa6-afd0-4fbd-93db-76a21bf9ba1f_887879cb-79f6-432f-a28e-a0d758c0bc40.jpg/250x188.webp https://prod.pictures.autoscout24.net/listing-images/8bbf1fa6-afd0-4fbd-93db-76a21bf9ba1f_6e5e6eea-e875-44e0-a6c3-4757a7a95dc9.jpg/250x188.webp,68.9583124136067,845
ec926c70-baaa-41e7-b740-410ebce9377b,Volvo,XC40,"Essential, T2 Automaat , Benzine",Dealer,28899,b,43636,11-2023,3001,https://prod.pictures.autoscout24.net/listing-images/ec926c70-baaa-41e7-b740-410ebce9377b_58f58950-a9bf-4868-b0bc-7de96e550038.jpg/250x188.webp https://prod.pictures.autoscout24.net/listing-images/ec926c70-baaa-41e7-b740-410ebce9377b_510819d1-4da0-4317-ae4d-c079ef935e99.jpg/250x188.webp https://prod.pictures.autoscout24.net/listing-images/ec926c70-baaa-41e7-b740-410ebce9377b_f7a73406-67f2-4a27-80b3-6400a803122e.jpg/250x188.webp https://prod.pictures.autoscout24.net/listing-images/ec926c70-baaa-41e7-b740-410ebce9377b_5a568e11-4b56-4886-863c-70c902367b49.jpg/250x188.webp https://prod.pictures.autoscout24.net/listing-images/ec926c70-baaa-41e7-b740-410ebce9377b_7d33140d-c7b7-44e4-85e6-ecffa27d3b17.jpg/250x188.webp https://prod.pictures.autoscout24.net/listing-images/ec926c70-baaa-41e7-b740-410ebce9377b_ea027a9c-acd8-4035-ae8c-6b5080cf0241.jpg/250x188.webp https://prod.pictures.autoscout24.net/listing-images/ec926c70-baaa-41e7-b740-410ebce9377b_de4d20f6-54de-49b4-8a50-8045769de116.jpg/250x188.webp https://prod.pictures.autoscout24.net/listing-images/ec926c70-baaa-41e7-b740-410ebce9377b_a7fcb664-627c-4706-8f85-f9f682e9d450.jpg/250x188.webp https://prod.pictures.autoscout24.net/listing-images/ec926c70-baaa-41e7-b740-410ebce9377b_e01ecbd9-34c0-4e90-9750-48dbe34cf22c.jpg/250x188.webp https://prod.pictures.autoscout24.net/listing-images/ec926c70-baaa-41e7-b740-410ebce9377b_381998c5-35a1-4f52-9ac0-4b0749fed840.jpg/250x188.webp https://prod.pictures.autoscout24.net/listing-images/ec926c70-baaa-41e7-b740-410ebce9377b_de507bc3-5c7d-4dde-8e5b-5257823a5112.jpg/250x188.webp https://prod.pictures.autoscout24.net/listing-images/ec926c70-baaa-41e7-b740-410ebce9377b_f5466d9f-df95-4883-a860-4148b3cb582e.jpg/250x188.webp https://prod.pictures.autoscout24.net/listing-images/ec926c70-baaa-41e7-b740-410ebce9377b_b1f0b9ed-a643-488e-9ab5-c2599b474edf.jpg/250x188.webp https://prod.pictures.autoscout24.net/listing-images/ec926c70-baaa-41e7-b740-410ebce9377b_54cd237e-59a5-4f6d-9def-ec4cc8bbff54.jpg/250x188.webp https://prod.pictures.autoscout24.net/listing-images/ec926c70-baaa-41e7-b740-410ebce9377b_44afa00a-07d8-4e5c-80b3-64cb3f46ded7.jpg/250x188.webp https://prod.pictures.autoscout24.net/listing-images/ec926c70-baaa-41e7-b740-410ebce9377b_35d7b1f4-2937-458c-8dae-a22a6016f479.jpg/250x188.webp https://prod.pictures.autoscout24.net/listing-images/ec926c70-baaa-41e7-b740-410ebce9377b_55acd1e5-b90c-4c25-93d8-480f0d4ae168.jpg/250x188.webp https://prod.pictures.autoscout24.net/listing-images/ec926c70-baaa-41e7-b740-410ebce9377b_44e81c49-c8c8-4957-a4d2-e3b131da1593.jpg/250x188.webp https://prod.pictures.autoscout24.net/listing-images/ec926c70-baaa-41e7-b740-410ebce9377b_fbb2b5a8-9083-4671-8d33-b45e7df83665.jpg/250x188.webp https://prod.pictures.autoscout24.net/listing-images/ec926c70-baaa-41e7-b740-410ebce9377b_15f79289-141f-4d6c-90ef-11f7dd4c8661.jpg/250x188.webp https://prod.pictures.autoscout24.net/listing-images/ec926c70-baaa-41e7-b740-410ebce9377b_79bb183d-a5d2-4401-92e1-a1ea88bfcbc2.jpg/250x188.webp,68.9583124136067,845
f9663c95-bd17-4771-af3c-8cdf06428299,Volvo,XC40,B3  Mild hybrid Dark Plus,Dealer,28900,b,104499,12-2023,2100,https://prod.pictures.autoscout24.net/listing-images/f9663c95-bd17-4771-af3c-8cdf06428299_b7212392-2b03-4b8f-b003-e193a13b3e6a.jpg/250x188.webp https://prod.pictures.autoscout24.net/listing-images/f9663c95-bd17-4771-af3c-8cdf06428299_8387b14e-7773-4d09-997a-25a2f97eafa1.jpg/250x188.webp https://prod.pictures.autoscout24.net/listing-images/f9663c95-bd17-4771-af3c-8cdf06428299_f0ebc4bd-937b-4d52-99be-343755d9b005.jpg/250x188.webp https://prod.pictures.autoscout24.net/listing-images/f9663c95-bd17-4771-af3c-8cdf06428299_01919a4c-9392-49ea-b366-cdc0106511d2.jpg/250x188.webp https://prod.pictures.autoscout24.net/listing-images/f9663c95-bd17-4771-af3c-8cdf06428299_55ae5805-b812-443b-bec2-e9b22bd04682.jpg/250x188.webp https://prod.pictures.autoscout24.net/listing-images/f9663c95-bd17-4771-af3c-8cdf06428299_6d1ae2b6-8004-4dc0-8c00-79cac0980849.jpg/250x188.webp https://prod.pictures.autoscout24.net/listing-images/f9663c95-bd17-4771-af3c-8cdf06428299_24f8aeeb-2551-49dc-b2f0-8bbc53d7def3.jpg/250x188.webp https://prod.pictures.autoscout24.net/listing-images/f9663c95-bd17-4771-af3c-8cdf06428299_4f8ddc8f-a2b0-43c5-9fed-d6aac4ac102a.jpg/250x188.webp https://prod.pictures.autoscout24.net/listing-images/f9663c95-bd17-4771-af3c-8cdf06428299_0a01f025-dbbb-4195-8009-8517d4cafe80.jpg/250x188.webp https://prod.pictures.autoscout24.net/listing-images/f9663c95-bd17-4771-af3c-8cdf06428299_7e83dcfb-1a22-4778-8562-c9b66763e689.jpg/250x188.webp,27.421552979694752,815
bcad676d-206a-4acb-a294-cf588bb8695e,Volvo,XC40,T2 Automaat Micro hybrid + electr trekhaak,Dealer,28900,b,42628,12-2023,2100,https://prod.pictures.autoscout24.net/listing-images/bcad676d-206a-4acb-a294-cf588bb8695e_30698a30-fef1-45e8-a2e0-fba5cfc17d4a.jpg/250x188.webp https://prod.pictures.autoscout24.net/listing-images/bcad676d-206a-4acb-a294-cf588bb8695e_7432a898-8992-4a5d-b0a5-fb94214dbab6.jpg/250x188.webp https://prod.pictures.autoscout24.net/listing-images/bcad676d-206a-4acb-a294-cf588bb8695e_70394afd-c688-4eb7-8507-58a56c3a3e20.jpg/250x188.webp https://prod.pictures.autoscout24.net/listing-images/bcad676d-206a-4acb-a294-cf588bb8695e_879e8fa4-6eb8-465b-9669-e5d3598fedef.jpg/250x188.webp https://prod.pictures.autoscout24.net/listing-images/bcad676d-206a-4acb-a294-cf588bb8695e_afa17818-ae19-45a5-90ef-01eb7033a3af.jpg/250x188.webp https://prod.pictures.autoscout24.net/listing-images/bcad676d-206a-4acb-a294-cf588bb8695e_40ffe42d-604e-4db3-ab61-7293494cbd71.jpg/250x188.webp https://prod.pictures.autoscout24.net/listing-images/bcad676d-206a-4acb-a294-cf588bb8695e_834628b3-d3ea-4f6a-ac46-cdd709d51f89.jpg/250x188.webp https://prod.pictures.autoscout24.net/listing-images/bcad676d-206a-4acb-a294-cf588bb8695e_b9c277e7-e572-4f55-b11e-a0739a3134f3.jpg/250x188.webp,27.421552979694752,815
e1a1ef55-5876-4b7a-bc1d-5e5c95276396,Volvo,XC40,T5 Recharge R Design + PANO DAK/TREKHAAK,Dealer,28900,2,52906,07-2020,2800,https://prod.pictures.autoscout24.net/listing-images/e1a1ef55-5876-4b7a-bc1d-5e5c95276396_5aaba56a-e1b2-44fe-abdc-b6779729cf17.jpg/250x188.webp https://prod.pictures.autoscout24.net/listing-images/e1a1ef55-5876-4b7a-bc1d-5e5c95276396_0de1daf3-3e81-456e-8c45-5b93805484cb.jpg/250x188.webp https://prod.pictures.autoscout24.net/listing-images/e1a1ef55-5876-4b7a-bc1d-5e5c95276396_5da59c7a-80ea-4342-8a59-df8137799ff8.jpg/250x188.webp https://prod.pictures.autoscout24.net/listing-images/e1a1ef55-5876-4b7a-bc1d-5e5c95276396_3053feea-4e90-4e12-b6f6-c17b0f8a6fec.jpg/250x188.webp https://prod.pictures.autoscout24.net/listing-images/e1a1ef55-5876-4b7a-bc1d-5e5c95276396_f2237bb6-a9fa-4c8c-8189-9e2a8d7c8de5.jpg/250x188.webp https://prod.pictures.autoscout24.net/listing-images/e1a1ef55-5876-4b7a-bc1d-5e5c95276396_d756995a-5f29-4d0a-bae1-a3ec61d59299.jpg/250x188.webp https://prod.pictures.autoscout24.net/listing-images/e1a1ef55-5876-4b7a-bc1d-5e5c95276396_6f1db554-444a-4654-a09f-0544483da022.jpg/250x188.webp https://prod.pictures.autoscout24.net/listing-images/e1a1ef55-5876-4b7a-bc1d-5e5c95276396_8906b395-a3c2-461c-8025-cfac7b2eb1d6.jpg/250x188.webp https://prod.pictures.autoscout24.net/listing-images/e1a1ef55-5876-4b7a-bc1d-5e5c95276396_e54c9ddf-69be-4ca2-bd86-4e957e91f090.jpg/250x188.webp https://prod.pictures.autoscout24.net/listing-images/e1a1ef55-5876-4b7a-bc1d-5e5c95276396_46ccbd42-cef5-416e-864d-37ece53585c1.jpg/250x188.webp https://prod.pictures.autoscout24.net/listing-images/e1a1ef55-5876-4b7a-bc1d-5e5c95276396_ecafdbd4-667c-4f38-838c-b83825fa4a9a.jpg/250x188.webp https://prod.pictures.autoscout24.net/listing-images/e1a1ef55-5876-4b7a-bc1d-5e5c95276396_9459023b-fd2f-4f6c-b0a9-63eb674759ef.jpg/250x188.webp https://prod.pictures.autoscout24.net/listing-images/e1a1ef55-5876-4b7a-bc1d-5e5c95276396_099848b5-6a70-4564-b1eb-83f815cc6048.jpg/250x188.webp https://prod.pictures.autoscout24.net/listing-images/e1a1ef55-5876-4b7a-bc1d-5e5c95276396_30c656bc-bdc1-487a-8588-0425eda116c7.jpg/250x188.webp,46.86877944970925,2063
d5326a21-b403-4400-b9c9-005e95eb9268,Volvo,XC40,T2 Micro Hybride Automaat,Dealer,28900,b,21101,11-2023,2800,https://prod.pictures.autoscout24.net/listing-images/d5326a21-b403-4400-b9c9-005e95eb9268_92f6dc0b-923f-4d6b-9b21-c0a48e39c97c.jpg/250x188.webp https://prod.pictures.autoscout24.net/listing-images/d5326a21-b403-4400-b9c9-005e95eb9268_12ec9994-d2ca-4c64-a657-9beff40be156.jpg/250x188.webp https://prod.pictures.autoscout24.net/listing-images/d5326a21-b403-4400-b9c9-005e95eb9268_a160bbc0-8190-4a2f-a443-6a8aab33f7c2.jpg/250x188.webp https://prod.pictures.autoscout24.net/listing-images/d5326a21-b403-4400-b9c9-005e95eb9268_7a04dfe9-c3bd-4248-9939-eda5e135bdd5.jpg/250x188.webp https://prod.pictures.autoscout24.net/listing-images/d5326a21-b403-4400-b9c9-005e95eb9268_94af33a4-42c0-4552-aae7-b4216eaef03a.jpg/250x188.webp https://prod.pictures.autoscout24.net/listing-images/d5326a21-b403-4400-b9c9-005e95eb9268_029d4b4f-08d6-460f-b462-649ad10b5abd.jpg/250x188.webp https://prod.pictures.autoscout24.net/listing-images/d5326a21-b403-4400-b9c9-005e95eb9268_ad901f18-a839-45e2-855e-5b39a5fc9246.jpg/250x188.webp https://prod.pictures.autoscout24.net/listing-images/d5326a21-b403-4400-b9c9-005e95eb9268_f28cfcc1-2e8c-41b0-abfb-56cbeea85284.jpg/250x188.webp https://prod.pictures.autoscout24.net/listing-images/d5326a21-b403-4400-b9c9-005e95eb9268_8d34b44d-a99d-4bdc-b5b8-a031a0e463f6.jpg/250x188.webp https://prod.pictures.autoscout24.net/listing-images/d5326a21-b403-4400-b9c9-005e95eb9268_82ee5d87-87a1-47ae-b498-654bb4b4451e.jpg/250x188.webp,46.86877944970925,845
fa563e80-f41d-44a3-8532-79844ed09a3b,Volvo,XC40,"Essential, T2 Automaat Micro hybrid, Benzine",Dealer,28900,b,28130,12-2023,8500,https://prod.pictures.autoscout24.net/listing-images/fa563e80-f41d-44a3-8532-79844ed09a3b_b383dbc1-04ff-4bca-b12f-35e1ed49f3b5.jpg/250x188.webp https://prod.pictures.autoscout24.net/listing-images/fa563e80-f41d-44a3-8532-79844ed09a3b_8535a396-593f-40f5-8c55-2f9c8de82bf5.jpg/250x188.webp https://prod.pictures.autoscout24.net/listing-images/fa563e80-f41d-44a3-8532-79844ed09a3b_c29b7e98-cc02-4208-b4b0-6ed6ff9d1de6.jpg/250x188.webp https://prod.pictures.autoscout24.net/listing-images/fa563e80-f41d-44a3-8532-79844ed09a3b_0eeefc00-5ae2-4d5b-900d-478d355ee9be.jpg/250x188.webp https://prod.pictures.autoscout24.net/listing-images/fa563e80-f41d-44a3-8532-79844ed09a3b_ab5065b3-c1ea-4aa3-9a67-09ca59e70322.jpg/250x188.webp https://prod.pictures.autoscout24.net/listing-images/fa563e80-f41d-44a3-8532-79844ed09a3b_7547269f-4a73-4295-80c2-da80f1d4da75.jpg/250x188.webp https://prod.pictures.autoscout24.net/listing-images/fa563e80-f41d-44a3-8532-79844ed09a3b_a68515f7-ab76-4c7a-80e6-26a69422aa43.jpg/250x188.webp https://prod.pictures.autoscout24.net/listing-images/fa563e80-f41d-44a3-8532-79844ed09a3b_fedb0172-7105-4eee-b529-1607b272deb3.jpg/250x188.webp https://prod.pictures.autoscout24.net/listing-images/fa563e80-f41d-44a3-8532-79844ed09a3b_a47cf4f1-3a4d-4d7b-8330-54b01980f195.jpg/250x188.webp https://prod.pictures.autoscout24.net/listing-images/fa563e80-f41d-44a3-8532-79844ed09a3b_0a3a6298-2966-4f9d-ba66-ac601aa40827.jpg/250x188.webp https://prod.pictures.autoscout24.net/listing-images/fa563e80-f41d-44a3-8532-79844ed09a3b_a0a02273-6f40-4ce8-8055-42e44688ba19.jpg/250x188.webp https://prod.pictures.autoscout24.net/listing-images/fa563e80-f41d-44a3-8532-79844ed09a3b_e9111a08-9a3d-47b7-a9ef-870f295ecab9.jpg/250x188.webp https://prod.pictures.autoscout24.net/listing-images/fa563e80-f41d-44a3-8532-79844ed09a3b_210eba4a-fd7e-4b1c-b1c5-b2164cc1c03a.jpg/250x188.webp https://prod.pictures.autoscout24.net/listing-images/fa563e80-f41d-44a3-8532-79844ed09a3b_b92e970f-f298-47e6-b2e6-e60fb60b29ea.jpg/250x188.webp https://prod.pictures.autoscout24.net/listing-images/fa563e80-f41d-44a3-8532-79844ed09a3b_8bb37e78-8932-4591-b525-b094cf02d20c.jpg/250x188.webp,110.07601369654981,815
aa132e58-5b02-47a2-8ae9-fc34fac2f854,Volvo,XC40,Inscription T2 Aut | Leder | Elektrische zetel | P,Dealer,28900,b,107339,03-2022,8630,https://prod.pictures.autoscout24.net/listing-images/aa132e58-5b02-47a2-8ae9-fc34fac2f854_923c177a-4a95-4dc2-8ec5-e09cac2e5b22.jpg/250x188.webp https://prod.pictures.autoscout24.net/listing-images/aa132e58-5b02-47a2-8ae9-fc34fac2f854_733813f7-d60f-455b-9ab3-ff4ff891a98c.jpg/250x188.webp https://prod.pictures.autoscout24.net/listing-images/aa132e58-5b02-47a2-8ae9-fc34fac2f854_87615a34-e8d8-4870-8f23-2caeea899e6b.jpg/250x188.webp https://prod.pictures.autoscout24.net/listing-images/aa132e58-5b02-47a2-8ae9-fc34fac2f854_e1c76f40-3956-4611-ae2c-4b61bd0d3630.jpg/250x188.webp https://prod.pictures.autoscout24.net/listing-images/aa132e58-5b02-47a2-8ae9-fc34fac2f854_a2113899-9757-4f33-a5a1-3ac62d5ac339.jpg/250x188.webp https://prod.pictures.autoscout24.net/listing-images/aa132e58-5b02-47a2-8ae9-fc34fac2f854_0771bcd1-dff9-47a7-a273-70bd592bf4a7.jpg/250x188.webp https://prod.pictures.autoscout24.net/listing-images/aa132e58-5b02-47a2-8ae9-fc34fac2f854_825a0954-6043-4554-8fde-1dca9927bdf0.jpg/250x188.webp https://prod.pictures.autoscout24.net/listing-images/aa132e58-5b02-47a2-8ae9-fc34fac2f854_8796498f-7bbe-45e2-87e9-647aaf9d52c1.jpg/250x188.webp https://prod.pictures.autoscout24.net/listing-images/aa132e58-5b02-47a2-8ae9-fc34fac2f854_fd1b1fad-2808-441f-b8bb-ecbaf879e6c2.jpg/250x188.webp https://prod.pictures.autoscout24.net/listing-images/aa132e58-5b02-47a2-8ae9-fc34fac2f854_cb1fa989-ce79-4831-88d0-83c89357e025.jpg/250x188.webp https://prod.pictures.autoscout24.net/listing-images/aa132e58-5b02-47a2-8ae9-fc34fac2f854_5aaf0ab8-53f5-4157-b75a-6bdf8037b759.jpg/250x188.webp https://prod.pictures.autoscout24.net/listing-images/aa132e58-5b02-47a2-8ae9-fc34fac2f854_1f67660a-fbd2-4819-8f6a-65e5f3fe4eca.jpg/250x188.webp https://prod.pictures.autoscout24.net/listing-images/aa132e58-5b02-47a2-8ae9-fc34fac2f854_67fb3e16-8bf6-4cdf-8bd3-855a3699e78d.jpg/250x188.webp https://prod.pictures.autoscout24.net/listing-images/aa132e58-5b02-47a2-8ae9-fc34fac2f854_9fdd15ae-b9a6-42ec-b22a-57b25a5913af.jpg/250x188.webp https://prod.pictures.autoscout24.net/listing-images/aa132e58-5b02-47a2-8ae9-fc34fac2f854_2edd49ba-d927-4786-9ad8-6cb50632b131.jpg/250x188.webp https://prod.pictures.autoscout24.net/listing-images/aa132e58-5b02-47a2-8ae9-fc34fac2f854_baac94d2-d396-4836-a572-467062950a96.jpg/250x188.webp https://prod.pictures.autoscout24.net/listing-images/aa132e58-5b02-47a2-8ae9-fc34fac2f854_36fd528f-d70c-4bb1-8cf9-0c466905ca33.jpg/250x188.webp https://prod.pictures.autoscout24.net/listing-images/aa132e58-5b02-47a2-8ae9-fc34fac2f854_f572aba1-1a76-4402-bca2-af550905a95b.jpg/250x188.webp https://prod.pictures.autoscout24.net/listing-images/aa132e58-5b02-47a2-8ae9-fc34fac2f854_bfa785e3-208a-4b95-b8de-8f4ce9b3cb4e.jpg/250x188.webp https://prod.pictures.autoscout24.net/listing-images/aa132e58-5b02-47a2-8ae9-fc34fac2f854_56dc899c-51a0-4f90-b52e-d5e8fafa3ded.jpg/250x188.webp https://prod.pictures.autoscout24.net/listing-images/aa132e58-5b02-47a2-8ae9-fc34fac2f854_928f75e3-5ce9-4d23-a8f8-182d624dd413.jpg/250x188.webp,132.99037552849632,1455
c819aafd-9957-44b3-b23f-4b5888b0b5e6,Volvo,XC40,T2 Automaat,Dealer,28900,b,25960,11-2023,2800,https://prod.pictures.autoscout24.net/listing-images/c819aafd-9957-44b3-b23f-4b5888b0b5e6_81cf9588-9329-4d60-9bec-92c44dfd24f8.jpg/250x188.webp https://prod.pictures.autoscout24.net/listing-images/c819aafd-9957-44b3-b23f-4b5888b0b5e6_fe8b8294-66de-4a7f-a50d-179e1332ba42.jpg/250x188.webp https://prod.pictures.autoscout24.net/listing-images/c819aafd-9957-44b3-b23f-4b5888b0b5e6_6119683b-a081-44c6-88b4-3a1f69384e2c.jpg/250x188.webp https://prod.pictures.autoscout24.net/listing-images/c819aafd-9957-44b3-b23f-4b5888b0b5e6_4e1ccca4-0bff-4363-9569-a6237d962a4f.jpg/250x188.webp https://prod.pictures.autoscout24.net/listing-images/c819aafd-9957-44b3-b23f-4b5888b0b5e6_bd8176f4-f342-4b65-bb72-8193e22e1332.jpg/250x188.webp https://prod.pictures.autoscout24.net/listing-images/c819aafd-9957-44b3-b23f-4b5888b0b5e6_f7d7e88e-c283-4a52-9241-e0e8cfbc75fd.jpg/250x188.webp https://prod.pictures.autoscout24.net/listing-images/c819aafd-9957-44b3-b23f-4b5888b0b5e6_5792474e-0751-47f5-8e94-bec00bf9425d.jpg/250x188.webp https://prod.pictures.autoscout24.net/listing-images/c819aafd-9957-44b3-b23f-4b5888b0b5e6_a55f772d-9c5f-4698-a534-ca3e88df9212.jpg/250x188.webp https://prod.pictures.autoscout24.net/listing-images/c819aafd-9957-44b3-b23f-4b5888b0b5e6_f2b110b7-e344-43fe-809f-f838ac9f4927.jpg/250x188.webp,46.86877944970925,845
08fb7ce9-213c-4916-9f2c-10681a11b84c,Volvo,XC40,Essential T2 Automaat | Trekhaak | Getinte ramen E,Dealer,28950,b,49382,12-2023,8800,https://prod.pictures.autoscout24.net/listing-images/08fb7ce9-213c-4916-9f2c-10681a11b84c_c4495d4d-3776-45e8-93ee-00581fc34e43.jpg/250x188.webp,109.03360945246584,815
307b1a85-0589-4cbe-a44f-4818cf8c5721,Volvo,XC40,"T4 Recharge Inscription CARPLAY,KEYLESS,EL.KOFFER",Dealer,28950,2,50000,06-2022,8520,https://prod.pictures.autoscout24.net/listing-images/307b1a85-0589-4cbe-a44f-4818cf8c5721_c2e51f70-ab60-4e68-87c3-62450f42c4ab.jpg/250x188.webp https://prod.pictures.autoscout24.net/listing-images/307b1a85-0589-4cbe-a44f-4818cf8c5721_12a99891-5e64-41df-bb1f-c56f4a35b649.jpg/250x188.webp https://prod.pictures.autoscout24.net/listing-images/307b1a85-0589-4cbe-a44f-4818cf8c5721_91c1806e-86bf-47d3-bbf5-b4dcbe6e5aeb.jpg/250x188.webp https://prod.pictures.autoscout24.net/listing-images/307b1a85-0589-4cbe-a44f-4818cf8c5721_44d638a6-0485-407e-a7b7-6dd578ea7d21.jpg/250x188.webp https://prod.pictures.autoscout24.net/listing-images/307b1a85-0589-4cbe-a44f-4818cf8c5721_f025e88c-be24-4685-b40c-0dda53c6a420.jpg/250x188.webp https://prod.pictures.autoscout24.net/listing-images/307b1a85-0589-4cbe-a44f-4818cf8c5721_5117a801-30c1-4e6d-a035-fe2735fa441b.jpg/250x188.webp https://prod.pictures.autoscout24.net/listing-images/307b1a85-0589-4cbe-a44f-4818cf8c5721_1ef91439-debd-49a0-a170-35d3d5f788d1.jpg/250x188.webp https://prod.pictures.autoscout24.net/listing-images/307b1a85-0589-4cbe-a44f-4818cf8c5721_fa4c73eb-0d0f-4a6e-abe0-db89a0b66e20.jpg/250x188.webp https://prod.pictures.autoscout24.net/listing-images/307b1a85-0589-4cbe-a44f-4818cf8c5721_810dd878-b8c3-4915-a62d-d12543b41e5c.jpg/250x188.webp https://prod.pictures.autoscout24.net/listing-images/307b1a85-0589-4cbe-a44f-4818cf8c5721_697c4012-0160-4047-a879-c7025dc5ca2b.jpg/250x188.webp https://prod.pictures.autoscout24.net/listing-images/307b1a85-0589-4cbe-a44f-4818cf8c5721_d44c492b-58a3-45c9-a327-891fbd8d0383.jpg/250x188.webp https://prod.pictures.autoscout24.net/listing-images/307b1a85-0589-4cbe-a44f-4818cf8c5721_607e9866-817e-4f26-85c0-4b1e19d5727c.jpg/250x188.webp https://prod.pictures.autoscout24.net/listing-images/307b1a85-0589-4cbe-a44f-4818cf8c5721_27699794-f414-4c27-997a-d2aa50b1343f.jpg/250x188.webp https://prod.pictures.autoscout24.net/listing-images/307b1a85-0589-4cbe-a44f-4818cf8c5721_cb3bafe1-3b1c-4bb2-9651-fa475381bbc2.jpg/250x188.webp https://prod.pictures.autoscout24.net/listing-images/307b1a85-0589-4cbe-a44f-4818cf8c5721_c1c5b300-2bc8-450f-bfb4-1254d2c8bd30.jpg/250x188.webp https://prod.pictures.autoscout24.net/listing-images/307b1a85-0589-4cbe-a44f-4818cf8c5721_c7e38e40-4132-4d2d-bed4-6c83c35f46dc.jpg/250x188.webp https://prod.pictures.autoscout24.net/listing-images/307b1a85-0589-4cbe-a44f-4818cf8c5721_10c093d5-b14f-49a1-bfe0-e91ee4458da2.jpg/250x188.webp https://prod.pictures.autoscout24.net/listing-images/307b1a85-0589-4cbe-a44f-4818cf8c5721_7044442b-e366-4329-9b16-0665fc10fa87.jpg/250x188.webp https://prod.pictures.autoscout24.net/listing-images/307b1a85-0589-4cbe-a44f-4818cf8c5721_96b20720-b07c-4245-bec1-67c849ee722e.jpg/250x188.webp https://prod.pictures.autoscout24.net/listing-images/307b1a85-0589-4cbe-a44f-4818cf8c5721_a00d80da-ca0e-4aef-9bf8-9d668a3f4e3e.jpg/250x188.webp https://prod.pictures.autoscout24.net/listing-images/307b1a85-0589-4cbe-a44f-4818cf8c5721_d013f1c5-b373-42e0-935f-5987c109afdc.jpg/250x188.webp https://prod.pictures.autoscout24.net/listing-images/307b1a85-0589-4cbe-a44f-4818cf8c5721_e553d862-32d3-4085-b978-3940a8164141.jpg/250x188.webp https://prod.pictures.autoscout24.net/listing-images/307b1a85-0589-4cbe-a44f-4818cf8c5721_1784db44-3f7e-4b7a-a54d-fca4c8bcd165.jpg/250x188.webp https://prod.pictures.autoscout24.net/listing-images/307b1a85-0589-4cbe-a44f-4818cf8c5721_4d242825-68d0-4924-8beb-df421be1be5d.jpg/250x188.webp https://prod.pictures.autoscout24.net/listing-images/307b1a85-0589-4cbe-a44f-4818cf8c5721_e7b98685-15eb-438c-9618-1f752bcb8922.jpg/250x188.webp https://prod.pictures.autoscout24.net/listing-images/307b1a85-0589-4cbe-a44f-4818cf8c5721_2884fb03-b2d7-490d-99ea-810aa11021bb.jpg/250x188.webp https://prod.pictures.autoscout24.net/listing-images/307b1a85-0589-4cbe-a44f-4818cf8c5721_2f714884-9fab-4438-afdc-27adb9b61caf.jpg/250x188.webp https://prod.pictures.autoscout24.net/listing-images/307b1a85-0589-4cbe-a44f-4818cf8c5721_571b49f5-9221-43db-9eb0-332ea2ac9f99.jpg/250x188.webp https://prod.pictures.autoscout24.net/listing-images/307b1a85-0589-4cbe-a44f-4818cf8c5721_55f8d26f-dc03-4417-9897-1d486a48c0f2.jpg/250x188.webp https://prod.pictures.autoscout24.net/listing-images/307b1a85-0589-4cbe-a44f-4818cf8c5721_7ca89331-cf26-4caa-bef1-410a71b3f1e6.jpg/250x188.webp,107.45339579517565,1363
0e4ebc33-da7c-4f26-8a86-dbca6c191285,Volvo,XC40,"T4 Recharge Inscription CARPLAY,CAMERA,EL.KOFFER",Dealer,28950,2,60000,09-2022,8520,https://prod.pictures.autoscout24.net/listing-images/0e4ebc33-da7c-4f26-8a86-dbca6c191285_1dcd3a62-3d32-449a-9e4f-81c534e1f0e3.jpg/250x188.webp https://prod.pictures.autoscout24.net/listing-images/0e4ebc33-da7c-4f26-8a86-dbca6c191285_41a17e1e-8f83-4b0e-81be-f534f70c0b78.jpg/250x188.webp https://prod.pictures.autoscout24.net/listing-images/0e4ebc33-da7c-4f26-8a86-dbca6c191285_35f280f8-e7f9-4039-af90-15fd5f206cb1.jpg/250x188.webp https://prod.pictures.autoscout24.net/listing-images/0e4ebc33-da7c-4f26-8a86-dbca6c191285_b302ed84-62dc-4a21-8908-c91870ba80bf.jpg/250x188.webp https://prod.pictures.autoscout24.net/listing-images/0e4ebc33-da7c-4f26-8a86-dbca6c191285_c03d5ffd-18f8-46cf-98ab-325f29f9c213.jpg/250x188.webp https://prod.pictures.autoscout24.net/listing-images/0e4ebc33-da7c-4f26-8a86-dbca6c191285_7c23057f-6112-4b90-93c3-b78d5f6397b5.jpg/250x188.webp https://prod.pictures.autoscout24.net/listing-images/0e4ebc33-da7c-4f26-8a86-dbca6c191285_593e49c5-5d49-4d89-ac5c-1d72593ed857.jpg/250x188.webp https://prod.pictures.autoscout24.net/listing-images/0e4ebc33-da7c-4f26-8a86-dbca6c191285_1bc02346-d1e1-4955-8b62-ab4cf7f6e7ed.jpg/250x188.webp https://prod.pictures.autoscout24.net/listing-images/0e4ebc33-da7c-4f26-8a86-dbca6c191285_8db4562d-8024-488e-b9ae-f4b8bd70ceab.jpg/250x188.webp https://prod.pictures.autoscout24.net/listing-images/0e4ebc33-da7c-4f26-8a86-dbca6c191285_e1e82e75-be09-4d88-8a70-f35bbae5403a.jpg/250x188.webp https://prod.pictures.autoscout24.net/listing-images/0e4ebc33-da7c-4f26-8a86-dbca6c191285_1f5a90fb-393b-4783-a871-d091a67c8c38.jpg/250x188.webp https://prod.pictures.autoscout24.net/listing-images/0e4ebc33-da7c-4f26-8a86-dbca6c191285_f9bd26f5-0c62-45f8-a3c4-b6b49b018a59.jpg/250x188.webp https://prod.pictures.autoscout24.net/listing-images/0e4ebc33-da7c-4f26-8a86-dbca6c191285_99468841-1849-4080-ae8a-6f5f4d4912a5.jpg/250x188.webp https://prod.pictures.autoscout24.net/listing-images/0e4ebc33-da7c-4f26-8a86-dbca6c191285_ec635661-d5f6-417a-8007-cce00031d89d.jpg/250x188.webp https://prod.pictures.autoscout24.net/listing-images/0e4ebc33-da7c-4f26-8a86-dbca6c191285_28f12564-1d8b-4e63-b221-fd0850aeadc8.jpg/250x188.webp https://prod.pictures.autoscout24.net/listing-images/0e4ebc33-da7c-4f26-8a86-dbca6c191285_6ab0886c-28da-4371-ad18-832de161dc02.jpg/250x188.webp https://prod.pictures.autoscout24.net/listing-images/0e4ebc33-da7c-4f26-8a86-dbca6c191285_1b04d72e-89fc-4cdd-8464-717fa666b8aa.jpg/250x188.webp https://prod.pictures.autoscout24.net/listing-images/0e4ebc33-da7c-4f26-8a86-dbca6c191285_eee7aa95-cfb0-4b27-a109-4ed3ff576d4b.jpg/250x188.webp https://prod.pictures.autoscout24.net/listing-images/0e4ebc33-da7c-4f26-8a86-dbca6c191285_32693cef-1b12-41ca-a5b9-0003c073b2a5.jpg/250x188.webp https://prod.pictures.autoscout24.net/listing-images/0e4ebc33-da7c-4f26-8a86-dbca6c191285_d0014699-c31c-4337-8647-fbb6aa1fe2ba.jpg/250x188.webp https://prod.pictures.autoscout24.net/listing-images/0e4ebc33-da7c-4f26-8a86-dbca6c191285_c5f6e564-fc62-4681-9994-e475b25e18e3.jpg/250x188.webp https://prod.pictures.autoscout24.net/listing-images/0e4ebc33-da7c-4f26-8a86-dbca6c191285_b4f9aee3-706c-499a-8488-c40de3719daa.jpg/250x188.webp https://prod.pictures.autoscout24.net/listing-images/0e4ebc33-da7c-4f26-8a86-dbca6c191285_4a37b628-74c5-42e1-980a-c66c3296692b.jpg/250x188.webp https://prod.pictures.autoscout24.net/listing-images/0e4ebc33-da7c-4f26-8a86-dbca6c191285_3b997753-88a3-4aed-bb4e-f0ebb2437e63.jpg/250x188.webp https://prod.pictures.autoscout24.net/listing-images/0e4ebc33-da7c-4f26-8a86-dbca6c191285_06d591fa-7fa5-44fd-bdc4-2701223f5df2.jpg/250x188.webp https://prod.pictures.autoscout24.net/listing-images/0e4ebc33-da7c-4f26-8a86-dbca6c191285_623ba5ab-d225-45d7-ae67-773dd1641189.jpg/250x188.webp https://prod.pictures.autoscout24.net/listing-images/0e4ebc33-da7c-4f26-8a86-dbca6c191285_aae64a3c-44cf-432b-ac6b-32edfea9f9c4.jpg/250x188.webp https://prod.pictures.autoscout24.net/listing-images/0e4ebc33-da7c-4f26-8a86-dbca6c191285_53c06584-d193-4431-b0b2-b3624355f2e1.jpg/250x188.webp https://prod.pictures.autoscout24.net/listing-images/0e4ebc33-da7c-4f26-8a86-dbca6c191285_464da538-dca3-4362-b3fd-c2b2928cfbe4.jpg/250x188.webp https://prod.pictures.autoscout24.net/listing-images/0e4ebc33-da7c-4f26-8a86-dbca6c191285_86143fac-8531-45e1-9876-7c9fbd5d0176.jpg/250x188.webp,107.45339579517565,1271
c3aec0ee-00ff-4865-9b26-4d7d6833430d,Volvo,XC40,T2 Automaat Micro hybrid,Dealer,28990,b,53512,12-2023,2100,https://prod.pictures.autoscout24.net/listing-images/c3aec0ee-00ff-4865-9b26-4d7d6833430d_0514bbb0-85ad-4f9a-aae1-0e439275f8bc.jpg/250x188.webp https://prod.pictures.autoscout24.net/listing-images/c3aec0ee-00ff-4865-9b26-4d7d6833430d_ce3f7699-897f-4500-90e9-8d1a11065a9a.jpg/250x188.webp https://prod.pictures.autoscout24.net/listing-images/c3aec0ee-00ff-4865-9b26-4d7d6833430d_3a30e9ec-3cd7-4cf2-bb37-4a6bd83da502.jpg/250x188.webp https://prod.pictures.autoscout24.net/listing-images/c3aec0ee-00ff-4865-9b26-4d7d6833430d_902e44a9-5003-4f3e-9cff-48e9c43d3710.jpg/250x188.webp https://prod.pictures.autoscout24.net/listing-images/c3aec0ee-00ff-4865-9b26-4d7d6833430d_43deb9be-77a0-46a0-81b0-3cbeb7bf9816.jpg/250x188.webp https://prod.pictures.autoscout24.net/listing-images/c3aec0ee-00ff-4865-9b26-4d7d6833430d_f0790fb0-9d26-43b2-a31a-c04836d7661e.jpg/250x188.webp https://prod.pictures.autoscout24.net/listing-images/c3aec0ee-00ff-4865-9b26-4d7d6833430d_b3a93bdd-f2de-401d-92cb-5f0294252d72.jpg/250x188.webp,27.421552979694752,815
7ca90e60-86c3-48cd-bbaa-a427fd640750,Volvo,XC40,T2 Automaat Micro hybrid + electr trekhaak,Dealer,28990,b,50320,12-2023,2100,https://prod.pictures.autoscout24.net/listing-images/7ca90e60-86c3-48cd-bbaa-a427fd640750_55758f84-f8e6-4cb2-bbb6-7ce8af24f654.jpg/250x188.webp https://prod.pictures.autoscout24.net/listing-images/7ca90e60-86c3-48cd-bbaa-a427fd640750_46603334-7be6-4df5-b25c-848234c458e5.jpg/250x188.webp https://prod.pictures.autoscout24.net/listing-images/7ca90e60-86c3-48cd-bbaa-a427fd640750_c75cf4d2-834a-4fe2-8187-a6f1afa18bd7.jpg/250x188.webp https://prod.pictures.autoscout24.net/listing-images/7ca90e60-86c3-48cd-bbaa-a427fd640750_2e736929-6bed-4d59-b6da-2ce5eaeababd.jpg/250x188.webp https://prod.pictures.autoscout24.net/listing-images/7ca90e60-86c3-48cd-bbaa-a427fd640750_e8763863-1a53-4e4e-8108-0d39ff151032.jpg/250x188.webp https://prod.pictures.autoscout24.net/listing-images/7ca90e60-86c3-48cd-bbaa-a427fd640750_cac301ed-fff5-4d3e-a120-36f569695e18.jpg/250x188.webp https://prod.pictures.autoscout24.net/listing-images/7ca90e60-86c3-48cd-bbaa-a427fd640750_3f731076-63e6-43e0-a260-53a7326e9c8c.jpg/250x188.webp,27.421552979694752,815
ec96daee-6a60-4e94-9f04-ca5e035ce13a,Volvo,XC40,INSCRIPTION T4 AWD AUTOMAAT OPEN DAK 64000KM!!!!,Dealer,28990,b,64867,01-2020,3110,https://prod.pictures.autoscout24.net/listing-images/ec96daee-6a60-4e94-9f04-ca5e035ce13a_19555300-9a28-447d-b011-fa21bab995ac.jpg/250x188.webp https://prod.pictures.autoscout24.net/listing-images/ec96daee-6a60-4e94-9f04-ca5e035ce13a_d915d3e4-4f7b-4cf8-801d-a4b53e81f635.jpg/250x188.webp https://prod.pictures.autoscout24.net/listing-images/ec96daee-6a60-4e94-9f04-ca5e035ce13a_2148d159-bc35-4995-b4e7-36d801591791.jpg/250x188.webp https://prod.pictures.autoscout24.net/listing-images/ec96daee-6a60-4e94-9f04-ca5e035ce13a_ad17243a-15db-482f-bcc8-388480109218.jpg/250x188.webp https://prod.pictures.autoscout24.net/listing-images/ec96daee-6a60-4e94-9f04-ca5e035ce13a_ccc22ce1-8744-4948-995e-41139fabb54c.jpg/250x188.webp https://prod.pictures.autoscout24.net/listing-images/ec96daee-6a60-4e94-9f04-ca5e035ce13a_fcb95f58-1b22-420e-9e8f-b39f1796a922.jpg/250x188.webp https://prod.pictures.autoscout24.net/listing-images/ec96daee-6a60-4e94-9f04-ca5e035ce13a_b7feecf8-48e4-4429-a97d-8190863f1bac.jpg/250x188.webp https://prod.pictures.autoscout24.net/listing-images/ec96daee-6a60-4e94-9f04-ca5e035ce13a_b19e0064-614a-4f20-a160-09e2eb778c28.jpg/250x188.webp https://prod.pictures.autoscout24.net/listing-images/ec96daee-6a60-4e94-9f04-ca5e035ce13a_f71a25c3-8611-45d2-a9b8-accdea23e8d5.jpg/250x188.webp https://prod.pictures.autoscout24.net/listing-images/ec96daee-6a60-4e94-9f04-ca5e035ce13a_c8e09354-aad2-41c0-a46a-6aafcf268827.jpg/250x188.webp https://prod.pictures.autoscout24.net/listing-images/ec96daee-6a60-4e94-9f04-ca5e035ce13a_24833ea4-7255-4dd9-9b34-c6221301835f.jpg/250x188.webp https://prod.pictures.autoscout24.net/listing-images/ec96daee-6a60-4e94-9f04-ca5e035ce13a_901bafa2-17d2-4d1d-8d22-bf446a0a7d90.jpg/250x188.webp https://prod.pictures.autoscout24.net/listing-images/ec96daee-6a60-4e94-9f04-ca5e035ce13a_3f4e57f5-04b5-4dc4-a5eb-2d2049e34017.jpg/250x188.webp https://prod.pictures.autoscout24.net/listing-images/ec96daee-6a60-4e94-9f04-ca5e035ce13a_a1effac3-537f-433a-981d-cc6a86f55e99.jpg/250x188.webp https://prod.pictures.autoscout24.net/listing-images/ec96daee-6a60-4e94-9f04-ca5e035ce13a_32f7a42a-ce56-4348-8f66-8e93ab04ea73.jpg/250x188.webp https://prod.pictures.autoscout24.net/listing-images/ec96daee-6a60-4e94-9f04-ca5e035ce13a_5268daff-965c-4e51-b153-2ff924e98563.jpg/250x188.webp https://prod.pictures.autoscout24.net/listing-images/ec96daee-6a60-4e94-9f04-ca5e035ce13a_66a9f3de-2ee9-4488-8f34-2c027e99672b.jpg/250x188.webp https://prod.pictures.autoscout24.net/listing-images/ec96daee-6a60-4e94-9f04-ca5e035ce13a_e4ba205a-643d-4262-b7ef-c0a46ae6a7cc.jpg/250x188.webp https://prod.pictures.autoscout24.net/listing-images/ec96daee-6a60-4e94-9f04-ca5e035ce13a_4c0928c8-98b3-45ac-80c0-976606c78031.jpg/250x188.webp https://prod.pictures.autoscout24.net/listing-images/ec96daee-6a60-4e94-9f04-ca5e035ce13a_80a8f312-7d9c-4276-a752-c57d30e99f5e.jpg/250x188.webp https://prod.pictures.autoscout24.net/listing-images/ec96daee-6a60-4e94-9f04-ca5e035ce13a_4435ee7f-d95d-450f-8201-0baf4eac6453.jpg/250x188.webp,59.79775666035793,2245
d54539ec-ea57-43e9-9677-4e2e885b848c,Volvo,XC40,Recharge Inscription  T5 plug-in hybrid,Dealer,28990,2,41093,11-2020,7033,https://prod.pictures.autoscout24.net/listing-images/d54539ec-ea57-43e9-9677-4e2e885b848c_de8c407c-41c4-488f-acde-5a8928429380.jpg/250x188.webp https://prod.pictures.autoscout24.net/listing-images/d54539ec-ea57-43e9-9677-4e2e885b848c_073f1c2c-87ec-4eb2-a53d-3b83ae96b759.jpg/250x188.webp https://prod.pictures.autoscout24.net/listing-images/d54539ec-ea57-43e9-9677-4e2e885b848c_3c1319bc-b55a-4625-80f0-bf2b847f201d.jpg/250x188.webp https://prod.pictures.autoscout24.net/listing-images/d54539ec-ea57-43e9-9677-4e2e885b848c_e574df18-e133-4645-bb10-07b101c9cf0d.jpg/250x188.webp https://prod.pictures.autoscout24.net/listing-images/d54539ec-ea57-43e9-9677-4e2e885b848c_2339d8b2-bb4c-4b63-8e39-2f25f7c4917a.jpg/250x188.webp https://prod.pictures.autoscout24.net/listing-images/d54539ec-ea57-43e9-9677-4e2e885b848c_e17f9da2-f054-4db9-bfd6-83da6dc16daa.jpg/250x188.webp https://prod.pictures.autoscout24.net/listing-images/d54539ec-ea57-43e9-9677-4e2e885b848c_b0b0f55c-f0cd-4698-90c3-836301b7f15d.jpg/250x188.webp https://prod.pictures.autoscout24.net/listing-images/d54539ec-ea57-43e9-9677-4e2e885b848c_c733ce0c-1e63-4d9c-91a3-d56ba85dda5c.jpg/250x188.webp https://prod.pictures.autoscout24.net/listing-images/d54539ec-ea57-43e9-9677-4e2e885b848c_bdf653e5-a628-4add-b1e8-f7caa3292ce0.jpg/250x188.webp https://prod.pictures.autoscout24.net/listing-images/d54539ec-ea57-43e9-9677-4e2e885b848c_bf7c44ba-874e-4b24-bef1-8cab52b004c6.jpg/250x188.webp https://prod.pictures.autoscout24.net/listing-images/d54539ec-ea57-43e9-9677-4e2e885b848c_6f3c0130-d18a-410a-be03-0fb479c39163.jpg/250x188.webp https://prod.pictures.autoscout24.net/listing-images/d54539ec-ea57-43e9-9677-4e2e885b848c_3d2f3915-87b5-493c-b193-eabd85efd491.jpg/250x188.webp https://prod.pictures.autoscout24.net/listing-images/d54539ec-ea57-43e9-9677-4e2e885b848c_f20cf6d5-1182-4a27-911c-359c65cf5050.jpg/250x188.webp https://prod.pictures.autoscout24.net/listing-images/d54539ec-ea57-43e9-9677-4e2e885b848c_ac75932e-2f3c-4534-9157-70231f9b9187.jpg/250x188.webp,120.92234590410432,1940
66966221-5035-4eb5-b38c-2310c45e730a,Volvo,XC40,T2 Automaat Micro hybrid,Dealer,28990,b,25571,11-2023,2100,https://prod.pictures.autoscout24.net/listing-images/66966221-5035-4eb5-b38c-2310c45e730a_cd1f5f86-2ea8-4b66-a3d2-6f33c4f511f8.jpg/250x188.webp https://prod.pictures.autoscout24.net/listing-images/66966221-5035-4eb5-b38c-2310c45e730a_5a3564f7-5ccc-4201-b9c3-7148fbc44707.jpg/250x188.webp https://prod.pictures.autoscout24.net/listing-images/66966221-5035-4eb5-b38c-2310c45e730a_5edb368e-1987-416f-872b-bf66dcaa9a36.jpg/250x188.webp https://prod.pictures.autoscout24.net/listing-images/66966221-5035-4eb5-b38c-2310c45e730a_a100e9c0-6b4c-46bb-8fb5-5259842497d6.jpg/250x188.webp https://prod.pictures.autoscout24.net/listing-images/66966221-5035-4eb5-b38c-2310c45e730a_1c389527-b13c-4928-9242-f13b60f0dc60.jpg/250x188.webp https://prod.pictures.autoscout24.net/listing-images/66966221-5035-4eb5-b38c-2310c45e730a_01a25737-4c6b-400e-b286-54ee8447cc0c.jpg/250x188.webp https://prod.pictures.autoscout24.net/listing-images/66966221-5035-4eb5-b38c-2310c45e730a_e144cee8-06c8-4b05-83b4-2aa5e8f718eb.jpg/250x188.webp https://prod.pictures.autoscout24.net/listing-images/66966221-5035-4eb5-b38c-2310c45e730a_35c2af00-f248-44e2-99f4-79388b9a2434.jpg/250x188.webp https://prod.pictures.autoscout24.net/listing-images/66966221-5035-4eb5-b38c-2310c45e730a_9facc0fc-8d0a-4a31-9e1f-91cbc9af4da5.jpg/250x188.webp https://prod.pictures.autoscout24.net/listing-images/66966221-5035-4eb5-b38c-2310c45e730a_7296969d-12f1-4b8c-b23a-dda4e5896c48.jpg/250x188.webp,27.421552979694752,845
20043965-d107-4da0-9c18-65911f5f5e12,Volvo,XC40,1.5 T5 TE PHEV R-Design Intellisafe Pro LEDER/ALCA,Dealer,28990,2,47499,10-2020,2630,https://prod.pictures.autoscout24.net/listing-images/20043965-d107-4da0-9c18-65911f5f5e12_ee8e0250-62b4-4e7b-acbd-3d3177594940.jpg/250x188.webp https://prod.pictures.autoscout24.net/listing-images/20043965-d107-4da0-9c18-65911f5f5e12_38a91ebb-74f8-43a1-a523-041ab253d12d.jpg/250x188.webp https://prod.pictures.autoscout24.net/listing-images/20043965-d107-4da0-9c18-65911f5f5e12_d062f191-6360-41a1-a7e9-071672a0faf5.jpg/250x188.webp https://prod.pictures.autoscout24.net/listing-images/20043965-d107-4da0-9c18-65911f5f5e12_9ecd146b-ba69-4d85-8427-2d76c953d1df.jpg/250x188.webp https://prod.pictures.autoscout24.net/listing-images/20043965-d107-4da0-9c18-65911f5f5e12_962ee513-e80a-40d4-a5d0-b08b0935da0f.jpg/250x188.webp https://prod.pictures.autoscout24.net/listing-images/20043965-d107-4da0-9c18-65911f5f5e12_9dd21514-06e0-4e4a-bb63-e4867bc0117d.jpg/250x188.webp https://prod.pictures.autoscout24.net/listing-images/20043965-d107-4da0-9c18-65911f5f5e12_48534875-ed7f-4f5f-ac5b-f3323b56f651.jpg/250x188.webp https://prod.pictures.autoscout24.net/listing-images/20043965-d107-4da0-9c18-65911f5f5e12_e9fa6f3f-1c2f-4292-b199-2dd9788cc535.jpg/250x188.webp https://prod.pictures.autoscout24.net/listing-images/20043965-d107-4da0-9c18-65911f5f5e12_a5ed4643-1622-4704-986e-10dea7c12542.jpg/250x188.webp https://prod.pictures.autoscout24.net/listing-images/20043965-d107-4da0-9c18-65911f5f5e12_d47b5de8-5eaf-44a6-bc20-4c56e0fab0c0.jpg/250x188.webp https://prod.pictures.autoscout24.net/listing-images/20043965-d107-4da0-9c18-65911f5f5e12_70917914-6ceb-4a67-b47c-dd1e855f7896.jpg/250x188.webp https://prod.pictures.autoscout24.net/listing-images/20043965-d107-4da0-9c18-65911f5f5e12_eb612450-1f3d-46e9-97a1-ff4d8574d2a1.jpg/250x188.webp https://prod.pictures.autoscout24.net/listing-images/20043965-d107-4da0-9c18-65911f5f5e12_23c2b879-c0a0-4d28-a9cd-58472fc437f4.jpg/250x188.webp https://prod.pictures.autoscout24.net/listing-images/20043965-d107-4da0-9c18-65911f5f5e12_f0c410cd-78c0-41e2-9855-fc10aaa312c8.jpg/250x188.webp https://prod.pictures.autoscout24.net/listing-images/20043965-d107-4da0-9c18-65911f5f5e12_d90b3244-9b4d-40a3-8f16-6fa2d43b5e5a.jpg/250x188.webp https://prod.pictures.autoscout24.net/listing-images/20043965-d107-4da0-9c18-65911f5f5e12_ff6b37d3-d2f3-4234-82d4-6e891148e1ac.jpg/250x188.webp https://prod.pictures.autoscout24.net/listing-images/20043965-d107-4da0-9c18-65911f5f5e12_c89e94d7-6d3b-4c26-8159-876341acdd23.jpg/250x188.webp https://prod.pictures.autoscout24.net/listing-images/20043965-d107-4da0-9c18-65911f5f5e12_8fe829f0-a623-414b-a51c-a057cd23349c.jpg/250x188.webp https://prod.pictures.autoscout24.net/listing-images/20043965-d107-4da0-9c18-65911f5f5e12_52d9e8d4-dccd-46f1-83d0-198acefcfe65.jpg/250x188.webp https://prod.pictures.autoscout24.net/listing-images/20043965-d107-4da0-9c18-65911f5f5e12_bd781e39-2b4a-4b6a-875b-f82a364e2647.jpg/250x188.webp https://prod.pictures.autoscout24.net/listing-images/20043965-d107-4da0-9c18-65911f5f5e12_57765d0c-509a-4abb-b7ec-8be00d55603f.jpg/250x188.webp,37.55427282853161,1971
9bfc7fd7-943d-4320-bf47-9d0eff53a05b,Volvo,XC40,XC40 1.5 T2 Core Geartronic,Dealer,28990,b,22519,08-2024,1360,https://prod.pictures.autoscout24.net/listing-images/9bfc7fd7-943d-4320-bf47-9d0eff53a05b_99fb8087-e0c6-4d9a-967d-6e396851cb22.jpg/250x188.webp https://prod.pictures.autoscout24.net/listing-images/9bfc7fd7-943d-4320-bf47-9d0eff53a05b_00bc5cac-892d-4acf-bcb4-eb8a01682c4f.jpg/250x188.webp https://prod.pictures.autoscout24.net/listing-images/9bfc7fd7-943d-4320-bf47-9d0eff53a05b_39c32ba7-71c4-427f-b104-a04b69d54d16.jpg/250x188.webp https://prod.pictures.autoscout24.net/listing-images/9bfc7fd7-943d-4320-bf47-9d0eff53a05b_4de16901-bcb6-4cec-a262-225a500d4893.jpg/250x188.webp https://prod.pictures.autoscout24.net/listing-images/9bfc7fd7-943d-4320-bf47-9d0eff53a05b_baf5f8cd-af3b-4e73-b65b-810cbf85c3a7.jpg/250x188.webp https://prod.pictures.autoscout24.net/listing-images/9bfc7fd7-943d-4320-bf47-9d0eff53a05b_d776b343-f6b5-463d-bad5-3b1e496849d5.jpg/250x188.webp https://prod.pictures.autoscout24.net/listing-images/9bfc7fd7-943d-4320-bf47-9d0eff53a05b_6e2f959c-4e38-4434-b046-61102c0dd254.jpg/250x188.webp https://prod.pictures.autoscout24.net/listing-images/9bfc7fd7-943d-4320-bf47-9d0eff53a05b_de3728e9-1c79-4881-8546-3ce56f8e80c2.jpg/250x188.webp https://prod.pictures.autoscout24.net/listing-images/9bfc7fd7-943d-4320-bf47-9d0eff53a05b_b38556f5-38a5-4f4e-a24a-d8baee6a57bf.jpg/250x188.webp https://prod.pictures.autoscout24.net/listing-images/9bfc7fd7-943d-4320-bf47-9d0eff53a05b_def9ab53-e057-40c8-9bed-17a5bcf3745e.jpg/250x188.webp https://prod.pictures.autoscout24.net/listing-images/9bfc7fd7-943d-4320-bf47-9d0eff53a05b_e050d1d9-103a-4de3-bbd1-dd43370a4991.jpg/250x188.webp https://prod.pictures.autoscout24.net/listing-images/9bfc7fd7-943d-4320-bf47-9d0eff53a05b_6d571614-fea2-4120-bd2a-a3ac78473e81.jpg/250x188.webp https://prod.pictures.autoscout24.net/listing-images/9bfc7fd7-943d-4320-bf47-9d0eff53a05b_96b2b261-7107-41aa-af01-ee97e6b09dc5.jpg/250x188.webp https://prod.pictures.autoscout24.net/listing-images/9bfc7fd7-943d-4320-bf47-9d0eff53a05b_87b59d08-8683-4010-af70-ad3dfc86d7c5.jpg/250x188.webp https://prod.pictures.autoscout24.net/listing-images/9bfc7fd7-943d-4320-bf47-9d0eff53a05b_17bc6e8e-f46c-427f-a33c-3e567f7c5277.jpg/250x188.webp https://prod.pictures.autoscout24.net/listing-images/9bfc7fd7-943d-4320-bf47-9d0eff53a05b_64849235-b796-4f1f-bdfb-5e5c77f520d5.jpg/250x188.webp https://prod.pictures.autoscout24.net/listing-images/9bfc7fd7-943d-4320-bf47-9d0eff53a05b_f29fe2ae-a160-405d-b8e8-1f3663e98e13.jpg/250x188.webp https://prod.pictures.autoscout24.net/listing-images/9bfc7fd7-943d-4320-bf47-9d0eff53a05b_e769e14d-9497-420e-a6e5-a059fc82a639.jpg/250x188.webp https://prod.pictures.autoscout24.net/listing-images/9bfc7fd7-943d-4320-bf47-9d0eff53a05b_e83b4271-2e80-4a76-ac7d-fad76e36dbaf.jpg/250x188.webp https://prod.pictures.autoscout24.net/listing-images/9bfc7fd7-943d-4320-bf47-9d0eff53a05b_20799ba4-4e03-4886-b31a-153130033377.jpg/250x188.webp https://prod.pictures.autoscout24.net/listing-images/9bfc7fd7-943d-4320-bf47-9d0eff53a05b_ef3042b6-654b-4555-bf34-b6ea9627b292.jpg/250x188.webp https://prod.pictures.autoscout24.net/listing-images/9bfc7fd7-943d-4320-bf47-9d0eff53a05b_df6d5ac7-fee8-4fc8-adf3-606cc207e507.jpg/250x188.webp https://prod.pictures.autoscout24.net/listing-images/9bfc7fd7-943d-4320-bf47-9d0eff53a05b_e8787dbc-662f-4e73-a434-3afbb6979619.jpg/250x188.webp,94.95578091076999,571
6b379310-ccfd-47b8-8cb3-6262235bf59b,Volvo,XC40,1.5 T2 Geartronic Core + Sensus GPS + Camera,Dealer,28995,b,19274,03-2024,8830,https://prod.pictures.autoscout24.net/listing-images/6b379310-ccfd-47b8-8cb3-6262235bf59b_05b77090-bee5-4943-8451-5d66765688d9.jpg/250x188.webp https://prod.pictures.autoscout24.net/listing-images/6b379310-ccfd-47b8-8cb3-6262235bf59b_85db568f-0420-4aab-8bc7-7dabbbe7a8f2.jpg/250x188.webp https://prod.pictures.autoscout24.net/listing-images/6b379310-ccfd-47b8-8cb3-6262235bf59b_6559fe1a-385e-438b-be86-5dcf2bd69c4f.jpg/250x188.webp https://prod.pictures.autoscout24.net/listing-images/6b379310-ccfd-47b8-8cb3-6262235bf59b_c7ba857e-7ba0-4c24-a8e2-3e1b457e4491.jpg/250x188.webp https://prod.pictures.autoscout24.net/listing-images/6b379310-ccfd-47b8-8cb3-6262235bf59b_4cac664c-836b-475f-b94b-8b1915dcd87a.jpg/250x188.webp https://prod.pictures.autoscout24.net/listing-images/6b379310-ccfd-47b8-8cb3-6262235bf59b_fd7672e2-292e-4eaf-9213-35df9eb663e8.jpg/250x188.webp https://prod.pictures.autoscout24.net/listing-images/6b379310-ccfd-47b8-8cb3-6262235bf59b_8567a798-ea05-4342-bf4d-f6fb07fb3187.jpg/250x188.webp https://prod.pictures.autoscout24.net/listing-images/6b379310-ccfd-47b8-8cb3-6262235bf59b_dccd65b3-3bc7-4b03-8c9a-2409e3d5afe9.jpg/250x188.webp https://prod.pictures.autoscout24.net/listing-images/6b379310-ccfd-47b8-8cb3-6262235bf59b_5f5eabb0-410e-46a9-a1d0-3c0b4cc7dfde.jpg/250x188.webp https://prod.pictures.autoscout24.net/listing-images/6b379310-ccfd-47b8-8cb3-6262235bf59b_26681472-a0ba-437a-afd6-f9ed8143263d.jpg/250x188.webp https://prod.pictures.autoscout24.net/listing-images/6b379310-ccfd-47b8-8cb3-6262235bf59b_6cac9cad-23ca-42bb-9216-3634d60d8027.jpg/250x188.webp https://prod.pictures.autoscout24.net/listing-images/6b379310-ccfd-47b8-8cb3-6262235bf59b_1693d662-0dec-4a31-a056-e25f852c3d52.jpg/250x188.webp https://prod.pictures.autoscout24.net/listing-images/6b379310-ccfd-47b8-8cb3-6262235bf59b_d402230f-81d4-493a-b94c-07ba740b0baa.jpg/250x188.webp https://prod.pictures.autoscout24.net/listing-images/6b379310-ccfd-47b8-8cb3-6262235bf59b_7bc4590c-1a94-44e2-83a3-bc70dccfc320.jpg/250x188.webp https://prod.pictures.autoscout24.net/listing-images/6b379310-ccfd-47b8-8cb3-6262235bf59b_03c88a7c-b8ca-4b82-abb9-e48996d23b99.jpg/250x188.webp https://prod.pictures.autoscout24.net/listing-images/6b379310-ccfd-47b8-8cb3-6262235bf59b_13f595c6-7134-419a-b86b-881c1bd659fe.jpg/250x188.webp https://prod.pictures.autoscout24.net/listing-images/6b379310-ccfd-47b8-8cb3-6262235bf59b_6fba203b-ad26-4d69-a827-90c576d43bd2.jpg/250x188.webp https://prod.pictures.autoscout24.net/listing-images/6b379310-ccfd-47b8-8cb3-6262235bf59b_da3bd442-001d-439e-b5b4-afde8c93b76e.jpg/250x188.webp https://prod.pictures.autoscout24.net/listing-images/6b379310-ccfd-47b8-8cb3-6262235bf59b_1305ee85-90da-43f4-ad32-37af06442670.jpg/250x188.webp https://prod.pictures.autoscout24.net/listing-images/6b379310-ccfd-47b8-8cb3-6262235bf59b_18a86ff2-9376-4684-9645-7d95168b6de3.jpg/250x188.webp https://prod.pictures.autoscout24.net/listing-images/6b379310-ccfd-47b8-8cb3-6262235bf59b_027a6ede-9025-420a-9708-dbc91c715ef6.jpg/250x188.webp https://prod.pictures.autoscout24.net/listing-images/6b379310-ccfd-47b8-8cb3-6262235bf59b_fc1dbabc-d575-498d-9723-1b505636c1ea.jpg/250x188.webp https://prod.pictures.autoscout24.net/listing-images/6b379310-ccfd-47b8-8cb3-6262235bf59b_56f35bf9-1c88-43b0-bcbe-23a98ff964dc.jpg/250x188.webp https://prod.pictures.autoscout24.net/listing-images/6b379310-ccfd-47b8-8cb3-6262235bf59b_4e9e5ba4-6836-427a-9e97-143e2245527a.jpg/250x188.webp,109.7708516918902,724
67b26653-94c1-4a84-8875-679ce4937b4b,Volvo,XC40,"Core, T2 Automaat , Benzine",Dealer,28999,b,46441,11-2023,1930,https://prod.pictures.autoscout24.net/listing-images/67b26653-94c1-4a84-8875-679ce4937b4b_f9b16678-a49a-40e5-9314-7c475b87fbcb.jpg/250x188.webp https://prod.pictures.autoscout24.net/listing-images/67b26653-94c1-4a84-8875-679ce4937b4b_e3ce1705-9d66-4af6-a4b3-23e68aaaeaff.jpg/250x188.webp https://prod.pictures.autoscout24.net/listing-images/67b26653-94c1-4a84-8875-679ce4937b4b_f2ee67b7-b409-4d8b-829e-ad7e45735a58.jpg/250x188.webp https://prod.pictures.autoscout24.net/listing-images/67b26653-94c1-4a84-8875-679ce4937b4b_a14618ab-ea2c-4615-a89a-45a127025297.jpg/250x188.webp https://prod.pictures.autoscout24.net/listing-images/67b26653-94c1-4a84-8875-679ce4937b4b_7b00ba6a-9408-49bc-9dc8-2cbe80743fbb.jpg/250x188.webp https://prod.pictures.autoscout24.net/listing-images/67b26653-94c1-4a84-8875-679ce4937b4b_3ee8f021-d855-4418-9fe5-cb66ffdd34be.jpg/250x188.webp https://prod.pictures.autoscout24.net/listing-images/67b26653-94c1-4a84-8875-679ce4937b4b_fa664b61-c888-4842-8685-997ce75e0534.jpg/250x188.webp https://prod.pictures.autoscout24.net/listing-images/67b26653-94c1-4a84-8875-679ce4937b4b_74024001-b822-4e7a-9e8c-5d7989129ef9.jpg/250x188.webp https://prod.pictures.autoscout24.net/listing-images/67b26653-94c1-4a84-8875-679ce4937b4b_08da9eec-cddc-40f0-ac1f-18ea57c3d05a.jpg/250x188.webp https://prod.pictures.autoscout24.net/listing-images/67b26653-94c1-4a84-8875-679ce4937b4b_4e2a5c61-7a8b-4a73-a799-697b87c32178.jpg/250x188.webp https://prod.pictures.autoscout24.net/listing-images/67b26653-94c1-4a84-8875-679ce4937b4b_b295c020-8a8a-4a8f-a5a3-8bf92b480fad.jpg/250x188.webp https://prod.pictures.autoscout24.net/listing-images/67b26653-94c1-4a84-8875-679ce4937b4b_458dbfb5-11fa-40f8-8afa-e435644eb838.jpg/250x188.webp https://prod.pictures.autoscout24.net/listing-images/67b26653-94c1-4a84-8875-679ce4937b4b_d8f73379-5c93-4aa5-9d91-ef73e7f7639c.jpg/250x188.webp https://prod.pictures.autoscout24.net/listing-images/67b26653-94c1-4a84-8875-679ce4937b4b_fab94f75-e790-4585-a0da-286ce1c04d50.jpg/250x188.webp https://prod.pictures.autoscout24.net/listing-images/67b26653-94c1-4a84-8875-679ce4937b4b_88d3f717-e7c3-459d-8b37-3ec696b3015d.jpg/250x188.webp https://prod.pictures.autoscout24.net/listing-images/67b26653-94c1-4a84-8875-679ce4937b4b_2648a7fa-86fd-4b92-aa72-57b2edf828fe.jpg/250x188.webp https://prod.pictures.autoscout24.net/listing-images/67b26653-94c1-4a84-8875-679ce4937b4b_0ad31d46-cd53-4f31-b23e-249e2713f7c8.jpg/250x188.webp https://prod.pictures.autoscout24.net/listing-images/67b26653-94c1-4a84-8875-679ce4937b4b_8b3debd7-270f-47f9-80a2-7a7346ed0747.jpg/250x188.webp https://prod.pictures.autoscout24.net/listing-images/67b26653-94c1-4a84-8875-679ce4937b4b_09e5ccd8-925b-4d1c-9256-450df3450da6.jpg/250x188.webp https://prod.pictures.autoscout24.net/listing-images/67b26653-94c1-4a84-8875-679ce4937b4b_a71e3a9e-0be8-435f-ae97-00a7111a5871.jpg/250x188.webp https://prod.pictures.autoscout24.net/listing-images/67b26653-94c1-4a84-8875-679ce4937b4b_b7747078-3267-42a8-9863-1709dc9bd85e.jpg/250x188.webp https://prod.pictures.autoscout24.net/listing-images/67b26653-94c1-4a84-8875-679ce4937b4b_bb76c8ac-9acc-4970-a00e-20825b47c18f.jpg/250x188.webp,65.08322402083252,845
49d3e90b-0176-4d7d-9fc1-45668fe09268,Volvo,XC40,"Core, T2 Automaat , Benzine",Dealer,28999,b,57423,11-2023,1930,https://prod.pictures.autoscout24.net/listing-images/49d3e90b-0176-4d7d-9fc1-45668fe09268_b0528bda-8ab7-4c71-813e-e63e9a701c8d.jpg/250x188.webp https://prod.pictures.autoscout24.net/listing-images/49d3e90b-0176-4d7d-9fc1-45668fe09268_99a8657b-d23e-4fd3-86a3-d11e5380642f.jpg/250x188.webp https://prod.pictures.autoscout24.net/listing-images/49d3e90b-0176-4d7d-9fc1-45668fe09268_fec30c13-0bf5-49b1-a5ba-df6b8509bb94.jpg/250x188.webp https://prod.pictures.autoscout24.net/listing-images/49d3e90b-0176-4d7d-9fc1-45668fe09268_794cf083-8077-42b4-9e6c-2c0689efb847.jpg/250x188.webp https://prod.pictures.autoscout24.net/listing-images/49d3e90b-0176-4d7d-9fc1-45668fe09268_46fb5754-0996-4732-beeb-7c552e69714e.jpg/250x188.webp https://prod.pictures.autoscout24.net/listing-images/49d3e90b-0176-4d7d-9fc1-45668fe09268_200b166c-948f-494c-b8c0-61041d254928.jpg/250x188.webp https://prod.pictures.autoscout24.net/listing-images/49d3e90b-0176-4d7d-9fc1-45668fe09268_b1be10bf-e11c-47d5-871e-1b75180e39d0.jpg/250x188.webp https://prod.pictures.autoscout24.net/listing-images/49d3e90b-0176-4d7d-9fc1-45668fe09268_7636f03d-df94-4486-99eb-28984af441a3.jpg/250x188.webp https://prod.pictures.autoscout24.net/listing-images/49d3e90b-0176-4d7d-9fc1-45668fe09268_509ef478-742a-42b5-bc2e-146cbf820882.jpg/250x188.webp https://prod.pictures.autoscout24.net/listing-images/49d3e90b-0176-4d7d-9fc1-45668fe09268_5c66d68c-b9a3-413e-a628-a3339b07cb20.jpg/250x188.webp https://prod.pictures.autoscout24.net/listing-images/49d3e90b-0176-4d7d-9fc1-45668fe09268_c5046f06-e881-4712-8370-e0ad055f7b1f.jpg/250x188.webp https://prod.pictures.autoscout24.net/listing-images/49d3e90b-0176-4d7d-9fc1-45668fe09268_14f47eb4-aed1-4b6c-81b6-7cf531729b3f.jpg/250x188.webp https://prod.pictures.autoscout24.net/listing-images/49d3e90b-0176-4d7d-9fc1-45668fe09268_ea026384-890d-4a36-94bd-3d2560d81004.jpg/250x188.webp https://prod.pictures.autoscout24.net/listing-images/49d3e90b-0176-4d7d-9fc1-45668fe09268_808657e7-7cb6-4132-96e1-c59481142f8d.jpg/250x188.webp https://prod.pictures.autoscout24.net/listing-images/49d3e90b-0176-4d7d-9fc1-45668fe09268_38ff4dc4-1c27-4efa-999f-441b654bb708.jpg/250x188.webp https://prod.pictures.autoscout24.net/listing-images/49d3e90b-0176-4d7d-9fc1-45668fe09268_31bb55ae-3777-49cf-8a8f-4e04d7f89d23.jpg/250x188.webp https://prod.pictures.autoscout24.net/listing-images/49d3e90b-0176-4d7d-9fc1-45668fe09268_f691db6c-0937-45c4-801f-a936809a1a13.jpg/250x188.webp https://prod.pictures.autoscout24.net/listing-images/49d3e90b-0176-4d7d-9fc1-45668fe09268_8bcbfbbf-8a9e-4243-9555-f10007aec294.jpg/250x188.webp https://prod.pictures.autoscout24.net/listing-images/49d3e90b-0176-4d7d-9fc1-45668fe09268_14658eda-2253-434a-805f-21d826359270.jpg/250x188.webp https://prod.pictures.autoscout24.net/listing-images/49d3e90b-0176-4d7d-9fc1-45668fe09268_634ba0cd-f9db-4d47-b98c-903ef5b43260.jpg/250x188.webp https://prod.pictures.autoscout24.net/listing-images/49d3e90b-0176-4d7d-9fc1-45668fe09268_573a2f12-ddcc-499d-94c5-c525fb097176.jpg/250x188.webp https://prod.pictures.autoscout24.net/listing-images/49d3e90b-0176-4d7d-9fc1-45668fe09268_e2a81791-49b5-4bdb-9372-b838a1e31369.jpg/250x188.webp,65.08322402083252,845
22356c71-3b56-485d-a544-d33358385f7d,Volvo,XC40,"Core, T2 Geartronic, Benzine",Dealer,28999,b,21013,03-2023,3001,https://prod.pictures.autoscout24.net/listing-images/22356c71-3b56-485d-a544-d33358385f7d_c9ccd406-25df-45c4-a9c3-3fbb8dee8dc3.jpg/250x188.webp https://prod.pictures.autoscout24.net/listing-images/22356c71-3b56-485d-a544-d33358385f7d_32ea80da-2803-4cb8-ac11-b4b61574a03d.jpg/250x188.webp https://prod.pictures.autoscout24.net/listing-images/22356c71-3b56-485d-a544-d33358385f7d_54752508-85bc-4637-bbd9-b127fb779f8e.jpg/250x188.webp https://prod.pictures.autoscout24.net/listing-images/22356c71-3b56-485d-a544-d33358385f7d_0405fe51-2374-4e67-b116-2375b100ceb1.jpg/250x188.webp https://prod.pictures.autoscout24.net/listing-images/22356c71-3b56-485d-a544-d33358385f7d_91ca3ffb-f009-4864-ba0e-4b750a3f1a4b.jpg/250x188.webp https://prod.pictures.autoscout24.net/listing-images/22356c71-3b56-485d-a544-d33358385f7d_ee60a227-96e1-405e-8301-544d25803f81.jpg/250x188.webp https://prod.pictures.autoscout24.net/listing-images/22356c71-3b56-485d-a544-d33358385f7d_34bbe535-0fe6-4b79-b29b-ec51b6513de5.jpg/250x188.webp https://prod.pictures.autoscout24.net/listing-images/22356c71-3b56-485d-a544-d33358385f7d_b7366c6e-4bf2-4cc8-9a38-da2d67c8041e.jpg/250x188.webp https://prod.pictures.autoscout24.net/listing-images/22356c71-3b56-485d-a544-d33358385f7d_bb1a70d3-efd7-4268-bb0f-46c7ea558e90.jpg/250x188.webp https://prod.pictures.autoscout24.net/listing-images/22356c71-3b56-485d-a544-d33358385f7d_8bbe3a53-706f-4faf-89bc-8b492f266bf0.jpg/250x188.webp https://prod.pictures.autoscout24.net/listing-images/22356c71-3b56-485d-a544-d33358385f7d_9f915fbe-f495-4976-bcea-c2c63b9d91e6.jpg/250x188.webp https://prod.pictures.autoscout24.net/listing-images/22356c71-3b56-485d-a544-d33358385f7d_c47e1111-1728-4718-b72a-0e8d9a4a947b.jpg/250x188.webp https://prod.pictures.autoscout24.net/listing-images/22356c71-3b56-485d-a544-d33358385f7d_613fd526-0abd-4269-8c7d-0be56955e10c.jpg/250x188.webp https://prod.pictures.autoscout24.net/listing-images/22356c71-3b56-485d-a544-d33358385f7d_97a83ca2-c3d2-41ca-99b0-2a58053a04d5.jpg/250x188.webp https://prod.pictures.autoscout24.net/listing-images/22356c71-3b56-485d-a544-d33358385f7d_ca96e206-ff4b-4334-8c96-51fcf34ca82d.jpg/250x188.webp https://prod.pictures.autoscout24.net/listing-images/22356c71-3b56-485d-a544-d33358385f7d_3801a3ca-6f49-4d0e-8349-30bd86e53d67.jpg/250x188.webp https://prod.pictures.autoscout24.net/listing-images/22356c71-3b56-485d-a544-d33358385f7d_c296d4db-b723-45cb-b376-6092577541dd.jpg/250x188.webp https://prod.pictures.autoscout24.net/listing-images/22356c71-3b56-485d-a544-d33358385f7d_2d5a9b70-ceef-42f5-97e8-7c3b4226a764.jpg/250x188.webp https://prod.pictures.autoscout24.net/listing-images/22356c71-3b56-485d-a544-d33358385f7d_7adf5b48-f8d5-4d23-b409-4b1a3765fbaf.jpg/250x188.webp https://prod.pictures.autoscout24.net/listing-images/22356c71-3b56-485d-a544-d33358385f7d_4ab47129-5cfa-47af-8cf3-131c0996fc57.jpg/250x188.webp https://prod.pictures.autoscout24.net/listing-images/22356c71-3b56-485d-a544-d33358385f7d_21c41710-6273-4dd5-9993-d5aa6f00e448.jpg/250x188.webp,68.9583124136067,1090
6c8ec385-c9f4-49a8-ad5b-82dcdfaceead,Volvo,XC40,"XC40 T5 Hybrid, R-Design,Camera,Leder,Elekt koffer",Dealer,28999,2,69985,11-2021,8300,https://prod.pictures.autoscout24.net/listing-images/6c8ec385-c9f4-49a8-ad5b-82dcdfaceead_d03e03fa-083f-473a-a7c1-0e6963d60775.jpg/250x188.webp https://prod.pictures.autoscout24.net/listing-images/6c8ec385-c9f4-49a8-ad5b-82dcdfaceead_d7a32298-4c72-4b1f-9905-039c643b93e5.jpg/250x188.webp https://prod.pictures.autoscout24.net/listing-images/6c8ec385-c9f4-49a8-ad5b-82dcdfaceead_2afa7828-7cce-470e-83e0-a578a3665349.jpg/250x188.webp https://prod.pictures.autoscout24.net/listing-images/6c8ec385-c9f4-49a8-ad5b-82dcdfaceead_6ba7c9c0-76da-41a4-9d5c-7996b77bc02b.jpg/250x188.webp https://prod.pictures.autoscout24.net/listing-images/6c8ec385-c9f4-49a8-ad5b-82dcdfaceead_bf826086-8363-4908-b3f4-05d3c94101fa.jpg/250x188.webp https://prod.pictures.autoscout24.net/listing-images/6c8ec385-c9f4-49a8-ad5b-82dcdfaceead_6ee81375-92b9-466f-9f3a-2d3c57d54504.jpg/250x188.webp https://prod.pictures.autoscout24.net/listing-images/6c8ec385-c9f4-49a8-ad5b-82dcdfaceead_da85bf6e-ceef-44ec-a700-f3308194cbde.jpg/250x188.webp https://prod.pictures.autoscout24.net/listing-images/6c8ec385-c9f4-49a8-ad5b-82dcdfaceead_47e3aef8-e025-4c88-a1de-602cdbcdc5eb.jpg/250x188.webp https://prod.pictures.autoscout24.net/listing-images/6c8ec385-c9f4-49a8-ad5b-82dcdfaceead_dd7440cd-091d-46a4-adac-8dcdb6d0c887.jpg/250x188.webp https://prod.pictures.autoscout24.net/listing-images/6c8ec385-c9f4-49a8-ad5b-82dcdfaceead_004dc1ad-f0a6-4532-b2e0-71eff522d844.jpg/250x188.webp https://prod.pictures.autoscout24.net/listing-images/6c8ec385-c9f4-49a8-ad5b-82dcdfaceead_fe432f86-7179-4425-8f42-28e5f4b44f63.jpg/250x188.webp https://prod.pictures.autoscout24.net/listing-images/6c8ec385-c9f4-49a8-ad5b-82dcdfaceead_226639c7-e377-4b76-8d58-c6fe9e23a6aa.jpg/250x188.webp https://prod.pictures.autoscout24.net/listing-images/6c8ec385-c9f4-49a8-ad5b-82dcdfaceead_fad4f6f9-c094-4e4d-a340-c3fdbc69bb00.jpg/250x188.webp https://prod.pictures.autoscout24.net/listing-images/6c8ec385-c9f4-49a8-ad5b-82dcdfaceead_eef2fe66-8fea-4988-880c-f82dfbe47857.jpg/250x188.webp https://prod.pictures.autoscout24.net/listing-images/6c8ec385-c9f4-49a8-ad5b-82dcdfaceead_c3a0b508-8a6a-4fe7-84bd-42c66687905f.jpg/250x188.webp https://prod.pictures.autoscout24.net/listing-images/6c8ec385-c9f4-49a8-ad5b-82dcdfaceead_3bda7773-3389-4a7e-a4b2-cc89904a1df5.jpg/250x188.webp https://prod.pictures.autoscout24.net/listing-images/6c8ec385-c9f4-49a8-ad5b-82dcdfaceead_169a7f70-4d1a-4199-a774-ee7c05ad3f8b.jpg/250x188.webp https://prod.pictures.autoscout24.net/listing-images/6c8ec385-c9f4-49a8-ad5b-82dcdfaceead_1de1d229-3a9c-4eeb-9120-c54e7ed27063.jpg/250x188.webp https://prod.pictures.autoscout24.net/listing-images/6c8ec385-c9f4-49a8-ad5b-82dcdfaceead_31395320-8609-464b-a472-0415ab553205.jpg/250x188.webp https://prod.pictures.autoscout24.net/listing-images/6c8ec385-c9f4-49a8-ad5b-82dcdfaceead_eebf1a3b-f91c-43d2-ba5f-c707b50a5ae9.jpg/250x188.webp https://prod.pictures.autoscout24.net/listing-images/6c8ec385-c9f4-49a8-ad5b-82dcdfaceead_9fb8ebc9-8efa-46c7-8e39-2b6731cdc3c2.jpg/250x188.webp https://prod.pictures.autoscout24.net/listing-images/6c8ec385-c9f4-49a8-ad5b-82dcdfaceead_655d3d7f-5270-4ef0-997c-38b3b99366cb.jpg/250x188.webp https://prod.pictures.autoscout24.net/listing-images/6c8ec385-c9f4-49a8-ad5b-82dcdfaceead_d72ef20e-409a-41a2-8cd7-bd62b24f9e0f.jpg/250x188.webp https://prod.pictures.autoscout24.net/listing-images/6c8ec385-c9f4-49a8-ad5b-82dcdfaceead_7b1bb871-1464-411c-982d-a2e5c6cf5324.jpg/250x188.webp https://prod.pictures.autoscout24.net/listing-images/6c8ec385-c9f4-49a8-ad5b-82dcdfaceead_6095c3fd-6937-4776-be38-27c5cd1fa966.jpg/250x188.webp https://prod.pictures.autoscout24.net/listing-images/6c8ec385-c9f4-49a8-ad5b-82dcdfaceead_383ab178-9aa7-4db7-84ff-5c68f4b2f36e.jpg/250x188.webp https://prod.pictures.autoscout24.net/listing-images/6c8ec385-c9f4-49a8-ad5b-82dcdfaceead_daba5aa9-7ef4-4b91-ac41-3f5081f1541f.jpg/250x188.webp,83.35808738008056,1575
310dda0a-f59b-498f-abee-fe233de7d49e,Volvo,XC40,"Essential, T2 Automaat, Benzine",Dealer,28999,b,45317,11-2023,3001,https://prod.pictures.autoscout24.net/listing-images/310dda0a-f59b-498f-abee-fe233de7d49e_5d0af828-660e-48f8-b2c1-69818b2cccea.jpg/250x188.webp https://prod.pictures.autoscout24.net/listing-images/310dda0a-f59b-498f-abee-fe233de7d49e_de12ad65-d77c-49c4-a24a-d70a1fa36cf5.jpg/250x188.webp https://prod.pictures.autoscout24.net/listing-images/310dda0a-f59b-498f-abee-fe233de7d49e_6e158b58-7950-46b9-986b-f32ad4fc958a.jpg/250x188.webp https://prod.pictures.autoscout24.net/listing-images/310dda0a-f59b-498f-abee-fe233de7d49e_09077f74-f09a-40ba-a701-db99499e2f5e.jpg/250x188.webp https://prod.pictures.autoscout24.net/listing-images/310dda0a-f59b-498f-abee-fe233de7d49e_cc04b8a2-9dee-413c-99f1-1a4f52e245f2.jpg/250x188.webp https://prod.pictures.autoscout24.net/listing-images/310dda0a-f59b-498f-abee-fe233de7d49e_e806d4b8-58ec-43b5-910f-ea2760706cdf.jpg/250x188.webp https://prod.pictures.autoscout24.net/listing-images/310dda0a-f59b-498f-abee-fe233de7d49e_0a2b73b7-1141-44b4-ae0b-d4c6b8c7e33a.jpg/250x188.webp https://prod.pictures.autoscout24.net/listing-images/310dda0a-f59b-498f-abee-fe233de7d49e_17890477-b033-4011-8db4-067ad2de2e8c.jpg/250x188.webp https://prod.pictures.autoscout24.net/listing-images/310dda0a-f59b-498f-abee-fe233de7d49e_7e790a6c-20c3-41c6-9a49-24286688b76c.jpg/250x188.webp https://prod.pictures.autoscout24.net/listing-images/310dda0a-f59b-498f-abee-fe233de7d49e_e6632374-7f17-4884-833a-aa6eb8a0484d.jpg/250x188.webp https://prod.pictures.autoscout24.net/listing-images/310dda0a-f59b-498f-abee-fe233de7d49e_299214be-10fd-43ba-9cad-e1a865b1c949.jpg/250x188.webp https://prod.pictures.autoscout24.net/listing-images/310dda0a-f59b-498f-abee-fe233de7d49e_c8333e6a-4103-4052-ac7f-054e008b78ee.jpg/250x188.webp https://prod.pictures.autoscout24.net/listing-images/310dda0a-f59b-498f-abee-fe233de7d49e_04860f6e-55eb-4b28-b18c-59ef16e76197.jpg/250x188.webp https://prod.pictures.autoscout24.net/listing-images/310dda0a-f59b-498f-abee-fe233de7d49e_f1c0f387-e9ea-4c2d-b8dc-86747dfe09f2.jpg/250x188.webp https://prod.pictures.autoscout24.net/listing-images/310dda0a-f59b-498f-abee-fe233de7d49e_17a35347-9dcf-4b3d-91fe-579e6c6131a7.jpg/250x188.webp https://prod.pictures.autoscout24.net/listing-images/310dda0a-f59b-498f-abee-fe233de7d49e_b6cfa8e3-647f-4899-9c33-877b0236e5f5.jpg/250x188.webp https://prod.pictures.autoscout24.net/listing-images/310dda0a-f59b-498f-abee-fe233de7d49e_6c837c0d-fde6-4966-b197-8da8cb0404fa.jpg/250x188.webp https://prod.pictures.autoscout24.net/listing-images/310dda0a-f59b-498f-abee-fe233de7d49e_b0829dc9-436c-4307-b0b8-a98fb0aafaa8.jpg/250x188.webp https://prod.pictures.autoscout24.net/listing-images/310dda0a-f59b-498f-abee-fe233de7d49e_008fb02c-4824-4160-83fd-30b1909587c8.jpg/250x188.webp https://prod.pictures.autoscout24.net/listing-images/310dda0a-f59b-498f-abee-fe233de7d49e_b75fe087-3431-4082-a271-a087d1a4eeb3.jpg/250x188.webp,68.9583124136067,845
d4174d59-f806-4d03-961d-59bac220d1fb,Volvo,XC40,"Essential, T2 Automaat , Benzine",Dealer,28999,b,40436,12-2023,3001,https://prod.pictures.autoscout24.net/listing-images/d4174d59-f806-4d03-961d-59bac220d1fb_7ea1c7b3-9f39-494b-a380-7dea474bf332.jpg/250x188.webp https://prod.pictures.autoscout24.net/listing-images/d4174d59-f806-4d03-961d-59bac220d1fb_0c1a4ddf-13a4-4126-885b-1d4874175002.jpg/250x188.webp https://prod.pictures.autoscout24.net/listing-images/d4174d59-f806-4d03-961d-59bac220d1fb_240f599e-41f6-44a1-aab0-143e71c213c3.jpg/250x188.webp https://prod.pictures.autoscout24.net/listing-images/d4174d59-f806-4d03-961d-59bac220d1fb_cf61d7a6-19c6-49d4-b7c1-6ee47ceedf30.jpg/250x188.webp https://prod.pictures.autoscout24.net/listing-images/d4174d59-f806-4d03-961d-59bac220d1fb_3ef62dc3-90e9-486f-85fd-90369765df79.jpg/250x188.webp https://prod.pictures.autoscout24.net/listing-images/d4174d59-f806-4d03-961d-59bac220d1fb_1e3b9959-5c55-454b-972a-1fee379d9b28.jpg/250x188.webp https://prod.pictures.autoscout24.net/listing-images/d4174d59-f806-4d03-961d-59bac220d1fb_9a58b3a1-4f0f-40f9-8445-fc20887a4dd1.jpg/250x188.webp https://prod.pictures.autoscout24.net/listing-images/d4174d59-f806-4d03-961d-59bac220d1fb_5893c502-b961-4725-8006-736ef3e2fc9d.jpg/250x188.webp https://prod.pictures.autoscout24.net/listing-images/d4174d59-f806-4d03-961d-59bac220d1fb_a1fa200e-889a-44f4-b6af-ae7b4fef5390.jpg/250x188.webp https://prod.pictures.autoscout24.net/listing-images/d4174d59-f806-4d03-961d-59bac220d1fb_29e40682-ce20-4b32-8adb-47a336895548.jpg/250x188.webp https://prod.pictures.autoscout24.net/listing-images/d4174d59-f806-4d03-961d-59bac220d1fb_6f200f04-1ac8-4b29-88d4-1202d4230927.jpg/250x188.webp https://prod.pictures.autoscout24.net/listing-images/d4174d59-f806-4d03-961d-59bac220d1fb_0c3be418-5927-4fd2-b168-9897b9f3ce18.jpg/250x188.webp https://prod.pictures.autoscout24.net/listing-images/d4174d59-f806-4d03-961d-59bac220d1fb_0f5ef31e-914d-4f68-9507-650f377f56ca.jpg/250x188.webp https://prod.pictures.autoscout24.net/listing-images/d4174d59-f806-4d03-961d-59bac220d1fb_5dd2d953-1e95-4925-9e06-e87f2717bace.jpg/250x188.webp https://prod.pictures.autoscout24.net/listing-images/d4174d59-f806-4d03-961d-59bac220d1fb_c025297f-fd9e-4029-a03b-d163eee82aab.jpg/250x188.webp https://prod.pictures.autoscout24.net/listing-images/d4174d59-f806-4d03-961d-59bac220d1fb_95d02a4a-cb75-4481-83c6-420722796dd6.jpg/250x188.webp https://prod.pictures.autoscout24.net/listing-images/d4174d59-f806-4d03-961d-59bac220d1fb_fbb9aa83-c5b0-4dc7-8025-2053ad970da1.jpg/250x188.webp https://prod.pictures.autoscout24.net/listing-images/d4174d59-f806-4d03-961d-59bac220d1fb_9adc0ecd-ae6b-4bab-9651-718dcab46d9e.jpg/250x188.webp https://prod.pictures.autoscout24.net/listing-images/d4174d59-f806-4d03-961d-59bac220d1fb_558a6fbd-f4ef-411d-94e5-ef2083508e52.jpg/250x188.webp https://prod.pictures.autoscout24.net/listing-images/d4174d59-f806-4d03-961d-59bac220d1fb_13f944d7-29e2-4e3c-8ddb-eb276bdbc168.jpg/250x188.webp,68.9583124136067,815
0f199214-0a60-4633-8b33-1c64ffa582fe,Volvo,XC40,2.0 B3 Garantie 05/2028♥️,PrivateSeller,29000,b,62500,02-2023,7060,https://prod.pictures.autoscout24.net/listing-images/0f199214-0a60-4633-8b33-1c64ffa582fe_9f48e89e-608c-46d6-836d-99e1abd41936.jpg/250x188.webp https://prod.pictures.autoscout24.net/listing-images/0f199214-0a60-4633-8b33-1c64ffa582fe_c6c0fd59-def3-4849-b982-25a88bedc642.jpg/250x188.webp https://prod.pictures.autoscout24.net/listing-images/0f199214-0a60-4633-8b33-1c64ffa582fe_d814f22b-b871-4d28-a8c8-b3b6d31e1db5.jpg/250x188.webp https://prod.pictures.autoscout24.net/listing-images/0f199214-0a60-4633-8b33-1c64ffa582fe_edb93170-4c18-4335-8559-b148ea581753.jpg/250x188.webp https://prod.pictures.autoscout24.net/listing-images/0f199214-0a60-4633-8b33-1c64ffa582fe_e8e3b7ac-5ced-4769-a50a-4e1aeaac6135.jpg/250x188.webp https://prod.pictures.autoscout24.net/listing-images/0f199214-0a60-4633-8b33-1c64ffa582fe_8461926d-aa44-4374-a85e-5fa994b19894.jpg/250x188.webp https://prod.pictures.autoscout24.net/listing-images/0f199214-0a60-4633-8b33-1c64ffa582fe_212750c6-d473-4bb4-91f3-b98b2e8a44f9.jpg/250x188.webp https://prod.pictures.autoscout24.net/listing-images/0f199214-0a60-4633-8b33-1c64ffa582fe_f80b61d3-10a4-4f9b-b1c1-e7d3eebbc791.jpg/250x188.webp https://prod.pictures.autoscout24.net/listing-images/0f199214-0a60-4633-8b33-1c64ffa582fe_0d9b45e6-b0b8-4e49-bb98-1ad9c2b1fa3d.jpg/250x188.webp https://prod.pictures.autoscout24.net/listing-images/0f199214-0a60-4633-8b33-1c64ffa582fe_6c8c0035-ca2d-42de-9fb5-321d68cfa1ed.jpg/250x188.webp https://prod.pictures.autoscout24.net/listing-images/0f199214-0a60-4633-8b33-1c64ffa582fe_e39da692-74f9-4e5f-9e9d-5eeed9993a9d.jpg/250x188.webp https://prod.pictures.autoscout24.net/listing-images/0f199214-0a60-4633-8b33-1c64ffa582fe_4412f2ea-f468-4c39-8468-b965d0c214f5.jpg/250x188.webp https://prod.pictures.autoscout24.net/listing-images/0f199214-0a60-4633-8b33-1c64ffa582fe_61541cd9-8e54-4421-9737-02257feed3eb.jpg/250x188.webp https://prod.pictures.autoscout24.net/listing-images/0f199214-0a60-4633-8b33-1c64ffa582fe_2911dfd5-f337-4e40-a5ac-debf74633b90.jpg/250x188.webp https://prod.pictures.autoscout24.net/listing-images/0f199214-0a60-4633-8b33-1c64ffa582fe_b93427f6-a0eb-42d7-81fa-c6705e14d046.jpg/250x188.webp https://prod.pictures.autoscout24.net/listing-images/0f199214-0a60-4633-8b33-1c64ffa582fe_30e7d2e5-7313-44f6-8308-3e030a75ac04.jpg/250x188.webp https://prod.pictures.autoscout24.net/listing-images/0f199214-0a60-4633-8b33-1c64ffa582fe_fc517b5f-8ae7-4f32-8a67-4c7c0e785d09.jpg/250x188.webp https://prod.pictures.autoscout24.net/listing-images/0f199214-0a60-4633-8b33-1c64ffa582fe_384456f5-8c3a-4638-a946-2937d90d37a2.jpg/250x188.webp https://prod.pictures.autoscout24.net/listing-images/0f199214-0a60-4633-8b33-1c64ffa582fe_bc71622c-3301-4f85-b33e-3b30658cbd0f.jpg/250x188.webp https://prod.pictures.autoscout24.net/listing-images/0f199214-0a60-4633-8b33-1c64ffa582fe_b97cbc7d-a433-45d8-bae4-61c4a2abc0aa.jpg/250x188.webp,101.38520985768113,1118
e426c2b0-2a90-4258-b208-967e7d0bb44b,Volvo,XC40,T4 Recharge DKG Plus Dark,PrivateSeller,29000,2,66200,01-2023,9170,https://prod.pictures.autoscout24.net/listing-images/e426c2b0-2a90-4258-b208-967e7d0bb44b_47717749-0329-48cc-aeaf-c5d3573742d6.jpg/250x188.webp https://prod.pictures.autoscout24.net/listing-images/e426c2b0-2a90-4258-b208-967e7d0bb44b_fa9ba59a-fd04-42ad-bc9d-c984c06c03e9.jpg/250x188.webp https://prod.pictures.autoscout24.net/listing-images/e426c2b0-2a90-4258-b208-967e7d0bb44b_6a2bf5a8-d33b-4b65-a8f2-216a407759c0.jpg/250x188.webp https://prod.pictures.autoscout24.net/listing-images/e426c2b0-2a90-4258-b208-967e7d0bb44b_e9489eb3-5420-49d7-8e2c-43044212c27a.jpg/250x188.webp https://prod.pictures.autoscout24.net/listing-images/e426c2b0-2a90-4258-b208-967e7d0bb44b_943d7493-3b7c-4a9a-941a-7f2f13ea9493.jpg/250x188.webp https://prod.pictures.autoscout24.net/listing-images/e426c2b0-2a90-4258-b208-967e7d0bb44b_e38a5ce2-7985-487b-8451-f0ea57e995c1.jpg/250x188.webp https://prod.pictures.autoscout24.net/listing-images/e426c2b0-2a90-4258-b208-967e7d0bb44b_97152ce7-95a1-4c66-b7ed-68c5b434cbc5.jpg/250x188.webp https://prod.pictures.autoscout24.net/listing-images/e426c2b0-2a90-4258-b208-967e7d0bb44b_eacb829c-74b0-4d42-8b4c-f437e3e56c1a.jpg/250x188.webp https://prod.pictures.autoscout24.net/listing-images/e426c2b0-2a90-4258-b208-967e7d0bb44b_5abfb2b2-21d4-4cfe-8c3e-0cd7cf3a7111.jpg/250x188.webp https://prod.pictures.autoscout24.net/listing-images/e426c2b0-2a90-4258-b208-967e7d0bb44b_d5aac115-dc4b-4592-b4a9-17ca8c48f25c.jpg/250x188.webp https://prod.pictures.autoscout24.net/listing-images/e426c2b0-2a90-4258-b208-967e7d0bb44b_c8e1376b-a057-4eb9-a181-98637c76e83d.jpg/250x188.webp https://prod.pictures.autoscout24.net/listing-images/e426c2b0-2a90-4258-b208-967e7d0bb44b_e1b655d3-c1db-45f1-8e0a-97d89a7aec3d.jpg/250x188.webp https://prod.pictures.autoscout24.net/listing-images/e426c2b0-2a90-4258-b208-967e7d0bb44b_1ed323f7-5ed4-4303-963f-12be8a77cef9.jpg/250x188.webp https://prod.pictures.autoscout24.net/listing-images/e426c2b0-2a90-4258-b208-967e7d0bb44b_a5d1af69-f863-4dfe-acbe-35a3d94d56f1.jpg/250x188.webp https://prod.pictures.autoscout24.net/listing-images/e426c2b0-2a90-4258-b208-967e7d0bb44b_a3c77085-92c5-46d9-8afa-510a58932a1d.jpg/250x188.webp https://prod.pictures.autoscout24.net/listing-images/e426c2b0-2a90-4258-b208-967e7d0bb44b_2b63535e-a75c-4cb2-bf5e-00a1fd7498ac.jpg/250x188.webp https://prod.pictures.autoscout24.net/listing-images/e426c2b0-2a90-4258-b208-967e7d0bb44b_451c3592-af19-4287-ba8c-70183c719ad8.jpg/250x188.webp https://prod.pictures.autoscout24.net/listing-images/e426c2b0-2a90-4258-b208-967e7d0bb44b_d125b25d-8689-42c1-af0e-8fc5b22f2332.jpg/250x188.webp https://prod.pictures.autoscout24.net/listing-images/e426c2b0-2a90-4258-b208-967e7d0bb44b_8884cb95-aaf2-4d1e-afe8-7c8cb83c325d.jpg/250x188.webp,35.78135525669779,1149
c319dae0-87c1-4a22-ab72-f962f77eabb0,Volvo,XC40,T3 Geartronic Momentum Core,PrivateSeller,29000,b,42538,03-2022,9600,https://prod.pictures.autoscout24.net/listing-images/c319dae0-87c1-4a22-ab72-f962f77eabb0_7e19732f-d1a8-4932-9ae5-56cd6cbfbfbc.jpg/250x188.webp https://prod.pictures.autoscout24.net/listing-images/c319dae0-87c1-4a22-ab72-f962f77eabb0_1de200aa-85ad-4b08-b62a-c2cfe72cb83b.jpg/250x188.webp https://prod.pictures.autoscout24.net/listing-images/c319dae0-87c1-4a22-ab72-f962f77eabb0_ac9152b2-43c2-4a98-85a6-6f940fd1f4ab.jpg/250x188.webp https://prod.pictures.autoscout24.net/listing-images/c319dae0-87c1-4a22-ab72-f962f77eabb0_8ee31baf-5624-403f-877d-d542f2d4ee93.jpg/250x188.webp https://prod.pictures.autoscout24.net/listing-images/c319dae0-87c1-4a22-ab72-f962f77eabb0_43816e36-0956-4ce5-807a-8e3e512ba32f.jpg/250x188.webp https://prod.pictures.autoscout24.net/listing-images/c319dae0-87c1-4a22-ab72-f962f77eabb0_b6aa118b-a669-43bf-8c04-5058a77d8cee.jpg/250x188.webp https://prod.pictures.autoscout24.net/listing-images/c319dae0-87c1-4a22-ab72-f962f77eabb0_6bd600de-31a1-4b0e-b8e9-c0f7aa1efed5.jpg/250x188.webp https://prod.pictures.autoscout24.net/listing-images/c319dae0-87c1-4a22-ab72-f962f77eabb0_a67bbd79-bede-420a-8029-78f4f47e8c69.jpg/250x188.webp,100.62421555744224,1455
f6c3d153-5bb3-4cee-838f-588ed564286e,Volvo,XC60,2.0 T8 Plug-in Hybrid Inscription AWD,Dealer,29199,2,109001,09-2020,1000,https://prod.pictures.autoscout24.net/listing-images/f6c3d153-5bb3-4cee-838f-588ed564286e_b94d8368-1621-4b02-805a-d631efdb075c.jpg/250x188.webp https://prod.pictures.autoscout24.net/listing-images/f6c3d153-5bb3-4cee-838f-588ed564286e_9eba162d-0875-4903-bd61-83eda2593cbe.png/250x188.webp https://prod.pictures.autoscout24.net/listing-images/f6c3d153-5bb3-4cee-838f-588ed564286e_cae1f242-8bac-4504-a334-65a76bc82c96.jpg/250x188.webp https://prod.pictures.autoscout24.net/listing-images/f6c3d153-5bb3-4cee-838f-588ed564286e_8a86e95d-b3de-4e97-80db-fc1bf0fd73d0.jpg/250x188.webp https://prod.pictures.autoscout24.net/listing-images/f6c3d153-5bb3-4cee-838f-588ed564286e_69bdbaba-49ea-4690-9bf4-df131d30570a.jpg/250x188.webp https://prod.pictures.autoscout24.net/listing-images/f6c3d153-5bb3-4cee-838f-588ed564286e_71f344fd-d282-4bca-94fe-b51223d5844d.jpg/250x188.webp https://prod.pictures.autoscout24.net/listing-images/f6c3d153-5bb3-4cee-838f-588ed564286e_de0aec7a-432e-48f0-a00a-8e5ba4fb4fa0.jpg/250x188.webp https://prod.pictures.autoscout24.net/listing-images/f6c3d153-5bb3-4cee-838f-588ed564286e_d1a64f98-734e-4d0a-9591-1847279b465c.jpg/250x188.webp https://prod.pictures.autoscout24.net/listing-images/f6c3d153-5bb3-4cee-838f-588ed564286e_60773e1f-9d4e-4c02-88d3-40741c4487e0.jpg/250x188.webp https://prod.pictures.autoscout24.net/listing-images/f6c3d153-5bb3-4cee-838f-588ed564286e_a709f974-4e57-4670-a6e1-9cfcbfa21b2e.png/250x188.webp https://prod.pictures.autoscout24.net/listing-images/f6c3d153-5bb3-4cee-838f-588ed564286e_07b9dd6f-e6e0-414f-aa8e-891e8bb87521.jpg/250x188.webp https://prod.pictures.autoscout24.net/listing-images/f6c3d153-5bb3-4cee-838f-588ed564286e_845e392e-29e2-4d9b-a6b2-e84f00297ce5.jpg/250x188.webp https://prod.pictures.autoscout24.net/listing-images/f6c3d153-5bb3-4cee-838f-588ed564286e_de8c99ad-16b3-4eb1-ae15-d8675235aff2.jpg/250x188.webp https://prod.pictures.autoscout24.net/listing-images/f6c3d153-5bb3-4cee-838f-588ed564286e_77a83a8b-9c5a-4c03-ac49-ec45a810f360.jpg/250x188.webp https://prod.pictures.autoscout24.net/listing-images/f6c3d153-5bb3-4cee-838f-588ed564286e_469d460b-820c-4a72-a90d-a32279deab27.jpg/250x188.webp https://prod.pictures.autoscout24.net/listing-images/f6c3d153-5bb3-4cee-838f-588ed564286e_e67ac65c-d2b9-4521-a7b0-4364b7e39e9f.jpg/250x188.webp https://prod.pictures.autoscout24.net/listing-images/f6c3d153-5bb3-4cee-838f-588ed564286e_c8121d05-dc17-4136-b807-ce626b7248d3.jpg/250x188.webp https://prod.pictures.autoscout24.net/listing-images/f6c3d153-5bb3-4cee-838f-588ed564286e_90e15f73-753b-4e59-9603-9ab0a9df6994.jpg/250x188.webp https://prod.pictures.autoscout24.net/listing-images/f6c3d153-5bb3-4cee-838f-588ed564286e_9cc35764-d338-4405-b934-7d72f16c714b.jpg/250x188.webp https://prod.pictures.autoscout24.net/listing-images/f6c3d153-5bb3-4cee-838f-588ed564286e_1a2a2d80-0042-49ea-9cf5-0c6c6371a197.jpg/250x188.webp https://prod.pictures.autoscout24.net/listing-images/f6c3d153-5bb3-4cee-838f-588ed564286e_3799fdf4-359b-4d35-8f88-1c89e5e11e46.jpg/250x188.webp https://prod.pictures.autoscout24.net/listing-images/f6c3d153-5bb3-4cee-838f-588ed564286e_52e0d844-f0b2-43a8-a869-c76abaeb74e7.jpg/250x188.webp https://prod.pictures.autoscout24.net/listing-images/f6c3d153-5bb3-4cee-838f-588ed564286e_35c4a7fa-54d4-4b72-9d81-0c4c01f93370.jpg/250x188.webp https://prod.pictures.autoscout24.net/listing-images/f6c3d153-5bb3-4cee-838f-588ed564286e_aa18d6cb-7d4b-4925-bcd5-b538d27241f1.jpg/250x188.webp https://prod.pictures.autoscout24.net/listing-images/f6c3d153-5bb3-4cee-838f-588ed564286e_849c89b4-81cf-4679-a817-5c938fae3eaa.jpg/250x188.webp https://prod.pictures.autoscout24.net/listing-images/f6c3d153-5bb3-4cee-838f-588ed564286e_9c00e812-db56-4639-94e1-cf5598c83717.jpg/250x188.webp https://prod.pictures.autoscout24.net/listing-images/f6c3d153-5bb3-4cee-838f-588ed564286e_994149dd-7b87-4c58-8a3b-8ef8def9cd1b.jpg/250x188.webp https://prod.pictures.autoscout24.net/listing-images/f6c3d153-5bb3-4cee-838f-588ed564286e_659b1404-3da3-4d64-a4c7-9dc5f4c7fb0e.jpg/250x188.webp https://prod.pictures.autoscout24.net/listing-images/f6c3d153-5bb3-4cee-838f-588ed564286e_2b105183-5ba4-412a-8fd6-0d60eb573d21.jpg/250x188.webp https://prod.pictures.autoscout24.net/listing-images/f6c3d153-5bb3-4cee-838f-588ed564286e_234640dd-3469-43b5-942f-6ea5feedc56e.jpg/250x188.webp https://prod.pictures.autoscout24.net/listing-images/f6c3d153-5bb3-4cee-838f-588ed564286e_304a09c6-0efd-4498-a92b-e3e95ee74d48.jpg/250x188.webp https://prod.pictures.autoscout24.net/listing-images/f6c3d153-5bb3-4cee-838f-588ed564286e_29442a71-021d-457f-ba11-e4400cc8a75c.jpg/250x188.webp https://prod.pictures.autoscout24.net/listing-images/f6c3d153-5bb3-4cee-838f-588ed564286e_54c3f84c-94da-41af-9939-571cb8ddc442.jpg/250x188.webp https://prod.pictures.autoscout24.net/listing-images/f6c3d153-5bb3-4cee-838f-588ed564286e_dda3e37a-e256-4e08-82d0-2588a0b1c34d.jpg/250x188.webp https://prod.pictures.autoscout24.net/listing-images/f6c3d153-5bb3-4cee-838f-588ed564286e_8e8d7013-83d8-43ae-95c2-fa4c921fe632.jpg/250x188.webp,69.17270624549755,2001
a4dfa220-d75e-4ebf-a16c-e93e5abf7d27,Volvo,XC40,XC40 T2 Core+verwarmde zetels+stuur+donkere ruiten,Dealer,29250,b,40301,01-2024,9990,https://prod.pictures.autoscout24.net/listing-images/a4dfa220-d75e-4ebf-a16c-e93e5abf7d27_a33301d5-3e4a-4073-9737-4559d4e9b7f9.jpg/250x188.webp https://prod.pictures.autoscout24.net/listing-images/a4dfa220-d75e-4ebf-a16c-e93e5abf7d27_f7f744ff-1e53-40e8-8c74-1412e3549f66.jpg/250x188.webp https://prod.pictures.autoscout24.net/listing-images/a4dfa220-d75e-4ebf-a16c-e93e5abf7d27_8f438933-8a3d-49d3-92c0-695457cb8e45.jpg/250x188.webp https://prod.pictures.autoscout24.net/listing-images/a4dfa220-d75e-4ebf-a16c-e93e5abf7d27_190f7120-c529-41dd-ae73-dc0c65631649.jpg/250x188.webp https://prod.pictures.autoscout24.net/listing-images/a4dfa220-d75e-4ebf-a16c-e93e5abf7d27_3618fe01-2a3f-492f-80e3-e65595fd3547.jpg/250x188.webp https://prod.pictures.autoscout24.net/listing-images/a4dfa220-d75e-4ebf-a16c-e93e5abf7d27_879e381e-a70b-409e-bd8a-737e6e31d5fd.jpg/250x188.webp,76.7983356711753,784
6a67c623-3079-4e92-a17e-95b8a1f90de7,Volvo,XC40,Core T2 Automaat | Alarm | Getinte ramen Core T2 A,Dealer,29450,b,39515,01-2024,8400,https://prod.pictures.autoscout24.net/listing-images/6a67c623-3079-4e92-a17e-95b8a1f90de7_3b355b9b-265b-4a1a-845c-9a371c0a05b9.jpg/250x188.webp https://prod.pictures.autoscout24.net/listing-images/6a67c623-3079-4e92-a17e-95b8a1f90de7_33473dbb-7c36-47de-997c-f641e7ff6285.jpg/250x188.webp https://prod.pictures.autoscout24.net/listing-images/6a67c623-3079-4e92-a17e-95b8a1f90de7_26bd95bf-b871-41af-a593-f71464a4dced.jpg/250x188.webp https://prod.pictures.autoscout24.net/listing-images/6a67c623-3079-4e92-a17e-95b8a1f90de7_bfb9bf37-de10-43f3-93d3-2d73c0fed849.jpg/250x188.webp https://prod.pictures.autoscout24.net/listing-images/6a67c623-3079-4e92-a17e-95b8a1f90de7_9fa68b06-8030-43a6-9f85-975e9bdb9b0b.jpg/250x188.webp https://prod.pictures.autoscout24.net/listing-images/6a67c623-3079-4e92-a17e-95b8a1f90de7_8b06e0e8-f867-4d44-8c9d-2984d28ac947.jpg/250x188.webp https://prod.pictures.autoscout24.net/listing-images/6a67c623-3079-4e92-a17e-95b8a1f90de7_565c1760-2726-4ca4-9ebe-37ecfc18a4bd.jpg/250x188.webp https://prod.pictures.autoscout24.net/listing-images/6a67c623-3079-4e92-a17e-95b8a1f90de7_1c9b14a7-efb1-4db4-983f-cf1972f622df.jpg/250x188.webp https://prod.pictures.autoscout24.net/listing-images/6a67c623-3079-4e92-a17e-95b8a1f90de7_f447c51e-05e4-4c95-a997-460c2f4c1e0d.jpg/250x188.webp https://prod.pictures.autoscout24.net/listing-images/6a67c623-3079-4e92-a17e-95b8a1f90de7_b96b924f-177a-4a19-890d-1d11c06710bf.jpg/250x188.webp https://prod.pictures.autoscout24.net/listing-images/6a67c623-3079-4e92-a17e-95b8a1f90de7_abdf1029-d9bc-4712-9d60-829792ca86fa.jpg/250x188.webp https://prod.pictures.autoscout24.net/listing-images/6a67c623-3079-4e92-a17e-95b8a1f90de7_b7037a16-396c-47b9-b296-06fb3f4b1523.jpg/250x188.webp https://prod.pictures.autoscout24.net/listing-images/6a67c623-3079-4e92-a17e-95b8a1f90de7_c5615eda-552a-4102-a1a8-263871072808.jpg/250x188.webp https://prod.pictures.autoscout24.net/listing-images/6a67c623-3079-4e92-a17e-95b8a1f90de7_89ec9b07-b3fb-4403-bf38-4fa76b8028ef.jpg/250x188.webp https://prod.pictures.autoscout24.net/listing-images/6a67c623-3079-4e92-a17e-95b8a1f90de7_2b237886-55e9-4574-9c91-14ac5517d225.jpg/250x188.webp https://prod.pictures.autoscout24.net/listing-images/6a67c623-3079-4e92-a17e-95b8a1f90de7_d76c772e-def0-4517-9df0-354f0bebabbd.jpg/250x188.webp https://prod.pictures.autoscout24.net/listing-images/6a67c623-3079-4e92-a17e-95b8a1f90de7_ef4d8ce3-aef0-4050-b7e5-a0b728ca2c86.jpg/250x188.webp https://prod.pictures.autoscout24.net/listing-images/6a67c623-3079-4e92-a17e-95b8a1f90de7_285036b9-1c61-4d4d-bb67-f1eb5e6e3d83.jpg/250x188.webp,110.30397394649913,784
fc9878f3-9aa7-449a-b703-22fcab3b34ef,Volvo,XC40,**ZEER PROPERE WAGEN**,Dealer,29490,b,19248,11-2023,3500,https://prod.pictures.autoscout24.net/listing-images/fc9878f3-9aa7-449a-b703-22fcab3b34ef_ca85c2af-d86c-45a6-88fc-ee533118b157.jpg/250x188.webp https://prod.pictures.autoscout24.net/listing-images/fc9878f3-9aa7-449a-b703-22fcab3b34ef_7cdcf01f-58ae-4e06-8cb4-7f8a10971cfe.jpg/250x188.webp https://prod.pictures.autoscout24.net/listing-images/fc9878f3-9aa7-449a-b703-22fcab3b34ef_8b78e709-01cf-46fb-90fb-14eb2812d88f.jpg/250x188.webp https://prod.pictures.autoscout24.net/listing-images/fc9878f3-9aa7-449a-b703-22fcab3b34ef_8e9b022f-e79e-4c26-9c72-7051ee73f637.jpg/250x188.webp https://prod.pictures.autoscout24.net/listing-images/fc9878f3-9aa7-449a-b703-22fcab3b34ef_a006b9b6-94aa-4322-9227-ef237112ee36.jpg/250x188.webp https://prod.pictures.autoscout24.net/listing-images/fc9878f3-9aa7-449a-b703-22fcab3b34ef_df721f22-0d2d-41d6-a6d9-8fc979279e4f.jpg/250x188.webp https://prod.pictures.autoscout24.net/listing-images/fc9878f3-9aa7-449a-b703-22fcab3b34ef_227f054d-2828-46a4-82e1-de21926bd5e2.jpg/250x188.webp https://prod.pictures.autoscout24.net/listing-images/fc9878f3-9aa7-449a-b703-22fcab3b34ef_4e4d4ee4-4f91-4f9a-ac01-6f1d2f328a41.jpg/250x188.webp https://prod.pictures.autoscout24.net/listing-images/fc9878f3-9aa7-449a-b703-22fcab3b34ef_bae36baf-152d-4b78-8eae-89e36cb7a2d7.jpg/250x188.webp https://prod.pictures.autoscout24.net/listing-images/fc9878f3-9aa7-449a-b703-22fcab3b34ef_375c3e91-b68f-4eba-9f3c-20f2562ef302.jpg/250x188.webp,85.55016165277146,845
d63858af-e0d2-4489-8f8c-ec64f11f1649,Volvo,XC40,1.5 PHEV T5 211 R-Design + Navi Sensus + LED + Camera + 1/2 Leather + ...,Dealer,29495,2,44315,03-2022,8830,https://prod.pictures.autoscout24.net/listing-images/d63858af-e0d2-4489-8f8c-ec64f11f1649_f4e05282-4913-4f0e-a7fb-14d9c2b2c923.jpg/250x188.webp https://prod.pictures.autoscout24.net/listing-images/d63858af-e0d2-4489-8f8c-ec64f11f1649_c058547f-0717-4054-bb6a-a7847e844d18.jpg/250x188.webp https://prod.pictures.autoscout24.net/listing-images/d63858af-e0d2-4489-8f8c-ec64f11f1649_28521abc-88df-467d-a4f0-8498edd62907.jpg/250x188.webp https://prod.pictures.autoscout24.net/listing-images/d63858af-e0d2-4489-8f8c-ec64f11f1649_13ba092d-e5e6-49e2-9dab-f6bf233467bb.jpg/250x188.webp https://prod.pictures.autoscout24.net/listing-images/d63858af-e0d2-4489-8f8c-ec64f11f1649_9d5b7137-c44a-446e-aeb8-422aaa88ef40.jpg/250x188.webp https://prod.pictures.autoscout24.net/listing-images/d63858af-e0d2-4489-8f8c-ec64f11f1649_9c94a78e-aee8-4f3e-b168-2f37dc8de5c6.jpg/250x188.webp https://prod.pictures.autoscout24.net/listing-images/d63858af-e0d2-4489-8f8c-ec64f11f1649_c8707f22-1c8e-4999-838c-96f29c698189.jpg/250x188.webp https://prod.pictures.autoscout24.net/listing-images/d63858af-e0d2-4489-8f8c-ec64f11f1649_51ac2a8d-aeea-4888-af90-d1aa7aa55130.jpg/250x188.webp https://prod.pictures.autoscout24.net/listing-images/d63858af-e0d2-4489-8f8c-ec64f11f1649_978fecd5-c5c3-43c1-908c-b8f26aba870e.jpg/250x188.webp https://prod.pictures.autoscout24.net/listing-images/d63858af-e0d2-4489-8f8c-ec64f11f1649_79b7fd14-535a-44cc-aa0f-b0b5d02cc8e5.jpg/250x188.webp https://prod.pictures.autoscout24.net/listing-images/d63858af-e0d2-4489-8f8c-ec64f11f1649_247b7d1c-4281-4a4c-9a39-bd5965d91af5.jpg/250x188.webp https://prod.pictures.autoscout24.net/listing-images/d63858af-e0d2-4489-8f8c-ec64f11f1649_6b2b57fe-d00a-4b94-8138-4399ece1b02a.jpg/250x188.webp https://prod.pictures.autoscout24.net/listing-images/d63858af-e0d2-4489-8f8c-ec64f11f1649_f10d439b-805b-4132-98ce-03c05baa2479.jpg/250x188.webp https://prod.pictures.autoscout24.net/listing-images/d63858af-e0d2-4489-8f8c-ec64f11f1649_66a37c26-bfed-4995-9fda-1ffc678eb934.jpg/250x188.webp https://prod.pictures.autoscout24.net/listing-images/d63858af-e0d2-4489-8f8c-ec64f11f1649_e22530da-c26a-47a0-b39c-624536a3ddd0.jpg/250x188.webp https://prod.pictures.autoscout24.net/listing-images/d63858af-e0d2-4489-8f8c-ec64f11f1649_fb769a75-0d1a-40f8-a694-bbdf3ba9e5a2.jpg/250x188.webp https://prod.pictures.autoscout24.net/listing-images/d63858af-e0d2-4489-8f8c-ec64f11f1649_f3a8572c-b1fa-4a10-825e-d8d15e646281.jpg/250x188.webp https://prod.pictures.autoscout24.net/listing-images/d63858af-e0d2-4489-8f8c-ec64f11f1649_f42b3b83-88ed-4d51-84fa-cef18c26b995.jpg/250x188.webp https://prod.pictures.autoscout24.net/listing-images/d63858af-e0d2-4489-8f8c-ec64f11f1649_babb5ac5-7fad-43c3-9696-30326d179ef2.jpg/250x188.webp https://prod.pictures.autoscout24.net/listing-images/d63858af-e0d2-4489-8f8c-ec64f11f1649_b1bf0119-db19-437f-89c8-81ff30d2b8e6.jpg/250x188.webp https://prod.pictures.autoscout24.net/listing-images/d63858af-e0d2-4489-8f8c-ec64f11f1649_df6d3023-42bd-4bf3-b529-fb680ce372d7.jpg/250x188.webp https://prod.pictures.autoscout24.net/listing-images/d63858af-e0d2-4489-8f8c-ec64f11f1649_0e1c5c9f-1665-4cde-8045-a538a71c88ea.jpg/250x188.webp https://prod.pictures.autoscout24.net/listing-images/d63858af-e0d2-4489-8f8c-ec64f11f1649_ce08c7ab-f343-4c6a-b9e6-d5bcb3b0a19b.jpg/250x188.webp,109.7708516918902,1455
bc21e106-aec5-4925-9fe5-d8427e3cc34a,Volvo,XC40,T2 CORE - 852 KM!! - FACELIFT - LED - CRUISE CO...,Dealer,29495,b,852,10-2023,8000,https://prod.pictures.autoscout24.net/listing-images/bc21e106-aec5-4925-9fe5-d8427e3cc34a_0fb6dc53-0ab2-4e4e-98c8-a01332b5c738.jpg/250x188.webp https://prod.pictures.autoscout24.net/listing-images/bc21e106-aec5-4925-9fe5-d8427e3cc34a_a0455920-230a-4526-a479-809e486b9c0e.jpg/250x188.webp https://prod.pictures.autoscout24.net/listing-images/bc21e106-aec5-4925-9fe5-d8427e3cc34a_8d4792b0-6b99-4b51-afe2-84394600e533.jpg/250x188.webp https://prod.pictures.autoscout24.net/listing-images/bc21e106-aec5-4925-9fe5-d8427e3cc34a_5c592916-b1a3-4e99-a68e-89c29a5d1616.jpg/250x188.webp https://prod.pictures.autoscout24.net/listing-images/bc21e106-aec5-4925-9fe5-d8427e3cc34a_4d4e854e-131a-440a-8d75-889ce251c571.jpg/250x188.webp https://prod.pictures.autoscout24.net/listing-images/bc21e106-aec5-4925-9fe5-d8427e3cc34a_c862a24f-420c-42cb-8efd-213d1030206c.jpg/250x188.webp https://prod.pictures.autoscout24.net/listing-images/bc21e106-aec5-4925-9fe5-d8427e3cc34a_e666d026-1df3-4f2e-9dd3-140425c8206e.jpg/250x188.webp https://prod.pictures.autoscout24.net/listing-images/bc21e106-aec5-4925-9fe5-d8427e3cc34a_9e95722f-aabb-489a-8b04-2b2171ded301.jpg/250x188.webp https://prod.pictures.autoscout24.net/listing-images/bc21e106-aec5-4925-9fe5-d8427e3cc34a_a34c9239-3e76-4b4e-b6a0-4e07884db085.jpg/250x188.webp https://prod.pictures.autoscout24.net/listing-images/bc21e106-aec5-4925-9fe5-d8427e3cc34a_5ef6719c-369a-41ba-bdcb-916696b7b979.jpg/250x188.webp https://prod.pictures.autoscout24.net/listing-images/bc21e106-aec5-4925-9fe5-d8427e3cc34a_05883a12-2cf5-4ea3-ab99-4570d8ca6b30.jpg/250x188.webp https://prod.pictures.autoscout24.net/listing-images/bc21e106-aec5-4925-9fe5-d8427e3cc34a_c278addd-05ee-4977-9bb8-aa9d9dc71a7d.jpg/250x188.webp https://prod.pictures.autoscout24.net/listing-images/bc21e106-aec5-4925-9fe5-d8427e3cc34a_b0336842-ea73-481c-a5a2-891a13c7116f.jpg/250x188.webp https://prod.pictures.autoscout24.net/listing-images/bc21e106-aec5-4925-9fe5-d8427e3cc34a_15c47eee-3c6c-45be-867d-e5f30c90c920.jpg/250x188.webp https://prod.pictures.autoscout24.net/listing-images/bc21e106-aec5-4925-9fe5-d8427e3cc34a_b7916657-bb3e-4435-ab3d-1f21a2fa4f01.jpg/250x188.webp https://prod.pictures.autoscout24.net/listing-images/bc21e106-aec5-4925-9fe5-d8427e3cc34a_04261556-b234-4631-986d-8ee20c5f4206.jpg/250x188.webp https://prod.pictures.autoscout24.net/listing-images/bc21e106-aec5-4925-9fe5-d8427e3cc34a_1f2d5db1-a40a-46d2-b939-36e4487db12f.jpg/250x188.webp https://prod.pictures.autoscout24.net/listing-images/bc21e106-aec5-4925-9fe5-d8427e3cc34a_f45a8684-4da6-4c01-a1b9-62e9f0770615.jpg/250x188.webp https://prod.pictures.autoscout24.net/listing-images/bc21e106-aec5-4925-9fe5-d8427e3cc34a_912e31cc-7dc2-416a-bc9f-b37b30d3253a.jpg/250x188.webp https://prod.pictures.autoscout24.net/listing-images/bc21e106-aec5-4925-9fe5-d8427e3cc34a_17132358-dcc5-4476-b75e-6f473e5c6534.jpg/250x188.webp https://prod.pictures.autoscout24.net/listing-images/bc21e106-aec5-4925-9fe5-d8427e3cc34a_7528cecc-88d5-4f37-a621-c3a55aef6496.jpg/250x188.webp https://prod.pictures.autoscout24.net/listing-images/bc21e106-aec5-4925-9fe5-d8427e3cc34a_e2fd252c-96d3-49ae-8a2f-b691cab4c1f3.jpg/250x188.webp https://prod.pictures.autoscout24.net/listing-images/bc21e106-aec5-4925-9fe5-d8427e3cc34a_5f2f2d03-6202-499c-bb93-2b2e3859a267.jpg/250x188.webp https://prod.pictures.autoscout24.net/listing-images/bc21e106-aec5-4925-9fe5-d8427e3cc34a_847ccff2-f8cd-4eb3-9760-3cb37f367b68.jpg/250x188.webp https://prod.pictures.autoscout24.net/listing-images/bc21e106-aec5-4925-9fe5-d8427e3cc34a_79653487-1d88-45cd-897a-67797d82ad03.jpg/250x188.webp https://prod.pictures.autoscout24.net/listing-images/bc21e106-aec5-4925-9fe5-d8427e3cc34a_42c773e0-0ed6-43a8-afb4-8e389feae55e.jpg/250x188.webp https://prod.pictures.autoscout24.net/listing-images/bc21e106-aec5-4925-9fe5-d8427e3cc34a_367c2058-5dec-46ca-ad30-f8b393337082.jpg/250x188.webp https://prod.pictures.autoscout24.net/listing-images/bc21e106-aec5-4925-9fe5-d8427e3cc34a_55af4d95-e492-417f-9d61-2498ab642811.jpg/250x188.webp https://prod.pictures.autoscout24.net/listing-images/bc21e106-aec5-4925-9fe5-d8427e3cc34a_453d9c9f-1037-4640-9e52-654eb1750377.jpg/250x188.webp https://prod.pictures.autoscout24.net/listing-images/bc21e106-aec5-4925-9fe5-d8427e3cc34a_daffecc2-c2f3-49a0-8b33-b216fa5f1559.jpg/250x188.webp https://prod.pictures.autoscout24.net/listing-images/bc21e106-aec5-4925-9fe5-d8427e3cc34a_6d9912a0-d96e-4436-9ff0-d1a6fd7ec625.jpg/250x188.webp https://prod.pictures.autoscout24.net/listing-images/bc21e106-aec5-4925-9fe5-d8427e3cc34a_645c94a9-1ac5-4282-a7be-be14738e137f.jpg/250x188.webp https://prod.pictures.autoscout24.net/listing-images/bc21e106-aec5-4925-9fe5-d8427e3cc34a_500b2125-9407-48a4-aabb-a4f37bdf14bc.jpg/250x188.webp https://prod.pictures.autoscout24.net/listing-images/bc21e106-aec5-4925-9fe5-d8427e3cc34a_b6524af7-6cce-499a-8c70-f0aaf01fb9e4.jpg/250x188.webp https://prod.pictures.autoscout24.net/listing-images/bc21e106-aec5-4925-9fe5-d8427e3cc34a_cec2692a-5c44-426c-bf6f-6723ffbfe3b6.jpg/250x188.webp https://prod.pictures.autoscout24.net/listing-images/bc21e106-aec5-4925-9fe5-d8427e3cc34a_38b78654-cd29-46d9-8229-c4f7fb9e48bb.jpg/250x188.webp https://prod.pictures.autoscout24.net/listing-images/bc21e106-aec5-4925-9fe5-d8427e3cc34a_1589225e-085b-450e-a539-fdc111f83466.jpg/250x188.webp https://prod.pictures.autoscout24.net/listing-images/bc21e106-aec5-4925-9fe5-d8427e3cc34a_f8aa60ad-2386-40e8-8f66-d482a2dc6121.jpg/250x188.webp https://prod.pictures.autoscout24.net/listing-images/bc21e106-aec5-4925-9fe5-d8427e3cc34a_a13e6546-3511-4cf1-80fa-6b02646efc1c.jpg/250x188.webp,89.83412633408918,876
523a08bc-1cae-4e8d-8958-6b7476c317f1,Volvo,XC40,"Core, T2 Automaat , Benzine",Dealer,29499,b,41345,12-2023,3001,https://prod.pictures.autoscout24.net/listing-images/523a08bc-1cae-4e8d-8958-6b7476c317f1_ceb55352-dab7-4863-8780-83f9d70c6029.jpg/250x188.webp https://prod.pictures.autoscout24.net/listing-images/523a08bc-1cae-4e8d-8958-6b7476c317f1_28a57bff-2716-4c3a-a82e-840cbae49a43.jpg/250x188.webp https://prod.pictures.autoscout24.net/listing-images/523a08bc-1cae-4e8d-8958-6b7476c317f1_f1610c57-1f07-4141-8a2e-180e11daa806.jpg/250x188.webp https://prod.pictures.autoscout24.net/listing-images/523a08bc-1cae-4e8d-8958-6b7476c317f1_e96f9ddd-0ccd-4860-bce8-d0c3d41d063a.jpg/250x188.webp https://prod.pictures.autoscout24.net/listing-images/523a08bc-1cae-4e8d-8958-6b7476c317f1_34ddb277-2a05-4579-8030-5188cc359851.jpg/250x188.webp https://prod.pictures.autoscout24.net/listing-images/523a08bc-1cae-4e8d-8958-6b7476c317f1_88653d98-d604-4d77-81ad-8fc8f4d75302.jpg/250x188.webp https://prod.pictures.autoscout24.net/listing-images/523a08bc-1cae-4e8d-8958-6b7476c317f1_85feb07d-3914-405b-9308-d13def68df2b.jpg/250x188.webp https://prod.pictures.autoscout24.net/listing-images/523a08bc-1cae-4e8d-8958-6b7476c317f1_d7b5d395-9007-4ffb-85ec-fbfa50ee86fa.jpg/250x188.webp https://prod.pictures.autoscout24.net/listing-images/523a08bc-1cae-4e8d-8958-6b7476c317f1_40a2318d-44fc-45b8-8f43-1fc3d251d2d5.jpg/250x188.webp https://prod.pictures.autoscout24.net/listing-images/523a08bc-1cae-4e8d-8958-6b7476c317f1_5f68ae4b-99aa-4a82-a6f5-c2a58f251da3.jpg/250x188.webp https://prod.pictures.autoscout24.net/listing-images/523a08bc-1cae-4e8d-8958-6b7476c317f1_9305fb4e-e5b0-4185-b162-025963c1aa79.jpg/250x188.webp https://prod.pictures.autoscout24.net/listing-images/523a08bc-1cae-4e8d-8958-6b7476c317f1_5b32b853-1364-4fdd-88d5-0908fbe52e49.jpg/250x188.webp https://prod.pictures.autoscout24.net/listing-images/523a08bc-1cae-4e8d-8958-6b7476c317f1_f6935dc1-2ad4-4e0e-8d4a-6c3855802b45.jpg/250x188.webp https://prod.pictures.autoscout24.net/listing-images/523a08bc-1cae-4e8d-8958-6b7476c317f1_19651924-c0d7-4aa5-894e-a1978ed21d31.jpg/250x188.webp https://prod.pictures.autoscout24.net/listing-images/523a08bc-1cae-4e8d-8958-6b7476c317f1_915df4e9-e08f-4b39-9776-e3797d98d7d3.jpg/250x188.webp https://prod.pictures.autoscout24.net/listing-images/523a08bc-1cae-4e8d-8958-6b7476c317f1_21a67089-197d-44b0-b535-fd6bb40a42ea.jpg/250x188.webp https://prod.pictures.autoscout24.net/listing-images/523a08bc-1cae-4e8d-8958-6b7476c317f1_30b4f6ce-9f9b-41ce-bca9-3612a2d10ce1.jpg/250x188.webp https://prod.pictures.autoscout24.net/listing-images/523a08bc-1cae-4e8d-8958-6b7476c317f1_d504b504-e68b-4911-a255-04f1fc254f26.jpg/250x188.webp https://prod.pictures.autoscout24.net/listing-images/523a08bc-1cae-4e8d-8958-6b7476c317f1_459467bb-754e-4956-8c14-3ef9512d0f83.jpg/250x188.webp https://prod.pictures.autoscout24.net/listing-images/523a08bc-1cae-4e8d-8958-6b7476c317f1_40edfde8-2057-49d1-acc1-77c9646a9a57.jpg/250x188.webp https://prod.pictures.autoscout24.net/listing-images/523a08bc-1cae-4e8d-8958-6b7476c317f1_ad596532-241e-485d-88ad-10c3407a73b9.jpg/250x188.webp,68.9583124136067,815
f1b763a7-cf7e-4c60-a713-dd78bdc6e27e,Volvo,XC40,"Core, T2 Automaat , Benzine",Dealer,29499,b,45087,11-2023,1930,https://prod.pictures.autoscout24.net/listing-images/f1b763a7-cf7e-4c60-a713-dd78bdc6e27e_fe2c56e3-de7d-4a56-828d-f33b3a31283b.jpg/250x188.webp https://prod.pictures.autoscout24.net/listing-images/f1b763a7-cf7e-4c60-a713-dd78bdc6e27e_3e08d1ad-f9ed-43a0-a3cf-08f659ba952e.jpg/250x188.webp https://prod.pictures.autoscout24.net/listing-images/f1b763a7-cf7e-4c60-a713-dd78bdc6e27e_bfc7b177-a981-4dd8-8062-c04e5fcfd2f0.jpg/250x188.webp https://prod.pictures.autoscout24.net/listing-images/f1b763a7-cf7e-4c60-a713-dd78bdc6e27e_a227e7eb-501d-4374-85fb-2ece1603b478.jpg/250x188.webp https://prod.pictures.autoscout24.net/listing-images/f1b763a7-cf7e-4c60-a713-dd78bdc6e27e_34514195-ca2e-400e-b90d-51ae7d26308a.jpg/250x188.webp https://prod.pictures.autoscout24.net/listing-images/f1b763a7-cf7e-4c60-a713-dd78bdc6e27e_3e6c2cf4-e3fc-4f50-a3ef-29055dad3a71.jpg/250x188.webp https://prod.pictures.autoscout24.net/listing-images/f1b763a7-cf7e-4c60-a713-dd78bdc6e27e_5f1053b6-f5ad-42ca-b569-36cd89a41e00.jpg/250x188.webp https://prod.pictures.autoscout24.net/listing-images/f1b763a7-cf7e-4c60-a713-dd78bdc6e27e_e8b5bd7f-507f-4f3a-8712-d22b4c7e947c.jpg/250x188.webp https://prod.pictures.autoscout24.net/listing-images/f1b763a7-cf7e-4c60-a713-dd78bdc6e27e_6dfdde29-6f0e-4629-8678-60380f294495.jpg/250x188.webp https://prod.pictures.autoscout24.net/listing-images/f1b763a7-cf7e-4c60-a713-dd78bdc6e27e_d7629add-e42c-4093-8a7a-b623e7e18546.jpg/250x188.webp https://prod.pictures.autoscout24.net/listing-images/f1b763a7-cf7e-4c60-a713-dd78bdc6e27e_3fb337c1-37cb-4128-8f0b-23b22186b06b.jpg/250x188.webp https://prod.pictures.autoscout24.net/listing-images/f1b763a7-cf7e-4c60-a713-dd78bdc6e27e_fac1dd1d-a98c-4fd7-b11f-cdc0cfcebd0b.jpg/250x188.webp https://prod.pictures.autoscout24.net/listing-images/f1b763a7-cf7e-4c60-a713-dd78bdc6e27e_cfcad6cf-5fdb-41e2-ab57-2c0769855234.jpg/250x188.webp https://prod.pictures.autoscout24.net/listing-images/f1b763a7-cf7e-4c60-a713-dd78bdc6e27e_2fcdf575-f817-4d5c-a20b-675827cc6b4b.jpg/250x188.webp https://prod.pictures.autoscout24.net/listing-images/f1b763a7-cf7e-4c60-a713-dd78bdc6e27e_5aedda62-0d15-4fa3-bb79-89a58771cf99.jpg/250x188.webp https://prod.pictures.autoscout24.net/listing-images/f1b763a7-cf7e-4c60-a713-dd78bdc6e27e_06c97a6c-22b5-4f86-9486-e84395650c4c.jpg/250x188.webp https://prod.pictures.autoscout24.net/listing-images/f1b763a7-cf7e-4c60-a713-dd78bdc6e27e_6acd0f1b-4f8d-4dca-813f-5af53d12b9e2.jpg/250x188.webp https://prod.pictures.autoscout24.net/listing-images/f1b763a7-cf7e-4c60-a713-dd78bdc6e27e_889a20ea-87b0-4386-8bcb-fee502408934.jpg/250x188.webp https://prod.pictures.autoscout24.net/listing-images/f1b763a7-cf7e-4c60-a713-dd78bdc6e27e_ed69bf24-e8bd-41ac-98f6-bc7fa19bf931.jpg/250x188.webp https://prod.pictures.autoscout24.net/listing-images/f1b763a7-cf7e-4c60-a713-dd78bdc6e27e_3064aaa7-d01c-4daa-a71c-07fabb4fe706.jpg/250x188.webp https://prod.pictures.autoscout24.net/listing-images/f1b763a7-cf7e-4c60-a713-dd78bdc6e27e_366dde22-ae8e-4b80-aff1-1ea9d729b098.jpg/250x188.webp https://prod.pictures.autoscout24.net/listing-images/f1b763a7-cf7e-4c60-a713-dd78bdc6e27e_c11f5bcd-b840-4b73-93d0-521969c9f2c6.jpg/250x188.webp,65.08322402083252,845
d55f7d29-d288-4b8a-afe9-2d40c79f32d3,Volvo,XC40,XC40 T4 Recharge DKG Plus Bright,PrivateSeller,29500,2,98000,11-2022,1982,https://prod.pictures.autoscout24.net/listing-images/d55f7d29-d288-4b8a-afe9-2d40c79f32d3_8b9d91e0-9133-49be-a6e7-f95496545034.jpg/250x188.webp https://prod.pictures.autoscout24.net/listing-images/d55f7d29-d288-4b8a-afe9-2d40c79f32d3_1bf1d0c0-fa14-4715-ad65-02ba34985e09.jpg/250x188.webp https://prod.pictures.autoscout24.net/listing-images/d55f7d29-d288-4b8a-afe9-2d40c79f32d3_a781fec3-ae19-4e7e-ac63-53ca959faf3d.jpg/250x188.webp,55.71553822068321,1210
da62f146-3ce8-4394-81a7-b7a5d4aff1a7,Volvo,V60,V60 B3 DCT-7*GPS*PHONELINK*LEDER*DAB*DIG.CP,Dealer,29500,b,58000,01-2023,8830,https://prod.pictures.autoscout24.net/listing-images/da62f146-3ce8-4394-81a7-b7a5d4aff1a7_0f3aeea8-1501-45b8-a820-0b1f6cdf9516.jpg/250x188.webp https://prod.pictures.autoscout24.net/listing-images/da62f146-3ce8-4394-81a7-b7a5d4aff1a7_c94e693f-c80a-47ea-8c0c-ba28488fcd96.jpg/250x188.webp https://prod.pictures.autoscout24.net/listing-images/da62f146-3ce8-4394-81a7-b7a5d4aff1a7_954e3e30-90b1-4473-81f4-61fe9db4404f.jpg/250x188.webp https://prod.pictures.autoscout24.net/listing-images/da62f146-3ce8-4394-81a7-b7a5d4aff1a7_43c00737-4f83-4b19-98a8-e0f58ab359fc.jpg/250x188.webp https://prod.pictures.autoscout24.net/listing-images/da62f146-3ce8-4394-81a7-b7a5d4aff1a7_0579cdec-3ca8-413f-8ab3-302006699a2d.jpg/250x188.webp https://prod.pictures.autoscout24.net/listing-images/da62f146-3ce8-4394-81a7-b7a5d4aff1a7_d3683d71-4df5-4e8a-b9d7-062e6f2eb16d.jpg/250x188.webp https://prod.pictures.autoscout24.net/listing-images/da62f146-3ce8-4394-81a7-b7a5d4aff1a7_a89361cb-376a-4f30-b6d3-c42ece72e6f0.jpg/250x188.webp https://prod.pictures.autoscout24.net/listing-images/da62f146-3ce8-4394-81a7-b7a5d4aff1a7_2e56d41c-c767-4882-af8a-3ff5aca8061d.jpg/250x188.webp https://prod.pictures.autoscout24.net/listing-images/da62f146-3ce8-4394-81a7-b7a5d4aff1a7_3ca28380-ce78-4bc7-afa5-a82a115c208e.jpg/250x188.webp https://prod.pictures.autoscout24.net/listing-images/da62f146-3ce8-4394-81a7-b7a5d4aff1a7_cc2ca5d3-8808-438a-ba58-eeaa021f35e4.jpg/250x188.webp https://prod.pictures.autoscout24.net/listing-images/da62f146-3ce8-4394-81a7-b7a5d4aff1a7_6d789094-fefe-4f56-a637-27adfd85beed.jpg/250x188.webp https://prod.pictures.autoscout24.net/listing-images/da62f146-3ce8-4394-81a7-b7a5d4aff1a7_3fd948b5-a86f-40f5-8ac5-af5dff50a9c0.jpg/250x188.webp https://prod.pictures.autoscout24.net/listing-images/da62f146-3ce8-4394-81a7-b7a5d4aff1a7_e8168837-316f-4e2c-b889-24c56d709938.jpg/250x188.webp https://prod.pictures.autoscout24.net/listing-images/da62f146-3ce8-4394-81a7-b7a5d4aff1a7_03d52026-812f-4e59-9d03-1684d6cd3a6f.jpg/250x188.webp https://prod.pictures.autoscout24.net/listing-images/da62f146-3ce8-4394-81a7-b7a5d4aff1a7_193ba26f-ce77-48e1-8ccb-c9e2242ab802.jpg/250x188.webp https://prod.pictures.autoscout24.net/listing-images/da62f146-3ce8-4394-81a7-b7a5d4aff1a7_e12a5220-e7ef-4316-9ca8-3ace45490e80.jpg/250x188.webp https://prod.pictures.autoscout24.net/listing-images/da62f146-3ce8-4394-81a7-b7a5d4aff1a7_61e4da0a-4e33-4393-affc-42772171b88a.jpg/250x188.webp https://prod.pictures.autoscout24.net/listing-images/da62f146-3ce8-4394-81a7-b7a5d4aff1a7_10cd11d3-cea7-4a5d-92ad-f1edea314c4e.jpg/250x188.webp,109.7708516918902,1149
18835562-be05-4e0b-a98b-957b68e50f44,Volvo,XC40,T2 Plus Dark,PrivateSeller,29500,b,52000,01-2023,3680,https://prod.pictures.autoscout24.net/listing-images/18835562-be05-4e0b-a98b-957b68e50f44_8b402897-e12a-4d89-a1d3-536fc5a65261.jpg/250x188.webp https://prod.pictures.autoscout24.net/listing-images/18835562-be05-4e0b-a98b-957b68e50f44_f5e14bd0-663a-43c2-b2ac-eebb6389d5d3.jpg/250x188.webp https://prod.pictures.autoscout24.net/listing-images/18835562-be05-4e0b-a98b-957b68e50f44_41daf867-0b05-4f58-a37b-f728b9b94f63.jpg/250x188.webp https://prod.pictures.autoscout24.net/listing-images/18835562-be05-4e0b-a98b-957b68e50f44_1469561a-8d0a-456e-a2b9-c8a090bc10ad.jpg/250x188.webp https://prod.pictures.autoscout24.net/listing-images/18835562-be05-4e0b-a98b-957b68e50f44_99ddba8a-3e03-4a74-a482-88e0f77aa6e6.jpg/250x188.webp https://prod.pictures.autoscout24.net/listing-images/18835562-be05-4e0b-a98b-957b68e50f44_93318f05-3214-4bd4-9f24-8a1fd68d86b9.jpg/250x188.webp https://prod.pictures.autoscout24.net/listing-images/18835562-be05-4e0b-a98b-957b68e50f44_b2aa5c8d-9d97-415c-b00b-2f551d383a2a.jpg/250x188.webp https://prod.pictures.autoscout24.net/listing-images/18835562-be05-4e0b-a98b-957b68e50f44_ae988b85-783d-48c7-b4e7-be7c7a590b71.jpg/250x188.webp https://prod.pictures.autoscout24.net/listing-images/18835562-be05-4e0b-a98b-957b68e50f44_9cf95ea8-af77-4540-ad78-94ec5f8aab7a.jpg/250x188.webp https://prod.pictures.autoscout24.net/listing-images/18835562-be05-4e0b-a98b-957b68e50f44_1cad310c-b239-48ed-8b38-ab7068d0ae28.jpg/250x188.webp https://prod.pictures.autoscout24.net/listing-images/18835562-be05-4e0b-a98b-957b68e50f44_40de1b58-6818-4339-80de-bfa279e199fd.jpg/250x188.webp https://prod.pictures.autoscout24.net/listing-images/18835562-be05-4e0b-a98b-957b68e50f44_ecd4aae7-5b5f-41b9-8669-9e9a73d8d889.jpg/250x188.webp https://prod.pictures.autoscout24.net/listing-images/18835562-be05-4e0b-a98b-957b68e50f44_33ac81db-dfc9-492f-b8c4-5ab3a61b51f3.jpg/250x188.webp https://prod.pictures.autoscout24.net/listing-images/18835562-be05-4e0b-a98b-957b68e50f44_d66ab780-4f48-4a3b-ab30-e6c6fab4efe6.jpg/250x188.webp https://prod.pictures.autoscout24.net/listing-images/18835562-be05-4e0b-a98b-957b68e50f44_e51b7e30-18d7-4da5-b29d-dea760376812.jpg/250x188.webp https://prod.pictures.autoscout24.net/listing-images/18835562-be05-4e0b-a98b-957b68e50f44_cb55eafe-6553-42c0-ba20-3118ffd552d4.jpg/250x188.webp https://prod.pictures.autoscout24.net/listing-images/18835562-be05-4e0b-a98b-957b68e50f44_e76bb00a-397a-40b4-a626-2904a87fdcd6.jpg/250x188.webp https://prod.pictures.autoscout24.net/listing-images/18835562-be05-4e0b-a98b-957b68e50f44_4286dcab-e541-4f94-b1c6-90a031f7eee3.jpg/250x188.webp https://prod.pictures.autoscout24.net/listing-images/18835562-be05-4e0b-a98b-957b68e50f44_d3fbc65d-1d6d-4f7d-9bf6-cb8e47b6ea04.jpg/250x188.webp https://prod.pictures.autoscout24.net/listing-images/18835562-be05-4e0b-a98b-957b68e50f44_246fce50-dffe-4fb0-b80c-c76c184e9818.jpg/250x188.webp,96.36831757641986,1149
49f222b6-a7e4-4280-827f-87926e86a38f,Volvo,XC40,"T4 Recharge DKG Plus Dark,face lift,adaptieve crui",Dealer,29500,2,99645,07-2022,9990,https://prod.pictures.autoscout24.net/listing-images/49f222b6-a7e4-4280-827f-87926e86a38f_3cf6ad13-ed03-4e89-9c81-e5e9ca4db526.jpg/250x188.webp https://prod.pictures.autoscout24.net/listing-images/49f222b6-a7e4-4280-827f-87926e86a38f_d691adb3-acb2-489a-b849-a94496692f43.jpg/250x188.webp https://prod.pictures.autoscout24.net/listing-images/49f222b6-a7e4-4280-827f-87926e86a38f_83a41db1-19f1-4c53-9b14-b4b51682a981.jpg/250x188.webp https://prod.pictures.autoscout24.net/listing-images/49f222b6-a7e4-4280-827f-87926e86a38f_53679409-577e-4fff-8f7b-0aba2c7cdf9c.jpg/250x188.webp https://prod.pictures.autoscout24.net/listing-images/49f222b6-a7e4-4280-827f-87926e86a38f_ab449929-8e72-4d96-9e95-dbedbfe99302.jpg/250x188.webp,76.7983356711753,1333
d0c9c5dd-fae0-4dc9-960e-70bacf887f5c,Volvo,V90,R-DESIGN T4  BENZINE AUTOMAAT SLECHTS 72000KM,Dealer,29650,b,72050,01-2020,3190,https://prod.pictures.autoscout24.net/listing-images/d0c9c5dd-fae0-4dc9-960e-70bacf887f5c_be84a454-b3ab-41cf-8f0a-ba89fd28f15e.jpg/250x188.webp https://prod.pictures.autoscout24.net/listing-images/d0c9c5dd-fae0-4dc9-960e-70bacf887f5c_484fc4db-fb01-428d-a404-c07c6fb8d09b.jpg/250x188.webp https://prod.pictures.autoscout24.net/listing-images/d0c9c5dd-fae0-4dc9-960e-70bacf887f5c_53ad8c59-a346-4c89-9d7e-f6209b1d4b8f.jpg/250x188.webp https://prod.pictures.autoscout24.net/listing-images/d0c9c5dd-fae0-4dc9-960e-70bacf887f5c_97effdee-5908-4916-b079-1e75d97215e2.jpg/250x188.webp https://prod.pictures.autoscout24.net/listing-images/d0c9c5dd-fae0-4dc9-960e-70bacf887f5c_3b2ac3a3-1f37-4117-ad17-00c66969c105.jpg/250x188.webp https://prod.pictures.autoscout24.net/listing-images/d0c9c5dd-fae0-4dc9-960e-70bacf887f5c_51e48901-201a-4dc7-b05e-ac586239f6b3.jpg/250x188.webp https://prod.pictures.autoscout24.net/listing-images/d0c9c5dd-fae0-4dc9-960e-70bacf887f5c_677c0c66-81bc-4a85-af6c-2da697986a33.jpg/250x188.webp https://prod.pictures.autoscout24.net/listing-images/d0c9c5dd-fae0-4dc9-960e-70bacf887f5c_81d79d35-ea5f-469a-84d0-3ee062cbf700.jpg/250x188.webp https://prod.pictures.autoscout24.net/listing-images/d0c9c5dd-fae0-4dc9-960e-70bacf887f5c_d03050c5-ca36-4328-82b4-384bba5a55f0.jpg/250x188.webp https://prod.pictures.autoscout24.net/listing-images/d0c9c5dd-fae0-4dc9-960e-70bacf887f5c_a8989107-95a4-448e-92f0-68cd185ebbfa.jpg/250x188.webp https://prod.pictures.autoscout24.net/listing-images/d0c9c5dd-fae0-4dc9-960e-70bacf887f5c_012601f4-7d32-4882-bad4-356f1554ec4e.jpg/250x188.webp https://prod.pictures.autoscout24.net/listing-images/d0c9c5dd-fae0-4dc9-960e-70bacf887f5c_cc4b3c7b-e04e-41f2-8cc3-425be8b2e5b0.jpg/250x188.webp https://prod.pictures.autoscout24.net/listing-images/d0c9c5dd-fae0-4dc9-960e-70bacf887f5c_6cea3db4-d5b5-43d7-bc41-d3602307b0f8.jpg/250x188.webp https://prod.pictures.autoscout24.net/listing-images/d0c9c5dd-fae0-4dc9-960e-70bacf887f5c_bd0a29f5-c7ba-4e7b-b5fe-5f0b53d34b41.jpg/250x188.webp https://prod.pictures.autoscout24.net/listing-images/d0c9c5dd-fae0-4dc9-960e-70bacf887f5c_29eaec0c-7e7e-40c7-a1a5-a95957fb9283.jpg/250x188.webp https://prod.pictures.autoscout24.net/listing-images/d0c9c5dd-fae0-4dc9-960e-70bacf887f5c_673ce1b7-f919-4ec6-b4b3-0d0ec25b0b4d.jpg/250x188.webp https://prod.pictures.autoscout24.net/listing-images/d0c9c5dd-fae0-4dc9-960e-70bacf887f5c_21d7eb6c-237c-4e5c-9d05-674b5660d07b.jpg/250x188.webp https://prod.pictures.autoscout24.net/listing-images/d0c9c5dd-fae0-4dc9-960e-70bacf887f5c_2a7f1897-878c-4abc-bcde-6de8088cf3d3.jpg/250x188.webp https://prod.pictures.autoscout24.net/listing-images/d0c9c5dd-fae0-4dc9-960e-70bacf887f5c_31b70661-319e-419e-85b5-8210a6e2f2b3.jpg/250x188.webp https://prod.pictures.autoscout24.net/listing-images/d0c9c5dd-fae0-4dc9-960e-70bacf887f5c_b7312c04-d0c7-45ca-b540-dd44f65a1c5b.jpg/250x188.webp https://prod.pictures.autoscout24.net/listing-images/d0c9c5dd-fae0-4dc9-960e-70bacf887f5c_4eb99b5e-bff5-4a9b-893e-1b190f5740b7.jpg/250x188.webp https://prod.pictures.autoscout24.net/listing-images/d0c9c5dd-fae0-4dc9-960e-70bacf887f5c_da873204-47f2-4d59-860d-7d7bb224c7d1.jpg/250x188.webp,54.823479205129566,2245
165bbd93-eba5-4369-b18e-ccc920673c74,Volvo,XC40,B3 / Mild Hybrid / Core,Dealer,29788,b,29400,06-2024,5580,https://prod.pictures.autoscout24.net/listing-images/165bbd93-eba5-4369-b18e-ccc920673c74_99d4f28e-48bb-494a-bb4a-264cbdcdb755.jpg/250x188.webp https://prod.pictures.autoscout24.net/listing-images/165bbd93-eba5-4369-b18e-ccc920673c74_5c95d0b1-0c93-431a-b53d-dfda9862dc4e.jpg/250x188.webp https://prod.pictures.autoscout24.net/listing-images/165bbd93-eba5-4369-b18e-ccc920673c74_de987cc5-aa73-4ff6-84a8-e9afba2efadd.jpg/250x188.webp https://prod.pictures.autoscout24.net/listing-images/165bbd93-eba5-4369-b18e-ccc920673c74_1a9e2a8d-a5cb-4cfd-b53f-1fcb8fd4bedb.jpg/250x188.webp https://prod.pictures.autoscout24.net/listing-images/165bbd93-eba5-4369-b18e-ccc920673c74_1f3951b8-de09-4271-b369-d3975daf5b10.jpg/250x188.webp https://prod.pictures.autoscout24.net/listing-images/165bbd93-eba5-4369-b18e-ccc920673c74_b34f4ea4-f6e5-41ae-8e32-9bd16de177ac.jpg/250x188.webp https://prod.pictures.autoscout24.net/listing-images/165bbd93-eba5-4369-b18e-ccc920673c74_82be0ea7-285b-46b0-ab05-c4a81f62e942.jpg/250x188.webp https://prod.pictures.autoscout24.net/listing-images/165bbd93-eba5-4369-b18e-ccc920673c74_f5da7ee6-0634-4b58-b122-cb5c395fe573.jpg/250x188.webp https://prod.pictures.autoscout24.net/listing-images/165bbd93-eba5-4369-b18e-ccc920673c74_9563235f-c021-4419-a837-1151e2525049.jpg/250x188.webp https://prod.pictures.autoscout24.net/listing-images/165bbd93-eba5-4369-b18e-ccc920673c74_ecdb8fc5-f4ca-44e5-82ed-ece1dc76d01b.jpg/250x188.webp https://prod.pictures.autoscout24.net/listing-images/165bbd93-eba5-4369-b18e-ccc920673c74_c9519fac-3024-45e5-a537-3e003a60072c.jpg/250x188.webp https://prod.pictures.autoscout24.net/listing-images/165bbd93-eba5-4369-b18e-ccc920673c74_d4fced37-4006-4d36-bf52-7be29a1dc820.jpg/250x188.webp https://prod.pictures.autoscout24.net/listing-images/165bbd93-eba5-4369-b18e-ccc920673c74_7281ef4a-ac1d-4bff-808b-5e132aeaa14c.jpg/250x188.webp https://prod.pictures.autoscout24.net/listing-images/165bbd93-eba5-4369-b18e-ccc920673c74_14626a3d-e5e4-445c-a3fa-81e4f1fffeac.jpg/250x188.webp https://prod.pictures.autoscout24.net/listing-images/165bbd93-eba5-4369-b18e-ccc920673c74_d09e4303-e890-493b-abfc-4df89c32945b.jpg/250x188.webp https://prod.pictures.autoscout24.net/listing-images/165bbd93-eba5-4369-b18e-ccc920673c74_28bcf23f-5419-480e-9f85-03ed43377f14.jpg/250x188.webp https://prod.pictures.autoscout24.net/listing-images/165bbd93-eba5-4369-b18e-ccc920673c74_bba25913-e632-487f-887e-d468ee170219.jpg/250x188.webp https://prod.pictures.autoscout24.net/listing-images/165bbd93-eba5-4369-b18e-ccc920673c74_9a8d05ef-8010-4dcc-8e59-21cf8e1bb2ea.jpg/250x188.webp https://prod.pictures.autoscout24.net/listing-images/165bbd93-eba5-4369-b18e-ccc920673c74_e93944ed-e83f-45b4-8c5b-4c6f85ed859c.jpg/250x188.webp https://prod.pictures.autoscout24.net/listing-images/165bbd93-eba5-4369-b18e-ccc920673c74_0a2e7a18-7099-4cbd-b931-c7765e41b369.jpg/250x188.webp,154.5258509349551,632
bebe5431-5f9e-4e3a-bb38-c894c9a26c8c,Volvo,XC40,"Core, T2 Automaat , Benzine",Dealer,29799,b,32715,01-2024,1930,https://prod.pictures.autoscout24.net/listing-images/bebe5431-5f9e-4e3a-bb38-c894c9a26c8c_4d4db7b1-5fb3-43a2-a1e9-98c6f182c439.jpg/250x188.webp https://prod.pictures.autoscout24.net/listing-images/bebe5431-5f9e-4e3a-bb38-c894c9a26c8c_869dbf0e-56ea-47a9-8c1d-76c2ca5c743f.jpg/250x188.webp https://prod.pictures.autoscout24.net/listing-images/bebe5431-5f9e-4e3a-bb38-c894c9a26c8c_8313a78e-437f-4c2b-a3e0-0ac4e4d3820a.jpg/250x188.webp https://prod.pictures.autoscout24.net/listing-images/bebe5431-5f9e-4e3a-bb38-c894c9a26c8c_07d0edd5-7ead-4115-9874-270adea8653b.jpg/250x188.webp https://prod.pictures.autoscout24.net/listing-images/bebe5431-5f9e-4e3a-bb38-c894c9a26c8c_0456ab42-f4fa-4d9f-9be9-f8186f721921.jpg/250x188.webp https://prod.pictures.autoscout24.net/listing-images/bebe5431-5f9e-4e3a-bb38-c894c9a26c8c_caae0cd3-8c9b-4648-ab20-f83351b154eb.jpg/250x188.webp https://prod.pictures.autoscout24.net/listing-images/bebe5431-5f9e-4e3a-bb38-c894c9a26c8c_ac42b15e-059e-40f3-83e1-49541237cbbd.jpg/250x188.webp https://prod.pictures.autoscout24.net/listing-images/bebe5431-5f9e-4e3a-bb38-c894c9a26c8c_10e9788b-bf14-452d-805a-1689bef52f66.jpg/250x188.webp https://prod.pictures.autoscout24.net/listing-images/bebe5431-5f9e-4e3a-bb38-c894c9a26c8c_a488aacc-908d-4eeb-81ea-11c9326aa7bb.jpg/250x188.webp https://prod.pictures.autoscout24.net/listing-images/bebe5431-5f9e-4e3a-bb38-c894c9a26c8c_27a1cbf3-202e-40be-bbcc-c800d56264c5.jpg/250x188.webp https://prod.pictures.autoscout24.net/listing-images/bebe5431-5f9e-4e3a-bb38-c894c9a26c8c_570fba24-6444-4e96-927b-1aad8b6a9093.jpg/250x188.webp https://prod.pictures.autoscout24.net/listing-images/bebe5431-5f9e-4e3a-bb38-c894c9a26c8c_beea894c-d9a3-4c32-a2bf-1c3ad6b5fd13.jpg/250x188.webp https://prod.pictures.autoscout24.net/listing-images/bebe5431-5f9e-4e3a-bb38-c894c9a26c8c_68707595-2764-4bf9-bb85-5dadc0b0a0f5.jpg/250x188.webp https://prod.pictures.autoscout24.net/listing-images/bebe5431-5f9e-4e3a-bb38-c894c9a26c8c_fbf686d0-153d-4602-810a-394deb1804a6.jpg/250x188.webp https://prod.pictures.autoscout24.net/listing-images/bebe5431-5f9e-4e3a-bb38-c894c9a26c8c_c2d3615a-433a-40bb-af74-6ddd90087c36.jpg/250x188.webp https://prod.pictures.autoscout24.net/listing-images/bebe5431-5f9e-4e3a-bb38-c894c9a26c8c_a232b580-d950-4d12-a9ef-3bdd7edfea30.jpg/250x188.webp https://prod.pictures.autoscout24.net/listing-images/bebe5431-5f9e-4e3a-bb38-c894c9a26c8c_9349667f-e17b-4e77-8642-462872fbad84.jpg/250x188.webp https://prod.pictures.autoscout24.net/listing-images/bebe5431-5f9e-4e3a-bb38-c894c9a26c8c_b8806c58-dd55-4ae8-a98a-3eb955574ea3.jpg/250x188.webp https://prod.pictures.autoscout24.net/listing-images/bebe5431-5f9e-4e3a-bb38-c894c9a26c8c_1e81e199-d24e-42e8-b03d-15d3c3e861a1.jpg/250x188.webp https://prod.pictures.autoscout24.net/listing-images/bebe5431-5f9e-4e3a-bb38-c894c9a26c8c_80a4c50a-5bd2-4373-b443-2ee661acfb33.jpg/250x188.webp https://prod.pictures.autoscout24.net/listing-images/bebe5431-5f9e-4e3a-bb38-c894c9a26c8c_2d9c04de-8725-41e0-966d-74362277904a.jpg/250x188.webp,65.08322402083252,784
b8f9a2d0-8df4-4a78-98d1-c9501bb1c4b1,Volvo,XC40,XC40 1.5 T3 R-Design Geartronic  GPS/PANO/LED...,Dealer,29800,b,39254,04-2022,9750,https://prod.pictures.autoscout24.net/listing-images/b8f9a2d0-8df4-4a78-98d1-c9501bb1c4b1_927f2e3e-8069-4507-8bc0-ae2e2c043f5f.jpg/250x188.webp https://prod.pictures.autoscout24.net/listing-images/b8f9a2d0-8df4-4a78-98d1-c9501bb1c4b1_1f3f9922-3dbd-4b90-8dc3-8f5148c7d78c.jpg/250x188.webp https://prod.pictures.autoscout24.net/listing-images/b8f9a2d0-8df4-4a78-98d1-c9501bb1c4b1_4ba01d27-8449-4748-9a24-0e18839077c4.jpg/250x188.webp https://prod.pictures.autoscout24.net/listing-images/b8f9a2d0-8df4-4a78-98d1-c9501bb1c4b1_f43f4380-b69c-4276-ba63-03648e26cd37.jpg/250x188.webp https://prod.pictures.autoscout24.net/listing-images/b8f9a2d0-8df4-4a78-98d1-c9501bb1c4b1_e543925a-4817-4c5b-a7c2-c80c4452cf58.jpg/250x188.webp https://prod.pictures.autoscout24.net/listing-images/b8f9a2d0-8df4-4a78-98d1-c9501bb1c4b1_eebaea25-a31c-45b8-b21f-a185b416fb19.jpg/250x188.webp https://prod.pictures.autoscout24.net/listing-images/b8f9a2d0-8df4-4a78-98d1-c9501bb1c4b1_4a79b67d-b9f9-447d-a6cc-2e6e52d02488.jpg/250x188.webp https://prod.pictures.autoscout24.net/listing-images/b8f9a2d0-8df4-4a78-98d1-c9501bb1c4b1_a4016c48-2ddd-40da-bff7-87ab8c7b88c7.jpg/250x188.webp https://prod.pictures.autoscout24.net/listing-images/b8f9a2d0-8df4-4a78-98d1-c9501bb1c4b1_7a2fadb5-b9b6-434d-a1aa-6de08ea28061.jpg/250x188.webp https://prod.pictures.autoscout24.net/listing-images/b8f9a2d0-8df4-4a78-98d1-c9501bb1c4b1_0b07d9b0-e6e3-4699-846c-090bbc6f1ee6.jpg/250x188.webp https://prod.pictures.autoscout24.net/listing-images/b8f9a2d0-8df4-4a78-98d1-c9501bb1c4b1_d85ec39b-6250-4f27-9d6d-1cefccb5cbcb.jpg/250x188.webp https://prod.pictures.autoscout24.net/listing-images/b8f9a2d0-8df4-4a78-98d1-c9501bb1c4b1_dfdafb98-9597-42ff-8e8c-3f6f037cb17c.jpg/250x188.webp https://prod.pictures.autoscout24.net/listing-images/b8f9a2d0-8df4-4a78-98d1-c9501bb1c4b1_fe7bd711-b5ae-422c-9d8f-3b9dde41afa6.jpg/250x188.webp https://prod.pictures.autoscout24.net/listing-images/b8f9a2d0-8df4-4a78-98d1-c9501bb1c4b1_24ea8b75-d129-40b0-bb49-a653c94ca3f6.jpg/250x188.webp https://prod.pictures.autoscout24.net/listing-images/b8f9a2d0-8df4-4a78-98d1-c9501bb1c4b1_064279b9-3a39-4654-872b-7fbbaac619d3.jpg/250x188.webp https://prod.pictures.autoscout24.net/listing-images/b8f9a2d0-8df4-4a78-98d1-c9501bb1c4b1_799db32d-5fa8-47ed-b17b-b1cb3c9b6b58.jpg/250x188.webp https://prod.pictures.autoscout24.net/listing-images/b8f9a2d0-8df4-4a78-98d1-c9501bb1c4b1_3220bd00-82f6-4b5b-8c0a-0a608da95589.jpg/250x188.webp https://prod.pictures.autoscout24.net/listing-images/b8f9a2d0-8df4-4a78-98d1-c9501bb1c4b1_c3ad42d1-3cdc-494b-ae30-6232aa4a80a8.jpg/250x188.webp https://prod.pictures.autoscout24.net/listing-images/b8f9a2d0-8df4-4a78-98d1-c9501bb1c4b1_721f8f28-c1db-4c95-b67d-8bc74025251c.jpg/250x188.webp https://prod.pictures.autoscout24.net/listing-images/b8f9a2d0-8df4-4a78-98d1-c9501bb1c4b1_06154a99-d8dc-4f7d-8605-bce3a09964c5.jpg/250x188.webp https://prod.pictures.autoscout24.net/listing-images/b8f9a2d0-8df4-4a78-98d1-c9501bb1c4b1_ee594fc2-6561-445e-a658-0f1d13da9160.jpg/250x188.webp https://prod.pictures.autoscout24.net/listing-images/b8f9a2d0-8df4-4a78-98d1-c9501bb1c4b1_a22c17d6-ea3e-4188-b6a3-ca829ceeb131.jpg/250x188.webp https://prod.pictures.autoscout24.net/listing-images/b8f9a2d0-8df4-4a78-98d1-c9501bb1c4b1_6c0f88f4-4e95-47f0-894c-7453be7a30d3.jpg/250x188.webp https://prod.pictures.autoscout24.net/listing-images/b8f9a2d0-8df4-4a78-98d1-c9501bb1c4b1_699aba98-314b-4764-8a31-09b95a2bbb85.jpg/250x188.webp https://prod.pictures.autoscout24.net/listing-images/b8f9a2d0-8df4-4a78-98d1-c9501bb1c4b1_920c881d-a9c3-4d1b-ae90-4a516c17e4ff.jpg/250x188.webp https://prod.pictures.autoscout24.net/listing-images/b8f9a2d0-8df4-4a78-98d1-c9501bb1c4b1_817e39d3-b6ed-48fa-afff-daba1ff399d8.jpg/250x188.webp https://prod.pictures.autoscout24.net/listing-images/b8f9a2d0-8df4-4a78-98d1-c9501bb1c4b1_9fc0a4b2-cb21-40ed-887c-95587a4c2e01.jpg/250x188.webp https://prod.pictures.autoscout24.net/listing-images/b8f9a2d0-8df4-4a78-98d1-c9501bb1c4b1_8e583965-f139-429d-8cf0-5c774acdb5ab.jpg/250x188.webp https://prod.pictures.autoscout24.net/listing-images/b8f9a2d0-8df4-4a78-98d1-c9501bb1c4b1_bea17f16-6766-4977-830b-cd77649e709b.jpg/250x188.webp https://prod.pictures.autoscout24.net/listing-images/b8f9a2d0-8df4-4a78-98d1-c9501bb1c4b1_a880e0db-d120-47b1-8e77-cf615e93f155.jpg/250x188.webp https://prod.pictures.autoscout24.net/listing-images/b8f9a2d0-8df4-4a78-98d1-c9501bb1c4b1_eb219cb8-a198-4088-8532-35cac87be574.jpg/250x188.webp https://prod.pictures.autoscout24.net/listing-images/b8f9a2d0-8df4-4a78-98d1-c9501bb1c4b1_bcbb19fe-2d1c-46d3-82dc-9443c5dd800c.jpg/250x188.webp https://prod.pictures.autoscout24.net/listing-images/b8f9a2d0-8df4-4a78-98d1-c9501bb1c4b1_19e61bbc-7862-4dbe-ba2d-b6df274b1379.jpg/250x188.webp https://prod.pictures.autoscout24.net/listing-images/b8f9a2d0-8df4-4a78-98d1-c9501bb1c4b1_5b3394fc-7681-4300-9b0f-16b98f099b09.jpg/250x188.webp https://prod.pictures.autoscout24.net/listing-images/b8f9a2d0-8df4-4a78-98d1-c9501bb1c4b1_b451fc9b-5509-453f-82c4-32e5fc29b627.jpg/250x188.webp https://prod.pictures.autoscout24.net/listing-images/b8f9a2d0-8df4-4a78-98d1-c9501bb1c4b1_547110cb-23ae-41a4-bc2b-b9572a2a2503.jpg/250x188.webp https://prod.pictures.autoscout24.net/listing-images/b8f9a2d0-8df4-4a78-98d1-c9501bb1c4b1_8d79e06f-e5e8-4734-a915-2f6c1cdc4545.jpg/250x188.webp,86.33751927093653,1424
87720869-f0f7-4b42-9452-a8f3a9533867,Volvo,XC40,T5 Recharge Inscription + PANO DAK/LEDER/TREKHAAK,Dealer,29800,2,21226,08-2020,2800,https://prod.pictures.autoscout24.net/listing-images/87720869-f0f7-4b42-9452-a8f3a9533867_e0d224a1-47f1-4dc4-b9a4-82d609c36548.jpg/250x188.webp https://prod.pictures.autoscout24.net/listing-images/87720869-f0f7-4b42-9452-a8f3a9533867_0671d090-bf40-4950-8e44-a7a274253c69.jpg/250x188.webp https://prod.pictures.autoscout24.net/listing-images/87720869-f0f7-4b42-9452-a8f3a9533867_d3a53a7e-7911-44e8-b304-1e046070d297.jpg/250x188.webp https://prod.pictures.autoscout24.net/listing-images/87720869-f0f7-4b42-9452-a8f3a9533867_cc744bd5-262e-4dce-8149-0769537c0769.jpg/250x188.webp https://prod.pictures.autoscout24.net/listing-images/87720869-f0f7-4b42-9452-a8f3a9533867_a5c5c81c-4ba0-4ddb-a6d9-ba0ab5914621.jpg/250x188.webp https://prod.pictures.autoscout24.net/listing-images/87720869-f0f7-4b42-9452-a8f3a9533867_d7c27e26-4e24-42c5-8d88-3e1fe1eb0174.jpg/250x188.webp https://prod.pictures.autoscout24.net/listing-images/87720869-f0f7-4b42-9452-a8f3a9533867_2f4ace72-0d33-42f1-85aa-0a84ca0fb55d.jpg/250x188.webp https://prod.pictures.autoscout24.net/listing-images/87720869-f0f7-4b42-9452-a8f3a9533867_6532f0d7-bee4-42f0-a589-6295f3cf46ab.jpg/250x188.webp https://prod.pictures.autoscout24.net/listing-images/87720869-f0f7-4b42-9452-a8f3a9533867_43e39e5a-e567-40e6-8815-845fcbc51a1a.jpg/250x188.webp https://prod.pictures.autoscout24.net/listing-images/87720869-f0f7-4b42-9452-a8f3a9533867_e6c91085-5e9b-4fd2-850c-3825a9631f5f.jpg/250x188.webp https://prod.pictures.autoscout24.net/listing-images/87720869-f0f7-4b42-9452-a8f3a9533867_1977f435-825b-4037-808c-2c3a1fd62f63.jpg/250x188.webp https://prod.pictures.autoscout24.net/listing-images/87720869-f0f7-4b42-9452-a8f3a9533867_d5c28e10-a325-484e-a173-06d19de7da41.jpg/250x188.webp,46.86877944970925,2032
7d482f0e-49f0-44b1-9614-cb8ce0dcf9fb,Volvo,XC40,T2 Micro Hybride Automaat,Dealer,29800,b,46186,01-2024,2800,https://prod.pictures.autoscout24.net/listing-images/7d482f0e-49f0-44b1-9614-cb8ce0dcf9fb_1f44c62d-84c9-400a-b994-374e8f0e6d6b.jpg/250x188.webp https://prod.pictures.autoscout24.net/listing-images/7d482f0e-49f0-44b1-9614-cb8ce0dcf9fb_80163862-4142-4005-9328-ccfdc345a103.jpg/250x188.webp https://prod.pictures.autoscout24.net/listing-images/7d482f0e-49f0-44b1-9614-cb8ce0dcf9fb_26c23cf1-b920-4ac0-93d9-dc245c7485f6.jpg/250x188.webp https://prod.pictures.autoscout24.net/listing-images/7d482f0e-49f0-44b1-9614-cb8ce0dcf9fb_ace0513a-75e8-45e3-b586-2c8b03127340.jpg/250x188.webp https://prod.pictures.autoscout24.net/listing-images/7d482f0e-49f0-44b1-9614-cb8ce0dcf9fb_2fd9af76-5738-439b-804d-5f1916b2d60b.jpg/250x188.webp https://prod.pictures.autoscout24.net/listing-images/7d482f0e-49f0-44b1-9614-cb8ce0dcf9fb_883b196f-2c9d-49f6-8aa6-750e75158447.jpg/250x188.webp https://prod.pictures.autoscout24.net/listing-images/7d482f0e-49f0-44b1-9614-cb8ce0dcf9fb_e4fc35fe-3cde-4e46-ab2a-d74e7b417f12.jpg/250x188.webp https://prod.pictures.autoscout24.net/listing-images/7d482f0e-49f0-44b1-9614-cb8ce0dcf9fb_e75a8982-b3b7-4605-b1c4-82c4a18acb89.jpg/250x188.webp https://prod.pictures.autoscout24.net/listing-images/7d482f0e-49f0-44b1-9614-cb8ce0dcf9fb_203c28fd-9409-4517-9885-8617bc2a6bab.jpg/250x188.webp https://prod.pictures.autoscout24.net/listing-images/7d482f0e-49f0-44b1-9614-cb8ce0dcf9fb_b5774788-eba7-4ad2-94d7-23b49c0ca20d.jpg/250x188.webp,46.86877944970925,784
25f3c3c3-8f55-497f-9790-be0643376110,Volvo,XC40,"Core, T2 automatic, Benzine",Dealer,29850,b,60100,04-2023,3600,https://prod.pictures.autoscout24.net/listing-images/25f3c3c3-8f55-497f-9790-be0643376110_e16ecf58-c22d-4c05-ab2d-c343ff9ddf90.jpg/250x188.webp https://prod.pictures.autoscout24.net/listing-images/25f3c3c3-8f55-497f-9790-be0643376110_130c426e-6edf-4a68-b470-963fc19d1a97.jpg/250x188.webp https://prod.pictures.autoscout24.net/listing-images/25f3c3c3-8f55-497f-9790-be0643376110_dc832e31-2471-4798-a27e-8fa9b4ddbbe9.jpg/250x188.webp https://prod.pictures.autoscout24.net/listing-images/25f3c3c3-8f55-497f-9790-be0643376110_1d84e665-a643-4146-94f1-450be0d5ae61.jpg/250x188.webp https://prod.pictures.autoscout24.net/listing-images/25f3c3c3-8f55-497f-9790-be0643376110_c525145f-7361-4523-afc5-bc55d6363012.jpg/250x188.webp https://prod.pictures.autoscout24.net/listing-images/25f3c3c3-8f55-497f-9790-be0643376110_b48d88ca-9bf0-49a1-b467-816993b0f7c2.jpg/250x188.webp https://prod.pictures.autoscout24.net/listing-images/25f3c3c3-8f55-497f-9790-be0643376110_8c09933d-9cc8-46aa-b5e0-7e0f7bbdd926.jpg/250x188.webp https://prod.pictures.autoscout24.net/listing-images/25f3c3c3-8f55-497f-9790-be0643376110_9cc8627f-6b7b-4271-9809-7ede86d7eb60.jpg/250x188.webp https://prod.pictures.autoscout24.net/listing-images/25f3c3c3-8f55-497f-9790-be0643376110_324519c4-44f3-4ddf-8b77-046a0a20cc43.jpg/250x188.webp https://prod.pictures.autoscout24.net/listing-images/25f3c3c3-8f55-497f-9790-be0643376110_aa8604a3-0f87-4918-961c-1e4b3cad49a0.jpg/250x188.webp https://prod.pictures.autoscout24.net/listing-images/25f3c3c3-8f55-497f-9790-be0643376110_2c6a3181-5925-4f91-9ad4-86272473597a.jpg/250x188.webp https://prod.pictures.autoscout24.net/listing-images/25f3c3c3-8f55-497f-9790-be0643376110_402a4b45-0809-4060-87c6-8918724189eb.jpg/250x188.webp https://prod.pictures.autoscout24.net/listing-images/25f3c3c3-8f55-497f-9790-be0643376110_a44f50b0-7202-4eb3-a3ed-1f8ee874f4dd.jpg/250x188.webp https://prod.pictures.autoscout24.net/listing-images/25f3c3c3-8f55-497f-9790-be0643376110_9f1e0e06-b99d-486b-b207-ff25a0592aea.jpg/250x188.webp https://prod.pictures.autoscout24.net/listing-images/25f3c3c3-8f55-497f-9790-be0643376110_bd4165dc-295e-4ea9-9a80-78577ce3f2b6.jpg/250x188.webp https://prod.pictures.autoscout24.net/listing-images/25f3c3c3-8f55-497f-9790-be0643376110_d0329a22-044d-4042-af48-c830534269e0.jpg/250x188.webp https://prod.pictures.autoscout24.net/listing-images/25f3c3c3-8f55-497f-9790-be0643376110_5223a061-349a-43b5-99c0-cb690103eecc.jpg/250x188.webp,91.05707630102727,1059
721d7597-a969-4500-b645-37e5651aca91,Volvo,XC40,INSCRIPTION T5 PLUG-IN HYBRID LEDER+OPEN DAK,Dealer,29875,2,79582,01-2022,3110,https://prod.pictures.autoscout24.net/listing-images/721d7597-a969-4500-b645-37e5651aca91_94e60b74-7ce4-4513-b758-7d3e60204914.jpg/250x188.webp https://prod.pictures.autoscout24.net/listing-images/721d7597-a969-4500-b645-37e5651aca91_2368b0bd-5b69-4a19-a7be-89d1c5104a27.jpg/250x188.webp https://prod.pictures.autoscout24.net/listing-images/721d7597-a969-4500-b645-37e5651aca91_bb267089-5cec-4c9e-9d8e-4c956e68662a.jpg/250x188.webp https://prod.pictures.autoscout24.net/listing-images/721d7597-a969-4500-b645-37e5651aca91_c0e9d18a-721d-4c92-8408-2e7cd3eec0dd.jpg/250x188.webp https://prod.pictures.autoscout24.net/listing-images/721d7597-a969-4500-b645-37e5651aca91_faadf427-0355-451f-af44-436bdeaa73a9.jpg/250x188.webp https://prod.pictures.autoscout24.net/listing-images/721d7597-a969-4500-b645-37e5651aca91_9e314e56-399b-4ae7-b280-ddd6aa58a011.jpg/250x188.webp https://prod.pictures.autoscout24.net/listing-images/721d7597-a969-4500-b645-37e5651aca91_524c53c9-a79c-4321-b8c0-7c3882d39c5f.jpg/250x188.webp https://prod.pictures.autoscout24.net/listing-images/721d7597-a969-4500-b645-37e5651aca91_3c14c8c8-4eda-49db-af98-3f680d5ace9f.jpg/250x188.webp https://prod.pictures.autoscout24.net/listing-images/721d7597-a969-4500-b645-37e5651aca91_b13025ec-a30f-4d43-867c-134003cfc074.jpg/250x188.webp https://prod.pictures.autoscout24.net/listing-images/721d7597-a969-4500-b645-37e5651aca91_bd47ad07-ae7e-4c56-bf2c-979be215aeb2.jpg/250x188.webp https://prod.pictures.autoscout24.net/listing-images/721d7597-a969-4500-b645-37e5651aca91_387661a8-631a-4f74-970d-21714bb6f9e8.jpg/250x188.webp https://prod.pictures.autoscout24.net/listing-images/721d7597-a969-4500-b645-37e5651aca91_6b13a30e-ad35-427e-a4a7-abb8f2379775.jpg/250x188.webp https://prod.pictures.autoscout24.net/listing-images/721d7597-a969-4500-b645-37e5651aca91_36d5ab68-442a-4bf3-8762-35e42e7ec22e.jpg/250x188.webp https://prod.pictures.autoscout24.net/listing-images/721d7597-a969-4500-b645-37e5651aca91_4c680d8a-020d-474d-8632-44d6d2c8b213.jpg/250x188.webp https://prod.pictures.autoscout24.net/listing-images/721d7597-a969-4500-b645-37e5651aca91_d8c77781-3557-4104-a55c-de7d6c7f8c36.jpg/250x188.webp https://prod.pictures.autoscout24.net/listing-images/721d7597-a969-4500-b645-37e5651aca91_00480184-97dd-411f-a750-6973b688b1f0.jpg/250x188.webp https://prod.pictures.autoscout24.net/listing-images/721d7597-a969-4500-b645-37e5651aca91_ea2e62b2-5ecd-4357-bc9e-ae56de9b6c32.jpg/250x188.webp https://prod.pictures.autoscout24.net/listing-images/721d7597-a969-4500-b645-37e5651aca91_6fe56277-dfdc-48bd-8497-214833149221.jpg/250x188.webp https://prod.pictures.autoscout24.net/listing-images/721d7597-a969-4500-b645-37e5651aca91_e9772068-87c0-4a44-bc48-84e41aa7d913.jpg/250x188.webp https://prod.pictures.autoscout24.net/listing-images/721d7597-a969-4500-b645-37e5651aca91_90e48e0e-bdf3-496d-8b7e-db9ca3c4e27c.jpg/250x188.webp https://prod.pictures.autoscout24.net/listing-images/721d7597-a969-4500-b645-37e5651aca91_88820d55-218d-4d5f-936e-e99a0e376c7a.jpg/250x188.webp,59.79775666035793,1514
566ed059-bac5-465c-a657-8ada2e7e2317,Volvo,XC40,INSCRIPTION T5 PLUG-IN HYBRID AUTOMAAT,Dealer,29890,2,55669,01-2022,3110,https://prod.pictures.autoscout24.net/listing-images/566ed059-bac5-465c-a657-8ada2e7e2317_aa9c8298-e98a-41b5-9c76-c054ebb22103.jpg/250x188.webp https://prod.pictures.autoscout24.net/listing-images/566ed059-bac5-465c-a657-8ada2e7e2317_7bf06a52-a276-463b-9c2c-d87d23df63b4.jpg/250x188.webp https://prod.pictures.autoscout24.net/listing-images/566ed059-bac5-465c-a657-8ada2e7e2317_7bbf539f-7ac8-40cd-8afa-d69dc749f4fb.jpg/250x188.webp https://prod.pictures.autoscout24.net/listing-images/566ed059-bac5-465c-a657-8ada2e7e2317_bc4f867c-7058-40c9-9c56-084bbeaa9d81.jpg/250x188.webp https://prod.pictures.autoscout24.net/listing-images/566ed059-bac5-465c-a657-8ada2e7e2317_c5373560-86ea-43e7-893d-d555bf2442b2.jpg/250x188.webp https://prod.pictures.autoscout24.net/listing-images/566ed059-bac5-465c-a657-8ada2e7e2317_f2ccc46c-5b23-46fe-b56f-62a9ea2f4007.jpg/250x188.webp https://prod.pictures.autoscout24.net/listing-images/566ed059-bac5-465c-a657-8ada2e7e2317_59eeb0ee-e9d3-42c9-ac88-437215454955.jpg/250x188.webp https://prod.pictures.autoscout24.net/listing-images/566ed059-bac5-465c-a657-8ada2e7e2317_eb228d85-dc6a-4188-9f21-cf6be7d1a841.jpg/250x188.webp https://prod.pictures.autoscout24.net/listing-images/566ed059-bac5-465c-a657-8ada2e7e2317_c81bdfbf-5845-4fcc-829f-a60bae3192d8.jpg/250x188.webp https://prod.pictures.autoscout24.net/listing-images/566ed059-bac5-465c-a657-8ada2e7e2317_eac3f791-93a8-4e97-8876-ce11b5095454.jpg/250x188.webp https://prod.pictures.autoscout24.net/listing-images/566ed059-bac5-465c-a657-8ada2e7e2317_8b449577-6e65-4efa-9691-c08cf1148a5a.jpg/250x188.webp https://prod.pictures.autoscout24.net/listing-images/566ed059-bac5-465c-a657-8ada2e7e2317_3ad8d7eb-4abb-4826-b104-780d94d323bf.jpg/250x188.webp https://prod.pictures.autoscout24.net/listing-images/566ed059-bac5-465c-a657-8ada2e7e2317_ddbf9fa2-c6fb-449b-ae9a-314eddf8afdb.jpg/250x188.webp https://prod.pictures.autoscout24.net/listing-images/566ed059-bac5-465c-a657-8ada2e7e2317_e3e5fa2f-0cc0-460c-b922-1a736ff61679.jpg/250x188.webp https://prod.pictures.autoscout24.net/listing-images/566ed059-bac5-465c-a657-8ada2e7e2317_b790216d-21dc-4b16-ac46-4f8698a21926.jpg/250x188.webp https://prod.pictures.autoscout24.net/listing-images/566ed059-bac5-465c-a657-8ada2e7e2317_42a25dfd-cf05-4574-8750-58e975bcb3d2.jpg/250x188.webp https://prod.pictures.autoscout24.net/listing-images/566ed059-bac5-465c-a657-8ada2e7e2317_65db13bd-f71e-4ad2-b911-1e2fb341dcfd.jpg/250x188.webp,59.79775666035793,1514
2a6fa149-7a04-48c0-b710-e7687e055169,Volvo,XC40,Core  B3 Mild Hybrid Essence,Dealer,29900,b,28244,01-2025,1400,https://prod.pictures.autoscout24.net/listing-images/2a6fa149-7a04-48c0-b710-e7687e055169_cdc13292-2865-49b7-a0d2-d96afa68acea.jpg/250x188.webp https://prod.pictures.autoscout24.net/listing-images/2a6fa149-7a04-48c0-b710-e7687e055169_07bb4df8-de55-445a-b0d4-b6c288555c91.jpg/250x188.webp https://prod.pictures.autoscout24.net/listing-images/2a6fa149-7a04-48c0-b710-e7687e055169_af1492d7-9c14-48be-a69b-e373530bf6b8.jpg/250x188.webp https://prod.pictures.autoscout24.net/listing-images/2a6fa149-7a04-48c0-b710-e7687e055169_b8cbeb31-9770-4849-a538-42f8e8252fe1.jpg/250x188.webp https://prod.pictures.autoscout24.net/listing-images/2a6fa149-7a04-48c0-b710-e7687e055169_4f725797-26c2-4612-b914-90cee80d514d.jpg/250x188.webp https://prod.pictures.autoscout24.net/listing-images/2a6fa149-7a04-48c0-b710-e7687e055169_3d5c85f5-3220-4e47-9e1c-405484b028e4.jpg/250x188.webp https://prod.pictures.autoscout24.net/listing-images/2a6fa149-7a04-48c0-b710-e7687e055169_fc6ffc9a-43b7-4259-82aa-7c36536f736a.jpg/250x188.webp https://prod.pictures.autoscout24.net/listing-images/2a6fa149-7a04-48c0-b710-e7687e055169_98af2825-7b14-40a6-83de-b04c129aa394.jpg/250x188.webp https://prod.pictures.autoscout24.net/listing-images/2a6fa149-7a04-48c0-b710-e7687e055169_dfcbbed1-d730-4a1a-bb1c-0db931e4b4a4.jpg/250x188.webp https://prod.pictures.autoscout24.net/listing-images/2a6fa149-7a04-48c0-b710-e7687e055169_1500393c-d6e1-4a43-a6b3-77d6a5ddd9b5.jpg/250x188.webp https://prod.pictures.autoscout24.net/listing-images/2a6fa149-7a04-48c0-b710-e7687e055169_a1f4933a-0bef-4af5-a0c7-2d8c96bf58c7.jpg/250x188.webp https://prod.pictures.autoscout24.net/listing-images/2a6fa149-7a04-48c0-b710-e7687e055169_e35ca2d3-b821-46f8-a7ec-8dc786f627a2.jpg/250x188.webp https://prod.pictures.autoscout24.net/listing-images/2a6fa149-7a04-48c0-b710-e7687e055169_caf0c74d-4a21-49da-9d3e-cc3841efc625.jpg/250x188.webp https://prod.pictures.autoscout24.net/listing-images/2a6fa149-7a04-48c0-b710-e7687e055169_8d91df43-fe6f-4620-920d-3c2276cbc215.jpg/250x188.webp https://prod.pictures.autoscout24.net/listing-images/2a6fa149-7a04-48c0-b710-e7687e055169_ab657cdc-d563-44b9-9d99-a45c1b27c84c.jpg/250x188.webp,97.34623999588936,418
84750306-5a21-4bf4-9915-1225ea4a6a7d,Volvo,XC40,Core T2 Aut | Elektrische kofferklep | Trekhaak |,Dealer,29900,b,42478,09-2023,8700,https://prod.pictures.autoscout24.net/listing-images/84750306-5a21-4bf4-9915-1225ea4a6a7d_cef9beff-62cc-4a7c-9eb4-341329a97c9e.jpg/250x188.webp https://prod.pictures.autoscout24.net/listing-images/84750306-5a21-4bf4-9915-1225ea4a6a7d_5edcf6fa-7eaf-4956-8058-27eed18cb56c.jpg/250x188.webp https://prod.pictures.autoscout24.net/listing-images/84750306-5a21-4bf4-9915-1225ea4a6a7d_2bd87892-2699-44a8-9ff4-00a5a4cb1be5.jpg/250x188.webp https://prod.pictures.autoscout24.net/listing-images/84750306-5a21-4bf4-9915-1225ea4a6a7d_fefb01ef-6e02-4d06-a004-08efd2650e61.jpg/250x188.webp https://prod.pictures.autoscout24.net/listing-images/84750306-5a21-4bf4-9915-1225ea4a6a7d_e58984f3-2990-452a-bbec-4c0d54b34e61.jpg/250x188.webp https://prod.pictures.autoscout24.net/listing-images/84750306-5a21-4bf4-9915-1225ea4a6a7d_6886b6b6-dfa1-4673-bc85-754ffc40c8c4.jpg/250x188.webp https://prod.pictures.autoscout24.net/listing-images/84750306-5a21-4bf4-9915-1225ea4a6a7d_156be447-ab62-4f6d-b20d-aca763477a6c.jpg/250x188.webp https://prod.pictures.autoscout24.net/listing-images/84750306-5a21-4bf4-9915-1225ea4a6a7d_73e28a66-e86b-4baa-8c83-04a8e26bd096.jpg/250x188.webp https://prod.pictures.autoscout24.net/listing-images/84750306-5a21-4bf4-9915-1225ea4a6a7d_a5ffa582-d94b-4367-bfb3-9a4235faa365.jpg/250x188.webp https://prod.pictures.autoscout24.net/listing-images/84750306-5a21-4bf4-9915-1225ea4a6a7d_901fcfb0-e08c-4e2d-a92c-de47b9be5275.jpg/250x188.webp https://prod.pictures.autoscout24.net/listing-images/84750306-5a21-4bf4-9915-1225ea4a6a7d_70999ddf-8843-426c-add8-1f589cdeca77.jpg/250x188.webp https://prod.pictures.autoscout24.net/listing-images/84750306-5a21-4bf4-9915-1225ea4a6a7d_d595b4c6-f137-465f-975a-760576fa5745.jpg/250x188.webp https://prod.pictures.autoscout24.net/listing-images/84750306-5a21-4bf4-9915-1225ea4a6a7d_da6f82c8-7714-4676-91fb-623bf3c08d6f.jpg/250x188.webp https://prod.pictures.autoscout24.net/listing-images/84750306-5a21-4bf4-9915-1225ea4a6a7d_15f6f895-38ec-4aa2-9f51-ecfbc660a67f.jpg/250x188.webp https://prod.pictures.autoscout24.net/listing-images/84750306-5a21-4bf4-9915-1225ea4a6a7d_4a983e76-2b3b-4629-aa2d-2a444fcae398.jpg/250x188.webp https://prod.pictures.autoscout24.net/listing-images/84750306-5a21-4bf4-9915-1225ea4a6a7d_d5a3c3b2-b2c4-4b62-b26f-d4d7d12e5ea6.jpg/250x188.webp https://prod.pictures.autoscout24.net/listing-images/84750306-5a21-4bf4-9915-1225ea4a6a7d_a5922212-3b47-4c8b-b2ca-9d0f1eb032ef.jpg/250x188.webp https://prod.pictures.autoscout24.net/listing-images/84750306-5a21-4bf4-9915-1225ea4a6a7d_c6167ee4-98a7-4d8b-8363-b3c46a663da7.jpg/250x188.webp,91.7876639782026,906
edb1b088-86cd-4299-9932-2e8b27888b7c,Volvo,XC40,T2 Automaat Micro hybrid,Dealer,29900,b,27996,01-2024,2100,https://prod.pictures.autoscout24.net/listing-images/edb1b088-86cd-4299-9932-2e8b27888b7c_2b1c7adb-ab63-4823-9149-318e6bc1678b.jpg/250x188.webp https://prod.pictures.autoscout24.net/listing-images/edb1b088-86cd-4299-9932-2e8b27888b7c_836e002c-53a6-485e-9555-21bc1fe280d6.jpg/250x188.webp https://prod.pictures.autoscout24.net/listing-images/edb1b088-86cd-4299-9932-2e8b27888b7c_5d635abc-72fd-438e-986f-66110af61641.jpg/250x188.webp https://prod.pictures.autoscout24.net/listing-images/edb1b088-86cd-4299-9932-2e8b27888b7c_6cc8450c-f837-4194-9635-b869aef99159.jpg/250x188.webp https://prod.pictures.autoscout24.net/listing-images/edb1b088-86cd-4299-9932-2e8b27888b7c_81755547-c6f6-4d0c-a044-901927c0e343.jpg/250x188.webp https://prod.pictures.autoscout24.net/listing-images/edb1b088-86cd-4299-9932-2e8b27888b7c_56d0d7fe-11bb-4722-8f31-22eeb4dbe5f7.jpg/250x188.webp https://prod.pictures.autoscout24.net/listing-images/edb1b088-86cd-4299-9932-2e8b27888b7c_a6ca4836-32ab-4745-b4b5-4d1c9af7f2ea.jpg/250x188.webp https://prod.pictures.autoscout24.net/listing-images/edb1b088-86cd-4299-9932-2e8b27888b7c_8dac5e51-3247-4524-93ee-35720c7fc1fa.jpg/250x188.webp https://prod.pictures.autoscout24.net/listing-images/edb1b088-86cd-4299-9932-2e8b27888b7c_09eee45a-fa8f-4809-9637-b95a80ee591c.jpg/250x188.webp https://prod.pictures.autoscout24.net/listing-images/edb1b088-86cd-4299-9932-2e8b27888b7c_8e07c458-6c85-44ee-9190-1cc95def08fb.jpg/250x188.webp,27.421552979694752,784
d7df204c-0a91-4d24-8949-cbc7d249d310,Volvo,XC40,T5 Recharge DKG Plus Dark,PrivateSeller,29900,2,83074,12-2022,9300,https://prod.pictures.autoscout24.net/listing-images/d7df204c-0a91-4d24-8949-cbc7d249d310_2ea5dd46-5054-4453-9a3e-12ef50e347c5.jpg/250x188.webp https://prod.pictures.autoscout24.net/listing-images/d7df204c-0a91-4d24-8949-cbc7d249d310_204d98d4-bfc3-4540-ae5c-8737e272a985.jpg/250x188.webp https://prod.pictures.autoscout24.net/listing-images/d7df204c-0a91-4d24-8949-cbc7d249d310_cd3fe8e7-4216-4e67-a48d-8b848b188d39.jpg/250x188.webp https://prod.pictures.autoscout24.net/listing-images/d7df204c-0a91-4d24-8949-cbc7d249d310_556d4b1f-bf78-47cd-ba9f-8273fc8829cb.jpg/250x188.webp https://prod.pictures.autoscout24.net/listing-images/d7df204c-0a91-4d24-8949-cbc7d249d310_c1a19b74-dd9b-48f2-88de-d0c2428ae51b.jpg/250x188.webp https://prod.pictures.autoscout24.net/listing-images/d7df204c-0a91-4d24-8949-cbc7d249d310_f93f23c3-5d92-4ab6-9719-61a6eb61ebd1.jpg/250x188.webp https://prod.pictures.autoscout24.net/listing-images/d7df204c-0a91-4d24-8949-cbc7d249d310_a194983a-d4c5-4307-8dc2-94fd758a2256.jpg/250x188.webp https://prod.pictures.autoscout24.net/listing-images/d7df204c-0a91-4d24-8949-cbc7d249d310_78600aa1-c5bb-413f-9f74-6a316de01472.jpg/250x188.webp https://prod.pictures.autoscout24.net/listing-images/d7df204c-0a91-4d24-8949-cbc7d249d310_811b3f99-f9f7-430f-a67f-d257a2ab52e7.jpg/250x188.webp https://prod.pictures.autoscout24.net/listing-images/d7df204c-0a91-4d24-8949-cbc7d249d310_53982e1f-a104-4f18-b9d6-14a928bd72a7.jpg/250x188.webp https://prod.pictures.autoscout24.net/listing-images/d7df204c-0a91-4d24-8949-cbc7d249d310_62cf2a07-7753-433d-8469-3dece8339056.jpg/250x188.webp https://prod.pictures.autoscout24.net/listing-images/d7df204c-0a91-4d24-8949-cbc7d249d310_52970afa-a5c8-4a5b-905b-176bccf8554d.jpg/250x188.webp https://prod.pictures.autoscout24.net/listing-images/d7df204c-0a91-4d24-8949-cbc7d249d310_06d3fb44-d008-47d9-9ee0-09d5beb83bf8.jpg/250x188.webp https://prod.pictures.autoscout24.net/listing-images/d7df204c-0a91-4d24-8949-cbc7d249d310_f19272c6-0340-4775-bbe0-30d3bdddfeff.jpg/250x188.webp,66.4098627619792,1180
44feeb45-1fe3-477e-bcfe-80b6e6a1506b,Volvo,XC40,T4 Geartronic Momentum Pro,PrivateSeller,29900,b,18000,07-2022,9860,https://prod.pictures.autoscout24.net/listing-images/44feeb45-1fe3-477e-bcfe-80b6e6a1506b_26875e7d-36f6-43ba-a4dd-20833274030a.jpg/250x188.webp https://prod.pictures.autoscout24.net/listing-images/44feeb45-1fe3-477e-bcfe-80b6e6a1506b_4add825b-f3b1-4376-b149-a526c5b1b674.jpg/250x188.webp https://prod.pictures.autoscout24.net/listing-images/44feeb45-1fe3-477e-bcfe-80b6e6a1506b_5ebf4fd0-d1cb-404b-ac97-1600608e9106.jpg/250x188.webp https://prod.pictures.autoscout24.net/listing-images/44feeb45-1fe3-477e-bcfe-80b6e6a1506b_ebc6f51c-519b-4ff4-bc01-ddfabddd0c60.jpg/250x188.webp https://prod.pictures.autoscout24.net/listing-images/44feeb45-1fe3-477e-bcfe-80b6e6a1506b_db40c41b-515d-4aff-8870-4c920719a9d8.jpg/250x188.webp https://prod.pictures.autoscout24.net/listing-images/44feeb45-1fe3-477e-bcfe-80b6e6a1506b_ebe5ac72-d579-4f54-bc85-cf981a0fb6ac.jpg/250x188.webp https://prod.pictures.autoscout24.net/listing-images/44feeb45-1fe3-477e-bcfe-80b6e6a1506b_f4961fb0-ba87-4fa8-b89e-0bc25140a612.jpg/250x188.webp https://prod.pictures.autoscout24.net/listing-images/44feeb45-1fe3-477e-bcfe-80b6e6a1506b_4802dccb-b414-4aef-8155-5892c191c9b6.jpg/250x188.webp https://prod.pictures.autoscout24.net/listing-images/44feeb45-1fe3-477e-bcfe-80b6e6a1506b_13b229db-edee-41ff-8564-f7beaaba9da2.jpg/250x188.webp https://prod.pictures.autoscout24.net/listing-images/44feeb45-1fe3-477e-bcfe-80b6e6a1506b_fedf38fd-1aeb-41ff-bc00-fddf44e15b93.jpg/250x188.webp https://prod.pictures.autoscout24.net/listing-images/44feeb45-1fe3-477e-bcfe-80b6e6a1506b_1471d038-849f-4aa4-9dfc-520ff8bea524.jpg/250x188.webp https://prod.pictures.autoscout24.net/listing-images/44feeb45-1fe3-477e-bcfe-80b6e6a1506b_a20bf975-8adc-4de9-8994-27ef06b71448.jpg/250x188.webp https://prod.pictures.autoscout24.net/listing-images/44feeb45-1fe3-477e-bcfe-80b6e6a1506b_94907a91-49f4-4ecf-9b5f-890dfacec7d9.jpg/250x188.webp https://prod.pictures.autoscout24.net/listing-images/44feeb45-1fe3-477e-bcfe-80b6e6a1506b_82037d05-c48a-4e5e-a836-c231cd43896e.jpg/250x188.webp https://prod.pictures.autoscout24.net/listing-images/44feeb45-1fe3-477e-bcfe-80b6e6a1506b_ca9c04f7-6a5b-46ee-a3f0-639b21dd6782.jpg/250x188.webp https://prod.pictures.autoscout24.net/listing-images/44feeb45-1fe3-477e-bcfe-80b6e6a1506b_331087bc-2acd-4e61-a8ec-ed9240a528f6.jpg/250x188.webp https://prod.pictures.autoscout24.net/listing-images/44feeb45-1fe3-477e-bcfe-80b6e6a1506b_3c3bcbc0-d502-4828-8e45-3ccf644b33aa.jpg/250x188.webp https://prod.pictures.autoscout24.net/listing-images/44feeb45-1fe3-477e-bcfe-80b6e6a1506b_d9e7324f-8974-47a1-a5e1-ebe046874a2f.jpg/250x188.webp https://prod.pictures.autoscout24.net/listing-images/44feeb45-1fe3-477e-bcfe-80b6e6a1506b_a6bf57cb-3a56-4672-b1ce-dd32da1ab197.jpg/250x188.webp https://prod.pictures.autoscout24.net/listing-images/44feeb45-1fe3-477e-bcfe-80b6e6a1506b_26dfe175-cb36-456a-86b2-95f5d3cd47fb.jpg/250x188.webp,74.17890728926801,1333
ee8d23dd-7a41-4092-83fb-4d1ffbc32f6d,Volvo,V90,2.0 T6 Recharge 341PK Geartronic Inscription Expre,Dealer,29900,2,91630,10-2021,3390,https://prod.pictures.autoscout24.net/listing-images/ee8d23dd-7a41-4092-83fb-4d1ffbc32f6d_9c03425c-5f7a-4914-9e4c-1cdd95b78132.jpg/250x188.webp https://prod.pictures.autoscout24.net/listing-images/ee8d23dd-7a41-4092-83fb-4d1ffbc32f6d_9de951b6-905c-44f8-982a-aa4c61933a3b.jpg/250x188.webp https://prod.pictures.autoscout24.net/listing-images/ee8d23dd-7a41-4092-83fb-4d1ffbc32f6d_08812c03-857f-45d7-895e-d7ceb02aad1c.jpg/250x188.webp https://prod.pictures.autoscout24.net/listing-images/ee8d23dd-7a41-4092-83fb-4d1ffbc32f6d_b4a4c54e-be76-4c17-8841-ea723ce257be.jpg/250x188.webp https://prod.pictures.autoscout24.net/listing-images/ee8d23dd-7a41-4092-83fb-4d1ffbc32f6d_1d4bfe1f-6646-449e-86de-d3bf723338d0.jpg/250x188.webp https://prod.pictures.autoscout24.net/listing-images/ee8d23dd-7a41-4092-83fb-4d1ffbc32f6d_24f265c8-4b63-404d-962f-5bf99b8e2618.jpg/250x188.webp https://prod.pictures.autoscout24.net/listing-images/ee8d23dd-7a41-4092-83fb-4d1ffbc32f6d_5c8b2ab1-7e2f-4d08-bbc3-75f20e3883b0.jpg/250x188.webp https://prod.pictures.autoscout24.net/listing-images/ee8d23dd-7a41-4092-83fb-4d1ffbc32f6d_73fe85bc-db64-4111-b0db-1d425eac8527.jpg/250x188.webp https://prod.pictures.autoscout24.net/listing-images/ee8d23dd-7a41-4092-83fb-4d1ffbc32f6d_df1187d4-004a-463b-9a03-7703127517cb.jpg/250x188.webp https://prod.pictures.autoscout24.net/listing-images/ee8d23dd-7a41-4092-83fb-4d1ffbc32f6d_48417f4a-55db-4bf2-9404-ddf1a2479cbb.jpg/250x188.webp https://prod.pictures.autoscout24.net/listing-images/ee8d23dd-7a41-4092-83fb-4d1ffbc32f6d_ba6b83c5-ce62-42c9-bc38-4fb31661434f.jpg/250x188.webp https://prod.pictures.autoscout24.net/listing-images/ee8d23dd-7a41-4092-83fb-4d1ffbc32f6d_e1fa40c0-0921-4ce0-875b-2138f98b5a7f.jpg/250x188.webp https://prod.pictures.autoscout24.net/listing-images/ee8d23dd-7a41-4092-83fb-4d1ffbc32f6d_80a3a6ac-5f77-4bca-9c83-9001cde7b147.jpg/250x188.webp https://prod.pictures.autoscout24.net/listing-images/ee8d23dd-7a41-4092-83fb-4d1ffbc32f6d_3cc21b75-4c48-43e2-81d6-907ab24a6caf.jpg/250x188.webp https://prod.pictures.autoscout24.net/listing-images/ee8d23dd-7a41-4092-83fb-4d1ffbc32f6d_704a1f80-ce41-4953-900a-dc570a72fb88.jpg/250x188.webp https://prod.pictures.autoscout24.net/listing-images/ee8d23dd-7a41-4092-83fb-4d1ffbc32f6d_3683c179-bbb1-47e9-b8c0-1f3b1af009de.jpg/250x188.webp https://prod.pictures.autoscout24.net/listing-images/ee8d23dd-7a41-4092-83fb-4d1ffbc32f6d_fd6ec862-12f7-4f21-90dd-a39d65443bb2.jpg/250x188.webp https://prod.pictures.autoscout24.net/listing-images/ee8d23dd-7a41-4092-83fb-4d1ffbc32f6d_e943d2a9-7fc5-4ab1-9f90-67ea5a5b7fda.jpg/250x188.webp,66.90099289806504,1606
fb563a7d-7d05-4510-9baa-37836f6ee408,Volvo,XC40,1.5 T2 Core AUT. GPS Dig.Airco Alu,Dealer,29900,b,41673,11-2023,3390,https://prod.pictures.autoscout24.net/listing-images/fb563a7d-7d05-4510-9baa-37836f6ee408_b1ce53d1-c0e2-4004-9f5e-82e0cb82bed6.jpg/250x188.webp https://prod.pictures.autoscout24.net/listing-images/fb563a7d-7d05-4510-9baa-37836f6ee408_f46b9d39-e3b9-4065-b205-faf29d6a1bef.jpg/250x188.webp https://prod.pictures.autoscout24.net/listing-images/fb563a7d-7d05-4510-9baa-37836f6ee408_d918146b-127e-4134-b692-ebadef5cfaef.jpg/250x188.webp https://prod.pictures.autoscout24.net/listing-images/fb563a7d-7d05-4510-9baa-37836f6ee408_16cfbe1d-d0bd-4a97-9091-844bb012e35f.jpg/250x188.webp https://prod.pictures.autoscout24.net/listing-images/fb563a7d-7d05-4510-9baa-37836f6ee408_9ea05f8e-5362-4b3b-a5fa-1a76a5ec1f21.jpg/250x188.webp https://prod.pictures.autoscout24.net/listing-images/fb563a7d-7d05-4510-9baa-37836f6ee408_56c38ca9-53f3-4d44-90e3-78fa2c6aad4e.jpg/250x188.webp https://prod.pictures.autoscout24.net/listing-images/fb563a7d-7d05-4510-9baa-37836f6ee408_9f30a955-41e2-48ba-a2c3-8dc22f16e637.jpg/250x188.webp https://prod.pictures.autoscout24.net/listing-images/fb563a7d-7d05-4510-9baa-37836f6ee408_0898403a-14a8-41fb-aa9e-b650cd36c542.jpg/250x188.webp https://prod.pictures.autoscout24.net/listing-images/fb563a7d-7d05-4510-9baa-37836f6ee408_5af7d831-eaf8-4d0a-8a61-87575a5c126f.jpg/250x188.webp https://prod.pictures.autoscout24.net/listing-images/fb563a7d-7d05-4510-9baa-37836f6ee408_32510cf0-307b-4751-9953-4137d5fe590c.jpg/250x188.webp https://prod.pictures.autoscout24.net/listing-images/fb563a7d-7d05-4510-9baa-37836f6ee408_4e97a7f6-87cc-418c-9989-d8890631e19c.jpg/250x188.webp https://prod.pictures.autoscout24.net/listing-images/fb563a7d-7d05-4510-9baa-37836f6ee408_f710d5d7-7a20-40d3-a77d-6a82dca2ea18.jpg/250x188.webp https://prod.pictures.autoscout24.net/listing-images/fb563a7d-7d05-4510-9baa-37836f6ee408_a9db454a-704b-416f-b427-724356fec007.jpg/250x188.webp https://prod.pictures.autoscout24.net/listing-images/fb563a7d-7d05-4510-9baa-37836f6ee408_51f53546-8c08-4e01-b703-ece20434ba19.jpg/250x188.webp https://prod.pictures.autoscout24.net/listing-images/fb563a7d-7d05-4510-9baa-37836f6ee408_42e447b9-a681-4ebf-8584-13dc3f7b3924.jpg/250x188.webp https://prod.pictures.autoscout24.net/listing-images/fb563a7d-7d05-4510-9baa-37836f6ee408_8020780b-9b7a-4b57-9868-30f44c48f519.jpg/250x188.webp https://prod.pictures.autoscout24.net/listing-images/fb563a7d-7d05-4510-9baa-37836f6ee408_3bb177be-4259-411f-bb28-5a2709d5a638.jpg/250x188.webp,66.90099289806504,845
6b43b86c-92f8-4c58-a528-95bca9477a94,Volvo,XC40,T4 Recharge DKG Plus Dark,PrivateSeller,29900,2,79900,01-2023,9300,https://prod.pictures.autoscout24.net/listing-images/6b43b86c-92f8-4c58-a528-95bca9477a94_6e1ca7a8-0f5b-40c9-80d9-b95fa8cba8e9.jpg/250x188.webp https://prod.pictures.autoscout24.net/listing-images/6b43b86c-92f8-4c58-a528-95bca9477a94_7c7586c8-e090-4ea2-80d1-4db804316edf.jpg/250x188.webp https://prod.pictures.autoscout24.net/listing-images/6b43b86c-92f8-4c58-a528-95bca9477a94_025ecf27-809f-422a-8660-157b9afbbb49.jpg/250x188.webp https://prod.pictures.autoscout24.net/listing-images/6b43b86c-92f8-4c58-a528-95bca9477a94_88810646-858e-4157-8f52-d976e576f611.jpg/250x188.webp https://prod.pictures.autoscout24.net/listing-images/6b43b86c-92f8-4c58-a528-95bca9477a94_c1bbedf0-0d60-4795-816a-1f68b7a6d551.jpg/250x188.webp https://prod.pictures.autoscout24.net/listing-images/6b43b86c-92f8-4c58-a528-95bca9477a94_ad5bb0db-dcad-48fd-8bb5-337db6863dab.jpg/250x188.webp https://prod.pictures.autoscout24.net/listing-images/6b43b86c-92f8-4c58-a528-95bca9477a94_173a4b37-da3d-49c5-bcf8-56aa445063fb.jpg/250x188.webp https://prod.pictures.autoscout24.net/listing-images/6b43b86c-92f8-4c58-a528-95bca9477a94_4357c6e0-c927-4990-864f-5e3ca1dbb534.jpg/250x188.webp https://prod.pictures.autoscout24.net/listing-images/6b43b86c-92f8-4c58-a528-95bca9477a94_b15d905d-8236-41cf-bb57-c4810675a082.jpg/250x188.webp https://prod.pictures.autoscout24.net/listing-images/6b43b86c-92f8-4c58-a528-95bca9477a94_6722ae6c-2a9a-40ae-a159-0295cab4e4c8.jpg/250x188.webp https://prod.pictures.autoscout24.net/listing-images/6b43b86c-92f8-4c58-a528-95bca9477a94_76dc5f05-8166-4914-89e9-ed9885c94a53.jpg/250x188.webp https://prod.pictures.autoscout24.net/listing-images/6b43b86c-92f8-4c58-a528-95bca9477a94_6602cb70-865d-4279-a754-6ca887e8e568.jpg/250x188.webp https://prod.pictures.autoscout24.net/listing-images/6b43b86c-92f8-4c58-a528-95bca9477a94_e12b94c3-59cf-4f2d-b10e-2d088261611b.jpg/250x188.webp https://prod.pictures.autoscout24.net/listing-images/6b43b86c-92f8-4c58-a528-95bca9477a94_35c9899c-4716-492c-aa98-60e8379f74ca.jpg/250x188.webp https://prod.pictures.autoscout24.net/listing-images/6b43b86c-92f8-4c58-a528-95bca9477a94_d110fe31-63c4-4cd7-a896-b962eb1a3a26.jpg/250x188.webp https://prod.pictures.autoscout24.net/listing-images/6b43b86c-92f8-4c58-a528-95bca9477a94_319f94cd-2770-4578-a080-da6b508a8113.jpg/250x188.webp,66.4098627619792,1149
645ab388-660c-40de-9759-d3d9c9f609f4,Volvo,XC40,B3 Essential mild hybrid,Dealer,29950,2,31071,12-2022,9620,https://prod.pictures.autoscout24.net/listing-images/645ab388-660c-40de-9759-d3d9c9f609f4_8c60ca08-c035-4af2-bbb8-77c9183909a8.jpg/250x188.webp https://prod.pictures.autoscout24.net/listing-images/645ab388-660c-40de-9759-d3d9c9f609f4_1798109e-fb2d-45fd-a7c7-f138a9bc205d.jpg/250x188.webp https://prod.pictures.autoscout24.net/listing-images/645ab388-660c-40de-9759-d3d9c9f609f4_f6a6f40c-db46-4c14-bb03-348938370bff.jpg/250x188.webp https://prod.pictures.autoscout24.net/listing-images/645ab388-660c-40de-9759-d3d9c9f609f4_b3b05348-6d72-4fce-8778-f14027ad4400.jpg/250x188.webp https://prod.pictures.autoscout24.net/listing-images/645ab388-660c-40de-9759-d3d9c9f609f4_8642bc3e-3cc3-402e-b264-5b567e9a1afd.jpg/250x188.webp https://prod.pictures.autoscout24.net/listing-images/645ab388-660c-40de-9759-d3d9c9f609f4_3dca18aa-039c-4bca-8aef-80724212cfb7.jpg/250x188.webp https://prod.pictures.autoscout24.net/listing-images/645ab388-660c-40de-9759-d3d9c9f609f4_846c3a06-5345-4f52-ac5e-d577961938a6.jpg/250x188.webp https://prod.pictures.autoscout24.net/listing-images/645ab388-660c-40de-9759-d3d9c9f609f4_f292f166-efcc-4a2f-8a76-19ff14925e5a.jpg/250x188.webp https://prod.pictures.autoscout24.net/listing-images/645ab388-660c-40de-9759-d3d9c9f609f4_6b7962b2-97f2-4ab6-a707-f1640d18e6c4.jpg/250x188.webp https://prod.pictures.autoscout24.net/listing-images/645ab388-660c-40de-9759-d3d9c9f609f4_1656e204-9859-4c02-9d0a-c81c518a4c26.jpg/250x188.webp https://prod.pictures.autoscout24.net/listing-images/645ab388-660c-40de-9759-d3d9c9f609f4_ade5a9b8-fdeb-4c9c-a816-5a8bbd4fe80f.jpg/250x188.webp https://prod.pictures.autoscout24.net/listing-images/645ab388-660c-40de-9759-d3d9c9f609f4_decfa477-a778-493e-8c04-5a0d6b25a013.jpg/250x188.webp https://prod.pictures.autoscout24.net/listing-images/645ab388-660c-40de-9759-d3d9c9f609f4_ef2fd96e-f078-4706-8a42-5ab80ec2bfff.jpg/250x188.webp https://prod.pictures.autoscout24.net/listing-images/645ab388-660c-40de-9759-d3d9c9f609f4_4700348a-6396-486d-9c36-63620b0ac46d.jpg/250x188.webp https://prod.pictures.autoscout24.net/listing-images/645ab388-660c-40de-9759-d3d9c9f609f4_a0122362-c8e7-4a75-bbf8-11074d275597.jpg/250x188.webp https://prod.pictures.autoscout24.net/listing-images/645ab388-660c-40de-9759-d3d9c9f609f4_a08697af-6a60-4f01-9941-6b692bde6190.jpg/250x188.webp https://prod.pictures.autoscout24.net/listing-images/645ab388-660c-40de-9759-d3d9c9f609f4_d140ab23-0f03-4fae-94a1-ef19a4bdb565.jpg/250x188.webp https://prod.pictures.autoscout24.net/listing-images/645ab388-660c-40de-9759-d3d9c9f609f4_5cc91287-d8ac-4be0-863d-af074469f642.jpg/250x188.webp,80.93030107503533,1180
2cbe9556-dcaf-47bf-a69b-b6b81d9af598,Volvo,V90,Inscription T6 AWD plug-in hybrid,Dealer,29990,2,134201,12-2020,7033,https://prod.pictures.autoscout24.net/listing-images/2cbe9556-dcaf-47bf-a69b-b6b81d9af598_fe6eadd5-059d-4717-8e3e-f3cec17b17da.jpg/250x188.webp https://prod.pictures.autoscout24.net/listing-images/2cbe9556-dcaf-47bf-a69b-b6b81d9af598_7d9c995d-a65c-4874-92a3-873b6a9e36fa.jpg/250x188.webp https://prod.pictures.autoscout24.net/listing-images/2cbe9556-dcaf-47bf-a69b-b6b81d9af598_abdda439-036f-434b-94a3-99b510f41e61.jpg/250x188.webp https://prod.pictures.autoscout24.net/listing-images/2cbe9556-dcaf-47bf-a69b-b6b81d9af598_ace02e71-b1ac-4de6-8ed0-438ccecbcc3b.jpg/250x188.webp https://prod.pictures.autoscout24.net/listing-images/2cbe9556-dcaf-47bf-a69b-b6b81d9af598_006cdf3a-5b02-4cd2-8e97-1daa9eb35e2f.jpg/250x188.webp https://prod.pictures.autoscout24.net/listing-images/2cbe9556-dcaf-47bf-a69b-b6b81d9af598_7a5cbb19-3dc5-45e3-8494-748d88bde562.jpg/250x188.webp https://prod.pictures.autoscout24.net/listing-images/2cbe9556-dcaf-47bf-a69b-b6b81d9af598_7aa774c2-89e5-4f47-9796-ae11bbfa8431.jpg/250x188.webp https://prod.pictures.autoscout24.net/listing-images/2cbe9556-dcaf-47bf-a69b-b6b81d9af598_75812add-40a6-414d-ac0a-e3917fdf7916.jpg/250x188.webp https://prod.pictures.autoscout24.net/listing-images/2cbe9556-dcaf-47bf-a69b-b6b81d9af598_06325662-33ae-4aff-b585-d522d0ae45eb.jpg/250x188.webp https://prod.pictures.autoscout24.net/listing-images/2cbe9556-dcaf-47bf-a69b-b6b81d9af598_90697654-bb4f-47f4-a05d-aca0d8b66a2c.jpg/250x188.webp https://prod.pictures.autoscout24.net/listing-images/2cbe9556-dcaf-47bf-a69b-b6b81d9af598_b9a4149d-1a61-4ad3-9f50-1e92921da93c.jpg/250x188.webp https://prod.pictures.autoscout24.net/listing-images/2cbe9556-dcaf-47bf-a69b-b6b81d9af598_2bdb0fea-bb29-439b-880b-3b05e7926e8c.jpg/250x188.webp https://prod.pictures.autoscout24.net/listing-images/2cbe9556-dcaf-47bf-a69b-b6b81d9af598_c143613a-8083-42a4-905f-5c079342fb1e.jpg/250x188.webp https://prod.pictures.autoscout24.net/listing-images/2cbe9556-dcaf-47bf-a69b-b6b81d9af598_da7708b2-948e-49b0-b989-0810cda25ee4.jpg/250x188.webp https://prod.pictures.autoscout24.net/listing-images/2cbe9556-dcaf-47bf-a69b-b6b81d9af598_173c3608-84b7-4cb3-b487-79acd5b97d60.jpg/250x188.webp https://prod.pictures.autoscout24.net/listing-images/2cbe9556-dcaf-47bf-a69b-b6b81d9af598_b7d3c64a-1c93-416b-90a0-88d9062305f8.jpg/250x188.webp https://prod.pictures.autoscout24.net/listing-images/2cbe9556-dcaf-47bf-a69b-b6b81d9af598_3f5f022c-b36c-4974-b464-d9672140b408.jpg/250x188.webp,120.92234590410432,1910
d23e2a05-a7fc-4bc6-bcad-04d0ce0c6a3d,Volvo,XC40,"Core, T2 automatique",Dealer,29990,b,36371,01-2023,7033,https://prod.pictures.autoscout24.net/listing-images/d23e2a05-a7fc-4bc6-bcad-04d0ce0c6a3d_2c208910-6b8f-45af-8d0f-b5573100b765.jpg/250x188.webp https://prod.pictures.autoscout24.net/listing-images/d23e2a05-a7fc-4bc6-bcad-04d0ce0c6a3d_4720b79d-5c8d-4d38-aab3-2104d678ac27.jpg/250x188.webp https://prod.pictures.autoscout24.net/listing-images/d23e2a05-a7fc-4bc6-bcad-04d0ce0c6a3d_73fed881-5b4b-4a2a-b300-207ffdce656c.jpg/250x188.webp https://prod.pictures.autoscout24.net/listing-images/d23e2a05-a7fc-4bc6-bcad-04d0ce0c6a3d_e1776614-eb71-4711-b53c-d3aacb4ebd06.jpg/250x188.webp https://prod.pictures.autoscout24.net/listing-images/d23e2a05-a7fc-4bc6-bcad-04d0ce0c6a3d_19cb59e4-25c3-4564-823f-6768999c2b09.jpg/250x188.webp https://prod.pictures.autoscout24.net/listing-images/d23e2a05-a7fc-4bc6-bcad-04d0ce0c6a3d_8e0b08ad-9924-4021-8b3b-33680499a9af.jpg/250x188.webp https://prod.pictures.autoscout24.net/listing-images/d23e2a05-a7fc-4bc6-bcad-04d0ce0c6a3d_4c92316f-f588-4d71-af10-d14f7e6b6a09.jpg/250x188.webp https://prod.pictures.autoscout24.net/listing-images/d23e2a05-a7fc-4bc6-bcad-04d0ce0c6a3d_8b22b36a-5718-4d06-90a5-6c29ce0ab9f4.jpg/250x188.webp https://prod.pictures.autoscout24.net/listing-images/d23e2a05-a7fc-4bc6-bcad-04d0ce0c6a3d_41afe2ee-be7c-4873-955a-b23cf5356cb6.jpg/250x188.webp https://prod.pictures.autoscout24.net/listing-images/d23e2a05-a7fc-4bc6-bcad-04d0ce0c6a3d_f43ff97e-d3c5-4549-8243-62011c58c0b1.jpg/250x188.webp https://prod.pictures.autoscout24.net/listing-images/d23e2a05-a7fc-4bc6-bcad-04d0ce0c6a3d_e1137999-b110-4668-b02f-5f3e0f47cfef.jpg/250x188.webp https://prod.pictures.autoscout24.net/listing-images/d23e2a05-a7fc-4bc6-bcad-04d0ce0c6a3d_f1b68380-ff0c-46c8-a588-f4fe4429619f.jpg/250x188.webp https://prod.pictures.autoscout24.net/listing-images/d23e2a05-a7fc-4bc6-bcad-04d0ce0c6a3d_6366a922-0278-41ac-8742-e7f37ee6f5a6.jpg/250x188.webp https://prod.pictures.autoscout24.net/listing-images/d23e2a05-a7fc-4bc6-bcad-04d0ce0c6a3d_21cc9f97-8706-4e9c-979c-dbc75755f970.jpg/250x188.webp https://prod.pictures.autoscout24.net/listing-images/d23e2a05-a7fc-4bc6-bcad-04d0ce0c6a3d_e2cce0b7-5c3f-4580-8240-fbbe49449f80.jpg/250x188.webp,120.92234590410432,1149
78ce6b9f-c8ca-48d3-9368-5e005d35c449,Volvo,V60,T6 Recharge AWD Inscription ** Zetel/Stuurverw ...,Dealer,29990,2,69156,08-2021,2830,https://prod.pictures.autoscout24.net/listing-images/78ce6b9f-c8ca-48d3-9368-5e005d35c449_148885c0-1c03-4dbc-b58c-efcb46cc7249.jpg/250x188.webp https://prod.pictures.autoscout24.net/listing-images/78ce6b9f-c8ca-48d3-9368-5e005d35c449_85bf3ba4-1678-459f-a80a-d8331c82d892.jpg/250x188.webp https://prod.pictures.autoscout24.net/listing-images/78ce6b9f-c8ca-48d3-9368-5e005d35c449_eab677b6-c41c-48e9-a453-c9dc2517eae2.jpg/250x188.webp https://prod.pictures.autoscout24.net/listing-images/78ce6b9f-c8ca-48d3-9368-5e005d35c449_21ee47fd-103b-41db-8736-854f5132a8db.jpg/250x188.webp https://prod.pictures.autoscout24.net/listing-images/78ce6b9f-c8ca-48d3-9368-5e005d35c449_c0dc4b70-aea6-4c62-bff2-df5302c3e1ac.jpg/250x188.webp https://prod.pictures.autoscout24.net/listing-images/78ce6b9f-c8ca-48d3-9368-5e005d35c449_b6259576-bf7a-4019-8389-f80893fdd86d.jpg/250x188.webp https://prod.pictures.autoscout24.net/listing-images/78ce6b9f-c8ca-48d3-9368-5e005d35c449_51516040-26de-4c1a-9393-ce6a63e653c3.jpg/250x188.webp https://prod.pictures.autoscout24.net/listing-images/78ce6b9f-c8ca-48d3-9368-5e005d35c449_aa6169ba-35c6-4bce-8e9f-29670e9e271b.jpg/250x188.webp https://prod.pictures.autoscout24.net/listing-images/78ce6b9f-c8ca-48d3-9368-5e005d35c449_fe73e883-0c78-46f7-a215-21d7a941f5d9.jpg/250x188.webp https://prod.pictures.autoscout24.net/listing-images/78ce6b9f-c8ca-48d3-9368-5e005d35c449_f7be5176-3af1-4a3b-9026-6817204e59a7.jpg/250x188.webp https://prod.pictures.autoscout24.net/listing-images/78ce6b9f-c8ca-48d3-9368-5e005d35c449_582773e3-a163-4896-9dc7-b0587452af49.jpg/250x188.webp https://prod.pictures.autoscout24.net/listing-images/78ce6b9f-c8ca-48d3-9368-5e005d35c449_c4bf0bcf-5f45-4240-9027-df176c1463fa.jpg/250x188.webp https://prod.pictures.autoscout24.net/listing-images/78ce6b9f-c8ca-48d3-9368-5e005d35c449_e804a3bb-9f7d-4779-9696-c26d4662353c.jpg/250x188.webp https://prod.pictures.autoscout24.net/listing-images/78ce6b9f-c8ca-48d3-9368-5e005d35c449_f9d97efb-3d8c-45af-bd81-851022361543.jpg/250x188.webp https://prod.pictures.autoscout24.net/listing-images/78ce6b9f-c8ca-48d3-9368-5e005d35c449_2b4a46bd-7050-40bc-9517-76feb0aad3c7.jpg/250x188.webp https://prod.pictures.autoscout24.net/listing-images/78ce6b9f-c8ca-48d3-9368-5e005d35c449_bd7dbb98-6bda-432e-acd6-ed846feb2b93.jpg/250x188.webp https://prod.pictures.autoscout24.net/listing-images/78ce6b9f-c8ca-48d3-9368-5e005d35c449_06eb3e65-fb49-469b-9d59-1fbf4d1dd6c8.jpg/250x188.webp https://prod.pictures.autoscout24.net/listing-images/78ce6b9f-c8ca-48d3-9368-5e005d35c449_1bda2156-7da2-4f29-9f65-a3bc9871ca52.jpg/250x188.webp https://prod.pictures.autoscout24.net/listing-images/78ce6b9f-c8ca-48d3-9368-5e005d35c449_071bf926-88a9-434a-88fd-e86254fb3474.jpg/250x188.webp https://prod.pictures.autoscout24.net/listing-images/78ce6b9f-c8ca-48d3-9368-5e005d35c449_d5e37e35-af64-4bd8-9f73-6390c414bbb7.jpg/250x188.webp https://prod.pictures.autoscout24.net/listing-images/78ce6b9f-c8ca-48d3-9368-5e005d35c449_af300736-6848-4308-9359-393e1445288f.jpg/250x188.webp https://prod.pictures.autoscout24.net/listing-images/78ce6b9f-c8ca-48d3-9368-5e005d35c449_432e348e-37a5-4434-a3c0-0d13b140cfdf.jpg/250x188.webp https://prod.pictures.autoscout24.net/listing-images/78ce6b9f-c8ca-48d3-9368-5e005d35c449_533663df-cdc4-4876-97b6-08cc91b486d3.jpg/250x188.webp https://prod.pictures.autoscout24.net/listing-images/78ce6b9f-c8ca-48d3-9368-5e005d35c449_ece62b17-ca47-48a3-86fb-dc0e83ef2f40.jpg/250x188.webp https://prod.pictures.autoscout24.net/listing-images/78ce6b9f-c8ca-48d3-9368-5e005d35c449_bf3f1015-2c5f-40fb-9391-6e96f5dd90b1.jpg/250x188.webp https://prod.pictures.autoscout24.net/listing-images/78ce6b9f-c8ca-48d3-9368-5e005d35c449_7993f122-f92c-41c5-93da-3b7fb71bead3.jpg/250x188.webp https://prod.pictures.autoscout24.net/listing-images/78ce6b9f-c8ca-48d3-9368-5e005d35c449_09585e80-434e-4b0f-be6f-949e8f3d9d5b.jpg/250x188.webp https://prod.pictures.autoscout24.net/listing-images/78ce6b9f-c8ca-48d3-9368-5e005d35c449_f8b0c0a6-d401-4adb-b42c-eec96a4274dd.jpg/250x188.webp https://prod.pictures.autoscout24.net/listing-images/78ce6b9f-c8ca-48d3-9368-5e005d35c449_622b3e74-d682-43c0-8a53-3a99b16ed353.jpg/250x188.webp,46.439354809886915,1667
f062b39f-62a0-4a1c-858f-abd931056df7,Volvo,V60,V60 2.0 T6 AWD PHEV R-Design,PrivateSeller,29990,2,81000,08-2020,4870,https://prod.pictures.autoscout24.net/listing-images/f062b39f-62a0-4a1c-858f-abd931056df7_88cd1327-6cd9-46c0-94d5-9c83a319433e.jpg/250x188.webp https://prod.pictures.autoscout24.net/listing-images/f062b39f-62a0-4a1c-858f-abd931056df7_d2e973fd-2e10-4513-83ab-663cf97fd32f.jpg/250x188.webp https://prod.pictures.autoscout24.net/listing-images/f062b39f-62a0-4a1c-858f-abd931056df7_20bb1cdc-f0e5-478e-9394-7b69089a7d39.jpg/250x188.webp https://prod.pictures.autoscout24.net/listing-images/f062b39f-62a0-4a1c-858f-abd931056df7_6383a241-7d5f-41f2-b2e1-2f3a8c16fb4f.jpg/250x188.webp https://prod.pictures.autoscout24.net/listing-images/f062b39f-62a0-4a1c-858f-abd931056df7_78441c0c-a086-4a60-a76c-89c6ed810871.jpg/250x188.webp https://prod.pictures.autoscout24.net/listing-images/f062b39f-62a0-4a1c-858f-abd931056df7_74150942-4d13-4899-a0b6-4855c112b5cb.jpg/250x188.webp https://prod.pictures.autoscout24.net/listing-images/f062b39f-62a0-4a1c-858f-abd931056df7_2ad560ef-670b-4d21-8f6a-18decb8307a2.jpg/250x188.webp https://prod.pictures.autoscout24.net/listing-images/f062b39f-62a0-4a1c-858f-abd931056df7_5beec756-c5e1-4e6b-bf07-34a16d9377c2.jpg/250x188.webp,132.1864424610378,2032
9c4c6a9d-90fb-4b5e-bf76-2b7f602ef75a,Volvo,XC40,T2 Micro Hybride Automaat,Dealer,29990,b,24916,12-2023,2800,https://prod.pictures.autoscout24.net/listing-images/9c4c6a9d-90fb-4b5e-bf76-2b7f602ef75a_beed1c52-6c79-407f-a0dd-ed4b2ca12e8e.jpg/250x188.webp https://prod.pictures.autoscout24.net/listing-images/9c4c6a9d-90fb-4b5e-bf76-2b7f602ef75a_98c991ea-9858-4fc3-8fa4-f786080a1605.jpg/250x188.webp https://prod.pictures.autoscout24.net/listing-images/9c4c6a9d-90fb-4b5e-bf76-2b7f602ef75a_7ce6f7c6-bdac-486f-8125-13e8a8468365.jpg/250x188.webp https://prod.pictures.autoscout24.net/listing-images/9c4c6a9d-90fb-4b5e-bf76-2b7f602ef75a_a111a43b-eb2a-4a15-bd88-8faa6a4d9242.jpg/250x188.webp https://prod.pictures.autoscout24.net/listing-images/9c4c6a9d-90fb-4b5e-bf76-2b7f602ef75a_223d542c-2220-4df9-9496-f6d3a86459e2.jpg/250x188.webp https://prod.pictures.autoscout24.net/listing-images/9c4c6a9d-90fb-4b5e-bf76-2b7f602ef75a_122c85e6-021a-452a-af3f-d97680d19835.jpg/250x188.webp https://prod.pictures.autoscout24.net/listing-images/9c4c6a9d-90fb-4b5e-bf76-2b7f602ef75a_e7575f5e-d360-4087-8800-1f2249a43c35.jpg/250x188.webp https://prod.pictures.autoscout24.net/listing-images/9c4c6a9d-90fb-4b5e-bf76-2b7f602ef75a_fb14d85b-d862-4cf1-9154-b5837fcbf2e0.jpg/250x188.webp https://prod.pictures.autoscout24.net/listing-images/9c4c6a9d-90fb-4b5e-bf76-2b7f602ef75a_bc90cd4b-1d3a-4409-9793-556d5842f2e9.jpg/250x188.webp https://prod.pictures.autoscout24.net/listing-images/9c4c6a9d-90fb-4b5e-bf76-2b7f602ef75a_624c1d13-c4d8-4284-8f4b-5a64bb2e2209.jpg/250x188.webp https://prod.pictures.autoscout24.net/listing-images/9c4c6a9d-90fb-4b5e-bf76-2b7f602ef75a_bdf6b0b3-4653-4025-ae8f-20effadd5ca4.jpg/250x188.webp https://prod.pictures.autoscout24.net/listing-images/9c4c6a9d-90fb-4b5e-bf76-2b7f602ef75a_234b218b-343c-4b14-9996-11ab8502153f.jpg/250x188.webp https://prod.pictures.autoscout24.net/listing-images/9c4c6a9d-90fb-4b5e-bf76-2b7f602ef75a_1cef3b86-ed44-4c4e-a825-46184c0c04c9.jpg/250x188.webp,46.86877944970925,815
4661c4b0-41ac-45a6-b86a-66cdd16e7e1a,Volvo,XC40,XC40 2.0 B3 MHEV,Dealer,29990,b,31262,05-2024,7100,https://prod.pictures.autoscout24.net/listing-images/4661c4b0-41ac-45a6-b86a-66cdd16e7e1a_a6c3b9f5-6402-4846-9a66-02de9cc61b74.jpg/250x188.webp https://prod.pictures.autoscout24.net/listing-images/4661c4b0-41ac-45a6-b86a-66cdd16e7e1a_546fc677-b987-4c03-a5e1-86e727566396.jpg/250x188.webp https://prod.pictures.autoscout24.net/listing-images/4661c4b0-41ac-45a6-b86a-66cdd16e7e1a_2ab0375e-1390-47d8-b575-0e416a62c906.jpg/250x188.webp https://prod.pictures.autoscout24.net/listing-images/4661c4b0-41ac-45a6-b86a-66cdd16e7e1a_e067aefd-c9fc-4614-a542-cf16512d610c.jpg/250x188.webp https://prod.pictures.autoscout24.net/listing-images/4661c4b0-41ac-45a6-b86a-66cdd16e7e1a_e0d95588-3b5b-4405-9557-2c377183f9e4.jpg/250x188.webp https://prod.pictures.autoscout24.net/listing-images/4661c4b0-41ac-45a6-b86a-66cdd16e7e1a_7611c7cb-0234-48b2-8c1c-9af6c783aed9.jpg/250x188.webp https://prod.pictures.autoscout24.net/listing-images/4661c4b0-41ac-45a6-b86a-66cdd16e7e1a_8ca0aeba-9f29-4e00-8779-58ad99b6310e.jpg/250x188.webp https://prod.pictures.autoscout24.net/listing-images/4661c4b0-41ac-45a6-b86a-66cdd16e7e1a_55b2fc4d-ed90-4109-ae83-0bc2db7eab0b.jpg/250x188.webp https://prod.pictures.autoscout24.net/listing-images/4661c4b0-41ac-45a6-b86a-66cdd16e7e1a_868de2f0-fde8-4a60-87d0-225dec9bfcc9.jpg/250x188.webp https://prod.pictures.autoscout24.net/listing-images/4661c4b0-41ac-45a6-b86a-66cdd16e7e1a_2db617d2-d589-4834-b6af-611dbf1742e4.jpg/250x188.webp https://prod.pictures.autoscout24.net/listing-images/4661c4b0-41ac-45a6-b86a-66cdd16e7e1a_83b3b6ed-fd82-467e-9ec2-5819336e0695.jpg/250x188.webp https://prod.pictures.autoscout24.net/listing-images/4661c4b0-41ac-45a6-b86a-66cdd16e7e1a_f4b8b77b-eba8-485f-a3d4-f14ba66c7397.jpg/250x188.webp https://prod.pictures.autoscout24.net/listing-images/4661c4b0-41ac-45a6-b86a-66cdd16e7e1a_a3c0571e-c624-417a-a712-4768f0fcefcc.jpg/250x188.webp https://prod.pictures.autoscout24.net/listing-images/4661c4b0-41ac-45a6-b86a-66cdd16e7e1a_9a6091d4-c21c-4816-9f02-ec875478b50a.jpg/250x188.webp https://prod.pictures.autoscout24.net/listing-images/4661c4b0-41ac-45a6-b86a-66cdd16e7e1a_5f575d86-a71e-40bd-b4ad-15749aa59d58.jpg/250x188.webp https://prod.pictures.autoscout24.net/listing-images/4661c4b0-41ac-45a6-b86a-66cdd16e7e1a_e81c5539-8953-4e56-bd2a-9c250cf6c5c6.jpg/250x188.webp https://prod.pictures.autoscout24.net/listing-images/4661c4b0-41ac-45a6-b86a-66cdd16e7e1a_1844b5ff-1aea-4f13-9ad4-08520b89b23a.jpg/250x188.webp https://prod.pictures.autoscout24.net/listing-images/4661c4b0-41ac-45a6-b86a-66cdd16e7e1a_a806e14e-4d83-4182-bc71-e246fcea5ef1.jpg/250x188.webp https://prod.pictures.autoscout24.net/listing-images/4661c4b0-41ac-45a6-b86a-66cdd16e7e1a_4ad26c7c-bcb2-492b-81a1-04a3102ddd85.jpg/250x188.webp https://prod.pictures.autoscout24.net/listing-images/4661c4b0-41ac-45a6-b86a-66cdd16e7e1a_7b0878e7-6ddc-4a3c-84b3-d16d469d8af4.jpg/250x188.webp,113.70369987887113,663
6b5bcfd7-04d9-499f-b432-ce860b0fa4bb,Volvo,V60,B3 R-Design * LED * Cuir * Carplay  * Caméra,Dealer,29990,b,46636,02-2022,4280,https://prod.pictures.autoscout24.net/listing-images/6b5bcfd7-04d9-499f-b432-ce860b0fa4bb_407b4484-155e-49af-8a84-2a71197d2d7f.jpg/250x188.webp https://prod.pictures.autoscout24.net/listing-images/6b5bcfd7-04d9-499f-b432-ce860b0fa4bb_1774e08a-57b1-4a56-8e50-1d097e06c99c.jpg/250x188.webp https://prod.pictures.autoscout24.net/listing-images/6b5bcfd7-04d9-499f-b432-ce860b0fa4bb_ba0d6d8b-6ffd-4f3e-9df5-880e3c3b4723.jpg/250x188.webp https://prod.pictures.autoscout24.net/listing-images/6b5bcfd7-04d9-499f-b432-ce860b0fa4bb_60b98b42-5d66-456e-9566-5d9d60125239.jpg/250x188.webp https://prod.pictures.autoscout24.net/listing-images/6b5bcfd7-04d9-499f-b432-ce860b0fa4bb_601d4edd-8e9c-4e74-b542-4fc472890592.jpg/250x188.webp https://prod.pictures.autoscout24.net/listing-images/6b5bcfd7-04d9-499f-b432-ce860b0fa4bb_3f65d44d-a1a8-4497-b5f2-7219f0b0a61c.jpg/250x188.webp https://prod.pictures.autoscout24.net/listing-images/6b5bcfd7-04d9-499f-b432-ce860b0fa4bb_a2493162-bc56-4710-8b00-c557de4c71a5.jpg/250x188.webp https://prod.pictures.autoscout24.net/listing-images/6b5bcfd7-04d9-499f-b432-ce860b0fa4bb_ceae3ead-2884-46ff-a7e2-c5b74bf26ab3.jpg/250x188.webp https://prod.pictures.autoscout24.net/listing-images/6b5bcfd7-04d9-499f-b432-ce860b0fa4bb_a8737520-5954-4037-8cf5-d1146e893e17.jpg/250x188.webp https://prod.pictures.autoscout24.net/listing-images/6b5bcfd7-04d9-499f-b432-ce860b0fa4bb_2e181da7-ad4a-4d35-9f5f-7b941e42b2aa.jpg/250x188.webp https://prod.pictures.autoscout24.net/listing-images/6b5bcfd7-04d9-499f-b432-ce860b0fa4bb_7dd1013d-6c80-49e8-8ced-ed782ef5a9ce.jpg/250x188.webp https://prod.pictures.autoscout24.net/listing-images/6b5bcfd7-04d9-499f-b432-ce860b0fa4bb_af47b137-3296-4f52-a2e8-e7871a192404.jpg/250x188.webp https://prod.pictures.autoscout24.net/listing-images/6b5bcfd7-04d9-499f-b432-ce860b0fa4bb_96f1fe07-73ed-40df-814e-e68aab004e89.jpg/250x188.webp https://prod.pictures.autoscout24.net/listing-images/6b5bcfd7-04d9-499f-b432-ce860b0fa4bb_2920681e-9fc8-4b7c-b5a0-5f6945e97c12.jpg/250x188.webp https://prod.pictures.autoscout24.net/listing-images/6b5bcfd7-04d9-499f-b432-ce860b0fa4bb_77e5ac04-e181-4fd8-a5df-a74225587913.jpg/250x188.webp https://prod.pictures.autoscout24.net/listing-images/6b5bcfd7-04d9-499f-b432-ce860b0fa4bb_0890b1bf-a85d-42c7-b095-2e75f3809280.jpg/250x188.webp https://prod.pictures.autoscout24.net/listing-images/6b5bcfd7-04d9-499f-b432-ce860b0fa4bb_2abb97fb-c101-4627-9f28-38ef43d013c0.jpg/250x188.webp https://prod.pictures.autoscout24.net/listing-images/6b5bcfd7-04d9-499f-b432-ce860b0fa4bb_f1004040-efda-4885-b4aa-eefc2007f1e7.jpg/250x188.webp https://prod.pictures.autoscout24.net/listing-images/6b5bcfd7-04d9-499f-b432-ce860b0fa4bb_93693770-b82e-48aa-8eeb-24ad36a2c4b8.jpg/250x188.webp https://prod.pictures.autoscout24.net/listing-images/6b5bcfd7-04d9-499f-b432-ce860b0fa4bb_83907889-2270-4b8f-8be6-e72c8cf990c5.jpg/250x188.webp https://prod.pictures.autoscout24.net/listing-images/6b5bcfd7-04d9-499f-b432-ce860b0fa4bb_7b287399-d613-4377-bf8d-44ad302b569a.jpg/250x188.webp,98.53162326223458,1483
282e7199-de53-40dc-8d30-9d68142ecb94,Volvo,XC40,T4 Recharge Geartr. R-Design LEDER/ALCANTARA LED,Dealer,29990,2,55316,10-2021,2630,https://prod.pictures.autoscout24.net/listing-images/282e7199-de53-40dc-8d30-9d68142ecb94_af47fefa-dfe7-4646-a11c-adef61a149cc.jpg/250x188.webp https://prod.pictures.autoscout24.net/listing-images/282e7199-de53-40dc-8d30-9d68142ecb94_315bf279-d7b1-4f09-bb83-f4022ecc8a96.jpg/250x188.webp https://prod.pictures.autoscout24.net/listing-images/282e7199-de53-40dc-8d30-9d68142ecb94_c8be87d1-356f-4cdd-a431-f81ad31717dd.jpg/250x188.webp https://prod.pictures.autoscout24.net/listing-images/282e7199-de53-40dc-8d30-9d68142ecb94_c682af75-65aa-435a-a9cd-deb28ef09e1e.jpg/250x188.webp https://prod.pictures.autoscout24.net/listing-images/282e7199-de53-40dc-8d30-9d68142ecb94_bda0f1c6-1c40-4424-ace4-1fae15789ee2.jpg/250x188.webp https://prod.pictures.autoscout24.net/listing-images/282e7199-de53-40dc-8d30-9d68142ecb94_f62364de-90da-47df-911d-c026009ddd7a.jpg/250x188.webp https://prod.pictures.autoscout24.net/listing-images/282e7199-de53-40dc-8d30-9d68142ecb94_8d101ad9-10b3-449f-9169-809848f210e6.jpg/250x188.webp https://prod.pictures.autoscout24.net/listing-images/282e7199-de53-40dc-8d30-9d68142ecb94_193cefa0-02c7-4155-9445-662fd13c148f.jpg/250x188.webp https://prod.pictures.autoscout24.net/listing-images/282e7199-de53-40dc-8d30-9d68142ecb94_6ab6e9d5-0942-420b-9988-3f2dfcd5dc68.jpg/250x188.webp https://prod.pictures.autoscout24.net/listing-images/282e7199-de53-40dc-8d30-9d68142ecb94_183e4bb2-e20c-43b2-bfe0-dad603137abc.jpg/250x188.webp https://prod.pictures.autoscout24.net/listing-images/282e7199-de53-40dc-8d30-9d68142ecb94_f284da56-7c58-4270-881c-493263bffa88.jpg/250x188.webp https://prod.pictures.autoscout24.net/listing-images/282e7199-de53-40dc-8d30-9d68142ecb94_3595f2f9-588e-4c07-b681-ade30b0fe5fb.jpg/250x188.webp https://prod.pictures.autoscout24.net/listing-images/282e7199-de53-40dc-8d30-9d68142ecb94_8f7ebbdf-f1b3-4998-927d-b37f1aab9a8f.jpg/250x188.webp https://prod.pictures.autoscout24.net/listing-images/282e7199-de53-40dc-8d30-9d68142ecb94_a96b3d7b-3259-4d61-8f5b-a236e755a1f4.jpg/250x188.webp https://prod.pictures.autoscout24.net/listing-images/282e7199-de53-40dc-8d30-9d68142ecb94_b87299b3-2736-4c53-8820-726b2d25f00e.jpg/250x188.webp https://prod.pictures.autoscout24.net/listing-images/282e7199-de53-40dc-8d30-9d68142ecb94_40a8e062-6b0d-4e14-b0af-230d340d3a35.jpg/250x188.webp https://prod.pictures.autoscout24.net/listing-images/282e7199-de53-40dc-8d30-9d68142ecb94_d442f1a3-4e27-4152-8354-9871ae79d68e.jpg/250x188.webp https://prod.pictures.autoscout24.net/listing-images/282e7199-de53-40dc-8d30-9d68142ecb94_d0d574f4-768b-445b-adc0-720be90fa472.jpg/250x188.webp https://prod.pictures.autoscout24.net/listing-images/282e7199-de53-40dc-8d30-9d68142ecb94_49aaf195-7450-446b-871f-9ebc2a857b62.jpg/250x188.webp https://prod.pictures.autoscout24.net/listing-images/282e7199-de53-40dc-8d30-9d68142ecb94_2648c4d7-ac99-4236-a964-88ef632819f6.jpg/250x188.webp https://prod.pictures.autoscout24.net/listing-images/282e7199-de53-40dc-8d30-9d68142ecb94_1033a481-d73a-4847-8cec-7500614f813e.jpg/250x188.webp,37.55427282853161,1606
5f39c490-24db-47f8-84e4-1b97cf666ee4,Volvo,XC40,DARK EDITION  BENZINE AUTOMAAT 43000KM !!!,Dealer,29992,b,46653,01-2024,3190,https://prod.pictures.autoscout24.net/listing-images/5f39c490-24db-47f8-84e4-1b97cf666ee4_05dc0f49-84fe-49ef-a54a-ef1e06ae6907.jpg/250x188.webp https://prod.pictures.autoscout24.net/listing-images/5f39c490-24db-47f8-84e4-1b97cf666ee4_deb2bd25-de61-4872-9dc8-b2baffb861fa.jpg/250x188.webp https://prod.pictures.autoscout24.net/listing-images/5f39c490-24db-47f8-84e4-1b97cf666ee4_8c2c9683-4b94-46df-870c-f16f938b2adb.jpg/250x188.webp https://prod.pictures.autoscout24.net/listing-images/5f39c490-24db-47f8-84e4-1b97cf666ee4_7e5f74f9-1ea6-4963-9dcf-ff7110cf1be6.jpg/250x188.webp https://prod.pictures.autoscout24.net/listing-images/5f39c490-24db-47f8-84e4-1b97cf666ee4_b2ca768c-8adf-483e-9fea-7d7cbde45000.jpg/250x188.webp https://prod.pictures.autoscout24.net/listing-images/5f39c490-24db-47f8-84e4-1b97cf666ee4_271c5643-1488-4c56-bf9f-fa27d5121e86.jpg/250x188.webp https://prod.pictures.autoscout24.net/listing-images/5f39c490-24db-47f8-84e4-1b97cf666ee4_912cce21-a921-414a-96eb-dcbafb53ceac.jpg/250x188.webp https://prod.pictures.autoscout24.net/listing-images/5f39c490-24db-47f8-84e4-1b97cf666ee4_584409ee-0808-43f3-b063-feb871c79512.jpg/250x188.webp https://prod.pictures.autoscout24.net/listing-images/5f39c490-24db-47f8-84e4-1b97cf666ee4_09b9ce94-9818-4874-9274-71c7dfe4a649.jpg/250x188.webp https://prod.pictures.autoscout24.net/listing-images/5f39c490-24db-47f8-84e4-1b97cf666ee4_cacefeda-3fdb-4d6a-b091-b82df7d2bd2a.jpg/250x188.webp https://prod.pictures.autoscout24.net/listing-images/5f39c490-24db-47f8-84e4-1b97cf666ee4_439b5fbf-6e9b-43f3-9ec9-a2feff54016f.jpg/250x188.webp https://prod.pictures.autoscout24.net/listing-images/5f39c490-24db-47f8-84e4-1b97cf666ee4_c82c91c1-46c2-46a0-b052-3c467dbf30e2.jpg/250x188.webp https://prod.pictures.autoscout24.net/listing-images/5f39c490-24db-47f8-84e4-1b97cf666ee4_2526fbad-71d5-42fe-8a57-fdfcdd337ac2.jpg/250x188.webp https://prod.pictures.autoscout24.net/listing-images/5f39c490-24db-47f8-84e4-1b97cf666ee4_8fddbbfd-68d6-40b7-a0a1-e618db79047c.jpg/250x188.webp https://prod.pictures.autoscout24.net/listing-images/5f39c490-24db-47f8-84e4-1b97cf666ee4_183a59d4-470c-441e-8fd4-68862423a83b.jpg/250x188.webp https://prod.pictures.autoscout24.net/listing-images/5f39c490-24db-47f8-84e4-1b97cf666ee4_b9eeb78d-a889-45e6-a568-0e9e77311ccf.jpg/250x188.webp https://prod.pictures.autoscout24.net/listing-images/5f39c490-24db-47f8-84e4-1b97cf666ee4_f2ff4325-816c-4200-9e6d-edb4c337d2bb.jpg/250x188.webp https://prod.pictures.autoscout24.net/listing-images/5f39c490-24db-47f8-84e4-1b97cf666ee4_6434cb84-777f-452d-ae93-954658d601c2.jpg/250x188.webp https://prod.pictures.autoscout24.net/listing-images/5f39c490-24db-47f8-84e4-1b97cf666ee4_6c9389f4-d89d-485a-9420-30b1b0360962.jpg/250x188.webp https://prod.pictures.autoscout24.net/listing-images/5f39c490-24db-47f8-84e4-1b97cf666ee4_c8d0f8db-0ae5-4d44-b988-3697aeeae981.jpg/250x188.webp,54.823479205129566,784
6e2ffb3e-a23d-476f-b72e-5ad532b5b93c,Volvo,V60,"2.0 B3 MHEV 163pk/LED/LEDER/Keyles/Harman/CAM/18""",Dealer,29999,b,53000,02-2022,2490,https://prod.pictures.autoscout24.net/listing-images/6e2ffb3e-a23d-476f-b72e-5ad532b5b93c_9fbcea0f-e203-41cf-b2ea-86e8eb7f943e.jpg/250x188.webp https://prod.pictures.autoscout24.net/listing-images/6e2ffb3e-a23d-476f-b72e-5ad532b5b93c_fe35462d-82fb-4ee7-8a20-5cfee3c90d63.jpg/250x188.webp https://prod.pictures.autoscout24.net/listing-images/6e2ffb3e-a23d-476f-b72e-5ad532b5b93c_53f8babb-bc13-41d8-a867-06b5a53ab612.jpg/250x188.webp https://prod.pictures.autoscout24.net/listing-images/6e2ffb3e-a23d-476f-b72e-5ad532b5b93c_1f8066e2-b80b-44b7-8edf-2f3fe0a25579.jpg/250x188.webp https://prod.pictures.autoscout24.net/listing-images/6e2ffb3e-a23d-476f-b72e-5ad532b5b93c_557d24ae-d5c8-4f0e-ab57-749d5e20245a.jpg/250x188.webp https://prod.pictures.autoscout24.net/listing-images/6e2ffb3e-a23d-476f-b72e-5ad532b5b93c_c70776c8-37d4-4840-943b-d0ee16412d1a.jpg/250x188.webp https://prod.pictures.autoscout24.net/listing-images/6e2ffb3e-a23d-476f-b72e-5ad532b5b93c_eb6845c9-8f60-4e8c-a1a0-715eae42f167.jpg/250x188.webp https://prod.pictures.autoscout24.net/listing-images/6e2ffb3e-a23d-476f-b72e-5ad532b5b93c_3f1ca8db-4565-4573-bf21-f45d8d236c15.jpg/250x188.webp https://prod.pictures.autoscout24.net/listing-images/6e2ffb3e-a23d-476f-b72e-5ad532b5b93c_b850fca6-1e8b-4d49-9eb4-52798aad21b1.jpg/250x188.webp https://prod.pictures.autoscout24.net/listing-images/6e2ffb3e-a23d-476f-b72e-5ad532b5b93c_9dc0a65c-921f-4d74-a0b7-5917bbda7b8e.jpg/250x188.webp https://prod.pictures.autoscout24.net/listing-images/6e2ffb3e-a23d-476f-b72e-5ad532b5b93c_fb63deb2-c0d9-4e57-ac77-001c285a4d3c.jpg/250x188.webp https://prod.pictures.autoscout24.net/listing-images/6e2ffb3e-a23d-476f-b72e-5ad532b5b93c_00bf623a-4f29-4f77-a363-b178315e39c1.jpg/250x188.webp https://prod.pictures.autoscout24.net/listing-images/6e2ffb3e-a23d-476f-b72e-5ad532b5b93c_529c43bd-96e6-43d2-a664-1c862561c6fd.jpg/250x188.webp https://prod.pictures.autoscout24.net/listing-images/6e2ffb3e-a23d-476f-b72e-5ad532b5b93c_76a8398a-b749-478d-ad62-778c0eeda24b.png/250x188.webp https://prod.pictures.autoscout24.net/listing-images/6e2ffb3e-a23d-476f-b72e-5ad532b5b93c_f26b4320-8518-492c-adeb-47d477fe9b31.jpg/250x188.webp https://prod.pictures.autoscout24.net/listing-images/6e2ffb3e-a23d-476f-b72e-5ad532b5b93c_93af8dee-9b52-4b06-a6b7-ba232066844b.jpg/250x188.webp https://prod.pictures.autoscout24.net/listing-images/6e2ffb3e-a23d-476f-b72e-5ad532b5b93c_1e767657-a529-492a-b636-ca217103fd80.jpg/250x188.webp https://prod.pictures.autoscout24.net/listing-images/6e2ffb3e-a23d-476f-b72e-5ad532b5b93c_261c9cc3-8c2c-4d71-b1ba-c020233195e5.jpg/250x188.webp https://prod.pictures.autoscout24.net/listing-images/6e2ffb3e-a23d-476f-b72e-5ad532b5b93c_e2ca4a90-66fb-4e6e-9f32-5d4d0ddecf64.jpg/250x188.webp https://prod.pictures.autoscout24.net/listing-images/6e2ffb3e-a23d-476f-b72e-5ad532b5b93c_a0b9a065-a576-44cc-8c6c-0b3f631635b5.jpg/250x188.webp https://prod.pictures.autoscout24.net/listing-images/6e2ffb3e-a23d-476f-b72e-5ad532b5b93c_4a79063f-85c2-4d90-a466-62af8125b279.jpg/250x188.webp https://prod.pictures.autoscout24.net/listing-images/6e2ffb3e-a23d-476f-b72e-5ad532b5b93c_7e80870d-1843-4528-8e7e-8f5bf01d7dbe.jpg/250x188.webp https://prod.pictures.autoscout24.net/listing-images/6e2ffb3e-a23d-476f-b72e-5ad532b5b93c_9cb7f214-cfd5-4345-82d7-11a40d00b63c.jpg/250x188.webp https://prod.pictures.autoscout24.net/listing-images/6e2ffb3e-a23d-476f-b72e-5ad532b5b93c_7fbaeda8-d098-4e5e-af8c-b32e675c671c.jpg/250x188.webp https://prod.pictures.autoscout24.net/listing-images/6e2ffb3e-a23d-476f-b72e-5ad532b5b93c_bb660392-78bf-4bc4-aa9f-86a177f4487a.jpg/250x188.webp https://prod.pictures.autoscout24.net/listing-images/6e2ffb3e-a23d-476f-b72e-5ad532b5b93c_e08b1df1-a411-4ef8-95b2-53b9b8acf40b.jpg/250x188.webp https://prod.pictures.autoscout24.net/listing-images/6e2ffb3e-a23d-476f-b72e-5ad532b5b93c_d3becc42-86cd-49c2-bc6e-b90d21f8a4e4.jpg/250x188.webp https://prod.pictures.autoscout24.net/listing-images/6e2ffb3e-a23d-476f-b72e-5ad532b5b93c_63359f56-03af-4d6d-9cc0-992a18e4fed0.jpg/250x188.webp https://prod.pictures.autoscout24.net/listing-images/6e2ffb3e-a23d-476f-b72e-5ad532b5b93c_b09c551e-b03e-40f1-a040-e8c515bd1a28.jpg/250x188.webp https://prod.pictures.autoscout24.net/listing-images/6e2ffb3e-a23d-476f-b72e-5ad532b5b93c_1e0f5e32-ca26-4960-a800-37bcad026977.jpg/250x188.webp https://prod.pictures.autoscout24.net/listing-images/6e2ffb3e-a23d-476f-b72e-5ad532b5b93c_b83b08bd-d45a-4bd4-bb5a-f26168d4afaa.jpg/250x188.webp https://prod.pictures.autoscout24.net/listing-images/6e2ffb3e-a23d-476f-b72e-5ad532b5b93c_67b93923-a2ff-45ca-93f9-795982585780.jpg/250x188.webp https://prod.pictures.autoscout24.net/listing-images/6e2ffb3e-a23d-476f-b72e-5ad532b5b93c_c5aa2991-c52d-484c-a165-29cdd56ac741.jpg/250x188.webp https://prod.pictures.autoscout24.net/listing-images/6e2ffb3e-a23d-476f-b72e-5ad532b5b93c_79973221-d283-4240-bead-e387c7855577.jpg/250x188.webp,59.02891586146089,1483
19ebfb59-7bfd-443f-9b57-2fc9db68917b,Volvo,XC40,"Essential, T2 Automaat, Benzine",Dealer,29999,b,28224,10-2023,1930,https://prod.pictures.autoscout24.net/listing-images/19ebfb59-7bfd-443f-9b57-2fc9db68917b_e9969830-ee89-409e-bec7-021992997640.jpg/250x188.webp https://prod.pictures.autoscout24.net/listing-images/19ebfb59-7bfd-443f-9b57-2fc9db68917b_ec7f4f17-39f2-45b4-8d23-6cf036882148.jpg/250x188.webp https://prod.pictures.autoscout24.net/listing-images/19ebfb59-7bfd-443f-9b57-2fc9db68917b_ccb31d5c-5d26-499a-8925-6c1bbefb4ae3.jpg/250x188.webp https://prod.pictures.autoscout24.net/listing-images/19ebfb59-7bfd-443f-9b57-2fc9db68917b_f67bf77f-4c4b-4dcb-aa3e-1e5e5d09c1c6.jpg/250x188.webp https://prod.pictures.autoscout24.net/listing-images/19ebfb59-7bfd-443f-9b57-2fc9db68917b_7b11e0cc-0416-4a36-8b4c-ebcef8287550.jpg/250x188.webp https://prod.pictures.autoscout24.net/listing-images/19ebfb59-7bfd-443f-9b57-2fc9db68917b_1abdba8f-1275-4e32-a8cb-ab78f34ee526.jpg/250x188.webp https://prod.pictures.autoscout24.net/listing-images/19ebfb59-7bfd-443f-9b57-2fc9db68917b_db06e119-30d7-488f-9d46-81b3688f1457.jpg/250x188.webp https://prod.pictures.autoscout24.net/listing-images/19ebfb59-7bfd-443f-9b57-2fc9db68917b_c319d36f-00b9-4a2d-9180-e76075a941cb.jpg/250x188.webp https://prod.pictures.autoscout24.net/listing-images/19ebfb59-7bfd-443f-9b57-2fc9db68917b_138ceb32-5bf4-4391-8cf2-35a820da32e0.jpg/250x188.webp https://prod.pictures.autoscout24.net/listing-images/19ebfb59-7bfd-443f-9b57-2fc9db68917b_fd6793fb-4774-4af6-8f52-53c19459fbe4.jpg/250x188.webp https://prod.pictures.autoscout24.net/listing-images/19ebfb59-7bfd-443f-9b57-2fc9db68917b_bce92173-f08e-4044-bbf0-528c158529cd.jpg/250x188.webp https://prod.pictures.autoscout24.net/listing-images/19ebfb59-7bfd-443f-9b57-2fc9db68917b_69719504-d17b-4d03-b409-f072eed35f25.jpg/250x188.webp https://prod.pictures.autoscout24.net/listing-images/19ebfb59-7bfd-443f-9b57-2fc9db68917b_2b95e77c-1bbf-430a-a0ec-e1a2ee674993.jpg/250x188.webp https://prod.pictures.autoscout24.net/listing-images/19ebfb59-7bfd-443f-9b57-2fc9db68917b_7e0182ba-13b5-4e42-ba14-71d2c3af52ed.jpg/250x188.webp https://prod.pictures.autoscout24.net/listing-images/19ebfb59-7bfd-443f-9b57-2fc9db68917b_c7337721-eacf-4ba9-8c43-bb7959cc32fa.jpg/250x188.webp https://prod.pictures.autoscout24.net/listing-images/19ebfb59-7bfd-443f-9b57-2fc9db68917b_2fdfb4cf-c98d-4a2b-bd95-eb880d8a3729.jpg/250x188.webp https://prod.pictures.autoscout24.net/listing-images/19ebfb59-7bfd-443f-9b57-2fc9db68917b_a5baf239-4d8e-472c-8fb7-75a3b2135061.jpg/250x188.webp https://prod.pictures.autoscout24.net/listing-images/19ebfb59-7bfd-443f-9b57-2fc9db68917b_f5ee2a44-2c81-4790-bb52-5442cd5d8519.jpg/250x188.webp https://prod.pictures.autoscout24.net/listing-images/19ebfb59-7bfd-443f-9b57-2fc9db68917b_4c53798d-2358-43d3-9779-b9f80ed7849a.jpg/250x188.webp https://prod.pictures.autoscout24.net/listing-images/19ebfb59-7bfd-443f-9b57-2fc9db68917b_4e9c02ba-20c3-468b-8a7b-6bae4ad7dc51.jpg/250x188.webp,65.08322402083252,876
441f1835-fb1c-4794-ac88-65d37f098fab,Volvo,XC40,"Plus Dark, B3 Mild hybrid, Benzine",Dealer,29999,b,74429,12-2023,3001,https://prod.pictures.autoscout24.net/listing-images/441f1835-fb1c-4794-ac88-65d37f098fab_68914594-64a4-48dd-84b5-2a40e24b3c30.jpg/250x188.webp https://prod.pictures.autoscout24.net/listing-images/441f1835-fb1c-4794-ac88-65d37f098fab_419e4bab-4d04-4482-ab73-cc638df07992.jpg/250x188.webp https://prod.pictures.autoscout24.net/listing-images/441f1835-fb1c-4794-ac88-65d37f098fab_5ccf493a-07fd-4630-ad97-b40392dfb09a.jpg/250x188.webp https://prod.pictures.autoscout24.net/listing-images/441f1835-fb1c-4794-ac88-65d37f098fab_7df10ae3-3225-4cd0-94d8-d910fcfae608.jpg/250x188.webp https://prod.pictures.autoscout24.net/listing-images/441f1835-fb1c-4794-ac88-65d37f098fab_03b2c2c8-c5bb-4d44-bdf7-8856b9f4f4c8.jpg/250x188.webp https://prod.pictures.autoscout24.net/listing-images/441f1835-fb1c-4794-ac88-65d37f098fab_a8cfb3b5-a701-4511-ac22-3cd010964d8f.jpg/250x188.webp https://prod.pictures.autoscout24.net/listing-images/441f1835-fb1c-4794-ac88-65d37f098fab_c00f9308-7403-4b41-9e7b-9498fdca6adf.jpg/250x188.webp https://prod.pictures.autoscout24.net/listing-images/441f1835-fb1c-4794-ac88-65d37f098fab_990c8c99-39da-47f1-b4a1-65da68884fc4.jpg/250x188.webp https://prod.pictures.autoscout24.net/listing-images/441f1835-fb1c-4794-ac88-65d37f098fab_02c4b40a-e3aa-4f1f-a419-e51b2e34b6bd.jpg/250x188.webp https://prod.pictures.autoscout24.net/listing-images/441f1835-fb1c-4794-ac88-65d37f098fab_50bf1983-5327-4364-a8e5-71167816b145.jpg/250x188.webp https://prod.pictures.autoscout24.net/listing-images/441f1835-fb1c-4794-ac88-65d37f098fab_3a6a3c9f-17a3-4ce3-bce3-7e7a479c3985.jpg/250x188.webp https://prod.pictures.autoscout24.net/listing-images/441f1835-fb1c-4794-ac88-65d37f098fab_a3142063-4956-46dd-a2ab-00f675b679dc.jpg/250x188.webp https://prod.pictures.autoscout24.net/listing-images/441f1835-fb1c-4794-ac88-65d37f098fab_c7245f96-90e2-4d77-b6f2-e51605dd7a59.jpg/250x188.webp https://prod.pictures.autoscout24.net/listing-images/441f1835-fb1c-4794-ac88-65d37f098fab_289392dc-ad01-40f1-b623-eb03d6f6c2f7.jpg/250x188.webp https://prod.pictures.autoscout24.net/listing-images/441f1835-fb1c-4794-ac88-65d37f098fab_7fdc78c3-665c-4612-98f1-7d3f9611fbb6.jpg/250x188.webp https://prod.pictures.autoscout24.net/listing-images/441f1835-fb1c-4794-ac88-65d37f098fab_a56f2b40-41e2-4891-b8c9-8a0f6e8cc6a0.jpg/250x188.webp https://prod.pictures.autoscout24.net/listing-images/441f1835-fb1c-4794-ac88-65d37f098fab_baa096d5-9283-4736-b5f6-93975e3ae815.jpg/250x188.webp https://prod.pictures.autoscout24.net/listing-images/441f1835-fb1c-4794-ac88-65d37f098fab_5cf51d63-4ad5-44c8-aefe-43c26d72688f.jpg/250x188.webp https://prod.pictures.autoscout24.net/listing-images/441f1835-fb1c-4794-ac88-65d37f098fab_04bcbbf5-810d-4327-86fd-544e87fcdeb7.jpg/250x188.webp https://prod.pictures.autoscout24.net/listing-images/441f1835-fb1c-4794-ac88-65d37f098fab_4d82ed05-d312-44f0-ab3f-7bb1a5c49b01.jpg/250x188.webp https://prod.pictures.autoscout24.net/listing-images/441f1835-fb1c-4794-ac88-65d37f098fab_9c765a3a-2255-4fe6-8c50-b23d83c47a8e.jpg/250x188.webp https://prod.pictures.autoscout24.net/listing-images/441f1835-fb1c-4794-ac88-65d37f098fab_fc5b7a97-fac6-4a7f-a151-07e2514e21d6.jpg/250x188.webp,68.9583124136067,815
e21ff798-ac0f-4a54-be76-e888087e76d4,Volvo,XC40,"Core, T2 Automaat, Benzine",Dealer,29999,b,29112,11-2023,3001,https://prod.pictures.autoscout24.net/listing-images/e21ff798-ac0f-4a54-be76-e888087e76d4_e31081fe-adfa-4b23-bcdf-4696b2f43e3f.jpg/250x188.webp https://prod.pictures.autoscout24.net/listing-images/e21ff798-ac0f-4a54-be76-e888087e76d4_698807e1-073c-480b-b32c-39fec5f6bb9e.jpg/250x188.webp https://prod.pictures.autoscout24.net/listing-images/e21ff798-ac0f-4a54-be76-e888087e76d4_84300517-b283-4ccb-9803-b94c57e948af.jpg/250x188.webp https://prod.pictures.autoscout24.net/listing-images/e21ff798-ac0f-4a54-be76-e888087e76d4_2b75a826-f803-4a6d-8eeb-80c238a5d42c.jpg/250x188.webp https://prod.pictures.autoscout24.net/listing-images/e21ff798-ac0f-4a54-be76-e888087e76d4_40bb4255-8ffe-4625-ae24-17f90a4ddca5.jpg/250x188.webp https://prod.pictures.autoscout24.net/listing-images/e21ff798-ac0f-4a54-be76-e888087e76d4_978d3995-00ba-4b58-893f-1176024458f8.jpg/250x188.webp https://prod.pictures.autoscout24.net/listing-images/e21ff798-ac0f-4a54-be76-e888087e76d4_2eece8d9-8d75-46ce-935f-2bef7ce3617f.jpg/250x188.webp https://prod.pictures.autoscout24.net/listing-images/e21ff798-ac0f-4a54-be76-e888087e76d4_dad147c5-9830-47bd-acbe-d74796125fb3.jpg/250x188.webp https://prod.pictures.autoscout24.net/listing-images/e21ff798-ac0f-4a54-be76-e888087e76d4_f0a6b7fd-5aae-44aa-a692-fbaff86e01f5.jpg/250x188.webp https://prod.pictures.autoscout24.net/listing-images/e21ff798-ac0f-4a54-be76-e888087e76d4_b0e81d4c-f0c6-4f66-adad-a053583d3eaa.jpg/250x188.webp https://prod.pictures.autoscout24.net/listing-images/e21ff798-ac0f-4a54-be76-e888087e76d4_d325060a-5646-4904-b389-1e05453f92f5.jpg/250x188.webp https://prod.pictures.autoscout24.net/listing-images/e21ff798-ac0f-4a54-be76-e888087e76d4_a0ddbcbf-dc60-4631-8097-380bf10c45e4.jpg/250x188.webp https://prod.pictures.autoscout24.net/listing-images/e21ff798-ac0f-4a54-be76-e888087e76d4_256f6137-10f6-4632-9741-4b1f7a08039f.jpg/250x188.webp https://prod.pictures.autoscout24.net/listing-images/e21ff798-ac0f-4a54-be76-e888087e76d4_16c1fb5e-bf4e-4833-b627-d2bec91ccc26.jpg/250x188.webp https://prod.pictures.autoscout24.net/listing-images/e21ff798-ac0f-4a54-be76-e888087e76d4_6c0a4253-dab6-4283-8ed4-c6afce57739e.jpg/250x188.webp https://prod.pictures.autoscout24.net/listing-images/e21ff798-ac0f-4a54-be76-e888087e76d4_a18dc656-d33c-420d-8d52-dbc5df955e1b.jpg/250x188.webp https://prod.pictures.autoscout24.net/listing-images/e21ff798-ac0f-4a54-be76-e888087e76d4_76f5c6db-a5bb-47fe-961f-03556de56819.jpg/250x188.webp https://prod.pictures.autoscout24.net/listing-images/e21ff798-ac0f-4a54-be76-e888087e76d4_744004ab-748e-4f78-92dd-aa3312fc00e6.jpg/250x188.webp https://prod.pictures.autoscout24.net/listing-images/e21ff798-ac0f-4a54-be76-e888087e76d4_40c77d12-03af-441c-b8ac-1cb3fa92fad1.jpg/250x188.webp https://prod.pictures.autoscout24.net/listing-images/e21ff798-ac0f-4a54-be76-e888087e76d4_cdb4ef2c-cb23-4eff-be05-0d57152be3be.jpg/250x188.webp https://prod.pictures.autoscout24.net/listing-images/e21ff798-ac0f-4a54-be76-e888087e76d4_9e801e10-681d-4d53-964a-28a8b0d66b53.jpg/250x188.webp,68.9583124136067,845
2ee2836b-92d5-4415-b725-fe07295bc383,Volvo,XC40,XC40 T4 Recharge DKG Inscription Expression,PrivateSeller,30000,2,56000,01-2022,2220,https://prod.pictures.autoscout24.net/listing-images/2ee2836b-92d5-4415-b725-fe07295bc383_17dd3027-45c0-477a-b3f3-a67862e5ff11.jpg/250x188.webp https://prod.pictures.autoscout24.net/listing-images/2ee2836b-92d5-4415-b725-fe07295bc383_e871dc0f-4bea-4c03-a37f-0fa17b327d9a.jpg/250x188.webp https://prod.pictures.autoscout24.net/listing-images/2ee2836b-92d5-4415-b725-fe07295bc383_67c8204e-904f-483a-bbeb-abaeba68c6d8.jpg/250x188.webp https://prod.pictures.autoscout24.net/listing-images/2ee2836b-92d5-4415-b725-fe07295bc383_02e94d75-0994-4199-875e-4b9dbc79acb1.jpg/250x188.webp https://prod.pictures.autoscout24.net/listing-images/2ee2836b-92d5-4415-b725-fe07295bc383_44419222-f8f9-4fc3-8ca9-3af4a7f45f6b.jpg/250x188.webp https://prod.pictures.autoscout24.net/listing-images/2ee2836b-92d5-4415-b725-fe07295bc383_b676659b-bc77-4e7f-9529-801db9484b26.jpg/250x188.webp,46.78486438933747,1514
43db4103-03d6-4112-b303-272528279bd6,Volvo,XC60,XC60 2.0 T8 TE AWD PHEV Inscription Gear.,PrivateSeller,30000,2,152000,03-2020,1410,,83.89428081314767,2185
44b6cae9-8076-4e48-bed1-7f11d749a9ea,Volvo,XC60,XC60 2.0 T8 TE AWD PHEV Inscription Gear.,PrivateSeller,30000,2,152000,03-2020,1410,,83.89428081314767,2185
